,Unnamed: 0.1,Unnamed: 0,match_id,shotX,shotY,quarter,time_remaining,player,team,made,shot_type,distance,score,opp,status
0,0,0,200011130LAC,24.0,5.0,1st quarter,11:51.0,Michael Finley,DAL,False,2-pointer,0,0-0,'DAL',tied
1,1,1,200011130LAC,26.4,30.7,1st quarter,11:10.0,Steve Nash,DAL,True,3-pointer,26,3-1,'DAL',leads
2,2,2,200011130LAC,24.3,23.6,1st quarter,10:46.0,Dirk Nowitzki,DAL,True,2-pointer,19,5-1,'DAL',leads
3,3,3,200011130LAC,17.3,13.7,1st quarter,10:15.0,Dirk Nowitzki,DAL,True,2-pointer,11,7-1,'DAL',leads
4,4,4,200011130LAC,24.0,5.0,1st quarter,9:45.0,Greg Buckner,DAL,True,2-pointer,0,9-1,'DAL',leads
5,5,5,200011130LAC,24.0,5.0,1st quarter,9:16.0,Dirk Nowitzki,DAL,True,2-pointer,0,11-2,'DAL',leads
6,6,6,200011130LAC,20.9,16.4,1st quarter,8:26.0,Greg Buckner,DAL,False,2-pointer,12,11-2,'DAL',leads
7,7,7,200011130LAC,39.7,9.2,1st quarter,8:10.0,Dirk Nowitzki,DAL,True,2-pointer,16,13-2,'DAL',leads
8,8,8,200011130LAC,38.8,25.7,1st quarter,7:37.0,Michael Finley,DAL,True,3-pointer,25,16-4,'DAL',leads
9,9,9,200011130LAC,36.7,28.0,1st quarter,7:23.0,Dirk Nowitzki,DAL,False,3-pointer,26,16-4,'DAL',leads
10,10,10,200011130LAC,36.7,4.4,1st quarter,6:51.0,Shawn Bradley,DAL,True,2-pointer,13,18-5,'DAL',leads
11,11,11,200011130LAC,15.8,10.7,1st quarter,6:09.0,Steve Nash,DAL,False,2-pointer,10,18-5,'DAL',leads
12,12,12,200011130LAC,10.8,7.6,1st quarter,5:37.0,Shawn Bradley,DAL,True,2-pointer,13,20-8,'DAL',leads
13,13,13,200011130LAC,9.3,24.6,1st quarter,5:12.0,Steve Nash,DAL,True,3-pointer,25,23-10,'DAL',leads
14,14,14,200011130LAC,15.2,14.1,1st quarter,4:56.0,Michael Finley,DAL,False,2-pointer,13,23-10,'DAL',leads
15,15,15,200011130LAC,17.3,9.7,1st quarter,4:35.0,Greg Buckner,DAL,False,2-pointer,8,23-12,'DAL',leads
16,16,16,200011130LAC,0.7,4.4,1st quarter,4:08.0,Michael Finley,DAL,False,3-pointer,23,23-12,'DAL',leads
17,17,17,200011130LAC,28.7,15.1,1st quarter,3:30.0,Michael Finley,DAL,False,2-pointer,11,23-12,'DAL',leads
18,18,18,200011130LAC,5.1,6.9,1st quarter,2:07.0,Michael Finley,DAL,False,2-pointer,19,25-15,'DAL',leads
19,19,19,200011130LAC,33.1,5.9,1st quarter,1:06.0,Steve Nash,DAL,False,2-pointer,9,25-17,'DAL',leads
20,20,20,200011130LAC,24.0,5.0,1st quarter,0:31.2,Christian Laettner,DAL,True,2-pointer,0,27-19,'DAL',leads
21,21,21,200011130LAC,13.1,20.8,1st quarter,0:00.1,Michael Finley,DAL,False,2-pointer,19,28-21,'DAL',leads
22,22,22,200011130LAC,38.2,25.7,2nd quarter,11:22.0,Hubert Davis,DAL,True,3-pointer,25,31-23,'DAL',leads
23,23,23,200011130LAC,0.0,5.0,2nd quarter,10:34.0,Michael Finley,DAL,False,3-pointer,24,31-23,'DAL',leads
24,24,24,200011130LAC,24.0,5.0,2nd quarter,10:06.0,Christian Laettner,DAL,True,2-pointer,0,33-23,'DAL',leads
25,25,25,200011130LAC,20.9,11.3,2nd quarter,9:03.0,Christian Laettner,DAL,False,2-pointer,7,35-23,'DAL',leads
26,26,26,200011130LAC,24.0,5.0,2nd quarter,8:58.0,Greg Buckner,DAL,True,2-pointer,0,37-23,'DAL',leads
27,27,27,200011130LAC,43.3,5.9,2nd quarter,8:13.0,Courtney Alexander,DAL,False,2-pointer,19,37-23,'DAL',leads
28,28,28,200011130LAC,24.0,5.0,2nd quarter,8:07.0,Christian Laettner,DAL,True,2-pointer,0,39-23,'DAL',leads
29,29,29,200011130LAC,13.7,21.9,2nd quarter,7:37.0,Michael Finley,DAL,False,2-pointer,20,39-23,'DAL',leads
30,30,30,200011130LAC,39.7,8.6,2nd quarter,7:02.0,Michael Finley,DAL,False,2-pointer,16,39-23,'DAL',leads
31,31,31,200011130LAC,11.6,14.1,2nd quarter,6:22.0,Courtney Alexander,DAL,True,2-pointer,15,41-25,'DAL',leads
32,32,32,200011130LAC,24.0,5.0,2nd quarter,5:30.0,Courtney Alexander,DAL,True,2-pointer,0,43-25,'DAL',leads
33,33,33,200011130LAC,9.3,10.3,2nd quarter,4:49.0,Courtney Alexander,DAL,False,2-pointer,16,43-27,'DAL',leads
34,34,34,200011130LAC,24.0,5.0,2nd quarter,3:44.0,Christian Laettner,DAL,False,2-pointer,0,43-29,'DAL',leads
35,35,35,200011130LAC,11.6,19.8,2nd quarter,2:45.0,Hubert Davis,DAL,True,2-pointer,19,45-32,'DAL',leads
36,36,36,200011130LAC,39.7,26.3,2nd quarter,2:07.0,Hubert Davis,DAL,False,3-pointer,26,45-34,'DAL',leads
37,37,37,200011130LAC,13.7,19.1,2nd quarter,1:40.0,Courtney Alexander,DAL,False,2-pointer,17,45-34,'DAL',leads
38,38,38,200011130LAC,23.9,8.0,2nd quarter,0:33.9,Hubert Davis,DAL,True,2-pointer,3,50-36,'DAL',leads
39,39,39,200011130LAC,23.0,13.0,2nd quarter,0:00.9,Michael Finley,DAL,False,2-pointer,8,50-38,'DAL',leads
40,40,40,200011130LAC,40.3,15.8,3rd quarter,10:13.0,Michael Finley,DAL,False,2-pointer,20,54-41,'DAL',leads
41,41,41,200011130LAC,24.0,5.0,3rd quarter,10:03.0,Dirk Nowitzki,DAL,False,2-pointer,0,54-41,'DAL',leads
42,42,42,200011130LAC,29.6,15.1,3rd quarter,9:03.0,Dirk Nowitzki,DAL,False,2-pointer,12,54-43,'DAL',leads
43,43,43,200011130LAC,24.0,5.0,3rd quarter,9:01.0,Michael Finley,DAL,True,2-pointer,0,56-43,'DAL',leads
44,44,44,200011130LAC,24.0,5.0,3rd quarter,8:22.0,Dirk Nowitzki,DAL,False,2-pointer,0,56-43,'DAL',leads
45,45,45,200011130LAC,24.0,5.0,3rd quarter,8:19.0,Dirk Nowitzki,DAL,False,2-pointer,0,56-43,'DAL',leads
46,46,46,200011130LAC,24.0,5.0,3rd quarter,8:17.0,Shawn Bradley,DAL,True,2-pointer,0,58-43,'DAL',leads
47,47,47,200011130LAC,24.0,5.0,3rd quarter,7:44.0,Steve Nash,DAL,False,2-pointer,0,58-45,'DAL',leads
48,48,48,200011130LAC,24.0,5.0,3rd quarter,7:39.0,Shawn Bradley,DAL,True,2-pointer,0,60-45,'DAL',leads
49,49,49,200011130LAC,18.8,11.3,3rd quarter,6:19.0,Steve Nash,DAL,False,2-pointer,8,62-47,'DAL',leads
50,50,50,200011130LAC,25.1,14.1,3rd quarter,5:50.0,Dirk Nowitzki,DAL,False,2-pointer,9,62-47,'DAL',leads
51,51,51,200011130LAC,42.4,25.7,3rd quarter,3:17.0,Hubert Davis,DAL,False,3-pointer,28,68-52,'DAL',leads
52,52,52,200011130LAC,24.0,5.0,3rd quarter,3:15.0,Dirk Nowitzki,DAL,False,2-pointer,0,68-52,'DAL',leads
53,53,53,200011130LAC,46.8,6.5,3rd quarter,2:44.0,Howard Eisley,DAL,False,3-pointer,23,68-52,'DAL',leads
54,54,54,200011130LAC,27.2,8.0,3rd quarter,1:35.0,Michael Finley,DAL,False,2-pointer,4,68-54,'DAL',leads
55,55,55,200011130LAC,24.0,5.0,3rd quarter,1:24.0,Shawn Bradley,DAL,True,2-pointer,0,70-54,'DAL',leads
56,56,56,200011130LAC,29.6,5.9,3rd quarter,0:48.9,Shawn Bradley,DAL,False,2-pointer,6,70-56,'DAL',leads
57,57,57,200011130LAC,24.0,5.0,3rd quarter,0:45.9,Shawn Bradley,DAL,True,2-pointer,0,72-56,'DAL',leads
58,58,58,200011130LAC,20.3,24.6,4th quarter,11:42.0,Michael Finley,DAL,False,2-pointer,20,74-58,'DAL',leads
59,59,59,200011130LAC,42.4,24.6,4th quarter,11:35.0,Hubert Davis,DAL,True,3-pointer,27,77-58,'DAL',leads
60,60,60,200011130LAC,36.1,8.0,4th quarter,10:50.0,Dirk Nowitzki,DAL,False,2-pointer,12,77-59,'DAL',leads
61,61,61,200011130LAC,27.9,7.6,4th quarter,10:22.0,Michael Finley,DAL,False,2-pointer,5,77-61,'DAL',leads
62,62,62,200011130LAC,27.2,10.3,4th quarter,9:51.0,Greg Buckner,DAL,False,2-pointer,6,77-63,'DAL',leads
63,63,63,200011130LAC,24.0,5.0,4th quarter,9:49.0,Greg Buckner,DAL,False,2-pointer,0,77-63,'DAL',leads
64,64,64,200011130LAC,23.0,8.6,4th quarter,9:23.0,Shawn Bradley,DAL,True,2-pointer,4,79-63,'DAL',leads
65,65,65,200011130LAC,6.4,26.3,4th quarter,8:40.0,Hubert Davis,DAL,False,3-pointer,28,79-63,'DAL',leads
66,66,66,200011130LAC,46.0,6.9,4th quarter,8:06.0,Michael Finley,DAL,True,2-pointer,22,81-65,'DAL',leads
67,67,67,200011130LAC,26.4,12.6,4th quarter,7:28.0,Michael Finley,DAL,True,2-pointer,8,83-66,'DAL',leads
68,68,68,200011130LAC,24.0,5.0,4th quarter,6:44.0,Shawn Bradley,DAL,True,2-pointer,0,85-66,'DAL',leads
69,69,69,200011130LAC,25.8,30.1,4th quarter,6:09.0,Howard Eisley,DAL,True,3-pointer,25,88-68,'DAL',leads
70,70,70,200011130LAC,27.9,9.7,4th quarter,5:30.0,Greg Buckner,DAL,True,2-pointer,6,90-68,'DAL',leads
71,71,71,200011130LAC,31.0,12.0,4th quarter,4:51.0,Hubert Davis,DAL,False,2-pointer,10,90-68,'DAL',leads
72,72,72,200011130LAC,37.4,16.4,4th quarter,4:09.0,Michael Finley,DAL,False,2-pointer,18,90-69,'DAL',leads
73,73,73,200011130LAC,15.8,12.0,4th quarter,3:38.0,Courtney Alexander,DAL,False,2-pointer,11,90-69,'DAL',leads
74,74,74,200011130LAC,29.6,9.7,4th quarter,2:55.0,Hubert Davis,DAL,False,2-pointer,7,90-69,'DAL',leads
75,75,75,200011130LAC,13.7,12.6,4th quarter,2:20.0,Howard Eisley,DAL,False,2-pointer,13,90-71,'DAL',leads
76,76,76,200011130LAC,23.9,10.7,4th quarter,1:52.0,Howard Eisley,DAL,False,2-pointer,6,90-74,'DAL',leads
77,77,77,200011130LAC,47.5,5.4,4th quarter,0:21.9,Bill Curley,DAL,False,3-pointer,24,90-76,'DAL',leads
78,78,78,200011130LAC,24.0,5.0,1st quarter,11:36.0,Lamar Odom,LAC,False,2-pointer,0,0-0,'DAL',tied
79,79,79,200011130LAC,40.9,24.6,1st quarter,10:54.0,Tyrone Nesby,LAC,False,3-pointer,26,1-3,'DAL',trails
80,80,80,200011130LAC,19.4,10.7,1st quarter,10:24.0,Lamar Odom,LAC,False,2-pointer,7,1-5,'DAL',trails
81,81,81,200011130LAC,15.8,6.5,1st quarter,9:51.0,Lamar Odom,LAC,False,2-pointer,8,1-7,'DAL',trails
82,82,82,200011130LAC,39.7,19.1,1st quarter,8:20.0,Jeff McInnis,LAC,False,2-pointer,21,2-11,'DAL',trails
83,83,83,200011130LAC,14.6,6.5,1st quarter,7:49.0,Brian Skinner,LAC,True,2-pointer,10,4-13,'DAL',trails
84,84,84,200011130LAC,21.7,8.6,1st quarter,6:29.0,Quentin Richardson,LAC,False,2-pointer,4,5-18,'DAL',trails
85,85,85,200011130LAC,24.0,5.0,1st quarter,6:26.0,Lamar Odom,LAC,False,2-pointer,0,5-18,'DAL',trails
86,86,86,200011130LAC,24.0,5.0,1st quarter,6:03.0,Quentin Richardson,LAC,True,2-pointer,0,7-18,'DAL',trails
87,87,87,200011130LAC,34.6,20.8,1st quarter,5:20.0,Sean Rooks,LAC,True,2-pointer,19,10-20,'DAL',trails
88,88,88,200011130LAC,35.3,12.0,1st quarter,4:50.0,Jeff McInnis,LAC,True,2-pointer,13,12-23,'DAL',trails
89,89,89,200011130LAC,10.2,6.5,1st quarter,2:51.0,Jeff McInnis,LAC,False,2-pointer,14,12-25,'DAL',trails
90,90,90,200011130LAC,24.0,5.0,1st quarter,2:46.0,Darius Miles,LAC,True,2-pointer,0,14-25,'DAL',trails
91,91,91,200011130LAC,24.0,5.0,1st quarter,1:53.0,Lamar Odom,LAC,True,2-pointer,0,17-25,'DAL',trails
92,92,92,200011130LAC,19.4,20.2,1st quarter,1:15.0,Sean Rooks,LAC,False,2-pointer,16,17-25,'DAL',trails
93,93,93,200011130LAC,24.0,5.0,1st quarter,0:53.8,Lamar Odom,LAC,True,2-pointer,0,19-25,'DAL',trails
94,94,94,200011130LAC,23.9,7.6,1st quarter,0:11.9,Quentin Richardson,LAC,False,2-pointer,3,19-28,'DAL',trails
95,95,95,200011130LAC,24.0,5.0,1st quarter,0:09.2,Quentin Richardson,LAC,True,2-pointer,0,21-28,'DAL',trails
96,96,96,200011130LAC,33.1,20.2,2nd quarter,11:45.0,Lamar Odom,LAC,True,2-pointer,18,23-28,'DAL',trails
97,97,97,200011130LAC,28.7,14.7,2nd quarter,10:54.0,Jeff McInnis,LAC,False,2-pointer,11,23-31,'DAL',trails
98,98,98,200011130LAC,31.0,21.3,2nd quarter,10:51.0,Jeff McInnis,LAC,False,2-pointer,18,23-31,'DAL',trails
99,99,99,200011130LAC,34.6,12.0,2nd quarter,10:15.0,Jeff McInnis,LAC,False,2-pointer,13,23-31,'DAL',trails
100,100,100,200011130LAC,23.9,31.8,2nd quarter,8:32.0,Tyrone Nesby,LAC,False,3-pointer,27,23-37,'DAL',trails
101,101,101,200011130LAC,2.8,19.8,2nd quarter,7:23.0,Tyrone Nesby,LAC,False,3-pointer,26,23-39,'DAL',trails
102,102,102,200011130LAC,18.8,10.3,2nd quarter,6:44.0,Lamar Odom,LAC,False,2-pointer,7,23-39,'DAL',trails
103,103,103,200011130LAC,24.0,5.0,2nd quarter,6:43.0,Lamar Odom,LAC,True,2-pointer,0,25-39,'DAL',trails
104,104,104,200011130LAC,42.4,17.5,2nd quarter,5:49.0,Corey Maggette,LAC,False,2-pointer,22,25-41,'DAL',trails
105,105,105,200011130LAC,24.0,5.0,2nd quarter,5:09.0,Lamar Odom,LAC,True,2-pointer,0,27-43,'DAL',trails
106,106,106,200011130LAC,18.8,27.4,2nd quarter,4:40.0,Lamar Odom,LAC,True,2-pointer,23,29-43,'DAL',trails
107,107,107,200011130LAC,24.0,5.0,2nd quarter,3:35.0,Brian Skinner,LAC,True,2-pointer,0,31-43,'DAL',trails
108,108,108,200011130LAC,25.8,9.7,2nd quarter,3:00.0,Lamar Odom,LAC,False,2-pointer,5,31-43,'DAL',trails
109,109,109,200011130LAC,36.7,10.7,2nd quarter,1:27.0,Jeff McInnis,LAC,True,2-pointer,14,36-45,'DAL',trails
110,110,110,200011130LAC,24.3,24.0,2nd quarter,0:59.9,Corey Maggette,LAC,False,2-pointer,19,36-46,'DAL',trails
111,111,111,200011130LAC,15.8,5.9,2nd quarter,0:17.6,Quentin Richardson,LAC,True,2-pointer,8,38-50,'DAL',trails
112,112,112,200011130LAC,15.2,10.3,3rd quarter,11:36.0,Quentin Richardson,LAC,False,2-pointer,10,38-50,'DAL',trails
113,113,113,200011130LAC,24.0,5.0,3rd quarter,11:05.0,Quentin Richardson,LAC,True,2-pointer,0,41-51,'DAL',trails
114,114,114,200011130LAC,47.5,7.6,3rd quarter,10:22.0,Darius Miles,LAC,False,3-pointer,24,41-54,'DAL',trails
115,115,115,200011130LAC,23.0,10.7,3rd quarter,9:52.0,Michael Olowokandi,LAC,True,2-pointer,6,43-54,'DAL',trails
116,116,116,200011130LAC,27.9,14.7,3rd quarter,9:14.0,Jeff McInnis,LAC,False,2-pointer,10,43-54,'DAL',trails
117,117,117,200011130LAC,46.8,8.0,3rd quarter,8:34.0,Tyrone Nesby,LAC,False,3-pointer,23,43-56,'DAL',trails
118,118,118,200011130LAC,24.0,5.0,3rd quarter,7:59.0,Darius Miles,LAC,True,2-pointer,0,45-58,'DAL',trails
119,119,119,200011130LAC,27.9,20.2,3rd quarter,7:26.0,Michael Olowokandi,LAC,False,2-pointer,16,45-60,'DAL',trails
120,120,120,200011130LAC,21.7,10.7,3rd quarter,6:45.0,Darius Miles,LAC,False,2-pointer,6,45-62,'DAL',trails
121,121,121,200011130LAC,24.0,5.0,3rd quarter,6:42.0,Sean Rooks,LAC,False,2-pointer,0,45-62,'DAL',trails
122,122,122,200011130LAC,25.1,13.7,3rd quarter,6:38.0,Darius Miles,LAC,True,2-pointer,9,47-62,'DAL',trails
123,123,123,200011130LAC,36.7,17.5,3rd quarter,6:04.0,Quentin Richardson,LAC,False,2-pointer,18,47-62,'DAL',trails
124,124,124,200011130LAC,21.7,30.1,3rd quarter,5:30.0,Tyrone Nesby,LAC,False,3-pointer,25,47-62,'DAL',trails
125,125,125,200011130LAC,25.1,12.6,3rd quarter,5:03.0,Quentin Richardson,LAC,True,2-pointer,8,49-64,'DAL',trails
126,126,126,200011130LAC,36.1,4.4,3rd quarter,4:29.0,Darius Miles,LAC,False,2-pointer,12,49-66,'DAL',trails
127,127,127,200011130LAC,28.7,31.2,3rd quarter,3:56.0,Jeff McInnis,LAC,True,3-pointer,27,52-68,'DAL',trails
128,128,128,200011130LAC,20.9,19.1,3rd quarter,3:27.0,Sean Rooks,LAC,False,2-pointer,14,52-68,'DAL',trails
129,129,129,200011130LAC,25.8,5.9,3rd quarter,2:26.0,Darius Miles,LAC,True,2-pointer,2,54-68,'DAL',trails
130,130,130,200011130LAC,29.6,5.9,3rd quarter,1:52.0,Jeff McInnis,LAC,False,2-pointer,6,54-68,'DAL',trails
131,131,131,200011130LAC,16.7,4.4,3rd quarter,1:12.0,Darius Miles,LAC,False,2-pointer,7,54-70,'DAL',trails
132,132,132,200011130LAC,24.0,5.0,3rd quarter,1:10.0,Sean Rooks,LAC,True,2-pointer,0,56-70,'DAL',trails
133,133,133,200011130LAC,10.2,11.3,3rd quarter,0:29.9,Quentin Richardson,LAC,False,2-pointer,15,56-72,'DAL',trails
134,134,134,200011130LAC,22.4,12.6,3rd quarter,0:25.9,Quentin Richardson,LAC,False,2-pointer,8,56-72,'DAL',trails
135,135,135,200011130LAC,24.0,5.0,3rd quarter,0:22.5,Quentin Richardson,LAC,False,2-pointer,0,56-72,'DAL',trails
136,136,136,200011130LAC,24.0,5.0,3rd quarter,0:20.9,Eric Piatkowski,LAC,False,2-pointer,0,56-72,'DAL',trails
137,137,137,200011130LAC,31.7,23.6,3rd quarter,0:03.9,Sean Rooks,LAC,True,2-pointer,20,58-72,'DAL',trails
138,138,138,200011130LAC,24.0,5.0,4th quarter,10:43.0,Lamar Odom,LAC,True,2-pointer,0,61-77,'DAL',trails
139,139,139,200011130LAC,30.2,5.9,4th quarter,10:15.0,Quentin Richardson,LAC,True,2-pointer,6,63-77,'DAL',trails
140,140,140,200011130LAC,16.7,31.8,4th quarter,9:38.0,Quentin Richardson,LAC,False,3-pointer,28,63-77,'DAL',trails
141,141,141,200011130LAC,12.3,10.7,4th quarter,8:56.0,Keyon Dooling,LAC,False,2-pointer,13,63-79,'DAL',trails
142,142,142,200011130LAC,33.8,23.6,4th quarter,8:30.0,Eric Piatkowski,LAC,True,2-pointer,21,65-79,'DAL',trails
143,143,143,200011130LAC,10.8,6.5,4th quarter,7:47.0,Michael Olowokandi,LAC,False,2-pointer,13,65-81,'DAL',trails
144,144,144,200011130LAC,24.0,5.0,4th quarter,6:32.0,Keyon Dooling,LAC,True,2-pointer,0,68-85,'DAL',trails
145,145,145,200011130LAC,24.0,5.0,4th quarter,3:23.0,Quentin Richardson,LAC,False,2-pointer,0,69-90,'DAL',trails
146,146,146,200011130LAC,24.0,5.0,4th quarter,2:42.0,Quentin Richardson,LAC,True,2-pointer,0,71-90,'DAL',trails
147,147,147,200011130LAC,24.0,5.0,4th quarter,2:13.0,Quentin Richardson,LAC,True,2-pointer,0,74-90,'DAL',trails
148,148,148,200011130LAC,24.0,5.0,4th quarter,1:26.0,Corey Maggette,LAC,True,2-pointer,0,76-90,'DAL',trails
149,149,149,200011130LAC,18.2,5.9,4th quarter,0:58.9,Darius Miles,LAC,False,2-pointer,6,76-90,'DAL',trails
150,150,150,200011130LAC,24.0,5.0,4th quarter,0:55.9,Quentin Richardson,LAC,False,2-pointer,0,76-90,'DAL',trails
151,151,151,200011130LAC,16.7,5.4,4th quarter,0:39.9,Sean Rooks,LAC,False,2-pointer,7,76-90,'DAL',trails
152,152,152,200011130NJN,22.2,15.6,1st quarter,11:42.0,Damon Stoudamire,POR,True,2-pointer,11,2-0,'POR',leads
153,153,153,200011130NJN,27.7,19.8,1st quarter,10:37.0,Dale Davis,POR,True,2-pointer,15,4-2,'POR',leads
154,154,154,200011130NJN,47.1,6.1,1st quarter,9:51.0,Steve Smith,POR,True,3-pointer,23,7-4,'POR',leads
155,155,155,200011130NJN,7.0,10.1,1st quarter,9:33.0,Damon Stoudamire,POR,False,2-pointer,18,7-4,'POR',leads
156,156,156,200011130NJN,1.1,6.5,1st quarter,8:38.0,Steve Smith,POR,False,3-pointer,23,7-4,'POR',leads
157,157,157,200011130NJN,6.4,13.7,1st quarter,8:22.0,Damon Stoudamire,POR,True,2-pointer,20,9-4,'POR',leads
158,158,158,200011130NJN,24.0,5.0,1st quarter,8:03.0,Dale Davis,POR,True,2-pointer,0,11-4,'POR',leads
159,159,159,200011130NJN,16.9,6.5,1st quarter,7:23.0,Rasheed Wallace,POR,False,2-pointer,7,11-4,'POR',leads
160,160,160,200011130NJN,24.0,5.0,1st quarter,6:44.0,Rasheed Wallace,POR,True,2-pointer,0,13-6,'POR',leads
161,161,161,200011130NJN,22.2,13.2,1st quarter,6:15.0,Rasheed Wallace,POR,False,2-pointer,8,14-6,'POR',leads
162,162,162,200011130NJN,24.0,5.0,1st quarter,6:08.0,Scottie Pippen,POR,False,2-pointer,0,14-6,'POR',leads
163,163,163,200011130NJN,22.2,15.6,1st quarter,5:44.0,Damon Stoudamire,POR,True,2-pointer,11,16-7,'POR',leads
164,164,164,200011130NJN,24.0,5.0,1st quarter,5:30.0,Scottie Pippen,POR,True,2-pointer,0,18-7,'POR',leads
165,165,165,200011130NJN,24.0,5.0,1st quarter,4:03.0,Rasheed Wallace,POR,True,2-pointer,0,20-9,'POR',leads
166,166,166,200011130NJN,27.7,8.4,1st quarter,3:31.0,Scottie Pippen,POR,False,2-pointer,5,20-9,'POR',leads
167,167,167,200011130NJN,24.0,5.0,1st quarter,3:27.0,Dale Davis,POR,False,2-pointer,0,20-9,'POR',leads
168,168,168,200011130NJN,24.0,5.0,1st quarter,3:18.0,Bonzi Wells,POR,True,2-pointer,0,22-9,'POR',leads
169,169,169,200011130NJN,24.0,5.0,1st quarter,2:57.0,Dale Davis,POR,False,2-pointer,0,23-9,'POR',leads
170,170,170,200011130NJN,47.7,6.1,1st quarter,2:52.0,Rasheed Wallace,POR,True,2-pointer,24,25-9,'POR',leads
171,171,171,200011130NJN,8.5,14.3,1st quarter,2:28.0,Shawn Kemp,POR,True,2-pointer,18,27-9,'POR',leads
172,172,172,200011130NJN,3.4,6.1,1st quarter,1:45.0,Shawn Kemp,POR,True,2-pointer,21,29-12,'POR',leads
173,173,173,200011130NJN,24.0,5.0,1st quarter,1:22.0,Bonzi Wells,POR,True,2-pointer,0,31-12,'POR',leads
174,174,174,200011130NJN,24.0,5.0,1st quarter,0:54.1,Damon Stoudamire,POR,False,2-pointer,0,31-12,'POR',leads
175,175,175,200011130NJN,24.0,5.0,1st quarter,0:19.6,Bonzi Wells,POR,False,2-pointer,0,31-14,'POR',leads
176,176,176,200011130NJN,4.9,7.8,2nd quarter,10:37.0,Bonzi Wells,POR,True,2-pointer,19,33-20,'POR',leads
177,177,177,200011130NJN,4.0,5.4,2nd quarter,9:59.0,Shawn Kemp,POR,True,2-pointer,20,35-20,'POR',leads
178,178,178,200011130NJN,24.0,5.0,2nd quarter,8:59.0,Bonzi Wells,POR,False,2-pointer,0,37-24,'POR',leads
179,179,179,200011130NJN,39.3,6.5,2nd quarter,8:21.0,Bonzi Wells,POR,True,2-pointer,15,39-26,'POR',leads
180,180,180,200011130NJN,5.5,10.1,2nd quarter,7:57.0,Bonzi Wells,POR,False,2-pointer,19,39-28,'POR',leads
181,181,181,200011130NJN,18.4,10.1,2nd quarter,7:26.0,Dale Davis,POR,False,2-pointer,8,39-28,'POR',leads
182,182,182,200011130NJN,24.0,5.0,2nd quarter,7:23.0,Dale Davis,POR,True,2-pointer,0,41-28,'POR',leads
183,183,183,200011130NJN,34.8,27.6,2nd quarter,6:58.0,Greg Anthony,POR,True,3-pointer,25,44-28,'POR',leads
184,184,184,200011130NJN,24.1,22.7,2nd quarter,6:24.0,Shawn Kemp,POR,True,2-pointer,18,46-30,'POR',leads
185,185,185,200011130NJN,9.9,25.9,2nd quarter,5:58.0,Greg Anthony,POR,False,3-pointer,25,46-30,'POR',leads
186,186,186,200011130NJN,24.0,5.0,2nd quarter,5:13.0,Shawn Kemp,POR,True,2-pointer,0,48-32,'POR',leads
187,187,187,200011130NJN,1.9,16.2,2nd quarter,4:26.0,Greg Anthony,POR,False,3-pointer,25,48-34,'POR',leads
188,188,188,200011130NJN,24.0,5.0,2nd quarter,4:22.0,Steve Smith,POR,False,2-pointer,0,48-34,'POR',leads
189,189,189,200011130NJN,24.0,5.0,2nd quarter,4:19.0,Dale Davis,POR,True,2-pointer,0,50-34,'POR',leads
190,190,190,200011130NJN,5.5,11.3,2nd quarter,2:31.0,Rasheed Wallace,POR,False,2-pointer,20,50-43,'POR',leads
191,191,191,200011130NJN,24.0,5.0,2nd quarter,1:46.0,Rasheed Wallace,POR,False,2-pointer,0,50-46,'POR',leads
192,192,192,200011130NJN,24.0,5.0,2nd quarter,1:43.0,Rasheed Wallace,POR,False,2-pointer,0,50-46,'POR',leads
193,193,193,200011130NJN,44.1,5.4,2nd quarter,0:58.2,Damon Stoudamire,POR,False,2-pointer,20,52-46,'POR',leads
194,194,194,200011130NJN,24.0,5.0,2nd quarter,0:34.7,Rasheed Wallace,POR,False,2-pointer,0,52-48,'POR',leads
195,195,195,200011130NJN,24.0,5.0,2nd quarter,0:31.5,Dale Davis,POR,False,2-pointer,0,52-48,'POR',leads
196,196,196,200011130NJN,23.6,30.1,2nd quarter,0:02.4,Damon Stoudamire,POR,False,3-pointer,25,52-48,'POR',leads
197,197,197,200011130NJN,29.1,19.8,3rd quarter,11:03.0,Steve Smith,POR,True,2-pointer,16,54-48,'POR',leads
198,198,198,200011130NJN,27.0,12.0,3rd quarter,10:32.0,Rasheed Wallace,POR,False,2-pointer,8,54-50,'POR',leads
199,199,199,200011130NJN,36.9,7.1,3rd quarter,10:12.0,Dale Davis,POR,True,2-pointer,13,56-50,'POR',leads
200,200,200,200011130NJN,24.0,5.0,3rd quarter,8:59.0,Rasheed Wallace,POR,True,2-pointer,0,58-52,'POR',leads
201,201,201,200011130NJN,25.6,20.4,3rd quarter,8:29.0,Steve Smith,POR,True,2-pointer,15,61-54,'POR',leads
202,202,202,200011130NJN,9.1,14.9,3rd quarter,8:03.0,Steve Smith,POR,False,2-pointer,18,61-54,'POR',leads
203,203,203,200011130NJN,16.9,8.4,3rd quarter,7:26.0,Rasheed Wallace,POR,False,2-pointer,8,61-56,'POR',leads
204,204,204,200011130NJN,24.0,5.0,3rd quarter,6:23.0,Scottie Pippen,POR,True,2-pointer,0,66-57,'POR',leads
205,205,205,200011130NJN,24.0,5.0,3rd quarter,4:56.0,Dale Davis,POR,True,2-pointer,0,68-59,'POR',leads
206,206,206,200011130NJN,9.9,25.9,3rd quarter,4:24.0,Steve Smith,POR,True,3-pointer,25,71-59,'POR',leads
207,207,207,200011130NJN,3.4,20.4,3rd quarter,3:52.0,Steve Smith,POR,False,3-pointer,26,71-59,'POR',leads
208,208,208,200011130NJN,14.2,5.4,3rd quarter,3:10.0,Steve Smith,POR,True,2-pointer,10,73-62,'POR',leads
209,209,209,200011130NJN,24.0,5.0,3rd quarter,2:08.0,Steve Smith,POR,False,2-pointer,0,73-64,'POR',leads
210,210,210,200011130NJN,18.4,12.6,3rd quarter,1:30.0,Shawn Kemp,POR,False,2-pointer,9,73-66,'POR',leads
211,211,211,200011130NJN,24.0,5.0,3rd quarter,1:16.0,Rasheed Wallace,POR,True,2-pointer,0,75-66,'POR',leads
212,212,212,200011130NJN,43.5,6.1,3rd quarter,0:35.4,Scottie Pippen,POR,True,2-pointer,20,77-68,'POR',leads
213,213,213,200011130NJN,16.3,26.9,4th quarter,10:29.0,Steve Smith,POR,False,2-pointer,23,77-71,'POR',leads
214,214,214,200011130NJN,29.1,21.0,4th quarter,10:02.0,Rasheed Wallace,POR,False,2-pointer,17,77-73,'POR',leads
215,215,215,200011130NJN,40.7,11.3,4th quarter,9:38.0,Shawn Kemp,POR,False,2-pointer,18,77-73,'POR',leads
216,216,216,200011130NJN,9.1,6.1,4th quarter,9:10.0,Bonzi Wells,POR,False,2-pointer,15,77-73,'POR',leads
217,217,217,200011130NJN,27.7,19.8,4th quarter,7:57.0,Rasheed Wallace,POR,True,2-pointer,15,80-73,'POR',leads
218,218,218,200011130NJN,29.1,27.6,4th quarter,6:09.0,Bonzi Wells,POR,True,2-pointer,23,83-73,'POR',leads
219,219,219,200011130NJN,8.5,6.5,4th quarter,5:29.0,Greg Anthony,POR,True,2-pointer,16,85-73,'POR',leads
220,220,220,200011130NJN,29.1,8.4,4th quarter,5:07.0,Bonzi Wells,POR,False,2-pointer,6,85-73,'POR',leads
221,221,221,200011130NJN,24.0,5.0,4th quarter,1:30.0,Steve Smith,POR,True,2-pointer,0,94-79,'POR',leads
222,222,222,200011130NJN,24.0,5.0,4th quarter,1:09.0,Erick Barkley,POR,False,2-pointer,0,94-80,'POR',leads
223,223,223,200011130NJN,44.1,21.7,4th quarter,0:16.5,Erick Barkley,POR,False,3-pointer,26,94-82,'POR',leads
224,224,224,200011130NJN,28.3,25.3,1st quarter,11:26.0,Stephon Marbury,NJN,False,2-pointer,21,0-2,'POR',trails
225,225,225,200011130NJN,40.7,10.7,1st quarter,10:54.0,Kendall Gill,NJN,True,2-pointer,18,2-2,'POR',tied
226,226,226,200011130NJN,9.1,12.6,1st quarter,10:14.0,Kenyon Martin,NJN,True,2-pointer,17,4-4,'POR',tied
227,227,227,200011130NJN,24.0,5.0,1st quarter,9:40.0,Stephen Jackson,NJN,False,2-pointer,0,4-7,'POR',trails
228,228,228,200011130NJN,24.1,12.6,1st quarter,9:20.0,Kenyon Martin,NJN,False,2-pointer,8,4-7,'POR',trails
229,229,229,200011130NJN,12.7,21.0,1st quarter,8:55.0,Kendall Gill,NJN,False,2-pointer,20,4-7,'POR',trails
230,230,230,200011130NJN,31.9,27.6,1st quarter,7:47.0,Stephon Marbury,NJN,False,3-pointer,24,4-11,'POR',trails
231,231,231,200011130NJN,24.0,5.0,1st quarter,6:58.0,Stephen Jackson,NJN,True,2-pointer,0,6-11,'POR',trails
232,232,232,200011130NJN,11.2,20.4,1st quarter,6:28.0,Stephen Jackson,NJN,False,2-pointer,20,6-14,'POR',trails
233,233,233,200011130NJN,24.0,5.0,1st quarter,6:01.0,Stephon Marbury,NJN,False,2-pointer,0,6-14,'POR',trails
234,234,234,200011130NJN,24.0,5.0,1st quarter,5:01.0,Kenyon Martin,NJN,True,2-pointer,0,9-18,'POR',trails
235,235,235,200011130NJN,9.1,16.2,1st quarter,4:22.0,Kendall Gill,NJN,False,2-pointer,19,9-18,'POR',trails
236,236,236,200011130NJN,24.0,5.0,1st quarter,4:20.0,Evan Eschmeyer,NJN,False,2-pointer,0,9-18,'POR',trails
237,237,237,200011130NJN,24.0,5.0,1st quarter,3:44.0,Stephon Marbury,NJN,False,2-pointer,0,9-20,'POR',trails
238,238,238,200011130NJN,16.3,12.0,1st quarter,2:37.0,Kenyon Martin,NJN,False,2-pointer,10,9-25,'POR',trails
239,239,239,200011130NJN,39.3,24.6,1st quarter,2:06.0,Stephon Marbury,NJN,True,3-pointer,25,12-27,'POR',trails
240,240,240,200011130NJN,24.0,5.0,1st quarter,1:01.0,Kendall Gill,NJN,False,2-pointer,0,12-31,'POR',trails
241,241,241,200011130NJN,29.8,9.0,1st quarter,0:23.5,Stephon Marbury,NJN,True,2-pointer,7,14-31,'POR',trails
242,242,242,200011130NJN,10.6,6.5,1st quarter,0:01.3,Kendall Gill,NJN,False,2-pointer,13,14-31,'POR',trails
243,243,243,200011130NJN,3.4,9.0,1st quarter,0:00.6,Aaron Williams,NJN,False,2-pointer,21,14-31,'POR',trails
244,244,244,200011130NJN,39.3,6.1,2nd quarter,11:14.0,Lucious Harris,NJN,True,2-pointer,15,17-31,'POR',trails
245,245,245,200011130NJN,24.0,5.0,2nd quarter,10:53.0,Aaron Williams,NJN,True,2-pointer,0,19-31,'POR',trails
246,246,246,200011130NJN,40.7,6.1,2nd quarter,10:20.0,Lucious Harris,NJN,False,2-pointer,17,20-33,'POR',trails
247,247,247,200011130NJN,24.0,5.0,2nd quarter,9:39.0,Johnny Newman,NJN,True,2-pointer,0,22-35,'POR',trails
248,248,248,200011130NJN,30.4,22.7,2nd quarter,8:34.0,Aaron Williams,NJN,True,2-pointer,19,26-37,'POR',trails
249,249,249,200011130NJN,9.1,13.7,2nd quarter,7:50.0,Johnny Newman,NJN,False,2-pointer,17,28-39,'POR',trails
250,250,250,200011130NJN,39.9,10.7,2nd quarter,7:44.0,Aaron Williams,NJN,False,2-pointer,17,28-39,'POR',trails
251,251,251,200011130NJN,28.3,11.3,2nd quarter,7:41.0,Aaron Williams,NJN,False,2-pointer,8,28-39,'POR',trails
252,252,252,200011130NJN,24.0,5.0,2nd quarter,7:06.0,Sherman Douglas,NJN,False,2-pointer,0,28-41,'POR',trails
253,253,253,200011130NJN,24.0,5.0,2nd quarter,6:06.0,Sherman Douglas,NJN,False,2-pointer,0,30-46,'POR',trails
254,254,254,200011130NJN,24.0,5.0,2nd quarter,6:02.0,Kenyon Martin,NJN,False,2-pointer,0,30-46,'POR',trails
255,255,255,200011130NJN,8.5,6.1,2nd quarter,5:43.0,Kenyon Martin,NJN,True,2-pointer,16,32-46,'POR',trails
256,256,256,200011130NJN,24.0,5.0,2nd quarter,4:53.0,Kenyon Martin,NJN,True,2-pointer,0,34-48,'POR',trails
257,257,257,200011130NJN,14.8,19.8,2nd quarter,4:08.0,Stephon Marbury,NJN,True,2-pointer,17,36-50,'POR',trails
258,258,258,200011130NJN,23.6,10.7,2nd quarter,3:22.0,Stephon Marbury,NJN,True,2-pointer,6,40-50,'POR',trails
259,259,259,200011130NJN,28.3,6.1,2nd quarter,2:51.0,Aaron Williams,NJN,False,2-pointer,4,40-50,'POR',trails
260,260,260,200011130NJN,24.0,5.0,2nd quarter,2:49.0,Kenyon Martin,NJN,True,2-pointer,0,42-50,'POR',trails
261,261,261,200011130NJN,30.4,29.5,2nd quarter,2:17.0,Johnny Newman,NJN,True,3-pointer,25,46-50,'POR',trails
262,262,262,200011130NJN,10.6,22.1,2nd quarter,1:38.0,Stephon Marbury,NJN,False,2-pointer,22,46-50,'POR',trails
263,263,263,200011130NJN,31.3,16.6,2nd quarter,1:11.0,Kenyon Martin,NJN,False,2-pointer,14,46-52,'POR',trails
264,264,264,200011130NJN,24.0,5.0,2nd quarter,0:50.5,Stephon Marbury,NJN,True,2-pointer,0,48-52,'POR',trails
265,265,265,200011130NJN,24.0,5.0,2nd quarter,0:22.0,Aaron Williams,NJN,False,2-pointer,0,48-52,'POR',trails
266,266,266,200011130NJN,5.5,25.9,3rd quarter,11:26.0,Stephon Marbury,NJN,False,3-pointer,28,48-52,'POR',trails
267,267,267,200011130NJN,24.0,5.0,3rd quarter,10:52.0,Kenyon Martin,NJN,True,2-pointer,0,50-54,'POR',trails
268,268,268,200011130NJN,32.5,17.2,3rd quarter,10:26.0,Stephen Jackson,NJN,False,2-pointer,15,50-54,'POR',trails
269,269,269,200011130NJN,31.9,26.5,3rd quarter,9:14.0,Kenyon Martin,NJN,False,2-pointer,23,52-56,'POR',trails
270,270,270,200011130NJN,24.0,5.0,3rd quarter,8:47.0,Stephen Jackson,NJN,True,2-pointer,0,54-58,'POR',trails
271,271,271,200011130NJN,10.6,6.1,3rd quarter,8:12.0,Stephon Marbury,NJN,False,2-pointer,13,54-61,'POR',trails
272,272,272,200011130NJN,24.0,5.0,3rd quarter,7:55.0,Kenyon Martin,NJN,True,2-pointer,0,56-61,'POR',trails
273,273,273,200011130NJN,36.9,6.5,3rd quarter,7:08.0,Kenyon Martin,NJN,False,2-pointer,13,57-61,'POR',trails
274,274,274,200011130NJN,9.1,6.1,3rd quarter,6:29.0,Kenyon Martin,NJN,False,2-pointer,15,57-64,'POR',trails
275,275,275,200011130NJN,27.0,30.1,3rd quarter,5:59.0,Stephen Jackson,NJN,False,3-pointer,25,57-66,'POR',trails
276,276,276,200011130NJN,35.5,17.9,3rd quarter,5:20.0,Stephon Marbury,NJN,True,2-pointer,17,59-66,'POR',trails
277,277,277,200011130NJN,7.0,21.0,3rd quarter,4:32.0,Kendall Gill,NJN,False,2-pointer,23,59-68,'POR',trails
278,278,278,200011130NJN,24.0,5.0,3rd quarter,4:07.0,Kenyon Martin,NJN,False,2-pointer,0,59-71,'POR',trails
279,279,279,200011130NJN,16.3,7.8,3rd quarter,4:02.0,Kenyon Martin,NJN,False,2-pointer,8,59-71,'POR',trails
280,280,280,200011130NJN,24.0,5.0,3rd quarter,3:27.0,Kendall Gill,NJN,False,2-pointer,0,60-71,'POR',trails
281,281,281,200011130NJN,24.0,5.0,3rd quarter,3:25.0,Kendall Gill,NJN,True,2-pointer,0,62-71,'POR',trails
282,282,282,200011130NJN,24.0,5.0,3rd quarter,3:01.0,Aaron Williams,NJN,True,2-pointer,0,64-73,'POR',trails
283,283,283,200011130NJN,29.8,30.7,3rd quarter,2:22.0,Stephon Marbury,NJN,False,3-pointer,26,64-73,'POR',trails
284,284,284,200011130NJN,24.0,5.0,3rd quarter,1:57.0,Stephon Marbury,NJN,True,2-pointer,0,66-73,'POR',trails
285,285,285,200011130NJN,23.6,14.9,3rd quarter,0:55.9,Stephon Marbury,NJN,True,2-pointer,10,68-75,'POR',trails
286,286,286,200011130NJN,24.7,30.1,4th quarter,11:21.0,Stephon Marbury,NJN,True,3-pointer,25,71-77,'POR',trails
287,287,287,200011130NJN,18.4,16.6,4th quarter,10:48.0,Stephon Marbury,NJN,False,2-pointer,13,71-77,'POR',trails
288,288,288,200011130NJN,14.2,17.9,4th quarter,9:48.0,Johnny Newman,NJN,False,2-pointer,16,73-77,'POR',trails
289,289,289,200011130NJN,24.0,5.0,4th quarter,9:17.0,Aaron Williams,NJN,False,2-pointer,0,73-77,'POR',trails
290,290,290,200011130NJN,3.4,20.4,4th quarter,8:15.0,Lucious Harris,NJN,False,3-pointer,26,73-78,'POR',trails
291,291,291,200011130NJN,7.8,14.9,4th quarter,7:39.0,Sherman Douglas,NJN,False,2-pointer,19,73-80,'POR',trails
292,292,292,200011130NJN,7.0,5.4,4th quarter,7:24.0,Jim McIlvaine,NJN,False,2-pointer,17,73-80,'POR',trails
293,293,293,200011130NJN,24.0,5.0,4th quarter,7:18.0,Stephon Marbury,NJN,False,2-pointer,0,73-80,'POR',trails
294,294,294,200011130NJN,33.4,22.7,4th quarter,6:42.0,Lucious Harris,NJN,False,2-pointer,20,73-81,'POR',trails
295,295,295,200011130NJN,15.6,6.1,4th quarter,6:25.0,Stephon Marbury,NJN,False,2-pointer,8,73-81,'POR',trails
296,296,296,200011130NJN,35.5,20.4,4th quarter,5:17.0,Lucious Harris,NJN,False,2-pointer,19,73-85,'POR',trails
297,297,297,200011130NJN,17.7,11.3,4th quarter,4:45.0,Kenyon Martin,NJN,True,2-pointer,9,75-87,'POR',trails
298,298,298,200011130NJN,12.1,19.8,4th quarter,4:12.0,Kendall Gill,NJN,True,2-pointer,19,77-87,'POR',trails
299,299,299,200011130NJN,25.6,26.9,4th quarter,3:48.0,Kendall Gill,NJN,False,2-pointer,22,77-88,'POR',trails
300,300,300,200011130NJN,24.0,5.0,4th quarter,3:18.0,Lucious Harris,NJN,False,2-pointer,0,77-88,'POR',trails
301,301,301,200011130NJN,9.1,25.9,4th quarter,2:40.0,Stephon Marbury,NJN,False,3-pointer,26,77-90,'POR',trails
302,302,302,200011130NJN,24.0,5.0,4th quarter,2:01.0,Aaron Williams,NJN,True,2-pointer,0,79-92,'POR',trails
303,303,303,200011130NJN,11.2,17.2,4th quarter,1:44.0,Stephon Marbury,NJN,False,2-pointer,18,79-92,'POR',trails
304,304,304,200011130NJN,24.0,5.0,4th quarter,1:16.0,Aaron Williams,NJN,False,2-pointer,0,79-94,'POR',trails
305,305,305,200011130NJN,24.0,5.0,4th quarter,0:32.5,Stephen Jackson,NJN,True,2-pointer,0,82-94,'POR',trails
306,306,306,200011130NJN,24.0,5.0,4th quarter,0:03.5,Stephen Jackson,NJN,False,2-pointer,0,82-94,'POR',trails
