,Unnamed: 0.1,Unnamed: 0,match_id,shotX,shotY,quarter,time_remaining,player,team,made,shot_type,distance,score,opp,status
0,0,0,200012310CHI,13.9,4.4,1st quarter,11:19.0,Aaron Williams,NJN,False,2-pointer,10,0-0,'NJN',tied
1,1,1,200012310CHI,10.4,5.9,1st quarter,11:16.0,Aaron Williams,NJN,False,2-pointer,14,0-0,'NJN',tied
2,2,2,200012310CHI,40.1,5.9,1st quarter,10:39.0,Aaron Williams,NJN,True,2-pointer,16,2-0,'NJN',leads
3,3,3,200012310CHI,9.5,5.4,1st quarter,10:11.0,Aaron Williams,NJN,True,2-pointer,15,4-0,'NJN',leads
4,4,4,200012310CHI,24.0,5.0,1st quarter,9:33.0,Stephen Jackson,NJN,True,2-pointer,0,6-2,'NJN',leads
5,5,5,200012310CHI,29.6,22.1,1st quarter,9:00.0,Stephon Marbury,NJN,True,2-pointer,18,8-4,'NJN',leads
6,6,6,200012310CHI,24.0,5.0,1st quarter,8:13.0,Kendall Gill,NJN,True,2-pointer,0,10-4,'NJN',leads
7,7,7,200012310CHI,43.7,7.1,1st quarter,7:26.0,Kendall Gill,NJN,False,2-pointer,20,10-7,'NJN',leads
8,8,8,200012310CHI,0.2,3.1,1st quarter,6:49.0,Stephen Jackson,NJN,False,3-pointer,24,10-9,'NJN',leads
9,9,9,200012310CHI,8.9,7.6,1st quarter,6:03.0,Stephon Marbury,NJN,False,2-pointer,15,10-11,'NJN',trails
10,10,10,200012310CHI,38.6,8.2,1st quarter,5:35.0,Kenyon Martin,NJN,True,2-pointer,15,12-11,'NJN',leads
11,11,11,200012310CHI,34.4,8.2,1st quarter,5:11.0,Kenyon Martin,NJN,False,2-pointer,11,12-13,'NJN',trails
12,12,12,200012310CHI,6.2,17.9,1st quarter,4:34.0,Kendall Gill,NJN,True,2-pointer,22,14-15,'NJN',trails
13,13,13,200012310CHI,24.0,5.0,1st quarter,4:01.0,Stephon Marbury,NJN,True,2-pointer,0,16-15,'NJN',leads
14,14,14,200012310CHI,43.1,7.1,1st quarter,3:36.0,Lucious Harris,NJN,False,2-pointer,19,16-15,'NJN',leads
15,15,15,200012310CHI,3.2,3.1,1st quarter,3:16.0,Lucious Harris,NJN,True,2-pointer,21,18-15,'NJN',leads
16,16,16,200012310CHI,24.0,5.0,1st quarter,2:47.0,Kendall Gill,NJN,True,2-pointer,0,20-15,'NJN',leads
17,17,17,200012310CHI,27.9,10.5,1st quarter,2:44.0,Aaron Williams,NJN,False,2-pointer,7,20-15,'NJN',leads
18,18,18,200012310CHI,24.0,5.0,1st quarter,2:14.0,Stephon Marbury,NJN,False,2-pointer,0,20-15,'NJN',leads
19,19,19,200012310CHI,24.0,5.0,1st quarter,2:12.0,Kenyon Martin,NJN,False,2-pointer,0,20-15,'NJN',leads
20,20,20,200012310CHI,29.6,20.2,1st quarter,0:11.9,Lucious Harris,NJN,True,2-pointer,16,22-20,'NJN',leads
21,21,21,200012310CHI,24.0,5.0,2nd quarter,11:48.0,Kenyon Martin,NJN,True,2-pointer,0,24-23,'NJN',leads
22,22,22,200012310CHI,7.0,24.4,2nd quarter,11:18.0,Johnny Newman,NJN,False,3-pointer,26,24-24,'NJN',tied
23,23,23,200012310CHI,24.0,5.0,2nd quarter,10:57.0,Sherman Douglas,NJN,False,2-pointer,0,24-24,'NJN',tied
24,24,24,200012310CHI,24.0,5.0,2nd quarter,10:11.0,Lucious Harris,NJN,True,2-pointer,0,26-26,'NJN',tied
25,25,25,200012310CHI,5.5,24.0,2nd quarter,9:39.0,Lucious Harris,NJN,False,3-pointer,27,26-26,'NJN',tied
26,26,26,200012310CHI,24.0,5.0,2nd quarter,8:50.0,Vladimir Stepania,NJN,False,2-pointer,0,26-26,'NJN',tied
27,27,27,200012310CHI,10.6,21.3,2nd quarter,8:17.0,Sherman Douglas,NJN,False,2-pointer,21,26-26,'NJN',tied
28,28,28,200012310CHI,18.4,12.0,2nd quarter,7:50.0,Lucious Harris,NJN,False,2-pointer,9,26-26,'NJN',tied
29,29,29,200012310CHI,24.0,5.0,2nd quarter,7:19.0,Johnny Newman,NJN,False,2-pointer,0,27-28,'NJN',trails
30,30,30,200012310CHI,34.8,11.3,2nd quarter,6:45.0,Vladimir Stepania,NJN,False,2-pointer,13,27-30,'NJN',trails
31,31,31,200012310CHI,8.5,4.8,2nd quarter,6:16.0,Lucious Harris,NJN,True,2-pointer,16,29-32,'NJN',trails
32,32,32,200012310CHI,29.8,13.2,2nd quarter,5:49.0,Stephon Marbury,NJN,False,2-pointer,10,29-32,'NJN',trails
33,33,33,200012310CHI,21.3,9.7,2nd quarter,5:46.0,Evan Eschmeyer,NJN,False,2-pointer,5,29-32,'NJN',trails
34,34,34,200012310CHI,24.0,5.0,2nd quarter,5:13.0,Aaron Williams,NJN,False,2-pointer,0,29-34,'NJN',trails
35,35,35,200012310CHI,24.0,5.0,2nd quarter,4:47.0,Stephon Marbury,NJN,False,2-pointer,0,29-36,'NJN',trails
36,36,36,200012310CHI,29.1,23.4,2nd quarter,4:15.0,Kendall Gill,NJN,False,2-pointer,19,29-36,'NJN',trails
37,37,37,200012310CHI,7.8,5.0,2nd quarter,3:27.0,Kenyon Martin,NJN,False,2-pointer,16,31-38,'NJN',trails
38,38,38,200012310CHI,27.0,12.6,2nd quarter,3:07.0,Stephen Jackson,NJN,False,2-pointer,8,31-38,'NJN',trails
39,39,39,200012310CHI,24.0,5.0,2nd quarter,2:45.0,Aaron Williams,NJN,False,2-pointer,0,31-40,'NJN',trails
40,40,40,200012310CHI,24.0,5.0,2nd quarter,2:43.0,Aaron Williams,NJN,True,2-pointer,0,33-40,'NJN',trails
41,41,41,200012310CHI,24.0,5.0,2nd quarter,1:57.0,Aaron Williams,NJN,False,2-pointer,0,33-42,'NJN',trails
42,42,42,200012310CHI,24.0,5.0,2nd quarter,1:45.0,Stephon Marbury,NJN,False,2-pointer,0,33-42,'NJN',trails
43,43,43,200012310CHI,41.4,24.0,2nd quarter,1:23.0,Lucious Harris,NJN,False,3-pointer,26,33-43,'NJN',trails
44,44,44,200012310CHI,6.4,25.0,2nd quarter,0:54.9,Stephon Marbury,NJN,False,3-pointer,27,34-43,'NJN',trails
45,45,45,200012310CHI,24.0,5.0,2nd quarter,0:43.9,Vladimir Stepania,NJN,False,2-pointer,0,34-43,'NJN',trails
46,46,46,200012310CHI,0.5,9.2,2nd quarter,0:02.9,Lucious Harris,NJN,False,3-pointer,24,34-43,'NJN',trails
47,47,47,200012310CHI,7.8,10.3,3rd quarter,11:21.0,Kendall Gill,NJN,False,2-pointer,17,36-46,'NJN',trails
48,48,48,200012310CHI,24.0,5.0,3rd quarter,10:49.0,Aaron Williams,NJN,False,2-pointer,0,36-46,'NJN',trails
49,49,49,200012310CHI,7.8,8.6,3rd quarter,10:09.0,Kenyon Martin,NJN,True,2-pointer,17,38-48,'NJN',trails
50,50,50,200012310CHI,6.4,25.0,3rd quarter,9:17.0,Stephon Marbury,NJN,False,3-pointer,27,38-48,'NJN',trails
51,51,51,200012310CHI,12.1,21.7,3rd quarter,8:43.0,Kenyon Martin,NJN,False,2-pointer,21,38-48,'NJN',trails
52,52,52,200012310CHI,39.9,25.0,3rd quarter,8:10.0,Stephen Jackson,NJN,False,3-pointer,26,38-48,'NJN',trails
53,53,53,200012310CHI,24.0,5.0,3rd quarter,7:24.0,Kendall Gill,NJN,False,2-pointer,0,38-50,'NJN',trails
54,54,54,200012310CHI,24.0,5.0,3rd quarter,7:06.0,Stephen Jackson,NJN,True,2-pointer,0,40-50,'NJN',trails
55,55,55,200012310CHI,24.0,5.0,3rd quarter,6:37.0,Stephon Marbury,NJN,True,2-pointer,0,42-50,'NJN',trails
56,56,56,200012310CHI,4.9,22.9,3rd quarter,6:08.0,Stephon Marbury,NJN,False,3-pointer,26,42-52,'NJN',trails
57,57,57,200012310CHI,38.4,14.3,3rd quarter,5:53.0,Kenyon Martin,NJN,False,2-pointer,17,42-52,'NJN',trails
58,58,58,200012310CHI,16.3,10.7,3rd quarter,5:05.0,Kenyon Martin,NJN,False,2-pointer,10,42-53,'NJN',trails
59,59,59,200012310CHI,7.8,4.8,3rd quarter,4:28.0,Vladimir Stepania,NJN,False,2-pointer,16,42-55,'NJN',trails
60,60,60,200012310CHI,24.0,5.0,3rd quarter,3:46.0,Kendall Gill,NJN,True,2-pointer,0,44-57,'NJN',trails
61,61,61,200012310CHI,37.8,22.9,3rd quarter,3:14.0,Stephon Marbury,NJN,True,2-pointer,23,46-59,'NJN',trails
62,62,62,200012310CHI,24.0,5.0,3rd quarter,2:29.0,Kendall Gill,NJN,True,2-pointer,0,48-59,'NJN',trails
63,63,63,200012310CHI,4.0,4.2,3rd quarter,1:30.0,Vladimir Stepania,NJN,False,2-pointer,20,48-59,'NJN',trails
64,64,64,200012310CHI,8.5,25.0,3rd quarter,1:08.0,Stephon Marbury,NJN,False,3-pointer,25,48-59,'NJN',trails
65,65,65,200012310CHI,24.0,5.0,3rd quarter,0:39.9,Stephon Marbury,NJN,False,2-pointer,0,48-59,'NJN',trails
66,66,66,200012310CHI,16.9,9.2,4th quarter,11:03.0,Aaron Williams,NJN,True,2-pointer,8,52-59,'NJN',trails
67,67,67,200012310CHI,24.0,5.0,4th quarter,10:47.0,Lucious Harris,NJN,True,2-pointer,0,54-59,'NJN',trails
68,68,68,200012310CHI,18.4,10.3,4th quarter,10:23.0,Aaron Williams,NJN,False,2-pointer,8,54-59,'NJN',trails
69,69,69,200012310CHI,24.0,5.0,4th quarter,9:35.0,Kenyon Martin,NJN,False,2-pointer,0,54-61,'NJN',trails
70,70,70,200012310CHI,36.3,28.0,4th quarter,9:29.0,Sherman Douglas,NJN,False,3-pointer,26,54-61,'NJN',trails
71,71,71,200012310CHI,5.5,15.4,4th quarter,9:18.0,Lucious Harris,NJN,False,2-pointer,21,54-61,'NJN',trails
72,72,72,200012310CHI,34.0,8.0,4th quarter,8:38.0,Aaron Williams,NJN,True,2-pointer,10,56-63,'NJN',trails
73,73,73,200012310CHI,24.0,5.0,4th quarter,7:24.0,Aaron Williams,NJN,True,2-pointer,0,60-65,'NJN',trails
74,74,74,200012310CHI,24.0,5.0,4th quarter,6:35.0,Sherman Douglas,NJN,True,2-pointer,0,62-65,'NJN',trails
75,75,75,200012310CHI,24.0,5.0,4th quarter,5:50.0,Lucious Harris,NJN,True,2-pointer,0,64-67,'NJN',trails
76,76,76,200012310CHI,17.7,12.6,4th quarter,5:10.0,Stephon Marbury,NJN,False,2-pointer,10,64-69,'NJN',trails
77,77,77,200012310CHI,12.7,12.6,4th quarter,4:32.0,Kendall Gill,NJN,False,2-pointer,14,64-72,'NJN',trails
78,78,78,200012310CHI,39.9,25.0,4th quarter,3:24.0,Lucious Harris,NJN,True,3-pointer,26,69-75,'NJN',trails
79,79,79,200012310CHI,22.2,10.3,4th quarter,2:10.0,Kenyon Martin,NJN,False,2-pointer,6,71-77,'NJN',trails
80,80,80,200012310CHI,42.8,25.0,4th quarter,1:43.0,Stephon Marbury,NJN,False,3-pointer,27,73-79,'NJN',trails
81,81,81,200012310CHI,23.6,13.2,4th quarter,0:53.9,Kendall Gill,NJN,False,2-pointer,8,73-79,'NJN',trails
82,82,82,200012310CHI,24.0,5.0,4th quarter,0:39.0,Stephon Marbury,NJN,True,2-pointer,0,75-80,'NJN',trails
83,83,83,200012310CHI,3.4,22.3,4th quarter,0:34.9,Stephon Marbury,NJN,False,3-pointer,27,75-82,'NJN',trails
84,84,84,200012310CHI,3.4,22.3,4th quarter,0:29.9,Stephon Marbury,NJN,False,3-pointer,27,75-82,'NJN',trails
85,85,85,200012310CHI,24.0,5.0,4th quarter,0:21.0,Kendall Gill,NJN,True,2-pointer,0,77-84,'NJN',trails
86,86,86,200012310CHI,1.1,3.1,4th quarter,0:03.9,Lucious Harris,NJN,False,3-pointer,23,77-86,'NJN',trails
87,87,87,200012310CHI,24.0,5.0,1st quarter,11:39.0,Metta World,CHI,False,2-pointer,0,0-0,'NJN',tied
88,88,88,200012310CHI,40.7,5.0,1st quarter,11:06.0,Marcus Fizer,CHI,False,2-pointer,17,0-0,'NJN',tied
89,89,89,200012310CHI,23.9,19.8,1st quarter,10:53.0,Ron Mercer,CHI,False,2-pointer,15,0-0,'NJN',tied
90,90,90,200012310CHI,37.2,10.5,1st quarter,10:20.0,Marcus Fizer,CHI,False,2-pointer,14,0-2,'NJN',trails
91,91,91,200012310CHI,6.8,18.5,1st quarter,9:47.0,Ron Mercer,CHI,True,2-pointer,22,2-4,'NJN',trails
92,92,92,200012310CHI,24.0,5.0,1st quarter,9:16.0,Metta World,CHI,True,2-pointer,0,4-6,'NJN',trails
93,93,93,200012310CHI,28.7,30.1,1st quarter,8:35.0,Metta World,CHI,False,3-pointer,26,4-8,'NJN',trails
94,94,94,200012310CHI,25.8,12.8,1st quarter,7:47.0,Elton Brand,CHI,False,2-pointer,8,4-10,'NJN',trails
95,95,95,200012310CHI,11.0,27.2,1st quarter,7:43.0,Fred Hoiberg,CHI,True,3-pointer,26,7-10,'NJN',trails
96,96,96,200012310CHI,15.4,5.9,1st quarter,7:10.0,Elton Brand,CHI,True,2-pointer,9,9-10,'NJN',trails
97,97,97,200012310CHI,40.7,15.8,1st quarter,6:24.0,Marcus Fizer,CHI,False,2-pointer,20,9-10,'NJN',trails
98,98,98,200012310CHI,19.0,11.1,1st quarter,6:19.0,Elton Brand,CHI,True,2-pointer,8,11-10,'NJN',leads
99,99,99,200012310CHI,6.8,20.2,1st quarter,5:46.0,Metta World,CHI,False,2-pointer,23,11-10,'NJN',leads
100,100,100,200012310CHI,24.0,5.0,1st quarter,5:27.0,Metta World,CHI,True,2-pointer,0,13-12,'NJN',leads
101,101,101,200012310CHI,43.1,5.4,1st quarter,5:00.0,Ron Mercer,CHI,True,2-pointer,19,15-12,'NJN',leads
102,102,102,200012310CHI,19.6,12.8,1st quarter,4:15.0,Elton Brand,CHI,False,2-pointer,9,15-14,'NJN',leads
103,103,103,200012310CHI,24.0,5.0,1st quarter,3:44.0,Metta World,CHI,False,2-pointer,0,15-16,'NJN',trails
104,104,104,200012310CHI,24.0,5.0,1st quarter,2:27.0,Elton Brand,CHI,False,2-pointer,0,15-20,'NJN',trails
105,105,105,200012310CHI,24.0,5.0,1st quarter,1:21.0,Metta World,CHI,False,2-pointer,0,16-20,'NJN',trails
106,106,106,200012310CHI,24.0,5.0,1st quarter,1:15.0,Elton Brand,CHI,True,2-pointer,0,18-20,'NJN',trails
107,107,107,200012310CHI,46.6,5.4,1st quarter,0:00.0,Fred Hoiberg,CHI,True,3-pointer,23,23-22,'NJN',leads
108,108,108,200012310CHI,39.3,13.7,2nd quarter,10:33.0,Corey Benjamin,CHI,True,2-pointer,18,26-24,'NJN',leads
109,109,109,200012310CHI,24.0,5.0,2nd quarter,9:33.0,Michael Ruffin,CHI,False,2-pointer,0,26-26,'NJN',tied
110,110,110,200012310CHI,24.0,5.0,2nd quarter,9:32.0,Brad Miller,CHI,False,2-pointer,0,26-26,'NJN',tied
111,111,111,200012310CHI,9.9,17.0,2nd quarter,9:02.0,Bryce Drew,CHI,False,2-pointer,19,26-26,'NJN',tied
112,112,112,200012310CHI,41.4,23.4,2nd quarter,8:43.0,Bryce Drew,CHI,False,3-pointer,25,26-26,'NJN',tied
113,113,113,200012310CHI,9.9,10.7,2nd quarter,8:09.0,Ron Mercer,CHI,False,2-pointer,15,26-26,'NJN',tied
114,114,114,200012310CHI,9.1,16.6,2nd quarter,7:41.0,Ron Mercer,CHI,True,2-pointer,19,28-27,'NJN',leads
115,115,115,200012310CHI,37.8,18.3,2nd quarter,7:14.0,Bryce Drew,CHI,False,2-pointer,19,28-27,'NJN',leads
116,116,116,200012310CHI,9.9,17.7,2nd quarter,7:07.0,Bryce Drew,CHI,True,2-pointer,19,30-27,'NJN',leads
117,117,117,200012310CHI,8.5,18.3,2nd quarter,4:40.0,Ron Mercer,CHI,False,2-pointer,20,36-29,'NJN',leads
118,118,118,200012310CHI,13.5,8.0,2nd quarter,4:30.0,Ron Mercer,CHI,False,2-pointer,11,36-29,'NJN',leads
119,119,119,200012310CHI,11.2,5.7,2nd quarter,4:09.0,Ron Mercer,CHI,False,2-pointer,13,36-29,'NJN',leads
120,120,120,200012310CHI,24.0,5.0,2nd quarter,3:46.0,Metta World,CHI,True,2-pointer,0,38-31,'NJN',leads
121,121,121,200012310CHI,24.0,5.0,2nd quarter,3:19.0,Metta World,CHI,False,2-pointer,0,38-31,'NJN',leads
122,122,122,200012310CHI,24.0,5.0,2nd quarter,2:18.0,Elton Brand,CHI,True,2-pointer,0,42-33,'NJN',leads
123,123,123,200012310CHI,14.2,5.7,2nd quarter,1:01.0,Elton Brand,CHI,False,2-pointer,10,43-34,'NJN',leads
124,124,124,200012310CHI,19.8,12.6,2nd quarter,0:24.9,Elton Brand,CHI,False,2-pointer,9,43-34,'NJN',leads
125,125,125,200012310CHI,42.8,21.7,3rd quarter,11:35.0,Fred Hoiberg,CHI,True,3-pointer,25,46-36,'NJN',leads
126,126,126,200012310CHI,24.0,5.0,3rd quarter,11:06.0,Elton Brand,CHI,False,2-pointer,0,46-36,'NJN',leads
127,127,127,200012310CHI,24.0,5.0,3rd quarter,10:35.0,Ron Mercer,CHI,True,2-pointer,0,48-36,'NJN',leads
128,128,128,200012310CHI,43.5,5.7,3rd quarter,9:43.0,Bryce Drew,CHI,False,2-pointer,20,48-38,'NJN',leads
129,129,129,200012310CHI,44.1,5.7,3rd quarter,9:01.0,Ron Mercer,CHI,False,2-pointer,20,48-38,'NJN',leads
130,130,130,200012310CHI,5.5,4.2,3rd quarter,8:28.0,Ron Mercer,CHI,False,2-pointer,19,48-38,'NJN',leads
131,131,131,200012310CHI,42.0,9.2,3rd quarter,7:46.0,Metta World,CHI,True,2-pointer,18,50-38,'NJN',leads
132,132,132,200012310CHI,19.8,12.0,3rd quarter,6:20.0,Elton Brand,CHI,True,2-pointer,8,52-42,'NJN',leads
133,133,133,200012310CHI,30.4,29.7,3rd quarter,5:41.0,Fred Hoiberg,CHI,False,3-pointer,26,52-42,'NJN',leads
134,134,134,200012310CHI,24.0,5.0,3rd quarter,4:53.0,Elton Brand,CHI,True,2-pointer,0,55-42,'NJN',leads
135,135,135,200012310CHI,24.0,5.0,3rd quarter,4:15.0,Metta World,CHI,False,2-pointer,0,55-42,'NJN',leads
136,136,136,200012310CHI,24.0,5.0,3rd quarter,3:21.0,Elton Brand,CHI,True,2-pointer,0,59-44,'NJN',leads
137,137,137,200012310CHI,24.0,5.0,3rd quarter,2:51.0,Ron Mercer,CHI,False,2-pointer,0,59-46,'NJN',leads
138,138,138,200012310CHI,8.5,13.2,3rd quarter,1:55.0,Jamal Crawford,CHI,False,2-pointer,18,59-48,'NJN',leads
139,139,139,200012310CHI,4.0,3.5,3rd quarter,1:16.0,Fred Hoiberg,CHI,False,2-pointer,20,59-48,'NJN',leads
140,140,140,200012310CHI,24.0,5.0,3rd quarter,0:34.9,Jamal Crawford,CHI,False,2-pointer,0,59-48,'NJN',leads
141,141,141,200012310CHI,27.0,26.9,3rd quarter,0:00.9,Ron Mercer,CHI,False,2-pointer,22,59-50,'NJN',leads
142,142,142,200012310CHI,4.0,3.5,4th quarter,11:40.0,Ron Mercer,CHI,False,2-pointer,20,59-50,'NJN',leads
143,143,143,200012310CHI,24.0,5.0,4th quarter,9:58.0,Brad Miller,CHI,True,2-pointer,0,61-54,'NJN',leads
144,144,144,200012310CHI,8.5,20.6,4th quarter,8:58.0,Fred Hoiberg,CHI,False,2-pointer,22,61-54,'NJN',leads
145,145,145,200012310CHI,24.0,5.0,4th quarter,8:54.0,Elton Brand,CHI,True,2-pointer,0,63-54,'NJN',leads
146,146,146,200012310CHI,34.8,6.3,4th quarter,8:19.0,Ron Mercer,CHI,True,2-pointer,11,65-56,'NJN',leads
147,147,147,200012310CHI,7.0,22.9,4th quarter,7:43.0,Bryce Drew,CHI,False,3-pointer,25,65-58,'NJN',leads
148,148,148,200012310CHI,23.6,13.2,4th quarter,6:13.0,Ron Mercer,CHI,True,2-pointer,8,67-62,'NJN',leads
149,149,149,200012310CHI,4.9,9.2,4th quarter,5:30.0,Ron Mercer,CHI,True,2-pointer,20,69-64,'NJN',leads
150,150,150,200012310CHI,24.0,5.0,4th quarter,4:53.0,Metta World,CHI,True,2-pointer,0,71-64,'NJN',leads
151,151,151,200012310CHI,45.6,20.0,4th quarter,4:18.0,Fred Hoiberg,CHI,False,3-pointer,26,72-64,'NJN',leads
152,152,152,200012310CHI,0.5,5.7,4th quarter,3:48.0,Bryce Drew,CHI,True,3-pointer,24,75-66,'NJN',leads
153,153,153,200012310CHI,24.0,5.0,4th quarter,3:05.0,Elton Brand,CHI,False,2-pointer,0,75-69,'NJN',leads
154,154,154,200012310CHI,24.0,5.0,4th quarter,3:02.0,Elton Brand,CHI,True,2-pointer,0,77-69,'NJN',leads
155,155,155,200012310CHI,22.8,13.2,4th quarter,2:26.0,Ron Mercer,CHI,False,2-pointer,8,77-71,'NJN',leads
156,156,156,200012310CHI,24.0,5.0,4th quarter,1:50.0,Metta World,CHI,True,2-pointer,0,79-73,'NJN',leads
157,157,157,200012310CHI,24.0,5.0,4th quarter,1:37.0,Metta World,CHI,False,2-pointer,0,79-73,'NJN',leads
158,158,158,200012310CHI,8.5,6.3,4th quarter,1:06.0,Ron Mercer,CHI,False,2-pointer,16,79-73,'NJN',leads
159,159,159,200012310WAS,19.6,5.4,1st quarter,11:42.0,Joe Smith,DET,False,2-pointer,4,0-0,'DET',tied
160,160,160,200012310WAS,39.3,3.3,1st quarter,10:42.0,Joe Smith,DET,True,2-pointer,15,2-2,'DET',tied
161,161,161,200012310WAS,26.4,22.9,1st quarter,10:08.0,Chucky Atkins,DET,True,2-pointer,18,4-4,'DET',tied
162,162,162,200012310WAS,16.1,6.5,1st quarter,9:42.0,Joe Smith,DET,False,2-pointer,8,4-7,'DET',trails
163,163,163,200012310WAS,43.7,22.3,1st quarter,9:32.0,Chucky Atkins,DET,False,3-pointer,26,4-7,'DET',trails
164,164,164,200012310WAS,22.4,14.7,1st quarter,9:06.0,Joe Smith,DET,False,2-pointer,10,4-9,'DET',trails
165,165,165,200012310WAS,42.2,4.4,1st quarter,8:16.0,Jerry Stackhouse,DET,False,2-pointer,18,6-11,'DET',trails
166,166,166,200012310WAS,12.5,15.1,1st quarter,8:00.0,Jerry Stackhouse,DET,False,2-pointer,15,6-13,'DET',trails
167,167,167,200012310WAS,40.1,3.3,1st quarter,7:20.0,Jerry Stackhouse,DET,False,2-pointer,16,6-17,'DET',trails
168,168,168,200012310WAS,32.3,5.9,1st quarter,6:52.0,Ben Wallace,DET,False,2-pointer,8,6-20,'DET',trails
169,169,169,200012310WAS,5.3,24.0,1st quarter,6:26.0,Jerry Stackhouse,DET,False,3-pointer,27,6-20,'DET',trails
170,170,170,200012310WAS,0.2,5.0,1st quarter,6:16.0,Chucky Atkins,DET,True,3-pointer,24,9-20,'DET',trails
171,171,171,200012310WAS,33.8,14.7,1st quarter,5:07.0,Michael Curry,DET,False,2-pointer,14,11-25,'DET',trails
172,172,172,200012310WAS,6.8,3.7,1st quarter,4:05.0,Jerome Williams,DET,False,2-pointer,17,11-27,'DET',trails
173,173,173,200012310WAS,24.3,10.3,1st quarter,3:34.0,Eric Montross,DET,True,2-pointer,5,13-29,'DET',trails
174,174,174,200012310WAS,30.2,10.7,1st quarter,3:06.0,John Wallace,DET,True,2-pointer,8,15-29,'DET',trails
175,175,175,200012310WAS,25.1,4.4,1st quarter,2:32.0,Dana Barros,DET,True,2-pointer,1,17-29,'DET',trails
176,176,176,200012310WAS,18.2,8.6,1st quarter,1:41.0,John Wallace,DET,True,2-pointer,7,21-33,'DET',trails
177,177,177,200012310WAS,40.1,11.3,1st quarter,0:48.9,Jerome Williams,DET,False,2-pointer,17,21-35,'DET',trails
178,178,178,200012310WAS,42.2,14.1,1st quarter,0:43.9,Dana Barros,DET,True,2-pointer,20,23-35,'DET',trails
179,179,179,200012310WAS,23.2,5.9,1st quarter,0:26.9,Mateen Cleaves,DET,False,2-pointer,1,23-35,'DET',trails
180,180,180,200012310WAS,23.2,5.9,1st quarter,0:22.9,Mateen Cleaves,DET,False,2-pointer,1,23-35,'DET',trails
181,181,181,200012310WAS,31.7,13.0,1st quarter,0:02.2,Dana Barros,DET,True,2-pointer,11,27-36,'DET',trails
182,182,182,200012310WAS,46.6,16.8,2nd quarter,11:39.0,Dana Barros,DET,False,3-pointer,26,27-38,'DET',trails
183,183,183,200012310WAS,26.4,20.8,2nd quarter,11:23.0,Mateen Cleaves,DET,False,2-pointer,16,27-38,'DET',trails
184,184,184,200012310WAS,43.7,2.7,2nd quarter,10:51.0,John Wallace,DET,True,2-pointer,20,29-40,'DET',trails
185,185,185,200012310WAS,23.2,10.3,2nd quarter,10:08.0,Mikki Moore,DET,True,2-pointer,5,31-42,'DET',trails
186,186,186,200012310WAS,25.1,6.5,2nd quarter,9:28.0,Dana Barros,DET,False,2-pointer,2,32-42,'DET',trails
187,187,187,200012310WAS,27.9,30.1,2nd quarter,9:08.0,John Wallace,DET,True,3-pointer,25,35-42,'DET',trails
188,188,188,200012310WAS,25.8,10.7,2nd quarter,8:18.0,John Wallace,DET,True,2-pointer,6,37-44,'DET',trails
189,189,189,200012310WAS,43.1,16.4,2nd quarter,7:54.0,Dana Barros,DET,True,2-pointer,22,39-44,'DET',trails
190,190,190,200012310WAS,17.5,5.0,2nd quarter,7:20.0,Jerome Williams,DET,False,2-pointer,7,39-44,'DET',trails
191,191,191,200012310WAS,38.0,13.0,2nd quarter,6:48.0,John Wallace,DET,True,2-pointer,16,41-46,'DET',trails
192,192,192,200012310WAS,25.8,5.9,2nd quarter,6:34.0,Dana Barros,DET,True,2-pointer,2,43-46,'DET',trails
193,193,193,200012310WAS,25.1,17.5,2nd quarter,4:55.0,Dana Barros,DET,True,2-pointer,13,45-49,'DET',trails
194,194,194,200012310WAS,18.2,20.8,2nd quarter,4:28.0,Joe Smith,DET,False,2-pointer,17,45-49,'DET',trails
195,195,195,200012310WAS,28.7,6.5,2nd quarter,4:07.0,Joe Smith,DET,False,2-pointer,5,45-50,'DET',trails
196,196,196,200012310WAS,6.2,2.3,2nd quarter,4:04.0,John Wallace,DET,False,2-pointer,18,45-50,'DET',trails
197,197,197,200012310WAS,24.3,5.9,2nd quarter,3:52.0,Jerry Stackhouse,DET,True,2-pointer,1,47-50,'DET',trails
198,198,198,200012310WAS,26.4,16.8,2nd quarter,2:54.0,Jerry Stackhouse,DET,True,2-pointer,12,50-52,'DET',trails
199,199,199,200012310WAS,40.7,12.0,2nd quarter,2:13.0,Jerry Stackhouse,DET,False,2-pointer,18,52-53,'DET',trails
200,200,200,200012310WAS,13.1,3.7,2nd quarter,1:23.0,Jerry Stackhouse,DET,True,2-pointer,11,56-54,'DET',leads
201,201,201,200012310WAS,13.1,15.8,2nd quarter,1:01.0,Mateen Cleaves,DET,True,2-pointer,15,58-56,'DET',leads
202,202,202,200012310WAS,37.2,16.8,2nd quarter,0:05.9,John Wallace,DET,False,2-pointer,18,58-60,'DET',trails
203,203,203,200012310WAS,25.1,9.2,3rd quarter,11:28.0,Joe Smith,DET,False,2-pointer,4,59-60,'DET',trails
204,204,204,200012310WAS,11.0,5.4,3rd quarter,11:10.0,Jerry Stackhouse,DET,False,2-pointer,13,59-62,'DET',trails
205,205,205,200012310WAS,29.6,25.7,3rd quarter,11:07.0,Chucky Atkins,DET,True,2-pointer,21,61-62,'DET',trails
206,206,206,200012310WAS,4.7,3.7,3rd quarter,10:43.0,Jerry Stackhouse,DET,False,2-pointer,19,61-62,'DET',trails
207,207,207,200012310WAS,13.9,4.4,3rd quarter,10:20.0,Joe Smith,DET,False,2-pointer,10,61-62,'DET',trails
208,208,208,200012310WAS,25.1,5.9,3rd quarter,9:43.0,Ben Wallace,DET,False,2-pointer,1,61-64,'DET',trails
209,209,209,200012310WAS,26.4,4.4,3rd quarter,9:29.0,Ben Wallace,DET,False,2-pointer,2,61-64,'DET',trails
210,210,210,200012310WAS,1.1,3.7,3rd quarter,9:12.0,Jerry Stackhouse,DET,False,3-pointer,23,61-66,'DET',trails
211,211,211,200012310WAS,2.6,19.1,3rd quarter,8:54.0,Chucky Atkins,DET,False,3-pointer,26,61-66,'DET',trails
212,212,212,200012310WAS,45.2,19.8,3rd quarter,8:39.0,Jerry Stackhouse,DET,True,3-pointer,26,64-68,'DET',trails
213,213,213,200012310WAS,12.5,5.4,3rd quarter,8:14.0,Jerry Stackhouse,DET,True,2-pointer,12,66-68,'DET',trails
214,214,214,200012310WAS,22.4,5.4,3rd quarter,7:44.0,Joe Smith,DET,True,2-pointer,2,69-70,'DET',trails
215,215,215,200012310WAS,39.3,16.4,3rd quarter,6:31.0,Jerry Stackhouse,DET,False,2-pointer,19,69-75,'DET',trails
216,216,216,200012310WAS,28.7,29.5,3rd quarter,6:25.0,Chucky Atkins,DET,False,3-pointer,25,69-75,'DET',trails
217,217,217,200012310WAS,23.9,12.0,3rd quarter,5:28.0,Chucky Atkins,DET,True,2-pointer,7,71-75,'DET',trails
218,218,218,200012310WAS,27.9,30.1,3rd quarter,4:57.0,Jerry Stackhouse,DET,True,3-pointer,25,74-77,'DET',trails
219,219,219,200012310WAS,24.3,5.4,3rd quarter,4:33.0,Jerry Stackhouse,DET,True,2-pointer,1,76-77,'DET',trails
220,220,220,200012310WAS,8.3,2.7,3rd quarter,3:51.0,Jerry Stackhouse,DET,False,2-pointer,16,76-79,'DET',trails
221,221,221,200012310WAS,9.5,16.8,3rd quarter,3:30.0,Michael Curry,DET,False,2-pointer,19,76-79,'DET',trails
222,222,222,200012310WAS,38.6,18.5,3rd quarter,0:30.9,Mateen Cleaves,DET,False,2-pointer,20,78-94,'DET',trails
223,223,223,200012310WAS,36.5,15.1,4th quarter,11:44.0,John Wallace,DET,True,2-pointer,16,80-94,'DET',trails
224,224,224,200012310WAS,20.3,17.5,4th quarter,10:49.0,John Wallace,DET,False,2-pointer,13,80-96,'DET',trails
225,225,225,200012310WAS,24.3,5.4,4th quarter,10:24.0,Dana Barros,DET,False,2-pointer,1,80-96,'DET',trails
226,226,226,200012310WAS,23.9,4.4,4th quarter,10:21.0,Mikki Moore,DET,True,2-pointer,1,82-96,'DET',trails
227,227,227,200012310WAS,39.3,17.5,4th quarter,9:52.0,Dana Barros,DET,False,2-pointer,20,82-96,'DET',trails
228,228,228,200012310WAS,27.9,6.5,4th quarter,9:51.0,Jerome Williams,DET,False,2-pointer,4,82-96,'DET',trails
229,229,229,200012310WAS,31.7,5.4,4th quarter,8:59.0,Mikki Moore,DET,False,2-pointer,8,82-99,'DET',trails
230,230,230,200012310WAS,25.1,6.5,4th quarter,8:22.0,Mateen Cleaves,DET,True,2-pointer,2,84-101,'DET',trails
231,231,231,200012310WAS,24.3,21.3,4th quarter,7:28.0,Dana Barros,DET,False,2-pointer,16,84-103,'DET',trails
232,232,232,200012310WAS,39.3,15.1,4th quarter,6:51.0,John Wallace,DET,True,2-pointer,18,86-103,'DET',trails
233,233,233,200012310WAS,23.2,5.9,4th quarter,5:32.0,Jerome Williams,DET,True,2-pointer,1,88-107,'DET',trails
234,234,234,200012310WAS,6.8,23.6,4th quarter,4:55.0,Jerry Stackhouse,DET,False,3-pointer,25,88-108,'DET',trails
235,235,235,200012310WAS,31.7,25.0,4th quarter,3:39.0,Dana Barros,DET,False,2-pointer,21,90-108,'DET',trails
236,236,236,200012310WAS,23.2,4.4,4th quarter,3:36.0,John Wallace,DET,True,2-pointer,1,92-108,'DET',trails
237,237,237,200012310WAS,44.5,22.3,4th quarter,3:04.0,John Wallace,DET,False,3-pointer,27,92-110,'DET',trails
238,238,238,200012310WAS,24.3,5.0,4th quarter,2:57.0,Jerry Stackhouse,DET,True,2-pointer,0,94-110,'DET',trails
239,239,239,200012310WAS,22.4,5.9,4th quarter,1:33.0,Jerry Stackhouse,DET,False,2-pointer,2,94-110,'DET',trails
240,240,240,200012310WAS,32.3,5.4,4th quarter,0:37.1,Jerry Stackhouse,DET,False,2-pointer,8,96-110,'DET',trails
241,241,241,200012310WAS,26.4,4.4,4th quarter,0:27.9,Jerome Williams,DET,False,2-pointer,2,96-110,'DET',trails
242,242,242,200012310WAS,28.7,5.0,1st quarter,11:28.0,Felipe López,WAS,False,2-pointer,5,0-0,'DET',tied
243,243,243,200012310WAS,19.6,5.4,1st quarter,11:23.0,Calvin Booth,WAS,False,2-pointer,4,0-0,'DET',tied
244,244,244,200012310WAS,30.8,4.4,1st quarter,11:01.0,Juwan Howard,WAS,True,2-pointer,7,2-0,'DET',leads
245,245,245,200012310WAS,30.8,9.7,1st quarter,10:26.0,Juwan Howard,WAS,True,2-pointer,8,4-2,'DET',leads
246,246,246,200012310WAS,24.3,11.3,1st quarter,9:54.0,Juwan Howard,WAS,True,2-pointer,6,6-4,'DET',leads
247,247,247,200012310WAS,25.1,8.0,1st quarter,8:56.0,Juwan Howard,WAS,False,2-pointer,3,9-4,'DET',leads
248,248,248,200012310WAS,25.1,20.2,1st quarter,8:31.0,Juwan Howard,WAS,True,2-pointer,15,11-6,'DET',leads
249,249,249,200012310WAS,12.5,12.6,1st quarter,8:11.0,Tyrone Nesby,WAS,True,2-pointer,14,13-6,'DET',leads
250,250,250,200012310WAS,24.3,3.7,1st quarter,7:54.0,Felipe López,WAS,True,2-pointer,1,15-6,'DET',leads
251,251,251,200012310WAS,18.2,11.3,1st quarter,7:36.0,Juwan Howard,WAS,True,2-pointer,9,17-6,'DET',leads
252,252,252,200012310WAS,22.4,5.4,1st quarter,7:16.0,Felipe López,WAS,True,2-pointer,2,19-6,'DET',leads
253,253,253,200012310WAS,32.3,29.5,1st quarter,5:53.0,Tyrone Nesby,WAS,True,3-pointer,26,23-9,'DET',leads
254,254,254,200012310WAS,16.1,6.9,1st quarter,5:20.0,Juwan Howard,WAS,True,2-pointer,8,25-11,'DET',leads
255,255,255,200012310WAS,10.4,5.4,1st quarter,3:16.0,Tyrone Nesby,WAS,False,2-pointer,14,29-13,'DET',leads
256,256,256,200012310WAS,25.1,9.2,1st quarter,2:45.0,Juwan Howard,WAS,False,2-pointer,4,29-15,'DET',leads
257,257,257,200012310WAS,22.4,7.6,1st quarter,2:41.0,Felipe López,WAS,False,2-pointer,3,29-15,'DET',leads
258,258,258,200012310WAS,24.3,5.9,1st quarter,2:37.0,Felipe López,WAS,False,2-pointer,1,29-15,'DET',leads
259,259,259,200012310WAS,3.8,21.3,1st quarter,2:16.0,Chris Whitney,WAS,True,3-pointer,26,32-17,'DET',leads
260,260,260,200012310WAS,7.4,6.5,1st quarter,1:16.0,Obinna Ekezie,WAS,True,2-pointer,17,35-21,'DET',leads
261,261,261,200012310WAS,25.1,6.5,1st quarter,0:32.9,Chris Whitney,WAS,False,2-pointer,2,35-23,'DET',leads
262,262,262,200012310WAS,41.6,6.5,2nd quarter,11:13.0,Gerard King,WAS,True,2-pointer,18,40-27,'DET',leads
263,263,263,200012310WAS,25.8,5.4,2nd quarter,10:23.0,Obinna Ekezie,WAS,False,2-pointer,2,40-29,'DET',leads
264,264,264,200012310WAS,23.2,5.0,2nd quarter,10:20.0,Obinna Ekezie,WAS,True,2-pointer,1,42-29,'DET',leads
265,265,265,200012310WAS,28.7,3.7,2nd quarter,9:54.0,Felipe López,WAS,False,2-pointer,5,42-31,'DET',leads
266,266,266,200012310WAS,33.8,6.5,2nd quarter,8:33.0,Richard Hamilton,WAS,True,2-pointer,10,44-35,'DET',leads
267,267,267,200012310WAS,15.4,4.4,2nd quarter,8:01.0,Juwan Howard,WAS,False,2-pointer,9,44-37,'DET',leads
268,268,268,200012310WAS,8.9,9.2,2nd quarter,7:33.0,Richard Hamilton,WAS,False,2-pointer,16,44-39,'DET',leads
269,269,269,200012310WAS,25.1,8.0,2nd quarter,7:02.0,Richard Hamilton,WAS,True,2-pointer,3,46-39,'DET',leads
270,270,270,200012310WAS,25.8,4.4,2nd quarter,5:13.0,Felipe López,WAS,False,2-pointer,2,48-43,'DET',leads
271,271,271,200012310WAS,22.4,13.7,2nd quarter,4:41.0,Juwan Howard,WAS,False,2-pointer,9,49-45,'DET',leads
272,272,272,200012310WAS,26.4,7.6,2nd quarter,3:57.0,Tyrone Nesby,WAS,False,2-pointer,4,50-45,'DET',leads
273,273,273,200012310WAS,24.3,4.4,2nd quarter,3:36.0,Juwan Howard,WAS,True,2-pointer,1,52-47,'DET',leads
274,274,274,200012310WAS,25.1,5.4,2nd quarter,0:46.9,Felipe López,WAS,True,2-pointer,1,58-58,'DET',tied
275,275,275,200012310WAS,23.9,5.9,3rd quarter,10:10.0,Calvin Booth,WAS,True,2-pointer,1,64-61,'DET',leads
276,276,276,200012310WAS,23.2,5.4,3rd quarter,8:48.0,Juwan Howard,WAS,True,2-pointer,1,68-61,'DET',leads
277,277,277,200012310WAS,40.1,25.7,3rd quarter,8:22.0,Tyrone Nesby,WAS,False,3-pointer,26,68-64,'DET',leads
278,278,278,200012310WAS,23.9,7.6,3rd quarter,7:56.0,Richard Hamilton,WAS,False,2-pointer,3,68-67,'DET',leads
279,279,279,200012310WAS,47.3,5.0,3rd quarter,7:22.0,Chris Whitney,WAS,True,3-pointer,23,73-69,'DET',leads
280,280,280,200012310WAS,25.1,5.4,3rd quarter,6:42.0,Juwan Howard,WAS,True,2-pointer,1,75-69,'DET',leads
281,281,281,200012310WAS,1.1,20.2,3rd quarter,5:55.0,Chris Whitney,WAS,False,3-pointer,27,75-69,'DET',leads
282,282,282,200012310WAS,12.5,10.3,3rd quarter,5:48.0,Obinna Ekezie,WAS,False,2-pointer,13,75-69,'DET',leads
283,283,283,200012310WAS,23.2,4.4,3rd quarter,5:13.0,Chris Whitney,WAS,True,2-pointer,1,77-71,'DET',leads
284,284,284,200012310WAS,20.3,5.9,3rd quarter,4:17.0,Juwan Howard,WAS,False,2-pointer,4,77-76,'DET',leads
285,285,285,200012310WAS,12.5,5.0,3rd quarter,3:42.0,Juwan Howard,WAS,False,2-pointer,12,79-76,'DET',leads
286,286,286,200012310WAS,25.1,9.7,3rd quarter,3:19.0,Richard Hamilton,WAS,True,2-pointer,5,81-76,'DET',leads
287,287,287,200012310WAS,25.8,32.2,3rd quarter,2:56.0,Chris Whitney,WAS,True,3-pointer,27,86-76,'DET',leads
288,288,288,200012310WAS,47.9,5.4,3rd quarter,2:22.0,Richard Hamilton,WAS,True,3-pointer,24,89-76,'DET',leads
289,289,289,200012310WAS,44.5,5.0,3rd quarter,1:08.0,Richard Hamilton,WAS,False,2-pointer,21,90-78,'DET',leads
290,290,290,200012310WAS,23.2,5.0,3rd quarter,1:05.0,Michael Smith,WAS,True,2-pointer,1,92-78,'DET',leads
291,291,291,200012310WAS,24.3,11.3,3rd quarter,0:35.9,Richard Hamilton,WAS,True,2-pointer,6,94-78,'DET',leads
292,292,292,200012310WAS,15.4,6.5,4th quarter,11:21.0,Chris Whitney,WAS,False,2-pointer,9,94-80,'DET',leads
293,293,293,200012310WAS,20.3,3.7,4th quarter,11:18.0,Michael Smith,WAS,False,2-pointer,4,94-80,'DET',leads
294,294,294,200012310WAS,24.3,21.9,4th quarter,11:16.0,Chris Whitney,WAS,False,2-pointer,17,94-80,'DET',leads
295,295,295,200012310WAS,32.9,5.0,4th quarter,11:07.0,Richard Hamilton,WAS,True,2-pointer,9,96-80,'DET',leads
296,296,296,200012310WAS,30.2,5.9,4th quarter,10:06.0,Obinna Ekezie,WAS,False,2-pointer,6,96-82,'DET',leads
297,297,297,200012310WAS,24.3,5.9,4th quarter,9:37.0,Obinna Ekezie,WAS,True,2-pointer,1,98-82,'DET',leads
298,298,298,200012310WAS,34.4,13.0,4th quarter,9:12.0,Richard Hamilton,WAS,False,2-pointer,13,99-82,'DET',leads
299,299,299,200012310WAS,33.8,14.1,4th quarter,8:28.0,Richard Hamilton,WAS,True,2-pointer,13,101-82,'DET',leads
300,300,300,200012310WAS,40.1,8.0,4th quarter,7:59.0,Gerard King,WAS,True,2-pointer,16,103-84,'DET',leads
301,301,301,200012310WAS,21.1,5.9,4th quarter,7:35.0,Gerard King,WAS,False,2-pointer,3,103-84,'DET',leads
302,302,302,200012310WAS,40.7,16.8,4th quarter,7:00.0,Chris Whitney,WAS,False,2-pointer,20,103-84,'DET',leads
303,303,303,200012310WAS,43.1,14.1,4th quarter,6:04.0,Chris Whitney,WAS,False,2-pointer,21,105-86,'DET',leads
304,304,304,200012310WAS,16.1,5.4,4th quarter,5:59.0,Gerard King,WAS,True,2-pointer,8,107-86,'DET',leads
305,305,305,200012310WAS,6.2,3.7,4th quarter,5:15.0,Felipe López,WAS,False,2-pointer,18,107-88,'DET',leads
306,306,306,200012310WAS,22.4,5.4,4th quarter,4:36.0,Popeye Jones,WAS,False,2-pointer,2,108-88,'DET',leads
307,307,307,200012310WAS,37.2,4.4,4th quarter,3:59.0,Michael Smith,WAS,False,2-pointer,13,108-90,'DET',leads
308,308,308,200012310WAS,23.9,8.6,4th quarter,3:11.0,Juwan Howard,WAS,True,2-pointer,4,110-92,'DET',leads
309,309,309,200012310WAS,27.2,4.4,4th quarter,1:40.0,Popeye Jones,WAS,False,2-pointer,3,110-94,'DET',leads
310,310,310,200012310WAS,25.1,6.9,4th quarter,1:14.0,Chris Whitney,WAS,False,2-pointer,2,110-94,'DET',leads
311,311,311,200012310WAS,23.2,5.0,4th quarter,1:11.0,Popeye Jones,WAS,False,2-pointer,1,110-94,'DET',leads
312,312,312,200012310WAS,29.6,3.7,4th quarter,0:47.9,Popeye Jones,WAS,False,2-pointer,6,110-96,'DET',leads
313,313,313,200012310WAS,25.8,4.4,4th quarter,0:43.9,Popeye Jones,WAS,False,2-pointer,2,110-96,'DET',leads
314,314,314,200012310WAS,25.1,5.0,4th quarter,0:41.7,Michael Smith,WAS,False,2-pointer,1,110-96,'DET',leads
