,Unnamed: 0.1,Unnamed: 0,match_id,shotX,shotY,quarter,time_remaining,player,team,made,shot_type,distance,score,opp,status
0,0,0,200011270LAC,24.0,16.0,1st quarter,10:25.0,Kobe Bryant,LAL,False,2-pointer,11,2-0,'LAL',leads
1,1,1,200011270LAC,31.7,29.7,1st quarter,10:04.0,Ron Harper,LAL,False,3-pointer,26,2-0,'LAL',leads
2,2,2,200011270LAC,11.8,21.9,1st quarter,9:29.0,Horace Grant,LAL,False,2-pointer,21,2-2,'LAL',tied
3,3,3,200011270LAC,8.9,18.1,1st quarter,9:05.0,Rick Fox,LAL,False,2-pointer,20,2-2,'LAL',tied
4,4,4,200011270LAC,24.0,5.0,1st quarter,8:23.0,Rick Fox,LAL,True,2-pointer,0,4-2,'LAL',leads
5,5,5,200011270LAC,24.0,5.0,1st quarter,7:58.0,Ron Harper,LAL,False,2-pointer,0,4-4,'LAL',tied
6,6,6,200011270LAC,24.0,5.0,1st quarter,7:55.0,Ron Harper,LAL,True,2-pointer,0,6-4,'LAL',leads
7,7,7,200011270LAC,24.0,5.0,1st quarter,7:14.0,Kobe Bryant,LAL,True,2-pointer,0,9-5,'LAL',leads
8,8,8,200011270LAC,36.7,13.0,1st quarter,6:17.0,Kobe Bryant,LAL,False,2-pointer,15,9-7,'LAL',leads
9,9,9,200011270LAC,19.6,14.1,1st quarter,5:50.0,Shaquille O'Neal,LAL,False,2-pointer,10,9-9,'LAL',tied
10,10,10,200011270LAC,9.7,26.9,1st quarter,5:44.0,Kobe Bryant,LAL,True,3-pointer,26,12-9,'LAL',leads
11,11,11,200011270LAC,24.0,5.0,1st quarter,5:17.0,Kobe Bryant,LAL,False,2-pointer,0,12-9,'LAL',leads
12,12,12,200011270LAC,25.4,14.1,1st quarter,4:40.0,Shaquille O'Neal,LAL,False,2-pointer,9,12-9,'LAL',leads
13,13,13,200011270LAC,18.2,24.2,1st quarter,4:16.0,Horace Grant,LAL,True,2-pointer,20,14-11,'LAL',leads
14,14,14,200011270LAC,28.9,24.6,1st quarter,3:39.0,Horace Grant,LAL,False,2-pointer,20,14-13,'LAL',leads
15,15,15,200011270LAC,24.0,5.0,1st quarter,3:37.0,Rick Fox,LAL,False,2-pointer,0,14-13,'LAL',leads
16,16,16,200011270LAC,4.7,20.8,1st quarter,3:18.0,Rick Fox,LAL,False,3-pointer,25,14-15,'LAL',trails
17,17,17,200011270LAC,13.9,5.2,1st quarter,2:50.0,Shaquille O'Neal,LAL,False,2-pointer,10,14-17,'LAL',trails
18,18,18,200011270LAC,24.0,5.0,1st quarter,2:48.0,Horace Grant,LAL,False,2-pointer,0,14-17,'LAL',trails
19,19,19,200011270LAC,8.9,8.6,1st quarter,2:20.0,Brian Shaw,LAL,False,2-pointer,16,14-19,'LAL',trails
20,20,20,200011270LAC,24.0,5.0,1st quarter,1:45.0,Shaquille O'Neal,LAL,True,2-pointer,0,16-21,'LAL',trails
21,21,21,200011270LAC,6.2,24.6,1st quarter,1:11.0,Rick Fox,LAL,True,3-pointer,26,19-23,'LAL',trails
22,22,22,200011270LAC,24.5,25.7,1st quarter,0:00.1,Brian Shaw,LAL,False,2-pointer,21,21-23,'LAL',trails
23,23,23,200011270LAC,43.9,7.6,2nd quarter,11:19.0,Robert Horry,LAL,False,2-pointer,20,21-23,'LAL',trails
24,24,24,200011270LAC,13.9,3.9,2nd quarter,10:44.0,Shaquille O'Neal,LAL,False,2-pointer,10,21-25,'LAL',trails
25,25,25,200011270LAC,13.3,30.3,2nd quarter,9:58.0,Isaiah Rider,LAL,False,3-pointer,27,21-27,'LAL',trails
26,26,26,200011270LAC,16.1,6.3,2nd quarter,9:36.0,Isaiah Rider,LAL,False,2-pointer,8,21-27,'LAL',trails
27,27,27,200011270LAC,11.0,26.9,2nd quarter,9:26.0,Robert Horry,LAL,False,3-pointer,25,21-27,'LAL',trails
28,28,28,200011270LAC,22.6,12.0,2nd quarter,8:51.0,Shaquille O'Neal,LAL,False,2-pointer,7,21-29,'LAL',trails
29,29,29,200011270LAC,8.9,18.5,2nd quarter,8:27.0,Isaiah Rider,LAL,False,2-pointer,20,21-29,'LAL',trails
30,30,30,200011270LAC,33.8,23.6,2nd quarter,7:57.0,Mike Penberthy,LAL,True,2-pointer,21,23-31,'LAL',trails
31,31,31,200011270LAC,31.7,19.1,2nd quarter,7:18.0,Kobe Bryant,LAL,True,2-pointer,16,25-31,'LAL',trails
32,32,32,200011270LAC,23.4,12.0,2nd quarter,6:35.0,Kobe Bryant,LAL,True,2-pointer,7,27-31,'LAL',trails
33,33,33,200011270LAC,32.3,20.8,2nd quarter,5:47.0,Greg Foster,LAL,False,2-pointer,18,29-32,'LAL',trails
34,34,34,200011270LAC,33.1,29.7,2nd quarter,5:43.0,Mike Penberthy,LAL,False,3-pointer,26,29-32,'LAL',trails
35,35,35,200011270LAC,24.0,5.0,2nd quarter,5:09.0,Isaiah Rider,LAL,False,2-pointer,0,29-32,'LAL',trails
36,36,36,200011270LAC,24.0,5.0,2nd quarter,5:05.0,Robert Horry,LAL,False,2-pointer,0,29-32,'LAL',trails
37,37,37,200011270LAC,36.1,13.0,2nd quarter,5:00.0,Isaiah Rider,LAL,True,2-pointer,15,31-32,'LAL',trails
38,38,38,200011270LAC,24.0,5.0,2nd quarter,4:14.0,Mike Penberthy,LAL,True,2-pointer,0,33-32,'LAL',leads
39,39,39,200011270LAC,33.8,19.1,2nd quarter,2:38.0,Kobe Bryant,LAL,False,2-pointer,17,34-34,'LAL',tied
40,40,40,200011270LAC,24.0,5.0,2nd quarter,2:08.0,Kobe Bryant,LAL,True,2-pointer,0,36-36,'LAL',tied
41,41,41,200011270LAC,24.0,5.0,2nd quarter,1:39.0,Kobe Bryant,LAL,True,2-pointer,0,38-36,'LAL',leads
42,42,42,200011270LAC,24.0,5.0,2nd quarter,0:55.9,Robert Horry,LAL,False,2-pointer,0,38-36,'LAL',leads
43,43,43,200011270LAC,38.4,26.5,2nd quarter,0:36.1,Kobe Bryant,LAL,True,3-pointer,26,41-36,'LAL',leads
44,44,44,200011270LAC,17.7,22.7,3rd quarter,11:24.0,Kobe Bryant,LAL,False,2-pointer,19,44-38,'LAL',leads
45,45,45,200011270LAC,28.3,12.2,3rd quarter,11:01.0,Shaquille O'Neal,LAL,True,2-pointer,8,46-38,'LAL',leads
46,46,46,200011270LAC,24.0,5.0,3rd quarter,10:06.0,Rick Fox,LAL,True,2-pointer,0,48-38,'LAL',leads
47,47,47,200011270LAC,29.1,18.3,3rd quarter,9:36.0,Horace Grant,LAL,True,2-pointer,14,51-40,'LAL',leads
48,48,48,200011270LAC,45.6,20.0,3rd quarter,8:32.0,Ron Harper,LAL,False,3-pointer,26,51-42,'LAL',leads
49,49,49,200011270LAC,23.6,11.1,3rd quarter,8:27.0,Shaquille O'Neal,LAL,True,2-pointer,6,53-42,'LAL',leads
50,50,50,200011270LAC,36.9,27.8,3rd quarter,7:49.0,Ron Harper,LAL,True,3-pointer,26,56-44,'LAL',leads
51,51,51,200011270LAC,34.0,30.9,3rd quarter,7:20.0,Kobe Bryant,LAL,False,3-pointer,28,56-46,'LAL',leads
52,52,52,200011270LAC,39.3,7.1,3rd quarter,6:51.0,Horace Grant,LAL,True,2-pointer,15,58-48,'LAL',leads
53,53,53,200011270LAC,35.5,17.7,3rd quarter,6:13.0,Horace Grant,LAL,False,2-pointer,17,58-50,'LAL',leads
54,54,54,200011270LAC,19.2,12.8,3rd quarter,4:53.0,Kobe Bryant,LAL,True,2-pointer,9,60-54,'LAL',leads
55,55,55,200011270LAC,24.0,5.0,3rd quarter,4:22.0,Shaquille O'Neal,LAL,True,2-pointer,0,62-54,'LAL',leads
56,56,56,200011270LAC,39.3,24.8,3rd quarter,3:42.0,Kobe Bryant,LAL,False,3-pointer,25,62-54,'LAL',leads
57,57,57,200011270LAC,1.1,6.1,3rd quarter,3:34.0,Ron Harper,LAL,False,3-pointer,23,62-54,'LAL',leads
58,58,58,200011270LAC,27.0,14.9,3rd quarter,2:53.0,Shaquille O'Neal,LAL,True,2-pointer,10,64-54,'LAL',leads
59,59,59,200011270LAC,18.4,7.1,3rd quarter,2:15.0,Kobe Bryant,LAL,True,2-pointer,6,66-56,'LAL',leads
60,60,60,200011270LAC,24.0,5.0,3rd quarter,0:54.9,Kobe Bryant,LAL,False,2-pointer,0,69-56,'LAL',leads
61,61,61,200011270LAC,29.1,39.4,3rd quarter,0:00.1,Rick Fox,LAL,False,3-pointer,35,72-60,'LAL',leads
62,62,62,200011270LAC,25.6,9.9,4th quarter,11:34.0,Shaquille O'Neal,LAL,False,2-pointer,5,72-60,'LAL',leads
63,63,63,200011270LAC,24.7,8.4,4th quarter,11:28.0,Robert Horry,LAL,True,2-pointer,3,74-60,'LAL',leads
64,64,64,200011270LAC,44.1,6.1,4th quarter,11:07.0,Kobe Bryant,LAL,True,2-pointer,20,76-60,'LAL',leads
65,65,65,200011270LAC,29.1,16.6,4th quarter,10:39.0,Kobe Bryant,LAL,False,2-pointer,13,76-60,'LAL',leads
66,66,66,200011270LAC,34.0,8.8,4th quarter,9:50.0,Shaquille O'Neal,LAL,False,2-pointer,11,76-64,'LAL',leads
67,67,67,200011270LAC,30.4,8.4,4th quarter,9:23.0,Shaquille O'Neal,LAL,True,2-pointer,7,78-64,'LAL',leads
68,68,68,200011270LAC,-0.2,3.5,4th quarter,8:54.0,Robert Horry,LAL,True,3-pointer,24,81-64,'LAL',leads
69,69,69,200011270LAC,31.9,6.5,4th quarter,7:40.0,Shaquille O'Neal,LAL,False,2-pointer,8,81-66,'LAL',leads
70,70,70,200011270LAC,29.1,29.9,4th quarter,6:59.0,Robert Horry,LAL,False,3-pointer,25,81-68,'LAL',leads
71,71,71,200011270LAC,27.7,13.2,4th quarter,6:21.0,Shaquille O'Neal,LAL,True,2-pointer,9,83-68,'LAL',leads
72,72,72,200011270LAC,24.0,5.0,4th quarter,5:33.0,Brian Shaw,LAL,True,2-pointer,0,85-70,'LAL',leads
73,73,73,200011270LAC,35.5,9.9,4th quarter,5:09.0,Isaiah Rider,LAL,True,2-pointer,13,87-72,'LAL',leads
74,74,74,200011270LAC,22.2,31.6,4th quarter,4:18.0,Mike Penberthy,LAL,True,3-pointer,27,90-72,'LAL',leads
75,75,75,200011270LAC,24.0,5.0,4th quarter,3:50.0,Brian Shaw,LAL,False,2-pointer,0,90-74,'LAL',leads
76,76,76,200011270LAC,39.3,11.6,4th quarter,3:14.0,Greg Foster,LAL,False,2-pointer,17,90-76,'LAL',leads
77,77,77,200011270LAC,25.6,12.8,4th quarter,3:05.0,Isaiah Rider,LAL,False,2-pointer,8,90-76,'LAL',leads
78,78,78,200011270LAC,19.2,14.9,4th quarter,2:32.0,Devean George,LAL,False,2-pointer,11,90-78,'LAL',leads
79,79,79,200011270LAC,5.5,5.0,4th quarter,2:15.0,Isaiah Rider,LAL,True,2-pointer,19,92-78,'LAL',leads
80,80,80,200011270LAC,30.4,12.2,4th quarter,1:36.0,Greg Foster,LAL,True,2-pointer,10,94-78,'LAL',leads
81,81,81,200011270LAC,36.3,4.2,4th quarter,1:08.0,Greg Foster,LAL,True,2-pointer,12,96-80,'LAL',leads
82,82,82,200011270LAC,12.7,16.2,4th quarter,0:34.3,Greg Foster,LAL,True,2-pointer,16,98-81,'LAL',leads
83,83,83,200011270LAC,22.0,9.7,1st quarter,11:29.0,Lamar Odom,LAC,False,2-pointer,5,0-2,'LAL',trails
84,84,84,200011270LAC,22.6,13.0,1st quarter,10:54.0,Lamar Odom,LAC,False,2-pointer,8,0-2,'LAL',trails
85,85,85,200011270LAC,20.5,12.0,1st quarter,10:37.0,Michael Olowokandi,LAC,False,2-pointer,8,0-2,'LAL',trails
86,86,86,200011270LAC,23.4,9.7,1st quarter,10:33.0,Derek Strong,LAC,False,2-pointer,5,0-2,'LAL',trails
87,87,87,200011270LAC,9.7,5.0,1st quarter,9:44.0,Jeff McInnis,LAC,True,2-pointer,14,2-2,'LAL',tied
88,88,88,200011270LAC,22.6,17.5,1st quarter,9:12.0,Michael Olowokandi,LAC,False,2-pointer,13,2-2,'LAL',tied
89,89,89,200011270LAC,27.5,10.9,1st quarter,8:41.0,Tyrone Nesby,LAC,False,2-pointer,7,2-2,'LAL',tied
90,90,90,200011270LAC,30.2,11.3,1st quarter,8:29.0,Derek Strong,LAC,False,2-pointer,9,2-2,'LAL',tied
91,91,91,200011270LAC,36.7,21.9,1st quarter,7:35.0,Jeff McInnis,LAC,False,2-pointer,21,4-6,'LAL',trails
92,92,92,200011270LAC,26.8,10.9,1st quarter,6:52.0,Michael Olowokandi,LAC,True,2-pointer,7,7-9,'LAL',trails
93,93,93,200011270LAC,30.2,13.7,1st quarter,6:03.0,Michael Olowokandi,LAC,True,2-pointer,11,9-9,'LAL',tied
94,94,94,200011270LAC,28.1,23.6,1st quarter,5:26.0,Jeff McInnis,LAC,False,2-pointer,19,9-12,'LAL',trails
95,95,95,200011270LAC,24.0,5.0,1st quarter,5:24.0,Derek Strong,LAC,False,2-pointer,0,9-12,'LAL',trails
96,96,96,200011270LAC,33.8,8.6,1st quarter,4:56.0,Michael Olowokandi,LAC,False,2-pointer,10,9-12,'LAL',trails
97,97,97,200011270LAC,36.7,8.6,1st quarter,4:23.0,Lamar Odom,LAC,True,2-pointer,13,11-12,'LAL',trails
98,98,98,200011270LAC,17.5,7.6,1st quarter,3:57.0,Michael Olowokandi,LAC,True,2-pointer,7,13-14,'LAL',trails
99,99,99,200011270LAC,21.1,14.1,1st quarter,3:27.0,Jeff McInnis,LAC,True,2-pointer,10,15-14,'LAL',leads
100,100,100,200011270LAC,8.9,17.0,1st quarter,3:10.0,Jeff McInnis,LAC,True,2-pointer,19,17-14,'LAL',leads
101,101,101,200011270LAC,24.0,5.0,1st quarter,2:35.0,Lamar Odom,LAC,True,2-pointer,0,19-14,'LAL',leads
102,102,102,200011270LAC,28.9,12.6,1st quarter,2:04.0,Jeff McInnis,LAC,True,2-pointer,9,21-14,'LAL',leads
103,103,103,200011270LAC,14.6,23.6,1st quarter,1:23.0,Tyrone Nesby,LAC,True,2-pointer,21,23-16,'LAL',leads
104,104,104,200011270LAC,23.4,12.0,1st quarter,0:49.9,Lamar Odom,LAC,False,2-pointer,7,23-19,'LAL',leads
105,105,105,200011270LAC,25.4,24.2,1st quarter,0:35.9,Tyrone Nesby,LAC,False,2-pointer,19,23-21,'LAL',leads
106,106,106,200011270LAC,13.3,16.4,1st quarter,0:15.9,Jeff McInnis,LAC,False,2-pointer,16,23-21,'LAL',leads
107,107,107,200011270LAC,37.6,13.7,2nd quarter,11:44.0,Sean Rooks,LAC,False,2-pointer,16,23-21,'LAL',leads
108,108,108,200011270LAC,24.0,12.0,2nd quarter,11:03.0,Sean Rooks,LAC,True,2-pointer,7,25-21,'LAL',leads
109,109,109,200011270LAC,31.7,15.4,2nd quarter,10:24.0,Sean Rooks,LAC,False,2-pointer,13,25-21,'LAL',leads
110,110,110,200011270LAC,24.0,5.0,2nd quarter,10:11.0,Jeff McInnis,LAC,True,2-pointer,0,27-21,'LAL',leads
111,111,111,200011270LAC,0.9,3.3,2nd quarter,9:14.0,Eric Piatkowski,LAC,False,3-pointer,23,27-21,'LAL',leads
112,112,112,200011270LAC,24.0,5.0,2nd quarter,9:10.0,Eric Piatkowski,LAC,True,2-pointer,0,29-21,'LAL',leads
113,113,113,200011270LAC,38.2,10.9,2nd quarter,8:38.0,Sean Rooks,LAC,False,2-pointer,15,29-21,'LAL',leads
114,114,114,200011270LAC,24.0,5.0,2nd quarter,8:11.0,Keyon Dooling,LAC,True,2-pointer,0,31-21,'LAL',leads
115,115,115,200011270LAC,24.0,5.0,2nd quarter,7:35.0,Darius Miles,LAC,False,2-pointer,0,31-23,'LAL',leads
116,116,116,200011270LAC,38.2,28.0,2nd quarter,6:02.0,Eric Piatkowski,LAC,False,3-pointer,27,32-29,'LAL',leads
117,117,117,200011270LAC,19.0,6.3,2nd quarter,5:26.0,Keyon Dooling,LAC,False,2-pointer,5,32-29,'LAL',leads
118,118,118,200011270LAC,24.0,5.0,2nd quarter,4:21.0,Darius Miles,LAC,False,2-pointer,0,32-31,'LAL',leads
119,119,119,200011270LAC,17.5,4.4,2nd quarter,3:23.0,Quentin Richardson,LAC,True,2-pointer,7,34-34,'LAL',tied
120,120,120,200011270LAC,24.0,5.0,2nd quarter,2:57.0,Quentin Richardson,LAC,False,2-pointer,0,34-34,'LAL',tied
121,121,121,200011270LAC,24.0,5.0,2nd quarter,2:32.0,Quentin Richardson,LAC,True,2-pointer,0,36-34,'LAL',leads
122,122,122,200011270LAC,14.6,4.4,2nd quarter,1:47.0,Quentin Richardson,LAC,False,2-pointer,9,36-36,'LAL',tied
123,123,123,200011270LAC,11.0,3.3,2nd quarter,1:23.0,Jeff McInnis,LAC,False,2-pointer,13,36-38,'LAL',trails
124,124,124,200011270LAC,38.4,7.8,2nd quarter,1:10.0,Tyrone Nesby,LAC,False,2-pointer,15,36-38,'LAL',trails
125,125,125,200011270LAC,36.3,14.9,2nd quarter,0:44.9,Jeff McInnis,LAC,False,2-pointer,16,36-38,'LAL',trails
126,126,126,200011270LAC,27.0,6.1,2nd quarter,0:09.9,Quentin Richardson,LAC,False,2-pointer,3,36-42,'LAL',trails
127,127,127,200011270LAC,24.0,5.0,2nd quarter,0:05.9,Tyrone Nesby,LAC,False,2-pointer,0,36-42,'LAL',trails
128,128,128,200011270LAC,21.3,12.2,3rd quarter,11:43.0,Michael Olowokandi,LAC,False,2-pointer,8,38-44,'LAL',trails
129,129,129,200011270LAC,18.4,11.1,3rd quarter,11:10.0,Michael Olowokandi,LAC,False,2-pointer,8,38-44,'LAL',trails
130,130,130,200011270LAC,34.8,21.5,3rd quarter,10:34.0,Tyrone Nesby,LAC,False,2-pointer,20,38-46,'LAL',trails
131,131,131,200011270LAC,36.3,13.9,3rd quarter,10:15.0,Lamar Odom,LAC,False,2-pointer,15,38-46,'LAL',trails
132,132,132,200011270LAC,19.2,12.2,3rd quarter,9:53.0,Lamar Odom,LAC,True,2-pointer,9,40-49,'LAL',trails
133,133,133,200011270LAC,24.0,5.0,3rd quarter,9:18.0,Lamar Odom,LAC,True,2-pointer,0,42-51,'LAL',trails
134,134,134,200011270LAC,9.1,12.2,3rd quarter,8:47.0,Tyrone Nesby,LAC,False,2-pointer,17,42-51,'LAL',trails
135,135,135,200011270LAC,24.1,22.1,3rd quarter,8:08.0,Jeff McInnis,LAC,True,2-pointer,17,44-53,'LAL',trails
136,136,136,200011270LAC,16.3,3.5,3rd quarter,7:28.0,Michael Olowokandi,LAC,True,2-pointer,8,46-56,'LAL',trails
137,137,137,200011270LAC,17.7,6.1,3rd quarter,7:02.0,Lamar Odom,LAC,True,2-pointer,6,48-56,'LAL',trails
138,138,138,200011270LAC,26.2,9.5,3rd quarter,6:33.0,Michael Olowokandi,LAC,False,2-pointer,5,48-58,'LAL',trails
139,139,139,200011270LAC,24.0,5.0,3rd quarter,6:28.0,Eric Piatkowski,LAC,True,2-pointer,0,50-58,'LAL',trails
140,140,140,200011270LAC,24.7,8.4,3rd quarter,5:49.0,Michael Olowokandi,LAC,True,2-pointer,3,52-58,'LAL',trails
141,141,141,200011270LAC,41.4,2.9,3rd quarter,5:11.0,Jeff McInnis,LAC,True,2-pointer,18,54-58,'LAL',trails
142,142,142,200011270LAC,24.1,29.3,3rd quarter,4:33.0,Jeff McInnis,LAC,False,3-pointer,24,54-60,'LAL',trails
143,143,143,200011270LAC,24.1,30.9,3rd quarter,4:08.0,Quentin Richardson,LAC,False,3-pointer,26,54-62,'LAL',trails
144,144,144,200011270LAC,28.3,13.9,3rd quarter,3:17.0,Michael Olowokandi,LAC,False,2-pointer,10,54-62,'LAL',trails
145,145,145,200011270LAC,8.5,27.2,3rd quarter,3:10.0,Jeff McInnis,LAC,False,3-pointer,27,54-62,'LAL',trails
146,146,146,200011270LAC,11.2,5.4,3rd quarter,2:32.0,Derek Strong,LAC,True,2-pointer,13,56-64,'LAL',trails
147,147,147,200011270LAC,22.2,7.8,3rd quarter,1:57.0,Quentin Richardson,LAC,False,2-pointer,3,56-66,'LAL',trails
148,148,148,200011270LAC,6.4,7.8,3rd quarter,1:33.0,Derek Strong,LAC,False,2-pointer,18,56-66,'LAL',trails
149,149,149,200011270LAC,24.0,5.0,3rd quarter,0:50.2,Eric Piatkowski,LAC,True,2-pointer,0,58-69,'LAL',trails
150,150,150,200011270LAC,19.2,11.1,3rd quarter,0:30.1,Sean Rooks,LAC,True,2-pointer,8,60-70,'LAL',trails
151,151,151,200011270LAC,24.1,24.4,3rd quarter,0:03.9,Jeff McInnis,LAC,False,2-pointer,19,60-72,'LAL',trails
152,152,152,200011270LAC,13.5,7.8,4th quarter,10:53.0,Sean Rooks,LAC,False,2-pointer,11,60-76,'LAL',trails
153,153,153,200011270LAC,7.0,7.8,4th quarter,10:21.0,Jeff McInnis,LAC,False,2-pointer,17,60-76,'LAL',trails
154,154,154,200011270LAC,29.1,23.4,4th quarter,10:06.0,Eric Piatkowski,LAC,True,2-pointer,19,64-76,'LAL',trails
155,155,155,200011270LAC,37.8,29.3,4th quarter,9:09.0,Tyrone Nesby,LAC,False,3-pointer,28,64-78,'LAL',trails
156,156,156,200011270LAC,26.2,9.5,4th quarter,9:04.0,Sean Rooks,LAC,False,2-pointer,5,64-78,'LAL',trails
157,157,157,200011270LAC,25.6,8.4,4th quarter,9:00.0,Sean Rooks,LAC,False,2-pointer,4,64-78,'LAL',trails
158,158,158,200011270LAC,28.3,8.4,4th quarter,8:30.0,Tyrone Nesby,LAC,False,2-pointer,5,64-81,'LAL',trails
159,159,159,200011270LAC,34.0,23.8,4th quarter,8:04.0,Eric Piatkowski,LAC,True,2-pointer,21,66-81,'LAL',trails
160,160,160,200011270LAC,24.0,5.0,4th quarter,7:35.0,Eric Piatkowski,LAC,True,2-pointer,0,68-81,'LAL',trails
161,161,161,200011270LAC,24.0,5.0,4th quarter,6:49.0,Corey Maggette,LAC,False,2-pointer,0,68-81,'LAL',trails
162,162,162,200011270LAC,25.6,9.9,4th quarter,6:44.0,Corey Maggette,LAC,False,2-pointer,5,68-81,'LAL',trails
163,163,163,200011270LAC,7.0,25.5,4th quarter,6:39.0,Eric Piatkowski,LAC,False,3-pointer,27,68-81,'LAL',trails
164,164,164,200011270LAC,34.0,17.2,4th quarter,5:55.0,Lamar Odom,LAC,True,2-pointer,16,70-83,'LAL',trails
165,165,165,200011270LAC,24.0,5.0,4th quarter,4:06.0,Jeff McInnis,LAC,True,2-pointer,0,74-90,'LAL',trails
166,166,166,200011270LAC,16.9,5.0,4th quarter,3:34.0,Michael Olowokandi,LAC,False,2-pointer,7,74-90,'LAL',trails
167,167,167,200011270LAC,24.0,5.0,4th quarter,3:31.0,Corey Maggette,LAC,True,2-pointer,0,76-90,'LAL',trails
168,168,168,200011270LAC,24.0,5.0,4th quarter,2:58.0,Eric Piatkowski,LAC,False,2-pointer,0,76-90,'LAL',trails
169,169,169,200011270LAC,12.7,6.1,4th quarter,1:59.0,Corey Maggette,LAC,False,2-pointer,11,78-92,'LAL',trails
170,170,170,200011270LAC,13.5,9.5,4th quarter,1:56.0,Corey Maggette,LAC,False,2-pointer,11,78-92,'LAL',trails
171,171,171,200011270LAC,36.3,18.3,4th quarter,1:27.0,Jeff McInnis,LAC,True,2-pointer,18,80-94,'LAL',trails
172,172,172,200011270LAC,22.8,7.8,4th quarter,0:27.9,Keyon Dooling,LAC,True,2-pointer,3,83-98,'LAL',trails
173,173,173,200011270LAC,31.3,31.6,4th quarter,0:23.9,Lamar Odom,LAC,False,3-pointer,28,83-98,'LAL',trails
174,174,174,200011270NYK,31.3,6.5,1st quarter,11:16.0,Othella Harrington,VAN,False,2-pointer,7,0-3,'NYK',trails
175,175,175,200011270NYK,10.6,13.7,1st quarter,10:05.0,Doug West,VAN,False,2-pointer,16,0-5,'NYK',trails
176,176,176,200011270NYK,9.9,19.8,1st quarter,10:00.0,Mike Bibby,VAN,False,2-pointer,20,0-5,'NYK',trails
177,177,177,200011270NYK,47.1,9.7,1st quarter,9:08.0,Damon Jones,VAN,True,3-pointer,24,3-7,'NYK',trails
178,178,178,200011270NYK,35.5,20.8,1st quarter,8:35.0,Damon Jones,VAN,False,2-pointer,20,3-7,'NYK',trails
179,179,179,200011270NYK,24.0,5.0,1st quarter,8:20.0,Othella Harrington,VAN,True,2-pointer,0,5-7,'NYK',trails
180,180,180,200011270NYK,17.7,5.9,1st quarter,7:39.0,Othella Harrington,VAN,False,2-pointer,6,5-9,'NYK',trails
181,181,181,200011270NYK,14.8,22.9,1st quarter,7:05.0,Shareef Abdur-Rahim,VAN,False,2-pointer,20,5-11,'NYK',trails
182,182,182,200011270NYK,15.6,9.2,1st quarter,5:43.0,Shareef Abdur-Rahim,VAN,True,2-pointer,9,7-13,'NYK',trails
183,183,183,200011270NYK,19.2,4.4,1st quarter,5:14.0,Isaac Austin,VAN,False,2-pointer,5,7-13,'NYK',trails
184,184,184,200011270NYK,24.0,5.0,1st quarter,4:22.0,Mike Bibby,VAN,True,2-pointer,0,9-14,'NYK',trails
185,185,185,200011270NYK,24.0,5.0,1st quarter,4:02.0,Doug West,VAN,True,2-pointer,0,12-16,'NYK',trails
186,186,186,200011270NYK,23.6,30.1,1st quarter,3:28.0,Mike Bibby,VAN,True,3-pointer,25,15-18,'NYK',trails
187,187,187,200011270NYK,33.4,5.4,1st quarter,2:53.0,Shareef Abdur-Rahim,VAN,False,2-pointer,9,15-20,'NYK',trails
188,188,188,200011270NYK,24.1,27.4,1st quarter,2:19.0,Isaac Austin,VAN,False,2-pointer,22,15-22,'NYK',trails
189,189,189,200011270NYK,28.3,25.0,1st quarter,1:54.0,Grant Long,VAN,False,2-pointer,20,15-22,'NYK',trails
190,190,190,200011270NYK,31.9,5.0,1st quarter,1:29.0,Mahmoud Abdul-Rauf,VAN,False,2-pointer,8,15-22,'NYK',trails
191,191,191,200011270NYK,46.2,7.6,1st quarter,1:23.0,Damon Jones,VAN,False,3-pointer,22,15-22,'NYK',trails
192,192,192,200011270NYK,12.7,17.5,1st quarter,0:46.1,Mahmoud Abdul-Rauf,VAN,False,2-pointer,17,15-24,'NYK',trails
193,193,193,200011270NYK,15.6,18.5,1st quarter,0:30.1,Bryant Reeves,VAN,True,2-pointer,16,17-24,'NYK',trails
194,194,194,200011270NYK,41.4,5.9,1st quarter,0:05.2,Mahmoud Abdul-Rauf,VAN,True,2-pointer,17,19-27,'NYK',trails
195,195,195,200011270NYK,24.1,9.7,2nd quarter,11:37.0,Grant Long,VAN,False,2-pointer,5,19-27,'NYK',trails
196,196,196,200011270NYK,13.5,22.9,2nd quarter,11:01.0,Bryant Reeves,VAN,False,2-pointer,21,19-29,'NYK',trails
197,197,197,200011270NYK,24.0,5.0,2nd quarter,10:57.0,Grant Long,VAN,True,2-pointer,0,21-29,'NYK',trails
198,198,198,200011270NYK,25.6,12.0,2nd quarter,10:27.0,Bryant Reeves,VAN,False,2-pointer,7,21-29,'NYK',trails
199,199,199,200011270NYK,4.0,20.8,2nd quarter,9:55.0,Damon Jones,VAN,False,3-pointer,25,21-29,'NYK',trails
200,200,200,200011270NYK,24.0,5.0,2nd quarter,9:03.0,Doug West,VAN,True,2-pointer,0,23-34,'NYK',trails
201,201,201,200011270NYK,14.8,21.3,2nd quarter,8:29.0,Mike Bibby,VAN,True,2-pointer,19,26-34,'NYK',trails
202,202,202,200011270NYK,11.2,24.0,2nd quarter,7:59.0,Mike Bibby,VAN,True,2-pointer,23,28-34,'NYK',trails
203,203,203,200011270NYK,40.7,24.6,2nd quarter,6:55.0,Damon Jones,VAN,True,3-pointer,26,32-34,'NYK',trails
204,204,204,200011270NYK,47.1,9.2,2nd quarter,6:20.0,Damon Jones,VAN,False,3-pointer,23,32-34,'NYK',trails
205,205,205,200011270NYK,1.1,5.4,2nd quarter,5:52.0,Damon Jones,VAN,False,3-pointer,23,32-34,'NYK',trails
206,206,206,200011270NYK,22.2,6.9,2nd quarter,5:04.0,Othella Harrington,VAN,False,2-pointer,3,32-35,'NYK',trails
207,207,207,200011270NYK,39.3,13.0,2nd quarter,4:34.0,Shareef Abdur-Rahim,VAN,True,2-pointer,17,34-37,'NYK',trails
208,208,208,200011270NYK,28.3,6.9,2nd quarter,2:58.0,Mike Bibby,VAN,False,2-pointer,5,35-37,'NYK',trails
209,209,209,200011270NYK,25.6,10.3,2nd quarter,2:28.0,Othella Harrington,VAN,True,2-pointer,6,37-40,'NYK',trails
210,210,210,200011270NYK,31.3,5.9,2nd quarter,1:35.0,Bryant Reeves,VAN,False,2-pointer,7,37-41,'NYK',trails
211,211,211,200011270NYK,24.1,23.6,2nd quarter,0:58.5,Bryant Reeves,VAN,True,2-pointer,19,39-43,'NYK',trails
212,212,212,200011270NYK,24.0,5.0,2nd quarter,0:29.8,Shareef Abdur-Rahim,VAN,False,2-pointer,0,39-45,'NYK',trails
213,213,213,200011270NYK,12.7,8.6,2nd quarter,0:02.9,Shareef Abdur-Rahim,VAN,False,2-pointer,12,39-45,'NYK',trails
214,214,214,200011270NYK,6.4,5.9,3rd quarter,11:46.0,Shareef Abdur-Rahim,VAN,False,2-pointer,18,39-45,'NYK',trails
215,215,215,200011270NYK,23.6,8.6,3rd quarter,11:05.0,Mike Bibby,VAN,False,2-pointer,4,39-47,'NYK',trails
216,216,216,200011270NYK,14.8,5.9,3rd quarter,10:20.0,Grant Long,VAN,False,2-pointer,9,39-50,'NYK',trails
217,217,217,200011270NYK,24.0,5.0,3rd quarter,10:00.0,Doug West,VAN,False,2-pointer,0,39-50,'NYK',trails
218,218,218,200011270NYK,24.0,5.0,3rd quarter,9:59.0,Grant Long,VAN,False,2-pointer,0,39-50,'NYK',trails
219,219,219,200011270NYK,6.4,11.3,3rd quarter,9:26.0,Mike Bibby,VAN,True,2-pointer,19,41-50,'NYK',trails
220,220,220,200011270NYK,24.0,5.0,3rd quarter,8:45.0,Doug West,VAN,False,2-pointer,0,41-50,'NYK',trails
221,221,221,200011270NYK,34.0,20.8,3rd quarter,8:15.0,Mike Bibby,VAN,False,2-pointer,19,41-53,'NYK',trails
222,222,222,200011270NYK,24.0,5.0,3rd quarter,7:50.0,Mike Bibby,VAN,True,2-pointer,0,43-53,'NYK',trails
223,223,223,200011270NYK,26.2,10.3,3rd quarter,7:10.0,Othella Harrington,VAN,False,2-pointer,6,43-53,'NYK',trails
224,224,224,200011270NYK,7.0,5.9,3rd quarter,6:36.0,Grant Long,VAN,True,2-pointer,17,45-53,'NYK',trails
225,225,225,200011270NYK,24.0,5.0,3rd quarter,6:09.0,Shareef Abdur-Rahim,VAN,True,2-pointer,0,47-55,'NYK',trails
226,226,226,200011270NYK,24.0,5.0,3rd quarter,5:41.0,Grant Long,VAN,True,2-pointer,0,50-55,'NYK',trails
227,227,227,200011270NYK,22.2,25.7,3rd quarter,4:59.0,Grant Long,VAN,False,2-pointer,21,50-58,'NYK',trails
228,228,228,200011270NYK,14.2,10.7,3rd quarter,4:31.0,Shareef Abdur-Rahim,VAN,False,2-pointer,11,50-60,'NYK',trails
229,229,229,200011270NYK,36.9,20.2,3rd quarter,3:55.0,Mike Bibby,VAN,False,2-pointer,20,50-60,'NYK',trails
230,230,230,200011270NYK,19.8,20.8,3rd quarter,3:34.0,Shareef Abdur-Rahim,VAN,False,2-pointer,16,50-60,'NYK',trails
231,231,231,200011270NYK,25.6,21.3,3rd quarter,3:06.0,Doug West,VAN,False,2-pointer,16,50-60,'NYK',trails
232,232,232,200011270NYK,23.6,8.6,3rd quarter,2:29.0,Shareef Abdur-Rahim,VAN,True,2-pointer,4,52-60,'NYK',trails
233,233,233,200011270NYK,19.8,14.7,3rd quarter,1:35.0,Shareef Abdur-Rahim,VAN,False,2-pointer,11,52-63,'NYK',trails
234,234,234,200011270NYK,8.5,24.0,3rd quarter,0:54.0,Damon Jones,VAN,False,3-pointer,25,52-65,'NYK',trails
235,235,235,200011270NYK,29.8,5.9,3rd quarter,0:28.0,Shareef Abdur-Rahim,VAN,False,2-pointer,6,52-67,'NYK',trails
236,236,236,200011270NYK,42.8,5.4,4th quarter,10:49.0,Bryant Reeves,VAN,False,2-pointer,19,54-72,'NYK',trails
237,237,237,200011270NYK,27.7,8.0,4th quarter,9:40.0,Othella Harrington,VAN,False,2-pointer,5,55-75,'NYK',trails
238,238,238,200011270NYK,45.0,17.9,4th quarter,9:27.0,Mike Bibby,VAN,False,3-pointer,25,55-75,'NYK',trails
239,239,239,200011270NYK,24.0,5.0,4th quarter,9:06.0,Othella Harrington,VAN,False,2-pointer,0,55-75,'NYK',trails
240,240,240,200011270NYK,24.0,5.0,4th quarter,8:06.0,Shareef Abdur-Rahim,VAN,False,2-pointer,0,55-77,'NYK',trails
241,241,241,200011270NYK,7.0,8.0,4th quarter,7:58.0,Mike Bibby,VAN,True,2-pointer,17,57-77,'NYK',trails
242,242,242,200011270NYK,30.4,24.0,4th quarter,7:31.0,Mahmoud Abdul-Rauf,VAN,False,2-pointer,20,57-77,'NYK',trails
243,243,243,200011270NYK,9.9,10.3,4th quarter,6:30.0,Grant Long,VAN,True,2-pointer,15,59-81,'NYK',trails
244,244,244,200011270NYK,24.0,5.0,4th quarter,5:28.0,Grant Long,VAN,False,2-pointer,0,61-86,'NYK',trails
245,245,245,200011270NYK,24.0,5.0,4th quarter,5:27.0,Grant Long,VAN,True,2-pointer,0,63-86,'NYK',trails
246,246,246,200011270NYK,19.8,25.0,4th quarter,4:10.0,Bryant Reeves,VAN,False,2-pointer,20,64-91,'NYK',trails
247,247,247,200011270NYK,31.3,5.9,4th quarter,3:36.0,Tony Massenburg,VAN,True,2-pointer,7,66-91,'NYK',trails
248,248,248,200011270NYK,7.8,6.5,4th quarter,2:52.0,Grant Long,VAN,True,2-pointer,16,68-93,'NYK',trails
249,249,249,200011270NYK,24.1,26.9,4th quarter,1:52.0,Bryant Reeves,VAN,False,2-pointer,22,70-93,'NYK',trails
250,250,250,200011270NYK,12.1,12.0,4th quarter,1:49.0,Mahmoud Abdul-Rauf,VAN,True,2-pointer,14,72-93,'NYK',trails
251,251,251,200011270NYK,11.2,12.0,4th quarter,1:06.0,Tony Massenburg,VAN,False,2-pointer,15,72-95,'NYK',trails
252,252,252,200011270NYK,43.5,5.4,4th quarter,0:45.5,Mahmoud Abdul-Rauf,VAN,False,2-pointer,20,72-97,'NYK',trails
253,253,253,200011270NYK,34.0,27.4,4th quarter,0:11.1,Grant Long,VAN,False,3-pointer,25,72-97,'NYK',trails
254,254,254,200011270NYK,36.9,25.7,1st quarter,11:40.0,Allan Houston,NYK,True,3-pointer,24,3-0,'NYK',leads
255,255,255,200011270NYK,36.9,13.7,1st quarter,10:11.0,Larry Johnson,NYK,False,2-pointer,16,5-0,'NYK',leads
256,256,256,200011270NYK,34.8,20.8,1st quarter,9:42.0,Allan Houston,NYK,True,2-pointer,19,7-0,'NYK',leads
257,257,257,200011270NYK,12.1,12.0,1st quarter,8:49.0,Allan Houston,NYK,False,2-pointer,14,7-3,'NYK',leads
258,258,258,200011270NYK,12.1,25.7,1st quarter,8:27.0,Latrell Sprewell,NYK,False,3-pointer,24,7-3,'NYK',leads
259,259,259,200011270NYK,16.3,5.0,1st quarter,7:55.0,Allan Houston,NYK,False,2-pointer,8,7-5,'NYK',leads
260,260,260,200011270NYK,24.1,8.6,1st quarter,7:54.0,Marcus Camby,NYK,True,2-pointer,4,9-5,'NYK',leads
261,261,261,200011270NYK,31.3,6.5,1st quarter,7:18.0,Glen Rice,NYK,True,2-pointer,7,11-5,'NYK',leads
262,262,262,200011270NYK,16.9,8.0,1st quarter,6:38.0,Marcus Camby,NYK,False,2-pointer,8,11-5,'NYK',leads
263,263,263,200011270NYK,24.0,5.0,1st quarter,6:26.0,Latrell Sprewell,NYK,True,2-pointer,0,13-5,'NYK',leads
264,264,264,200011270NYK,22.8,8.6,1st quarter,5:51.0,Latrell Sprewell,NYK,False,2-pointer,4,13-5,'NYK',leads
265,265,265,200011270NYK,46.2,8.6,1st quarter,4:48.0,Glen Rice,NYK,False,3-pointer,22,14-7,'NYK',leads
266,266,266,200011270NYK,31.9,9.2,1st quarter,4:28.0,Glen Rice,NYK,False,2-pointer,9,14-7,'NYK',leads
267,267,267,200011270NYK,13.5,22.9,1st quarter,3:47.0,Allan Houston,NYK,True,2-pointer,21,18-12,'NYK',leads
268,268,268,200011270NYK,15.6,10.3,1st quarter,3:14.0,Allan Houston,NYK,True,2-pointer,10,20-15,'NYK',leads
269,269,269,200011270NYK,24.0,5.0,1st quarter,2:41.0,Marcus Camby,NYK,True,2-pointer,0,22-15,'NYK',leads
270,270,270,200011270NYK,19.8,19.1,1st quarter,2:07.0,Marcus Camby,NYK,False,2-pointer,15,22-15,'NYK',leads
271,271,271,200011270NYK,32.5,10.3,1st quarter,1:39.0,Kurt Thomas,NYK,False,2-pointer,10,22-15,'NYK',leads
272,272,272,200011270NYK,26.2,22.9,1st quarter,0:00.2,Chris Childs,NYK,False,2-pointer,18,27-19,'NYK',leads
273,273,273,200011270NYK,24.0,5.0,2nd quarter,11:18.0,Kurt Thomas,NYK,True,2-pointer,0,29-19,'NYK',leads
274,274,274,200011270NYK,29.8,28.4,2nd quarter,9:38.0,Glen Rice,NYK,True,3-pointer,24,32-21,'NYK',leads
275,275,275,200011270NYK,24.0,5.0,2nd quarter,9:13.0,Kurt Thomas,NYK,True,2-pointer,0,34-21,'NYK',leads
276,276,276,200011270NYK,22.8,8.0,2nd quarter,7:34.0,Kurt Thomas,NYK,False,2-pointer,3,34-28,'NYK',leads
277,277,277,200011270NYK,28.3,6.9,2nd quarter,6:30.0,Larry Johnson,NYK,False,2-pointer,5,34-32,'NYK',leads
278,278,278,200011270NYK,24.0,5.0,2nd quarter,6:26.0,Kurt Thomas,NYK,False,2-pointer,0,34-32,'NYK',leads
279,279,279,200011270NYK,10.6,15.8,2nd quarter,6:07.0,Latrell Sprewell,NYK,False,2-pointer,17,34-32,'NYK',leads
280,280,280,200011270NYK,46.2,3.3,2nd quarter,5:27.0,Larry Johnson,NYK,False,3-pointer,22,34-32,'NYK',leads
281,281,281,200011270NYK,17.7,8.6,2nd quarter,4:53.0,Kurt Thomas,NYK,True,2-pointer,7,37-32,'NYK',leads
282,282,282,200011270NYK,24.0,5.0,2nd quarter,4:16.0,Marcus Camby,NYK,False,2-pointer,0,37-34,'NYK',leads
283,283,283,200011270NYK,24.7,8.6,2nd quarter,3:52.0,Larry Johnson,NYK,False,2-pointer,4,37-34,'NYK',leads
284,284,284,200011270NYK,24.0,5.0,2nd quarter,3:37.0,Larry Johnson,NYK,False,2-pointer,0,37-34,'NYK',leads
285,285,285,200011270NYK,24.0,5.0,2nd quarter,3:12.0,Marcus Camby,NYK,False,2-pointer,0,37-35,'NYK',leads
286,286,286,200011270NYK,25.6,30.1,2nd quarter,2:48.0,Glen Rice,NYK,True,3-pointer,25,40-35,'NYK',leads
287,287,287,200011270NYK,18.4,5.4,2nd quarter,1:59.0,Glen Rice,NYK,False,2-pointer,6,41-37,'NYK',leads
288,288,288,200011270NYK,24.0,5.0,2nd quarter,1:57.0,Glen Rice,NYK,False,2-pointer,0,41-37,'NYK',leads
289,289,289,200011270NYK,24.0,5.0,2nd quarter,1:56.0,Marcus Camby,NYK,False,2-pointer,0,41-37,'NYK',leads
290,290,290,200011270NYK,31.3,5.9,2nd quarter,1:26.0,Latrell Sprewell,NYK,False,2-pointer,7,41-37,'NYK',leads
291,291,291,200011270NYK,24.0,5.0,2nd quarter,1:23.0,Marcus Camby,NYK,True,2-pointer,0,43-37,'NYK',leads
292,292,292,200011270NYK,45.0,6.5,2nd quarter,0:39.8,Glen Rice,NYK,True,2-pointer,21,45-39,'NYK',leads
293,293,293,200011270NYK,11.2,6.5,3rd quarter,11:32.0,Allan Houston,NYK,True,2-pointer,13,47-39,'NYK',leads
294,294,294,200011270NYK,29.1,30.1,3rd quarter,10:42.0,Glen Rice,NYK,True,3-pointer,26,50-39,'NYK',leads
295,295,295,200011270NYK,47.1,5.0,3rd quarter,8:53.0,Larry Johnson,NYK,False,3-pointer,23,50-41,'NYK',leads
296,296,296,200011270NYK,8.5,24.6,3rd quarter,8:31.0,Latrell Sprewell,NYK,True,3-pointer,25,53-41,'NYK',leads
297,297,297,200011270NYK,24.7,29.1,3rd quarter,8:00.0,Glen Rice,NYK,False,3-pointer,24,53-41,'NYK',leads
298,298,298,200011270NYK,36.3,6.9,3rd quarter,7:35.0,Allan Houston,NYK,False,2-pointer,12,53-43,'NYK',leads
299,299,299,200011270NYK,32.5,9.2,3rd quarter,6:51.0,Larry Johnson,NYK,False,2-pointer,9,53-43,'NYK',leads
300,300,300,200011270NYK,23.6,10.7,3rd quarter,6:21.0,Allan Houston,NYK,False,2-pointer,6,53-45,'NYK',leads
301,301,301,200011270NYK,24.0,5.0,3rd quarter,6:19.0,Larry Johnson,NYK,True,2-pointer,0,55-45,'NYK',leads
302,302,302,200011270NYK,10.6,12.6,3rd quarter,5:54.0,Allan Houston,NYK,False,2-pointer,15,55-48,'NYK',leads
303,303,303,200011270NYK,10.6,26.9,3rd quarter,5:19.0,Latrell Sprewell,NYK,True,3-pointer,26,58-50,'NYK',leads
304,304,304,200011270NYK,12.7,6.5,3rd quarter,4:17.0,Latrell Sprewell,NYK,False,2-pointer,11,60-50,'NYK',leads
305,305,305,200011270NYK,24.0,5.0,3rd quarter,3:14.0,Larry Johnson,NYK,False,2-pointer,0,60-50,'NYK',leads
306,306,306,200011270NYK,21.3,19.1,3rd quarter,2:46.0,Marcus Camby,NYK,False,2-pointer,14,60-50,'NYK',leads
307,307,307,200011270NYK,24.0,5.0,3rd quarter,2:08.0,Allan Houston,NYK,False,2-pointer,0,60-52,'NYK',leads
308,308,308,200011270NYK,24.0,5.0,3rd quarter,2:06.0,Allan Houston,NYK,False,2-pointer,0,60-52,'NYK',leads
309,309,309,200011270NYK,46.2,14.7,3rd quarter,1:57.0,Glen Rice,NYK,True,3-pointer,24,63-52,'NYK',leads
310,310,310,200011270NYK,39.9,22.9,3rd quarter,0:05.0,Glen Rice,NYK,True,3-pointer,24,70-52,'NYK',leads
311,311,311,200011270NYK,16.9,24.6,4th quarter,11:50.0,Glen Rice,NYK,False,2-pointer,21,70-52,'NYK',leads
312,312,312,200011270NYK,36.3,19.8,4th quarter,11:15.0,Chris Childs,NYK,True,2-pointer,19,72-54,'NYK',leads
313,313,313,200011270NYK,24.7,12.6,4th quarter,10:29.0,Kurt Thomas,NYK,False,2-pointer,8,72-54,'NYK',leads
314,314,314,200011270NYK,24.0,5.0,4th quarter,9:52.0,Larry Johnson,NYK,True,2-pointer,0,74-55,'NYK',leads
315,315,315,200011270NYK,31.9,23.6,4th quarter,9:17.0,Chris Childs,NYK,False,2-pointer,20,75-55,'NYK',leads
316,316,316,200011270NYK,6.4,8.0,4th quarter,8:50.0,Latrell Sprewell,NYK,True,2-pointer,18,77-55,'NYK',leads
317,317,317,200011270NYK,29.1,10.3,4th quarter,8:20.0,Kurt Thomas,NYK,False,2-pointer,7,77-55,'NYK',leads
318,318,318,200011270NYK,24.0,5.0,4th quarter,7:14.0,Latrell Sprewell,NYK,True,2-pointer,0,79-57,'NYK',leads
319,319,319,200011270NYK,24.7,12.6,4th quarter,6:14.0,Latrell Sprewell,NYK,True,2-pointer,8,83-59,'NYK',leads
320,320,320,200011270NYK,14.8,27.4,4th quarter,5:46.0,Allan Houston,NYK,True,3-pointer,24,86-61,'NYK',leads
321,321,321,200011270NYK,24.0,5.0,4th quarter,5:06.0,Kurt Thomas,NYK,True,2-pointer,0,88-63,'NYK',leads
322,322,322,200011270NYK,11.2,25.7,4th quarter,4:24.0,Allan Houston,NYK,True,3-pointer,24,91-64,'NYK',leads
323,323,323,200011270NYK,36.3,17.5,4th quarter,3:53.0,Latrell Sprewell,NYK,False,2-pointer,18,91-64,'NYK',leads
324,324,324,200011270NYK,31.3,20.8,4th quarter,3:13.0,Lavor Postell,NYK,True,2-pointer,17,93-66,'NYK',leads
325,325,325,200011270NYK,24.0,5.0,4th quarter,1:17.0,Luc Longley,NYK,True,2-pointer,0,95-72,'NYK',leads
326,326,326,200011270NYK,24.0,5.0,4th quarter,0:58.6,Rick Brunson,NYK,False,2-pointer,0,95-72,'NYK',leads
327,327,327,200011270NYK,24.0,5.0,4th quarter,0:57.5,Rick Brunson,NYK,True,2-pointer,0,97-72,'NYK',leads
328,328,328,200011270ORL,24.3,26.3,1st quarter,11:44.0,Sam Cassell,MIL,False,2-pointer,21,0-0,'ORL',tied
329,329,329,200011270ORL,24.0,5.0,1st quarter,11:41.0,Tim Thomas,MIL,True,2-pointer,0,2-0,'ORL',leads
330,330,330,200011270ORL,1.1,5.9,1st quarter,11:19.0,Tim Thomas,MIL,False,3-pointer,23,2-0,'ORL',leads
331,331,331,200011270ORL,36.9,23.4,1st quarter,10:17.0,Tim Thomas,MIL,False,2-pointer,22,3-5,'ORL',trails
332,332,332,200011270ORL,9.3,12.8,1st quarter,9:33.0,Sam Cassell,MIL,False,2-pointer,17,3-8,'ORL',trails
333,333,333,200011270ORL,28.5,8.4,1st quarter,9:12.0,Tim Thomas,MIL,False,2-pointer,6,3-8,'ORL',trails
334,334,334,200011270ORL,24.0,5.0,1st quarter,8:22.0,Jason Caffey,MIL,True,2-pointer,0,7-8,'ORL',trails
335,335,335,200011270ORL,22.2,27.2,1st quarter,8:05.0,Sam Cassell,MIL,False,2-pointer,22,7-8,'ORL',trails
336,336,336,200011270ORL,24.0,5.0,1st quarter,7:28.0,Jason Caffey,MIL,True,2-pointer,0,9-8,'ORL',leads
337,337,337,200011270ORL,24.0,5.0,1st quarter,6:35.0,Jason Caffey,MIL,False,2-pointer,0,9-10,'ORL',trails
338,338,338,200011270ORL,12.9,24.4,1st quarter,6:09.0,Mark Pope,MIL,True,2-pointer,22,11-12,'ORL',trails
339,339,339,200011270ORL,9.3,12.8,1st quarter,4:45.0,Tim Thomas,MIL,False,2-pointer,17,11-12,'ORL',trails
340,340,340,200011270ORL,24.1,9.0,1st quarter,4:42.0,Glenn Robinson,MIL,False,2-pointer,4,11-12,'ORL',trails
341,341,341,200011270ORL,33.6,28.2,1st quarter,4:35.0,Ray Allen,MIL,True,3-pointer,25,14-12,'ORL',leads
342,342,342,200011270ORL,10.2,10.5,1st quarter,4:11.0,Ray Allen,MIL,True,2-pointer,15,16-14,'ORL',leads
343,343,343,200011270ORL,36.9,19.6,1st quarter,3:40.0,Tim Thomas,MIL,True,2-pointer,19,18-16,'ORL',leads
344,344,344,200011270ORL,17.3,10.5,1st quarter,3:11.0,Sam Cassell,MIL,True,2-pointer,9,20-18,'ORL',leads
345,345,345,200011270ORL,10.2,27.2,1st quarter,2:52.0,Tim Thomas,MIL,False,3-pointer,26,20-18,'ORL',leads
346,346,346,200011270ORL,24.0,5.0,1st quarter,2:19.0,Ray Allen,MIL,True,2-pointer,0,22-20,'ORL',leads
347,347,347,200011270ORL,25.6,10.1,1st quarter,1:58.0,Ervin Johnson,MIL,False,2-pointer,5,22-20,'ORL',leads
348,348,348,200011270ORL,24.0,5.0,1st quarter,1:12.0,Tim Thomas,MIL,True,2-pointer,0,24-22,'ORL',leads
349,349,349,200011270ORL,37.8,8.4,1st quarter,0:19.7,Tim Thomas,MIL,True,2-pointer,14,26-24,'ORL',leads
350,350,350,200011270ORL,15.2,6.3,1st quarter,0:00.0,Tim Thomas,MIL,False,2-pointer,9,26-26,'ORL',tied
351,351,351,200011270ORL,10.2,21.7,2nd quarter,11:28.0,Jerome Kersey,MIL,False,2-pointer,22,26-26,'ORL',tied
352,352,352,200011270ORL,5.1,23.4,2nd quarter,11:02.0,Lindsey Hunter,MIL,True,3-pointer,26,29-26,'ORL',leads
353,353,353,200011270ORL,3.0,19.6,2nd quarter,10:31.0,Ray Allen,MIL,False,3-pointer,26,29-26,'ORL',leads
354,354,354,200011270ORL,38.4,16.6,2nd quarter,10:13.0,Glenn Robinson,MIL,False,2-pointer,18,29-26,'ORL',leads
355,355,355,200011270ORL,0.9,5.2,2nd quarter,9:32.0,Lindsey Hunter,MIL,True,3-pointer,23,32-28,'ORL',leads
356,356,356,200011270ORL,13.7,22.7,2nd quarter,8:58.0,Sam Cassell,MIL,False,2-pointer,20,32-30,'ORL',leads
357,357,357,200011270ORL,42.0,22.7,2nd quarter,7:42.0,Lindsey Hunter,MIL,False,3-pointer,25,32-30,'ORL',leads
358,358,358,200011270ORL,39.0,5.2,2nd quarter,7:20.0,Ervin Johnson,MIL,False,2-pointer,15,32-30,'ORL',leads
359,359,359,200011270ORL,39.0,8.4,2nd quarter,6:47.0,Glenn Robinson,MIL,False,2-pointer,15,32-32,'ORL',tied
360,360,360,200011270ORL,5.9,5.2,2nd quarter,6:22.0,Ray Allen,MIL,True,2-pointer,18,34-32,'ORL',leads
361,361,361,200011270ORL,26.2,30.5,2nd quarter,5:51.0,Glenn Robinson,MIL,False,3-pointer,26,34-32,'ORL',leads
362,362,362,200011270ORL,24.0,5.0,2nd quarter,5:44.0,Jason Caffey,MIL,True,2-pointer,0,36-32,'ORL',leads
363,363,363,200011270ORL,42.0,4.8,2nd quarter,4:54.0,Glenn Robinson,MIL,True,2-pointer,18,39-32,'ORL',leads
364,364,364,200011270ORL,21.5,25.5,2nd quarter,4:22.0,Glenn Robinson,MIL,True,2-pointer,21,41-32,'ORL',leads
365,365,365,200011270ORL,0.9,12.4,2nd quarter,3:21.0,Ray Allen,MIL,True,3-pointer,24,45-33,'ORL',leads
366,366,366,200011270ORL,1.5,6.3,2nd quarter,2:36.0,Tim Thomas,MIL,True,3-pointer,23,48-35,'ORL',leads
367,367,367,200011270ORL,35.7,27.8,2nd quarter,1:56.0,Glenn Robinson,MIL,True,3-pointer,26,51-37,'ORL',leads
368,368,368,200011270ORL,1.5,8.4,2nd quarter,1:17.0,Sam Cassell,MIL,True,3-pointer,23,54-40,'ORL',leads
369,369,369,200011270ORL,24.0,5.0,2nd quarter,0:30.8,Ervin Johnson,MIL,True,2-pointer,0,56-40,'ORL',leads
370,370,370,200011270ORL,10.2,5.7,3rd quarter,11:03.0,Sam Cassell,MIL,True,2-pointer,14,58-48,'ORL',leads
371,371,371,200011270ORL,17.8,28.9,3rd quarter,10:24.0,Mark Pope,MIL,False,3-pointer,25,58-48,'ORL',leads
372,372,372,200011270ORL,10.8,27.8,3rd quarter,10:22.0,Sam Cassell,MIL,True,3-pointer,26,61-48,'ORL',leads
373,373,373,200011270ORL,9.9,21.3,3rd quarter,9:48.0,Sam Cassell,MIL,True,2-pointer,22,63-48,'ORL',leads
374,374,374,200011270ORL,24.0,5.0,3rd quarter,9:29.0,Ray Allen,MIL,True,2-pointer,0,65-48,'ORL',leads
375,375,375,200011270ORL,5.9,26.1,3rd quarter,9:04.0,Ray Allen,MIL,False,3-pointer,28,65-48,'ORL',leads
376,376,376,200011270ORL,3.6,3.5,3rd quarter,7:23.0,Lindsey Hunter,MIL,False,2-pointer,20,65-52,'ORL',leads
377,377,377,200011270ORL,24.0,5.0,3rd quarter,7:20.0,Mark Pope,MIL,True,2-pointer,0,67-52,'ORL',leads
378,378,378,200011270ORL,41.4,24.8,3rd quarter,6:43.0,Ray Allen,MIL,False,3-pointer,26,67-52,'ORL',leads
379,379,379,200011270ORL,9.3,16.2,3rd quarter,6:18.0,Tim Thomas,MIL,False,2-pointer,18,67-54,'ORL',leads
380,380,380,200011270ORL,37.8,7.3,3rd quarter,5:10.0,Ray Allen,MIL,False,2-pointer,14,69-57,'ORL',leads
381,381,381,200011270ORL,23.6,16.6,3rd quarter,4:33.0,Glenn Robinson,MIL,True,2-pointer,12,71-57,'ORL',leads
382,382,382,200011270ORL,24.0,5.0,3rd quarter,3:48.0,Ray Allen,MIL,True,2-pointer,0,73-58,'ORL',leads
383,383,383,200011270ORL,26.2,11.1,3rd quarter,3:15.0,Tim Thomas,MIL,False,2-pointer,6,73-60,'ORL',leads
384,384,384,200011270ORL,12.9,24.4,3rd quarter,3:09.0,Lindsey Hunter,MIL,False,2-pointer,22,73-60,'ORL',leads
385,385,385,200011270ORL,27.7,18.9,3rd quarter,2:55.0,Glenn Robinson,MIL,False,2-pointer,14,73-60,'ORL',leads
386,386,386,200011270ORL,10.8,9.5,3rd quarter,2:31.0,Glenn Robinson,MIL,True,2-pointer,14,75-61,'ORL',leads
387,387,387,200011270ORL,7.2,11.1,3rd quarter,1:57.0,Glenn Robinson,MIL,True,2-pointer,18,77-61,'ORL',leads
388,388,388,200011270ORL,38.4,7.3,3rd quarter,1:12.0,Glenn Robinson,MIL,True,2-pointer,15,79-61,'ORL',leads
389,389,389,200011270ORL,30.0,30.5,3rd quarter,0:39.3,Glenn Robinson,MIL,False,3-pointer,26,79-61,'ORL',leads
390,390,390,200011270ORL,4.5,5.7,3rd quarter,0:05.2,Mark Pope,MIL,True,2-pointer,20,81-61,'ORL',leads
391,391,391,200011270ORL,27.7,13.9,4th quarter,11:23.0,Lindsey Hunter,MIL,False,2-pointer,10,81-66,'ORL',leads
392,392,392,200011270ORL,32.7,32.6,4th quarter,10:33.0,Rafer Alston,MIL,False,3-pointer,29,82-66,'ORL',leads
393,393,393,200011270ORL,24.0,5.0,4th quarter,8:28.0,Tim Thomas,MIL,False,2-pointer,0,83-70,'ORL',leads
394,394,394,200011270ORL,24.0,5.0,4th quarter,8:15.0,Rafer Alston,MIL,True,2-pointer,0,85-70,'ORL',leads
395,395,395,200011270ORL,24.0,5.0,4th quarter,7:11.0,Jason Caffey,MIL,False,2-pointer,0,87-70,'ORL',leads
396,396,396,200011270ORL,17.3,16.2,4th quarter,6:11.0,Glenn Robinson,MIL,False,2-pointer,13,89-72,'ORL',leads
397,397,397,200011270ORL,38.4,27.2,4th quarter,5:41.0,Sam Cassell,MIL,False,3-pointer,26,89-74,'ORL',leads
398,398,398,200011270ORL,24.0,5.0,4th quarter,5:29.0,Tim Thomas,MIL,False,2-pointer,0,89-74,'ORL',leads
399,399,399,200011270ORL,24.0,5.0,4th quarter,5:25.0,Tim Thomas,MIL,False,2-pointer,0,89-74,'ORL',leads
400,400,400,200011270ORL,1.5,6.3,4th quarter,3:56.0,Tim Thomas,MIL,False,3-pointer,23,93-81,'ORL',leads
401,401,401,200011270ORL,44.3,21.7,4th quarter,3:28.0,Ray Allen,MIL,True,3-pointer,26,96-81,'ORL',leads
402,402,402,200011270ORL,14.4,6.3,4th quarter,2:56.0,Sam Cassell,MIL,False,2-pointer,10,96-81,'ORL',leads
403,403,403,200011270ORL,23.6,10.1,4th quarter,2:30.0,Tim Thomas,MIL,True,2-pointer,5,98-84,'ORL',leads
404,404,404,200011270ORL,21.5,17.2,4th quarter,1:51.0,Sam Cassell,MIL,False,2-pointer,12,98-87,'ORL',leads
405,405,405,200011270ORL,24.0,5.0,4th quarter,0:51.3,Glenn Robinson,MIL,True,2-pointer,0,104-92,'ORL',leads
406,406,406,200011270ORL,19.0,25.0,1st quarter,11:27.0,Darrell Armstrong,ORL,False,2-pointer,21,0-2,'ORL',trails
407,407,407,200011270ORL,5.9,13.5,1st quarter,11:10.0,Mike Miller,ORL,True,2-pointer,20,2-2,'ORL',tied
408,408,408,200011270ORL,40.5,22.7,1st quarter,10:33.0,Mike Miller,ORL,True,3-pointer,24,5-3,'ORL',leads
409,409,409,200011270ORL,24.0,5.0,1st quarter,10:02.0,Michael Doleac,ORL,False,2-pointer,0,5-3,'ORL',leads
410,410,410,200011270ORL,39.0,24.8,1st quarter,9:53.0,Darrell Armstrong,ORL,True,3-pointer,25,8-3,'ORL',leads
411,411,411,200011270ORL,47.1,9.0,1st quarter,8:43.0,Mike Miller,ORL,False,3-pointer,23,8-5,'ORL',leads
412,412,412,200011270ORL,6.6,24.4,1st quarter,7:48.0,Mike Miller,ORL,False,3-pointer,26,8-7,'ORL',leads
413,413,413,200011270ORL,39.9,24.4,1st quarter,6:56.0,Darrell Armstrong,ORL,False,3-pointer,25,8-9,'ORL',trails
414,414,414,200011270ORL,24.0,5.0,1st quarter,6:52.0,Michael Doleac,ORL,True,2-pointer,0,10-9,'ORL',leads
415,415,415,200011270ORL,24.0,5.0,1st quarter,6:24.0,Bo Outlaw,ORL,True,2-pointer,0,12-9,'ORL',leads
416,416,416,200011270ORL,30.6,5.7,1st quarter,5:39.0,Michael Doleac,ORL,False,2-pointer,7,12-11,'ORL',leads
417,417,417,200011270ORL,24.0,5.0,1st quarter,5:02.0,Bo Outlaw,ORL,False,2-pointer,0,12-11,'ORL',leads
418,418,418,200011270ORL,24.0,5.0,1st quarter,3:29.0,Bo Outlaw,ORL,True,2-pointer,0,18-18,'ORL',tied
419,419,419,200011270ORL,23.6,24.8,1st quarter,3:01.0,Michael Doleac,ORL,False,2-pointer,20,18-20,'ORL',trails
420,420,420,200011270ORL,22.2,27.2,1st quarter,2:10.0,Pat Garrity,ORL,False,2-pointer,22,20-22,'ORL',trails
421,421,421,200011270ORL,24.0,5.0,1st quarter,2:06.0,Troy Hudson,ORL,False,2-pointer,0,20-22,'ORL',trails
422,422,422,200011270ORL,12.9,27.8,1st quarter,1:38.0,Troy Hudson,ORL,False,3-pointer,25,20-22,'ORL',trails
423,423,423,200011270ORL,16.7,23.4,1st quarter,1:35.0,John Amaechi,ORL,False,2-pointer,20,20-22,'ORL',trails
424,424,424,200011270ORL,24.0,5.0,1st quarter,0:43.0,Mike Miller,ORL,False,2-pointer,0,22-24,'ORL',trails
425,425,425,200011270ORL,24.0,5.0,1st quarter,0:40.7,Andrew DeClercq,ORL,True,2-pointer,0,24-24,'ORL',tied
426,426,426,200011270ORL,36.3,17.7,1st quarter,0:04.4,Pat Garrity,ORL,True,2-pointer,18,26-26,'ORL',tied
427,427,427,200011270ORL,9.3,10.1,2nd quarter,11:44.0,Pat Garrity,ORL,False,2-pointer,16,26-26,'ORL',tied
428,428,428,200011270ORL,23.0,12.4,2nd quarter,11:11.0,Monty Williams,ORL,False,2-pointer,7,26-26,'ORL',tied
429,429,429,200011270ORL,24.0,5.0,2nd quarter,10:22.0,Monty Williams,ORL,False,2-pointer,0,26-29,'ORL',trails
430,430,430,200011270ORL,25.6,10.1,2nd quarter,9:55.0,Andrew DeClercq,ORL,False,2-pointer,5,26-29,'ORL',trails
431,431,431,200011270ORL,24.0,5.0,2nd quarter,9:45.0,Andrew DeClercq,ORL,True,2-pointer,0,28-29,'ORL',trails
432,432,432,200011270ORL,24.0,5.0,2nd quarter,9:17.0,Troy Hudson,ORL,True,2-pointer,0,30-32,'ORL',trails
433,433,433,200011270ORL,36.9,20.6,2nd quarter,8:12.0,Pat Garrity,ORL,False,2-pointer,20,30-32,'ORL',trails
434,434,434,200011270ORL,32.7,19.6,2nd quarter,7:03.0,John Amaechi,ORL,True,2-pointer,17,32-32,'ORL',tied
435,435,435,200011270ORL,11.4,23.8,2nd quarter,6:09.0,Darrell Armstrong,ORL,False,2-pointer,23,32-34,'ORL',trails
436,436,436,200011270ORL,25.6,10.1,2nd quarter,5:59.0,Michael Doleac,ORL,False,2-pointer,5,32-34,'ORL',trails
437,437,437,200011270ORL,9.3,26.1,2nd quarter,5:20.0,Mike Miller,ORL,False,3-pointer,26,32-36,'ORL',trails
438,438,438,200011270ORL,24.0,5.0,2nd quarter,5:06.0,Darrell Armstrong,ORL,False,2-pointer,0,32-37,'ORL',trails
439,439,439,200011270ORL,23.6,21.7,2nd quarter,4:33.0,Michael Doleac,ORL,False,2-pointer,17,32-39,'ORL',trails
440,440,440,200011270ORL,18.8,20.6,2nd quarter,4:03.0,Mike Miller,ORL,False,2-pointer,16,32-41,'ORL',trails
441,441,441,200011270ORL,23.0,18.9,2nd quarter,3:01.0,Pat Garrity,ORL,True,2-pointer,14,35-45,'ORL',trails
442,442,442,200011270ORL,5.9,5.2,2nd quarter,2:17.0,Mike Miller,ORL,True,2-pointer,18,37-48,'ORL',trails
443,443,443,200011270ORL,13.7,29.3,2nd quarter,1:43.0,Darrell Armstrong,ORL,True,3-pointer,26,40-51,'ORL',trails
444,444,444,200011270ORL,16.7,7.8,2nd quarter,1:04.0,Bo Outlaw,ORL,False,2-pointer,8,40-54,'ORL',trails
445,445,445,200011270ORL,16.7,24.4,2nd quarter,0:45.8,Darrell Armstrong,ORL,False,2-pointer,21,40-54,'ORL',trails
446,446,446,200011270ORL,46.4,7.3,2nd quarter,0:07.6,Mike Miller,ORL,True,3-pointer,23,43-56,'ORL',trails
447,447,447,200011270ORL,8.7,26.7,2nd quarter,0:00.2,Troy Hudson,ORL,False,3-pointer,27,43-56,'ORL',trails
448,448,448,200011270ORL,24.0,5.0,3rd quarter,11:48.0,Darrell Armstrong,ORL,True,2-pointer,0,45-56,'ORL',trails
449,449,449,200011270ORL,5.1,22.1,3rd quarter,11:17.0,Darrell Armstrong,ORL,True,3-pointer,25,48-56,'ORL',trails
450,450,450,200011270ORL,0.0,5.7,3rd quarter,10:43.0,Darrell Armstrong,ORL,False,3-pointer,24,48-58,'ORL',trails
451,451,451,200011270ORL,9.3,20.6,3rd quarter,9:35.0,Monty Williams,ORL,False,2-pointer,21,48-63,'ORL',trails
452,452,452,200011270ORL,3.0,5.7,3rd quarter,9:11.0,Pat Garrity,ORL,False,2-pointer,21,48-65,'ORL',trails
453,453,453,200011270ORL,24.0,5.0,3rd quarter,8:59.0,Mike Miller,ORL,True,2-pointer,0,50-65,'ORL',trails
454,454,454,200011270ORL,5.9,24.4,3rd quarter,8:27.0,Mike Miller,ORL,False,3-pointer,27,50-65,'ORL',trails
455,455,455,200011270ORL,24.0,5.0,3rd quarter,8:21.0,Pat Garrity,ORL,False,2-pointer,0,50-65,'ORL',trails
456,456,456,200011270ORL,24.0,5.0,3rd quarter,8:20.0,John Amaechi,ORL,False,2-pointer,0,50-65,'ORL',trails
457,457,457,200011270ORL,10.2,19.6,3rd quarter,7:06.0,John Amaechi,ORL,False,2-pointer,20,52-67,'ORL',trails
458,458,458,200011270ORL,34.2,29.9,3rd quarter,5:19.0,John Amaechi,ORL,False,3-pointer,27,57-69,'ORL',trails
459,459,459,200011270ORL,35.7,29.3,3rd quarter,4:55.0,Darrell Armstrong,ORL,False,3-pointer,27,57-69,'ORL',trails
460,460,460,200011270ORL,47.1,7.3,3rd quarter,3:56.0,Mike Miller,ORL,False,3-pointer,23,58-71,'ORL',trails
461,461,461,200011270ORL,24.0,5.0,3rd quarter,3:01.0,Troy Hudson,ORL,False,2-pointer,0,60-73,'ORL',trails
462,462,462,200011270ORL,24.0,5.0,3rd quarter,2:14.0,John Amaechi,ORL,False,2-pointer,0,61-75,'ORL',trails
463,463,463,200011270ORL,36.9,22.7,3rd quarter,0:49.1,Darrell Armstrong,ORL,False,2-pointer,22,61-79,'ORL',trails
464,464,464,200011270ORL,24.0,5.0,3rd quarter,0:29.5,Don Reid,ORL,False,2-pointer,0,61-79,'ORL',trails
465,465,465,200011270ORL,4.5,11.8,4th quarter,10:55.0,Troy Hudson,ORL,False,2-pointer,21,66-82,'ORL',trails
466,466,466,200011270ORL,24.0,5.0,4th quarter,10:25.0,Darrell Armstrong,ORL,True,2-pointer,0,68-82,'ORL',trails
467,467,467,200011270ORL,46.4,6.3,4th quarter,9:49.0,Troy Hudson,ORL,False,3-pointer,22,68-83,'ORL',trails
468,468,468,200011270ORL,19.4,7.3,4th quarter,9:12.0,Monty Williams,ORL,True,2-pointer,5,70-83,'ORL',trails
469,469,469,200011270ORL,24.1,25.5,4th quarter,8:44.0,Mike Miller,ORL,False,2-pointer,21,70-83,'ORL',trails
470,470,470,200011270ORL,1.5,12.4,4th quarter,8:20.0,Darrell Armstrong,ORL,False,3-pointer,24,70-83,'ORL',trails
471,471,471,200011270ORL,38.4,14.9,4th quarter,7:50.0,Mike Miller,ORL,False,2-pointer,17,70-85,'ORL',trails
472,472,472,200011270ORL,12.3,27.8,4th quarter,7:34.0,Mike Miller,ORL,False,3-pointer,26,70-87,'ORL',trails
473,473,473,200011270ORL,23.6,11.1,4th quarter,6:58.0,Don Reid,ORL,True,2-pointer,6,72-87,'ORL',trails
474,474,474,200011270ORL,28.5,26.7,4th quarter,6:31.0,Mike Miller,ORL,False,2-pointer,22,72-89,'ORL',trails
475,475,475,200011270ORL,24.0,5.0,4th quarter,6:04.0,Darrell Armstrong,ORL,False,2-pointer,0,72-89,'ORL',trails
476,476,476,200011270ORL,24.0,5.0,4th quarter,5:16.0,Pat Garrity,ORL,True,2-pointer,0,76-89,'ORL',trails
477,477,477,200011270ORL,5.1,22.7,4th quarter,4:53.0,Darrell Armstrong,ORL,False,3-pointer,26,78-91,'ORL',trails
478,478,478,200011270ORL,36.3,18.9,4th quarter,4:31.0,Troy Hudson,ORL,False,2-pointer,19,78-93,'ORL',trails
479,479,479,200011270ORL,11.4,12.4,4th quarter,4:26.0,Pat Garrity,ORL,False,2-pointer,15,78-93,'ORL',trails
480,480,480,200011270ORL,42.8,22.7,4th quarter,4:16.0,Pat Garrity,ORL,True,3-pointer,26,81-93,'ORL',trails
481,481,481,200011270ORL,17.3,29.9,4th quarter,2:47.0,Pat Garrity,ORL,True,3-pointer,26,84-96,'ORL',trails
482,482,482,200011270ORL,23.0,11.1,4th quarter,2:23.0,Darrell Armstrong,ORL,False,2-pointer,6,84-98,'ORL',trails
483,483,483,200011270ORL,24.0,5.0,4th quarter,2:09.0,Pat Garrity,ORL,True,2-pointer,0,86-98,'ORL',trails
484,484,484,200011270ORL,24.0,5.0,4th quarter,1:26.0,Troy Hudson,ORL,False,2-pointer,0,87-98,'ORL',trails
485,485,485,200011270ORL,32.7,27.8,4th quarter,1:08.0,Pat Garrity,ORL,True,3-pointer,24,90-100,'ORL',trails
486,486,486,200011270ORL,35.7,7.3,4th quarter,0:01.2,Mike Miller,ORL,True,2-pointer,12,95-104,'ORL',trails
