,Unnamed: 0.1,Unnamed: 0,match_id,shotX,shotY,quarter,time_remaining,player,team,made,shot_type,distance,score,opp,status
0,0,0,200011120DEN,10.8,13.0,1st quarter,11:09.0,Jeff McInnis,LAC,False,2-pointer,15,0-2,'DEN',trails
1,1,1,200011120DEN,23.6,13.0,1st quarter,10:35.0,Brian Skinner,LAC,True,2-pointer,8,2-4,'DEN',trails
2,2,2,200011120DEN,35.5,5.0,1st quarter,10:04.0,Jeff McInnis,LAC,True,2-pointer,12,4-4,'DEN',tied
3,3,3,200011120DEN,16.5,6.9,1st quarter,9:44.0,Michael Olowokandi,LAC,True,2-pointer,8,6-4,'DEN',leads
4,4,4,200011120DEN,24.0,5.0,1st quarter,9:22.0,Brian Skinner,LAC,True,2-pointer,0,8-4,'DEN',leads
5,5,5,200011120DEN,24.0,5.0,1st quarter,8:58.0,Brian Skinner,LAC,False,2-pointer,0,8-4,'DEN',leads
6,6,6,200011120DEN,24.7,31.4,1st quarter,8:34.0,Tyrone Nesby,LAC,False,3-pointer,26,8-4,'DEN',leads
7,7,7,200011120DEN,19.2,8.0,1st quarter,8:03.0,Brian Skinner,LAC,True,2-pointer,6,10-6,'DEN',leads
8,8,8,200011120DEN,23.6,20.2,1st quarter,7:26.0,Lamar Odom,LAC,True,2-pointer,15,12-6,'DEN',leads
9,9,9,200011120DEN,9.3,5.0,1st quarter,6:55.0,Jeff McInnis,LAC,False,2-pointer,15,13-8,'DEN',leads
10,10,10,200011120DEN,7.8,26.3,1st quarter,6:40.0,Tyrone Nesby,LAC,False,3-pointer,27,13-10,'DEN',leads
11,11,11,200011120DEN,24.0,5.0,1st quarter,6:36.0,Brian Skinner,LAC,True,2-pointer,0,15-10,'DEN',leads
12,12,12,200011120DEN,24.0,5.0,1st quarter,6:15.0,Darius Miles,LAC,False,2-pointer,0,15-10,'DEN',leads
13,13,13,200011120DEN,24.0,5.0,1st quarter,6:09.0,Tyrone Nesby,LAC,True,2-pointer,0,17-10,'DEN',leads
14,14,14,200011120DEN,24.0,5.0,1st quarter,5:36.0,Darius Miles,LAC,False,2-pointer,0,17-12,'DEN',leads
15,15,15,200011120DEN,28.9,30.3,1st quarter,5:01.0,Quentin Richardson,LAC,False,3-pointer,26,17-12,'DEN',leads
16,16,16,200011120DEN,0.2,6.9,1st quarter,3:25.0,Eric Piatkowski,LAC,False,3-pointer,24,23-19,'DEN',leads
17,17,17,200011120DEN,29.8,8.4,1st quarter,2:57.0,Brian Skinner,LAC,False,2-pointer,7,23-22,'DEN',leads
18,18,18,200011120DEN,24.0,5.0,1st quarter,2:51.0,Quentin Richardson,LAC,False,2-pointer,0,23-22,'DEN',leads
19,19,19,200011120DEN,24.0,5.0,1st quarter,2:44.0,Brian Skinner,LAC,True,2-pointer,0,25-22,'DEN',leads
20,20,20,200011120DEN,24.0,5.0,1st quarter,2:32.0,Darius Miles,LAC,True,2-pointer,0,27-22,'DEN',leads
21,21,21,200011120DEN,24.0,5.0,1st quarter,1:21.0,Keyon Dooling,LAC,False,2-pointer,0,29-23,'DEN',leads
22,22,22,200011120DEN,10.2,28.0,1st quarter,0:46.9,Quentin Richardson,LAC,False,3-pointer,27,29-23,'DEN',leads
23,23,23,200011120DEN,24.0,5.0,2nd quarter,11:53.0,Tyrone Nesby,LAC,True,2-pointer,0,31-23,'DEN',leads
24,24,24,200011120DEN,36.1,17.9,2nd quarter,11:24.0,Tyrone Nesby,LAC,False,2-pointer,18,31-23,'DEN',leads
25,25,25,200011120DEN,44.5,23.6,2nd quarter,10:18.0,Tyrone Nesby,LAC,False,3-pointer,28,31-27,'DEN',leads
26,26,26,200011120DEN,34.8,4.8,2nd quarter,9:36.0,Michael Olowokandi,LAC,False,2-pointer,11,31-29,'DEN',leads
27,27,27,200011120DEN,20.7,9.7,2nd quarter,9:11.0,Michael Olowokandi,LAC,False,2-pointer,6,31-31,'DEN',tied
28,28,28,200011120DEN,24.0,5.0,2nd quarter,7:48.0,Corey Maggette,LAC,False,2-pointer,0,31-35,'DEN',trails
29,29,29,200011120DEN,24.0,5.0,2nd quarter,7:20.0,Corey Maggette,LAC,True,2-pointer,0,34-35,'DEN',trails
30,30,30,200011120DEN,29.8,8.0,2nd quarter,6:28.0,Michael Olowokandi,LAC,True,2-pointer,7,36-37,'DEN',trails
31,31,31,200011120DEN,24.0,5.0,2nd quarter,6:08.0,Jeff McInnis,LAC,True,2-pointer,0,38-40,'DEN',trails
32,32,32,200011120DEN,24.1,21.3,2nd quarter,5:13.0,Lamar Odom,LAC,False,2-pointer,16,38-40,'DEN',trails
33,33,33,200011120DEN,0.2,9.0,2nd quarter,5:08.0,Jeff McInnis,LAC,False,3-pointer,24,38-40,'DEN',trails
34,34,34,200011120DEN,24.7,11.3,2nd quarter,4:15.0,Sean Rooks,LAC,False,2-pointer,6,39-42,'DEN',trails
35,35,35,200011120DEN,24.0,5.0,2nd quarter,4:00.0,Darius Miles,LAC,True,2-pointer,0,41-42,'DEN',trails
36,36,36,200011120DEN,14.4,20.8,2nd quarter,3:22.0,Lamar Odom,LAC,False,2-pointer,18,41-44,'DEN',trails
37,37,37,200011120DEN,34.0,20.2,2nd quarter,2:49.0,Sean Rooks,LAC,True,2-pointer,18,43-45,'DEN',trails
38,38,38,200011120DEN,24.7,13.0,2nd quarter,2:19.0,Brian Skinner,LAC,False,2-pointer,8,43-45,'DEN',trails
39,39,39,200011120DEN,26.2,11.3,2nd quarter,1:50.0,Keyon Dooling,LAC,False,2-pointer,7,43-47,'DEN',trails
40,40,40,200011120DEN,7.2,4.8,2nd quarter,0:48.9,Eric Piatkowski,LAC,False,2-pointer,17,43-49,'DEN',trails
41,41,41,200011120DEN,41.8,6.3,2nd quarter,0:27.9,Corey Maggette,LAC,False,2-pointer,18,43-49,'DEN',trails
42,42,42,200011120DEN,37.6,22.9,2nd quarter,0:00.0,Corey Maggette,LAC,False,2-pointer,22,43-50,'DEN',trails
43,43,43,200011120DEN,6.4,25.9,3rd quarter,11:38.0,Tyrone Nesby,LAC,False,3-pointer,27,43-50,'DEN',trails
44,44,44,200011120DEN,26.8,9.7,3rd quarter,11:32.0,Brian Skinner,LAC,True,2-pointer,5,45-50,'DEN',trails
45,45,45,200011120DEN,18.6,6.3,3rd quarter,10:59.0,Michael Olowokandi,LAC,False,2-pointer,6,46-50,'DEN',trails
46,46,46,200011120DEN,21.3,31.4,3rd quarter,10:23.0,Jeff McInnis,LAC,False,3-pointer,27,46-52,'DEN',trails
47,47,47,200011120DEN,36.1,5.7,3rd quarter,9:56.0,Brian Skinner,LAC,True,2-pointer,12,48-53,'DEN',trails
48,48,48,200011120DEN,28.9,30.3,3rd quarter,9:32.0,Tyrone Nesby,LAC,False,3-pointer,26,48-53,'DEN',trails
49,49,49,200011120DEN,7.8,13.0,3rd quarter,8:59.0,Lamar Odom,LAC,True,2-pointer,18,50-55,'DEN',trails
50,50,50,200011120DEN,24.0,5.0,3rd quarter,8:28.0,Lamar Odom,LAC,False,2-pointer,0,50-55,'DEN',trails
51,51,51,200011120DEN,8.7,28.0,3rd quarter,8:17.0,Lamar Odom,LAC,False,3-pointer,28,50-55,'DEN',trails
52,52,52,200011120DEN,19.8,34.1,3rd quarter,8:11.0,Lamar Odom,LAC,True,3-pointer,29,53-55,'DEN',trails
53,53,53,200011120DEN,24.0,5.0,3rd quarter,7:29.0,Michael Olowokandi,LAC,False,2-pointer,0,53-57,'DEN',trails
54,54,54,200011120DEN,24.0,5.0,3rd quarter,5:41.0,Brian Skinner,LAC,False,2-pointer,0,53-61,'DEN',trails
55,55,55,200011120DEN,25.6,30.7,3rd quarter,5:05.0,Eric Piatkowski,LAC,False,3-pointer,26,53-61,'DEN',trails
56,56,56,200011120DEN,35.5,17.5,3rd quarter,3:45.0,Jeff McInnis,LAC,True,2-pointer,17,56-62,'DEN',trails
57,57,57,200011120DEN,24.0,5.0,3rd quarter,3:10.0,Darius Miles,LAC,False,2-pointer,0,56-64,'DEN',trails
58,58,58,200011120DEN,24.0,5.0,3rd quarter,1:56.0,Darius Miles,LAC,False,2-pointer,0,60-67,'DEN',trails
59,59,59,200011120DEN,24.0,5.0,3rd quarter,1:54.0,Darius Miles,LAC,True,2-pointer,0,62-67,'DEN',trails
60,60,60,200011120DEN,47.5,14.7,3rd quarter,1:15.0,Eric Piatkowski,LAC,False,3-pointer,25,62-69,'DEN',trails
61,61,61,200011120DEN,24.0,5.0,3rd quarter,0:18.9,Brian Skinner,LAC,False,2-pointer,0,63-71,'DEN',trails
62,62,62,200011120DEN,24.1,32.0,4th quarter,11:22.0,Lamar Odom,LAC,False,3-pointer,27,63-71,'DEN',trails
63,63,63,200011120DEN,22.2,11.3,4th quarter,10:45.0,Michael Olowokandi,LAC,False,2-pointer,7,63-74,'DEN',trails
64,64,64,200011120DEN,23.6,11.8,4th quarter,9:12.0,Lamar Odom,LAC,False,2-pointer,7,65-76,'DEN',trails
65,65,65,200011120DEN,0.9,19.1,4th quarter,8:42.0,Quentin Richardson,LAC,False,3-pointer,27,65-78,'DEN',trails
66,66,66,200011120DEN,40.9,3.1,4th quarter,8:00.0,Michael Olowokandi,LAC,True,2-pointer,17,67-80,'DEN',trails
67,67,67,200011120DEN,47.5,5.0,4th quarter,7:12.0,Keyon Dooling,LAC,False,3-pointer,24,67-80,'DEN',trails
68,68,68,200011120DEN,31.0,9.0,4th quarter,6:46.0,Michael Olowokandi,LAC,False,2-pointer,8,67-82,'DEN',trails
69,69,69,200011120DEN,24.0,5.0,4th quarter,6:40.0,Derek Strong,LAC,False,2-pointer,0,67-82,'DEN',trails
70,70,70,200011120DEN,24.0,5.0,4th quarter,6:12.0,Derek Strong,LAC,True,2-pointer,0,69-82,'DEN',trails
71,71,71,200011120DEN,24.0,5.0,4th quarter,5:50.0,Tyrone Nesby,LAC,False,2-pointer,0,69-82,'DEN',trails
72,72,72,200011120DEN,24.0,5.0,4th quarter,5:32.0,Derek Strong,LAC,True,2-pointer,0,71-82,'DEN',trails
73,73,73,200011120DEN,9.3,16.4,4th quarter,5:03.0,Derek Strong,LAC,False,2-pointer,19,71-85,'DEN',trails
74,74,74,200011120DEN,2.4,21.9,4th quarter,4:31.0,Jeff McInnis,LAC,False,3-pointer,27,71-87,'DEN',trails
75,75,75,200011120DEN,24.0,5.0,4th quarter,3:25.0,Quentin Richardson,LAC,True,2-pointer,0,73-91,'DEN',trails
76,76,76,200011120DEN,24.0,5.0,4th quarter,3:00.0,Keyon Dooling,LAC,True,2-pointer,0,75-91,'DEN',trails
77,77,77,200011120DEN,24.0,5.0,4th quarter,2:34.0,Quentin Richardson,LAC,False,2-pointer,0,75-91,'DEN',trails
78,78,78,200011120DEN,2.4,21.3,4th quarter,2:13.0,Keyon Dooling,LAC,False,3-pointer,27,75-91,'DEN',trails
79,79,79,200011120DEN,24.0,5.0,4th quarter,1:37.0,Darius Miles,LAC,False,2-pointer,0,75-91,'DEN',trails
80,80,80,200011120DEN,24.0,5.0,4th quarter,1:08.0,Lamar Odom,LAC,True,2-pointer,0,77-91,'DEN',trails
81,81,81,200011120DEN,24.7,32.0,4th quarter,0:33.9,Jeff McInnis,LAC,False,3-pointer,27,77-93,'DEN',trails
82,82,82,200011120DEN,24.0,5.0,4th quarter,0:29.9,Brian Skinner,LAC,False,2-pointer,0,77-93,'DEN',trails
83,83,83,200011120DEN,28.9,9.0,4th quarter,0:07.9,Jeff McInnis,LAC,False,2-pointer,6,77-95,'DEN',trails
84,84,84,200011120DEN,24.0,5.0,4th quarter,0:03.9,Brian Skinner,LAC,False,2-pointer,0,77-95,'DEN',trails
85,85,85,200011120DEN,24.0,5.0,4th quarter,0:00.9,Brian Skinner,LAC,True,2-pointer,0,79-95,'DEN',trails
86,86,86,200011120DEN,24.0,5.0,1st quarter,11:36.0,James Posey,DEN,True,2-pointer,0,2-0,'DEN',leads
87,87,87,200011120DEN,7.2,2.7,1st quarter,10:58.0,Antonio McDyess,DEN,True,2-pointer,17,4-0,'DEN',leads
88,88,88,200011120DEN,26.2,9.0,1st quarter,10:17.0,James Posey,DEN,False,2-pointer,5,4-2,'DEN',leads
89,89,89,200011120DEN,25.6,12.4,1st quarter,9:57.0,Nick Van,DEN,False,2-pointer,8,4-4,'DEN',tied
90,90,90,200011120DEN,22.2,9.0,1st quarter,9:11.0,Tariq Abdul-Wahad,DEN,False,2-pointer,4,4-8,'DEN',trails
91,91,91,200011120DEN,24.0,5.0,1st quarter,8:50.0,James Posey,DEN,False,2-pointer,0,4-8,'DEN',trails
92,92,92,200011120DEN,24.0,5.0,1st quarter,8:31.0,Antonio McDyess,DEN,True,2-pointer,0,6-8,'DEN',trails
93,93,93,200011120DEN,24.1,11.8,1st quarter,8:12.0,Antonio McDyess,DEN,False,2-pointer,7,6-8,'DEN',trails
94,94,94,200011120DEN,36.1,26.9,1st quarter,7:48.0,James Posey,DEN,False,3-pointer,25,6-10,'DEN',trails
95,95,95,200011120DEN,21.3,13.5,1st quarter,7:09.0,Nick Van,DEN,True,2-pointer,9,8-13,'DEN',trails
96,96,96,200011120DEN,24.0,5.0,1st quarter,6:49.0,Tariq Abdul-Wahad,DEN,True,2-pointer,0,10-13,'DEN',trails
97,97,97,200011120DEN,12.9,6.3,1st quarter,5:46.0,Antonio McDyess,DEN,True,2-pointer,11,12-17,'DEN',trails
98,98,98,200011120DEN,24.0,5.0,1st quarter,5:30.0,James Posey,DEN,False,2-pointer,0,12-17,'DEN',trails
99,99,99,200011120DEN,43.9,8.4,1st quarter,5:09.0,Nick Van,DEN,False,2-pointer,20,12-17,'DEN',trails
100,100,100,200011120DEN,24.0,5.0,1st quarter,4:49.0,Antonio McDyess,DEN,True,2-pointer,0,14-19,'DEN',trails
101,101,101,200011120DEN,9.3,4.8,1st quarter,4:15.0,Antonio McDyess,DEN,True,2-pointer,15,16-21,'DEN',trails
102,102,102,200011120DEN,38.2,27.4,1st quarter,3:42.0,Voshon Lenard,DEN,True,3-pointer,27,19-23,'DEN',trails
103,103,103,200011120DEN,4.5,22.9,1st quarter,3:18.0,Voshon Lenard,DEN,True,3-pointer,26,22-23,'DEN',trails
104,104,104,200011120DEN,19.8,11.3,1st quarter,2:04.0,Voshon Lenard,DEN,False,2-pointer,8,22-27,'DEN',trails
105,105,105,200011120DEN,8.7,9.0,1st quarter,0:34.9,Keon Clark,DEN,False,2-pointer,16,23-29,'DEN',trails
106,106,106,200011120DEN,48.3,4.2,1st quarter,0:29.9,Voshon Lenard,DEN,False,3-pointer,24,23-29,'DEN',trails
107,107,107,200011120DEN,10.2,25.9,1st quarter,0:00.0,George McCloud,DEN,False,3-pointer,25,23-29,'DEN',trails
108,108,108,200011120DEN,30.4,8.4,2nd quarter,11:36.0,Mark Strickland,DEN,False,2-pointer,7,23-31,'DEN',trails
109,109,109,200011120DEN,41.8,4.8,2nd quarter,11:13.0,Voshon Lenard,DEN,True,2-pointer,18,25-31,'DEN',trails
110,110,110,200011120DEN,40.9,3.1,2nd quarter,10:40.0,Mark Strickland,DEN,True,2-pointer,17,27-31,'DEN',trails
111,111,111,200011120DEN,36.9,21.9,2nd quarter,10:08.0,Robert Pack,DEN,False,2-pointer,21,27-31,'DEN',trails
112,112,112,200011120DEN,24.0,5.0,2nd quarter,9:52.0,Robert Pack,DEN,True,2-pointer,0,29-31,'DEN',trails
113,113,113,200011120DEN,24.0,5.0,2nd quarter,9:28.0,Mark Strickland,DEN,True,2-pointer,0,31-31,'DEN',tied
114,114,114,200011120DEN,19.8,11.3,2nd quarter,8:46.0,Keon Clark,DEN,True,2-pointer,8,33-31,'DEN',leads
115,115,115,200011120DEN,34.0,23.6,2nd quarter,7:33.0,George McCloud,DEN,False,2-pointer,21,35-32,'DEN',leads
116,116,116,200011120DEN,24.0,5.0,2nd quarter,7:27.0,Keon Clark,DEN,False,2-pointer,0,35-32,'DEN',leads
117,117,117,200011120DEN,10.2,29.7,2nd quarter,7:07.0,Voshon Lenard,DEN,False,3-pointer,28,35-34,'DEN',leads
118,118,118,200011120DEN,39.7,4.8,2nd quarter,6:37.0,Mark Strickland,DEN,True,2-pointer,16,37-34,'DEN',leads
119,119,119,200011120DEN,7.2,24.2,2nd quarter,6:23.0,George McCloud,DEN,True,3-pointer,26,40-36,'DEN',leads
120,120,120,200011120DEN,2.4,19.8,2nd quarter,5:39.0,George McCloud,DEN,False,3-pointer,26,40-38,'DEN',leads
121,121,121,200011120DEN,11.6,10.1,2nd quarter,4:37.0,Antonio McDyess,DEN,True,2-pointer,13,42-39,'DEN',leads
122,122,122,200011120DEN,39.7,25.9,2nd quarter,4:05.0,Nick Van,DEN,False,3-pointer,26,42-39,'DEN',leads
123,123,123,200011120DEN,9.3,6.9,2nd quarter,2:31.0,Antonio McDyess,DEN,False,2-pointer,15,45-43,'DEN',leads
124,124,124,200011120DEN,24.0,5.0,2nd quarter,1:46.0,Tariq Abdul-Wahad,DEN,True,2-pointer,0,49-43,'DEN',leads
125,125,125,200011120DEN,24.1,20.2,2nd quarter,1:09.0,Tracy Murray,DEN,False,2-pointer,15,49-43,'DEN',leads
126,126,126,200011120DEN,3.0,21.3,2nd quarter,0:41.9,Tracy Murray,DEN,False,3-pointer,27,49-43,'DEN',leads
127,127,127,200011120DEN,40.3,5.7,2nd quarter,0:04.9,Tracy Murray,DEN,False,2-pointer,16,49-43,'DEN',leads
128,128,128,200011120DEN,35.5,3.7,3rd quarter,11:16.0,James Posey,DEN,False,2-pointer,12,50-46,'DEN',leads
129,129,129,200011120DEN,18.6,11.8,3rd quarter,10:48.0,Antonio McDyess,DEN,True,2-pointer,9,52-46,'DEN',leads
130,130,130,200011120DEN,24.0,5.0,3rd quarter,9:45.0,Tariq Abdul-Wahad,DEN,False,2-pointer,0,53-48,'DEN',leads
131,131,131,200011120DEN,24.0,5.0,3rd quarter,9:39.0,Tariq Abdul-Wahad,DEN,False,2-pointer,0,53-48,'DEN',leads
132,132,132,200011120DEN,14.4,23.6,3rd quarter,9:24.0,Nick Van,DEN,True,2-pointer,21,55-48,'DEN',leads
133,133,133,200011120DEN,24.0,5.0,3rd quarter,7:55.0,Raef LaFrentz,DEN,True,2-pointer,0,57-53,'DEN',leads
134,134,134,200011120DEN,24.0,5.0,3rd quarter,7:20.0,Nick Van,DEN,True,2-pointer,0,59-53,'DEN',leads
135,135,135,200011120DEN,20.7,10.7,3rd quarter,6:36.0,Antonio McDyess,DEN,False,2-pointer,7,59-53,'DEN',leads
136,136,136,200011120DEN,24.0,5.0,3rd quarter,6:05.0,Tariq Abdul-Wahad,DEN,True,2-pointer,0,61-53,'DEN',leads
137,137,137,200011120DEN,24.0,5.0,3rd quarter,5:35.0,Tariq Abdul-Wahad,DEN,False,2-pointer,0,61-53,'DEN',leads
138,138,138,200011120DEN,24.0,5.0,3rd quarter,5:34.0,Raef LaFrentz,DEN,False,2-pointer,0,61-53,'DEN',leads
139,139,139,200011120DEN,13.5,22.9,3rd quarter,5:20.0,Voshon Lenard,DEN,False,2-pointer,21,61-53,'DEN',leads
140,140,140,200011120DEN,39.0,28.0,3rd quarter,4:53.0,George McCloud,DEN,False,3-pointer,27,61-53,'DEN',leads
141,141,141,200011120DEN,12.9,14.1,3rd quarter,4:30.0,Antonio McDyess,DEN,False,2-pointer,14,61-54,'DEN',leads
142,142,142,200011120DEN,26.2,10.7,3rd quarter,3:25.0,Raef LaFrentz,DEN,True,2-pointer,6,64-56,'DEN',leads
143,143,143,200011120DEN,46.8,3.1,3rd quarter,3:01.0,Voshon Lenard,DEN,True,3-pointer,23,67-56,'DEN',leads
144,144,144,200011120DEN,37.6,19.1,3rd quarter,2:37.0,Voshon Lenard,DEN,False,2-pointer,20,67-58,'DEN',leads
145,145,145,200011120DEN,7.8,10.7,3rd quarter,1:37.0,Raef LaFrentz,DEN,True,2-pointer,17,69-62,'DEN',leads
146,146,146,200011120DEN,21.3,15.8,3rd quarter,0:56.9,Keon Clark,DEN,False,2-pointer,11,69-62,'DEN',leads
147,147,147,200011120DEN,25.6,11.8,3rd quarter,0:34.7,George McCloud,DEN,True,2-pointer,7,71-63,'DEN',leads
148,148,148,200011120DEN,19.2,15.8,3rd quarter,0:00.0,Mark Strickland,DEN,False,2-pointer,12,71-63,'DEN',leads
149,149,149,200011120DEN,11.6,18.5,4th quarter,11:33.0,Nick Van,DEN,False,2-pointer,18,71-63,'DEN',leads
150,150,150,200011120DEN,24.0,5.0,4th quarter,11:28.0,Keon Clark,DEN,False,2-pointer,0,71-63,'DEN',leads
151,151,151,200011120DEN,24.0,5.0,4th quarter,11:09.0,Keon Clark,DEN,True,2-pointer,0,73-63,'DEN',leads
152,152,152,200011120DEN,13.5,7.3,4th quarter,10:31.0,Antonio McDyess,DEN,False,2-pointer,11,74-63,'DEN',leads
153,153,153,200011120DEN,24.0,5.0,4th quarter,10:05.0,Antonio McDyess,DEN,True,2-pointer,0,76-63,'DEN',leads
154,154,154,200011120DEN,24.0,5.0,4th quarter,9:24.0,Antonio McDyess,DEN,False,2-pointer,0,76-65,'DEN',leads
155,155,155,200011120DEN,25.1,11.9,4th quarter,9:12.0,Nick Van,DEN,True,2-pointer,7,78-65,'DEN',leads
156,156,156,200011120DEN,47.5,5.7,4th quarter,8:31.0,Voshon Lenard,DEN,False,3-pointer,24,78-65,'DEN',leads
157,157,157,200011120DEN,24.0,5.0,4th quarter,8:18.0,Voshon Lenard,DEN,True,2-pointer,0,80-65,'DEN',leads
158,158,158,200011120DEN,32.5,6.9,4th quarter,7:30.0,Keon Clark,DEN,False,2-pointer,9,80-67,'DEN',leads
159,159,159,200011120DEN,24.0,5.0,4th quarter,7:27.0,Antonio McDyess,DEN,False,2-pointer,0,80-67,'DEN',leads
160,160,160,200011120DEN,24.0,5.0,4th quarter,7:06.0,Voshon Lenard,DEN,False,2-pointer,0,80-67,'DEN',leads
161,161,161,200011120DEN,19.8,9.0,4th quarter,7:04.0,Voshon Lenard,DEN,True,2-pointer,6,82-67,'DEN',leads
162,162,162,200011120DEN,24.0,5.0,4th quarter,6:20.0,Antonio McDyess,DEN,False,2-pointer,0,82-67,'DEN',leads
163,163,163,200011120DEN,20.7,31.4,4th quarter,5:15.0,Nick Van,DEN,True,3-pointer,27,85-71,'DEN',leads
164,164,164,200011120DEN,29.8,13.5,4th quarter,4:48.0,Antonio McDyess,DEN,True,2-pointer,10,87-71,'DEN',leads
165,165,165,200011120DEN,10.2,13.0,4th quarter,4:13.0,Voshon Lenard,DEN,True,2-pointer,16,89-71,'DEN',leads
166,166,166,200011120DEN,43.1,4.8,4th quarter,3:45.0,Raef LaFrentz,DEN,False,2-pointer,19,89-71,'DEN',leads
167,167,167,200011120DEN,24.0,5.0,4th quarter,3:38.0,Antonio McDyess,DEN,True,2-pointer,0,91-71,'DEN',leads
168,168,168,200011120DEN,24.1,26.3,4th quarter,3:07.0,Robert Pack,DEN,False,2-pointer,21,91-73,'DEN',leads
169,169,169,200011120DEN,24.7,11.3,4th quarter,2:43.0,Raef LaFrentz,DEN,False,2-pointer,6,91-75,'DEN',leads
170,170,170,200011120DEN,0.2,8.0,4th quarter,2:23.0,Voshon Lenard,DEN,False,3-pointer,24,91-75,'DEN',leads
171,171,171,200011120DEN,36.9,11.8,4th quarter,2:18.0,Tracy Murray,DEN,False,2-pointer,15,91-75,'DEN',leads
172,172,172,200011120DEN,23.6,24.8,4th quarter,1:21.0,Tracy Murray,DEN,False,2-pointer,20,91-75,'DEN',leads
173,173,173,200011120DEN,37.6,14.1,4th quarter,0:55.4,Mark Strickland,DEN,True,2-pointer,16,93-77,'DEN',leads
174,174,174,200011120DET,40.7,6.3,1st quarter,11:49.0,Desmond Mason,SEA,False,2-pointer,17,0-0,'SEA',tied
175,175,175,200011120DET,17.7,7.6,1st quarter,11:11.0,Desmond Mason,SEA,False,2-pointer,7,0-2,'SEA',trails
176,176,176,200011120DET,24.0,5.0,1st quarter,11:09.0,Vin Baker,SEA,False,2-pointer,0,0-2,'SEA',trails
177,177,177,200011120DET,4.0,25.0,1st quarter,10:40.0,Rashard Lewis,SEA,False,3-pointer,28,0-4,'SEA',trails
178,178,178,200011120DET,9.1,6.3,1st quarter,9:21.0,Rashard Lewis,SEA,False,2-pointer,15,0-4,'SEA',trails
179,179,179,200011120DET,7.8,10.9,1st quarter,9:17.0,Vin Baker,SEA,False,2-pointer,17,0-4,'SEA',trails
180,180,180,200011120DET,37.8,28.4,1st quarter,9:11.0,Gary Payton,SEA,False,3-pointer,27,0-4,'SEA',trails
181,181,181,200011120DET,24.0,5.0,1st quarter,9:03.0,Patrick Ewing,SEA,False,2-pointer,0,0-4,'SEA',trails
182,182,182,200011120DET,6.4,5.7,1st quarter,8:21.0,Desmond Mason,SEA,True,2-pointer,18,2-6,'SEA',trails
183,183,183,200011120DET,4.0,22.1,1st quarter,8:00.0,Gary Payton,SEA,False,3-pointer,26,2-6,'SEA',trails
184,184,184,200011120DET,24.0,5.0,1st quarter,7:40.0,Vin Baker,SEA,False,2-pointer,0,2-8,'SEA',trails
185,185,185,200011120DET,24.0,5.0,1st quarter,7:37.0,Patrick Ewing,SEA,True,2-pointer,0,4-8,'SEA',trails
186,186,186,200011120DET,9.9,11.6,1st quarter,6:31.0,Gary Payton,SEA,True,2-pointer,16,6-8,'SEA',trails
187,187,187,200011120DET,12.1,9.2,1st quarter,6:12.0,Gary Payton,SEA,False,2-pointer,13,6-8,'SEA',trails
188,188,188,200011120DET,24.0,5.0,1st quarter,6:09.0,Vin Baker,SEA,True,2-pointer,0,8-8,'SEA',tied
189,189,189,200011120DET,5.5,12.8,1st quarter,5:37.0,Gary Payton,SEA,True,2-pointer,20,10-11,'SEA',trails
190,190,190,200011120DET,14.8,6.3,1st quarter,4:41.0,Vin Baker,SEA,False,2-pointer,9,12-11,'SEA',leads
191,191,191,200011120DET,13.5,6.3,1st quarter,4:11.0,Gary Payton,SEA,False,2-pointer,11,12-11,'SEA',leads
192,192,192,200011120DET,24.0,5.0,1st quarter,4:09.0,Patrick Ewing,SEA,False,2-pointer,0,12-11,'SEA',leads
193,193,193,200011120DET,5.5,5.0,1st quarter,3:40.0,Desmond Mason,SEA,True,2-pointer,19,14-13,'SEA',leads
194,194,194,200011120DET,7.8,9.2,1st quarter,2:43.0,Vin Baker,SEA,False,2-pointer,17,14-15,'SEA',trails
195,195,195,200011120DET,24.0,5.0,1st quarter,2:28.0,Desmond Mason,SEA,True,2-pointer,0,16-15,'SEA',leads
196,196,196,200011120DET,34.8,13.2,1st quarter,1:58.0,Gary Payton,SEA,False,2-pointer,14,16-15,'SEA',leads
197,197,197,200011120DET,24.0,5.0,1st quarter,1:35.0,Pervis Ellison,SEA,False,2-pointer,0,16-15,'SEA',leads
198,198,198,200011120DET,12.1,30.7,1st quarter,0:14.5,Brent Barry,SEA,False,3-pointer,28,16-17,'SEA',trails
199,199,199,200011120DET,24.0,5.0,2nd quarter,11:18.0,Gary Payton,SEA,False,2-pointer,0,16-20,'SEA',trails
200,200,200,200011120DET,24.0,5.0,2nd quarter,10:55.0,Vin Baker,SEA,True,2-pointer,0,18-22,'SEA',trails
201,201,201,200011120DET,9.1,27.4,2nd quarter,10:09.0,Brent Barry,SEA,True,3-pointer,27,22-24,'SEA',trails
202,202,202,200011120DET,13.5,19.8,2nd quarter,9:26.0,Vin Baker,SEA,False,2-pointer,18,24-26,'SEA',trails
203,203,203,200011120DET,24.0,5.0,2nd quarter,8:57.0,Vin Baker,SEA,False,2-pointer,0,24-26,'SEA',trails
204,204,204,200011120DET,24.0,5.0,2nd quarter,7:35.0,Jelani McCoy,SEA,False,2-pointer,0,25-30,'SEA',trails
205,205,205,200011120DET,16.9,8.0,2nd quarter,6:34.0,Gary Payton,SEA,False,2-pointer,8,26-35,'SEA',trails
206,206,206,200011120DET,12.1,28.4,2nd quarter,6:22.0,Brent Barry,SEA,False,3-pointer,26,26-35,'SEA',trails
207,207,207,200011120DET,24.0,5.0,2nd quarter,5:53.0,Brent Barry,SEA,True,2-pointer,0,28-35,'SEA',trails
208,208,208,200011120DET,24.0,5.0,2nd quarter,5:40.0,Gary Payton,SEA,True,2-pointer,0,30-35,'SEA',trails
209,209,209,200011120DET,8.5,6.3,2nd quarter,5:00.0,Desmond Mason,SEA,False,2-pointer,16,30-37,'SEA',trails
210,210,210,200011120DET,24.0,5.0,2nd quarter,4:35.0,Gary Payton,SEA,False,2-pointer,0,30-39,'SEA',trails
211,211,211,200011120DET,37.8,11.6,2nd quarter,4:04.0,Patrick Ewing,SEA,True,2-pointer,15,32-41,'SEA',trails
212,212,212,200011120DET,24.0,5.0,2nd quarter,3:22.0,Patrick Ewing,SEA,False,2-pointer,0,32-43,'SEA',trails
213,213,213,200011120DET,14.2,9.2,2nd quarter,3:15.0,Gary Payton,SEA,True,2-pointer,11,34-43,'SEA',trails
214,214,214,200011120DET,24.0,5.0,2nd quarter,2:54.0,Vin Baker,SEA,True,2-pointer,0,36-43,'SEA',trails
215,215,215,200011120DET,6.4,23.8,2nd quarter,2:17.0,Gary Payton,SEA,True,3-pointer,26,39-45,'SEA',trails
216,216,216,200011120DET,24.0,5.0,2nd quarter,1:42.0,Vin Baker,SEA,False,2-pointer,0,39-47,'SEA',trails
217,217,217,200011120DET,0.5,4.2,2nd quarter,1:15.0,Rashard Lewis,SEA,False,3-pointer,24,39-49,'SEA',trails
218,218,218,200011120DET,9.9,17.5,2nd quarter,1:10.0,Gary Payton,SEA,False,2-pointer,19,39-49,'SEA',trails
219,219,219,200011120DET,31.9,6.3,2nd quarter,0:42.0,Vin Baker,SEA,True,2-pointer,8,41-51,'SEA',trails
220,220,220,200011120DET,8.5,12.8,2nd quarter,0:19.7,Vin Baker,SEA,False,2-pointer,17,41-54,'SEA',trails
221,221,221,200011120DET,24.0,5.0,2nd quarter,0:01.2,Gary Payton,SEA,True,2-pointer,0,43-54,'SEA',trails
222,222,222,200011120DET,36.3,8.0,3rd quarter,10:36.0,Patrick Ewing,SEA,False,2-pointer,13,43-57,'SEA',trails
223,223,223,200011120DET,24.0,5.0,3rd quarter,10:14.0,Desmond Mason,SEA,False,2-pointer,0,43-57,'SEA',trails
224,224,224,200011120DET,48.5,15.1,3rd quarter,9:35.0,Gary Payton,SEA,False,3-pointer,27,43-59,'SEA',trails
225,225,225,200011120DET,48.5,10.9,3rd quarter,9:06.0,Gary Payton,SEA,False,3-pointer,25,43-59,'SEA',trails
226,226,226,200011120DET,39.9,13.2,3rd quarter,8:56.0,Rashard Lewis,SEA,True,2-pointer,18,45-59,'SEA',trails
227,227,227,200011120DET,34.8,16.8,3rd quarter,8:20.0,Vin Baker,SEA,False,2-pointer,16,45-59,'SEA',trails
228,228,228,200011120DET,24.0,5.0,3rd quarter,7:21.0,Desmond Mason,SEA,False,2-pointer,0,45-63,'SEA',trails
229,229,229,200011120DET,30.4,15.6,3rd quarter,7:01.0,Rashard Lewis,SEA,True,2-pointer,12,47-66,'SEA',trails
230,230,230,200011120DET,24.0,5.0,3rd quarter,6:32.0,Ruben Patterson,SEA,True,2-pointer,0,49-68,'SEA',trails
231,231,231,200011120DET,27.7,12.8,3rd quarter,5:42.0,Gary Payton,SEA,True,2-pointer,9,53-70,'SEA',trails
232,232,232,200011120DET,36.3,30.3,3rd quarter,5:02.0,Rashard Lewis,SEA,True,3-pointer,28,56-70,'SEA',trails
233,233,233,200011120DET,41.4,13.2,3rd quarter,4:02.0,Gary Payton,SEA,False,2-pointer,19,56-72,'SEA',trails
234,234,234,200011120DET,24.0,5.0,3rd quarter,3:15.0,Patrick Ewing,SEA,True,2-pointer,0,58-72,'SEA',trails
235,235,235,200011120DET,24.0,5.0,3rd quarter,2:35.0,Vin Baker,SEA,True,2-pointer,0,62-73,'SEA',trails
236,236,236,200011120DET,40.7,8.0,3rd quarter,1:55.0,Ruben Patterson,SEA,False,2-pointer,17,62-75,'SEA',trails
237,237,237,200011120DET,10.6,12.8,3rd quarter,1:36.0,Vin Baker,SEA,False,2-pointer,16,62-75,'SEA',trails
238,238,238,200011120DET,39.9,26.7,3rd quarter,0:06.0,Rashard Lewis,SEA,False,3-pointer,27,64-77,'SEA',trails
239,239,239,200011120DET,35.5,14.5,4th quarter,11:30.0,Pervis Ellison,SEA,False,2-pointer,15,64-77,'SEA',trails
240,240,240,200011120DET,24.0,5.0,4th quarter,11:27.0,Ruben Patterson,SEA,True,2-pointer,0,66-77,'SEA',trails
241,241,241,200011120DET,30.4,32.0,4th quarter,10:46.0,Brent Barry,SEA,False,3-pointer,28,66-77,'SEA',trails
242,242,242,200011120DET,24.0,5.0,4th quarter,10:41.0,Pervis Ellison,SEA,True,2-pointer,0,68-77,'SEA',trails
243,243,243,200011120DET,11.2,19.1,4th quarter,10:01.0,Ruben Patterson,SEA,False,2-pointer,19,68-77,'SEA',trails
244,244,244,200011120DET,35.5,5.0,4th quarter,9:49.0,Pervis Ellison,SEA,False,2-pointer,12,68-77,'SEA',trails
245,245,245,200011120DET,24.0,5.0,4th quarter,9:20.0,Vin Baker,SEA,True,2-pointer,0,70-79,'SEA',trails
246,246,246,200011120DET,31.3,12.8,4th quarter,9:01.0,Gary Payton,SEA,True,2-pointer,11,72-80,'SEA',trails
247,247,247,200011120DET,24.0,5.0,4th quarter,8:03.0,Brent Barry,SEA,False,2-pointer,0,75-82,'SEA',trails
248,248,248,200011120DET,39.9,10.9,4th quarter,7:57.0,Brent Barry,SEA,False,2-pointer,17,75-82,'SEA',trails
249,249,249,200011120DET,24.0,5.0,4th quarter,7:23.0,Ruben Patterson,SEA,False,2-pointer,0,75-82,'SEA',trails
250,250,250,200011120DET,47.7,4.6,4th quarter,6:57.0,Rashard Lewis,SEA,False,3-pointer,24,77-82,'SEA',trails
251,251,251,200011120DET,24.0,5.0,4th quarter,6:41.0,Ruben Patterson,SEA,True,2-pointer,0,79-82,'SEA',trails
252,252,252,200011120DET,36.9,28.4,4th quarter,6:12.0,Rashard Lewis,SEA,True,3-pointer,27,82-82,'SEA',tied
253,253,253,200011120DET,20.7,11.6,4th quarter,5:16.0,Gary Payton,SEA,False,2-pointer,7,82-86,'SEA',trails
254,254,254,200011120DET,24.0,5.0,4th quarter,4:50.0,Patrick Ewing,SEA,False,2-pointer,0,82-86,'SEA',trails
255,255,255,200011120DET,24.0,5.0,4th quarter,4:46.0,Rashard Lewis,SEA,True,2-pointer,0,84-86,'SEA',trails
256,256,256,200011120DET,24.0,5.0,4th quarter,4:17.0,Gary Payton,SEA,True,2-pointer,0,86-86,'SEA',tied
257,257,257,200011120DET,24.0,5.0,4th quarter,3:27.0,Gary Payton,SEA,False,2-pointer,0,86-88,'SEA',trails
258,258,258,200011120DET,24.0,5.0,4th quarter,3:24.0,Gary Payton,SEA,False,2-pointer,0,86-88,'SEA',trails
259,259,259,200011120DET,27.7,32.6,4th quarter,2:57.0,Brent Barry,SEA,False,3-pointer,28,86-91,'SEA',trails
260,260,260,200011120DET,24.0,5.0,4th quarter,2:00.0,Patrick Ewing,SEA,False,2-pointer,0,88-95,'SEA',trails
261,261,261,200011120DET,32.5,32.6,4th quarter,0:50.8,Rashard Lewis,SEA,False,3-pointer,29,88-97,'SEA',trails
262,262,262,200011120DET,24.0,5.0,4th quarter,0:32.0,Gary Payton,SEA,True,2-pointer,0,90-98,'SEA',trails
263,263,263,200011120DET,24.0,5.0,4th quarter,0:01.2,Gary Payton,SEA,True,2-pointer,0,92-101,'SEA',trails
264,264,264,200011120DET,24.0,5.0,1st quarter,11:32.0,Michael Curry,DET,True,2-pointer,0,2-0,'SEA',leads
265,265,265,200011120DET,11.2,9.2,1st quarter,10:49.0,Michael Curry,DET,True,2-pointer,13,4-0,'SEA',leads
266,266,266,200011120DET,48.5,4.2,1st quarter,10:31.0,Jerry Stackhouse,DET,False,3-pointer,25,4-0,'SEA',leads
267,267,267,200011120DET,36.9,5.7,1st quarter,9:59.0,Eric Montross,DET,False,2-pointer,13,4-0,'SEA',leads
268,268,268,200011120DET,24.0,5.0,1st quarter,9:57.0,Jerry Stackhouse,DET,False,2-pointer,0,4-0,'SEA',leads
269,269,269,200011120DET,31.9,20.8,1st quarter,9:34.0,Jerry Stackhouse,DET,False,2-pointer,18,4-0,'SEA',leads
270,270,270,200011120DET,31.3,22.7,1st quarter,8:51.0,Chucky Atkins,DET,True,2-pointer,19,6-0,'SEA',leads
271,271,271,200011120DET,8.5,14.5,1st quarter,8:06.0,Chucky Atkins,DET,False,2-pointer,18,6-2,'SEA',leads
272,272,272,200011120DET,24.0,5.0,1st quarter,7:54.0,Jerry Stackhouse,DET,True,2-pointer,0,8-2,'SEA',leads
273,273,273,200011120DET,42.0,4.6,1st quarter,6:44.0,Jerry Stackhouse,DET,False,2-pointer,18,8-4,'SEA',leads
274,274,274,200011120DET,24.0,5.0,1st quarter,5:50.0,Jerry Stackhouse,DET,False,2-pointer,0,8-8,'SEA',tied
275,275,275,200011120DET,0.5,4.2,1st quarter,5:44.0,Jerry Stackhouse,DET,True,3-pointer,24,11-8,'SEA',leads
276,276,276,200011120DET,15.6,20.8,1st quarter,4:54.0,Ben Wallace,DET,False,2-pointer,18,11-12,'SEA',trails
277,277,277,200011120DET,24.0,5.0,1st quarter,4:02.0,Jerry Stackhouse,DET,True,2-pointer,0,13-12,'SEA',leads
278,278,278,200011120DET,31.9,20.8,1st quarter,3:31.0,Michael Curry,DET,False,2-pointer,18,13-14,'SEA',trails
279,279,279,200011120DET,24.0,5.0,1st quarter,3:06.0,Michael Curry,DET,True,2-pointer,0,15-14,'SEA',leads
280,280,280,200011120DET,27.0,12.8,1st quarter,2:09.0,Mikki Moore,DET,False,2-pointer,8,15-16,'SEA',trails
281,281,281,200011120DET,47.7,5.0,1st quarter,1:47.0,Cedric Ceballos,DET,False,3-pointer,24,15-16,'SEA',trails
282,282,282,200011120DET,24.0,5.0,1st quarter,1:17.0,Mikki Moore,DET,True,2-pointer,0,17-16,'SEA',leads
283,283,283,200011120DET,47.1,18.5,1st quarter,0:30.8,Cedric Ceballos,DET,False,3-pointer,27,17-16,'SEA',leads
284,284,284,200011120DET,24.0,5.0,1st quarter,0:04.6,Mateen Cleaves,DET,False,2-pointer,0,17-16,'SEA',leads
285,285,285,200011120DET,24.0,5.0,1st quarter,0:02.0,Mikki Moore,DET,False,2-pointer,0,17-16,'SEA',leads
286,286,286,200011120DET,47.7,5.7,2nd quarter,11:38.0,Jud Buechler,DET,True,3-pointer,24,20-16,'SEA',leads
287,287,287,200011120DET,24.0,5.0,2nd quarter,11:07.0,Jerome Williams,DET,True,2-pointer,0,22-16,'SEA',leads
288,288,288,200011120DET,16.3,20.2,2nd quarter,10:35.0,Jerome Williams,DET,True,2-pointer,17,24-18,'SEA',leads
289,289,289,200011120DET,15.6,20.2,2nd quarter,9:44.0,Jerome Williams,DET,True,2-pointer,17,26-24,'SEA',leads
290,290,290,200011120DET,27.7,8.6,2nd quarter,9:08.0,Mikki Moore,DET,False,2-pointer,5,26-24,'SEA',leads
291,291,291,200011120DET,31.3,23.4,2nd quarter,8:10.0,Chucky Atkins,DET,False,2-pointer,20,26-25,'SEA',leads
292,292,292,200011120DET,24.0,5.0,2nd quarter,8:06.0,Mikki Moore,DET,True,2-pointer,0,28-25,'SEA',leads
293,293,293,200011120DET,15.6,8.0,2nd quarter,7:49.0,Eric Montross,DET,True,2-pointer,9,30-25,'SEA',leads
294,294,294,200011120DET,24.0,5.0,2nd quarter,7:25.0,Mikki Moore,DET,True,2-pointer,0,32-25,'SEA',leads
295,295,295,200011120DET,45.0,22.1,2nd quarter,6:50.0,Jud Buechler,DET,True,3-pointer,27,35-26,'SEA',leads
296,296,296,200011120DET,42.0,8.0,2nd quarter,6:05.0,Michael Curry,DET,False,2-pointer,18,35-26,'SEA',leads
297,297,297,200011120DET,43.5,5.0,2nd quarter,5:14.0,Jerry Stackhouse,DET,True,2-pointer,20,37-30,'SEA',leads
298,298,298,200011120DET,24.0,5.0,2nd quarter,4:50.0,Jerry Stackhouse,DET,True,2-pointer,0,39-30,'SEA',leads
299,299,299,200011120DET,9.1,19.1,2nd quarter,4:23.0,Jerry Stackhouse,DET,True,2-pointer,21,41-30,'SEA',leads
300,300,300,200011120DET,24.0,5.0,2nd quarter,3:44.0,Michael Curry,DET,True,2-pointer,0,43-32,'SEA',leads
301,301,301,200011120DET,46.2,20.2,2nd quarter,3:02.0,Jerry Stackhouse,DET,False,3-pointer,27,43-34,'SEA',leads
302,302,302,200011120DET,24.0,5.0,2nd quarter,2:34.0,Eric Montross,DET,True,2-pointer,0,45-36,'SEA',leads
303,303,303,200011120DET,42.0,10.5,2nd quarter,1:59.0,Michael Curry,DET,True,2-pointer,19,47-39,'SEA',leads
304,304,304,200011120DET,24.0,5.0,2nd quarter,1:34.0,Jerry Stackhouse,DET,True,2-pointer,0,49-39,'SEA',leads
305,305,305,200011120DET,37.8,27.4,2nd quarter,0:34.5,Jerry Stackhouse,DET,True,3-pointer,26,54-41,'SEA',leads
306,306,306,200011120DET,24.0,5.0,3rd quarter,11:42.0,Ben Wallace,DET,True,2-pointer,0,57-43,'SEA',leads
307,307,307,200011120DET,3.4,22.1,3rd quarter,10:53.0,Chucky Atkins,DET,False,3-pointer,27,57-43,'SEA',leads
308,308,308,200011120DET,36.3,15.6,3rd quarter,10:21.0,Michael Curry,DET,False,2-pointer,16,57-43,'SEA',leads
309,309,309,200011120DET,6.4,10.9,3rd quarter,9:52.0,Chucky Atkins,DET,False,2-pointer,19,57-43,'SEA',leads
310,310,310,200011120DET,7.8,11.6,3rd quarter,9:48.0,Chucky Atkins,DET,True,2-pointer,17,59-43,'SEA',leads
311,311,311,200011120DET,36.3,29.1,3rd quarter,9:26.0,Jerry Stackhouse,DET,False,3-pointer,27,59-43,'SEA',leads
312,312,312,200011120DET,24.0,5.0,3rd quarter,8:31.0,Eric Montross,DET,False,2-pointer,0,59-45,'SEA',leads
313,313,313,200011120DET,4.9,8.6,3rd quarter,8:03.0,Chucky Atkins,DET,False,2-pointer,19,59-45,'SEA',leads
314,314,314,200011120DET,47.1,20.2,3rd quarter,7:40.0,Jerry Stackhouse,DET,True,3-pointer,28,62-45,'SEA',leads
315,315,315,200011120DET,24.0,5.0,3rd quarter,7:16.0,Jerry Stackhouse,DET,True,2-pointer,0,65-45,'SEA',leads
316,316,316,200011120DET,13.5,17.9,3rd quarter,6:46.0,Jerry Stackhouse,DET,True,2-pointer,17,68-47,'SEA',leads
317,317,317,200011120DET,36.9,16.8,3rd quarter,6:10.0,Jerry Stackhouse,DET,False,2-pointer,17,68-49,'SEA',leads
318,318,318,200011120DET,14.8,10.5,3rd quarter,5:55.0,Chucky Atkins,DET,True,2-pointer,11,70-51,'SEA',leads
319,319,319,200011120DET,42.8,6.3,3rd quarter,4:47.0,Jerry Stackhouse,DET,False,2-pointer,19,70-56,'SEA',leads
320,320,320,200011120DET,8.5,4.2,3rd quarter,4:27.0,Jerry Stackhouse,DET,True,2-pointer,16,72-56,'SEA',leads
321,321,321,200011120DET,11.2,10.9,3rd quarter,3:48.0,Jerry Stackhouse,DET,False,2-pointer,14,72-56,'SEA',leads
322,322,322,200011120DET,24.0,5.0,3rd quarter,3:01.0,Mateen Cleaves,DET,False,2-pointer,0,72-59,'SEA',leads
323,323,323,200011120DET,24.0,5.0,3rd quarter,2:12.0,Jerome Williams,DET,True,2-pointer,0,75-62,'SEA',leads
324,324,324,200011120DET,7.0,6.3,3rd quarter,1:48.0,Jerome Williams,DET,False,2-pointer,17,75-62,'SEA',leads
325,325,325,200011120DET,8.5,8.6,3rd quarter,1:21.0,Mateen Cleaves,DET,False,2-pointer,16,75-62,'SEA',leads
326,326,326,200011120DET,14.2,15.6,3rd quarter,1:02.0,Eric Montross,DET,False,2-pointer,14,75-62,'SEA',leads
327,327,327,200011120DET,9.9,7.6,3rd quarter,0:30.8,Mateen Cleaves,DET,True,2-pointer,14,77-64,'SEA',leads
328,328,328,200011120DET,3.4,20.2,3rd quarter,0:01.0,Cedric Ceballos,DET,False,3-pointer,26,77-64,'SEA',leads
329,329,329,200011120DET,47.7,10.9,4th quarter,11:11.0,Jud Buechler,DET,False,3-pointer,24,77-66,'SEA',leads
330,330,330,200011120DET,10.6,17.5,4th quarter,10:15.0,Jud Buechler,DET,False,2-pointer,18,77-68,'SEA',leads
331,331,331,200011120DET,4.9,8.6,4th quarter,9:39.0,Mateen Cleaves,DET,True,2-pointer,19,79-68,'SEA',leads
332,332,332,200011120DET,9.9,8.6,4th quarter,8:43.0,Mikki Moore,DET,True,2-pointer,15,82-73,'SEA',leads
333,333,333,200011120DET,16.9,8.6,4th quarter,8:11.0,Mikki Moore,DET,False,2-pointer,8,82-75,'SEA',leads
334,334,334,200011120DET,9.9,8.0,4th quarter,7:32.0,Ben Wallace,DET,False,2-pointer,14,82-75,'SEA',leads
335,335,335,200011120DET,7.0,6.3,4th quarter,6:29.0,Chucky Atkins,DET,False,2-pointer,17,82-79,'SEA',leads
336,336,336,200011120DET,39.3,13.2,4th quarter,5:58.0,Chucky Atkins,DET,True,2-pointer,17,84-82,'SEA',leads
337,337,337,200011120DET,14.8,7.6,4th quarter,5:11.0,Chucky Atkins,DET,False,2-pointer,10,86-82,'SEA',leads
338,338,338,200011120DET,12.7,31.4,4th quarter,4:57.0,Chucky Atkins,DET,False,3-pointer,29,86-82,'SEA',leads
339,339,339,200011120DET,24.0,5.0,4th quarter,4:00.0,Michael Curry,DET,True,2-pointer,0,88-86,'SEA',leads
340,340,340,200011120DET,24.0,5.0,4th quarter,3:37.0,Ben Wallace,DET,False,2-pointer,0,88-86,'SEA',leads
341,341,341,200011120DET,39.3,28.0,4th quarter,3:19.0,Jerry Stackhouse,DET,True,3-pointer,28,91-86,'SEA',leads
342,342,342,200011120DET,12.7,29.7,4th quarter,2:22.0,Chucky Atkins,DET,False,3-pointer,27,93-88,'SEA',leads
343,343,343,200011120DET,24.0,5.0,4th quarter,2:19.0,Eric Montross,DET,True,2-pointer,0,95-88,'SEA',leads
344,344,344,200011120DET,39.9,9.2,4th quarter,1:36.0,Chucky Atkins,DET,True,2-pointer,16,97-88,'SEA',leads
345,345,345,200011120DET,32.5,7.6,4th quarter,1:02.0,Chucky Atkins,DET,False,2-pointer,9,97-88,'SEA',leads
346,346,346,200011120DET,1.1,16.8,4th quarter,0:07.6,Chucky Atkins,DET,True,3-pointer,26,101-90,'SEA',leads
347,347,347,200011120GSW,40.5,26.7,1st quarter,11:18.0,Tracy McGrady,ORL,False,3-pointer,27,0-2,'ORL',trails
348,348,348,200011120GSW,24.0,5.0,1st quarter,10:54.0,Darrell Armstrong,ORL,True,2-pointer,0,2-2,'ORL',tied
349,349,349,200011120GSW,34.2,19.6,1st quarter,10:26.0,Darrell Armstrong,ORL,False,2-pointer,18,2-2,'ORL',tied
350,350,350,200011120GSW,34.8,20.0,1st quarter,10:22.0,John Amaechi,ORL,False,2-pointer,18,2-2,'ORL',tied
351,351,351,200011120GSW,24.9,17.2,1st quarter,9:53.0,Tracy McGrady,ORL,False,2-pointer,12,2-4,'ORL',trails
352,352,352,200011120GSW,12.3,2.9,1st quarter,9:15.0,John Amaechi,ORL,False,2-pointer,12,2-4,'ORL',trails
353,353,353,200011120GSW,21.5,29.1,1st quarter,8:47.0,Darrell Armstrong,ORL,False,3-pointer,24,2-4,'ORL',trails
354,354,354,200011120GSW,5.9,3.9,1st quarter,8:21.0,Tracy McGrady,ORL,False,2-pointer,18,2-4,'ORL',trails
355,355,355,200011120GSW,24.0,5.0,1st quarter,8:18.0,Tracy McGrady,ORL,True,2-pointer,0,4-4,'ORL',tied
356,356,356,200011120GSW,24.0,5.0,1st quarter,7:51.0,Tracy McGrady,ORL,True,2-pointer,0,6-6,'ORL',tied
357,357,357,200011120GSW,14.4,3.9,1st quarter,7:28.0,John Amaechi,ORL,False,2-pointer,10,6-6,'ORL',tied
358,358,358,200011120GSW,27.7,9.9,1st quarter,7:23.0,Darrell Armstrong,ORL,True,2-pointer,6,8-6,'ORL',leads
359,359,359,200011120GSW,36.9,12.8,1st quarter,6:56.0,Darrell Armstrong,ORL,False,2-pointer,15,8-6,'ORL',leads
360,360,360,200011120GSW,24.0,5.0,1st quarter,6:36.0,John Amaechi,ORL,False,2-pointer,0,8-8,'ORL',tied
361,361,361,200011120GSW,26.2,7.8,1st quarter,6:04.0,John Amaechi,ORL,False,2-pointer,4,8-8,'ORL',tied
362,362,362,200011120GSW,24.0,5.0,1st quarter,6:03.0,Tracy McGrady,ORL,False,2-pointer,0,8-8,'ORL',tied
363,363,363,200011120GSW,24.0,5.0,1st quarter,6:02.0,Bo Outlaw,ORL,False,2-pointer,0,8-8,'ORL',tied
364,364,364,200011120GSW,23.6,7.1,1st quarter,6:00.0,Don Reid,ORL,True,2-pointer,2,10-8,'ORL',leads
365,365,365,200011120GSW,20.9,7.1,1st quarter,5:35.0,John Amaechi,ORL,True,2-pointer,4,12-8,'ORL',leads
366,366,366,200011120GSW,24.0,5.0,1st quarter,5:14.0,Don Reid,ORL,True,2-pointer,0,14-8,'ORL',leads
367,367,367,200011120GSW,13.7,9.9,1st quarter,4:52.0,Tracy McGrady,ORL,False,2-pointer,11,14-8,'ORL',leads
368,368,368,200011120GSW,24.0,5.0,1st quarter,4:29.0,Darrell Armstrong,ORL,True,2-pointer,0,16-8,'ORL',leads
369,369,369,200011120GSW,24.0,5.0,1st quarter,4:17.0,Darrell Armstrong,ORL,True,2-pointer,0,18-8,'ORL',leads
370,370,370,200011120GSW,24.0,5.0,1st quarter,3:52.0,Tracy McGrady,ORL,False,2-pointer,0,18-8,'ORL',leads
371,371,371,200011120GSW,35.7,5.4,1st quarter,3:30.0,Darrell Armstrong,ORL,True,2-pointer,12,20-8,'ORL',leads
372,372,372,200011120GSW,36.9,21.0,1st quarter,2:58.0,John Amaechi,ORL,False,2-pointer,21,20-10,'ORL',leads
373,373,373,200011120GSW,24.9,29.1,1st quarter,2:14.0,Darrell Armstrong,ORL,True,3-pointer,24,23-10,'ORL',leads
374,374,374,200011120GSW,30.6,18.9,1st quarter,1:39.0,Pat Garrity,ORL,False,2-pointer,15,23-12,'ORL',leads
375,375,375,200011120GSW,9.3,14.9,1st quarter,1:35.0,Michael Doleac,ORL,False,2-pointer,18,23-12,'ORL',leads
376,376,376,200011120GSW,24.0,5.0,1st quarter,1:08.0,Bo Outlaw,ORL,True,2-pointer,0,25-15,'ORL',leads
377,377,377,200011120GSW,25.6,23.4,1st quarter,0:39.8,Michael Doleac,ORL,False,2-pointer,18,25-15,'ORL',leads
378,378,378,200011120GSW,12.3,18.9,1st quarter,0:01.7,Michael Doleac,ORL,False,2-pointer,18,25-17,'ORL',leads
379,379,379,200011120GSW,19.4,5.4,2nd quarter,11:47.0,Monty Williams,ORL,False,2-pointer,5,25-17,'ORL',leads
380,380,380,200011120GSW,20.9,4.6,2nd quarter,11:15.0,Michael Doleac,ORL,True,2-pointer,3,27-17,'ORL',leads
381,381,381,200011120GSW,24.0,5.0,2nd quarter,10:26.0,Troy Hudson,ORL,True,2-pointer,0,29-18,'ORL',leads
382,382,382,200011120GSW,34.0,20.2,2nd quarter,9:56.0,Pat Garrity,ORL,True,2-pointer,18,31-19,'ORL',leads
383,383,383,200011120GSW,12.9,20.0,2nd quarter,9:26.0,Pat Garrity,ORL,False,2-pointer,19,31-20,'ORL',leads
384,384,384,200011120GSW,24.0,5.0,2nd quarter,8:52.0,John Amaechi,ORL,False,2-pointer,0,31-22,'ORL',leads
385,385,385,200011120GSW,18.0,28.4,2nd quarter,8:09.0,Troy Hudson,ORL,False,3-pointer,24,33-22,'ORL',leads
386,386,386,200011120GSW,31.3,9.0,2nd quarter,7:29.0,John Amaechi,ORL,True,2-pointer,8,35-24,'ORL',leads
387,387,387,200011120GSW,25.6,4.6,2nd quarter,6:54.0,John Amaechi,ORL,True,2-pointer,2,37-26,'ORL',leads
388,388,388,200011120GSW,21.3,29.7,2nd quarter,6:30.0,Tracy McGrady,ORL,False,3-pointer,25,37-26,'ORL',leads
389,389,389,200011120GSW,19.2,8.0,2nd quarter,5:51.0,Tracy McGrady,ORL,False,2-pointer,6,37-26,'ORL',leads
390,390,390,200011120GSW,27.0,7.8,2nd quarter,5:26.0,John Amaechi,ORL,False,2-pointer,4,37-28,'ORL',leads
391,391,391,200011120GSW,24.0,5.0,2nd quarter,4:40.0,Don Reid,ORL,True,2-pointer,0,39-30,'ORL',leads
392,392,392,200011120GSW,19.4,5.4,2nd quarter,4:00.0,Bo Outlaw,ORL,True,2-pointer,5,41-31,'ORL',leads
393,393,393,200011120GSW,11.4,26.7,2nd quarter,3:36.0,Darrell Armstrong,ORL,True,3-pointer,25,44-31,'ORL',leads
394,394,394,200011120GSW,17.3,29.1,2nd quarter,3:10.0,Darrell Armstrong,ORL,False,3-pointer,25,44-34,'ORL',leads
395,395,395,200011120GSW,24.0,5.0,2nd quarter,2:37.0,Bo Outlaw,ORL,True,2-pointer,0,46-37,'ORL',leads
396,396,396,200011120GSW,27.0,12.4,2nd quarter,2:10.0,Andrew DeClercq,ORL,False,2-pointer,8,46-37,'ORL',leads
397,397,397,200011120GSW,24.0,5.0,2nd quarter,1:18.0,Pat Garrity,ORL,False,2-pointer,0,46-41,'ORL',leads
398,398,398,200011120GSW,24.0,5.0,2nd quarter,0:52.8,Tracy McGrady,ORL,True,2-pointer,0,48-41,'ORL',leads
399,399,399,200011120GSW,21.3,8.0,2nd quarter,0:33.7,Tracy McGrady,ORL,False,2-pointer,4,49-41,'ORL',leads
400,400,400,200011120GSW,37.8,11.1,3rd quarter,11:49.0,John Amaechi,ORL,False,2-pointer,15,49-41,'ORL',leads
401,401,401,200011120GSW,24.9,7.1,3rd quarter,11:15.0,Tracy McGrady,ORL,True,2-pointer,2,51-43,'ORL',leads
402,402,402,200011120GSW,27.7,11.6,3rd quarter,10:47.0,Tracy McGrady,ORL,False,2-pointer,8,51-45,'ORL',leads
403,403,403,200011120GSW,18.8,22.7,3rd quarter,10:42.0,Darrell Armstrong,ORL,False,2-pointer,18,51-45,'ORL',leads
404,404,404,200011120GSW,12.9,20.0,3rd quarter,10:37.0,Tracy McGrady,ORL,True,2-pointer,19,53-45,'ORL',leads
405,405,405,200011120GSW,36.9,11.1,3rd quarter,10:01.0,Tracy McGrady,ORL,False,2-pointer,14,53-47,'ORL',leads
406,406,406,200011120GSW,18.0,24.0,3rd quarter,9:32.0,John Amaechi,ORL,False,2-pointer,20,53-47,'ORL',leads
407,407,407,200011120GSW,24.1,16.2,3rd quarter,8:31.0,Darrell Armstrong,ORL,False,2-pointer,11,53-49,'ORL',leads
408,408,408,200011120GSW,24.0,5.0,3rd quarter,8:03.0,Don Reid,ORL,True,2-pointer,0,55-49,'ORL',leads
409,409,409,200011120GSW,12.3,17.2,3rd quarter,7:43.0,Tracy McGrady,ORL,False,2-pointer,17,56-49,'ORL',leads
410,410,410,200011120GSW,30.0,8.2,3rd quarter,7:16.0,John Amaechi,ORL,False,2-pointer,7,56-51,'ORL',leads
411,411,411,200011120GSW,23.6,7.1,3rd quarter,6:06.0,Tracy McGrady,ORL,True,2-pointer,2,59-55,'ORL',leads
412,412,412,200011120GSW,27.0,7.8,3rd quarter,5:36.0,Don Reid,ORL,False,2-pointer,4,60-57,'ORL',leads
413,413,413,200011120GSW,24.1,12.8,3rd quarter,5:04.0,Bo Outlaw,ORL,False,2-pointer,8,60-57,'ORL',leads
414,414,414,200011120GSW,35.7,26.7,3rd quarter,4:43.0,Darrell Armstrong,ORL,False,3-pointer,25,60-59,'ORL',leads
415,415,415,200011120GSW,13.7,19.6,3rd quarter,3:51.0,Darrell Armstrong,ORL,False,2-pointer,18,60-61,'ORL',trails
416,416,416,200011120GSW,12.3,17.2,3rd quarter,3:28.0,Tracy McGrady,ORL,True,2-pointer,17,62-61,'ORL',leads
417,417,417,200011120GSW,24.9,7.1,3rd quarter,2:55.0,Bo Outlaw,ORL,False,2-pointer,2,62-63,'ORL',trails
418,418,418,200011120GSW,24.0,5.0,3rd quarter,2:33.0,Bo Outlaw,ORL,True,2-pointer,0,64-65,'ORL',trails
419,419,419,200011120GSW,24.0,5.0,3rd quarter,2:02.0,John Amaechi,ORL,True,2-pointer,0,66-68,'ORL',trails
420,420,420,200011120GSW,36.3,17.2,3rd quarter,1:09.0,Pat Garrity,ORL,True,2-pointer,17,68-70,'ORL',trails
421,421,421,200011120GSW,24.0,5.0,3rd quarter,0:46.3,Bo Outlaw,ORL,True,2-pointer,0,70-70,'ORL',tied
422,422,422,200011120GSW,31.5,20.6,3rd quarter,0:15.4,John Amaechi,ORL,True,2-pointer,17,72-70,'ORL',leads
423,423,423,200011120GSW,41.4,3.5,4th quarter,11:14.0,Michael Doleac,ORL,False,2-pointer,17,72-74,'ORL',trails
424,424,424,200011120GSW,20.1,8.2,4th quarter,10:04.0,Troy Hudson,ORL,False,2-pointer,5,73-75,'ORL',trails
425,425,425,200011120GSW,18.8,23.4,4th quarter,9:58.0,Mike Miller,ORL,True,2-pointer,19,75-75,'ORL',tied
426,426,426,200011120GSW,24.0,5.0,4th quarter,8:54.0,Bo Outlaw,ORL,True,2-pointer,0,77-75,'ORL',leads
427,427,427,200011120GSW,8.0,23.4,4th quarter,7:46.0,Mike Miller,ORL,True,3-pointer,24,80-77,'ORL',leads
428,428,428,200011120GSW,24.0,5.0,4th quarter,7:15.0,Tracy McGrady,ORL,True,2-pointer,0,82-77,'ORL',leads
429,429,429,200011120GSW,18.0,23.4,4th quarter,5:57.0,Mike Miller,ORL,False,2-pointer,19,82-79,'ORL',leads
430,430,430,200011120GSW,23.6,13.2,4th quarter,4:26.0,Tracy McGrady,ORL,True,2-pointer,8,88-79,'ORL',leads
431,431,431,200011120GSW,37.8,25.7,4th quarter,3:12.0,Mike Miller,ORL,False,3-pointer,25,88-83,'ORL',leads
432,432,432,200011120GSW,41.4,3.5,4th quarter,2:40.0,John Amaechi,ORL,False,2-pointer,17,88-85,'ORL',leads
433,433,433,200011120GSW,10.2,16.2,4th quarter,1:29.0,Tracy McGrady,ORL,False,2-pointer,18,89-87,'ORL',leads
434,434,434,200011120GSW,24.0,5.0,4th quarter,1:02.0,Tracy McGrady,ORL,True,2-pointer,0,91-89,'ORL',leads
435,435,435,200011120GSW,8.0,6.7,1st overtime,4:22.0,John Amaechi,ORL,False,2-pointer,16,91-93,'ORL',trails
436,436,436,200011120GSW,24.1,10.5,1st overtime,3:36.0,Don Reid,ORL,True,2-pointer,6,93-93,'ORL',tied
437,437,437,200011120GSW,39.9,24.0,1st overtime,2:30.0,Darrell Armstrong,ORL,True,3-pointer,25,96-96,'ORL',tied
438,438,438,200011120GSW,13.7,27.2,1st overtime,1:05.0,Pat Garrity,ORL,True,3-pointer,24,101-97,'ORL',leads
439,439,439,200011120GSW,37.8,16.6,1st overtime,0:38.5,Darrell Armstrong,ORL,False,2-pointer,18,101-97,'ORL',leads
440,440,440,200011120GSW,24.0,5.0,1st overtime,0:12.6,Mike Miller,ORL,False,2-pointer,0,101-99,'ORL',leads
441,441,441,200011120GSW,10.8,15.6,1st quarter,11:41.0,Antawn Jamison,GSW,True,2-pointer,17,2-0,'ORL',leads
442,442,442,200011120GSW,36.9,10.5,1st quarter,10:58.0,Erick Dampier,GSW,False,2-pointer,14,2-0,'ORL',leads
443,443,443,200011120GSW,8.0,13.2,1st quarter,10:11.0,Antawn Jamison,GSW,True,2-pointer,18,4-2,'ORL',leads
444,444,444,200011120GSW,12.9,3.5,1st quarter,9:39.0,Erick Dampier,GSW,False,2-pointer,11,4-2,'ORL',leads
445,445,445,200011120GSW,6.6,3.5,1st quarter,8:01.0,Mookie Blaylock,GSW,True,2-pointer,17,6-4,'ORL',leads
446,446,446,200011120GSW,24.0,5.0,1st quarter,6:49.0,Erick Dampier,GSW,True,2-pointer,0,8-8,'ORL',tied
447,447,447,200011120GSW,0.9,2.5,1st quarter,5:46.0,Antawn Jamison,GSW,False,3-pointer,23,8-10,'ORL',trails
448,448,448,200011120GSW,6.6,3.5,1st quarter,4:39.0,Chris Mills,GSW,False,2-pointer,17,8-14,'ORL',trails
449,449,449,200011120GSW,3.0,19.6,1st quarter,3:36.0,Mookie Blaylock,GSW,False,3-pointer,26,8-18,'ORL',trails
450,450,450,200011120GSW,13.7,17.2,1st quarter,3:13.0,Chris Mills,GSW,False,2-pointer,16,8-20,'ORL',trails
451,451,451,200011120GSW,14.4,17.7,1st quarter,2:39.0,Mookie Blaylock,GSW,False,2-pointer,16,10-20,'ORL',trails
452,452,452,200011120GSW,36.3,16.6,1st quarter,2:31.0,Chris Mills,GSW,False,2-pointer,17,10-20,'ORL',trails
453,453,453,200011120GSW,47.1,7.8,1st quarter,1:26.0,Chris Mullin,GSW,True,3-pointer,23,15-23,'ORL',trails
454,454,454,200011120GSW,37.8,4.6,1st quarter,0:22.8,Danny Fortson,GSW,True,2-pointer,14,17-25,'ORL',trails
455,455,455,200011120GSW,36.9,5.7,2nd quarter,11:22.0,Chris Mills,GSW,False,2-pointer,13,17-25,'ORL',trails
456,456,456,200011120GSW,18.0,11.1,2nd quarter,10:38.0,Chris Mullin,GSW,False,2-pointer,9,18-27,'ORL',trails
457,457,457,200011120GSW,14.8,19.1,2nd quarter,10:08.0,Chris Mullin,GSW,False,2-pointer,17,18-29,'ORL',trails
458,458,458,200011120GSW,22.2,10.1,2nd quarter,9:11.0,Chris Mills,GSW,False,2-pointer,5,20-31,'ORL',trails
459,459,459,200011120GSW,24.0,5.0,2nd quarter,9:06.0,Chris Mills,GSW,True,2-pointer,0,22-31,'ORL',trails
460,460,460,200011120GSW,35.5,17.9,2nd quarter,8:29.0,Chris Mills,GSW,False,2-pointer,17,22-33,'ORL',trails
461,461,461,200011120GSW,6.4,5.0,2nd quarter,8:22.0,Chris Mills,GSW,False,2-pointer,18,22-33,'ORL',trails
462,462,462,200011120GSW,20.1,6.1,2nd quarter,7:58.0,Chris Mills,GSW,True,2-pointer,4,24-33,'ORL',trails
463,463,463,200011120GSW,24.0,5.0,2nd quarter,7:09.0,Larry Hughes,GSW,False,2-pointer,0,24-35,'ORL',trails
464,464,464,200011120GSW,24.0,5.0,2nd quarter,7:07.0,Antawn Jamison,GSW,True,2-pointer,0,26-35,'ORL',trails
465,465,465,200011120GSW,18.4,8.0,2nd quarter,5:42.0,Larry Hughes,GSW,True,2-pointer,6,28-37,'ORL',trails
466,466,466,200011120GSW,18.8,9.5,2nd quarter,5:18.0,Larry Hughes,GSW,True,2-pointer,7,30-37,'ORL',trails
467,467,467,200011120GSW,34.2,13.2,2nd quarter,4:45.0,Larry Hughes,GSW,False,2-pointer,13,30-37,'ORL',trails
468,468,468,200011120GSW,22.2,10.7,2nd quarter,4:15.0,Antawn Jamison,GSW,False,2-pointer,6,30-39,'ORL',trails
469,469,469,200011120GSW,22.2,10.1,2nd quarter,3:45.0,Antawn Jamison,GSW,False,2-pointer,5,31-41,'ORL',trails
470,470,470,200011120GSW,20.9,5.0,2nd quarter,3:21.0,Chris Mills,GSW,True,2-pointer,3,33-44,'ORL',trails
471,471,471,200011120GSW,24.0,5.0,2nd quarter,2:46.0,Danny Fortson,GSW,True,2-pointer,0,36-44,'ORL',trails
472,472,472,200011120GSW,24.0,5.0,2nd quarter,2:07.0,Mookie Blaylock,GSW,True,2-pointer,0,39-46,'ORL',trails
473,473,473,200011120GSW,17.3,5.0,2nd quarter,1:33.0,Erick Dampier,GSW,True,2-pointer,7,41-46,'ORL',trails
474,474,474,200011120GSW,21.3,10.7,2nd quarter,1:01.0,Antawn Jamison,GSW,False,2-pointer,6,41-46,'ORL',trails
475,475,475,200011120GSW,44.1,3.7,2nd quarter,0:12.0,Chris Mills,GSW,False,2-pointer,20,41-49,'ORL',trails
476,476,476,200011120GSW,21.5,20.0,3rd quarter,11:33.0,Mookie Blaylock,GSW,True,2-pointer,15,43-49,'ORL',trails
477,477,477,200011120GSW,24.0,5.0,3rd quarter,11:10.0,Erick Dampier,GSW,True,2-pointer,0,45-51,'ORL',trails
478,478,478,200011120GSW,30.0,8.2,3rd quarter,10:17.0,Danny Fortson,GSW,False,2-pointer,7,45-53,'ORL',trails
479,479,479,200011120GSW,24.0,5.0,3rd quarter,10:13.0,Danny Fortson,GSW,True,2-pointer,0,47-53,'ORL',trails
480,480,480,200011120GSW,5.1,3.5,3rd quarter,9:16.0,Antawn Jamison,GSW,False,2-pointer,19,47-53,'ORL',trails
481,481,481,200011120GSW,38.4,2.9,3rd quarter,8:48.0,Danny Fortson,GSW,True,2-pointer,15,49-53,'ORL',trails
482,482,482,200011120GSW,1.5,2.9,3rd quarter,8:11.0,Mookie Blaylock,GSW,False,3-pointer,23,49-53,'ORL',trails
483,483,483,200011120GSW,25.6,8.2,3rd quarter,7:34.0,Erick Dampier,GSW,True,2-pointer,4,51-56,'ORL',trails
484,484,484,200011120GSW,18.8,29.1,3rd quarter,6:55.0,Larry Hughes,GSW,False,3-pointer,25,51-57,'ORL',trails
485,485,485,200011120GSW,24.9,9.9,3rd quarter,6:40.0,Danny Fortson,GSW,True,2-pointer,5,53-57,'ORL',trails
486,486,486,200011120GSW,21.5,11.1,3rd quarter,6:19.0,Danny Fortson,GSW,True,2-pointer,7,55-57,'ORL',trails
487,487,487,200011120GSW,34.2,7.8,3rd quarter,5:53.0,Larry Hughes,GSW,True,2-pointer,11,57-60,'ORL',trails
488,488,488,200011120GSW,22.2,29.1,3rd quarter,5:23.0,Mookie Blaylock,GSW,False,3-pointer,24,57-60,'ORL',trails
489,489,489,200011120GSW,11.4,4.6,3rd quarter,4:55.0,Chris Mills,GSW,True,2-pointer,13,59-60,'ORL',trails
490,490,490,200011120GSW,24.0,5.0,3rd quarter,4:19.0,Erick Dampier,GSW,False,2-pointer,0,59-60,'ORL',trails
491,491,491,200011120GSW,24.0,5.0,3rd quarter,4:12.0,Mookie Blaylock,GSW,True,2-pointer,0,61-60,'ORL',leads
492,492,492,200011120GSW,13.7,4.6,3rd quarter,3:13.0,Antawn Jamison,GSW,True,2-pointer,10,63-62,'ORL',leads
493,493,493,200011120GSW,40.5,3.5,3rd quarter,2:44.0,Antawn Jamison,GSW,True,2-pointer,17,65-62,'ORL',leads
494,494,494,200011120GSW,42.0,21.7,3rd quarter,2:13.0,Chris Mills,GSW,True,3-pointer,25,68-64,'ORL',leads
495,495,495,200011120GSW,24.0,5.0,3rd quarter,1:42.0,Adonal Foyle,GSW,True,2-pointer,0,70-66,'ORL',leads
496,496,496,200011120GSW,9.3,26.7,3rd quarter,0:36.8,Mookie Blaylock,GSW,False,3-pointer,26,70-70,'ORL',tied
497,497,497,200011120GSW,24.1,17.2,3rd quarter,0:01.6,Antawn Jamison,GSW,True,2-pointer,12,72-72,'ORL',tied
498,498,498,200011120GSW,35.7,20.6,4th quarter,11:44.0,Antawn Jamison,GSW,False,2-pointer,20,72-72,'ORL',tied
499,499,499,200011120GSW,24.0,5.0,4th quarter,11:42.0,Adonal Foyle,GSW,True,2-pointer,0,74-72,'ORL',leads
500,500,500,200011120GSW,11.4,4.6,4th quarter,9:19.0,Larry Hughes,GSW,False,2-pointer,13,75-75,'ORL',tied
501,501,501,200011120GSW,21.5,20.0,4th quarter,8:30.0,Mookie Blaylock,GSW,True,2-pointer,15,77-77,'ORL',tied
502,502,502,200011120GSW,8.7,24.0,4th quarter,7:53.0,Antawn Jamison,GSW,False,3-pointer,24,77-77,'ORL',tied
503,503,503,200011120GSW,13.7,3.9,4th quarter,6:54.0,Erick Dampier,GSW,False,2-pointer,10,77-82,'ORL',trails
504,504,504,200011120GSW,34.2,6.1,4th quarter,6:36.0,Larry Hughes,GSW,False,2-pointer,10,77-82,'ORL',trails
505,505,505,200011120GSW,47.1,3.5,4th quarter,6:31.0,Larry Hughes,GSW,False,3-pointer,23,77-82,'ORL',trails
506,506,506,200011120GSW,27.0,9.9,4th quarter,6:12.0,Larry Hughes,GSW,True,2-pointer,6,79-82,'ORL',trails
507,507,507,200011120GSW,47.1,3.9,4th quarter,5:31.0,Chris Mills,GSW,False,3-pointer,23,79-82,'ORL',trails
508,508,508,200011120GSW,33.6,18.9,4th quarter,4:09.0,Antawn Jamison,GSW,True,2-pointer,17,81-88,'ORL',trails
509,509,509,200011120GSW,27.0,6.7,4th quarter,3:39.0,Chris Mullin,GSW,False,2-pointer,3,81-88,'ORL',trails
510,510,510,200011120GSW,24.0,5.0,4th quarter,3:30.0,Chris Mills,GSW,True,2-pointer,0,83-88,'ORL',trails
511,511,511,200011120GSW,36.9,3.5,4th quarter,2:57.0,Antawn Jamison,GSW,True,2-pointer,13,85-88,'ORL',trails
512,512,512,200011120GSW,40.5,3.9,4th quarter,2:19.0,Chris Mills,GSW,False,2-pointer,17,85-88,'ORL',trails
513,513,513,200011120GSW,42.0,4.6,4th quarter,1:52.0,Antawn Jamison,GSW,True,2-pointer,18,87-89,'ORL',trails
514,514,514,200011120GSW,24.0,5.0,4th quarter,1:16.0,Antawn Jamison,GSW,True,2-pointer,0,89-89,'ORL',tied
515,515,515,200011120GSW,35.7,4.6,4th quarter,0:45.2,Chris Mullin,GSW,True,2-pointer,12,91-91,'ORL',tied
516,516,516,200011120GSW,39.0,3.9,4th quarter,0:01.6,Danny Fortson,GSW,False,2-pointer,15,91-91,'ORL',tied
517,517,517,200011120GSW,18.8,24.0,1st overtime,3:14.0,Mookie Blaylock,GSW,True,2-pointer,20,95-93,'ORL',leads
518,518,518,200011120GSW,10.8,26.1,1st overtime,2:12.0,Chris Mullin,GSW,False,3-pointer,25,96-96,'ORL',tied
519,519,519,200011120GSW,42.0,5.4,1st overtime,1:21.0,Antawn Jamison,GSW,False,2-pointer,18,97-98,'ORL',trails
520,520,520,200011120GSW,33.6,28.4,1st overtime,0:02.5,Antawn Jamison,GSW,False,3-pointer,25,99-103,'ORL',trails
521,521,521,200011120LAL,24.3,13.5,1st quarter,11:24.0,Maurice Taylor,HOU,True,2-pointer,9,2-2,'HOU',tied
522,522,522,200011120LAL,22.4,15.8,1st quarter,10:24.0,Walt Williams,HOU,False,2-pointer,11,2-6,'HOU',trails
523,523,523,200011120LAL,10.8,28.4,1st quarter,9:09.0,Kenny Thomas,HOU,True,3-pointer,27,5-9,'HOU',trails
524,524,524,200011120LAL,25.1,11.6,1st quarter,8:36.0,Kenny Thomas,HOU,False,2-pointer,7,5-12,'HOU',trails
525,525,525,200011120LAL,25.8,8.8,1st quarter,8:35.0,Walt Williams,HOU,True,2-pointer,4,7-12,'HOU',trails
526,526,526,200011120LAL,17.3,16.8,1st quarter,7:39.0,Hakeem Olajuwon,HOU,False,2-pointer,14,8-13,'HOU',trails
527,527,527,200011120LAL,25.8,12.2,1st quarter,7:01.0,Walt Williams,HOU,False,2-pointer,7,8-13,'HOU',trails
528,528,528,200011120LAL,28.7,7.1,1st quarter,6:06.0,Shandon Anderson,HOU,False,2-pointer,5,8-13,'HOU',trails
529,529,529,200011120LAL,35.3,32.4,1st quarter,4:47.0,Steve Francis,HOU,False,3-pointer,30,13-13,'HOU',tied
530,530,530,200011120LAL,31.7,11.1,1st quarter,4:41.0,Steve Francis,HOU,False,2-pointer,10,13-13,'HOU',tied
531,531,531,200011120LAL,24.0,5.0,1st quarter,4:39.0,Hakeem Olajuwon,HOU,False,2-pointer,0,13-13,'HOU',tied
532,532,532,200011120LAL,10.2,11.6,1st quarter,4:13.0,Hakeem Olajuwon,HOU,True,2-pointer,15,15-13,'HOU',leads
533,533,533,200011120LAL,25.1,11.6,1st quarter,3:47.0,Walt Williams,HOU,False,2-pointer,7,15-13,'HOU',leads
534,534,534,200011120LAL,24.0,5.0,1st quarter,3:46.0,Walt Williams,HOU,False,2-pointer,0,15-13,'HOU',leads
535,535,535,200011120LAL,24.0,5.0,1st quarter,3:43.0,Kenny Thomas,HOU,True,2-pointer,0,17-13,'HOU',leads
536,536,536,200011120LAL,24.0,5.0,1st quarter,3:12.0,Kenny Thomas,HOU,False,2-pointer,0,17-16,'HOU',leads
537,537,537,200011120LAL,24.0,5.0,1st quarter,2:42.0,Kenny Thomas,HOU,True,2-pointer,0,20-18,'HOU',leads
538,538,538,200011120LAL,44.5,21.5,1st quarter,2:00.0,Kenny Thomas,HOU,False,3-pointer,26,20-20,'HOU',tied
539,539,539,200011120LAL,24.0,5.0,1st quarter,1:26.0,Steve Francis,HOU,True,2-pointer,0,22-20,'HOU',leads
540,540,540,200011120LAL,24.0,5.0,1st quarter,0:55.9,Cuttino Mobley,HOU,False,2-pointer,0,23-22,'HOU',leads
541,541,541,200011120LAL,24.0,5.0,1st quarter,0:54.1,Jason Collier,HOU,True,2-pointer,0,25-22,'HOU',leads
542,542,542,200011120LAL,8.7,29.5,1st quarter,0:00.9,Cuttino Mobley,HOU,False,3-pointer,29,27-25,'HOU',leads
543,543,543,200011120LAL,16.7,20.8,2nd quarter,11:04.0,Jason Collier,HOU,False,2-pointer,17,29-27,'HOU',leads
544,544,544,200011120LAL,24.0,5.0,2nd quarter,10:43.0,Kenny Thomas,HOU,False,2-pointer,0,29-27,'HOU',leads
545,545,545,200011120LAL,25.8,9.2,2nd quarter,10:16.0,Kenny Thomas,HOU,False,2-pointer,5,29-29,'HOU',tied
546,546,546,200011120LAL,31.7,19.1,2nd quarter,9:36.0,Steve Francis,HOU,True,2-pointer,16,31-31,'HOU',tied
547,547,547,200011120LAL,36.1,6.5,2nd quarter,9:07.0,Steve Francis,HOU,False,2-pointer,12,31-31,'HOU',tied
548,548,548,200011120LAL,22.4,9.2,2nd quarter,8:27.0,Jason Collier,HOU,False,2-pointer,4,31-33,'HOU',trails
549,549,549,200011120LAL,27.9,17.9,2nd quarter,6:45.0,Cuttino Mobley,HOU,False,2-pointer,13,31-38,'HOU',trails
550,550,550,200011120LAL,-0.2,5.2,2nd quarter,5:37.0,Walt Williams,HOU,True,3-pointer,24,34-43,'HOU',trails
551,551,551,200011120LAL,24.0,5.0,2nd quarter,5:01.0,Moochie Norris,HOU,True,2-pointer,0,36-45,'HOU',trails
552,552,552,200011120LAL,18.0,9.7,2nd quarter,4:24.0,Moochie Norris,HOU,True,2-pointer,8,38-45,'HOU',trails
553,553,553,200011120LAL,38.0,15.6,2nd quarter,3:59.0,Maurice Taylor,HOU,False,2-pointer,18,38-45,'HOU',trails
554,554,554,200011120LAL,24.0,5.0,2nd quarter,2:55.0,Moochie Norris,HOU,True,2-pointer,0,40-45,'HOU',trails
555,555,555,200011120LAL,15.6,13.2,2nd quarter,2:21.0,Hakeem Olajuwon,HOU,True,2-pointer,12,42-45,'HOU',trails
556,556,556,200011120LAL,35.9,15.6,2nd quarter,1:02.0,Moochie Norris,HOU,True,2-pointer,16,44-47,'HOU',trails
557,557,557,200011120LAL,40.7,25.3,2nd quarter,0:15.9,Kenny Thomas,HOU,False,3-pointer,26,44-51,'HOU',trails
558,558,558,200011120LAL,16.5,5.2,3rd quarter,11:43.0,Maurice Taylor,HOU,True,2-pointer,8,46-54,'HOU',trails
559,559,559,200011120LAL,18.6,14.3,3rd quarter,11:12.0,Steve Francis,HOU,False,2-pointer,11,46-55,'HOU',trails
560,560,560,200011120LAL,37.2,16.6,3rd quarter,10:05.0,Maurice Taylor,HOU,False,2-pointer,18,48-55,'HOU',trails
561,561,561,200011120LAL,12.1,19.6,3rd quarter,9:37.0,Walt Williams,HOU,True,2-pointer,19,50-58,'HOU',trails
562,562,562,200011120LAL,14.4,4.2,3rd quarter,8:55.0,Hakeem Olajuwon,HOU,False,2-pointer,10,50-60,'HOU',trails
563,563,563,200011120LAL,19.2,16.6,3rd quarter,8:18.0,Maurice Taylor,HOU,True,2-pointer,13,52-62,'HOU',trails
564,564,564,200011120LAL,22.8,32.6,3rd quarter,7:42.0,Kenny Thomas,HOU,False,3-pointer,28,52-65,'HOU',trails
565,565,565,200011120LAL,41.6,24.2,3rd quarter,7:16.0,Steve Francis,HOU,False,3-pointer,26,52-68,'HOU',trails
566,566,566,200011120LAL,7.0,24.6,3rd quarter,7:10.0,Walt Williams,HOU,True,3-pointer,26,55-68,'HOU',trails
567,567,567,200011120LAL,24.0,5.0,3rd quarter,6:05.0,Hakeem Olajuwon,HOU,True,2-pointer,0,59-70,'HOU',trails
568,568,568,200011120LAL,24.0,5.0,3rd quarter,5:37.0,Steve Francis,HOU,True,2-pointer,0,62-70,'HOU',trails
569,569,569,200011120LAL,46.6,6.9,3rd quarter,4:55.0,Shandon Anderson,HOU,True,3-pointer,23,65-72,'HOU',trails
570,570,570,200011120LAL,9.9,4.2,3rd quarter,4:11.0,Hakeem Olajuwon,HOU,True,2-pointer,14,67-74,'HOU',trails
571,571,571,200011120LAL,13.5,8.0,3rd quarter,2:30.0,Hakeem Olajuwon,HOU,False,2-pointer,11,69-77,'HOU',trails
572,572,572,200011120LAL,24.0,5.0,3rd quarter,1:47.0,Kenny Thomas,HOU,False,2-pointer,0,69-77,'HOU',trails
573,573,573,200011120LAL,20.7,8.6,3rd quarter,1:30.0,Cuttino Mobley,HOU,False,2-pointer,5,69-79,'HOU',trails
574,574,574,200011120LAL,9.1,8.0,3rd quarter,1:11.0,Kenny Thomas,HOU,False,2-pointer,15,69-79,'HOU',trails
575,575,575,200011120LAL,24.0,5.0,3rd quarter,1:08.0,Cuttino Mobley,HOU,True,2-pointer,0,71-79,'HOU',trails
576,576,576,200011120LAL,7.0,26.3,3rd quarter,0:33.9,Steve Francis,HOU,False,3-pointer,27,71-79,'HOU',trails
577,577,577,200011120LAL,25.6,12.6,3rd quarter,0:29.9,Cuttino Mobley,HOU,False,2-pointer,8,71-79,'HOU',trails
578,578,578,200011120LAL,33.6,22.5,4th quarter,11:24.0,Jason Collier,HOU,True,2-pointer,20,74-82,'HOU',trails
579,579,579,200011120LAL,23.6,11.3,4th quarter,10:38.0,Moochie Norris,HOU,True,2-pointer,6,76-82,'HOU',trails
580,580,580,200011120LAL,22.2,6.9,4th quarter,10:23.0,Steve Francis,HOU,False,2-pointer,3,76-82,'HOU',trails
581,581,581,200011120LAL,24.0,5.0,4th quarter,10:09.0,Moochie Norris,HOU,True,2-pointer,0,78-82,'HOU',trails
582,582,582,200011120LAL,22.2,12.6,4th quarter,9:19.0,Kenny Thomas,HOU,False,2-pointer,8,79-84,'HOU',trails
583,583,583,200011120LAL,24.0,5.0,4th quarter,8:57.0,Kenny Thomas,HOU,True,2-pointer,0,81-84,'HOU',trails
584,584,584,200011120LAL,29.4,24.2,4th quarter,8:19.0,Jason Collier,HOU,False,2-pointer,20,81-86,'HOU',trails
585,585,585,200011120LAL,26.2,20.0,4th quarter,7:31.0,Cuttino Mobley,HOU,True,2-pointer,15,83-89,'HOU',trails
586,586,586,200011120LAL,24.1,18.3,4th quarter,6:58.0,Cuttino Mobley,HOU,True,2-pointer,13,85-90,'HOU',trails
587,587,587,200011120LAL,20.1,13.2,4th quarter,6:15.0,Cuttino Mobley,HOU,False,2-pointer,9,85-90,'HOU',trails
588,588,588,200011120LAL,45.2,20.0,4th quarter,4:38.0,Steve Francis,HOU,False,3-pointer,26,87-97,'HOU',trails
589,589,589,200011120LAL,14.4,12.6,4th quarter,2:29.0,Hakeem Olajuwon,HOU,False,2-pointer,12,95-99,'HOU',trails
590,590,590,200011120LAL,24.0,5.0,4th quarter,1:51.0,Kenny Thomas,HOU,True,2-pointer,0,97-101,'HOU',trails
591,591,591,200011120LAL,37.2,20.6,4th quarter,0:34.9,Cuttino Mobley,HOU,False,2-pointer,20,99-104,'HOU',trails
592,592,592,200011120LAL,21.5,32.2,4th quarter,0:15.9,Cuttino Mobley,HOU,False,3-pointer,27,99-105,'HOU',trails
593,593,593,200011120LAL,32.3,28.2,4th quarter,0:05.9,Moochie Norris,HOU,False,3-pointer,25,99-105,'HOU',trails
594,594,594,200011120LAL,14.6,19.8,1st quarter,11:43.0,Horace Grant,LAL,True,2-pointer,18,2-0,'HOU',leads
595,595,595,200011120LAL,14.6,23.8,1st quarter,11:09.0,Kobe Bryant,LAL,False,2-pointer,21,2-2,'HOU',tied
596,596,596,200011120LAL,24.0,5.0,1st quarter,11:05.0,Horace Grant,LAL,True,2-pointer,0,4-2,'HOU',leads
597,597,597,200011120LAL,24.0,5.0,1st quarter,10:44.0,Ron Harper,LAL,True,2-pointer,0,6-2,'HOU',leads
598,598,598,200011120LAL,24.0,5.0,1st quarter,10:17.0,Kobe Bryant,LAL,False,2-pointer,0,6-2,'HOU',leads
599,599,599,200011120LAL,15.2,30.1,1st quarter,9:49.0,Brian Shaw,LAL,True,3-pointer,27,9-2,'HOU',leads
600,600,600,200011120LAL,24.0,5.0,1st quarter,9:23.0,Kobe Bryant,LAL,False,2-pointer,0,9-2,'HOU',leads
601,601,601,200011120LAL,24.0,5.0,1st quarter,9:21.0,Kobe Bryant,LAL,False,2-pointer,0,9-2,'HOU',leads
602,602,602,200011120LAL,36.1,28.4,1st quarter,8:52.0,Brian Shaw,LAL,True,3-pointer,26,12-5,'HOU',leads
603,603,603,200011120LAL,13.7,10.5,1st quarter,8:23.0,Shaquille O'Neal,LAL,False,2-pointer,12,12-8,'HOU',leads
604,604,604,200011120LAL,14.6,20.8,1st quarter,7:50.0,Horace Grant,LAL,False,2-pointer,18,13-8,'HOU',leads
605,605,605,200011120LAL,24.0,5.0,1st quarter,6:53.0,Horace Grant,LAL,False,2-pointer,0,13-8,'HOU',leads
606,606,606,200011120LAL,27.9,32.4,1st quarter,6:14.0,Brian Shaw,LAL,False,3-pointer,28,13-8,'HOU',leads
607,607,607,200011120LAL,47.5,9.9,1st quarter,5:45.0,Ron Harper,LAL,False,3-pointer,24,13-10,'HOU',leads
608,608,608,200011120LAL,28.7,20.8,1st quarter,5:15.0,Horace Grant,LAL,False,2-pointer,16,13-12,'HOU',leads
609,609,609,200011120LAL,24.0,5.0,1st quarter,4:56.0,Ron Harper,LAL,False,2-pointer,0,13-13,'HOU',tied
610,610,610,200011120LAL,6.4,4.4,1st quarter,4:31.0,Horace Grant,LAL,False,2-pointer,18,13-13,'HOU',tied
611,611,611,200011120LAL,19.4,9.9,1st quarter,3:32.0,Shaquille O'Neal,LAL,False,2-pointer,7,13-17,'HOU',trails
612,612,612,200011120LAL,24.0,5.0,1st quarter,3:30.0,Brian Shaw,LAL,False,2-pointer,0,13-17,'HOU',trails
613,613,613,200011120LAL,24.0,5.0,1st quarter,3:28.0,Shaquille O'Neal,LAL,True,2-pointer,0,15-17,'HOU',trails
614,614,614,200011120LAL,24.0,5.0,1st quarter,3:02.0,Kobe Bryant,LAL,True,2-pointer,0,18-18,'HOU',tied
615,615,615,200011120LAL,22.4,14.1,1st quarter,2:24.0,Isaiah Rider,LAL,False,2-pointer,9,18-20,'HOU',trails
616,616,616,200011120LAL,13.1,19.1,1st quarter,2:20.0,Isaiah Rider,LAL,True,2-pointer,18,20-20,'HOU',tied
617,617,617,200011120LAL,48.3,8.2,1st quarter,1:38.0,Rick Fox,LAL,False,3-pointer,25,20-20,'HOU',tied
618,618,618,200011120LAL,24.0,5.0,1st quarter,0:44.2,Kobe Bryant,LAL,True,2-pointer,0,24-25,'HOU',trails
619,619,619,200011120LAL,32.5,19.1,1st quarter,0:21.9,Kobe Bryant,LAL,False,2-pointer,16,25-25,'HOU',tied
620,620,620,200011120LAL,33.1,5.9,2nd quarter,11:33.0,Shaquille O'Neal,LAL,False,2-pointer,9,25-29,'HOU',trails
621,621,621,200011120LAL,23.0,6.5,2nd quarter,11:30.0,Shaquille O'Neal,LAL,True,2-pointer,2,27-29,'HOU',trails
622,622,622,200011120LAL,24.0,5.0,2nd quarter,10:37.0,Shaquille O'Neal,LAL,True,2-pointer,0,29-29,'HOU',tied
623,623,623,200011120LAL,24.0,5.0,2nd quarter,10:04.0,Shaquille O'Neal,LAL,True,2-pointer,0,31-29,'HOU',leads
624,624,624,200011120LAL,15.2,20.8,2nd quarter,8:50.0,Kobe Bryant,LAL,True,2-pointer,18,33-31,'HOU',leads
625,625,625,200011120LAL,24.0,5.0,2nd quarter,8:18.0,Kobe Bryant,LAL,True,2-pointer,0,35-31,'HOU',leads
626,626,626,200011120LAL,27.9,12.2,2nd quarter,7:34.0,Shaquille O'Neal,LAL,False,2-pointer,8,35-31,'HOU',leads
627,627,627,200011120LAL,3.6,22.7,2nd quarter,7:08.0,Rick Fox,LAL,True,3-pointer,27,38-31,'HOU',leads
628,628,628,200011120LAL,5.1,25.5,2nd quarter,6:30.0,Rick Fox,LAL,True,3-pointer,28,41-31,'HOU',leads
629,629,629,200011120LAL,21.7,14.5,2nd quarter,5:51.0,Shaquille O'Neal,LAL,False,2-pointer,10,41-31,'HOU',leads
630,630,630,200011120LAL,24.0,5.0,2nd quarter,5:48.0,Robert Horry,LAL,True,2-pointer,0,43-31,'HOU',leads
631,631,631,200011120LAL,19.2,10.9,2nd quarter,5:17.0,Isaiah Rider,LAL,True,2-pointer,8,45-34,'HOU',leads
632,632,632,200011120LAL,18.0,16.0,2nd quarter,4:06.0,Mike Penberthy,LAL,False,2-pointer,13,45-38,'HOU',leads
633,633,633,200011120LAL,12.1,20.0,2nd quarter,3:50.0,Isaiah Rider,LAL,False,2-pointer,19,45-38,'HOU',leads
634,634,634,200011120LAL,17.1,6.3,2nd quarter,3:19.0,Shaquille O'Neal,LAL,False,2-pointer,7,45-38,'HOU',leads
635,635,635,200011120LAL,8.5,10.3,2nd quarter,2:40.0,Kobe Bryant,LAL,False,2-pointer,16,45-40,'HOU',leads
636,636,636,200011120LAL,24.0,5.0,2nd quarter,2:06.0,Shaquille O'Neal,LAL,True,2-pointer,0,47-42,'HOU',leads
637,637,637,200011120LAL,20.1,32.6,2nd quarter,1:18.0,Rick Fox,LAL,False,3-pointer,28,47-42,'HOU',leads
638,638,638,200011120LAL,24.1,10.9,2nd quarter,0:49.9,Brian Shaw,LAL,True,2-pointer,6,49-44,'HOU',leads
639,639,639,200011120LAL,24.0,5.0,2nd quarter,0:30.6,Kobe Bryant,LAL,True,2-pointer,0,51-44,'HOU',leads
640,640,640,200011120LAL,24.1,32.6,2nd quarter,0:04.9,Kobe Bryant,LAL,True,3-pointer,28,54-44,'HOU',leads
641,641,641,200011120LAL,27.0,13.9,3rd quarter,10:57.0,Shaquille O'Neal,LAL,False,2-pointer,9,55-46,'HOU',leads
642,642,642,200011120LAL,24.0,5.0,3rd quarter,10:17.0,Brian Shaw,LAL,False,2-pointer,0,55-48,'HOU',leads
643,643,643,200011120LAL,14.4,18.3,3rd quarter,9:59.0,Kobe Bryant,LAL,True,2-pointer,16,57-48,'HOU',leads
644,644,644,200011120LAL,24.0,5.0,3rd quarter,9:13.0,Horace Grant,LAL,True,2-pointer,0,60-50,'HOU',leads
645,645,645,200011120LAL,39.5,4.2,3rd quarter,8:38.0,Kobe Bryant,LAL,True,2-pointer,16,62-50,'HOU',leads
646,646,646,200011120LAL,24.0,5.0,3rd quarter,8:05.0,Horace Grant,LAL,True,2-pointer,0,64-52,'HOU',leads
647,647,647,200011120LAL,24.0,5.0,3rd quarter,7:35.0,Ron Harper,LAL,True,2-pointer,0,67-52,'HOU',leads
648,648,648,200011120LAL,12.9,4.8,3rd quarter,6:44.0,Shaquille O'Neal,LAL,False,2-pointer,11,68-55,'HOU',leads
649,649,649,200011120LAL,12.9,28.2,3rd quarter,5:52.0,Brian Shaw,LAL,False,3-pointer,26,70-60,'HOU',leads
650,650,650,200011120LAL,8.5,6.3,3rd quarter,5:18.0,Kobe Bryant,LAL,True,2-pointer,16,72-62,'HOU',leads
651,651,651,200011120LAL,15.6,18.3,3rd quarter,4:34.0,Kobe Bryant,LAL,False,2-pointer,16,72-65,'HOU',leads
652,652,652,200011120LAL,24.0,5.0,3rd quarter,4:31.0,Horace Grant,LAL,False,2-pointer,0,72-65,'HOU',leads
653,653,653,200011120LAL,24.0,5.0,3rd quarter,4:24.0,Horace Grant,LAL,True,2-pointer,0,74-65,'HOU',leads
654,654,654,200011120LAL,6.2,4.2,3rd quarter,3:51.0,Kobe Bryant,LAL,False,2-pointer,18,74-68,'HOU',leads
655,655,655,200011120LAL,25.6,13.9,3rd quarter,3:40.0,Kobe Bryant,LAL,False,2-pointer,9,74-68,'HOU',leads
656,656,656,200011120LAL,19.2,15.6,3rd quarter,3:33.0,Kobe Bryant,LAL,True,2-pointer,12,76-68,'HOU',leads
657,657,657,200011120LAL,24.0,5.0,3rd quarter,2:56.0,Kobe Bryant,LAL,False,2-pointer,0,76-69,'HOU',leads
658,658,658,200011120LAL,7.0,6.3,3rd quarter,2:05.0,Kobe Bryant,LAL,False,2-pointer,17,77-69,'HOU',leads
659,659,659,200011120LAL,24.0,5.0,3rd quarter,1:42.0,Ron Harper,LAL,True,2-pointer,0,79-69,'HOU',leads
660,660,660,200011120LAL,32.9,12.0,3rd quarter,0:46.9,Isaiah Rider,LAL,False,2-pointer,11,79-71,'HOU',leads
661,661,661,200011120LAL,12.1,18.3,3rd quarter,0:14.9,Kobe Bryant,LAL,False,2-pointer,18,79-71,'HOU',leads
662,662,662,200011120LAL,24.1,32.2,3rd quarter,0:00.8,Isaiah Rider,LAL,True,3-pointer,27,82-72,'HOU',leads
663,663,663,200011120LAL,30.8,7.3,4th quarter,11:01.0,Isaiah Rider,LAL,False,2-pointer,7,82-74,'HOU',leads
664,664,664,200011120LAL,24.9,9.0,4th quarter,10:52.0,Kobe Bryant,LAL,False,2-pointer,4,82-74,'HOU',leads
665,665,665,200011120LAL,14.4,5.7,4th quarter,9:07.0,Isaiah Rider,LAL,False,2-pointer,10,84-79,'HOU',leads
666,666,666,200011120LAL,21.5,9.7,4th quarter,8:38.0,Isaiah Rider,LAL,True,2-pointer,5,86-81,'HOU',leads
667,667,667,200011120LAL,12.9,28.2,4th quarter,8:04.0,Robert Horry,LAL,True,3-pointer,26,89-81,'HOU',leads
668,668,668,200011120LAL,15.6,13.2,4th quarter,6:34.0,Kobe Bryant,LAL,False,2-pointer,12,90-85,'HOU',leads
669,669,669,200011120LAL,7.6,3.5,4th quarter,5:59.0,Shaquille O'Neal,LAL,True,2-pointer,16,92-85,'HOU',leads
670,670,670,200011120LAL,24.0,5.0,4th quarter,5:22.0,Mike Penberthy,LAL,True,2-pointer,0,94-86,'HOU',leads
671,671,671,200011120LAL,24.9,10.9,4th quarter,4:57.0,Kobe Bryant,LAL,False,2-pointer,6,94-87,'HOU',leads
672,672,672,200011120LAL,35.0,6.3,4th quarter,4:55.0,Isaiah Rider,LAL,True,2-pointer,11,96-87,'HOU',leads
673,673,673,200011120LAL,24.0,5.0,4th quarter,4:14.0,Isaiah Rider,LAL,False,2-pointer,0,97-89,'HOU',leads
674,674,674,200011120LAL,45.2,24.6,4th quarter,3:50.0,Mike Penberthy,LAL,False,3-pointer,29,97-91,'HOU',leads
675,675,675,200011120LAL,24.0,5.0,4th quarter,3:28.0,Kobe Bryant,LAL,True,2-pointer,0,99-93,'HOU',leads
676,676,676,200011120LAL,24.9,10.9,4th quarter,1:38.0,Kobe Bryant,LAL,True,2-pointer,6,103-97,'HOU',leads
677,677,677,200011120LAL,28.5,8.6,4th quarter,1:05.0,Kobe Bryant,LAL,False,2-pointer,6,103-99,'HOU',leads
678,678,678,200011120LAL,24.0,5.0,4th quarter,1:03.0,Kobe Bryant,LAL,False,2-pointer,0,103-99,'HOU',leads
679,679,679,200011120SAC,23.6,19.1,1st quarter,11:40.0,Dirk Nowitzki,DAL,True,2-pointer,14,2-0,'DAL',leads
680,680,680,200011120SAC,44.3,5.4,1st quarter,11:16.0,Michael Finley,DAL,True,2-pointer,20,4-0,'DAL',leads
681,681,681,200011120SAC,35.9,20.4,1st quarter,10:35.0,Michael Finley,DAL,True,2-pointer,19,6-0,'DAL',leads
682,682,682,200011120SAC,14.4,12.4,1st quarter,9:43.0,Michael Finley,DAL,False,2-pointer,12,6-3,'DAL',leads
683,683,683,200011120SAC,38.6,22.7,1st quarter,9:19.0,Michael Finley,DAL,False,2-pointer,23,6-5,'DAL',leads
684,684,684,200011120SAC,36.5,18.5,1st quarter,8:49.0,Steve Nash,DAL,False,2-pointer,18,6-7,'DAL',trails
685,685,685,200011120SAC,30.8,7.3,1st quarter,8:11.0,Courtney Alexander,DAL,False,2-pointer,7,6-9,'DAL',trails
686,686,686,200011120SAC,43.9,14.9,1st quarter,7:41.0,Hubert Davis,DAL,True,2-pointer,22,8-11,'DAL',trails
687,687,687,200011120SAC,25.8,24.4,1st quarter,7:14.0,Dirk Nowitzki,DAL,True,2-pointer,19,10-13,'DAL',trails
688,688,688,200011120SAC,16.7,13.2,1st quarter,6:47.0,Steve Nash,DAL,True,2-pointer,11,12-15,'DAL',trails
689,689,689,200011120SAC,40.3,5.7,1st quarter,5:40.0,Christian Laettner,DAL,True,2-pointer,16,14-15,'DAL',trails
690,690,690,200011120SAC,26.4,10.3,1st quarter,5:07.0,Steve Nash,DAL,False,2-pointer,6,14-15,'DAL',trails
691,691,691,200011120SAC,25.1,20.6,1st quarter,4:40.0,Steve Nash,DAL,False,2-pointer,16,14-17,'DAL',trails
692,692,692,200011120SAC,25.8,20.0,1st quarter,4:05.0,Christian Laettner,DAL,False,2-pointer,15,14-19,'DAL',trails
693,693,693,200011120SAC,38.8,5.7,1st quarter,3:40.0,Christian Laettner,DAL,True,2-pointer,15,16-19,'DAL',trails
694,694,694,200011120SAC,21.7,5.7,1st quarter,3:04.0,Steve Nash,DAL,True,2-pointer,2,18-23,'DAL',trails
695,695,695,200011120SAC,24.0,5.0,1st quarter,2:30.0,Dirk Nowitzki,DAL,True,2-pointer,0,20-23,'DAL',trails
696,696,696,200011120SAC,24.3,20.0,1st quarter,2:08.0,Michael Finley,DAL,True,2-pointer,15,22-25,'DAL',trails
697,697,697,200011120SAC,24.3,8.6,1st quarter,1:29.0,Hubert Davis,DAL,True,2-pointer,4,24-27,'DAL',trails
698,698,698,200011120SAC,41.8,19.4,1st quarter,1:07.0,Dirk Nowitzki,DAL,False,2-pointer,23,24-29,'DAL',trails
699,699,699,200011120SAC,35.3,20.6,1st quarter,0:04.9,Michael Finley,DAL,False,2-pointer,19,24-29,'DAL',trails
700,700,700,200011120SAC,17.3,10.3,2nd quarter,11:16.0,Steve Nash,DAL,False,2-pointer,9,24-31,'DAL',trails
701,701,701,200011120SAC,28.7,25.0,2nd quarter,10:40.0,Hubert Davis,DAL,False,2-pointer,21,24-31,'DAL',trails
702,702,702,200011120SAC,46.8,6.9,2nd quarter,9:56.0,Dirk Nowitzki,DAL,False,3-pointer,23,24-33,'DAL',trails
703,703,703,200011120SAC,20.3,9.2,2nd quarter,9:35.0,Howard Eisley,DAL,False,2-pointer,6,24-33,'DAL',trails
704,704,704,200011120SAC,9.3,5.7,2nd quarter,9:19.0,Michael Finley,DAL,False,2-pointer,15,24-33,'DAL',trails
705,705,705,200011120SAC,15.8,4.8,2nd quarter,8:37.0,Shawn Bradley,DAL,False,2-pointer,8,26-35,'DAL',trails
706,706,706,200011120SAC,46.8,4.8,2nd quarter,8:01.0,Howard Eisley,DAL,False,3-pointer,23,26-37,'DAL',trails
707,707,707,200011120SAC,23.9,10.3,2nd quarter,7:27.0,Michael Finley,DAL,True,2-pointer,5,28-40,'DAL',trails
708,708,708,200011120SAC,23.9,20.0,2nd quarter,7:04.0,Greg Buckner,DAL,True,2-pointer,15,30-40,'DAL',trails
709,709,709,200011120SAC,13.7,22.9,2nd quarter,6:37.0,Michael Finley,DAL,False,2-pointer,21,30-40,'DAL',trails
710,710,710,200011120SAC,43.3,10.7,2nd quarter,6:24.0,Greg Buckner,DAL,False,2-pointer,20,30-40,'DAL',trails
711,711,711,200011120SAC,25.1,12.0,2nd quarter,5:47.0,Shawn Bradley,DAL,True,2-pointer,7,32-40,'DAL',trails
712,712,712,200011120SAC,24.0,5.0,2nd quarter,5:10.0,Greg Buckner,DAL,True,2-pointer,0,34-40,'DAL',trails
713,713,713,200011120SAC,23.9,24.0,2nd quarter,4:17.0,Michael Finley,DAL,False,2-pointer,19,34-41,'DAL',trails
714,714,714,200011120SAC,30.2,8.6,2nd quarter,3:55.0,Greg Buckner,DAL,False,2-pointer,7,34-42,'DAL',trails
715,715,715,200011120SAC,23.9,9.7,2nd quarter,3:19.0,Shawn Bradley,DAL,False,2-pointer,5,34-45,'DAL',trails
716,716,716,200011120SAC,0.7,5.0,2nd quarter,2:46.0,Michael Finley,DAL,False,3-pointer,23,34-47,'DAL',trails
717,717,717,200011120SAC,21.7,9.7,2nd quarter,1:28.0,Dirk Nowitzki,DAL,False,2-pointer,5,36-49,'DAL',trails
718,718,718,200011120SAC,24.0,5.0,2nd quarter,1:07.0,Christian Laettner,DAL,True,2-pointer,0,38-49,'DAL',trails
719,719,719,200011120SAC,23.0,12.0,3rd quarter,10:25.0,Michael Finley,DAL,False,2-pointer,7,41-59,'DAL',trails
720,720,720,200011120SAC,46.8,10.7,3rd quarter,10:16.0,Steve Nash,DAL,False,3-pointer,24,41-59,'DAL',trails
721,721,721,200011120SAC,2.1,7.6,3rd quarter,9:43.0,Michael Finley,DAL,False,2-pointer,22,41-61,'DAL',trails
722,722,722,200011120SAC,36.1,4.8,3rd quarter,9:23.0,Steve Nash,DAL,False,2-pointer,12,41-63,'DAL',trails
723,723,723,200011120SAC,25.1,10.3,3rd quarter,8:48.0,Shawn Bradley,DAL,False,2-pointer,5,41-65,'DAL',trails
724,724,724,200011120SAC,36.1,16.0,3rd quarter,8:32.0,Dirk Nowitzki,DAL,True,2-pointer,16,43-65,'DAL',trails
725,725,725,200011120SAC,46.8,12.6,3rd quarter,7:41.0,Steve Nash,DAL,False,3-pointer,24,43-67,'DAL',trails
726,726,726,200011120SAC,24.0,5.0,3rd quarter,7:22.0,Michael Finley,DAL,True,2-pointer,0,45-67,'DAL',trails
727,727,727,200011120SAC,25.8,21.7,3rd quarter,6:46.0,Shawn Bradley,DAL,False,2-pointer,17,45-69,'DAL',trails
728,728,728,200011120SAC,36.7,13.7,3rd quarter,6:20.0,Steve Nash,DAL,True,2-pointer,15,47-71,'DAL',trails
729,729,729,200011120SAC,16.7,22.3,3rd quarter,5:51.0,Loy Vaught,DAL,True,2-pointer,19,49-73,'DAL',trails
730,730,730,200011120SAC,15.8,26.3,3rd quarter,5:27.0,Steve Nash,DAL,False,2-pointer,23,49-73,'DAL',trails
731,731,731,200011120SAC,23.9,10.7,3rd quarter,4:51.0,Greg Buckner,DAL,True,2-pointer,6,51-73,'DAL',trails
732,732,732,200011120SAC,7.8,5.7,3rd quarter,4:06.0,Greg Buckner,DAL,False,2-pointer,16,51-75,'DAL',trails
733,733,733,200011120SAC,20.3,15.4,3rd quarter,3:40.0,Dirk Nowitzki,DAL,True,2-pointer,11,53-77,'DAL',trails
734,734,734,200011120SAC,27.2,11.3,3rd quarter,2:21.0,Dirk Nowitzki,DAL,False,2-pointer,7,55-80,'DAL',trails
735,735,735,200011120SAC,24.0,5.0,3rd quarter,2:20.0,Greg Buckner,DAL,False,2-pointer,0,55-80,'DAL',trails
736,736,736,200011120SAC,30.1,12.5,3rd quarter,2:16.0,Loy Vaught,DAL,False,2-pointer,10,55-80,'DAL',trails
737,737,737,200011120SAC,27.2,9.7,3rd quarter,2:14.0,Greg Buckner,DAL,True,2-pointer,6,57-80,'DAL',trails
738,738,738,200011120SAC,18.8,16.0,3rd quarter,1:36.0,Howard Eisley,DAL,False,2-pointer,12,57-80,'DAL',trails
739,739,739,200011120SAC,24.0,5.0,3rd quarter,1:16.0,Hubert Davis,DAL,True,2-pointer,0,59-80,'DAL',trails
740,740,740,200011120SAC,27.2,8.0,3rd quarter,0:41.9,Hubert Davis,DAL,False,2-pointer,4,59-82,'DAL',trails
741,741,741,200011120SAC,28.7,5.7,3rd quarter,0:04.9,Howard Eisley,DAL,False,2-pointer,5,59-82,'DAL',trails
742,742,742,200011120SAC,42.4,5.0,4th quarter,11:43.0,Howard Eisley,DAL,False,2-pointer,18,59-82,'DAL',trails
743,743,743,200011120SAC,23.0,10.7,4th quarter,11:04.0,Courtney Alexander,DAL,False,2-pointer,6,59-84,'DAL',trails
744,744,744,200011120SAC,25.8,10.7,4th quarter,11:00.0,Loy Vaught,DAL,True,2-pointer,6,61-84,'DAL',trails
745,745,745,200011120SAC,7.2,5.7,4th quarter,10:24.0,Howard Eisley,DAL,True,2-pointer,17,63-84,'DAL',trails
746,746,746,200011120SAC,24.0,5.0,4th quarter,10:03.0,Courtney Alexander,DAL,False,2-pointer,0,63-84,'DAL',trails
747,747,747,200011120SAC,24.0,5.0,4th quarter,10:02.0,Christian Laettner,DAL,True,2-pointer,0,65-84,'DAL',trails
748,748,748,200011120SAC,24.0,5.0,4th quarter,9:48.0,Hubert Davis,DAL,True,2-pointer,0,67-84,'DAL',trails
749,749,749,200011120SAC,10.8,6.3,4th quarter,9:20.0,Courtney Alexander,DAL,False,2-pointer,13,67-86,'DAL',trails
750,750,750,200011120SAC,18.8,6.9,4th quarter,8:40.0,Christian Laettner,DAL,False,2-pointer,6,67-86,'DAL',trails
751,751,751,200011120SAC,24.0,5.0,4th quarter,8:23.0,Christian Laettner,DAL,True,2-pointer,0,69-88,'DAL',trails
752,752,752,200011120SAC,17.3,20.6,4th quarter,7:55.0,Christian Laettner,DAL,False,2-pointer,17,69-91,'DAL',trails
753,753,753,200011120SAC,21.7,20.6,4th quarter,7:32.0,Christian Laettner,DAL,False,2-pointer,16,71-91,'DAL',trails
754,754,754,200011120SAC,41.8,9.7,4th quarter,7:06.0,Courtney Alexander,DAL,False,2-pointer,18,71-91,'DAL',trails
755,755,755,200011120SAC,17.3,5.7,4th quarter,5:59.0,Hubert Davis,DAL,False,2-pointer,7,71-94,'DAL',trails
756,756,756,200011120SAC,24.0,5.0,4th quarter,5:57.0,Christian Laettner,DAL,False,2-pointer,0,71-94,'DAL',trails
757,757,757,200011120SAC,38.2,21.3,4th quarter,5:11.0,Howard Eisley,DAL,False,2-pointer,22,71-99,'DAL',trails
758,758,758,200011120SAC,24.0,5.0,4th quarter,4:43.0,Christian Laettner,DAL,True,2-pointer,0,73-101,'DAL',trails
759,759,759,200011120SAC,44.5,19.4,4th quarter,4:24.0,Howard Eisley,DAL,False,3-pointer,25,73-101,'DAL',trails
760,760,760,200011120SAC,20.3,29.7,4th quarter,3:57.0,Hubert Davis,DAL,False,3-pointer,25,73-103,'DAL',trails
761,761,761,200011120SAC,24.0,5.0,4th quarter,3:27.0,Loy Vaught,DAL,True,2-pointer,0,75-103,'DAL',trails
762,762,762,200011120SAC,15.2,27.4,4th quarter,2:51.0,Hubert Davis,DAL,True,3-pointer,24,78-105,'DAL',trails
763,763,763,200011120SAC,19.4,22.9,4th quarter,2:19.0,Eduardo Nájera,DAL,True,2-pointer,18,80-107,'DAL',trails
764,764,764,200011120SAC,6.4,10.7,4th quarter,1:44.0,Loy Vaught,DAL,True,2-pointer,19,82-107,'DAL',trails
765,765,765,200011120SAC,28.7,5.7,4th quarter,0:48.4,Greg Buckner,DAL,True,2-pointer,5,84-109,'DAL',trails
766,766,766,200011120SAC,7.8,14.9,4th quarter,0:32.9,Loy Vaught,DAL,False,2-pointer,19,84-109,'DAL',trails
767,767,767,200011120SAC,20.7,18.1,1st quarter,10:54.0,Doug Christie,SAC,False,2-pointer,14,0-4,'DAL',trails
768,768,768,200011120SAC,46.6,14.7,1st quarter,10:02.0,Peja Stojaković,SAC,True,3-pointer,25,3-6,'DAL',trails
769,769,769,200011120SAC,24.0,5.0,1st quarter,9:35.0,Jason Williams,SAC,True,2-pointer,0,5-6,'DAL',trails
770,770,770,200011120SAC,25.6,25.5,1st quarter,9:08.0,Jason Williams,SAC,True,2-pointer,21,7-6,'DAL',leads
771,771,771,200011120SAC,24.9,7.8,1st quarter,8:34.0,Peja Stojaković,SAC,True,2-pointer,3,9-6,'DAL',leads
772,772,772,200011120SAC,25.6,6.1,1st quarter,7:59.0,Peja Stojaković,SAC,True,2-pointer,2,11-6,'DAL',leads
773,773,773,200011120SAC,20.9,10.7,1st quarter,7:27.0,Chris Webber,SAC,True,2-pointer,6,13-8,'DAL',leads
774,774,774,200011120SAC,24.3,10.7,1st quarter,7:00.0,Chris Webber,SAC,True,2-pointer,6,15-10,'DAL',leads
775,775,775,200011120SAC,46.8,6.9,1st quarter,6:29.0,Peja Stojaković,SAC,False,3-pointer,23,15-12,'DAL',leads
776,776,776,200011120SAC,42.4,22.3,1st quarter,6:06.0,Jason Williams,SAC,False,3-pointer,25,15-12,'DAL',leads
777,777,777,200011120SAC,7.2,6.3,1st quarter,5:23.0,Peja Stojaković,SAC,False,2-pointer,17,15-14,'DAL',leads
778,778,778,200011120SAC,26.4,6.9,1st quarter,4:52.0,Doug Christie,SAC,True,2-pointer,3,17-14,'DAL',leads
779,779,779,200011120SAC,27.2,6.3,1st quarter,4:21.0,Peja Stojaković,SAC,True,2-pointer,3,19-14,'DAL',leads
780,780,780,200011120SAC,46.8,12.0,1st quarter,3:57.0,Jason Williams,SAC,False,3-pointer,24,19-14,'DAL',leads
781,781,781,200011120SAC,24.0,5.0,1st quarter,3:23.0,Chris Webber,SAC,True,2-pointer,0,22-16,'DAL',leads
782,782,782,200011120SAC,29.6,6.3,1st quarter,2:42.0,Vlade Divac,SAC,False,2-pointer,6,23-18,'DAL',leads
783,783,783,200011120SAC,24.0,5.0,1st quarter,2:25.0,Chris Webber,SAC,True,2-pointer,0,25-20,'DAL',leads
784,784,784,200011120SAC,24.0,5.0,1st quarter,1:52.0,Doug Christie,SAC,True,2-pointer,0,27-22,'DAL',leads
785,785,785,200011120SAC,24.0,5.0,1st quarter,1:16.0,Peja Stojaković,SAC,True,2-pointer,0,29-24,'DAL',leads
786,786,786,200011120SAC,39.7,12.6,1st quarter,0:59.9,Doug Christie,SAC,False,2-pointer,17,29-24,'DAL',leads
787,787,787,200011120SAC,40.3,18.7,2nd quarter,11:03.0,Peja Stojaković,SAC,False,2-pointer,21,31-24,'DAL',leads
788,788,788,200011120SAC,33.1,10.3,2nd quarter,10:55.0,Chris Webber,SAC,False,2-pointer,11,31-24,'DAL',leads
789,789,789,200011120SAC,34.6,21.3,2nd quarter,9:46.0,Scot Pollard,SAC,False,2-pointer,19,33-24,'DAL',leads
790,790,790,200011120SAC,24.0,5.0,2nd quarter,9:30.0,Bobby Jackson,SAC,False,2-pointer,0,33-24,'DAL',leads
791,791,791,200011120SAC,20.3,25.7,2nd quarter,9:05.0,Peja Stojaković,SAC,False,2-pointer,21,33-26,'DAL',leads
792,792,792,200011120SAC,9.3,10.3,2nd quarter,8:28.0,Lawrence Funderburke,SAC,True,2-pointer,16,37-26,'DAL',leads
793,793,793,200011120SAC,46.8,6.3,2nd quarter,7:45.0,Bobby Jackson,SAC,True,3-pointer,23,40-26,'DAL',leads
794,794,794,200011120SAC,41.8,14.9,2nd quarter,6:48.0,Nick Anderson,SAC,False,2-pointer,20,40-30,'DAL',leads
795,795,795,200011120SAC,24.3,10.3,2nd quarter,6:02.0,Lawrence Funderburke,SAC,False,2-pointer,5,40-30,'DAL',leads
796,796,796,200011120SAC,46.8,7.6,2nd quarter,5:31.0,Jon Barry,SAC,False,3-pointer,23,40-32,'DAL',leads
797,797,797,200011120SAC,9.3,17.7,2nd quarter,4:45.0,Chris Webber,SAC,False,2-pointer,19,40-34,'DAL',leads
798,798,798,200011120SAC,46.8,14.9,2nd quarter,4:37.0,Doug Christie,SAC,False,3-pointer,25,40-34,'DAL',leads
799,799,799,200011120SAC,0.7,5.7,2nd quarter,3:37.0,Peja Stojaković,SAC,True,3-pointer,23,45-34,'DAL',leads
800,800,800,200011120SAC,16.7,21.3,2nd quarter,3:11.0,Chris Webber,SAC,True,2-pointer,18,47-34,'DAL',leads
801,801,801,200011120SAC,24.0,5.0,2nd quarter,2:40.0,Chris Webber,SAC,True,2-pointer,0,49-34,'DAL',leads
802,802,802,200011120SAC,14.6,22.9,2nd quarter,1:41.0,Vlade Divac,SAC,False,2-pointer,20,49-36,'DAL',leads
803,803,803,200011120SAC,24.0,5.0,2nd quarter,1:18.0,Jason Williams,SAC,False,2-pointer,0,49-36,'DAL',leads
804,804,804,200011120SAC,31.0,6.9,2nd quarter,0:58.8,Jason Williams,SAC,True,2-pointer,7,51-38,'DAL',leads
805,805,805,200011120SAC,26.4,11.3,2nd quarter,0:35.9,Doug Christie,SAC,True,2-pointer,7,53-39,'DAL',leads
806,806,806,200011120SAC,46.8,10.7,3rd quarter,11:07.0,Peja Stojaković,SAC,True,3-pointer,24,59-41,'DAL',leads
807,807,807,200011120SAC,24.0,5.0,3rd quarter,10:02.0,Chris Webber,SAC,True,2-pointer,0,61-41,'DAL',leads
808,808,808,200011120SAC,0.0,8.0,3rd quarter,9:16.0,Peja Stojaković,SAC,False,3-pointer,24,63-41,'DAL',leads
809,809,809,200011120SAC,24.0,5.0,3rd quarter,9:13.0,Peja Stojaković,SAC,True,2-pointer,0,65-41,'DAL',leads
810,810,810,200011120SAC,0.7,9.2,3rd quarter,8:39.0,Doug Christie,SAC,False,3-pointer,24,65-41,'DAL',leads
811,811,811,200011120SAC,27.2,5.7,3rd quarter,7:00.0,Vlade Divac,SAC,True,2-pointer,3,69-45,'DAL',leads
812,812,812,200011120SAC,24.0,5.0,3rd quarter,6:04.0,Chris Webber,SAC,True,2-pointer,0,73-47,'DAL',leads
813,813,813,200011120SAC,20.9,6.9,3rd quarter,5:33.0,Peja Stojaković,SAC,False,2-pointer,4,73-49,'DAL',leads
814,814,814,200011120SAC,24.3,12.0,3rd quarter,4:27.0,Doug Christie,SAC,True,2-pointer,7,75-51,'DAL',leads
815,815,815,200011120SAC,29.6,20.0,3rd quarter,3:58.0,Chris Webber,SAC,True,2-pointer,16,77-51,'DAL',leads
816,816,816,200011120SAC,6.4,6.3,3rd quarter,3:11.0,Jason Williams,SAC,False,2-pointer,18,77-53,'DAL',leads
817,817,817,200011120SAC,0.7,4.8,3rd quarter,2:39.0,Doug Christie,SAC,True,3-pointer,23,80-55,'DAL',leads
818,818,818,200011120SAC,34.6,21.7,3rd quarter,1:54.0,Chris Webber,SAC,False,2-pointer,20,80-57,'DAL',leads
819,819,819,200011120SAC,46.8,6.9,3rd quarter,1:29.0,Doug Christie,SAC,False,3-pointer,23,80-57,'DAL',leads
820,820,820,200011120SAC,36.1,22.9,3rd quarter,0:55.7,Jason Williams,SAC,True,2-pointer,22,82-59,'DAL',leads
821,821,821,200011120SAC,24.0,5.0,4th quarter,11:27.0,Jason Williams,SAC,True,2-pointer,0,84-59,'DAL',leads
822,822,822,200011120SAC,13.1,22.9,4th quarter,10:38.0,Jason Williams,SAC,False,2-pointer,21,84-61,'DAL',leads
823,823,823,200011120SAC,45.4,16.6,4th quarter,10:11.0,Peja Stojaković,SAC,False,3-pointer,24,84-63,'DAL',leads
824,824,824,200011120SAC,24.0,5.0,4th quarter,9:32.0,Lawrence Funderburke,SAC,True,2-pointer,0,86-67,'DAL',leads
825,825,825,200011120SAC,25.1,14.3,4th quarter,9:02.0,Peja Stojaković,SAC,False,2-pointer,9,86-67,'DAL',leads
826,826,826,200011120SAC,23.0,8.0,4th quarter,8:07.0,Peja Stojaković,SAC,True,2-pointer,3,90-69,'DAL',leads
827,827,827,200011120SAC,40.3,8.0,4th quarter,7:13.0,Bobby Jackson,SAC,False,2-pointer,17,91-71,'DAL',leads
828,828,828,200011120SAC,37.4,25.7,4th quarter,6:46.0,Peja Stojaković,SAC,True,3-pointer,25,94-71,'DAL',leads
829,829,829,200011120SAC,46.8,5.7,4th quarter,6:09.0,Hedo Türkoğlu,SAC,False,3-pointer,23,94-71,'DAL',leads
830,830,830,200011120SAC,41.8,4.8,4th quarter,5:45.0,Lawrence Funderburke,SAC,True,2-pointer,18,96-71,'DAL',leads
831,831,831,200011120SAC,1.5,15.4,4th quarter,5:23.0,Jon Barry,SAC,True,3-pointer,25,99-71,'DAL',leads
832,832,832,200011120SAC,24.0,5.0,4th quarter,4:58.0,Bobby Jackson,SAC,True,2-pointer,0,101-71,'DAL',leads
833,833,833,200011120SAC,7.2,4.8,4th quarter,3:35.0,Lawrence Funderburke,SAC,False,2-pointer,17,103-73,'DAL',leads
834,834,834,200011120SAC,24.0,5.0,4th quarter,3:09.0,Scot Pollard,SAC,True,2-pointer,0,105-75,'DAL',leads
835,835,835,200011120SAC,24.0,5.0,4th quarter,2:36.0,Lawrence Funderburke,SAC,True,2-pointer,0,107-78,'DAL',leads
836,836,836,200011120SAC,24.0,5.0,4th quarter,1:28.0,Hedo Türkoğlu,SAC,True,2-pointer,0,109-82,'DAL',leads
837,837,837,200011120SAC,23.0,26.9,4th quarter,1:06.0,Jon Barry,SAC,False,2-pointer,22,109-82,'DAL',leads
838,838,838,200011120SAC,9.3,26.9,4th quarter,0:40.9,Jon Barry,SAC,False,3-pointer,26,109-84,'DAL',leads
839,839,839,200011120SAC,6.4,5.7,4th quarter,0:13.9,Hedo Türkoğlu,SAC,False,2-pointer,18,109-84,'DAL',leads
