,Unnamed: 0.1,Unnamed: 0,match_id,shotX,shotY,quarter,time_remaining,player,team,made,shot_type,distance,score,opp,status
0,0,0,200012290ATL,13.9,16.4,1st quarter,11:44.0,Chris Mihm,CLE,True,2-pointer,15,2-0,'CLE',leads
1,1,1,200012290ATL,28.7,7.6,1st quarter,11:08.0,Lamond Murray,CLE,False,2-pointer,5,2-2,'CLE',tied
2,2,2,200012290ATL,24.0,5.0,1st quarter,11:06.0,Clarence Weatherspoon,CLE,True,2-pointer,0,4-2,'CLE',leads
3,3,3,200012290ATL,31.7,25.7,1st quarter,9:45.0,Matt Harpring,CLE,False,2-pointer,22,4-4,'CLE',tied
4,4,4,200012290ATL,36.5,10.7,1st quarter,9:02.0,Clarence Weatherspoon,CLE,False,2-pointer,14,4-6,'CLE',trails
5,5,5,200012290ATL,10.4,5.9,1st quarter,8:43.0,Lamond Murray,CLE,False,2-pointer,14,4-6,'CLE',trails
6,6,6,200012290ATL,11.0,6.9,1st quarter,8:05.0,Andre Miller,CLE,False,2-pointer,13,4-6,'CLE',trails
7,7,7,200012290ATL,11.6,5.4,1st quarter,7:27.0,Matt Harpring,CLE,False,2-pointer,12,4-8,'CLE',trails
8,8,8,200012290ATL,12.5,16.8,1st quarter,6:53.0,Andre Miller,CLE,True,2-pointer,16,6-8,'CLE',trails
9,9,9,200012290ATL,25.1,19.1,1st quarter,6:30.0,Andre Miller,CLE,True,2-pointer,14,8-8,'CLE',tied
10,10,10,200012290ATL,23.9,10.7,1st quarter,5:54.0,Clarence Weatherspoon,CLE,True,2-pointer,6,11-8,'CLE',leads
11,11,11,200012290ATL,8.9,8.6,1st quarter,4:55.0,Chris Gatling,CLE,True,2-pointer,16,13-10,'CLE',leads
12,12,12,200012290ATL,24.0,5.0,1st quarter,3:35.0,Lamond Murray,CLE,True,2-pointer,0,15-10,'CLE',leads
13,13,13,200012290ATL,23.2,14.1,1st quarter,3:02.0,Clarence Weatherspoon,CLE,True,2-pointer,9,17-12,'CLE',leads
14,14,14,200012290ATL,22.4,12.0,1st quarter,2:15.0,Matt Harpring,CLE,False,2-pointer,7,19-14,'CLE',leads
15,15,15,200012290ATL,24.0,5.0,1st quarter,2:13.0,Lamond Murray,CLE,True,2-pointer,0,21-14,'CLE',leads
16,16,16,200012290ATL,24.0,5.0,1st quarter,1:48.0,Lamond Murray,CLE,True,2-pointer,0,23-14,'CLE',leads
17,17,17,200012290ATL,31.7,5.9,1st quarter,1:04.0,Chris Gatling,CLE,True,2-pointer,8,25-16,'CLE',leads
18,18,18,200012290ATL,37.2,20.8,1st quarter,0:29.9,Chris Gatling,CLE,False,2-pointer,21,26-18,'CLE',leads
19,19,19,200012290ATL,14.6,8.6,2nd quarter,11:27.0,Chris Mihm,CLE,True,2-pointer,10,28-19,'CLE',leads
20,20,20,200012290ATL,24.0,5.0,2nd quarter,10:47.0,Matt Harpring,CLE,True,2-pointer,0,30-21,'CLE',leads
21,21,21,200012290ATL,6.8,6.9,2nd quarter,9:46.0,Andre Miller,CLE,True,2-pointer,17,32-23,'CLE',leads
22,22,22,200012290ATL,37.2,5.4,2nd quarter,9:19.0,Matt Harpring,CLE,True,2-pointer,13,34-25,'CLE',leads
23,23,23,200012290ATL,21.7,12.0,2nd quarter,8:05.0,Chris Gatling,CLE,False,2-pointer,7,34-29,'CLE',leads
24,24,24,200012290ATL,16.9,12.0,2nd quarter,7:47.0,Andre Miller,CLE,True,2-pointer,10,36-29,'CLE',leads
25,25,25,200012290ATL,11.6,6.9,2nd quarter,6:17.0,Clarence Weatherspoon,CLE,False,2-pointer,13,38-33,'CLE',leads
26,26,26,200012290ATL,21.1,12.6,2nd quarter,5:35.0,Andre Miller,CLE,False,2-pointer,8,40-33,'CLE',leads
27,27,27,200012290ATL,32.3,11.3,2nd quarter,4:52.0,Clarence Weatherspoon,CLE,False,2-pointer,10,40-36,'CLE',leads
28,28,28,200012290ATL,21.1,9.7,2nd quarter,4:31.0,Chris Gatling,CLE,True,2-pointer,6,42-38,'CLE',leads
29,29,29,200012290ATL,35.9,7.6,2nd quarter,4:05.0,Chris Gatling,CLE,False,2-pointer,12,42-38,'CLE',leads
30,30,30,200012290ATL,24.0,5.0,2nd quarter,3:52.0,Chris Gatling,CLE,False,2-pointer,0,42-38,'CLE',leads
31,31,31,200012290ATL,22.4,12.6,2nd quarter,3:27.0,Chris Gatling,CLE,True,2-pointer,8,44-40,'CLE',leads
32,32,32,200012290ATL,8.9,10.3,2nd quarter,3:03.0,Andre Miller,CLE,False,2-pointer,16,44-40,'CLE',leads
33,33,33,200012290ATL,12.5,26.9,2nd quarter,2:58.0,Chris Gatling,CLE,False,3-pointer,25,44-40,'CLE',leads
34,34,34,200012290ATL,24.0,5.0,2nd quarter,2:23.0,Andre Miller,CLE,True,2-pointer,0,46-40,'CLE',leads
35,35,35,200012290ATL,36.5,12.6,2nd quarter,2:00.0,Lamond Murray,CLE,True,2-pointer,15,48-40,'CLE',leads
36,36,36,200012290ATL,40.1,5.4,2nd quarter,1:03.0,Matt Harpring,CLE,False,2-pointer,16,51-42,'CLE',leads
37,37,37,200012290ATL,23.2,10.7,2nd quarter,0:33.4,Chris Gatling,CLE,False,2-pointer,6,51-43,'CLE',leads
38,38,38,200012290ATL,28.7,12.0,3rd quarter,10:50.0,Lamond Murray,CLE,False,2-pointer,8,53-45,'CLE',leads
39,39,39,200012290ATL,25.8,5.9,3rd quarter,10:48.0,Chris Mihm,CLE,False,2-pointer,2,53-45,'CLE',leads
40,40,40,200012290ATL,24.0,5.0,3rd quarter,10:28.0,Matt Harpring,CLE,False,2-pointer,0,53-45,'CLE',leads
41,41,41,200012290ATL,40.1,6.9,3rd quarter,9:28.0,Clarence Weatherspoon,CLE,False,2-pointer,16,53-46,'CLE',leads
42,42,42,200012290ATL,32.3,14.1,3rd quarter,9:06.0,Clarence Weatherspoon,CLE,False,2-pointer,12,53-48,'CLE',leads
43,43,43,200012290ATL,16.9,18.5,3rd quarter,8:41.0,Brevin Knight,CLE,False,2-pointer,15,53-48,'CLE',leads
44,44,44,200012290ATL,19.0,19.1,3rd quarter,8:20.0,Chris Mihm,CLE,True,2-pointer,15,55-50,'CLE',leads
45,45,45,200012290ATL,22.4,29.5,3rd quarter,7:42.0,Lamond Murray,CLE,True,3-pointer,25,58-52,'CLE',leads
46,46,46,200012290ATL,11.0,26.3,3rd quarter,6:57.0,Lamond Murray,CLE,True,3-pointer,25,61-55,'CLE',leads
47,47,47,200012290ATL,24.0,5.0,3rd quarter,6:30.0,Chris Mihm,CLE,True,2-pointer,0,63-55,'CLE',leads
48,48,48,200012290ATL,23.9,9.7,3rd quarter,6:06.0,Clarence Weatherspoon,CLE,False,2-pointer,5,63-55,'CLE',leads
49,49,49,200012290ATL,24.0,5.0,3rd quarter,6:05.0,Lamond Murray,CLE,True,2-pointer,0,65-55,'CLE',leads
50,50,50,200012290ATL,24.0,5.0,3rd quarter,5:03.0,Chris Gatling,CLE,True,2-pointer,0,67-55,'CLE',leads
51,51,51,200012290ATL,14.6,18.5,3rd quarter,4:21.0,Chris Gatling,CLE,False,2-pointer,16,67-57,'CLE',leads
52,52,52,200012290ATL,7.4,12.0,3rd quarter,3:15.0,Lamond Murray,CLE,True,2-pointer,18,69-61,'CLE',leads
53,53,53,200012290ATL,40.1,5.0,3rd quarter,2:13.0,Lamond Murray,CLE,False,2-pointer,16,69-65,'CLE',leads
54,54,54,200012290ATL,24.0,5.0,3rd quarter,1:36.0,Chris Gatling,CLE,True,2-pointer,0,71-67,'CLE',leads
55,55,55,200012290ATL,18.2,6.9,3rd quarter,1:03.0,Chris Gatling,CLE,False,2-pointer,6,71-69,'CLE',leads
56,56,56,200012290ATL,23.9,11.3,3rd quarter,0:46.4,Clarence Weatherspoon,CLE,True,2-pointer,6,73-69,'CLE',leads
57,57,57,200012290ATL,31.7,8.0,3rd quarter,0:19.1,Lamond Murray,CLE,False,2-pointer,8,73-71,'CLE',leads
58,58,58,200012290ATL,11.6,26.9,3rd quarter,0:00.2,Lamond Murray,CLE,False,3-pointer,25,73-72,'CLE',leads
59,59,59,200012290ATL,30.2,12.6,4th quarter,11:34.0,Chris Mihm,CLE,False,2-pointer,10,73-72,'CLE',leads
60,60,60,200012290ATL,37.2,4.4,4th quarter,11:01.0,Cedric Henderson,CLE,True,2-pointer,13,75-72,'CLE',leads
61,61,61,200012290ATL,12.5,19.1,4th quarter,10:02.0,Brevin Knight,CLE,False,2-pointer,18,75-74,'CLE',leads
62,62,62,200012290ATL,23.9,23.6,4th quarter,9:25.0,Matt Harpring,CLE,True,2-pointer,19,77-76,'CLE',leads
63,63,63,200012290ATL,35.9,5.0,4th quarter,8:44.0,Matt Harpring,CLE,False,2-pointer,12,77-76,'CLE',leads
64,64,64,200012290ATL,43.1,21.9,4th quarter,8:25.0,Cedric Henderson,CLE,False,3-pointer,26,77-76,'CLE',leads
65,65,65,200012290ATL,30.2,6.5,4th quarter,7:59.0,Matt Harpring,CLE,True,2-pointer,6,79-76,'CLE',leads
66,66,66,200012290ATL,24.0,5.0,4th quarter,7:26.0,Chris Gatling,CLE,False,2-pointer,0,80-76,'CLE',leads
67,67,67,200012290ATL,11.0,5.4,4th quarter,6:02.0,Clarence Weatherspoon,CLE,True,2-pointer,13,82-78,'CLE',leads
68,68,68,200012290ATL,11.0,5.9,4th quarter,5:30.0,Clarence Weatherspoon,CLE,True,2-pointer,13,84-80,'CLE',leads
69,69,69,200012290ATL,24.0,5.0,4th quarter,4:37.0,Matt Harpring,CLE,True,2-pointer,0,86-80,'CLE',leads
70,70,70,200012290ATL,16.9,9.2,4th quarter,3:50.0,Lamond Murray,CLE,False,2-pointer,8,86-80,'CLE',leads
71,71,71,200012290ATL,4.7,5.4,4th quarter,3:09.0,Clarence Weatherspoon,CLE,True,2-pointer,19,88-80,'CLE',leads
72,72,72,200012290ATL,38.0,25.7,4th quarter,2:24.0,Andre Miller,CLE,True,3-pointer,25,91-80,'CLE',leads
73,73,73,200012290ATL,33.8,19.1,4th quarter,1:16.0,Andre Miller,CLE,False,2-pointer,17,93-80,'CLE',leads
74,74,74,200012290ATL,0.2,5.0,4th quarter,0:19.9,Matt Harpring,CLE,False,3-pointer,24,97-82,'CLE',leads
75,75,75,200012290ATL,37.2,16.4,1st quarter,11:29.0,Matt Maloney,ATL,True,2-pointer,17,2-2,'CLE',tied
76,76,76,200012290ATL,13.1,14.1,1st quarter,10:55.0,Matt Maloney,ATL,False,2-pointer,14,2-4,'CLE',trails
77,77,77,200012290ATL,24.0,5.0,1st quarter,10:45.0,Jason Terry,ATL,True,2-pointer,0,4-4,'CLE',tied
78,78,78,200012290ATL,23.9,12.6,1st quarter,10:17.0,Dikembe Mutombo,ATL,False,2-pointer,8,4-4,'CLE',tied
79,79,79,200012290ATL,8.9,13.7,1st quarter,9:23.0,Matt Maloney,ATL,True,2-pointer,17,6-4,'CLE',leads
80,80,80,200012290ATL,34.4,5.0,1st quarter,8:24.0,Roshown McLeod,ATL,False,2-pointer,10,6-4,'CLE',leads
81,81,81,200012290ATL,24.0,5.0,1st quarter,8:22.0,Lorenzen Wright,ATL,False,2-pointer,0,6-4,'CLE',leads
82,82,82,200012290ATL,35.0,6.5,1st quarter,7:48.0,Jason Terry,ATL,True,2-pointer,11,8-4,'CLE',leads
83,83,83,200012290ATL,17.5,6.9,1st quarter,6:35.0,Dikembe Mutombo,ATL,False,2-pointer,7,8-6,'CLE',leads
84,84,84,200012290ATL,17.5,9.2,1st quarter,6:12.0,Matt Maloney,ATL,False,2-pointer,8,8-8,'CLE',tied
85,85,85,200012290ATL,31.7,5.0,1st quarter,5:29.0,Jim Jackson,ATL,False,2-pointer,8,8-11,'CLE',trails
86,86,86,200012290ATL,19.0,7.6,1st quarter,5:08.0,Lorenzen Wright,ATL,False,2-pointer,6,10-11,'CLE',trails
87,87,87,200012290ATL,18.2,5.9,1st quarter,5:04.0,Jim Jackson,ATL,False,2-pointer,6,10-11,'CLE',trails
88,88,88,200012290ATL,30.2,15.1,1st quarter,3:20.0,Roshown McLeod,ATL,True,2-pointer,12,12-15,'CLE',trails
89,89,89,200012290ATL,24.0,5.0,1st quarter,2:37.0,Hanno Möttölä,ATL,True,2-pointer,0,14-19,'CLE',trails
90,90,90,200012290ATL,24.0,5.0,1st quarter,1:32.0,Jim Jackson,ATL,False,2-pointer,0,14-23,'CLE',trails
91,91,91,200012290ATL,24.0,5.0,1st quarter,1:24.0,Jim Jackson,ATL,True,2-pointer,0,16-23,'CLE',trails
92,92,92,200012290ATL,24.0,5.0,1st quarter,0:45.3,Lorenzen Wright,ATL,True,2-pointer,0,18-26,'CLE',trails
93,93,93,200012290ATL,40.7,29.1,1st quarter,0:00.2,Jim Jackson,ATL,False,3-pointer,29,19-26,'CLE',trails
94,94,94,200012290ATL,39.3,12.0,2nd quarter,11:46.0,Jason Terry,ATL,False,2-pointer,17,19-26,'CLE',trails
95,95,95,200012290ATL,24.0,5.0,2nd quarter,11:43.0,Hanno Möttölä,ATL,False,2-pointer,0,19-26,'CLE',trails
96,96,96,200012290ATL,31.7,9.2,2nd quarter,11:06.0,Roshown McLeod,ATL,True,2-pointer,9,21-28,'CLE',trails
97,97,97,200012290ATL,38.6,4.4,2nd quarter,10:32.0,Roshown McLeod,ATL,False,2-pointer,15,21-30,'CLE',trails
98,98,98,200012290ATL,39.3,13.0,2nd quarter,10:03.0,Roshown McLeod,ATL,True,2-pointer,17,23-30,'CLE',trails
99,99,99,200012290ATL,35.9,8.6,2nd quarter,9:08.0,Hanno Möttölä,ATL,True,2-pointer,12,27-34,'CLE',trails
100,100,100,200012290ATL,24.0,5.0,2nd quarter,8:19.0,Hanno Möttölä,ATL,True,2-pointer,0,29-34,'CLE',trails
101,101,101,200012290ATL,11.0,13.7,2nd quarter,7:55.0,Hanno Möttölä,ATL,False,2-pointer,16,29-34,'CLE',trails
102,102,102,200012290ATL,30.8,21.3,2nd quarter,7:21.0,Jason Terry,ATL,True,2-pointer,18,31-36,'CLE',trails
103,103,103,200012290ATL,18.2,10.7,2nd quarter,6:47.0,Roshown McLeod,ATL,True,2-pointer,8,33-38,'CLE',trails
104,104,104,200012290ATL,21.7,12.0,2nd quarter,5:42.0,Jim Jackson,ATL,False,2-pointer,7,33-40,'CLE',trails
105,105,105,200012290ATL,24.0,5.0,2nd quarter,5:28.0,Jim Jackson,ATL,False,2-pointer,0,33-40,'CLE',trails
106,106,106,200012290ATL,24.0,5.0,2nd quarter,5:15.0,Jason Terry,ATL,True,2-pointer,0,35-40,'CLE',trails
107,107,107,200012290ATL,24.0,5.0,2nd quarter,4:47.0,Jason Terry,ATL,True,2-pointer,0,38-40,'CLE',trails
108,108,108,200012290ATL,24.0,5.0,2nd quarter,3:59.0,Lorenzen Wright,ATL,False,2-pointer,0,38-42,'CLE',trails
109,109,109,200012290ATL,38.6,14.7,2nd quarter,3:45.0,Jim Jackson,ATL,True,2-pointer,18,40-42,'CLE',trails
110,110,110,200012290ATL,24.0,5.0,2nd quarter,2:39.0,Dion Glover,ATL,False,2-pointer,0,40-44,'CLE',trails
111,111,111,200012290ATL,24.0,5.0,2nd quarter,1:47.0,Lorenzen Wright,ATL,True,2-pointer,0,42-49,'CLE',trails
112,112,112,200012290ATL,11.0,12.6,2nd quarter,1:12.0,Hanno Möttölä,ATL,False,2-pointer,15,42-51,'CLE',trails
113,113,113,200012290ATL,18.2,26.3,2nd quarter,0:00.1,Anthony Johnson,ATL,False,2-pointer,22,43-53,'CLE',trails
114,114,114,200012290ATL,21.7,12.0,3rd quarter,11:44.0,Lorenzen Wright,ATL,True,2-pointer,7,45-53,'CLE',trails
115,115,115,200012290ATL,40.1,5.0,3rd quarter,11:11.0,Roshown McLeod,ATL,False,2-pointer,16,45-53,'CLE',trails
116,116,116,200012290ATL,21.1,10.7,3rd quarter,10:34.0,Roshown McLeod,ATL,False,2-pointer,6,45-53,'CLE',trails
117,117,117,200012290ATL,21.1,9.7,3rd quarter,10:16.0,Lorenzen Wright,ATL,False,2-pointer,6,45-53,'CLE',trails
118,118,118,200012290ATL,38.6,5.9,3rd quarter,9:19.0,Matt Maloney,ATL,True,2-pointer,15,48-53,'CLE',trails
119,119,119,200012290ATL,24.0,5.0,3rd quarter,8:55.0,Lorenzen Wright,ATL,False,2-pointer,0,48-53,'CLE',trails
120,120,120,200012290ATL,11.6,13.0,3rd quarter,8:51.0,Roshown McLeod,ATL,False,2-pointer,15,48-53,'CLE',trails
121,121,121,200012290ATL,12.5,16.4,3rd quarter,8:34.0,Jason Terry,ATL,True,2-pointer,16,50-53,'CLE',trails
122,122,122,200012290ATL,24.0,5.0,3rd quarter,8:05.0,Lorenzen Wright,ATL,True,2-pointer,0,52-55,'CLE',trails
123,123,123,200012290ATL,40.1,24.6,3rd quarter,7:14.0,Jason Terry,ATL,True,3-pointer,25,55-58,'CLE',trails
124,124,124,200012290ATL,17.5,30.7,3rd quarter,5:35.0,Jason Terry,ATL,False,3-pointer,27,55-65,'CLE',trails
125,125,125,200012290ATL,42.2,5.4,3rd quarter,4:40.0,Roshown McLeod,ATL,False,2-pointer,18,55-67,'CLE',trails
126,126,126,200012290ATL,24.0,5.0,3rd quarter,4:37.0,Lorenzen Wright,ATL,True,2-pointer,0,57-67,'CLE',trails
127,127,127,200012290ATL,32.9,5.4,3rd quarter,4:07.0,Lorenzen Wright,ATL,True,2-pointer,9,59-67,'CLE',trails
128,128,128,200012290ATL,18.2,17.5,3rd quarter,3:41.0,Jason Terry,ATL,True,2-pointer,14,61-67,'CLE',trails
129,129,129,200012290ATL,34.4,21.3,3rd quarter,2:30.0,Jason Terry,ATL,True,2-pointer,19,65-69,'CLE',trails
130,130,130,200012290ATL,7.4,5.9,3rd quarter,1:52.0,Anthony Johnson,ATL,True,2-pointer,17,67-69,'CLE',trails
131,131,131,200012290ATL,17.5,7.6,3rd quarter,1:12.0,Jason Terry,ATL,False,2-pointer,7,67-71,'CLE',trails
132,132,132,200012290ATL,24.0,5.0,3rd quarter,1:10.0,Dikembe Mutombo,ATL,True,2-pointer,0,69-71,'CLE',trails
133,133,133,200012290ATL,11.0,5.0,4th quarter,10:48.0,Jim Jackson,ATL,False,2-pointer,13,72-75,'CLE',trails
134,134,134,200012290ATL,34.4,18.5,4th quarter,10:28.0,Jason Terry,ATL,True,2-pointer,17,74-75,'CLE',trails
135,135,135,200012290ATL,37.2,21.3,4th quarter,9:48.0,Jim Jackson,ATL,False,2-pointer,21,74-75,'CLE',trails
136,136,136,200012290ATL,21.7,21.3,4th quarter,9:41.0,Jason Terry,ATL,True,2-pointer,16,76-75,'CLE',leads
137,137,137,200012290ATL,38.0,5.4,4th quarter,9:00.0,Anthony Johnson,ATL,False,2-pointer,14,76-77,'CLE',trails
138,138,138,200012290ATL,24.0,5.0,4th quarter,8:33.0,Jason Terry,ATL,False,2-pointer,0,76-77,'CLE',trails
139,139,139,200012290ATL,35.9,5.4,4th quarter,7:13.0,Lorenzen Wright,ATL,True,2-pointer,12,78-80,'CLE',trails
140,140,140,200012290ATL,12.5,5.4,4th quarter,5:49.0,Lorenzen Wright,ATL,True,2-pointer,12,80-82,'CLE',trails
141,141,141,200012290ATL,11.0,15.8,4th quarter,5:03.0,Matt Maloney,ATL,False,2-pointer,17,80-84,'CLE',trails
142,142,142,200012290ATL,11.6,5.4,4th quarter,4:50.0,Lorenzen Wright,ATL,False,2-pointer,12,80-84,'CLE',trails
143,143,143,200012290ATL,8.9,26.3,4th quarter,4:20.0,Matt Maloney,ATL,False,3-pointer,26,80-86,'CLE',trails
144,144,144,200012290ATL,13.1,6.5,4th quarter,3:58.0,Roshown McLeod,ATL,False,2-pointer,11,80-86,'CLE',trails
145,145,145,200012290ATL,30.8,7.6,4th quarter,3:34.0,Lorenzen Wright,ATL,False,2-pointer,7,80-86,'CLE',trails
146,146,146,200012290ATL,16.9,24.6,4th quarter,3:29.0,Jason Terry,ATL,False,2-pointer,21,80-86,'CLE',trails
147,147,147,200012290ATL,13.9,18.5,4th quarter,2:47.0,Jason Terry,ATL,False,2-pointer,17,80-88,'CLE',trails
148,148,148,200012290ATL,24.0,5.0,4th quarter,2:12.0,Matt Maloney,ATL,False,2-pointer,0,80-91,'CLE',trails
149,149,149,200012290ATL,24.0,5.0,4th quarter,1:11.0,Jason Terry,ATL,True,2-pointer,0,82-93,'CLE',trails
150,150,150,200012290ATL,38.6,26.9,4th quarter,0:43.8,DerMarr Johnson,ATL,False,3-pointer,26,82-97,'CLE',trails
151,151,151,200012290ATL,1.7,15.8,4th quarter,0:11.3,Larry Robinson,ATL,True,3-pointer,25,85-97,'CLE',trails
152,152,152,200012290GSW,24.1,11.6,1st quarter,11:46.0,John Stockton,UTA,False,2-pointer,7,0-0,'UTA',tied
153,153,153,200012290GSW,36.3,14.5,1st quarter,11:19.0,Karl Malone,UTA,False,2-pointer,16,0-0,'UTA',tied
154,154,154,200012290GSW,7.2,5.4,1st quarter,10:50.0,Karl Malone,UTA,False,2-pointer,17,0-2,'UTA',trails
155,155,155,200012290GSW,26.2,14.5,1st quarter,10:13.0,Olden Polynice,UTA,False,2-pointer,10,0-2,'UTA',trails
156,156,156,200012290GSW,36.9,21.0,1st quarter,9:02.0,John Starks,UTA,False,2-pointer,21,0-4,'UTA',trails
157,157,157,200012290GSW,38.4,16.6,1st quarter,8:31.0,John Stockton,UTA,False,2-pointer,18,0-4,'UTA',trails
158,158,158,200012290GSW,10.2,19.6,1st quarter,7:59.0,Bryon Russell,UTA,False,2-pointer,20,0-6,'UTA',trails
159,159,159,200012290GSW,24.1,10.5,1st quarter,7:38.0,Olden Polynice,UTA,True,2-pointer,6,2-6,'UTA',trails
160,160,160,200012290GSW,17.3,12.8,1st quarter,7:16.0,John Starks,UTA,False,2-pointer,10,2-6,'UTA',trails
161,161,161,200012290GSW,24.0,5.0,1st quarter,6:36.0,Bryon Russell,UTA,True,2-pointer,0,4-6,'UTA',trails
162,162,162,200012290GSW,40.5,5.0,1st quarter,6:01.0,Karl Malone,UTA,False,2-pointer,17,4-8,'UTA',trails
163,163,163,200012290GSW,24.0,5.0,1st quarter,5:58.0,Olden Polynice,UTA,False,2-pointer,0,4-8,'UTA',trails
164,164,164,200012290GSW,36.3,26.1,1st quarter,5:06.0,Bryon Russell,UTA,False,3-pointer,24,4-10,'UTA',trails
165,165,165,200012290GSW,24.0,5.0,1st quarter,4:29.0,Olden Polynice,UTA,True,2-pointer,0,6-10,'UTA',trails
166,166,166,200012290GSW,23.6,20.6,1st quarter,3:51.0,Karl Malone,UTA,False,2-pointer,16,6-11,'UTA',trails
167,167,167,200012290GSW,37.8,5.4,1st quarter,3:20.0,Karl Malone,UTA,False,2-pointer,14,6-13,'UTA',trails
168,168,168,200012290GSW,6.6,4.6,1st quarter,2:47.0,Karl Malone,UTA,True,2-pointer,17,8-15,'UTA',trails
169,169,169,200012290GSW,12.9,7.1,1st quarter,1:33.0,Olden Polynice,UTA,False,2-pointer,11,8-17,'UTA',trails
170,170,170,200012290GSW,36.9,19.6,1st quarter,1:01.0,Jacque Vaughn,UTA,False,2-pointer,19,8-19,'UTA',trails
171,171,171,200012290GSW,24.0,5.0,1st quarter,0:58.6,Olden Polynice,UTA,False,2-pointer,0,8-19,'UTA',trails
172,172,172,200012290GSW,18.0,8.8,1st quarter,0:40.3,Karl Malone,UTA,False,2-pointer,7,8-19,'UTA',trails
173,173,173,200012290GSW,32.7,5.4,1st quarter,0:16.5,John Starks,UTA,False,2-pointer,9,8-19,'UTA',trails
174,174,174,200012290GSW,20.9,8.2,2nd quarter,11:18.0,Greg Ostertag,UTA,False,2-pointer,4,8-21,'UTA',trails
175,175,175,200012290GSW,24.0,5.0,2nd quarter,11:16.0,Danny Manning,UTA,False,2-pointer,0,8-21,'UTA',trails
176,176,176,200012290GSW,25.6,8.2,2nd quarter,10:21.0,Quincy Lewis,UTA,False,2-pointer,4,8-21,'UTA',trails
177,177,177,200012290GSW,24.0,5.0,2nd quarter,9:57.0,Donyell Marshall,UTA,True,2-pointer,0,10-23,'UTA',trails
178,178,178,200012290GSW,5.1,5.0,2nd quarter,9:17.0,Jacque Vaughn,UTA,True,2-pointer,19,12-26,'UTA',trails
179,179,179,200012290GSW,24.0,5.0,2nd quarter,8:33.0,Greg Ostertag,UTA,True,2-pointer,0,14-26,'UTA',trails
180,180,180,200012290GSW,8.7,26.1,2nd quarter,7:58.0,Quincy Lewis,UTA,True,3-pointer,26,17-26,'UTA',trails
181,181,181,200012290GSW,24.0,5.0,2nd quarter,7:12.0,Greg Ostertag,UTA,True,2-pointer,0,19-26,'UTA',trails
182,182,182,200012290GSW,23.6,21.0,2nd quarter,6:20.0,Donyell Marshall,UTA,False,2-pointer,16,19-29,'UTA',trails
183,183,183,200012290GSW,36.9,18.3,2nd quarter,6:00.0,David Benoit,UTA,False,2-pointer,19,19-30,'UTA',trails
184,184,184,200012290GSW,24.1,9.9,2nd quarter,5:30.0,Donyell Marshall,UTA,False,2-pointer,5,19-32,'UTA',trails
185,185,185,200012290GSW,18.0,20.0,2nd quarter,5:18.0,David Benoit,UTA,False,2-pointer,16,19-32,'UTA',trails
186,186,186,200012290GSW,23.6,12.2,2nd quarter,4:55.0,Danny Manning,UTA,True,2-pointer,7,21-32,'UTA',trails
187,187,187,200012290GSW,27.0,7.8,2nd quarter,4:20.0,Bryon Russell,UTA,False,2-pointer,4,21-32,'UTA',trails
188,188,188,200012290GSW,24.0,5.0,2nd quarter,3:52.0,Bryon Russell,UTA,True,2-pointer,0,23-34,'UTA',trails
189,189,189,200012290GSW,36.3,27.8,2nd quarter,2:33.0,Donyell Marshall,UTA,True,3-pointer,26,26-34,'UTA',trails
190,190,190,200012290GSW,24.0,5.0,2nd quarter,2:00.0,John Stockton,UTA,True,2-pointer,0,28-36,'UTA',trails
191,191,191,200012290GSW,18.8,29.5,2nd quarter,1:07.0,Donyell Marshall,UTA,False,3-pointer,25,28-38,'UTA',trails
192,192,192,200012290GSW,14.4,27.2,2nd quarter,0:37.7,John Stockton,UTA,False,3-pointer,24,28-38,'UTA',trails
193,193,193,200012290GSW,24.0,5.0,3rd quarter,11:28.0,Karl Malone,UTA,True,2-pointer,0,31-38,'UTA',trails
194,194,194,200012290GSW,24.1,21.7,3rd quarter,10:44.0,Bryon Russell,UTA,False,2-pointer,17,31-40,'UTA',trails
195,195,195,200012290GSW,16.7,22.7,3rd quarter,10:10.0,John Starks,UTA,False,2-pointer,19,31-40,'UTA',trails
196,196,196,200012290GSW,42.0,21.7,3rd quarter,10:02.0,John Stockton,UTA,True,3-pointer,25,34-40,'UTA',trails
197,197,197,200012290GSW,24.0,5.0,3rd quarter,9:32.0,John Stockton,UTA,True,2-pointer,0,36-43,'UTA',trails
198,198,198,200012290GSW,24.0,5.0,3rd quarter,9:01.0,Olden Polynice,UTA,True,2-pointer,0,38-43,'UTA',trails
199,199,199,200012290GSW,27.7,7.8,3rd quarter,8:29.0,Karl Malone,UTA,True,2-pointer,5,40-43,'UTA',trails
200,200,200,200012290GSW,1.5,3.9,3rd quarter,7:54.0,John Starks,UTA,True,3-pointer,23,43-46,'UTA',trails
201,201,201,200012290GSW,24.0,5.0,3rd quarter,7:33.0,John Starks,UTA,True,2-pointer,0,45-46,'UTA',trails
202,202,202,200012290GSW,23.0,9.9,3rd quarter,7:11.0,Olden Polynice,UTA,True,2-pointer,5,47-46,'UTA',leads
203,203,203,200012290GSW,24.7,21.9,3rd quarter,6:44.0,Bryon Russell,UTA,True,2-pointer,17,49-48,'UTA',leads
204,204,204,200012290GSW,35.7,19.6,3rd quarter,6:00.0,John Stockton,UTA,False,2-pointer,19,49-48,'UTA',leads
205,205,205,200012290GSW,20.1,9.9,3rd quarter,5:30.0,Olden Polynice,UTA,True,2-pointer,6,51-50,'UTA',leads
206,206,206,200012290GSW,26.2,9.9,3rd quarter,5:11.0,Karl Malone,UTA,False,2-pointer,5,51-52,'UTA',trails
207,207,207,200012290GSW,18.8,7.1,3rd quarter,4:40.0,Bryon Russell,UTA,False,2-pointer,6,52-54,'UTA',trails
208,208,208,200012290GSW,47.1,12.2,3rd quarter,4:01.0,John Starks,UTA,False,3-pointer,24,53-54,'UTA',trails
209,209,209,200012290GSW,8.7,7.1,3rd quarter,3:12.0,Bryon Russell,UTA,True,2-pointer,15,55-56,'UTA',trails
210,210,210,200012290GSW,47.1,13.2,3rd quarter,2:38.0,John Starks,UTA,True,3-pointer,25,58-58,'UTA',tied
211,211,211,200012290GSW,8.0,5.0,3rd quarter,1:57.0,John Starks,UTA,True,2-pointer,16,60-60,'UTA',tied
212,212,212,200012290GSW,32.7,19.6,3rd quarter,1:20.0,Karl Malone,UTA,False,2-pointer,17,60-63,'UTA',trails
213,213,213,200012290GSW,10.2,25.7,3rd quarter,0:35.4,Bryon Russell,UTA,True,3-pointer,25,65-65,'UTA',tied
214,214,214,200012290GSW,9.3,30.5,3rd quarter,0:00.2,John Starks,UTA,False,3-pointer,29,65-68,'UTA',trails
215,215,215,200012290GSW,7.2,5.0,4th quarter,11:37.0,Danny Manning,UTA,False,2-pointer,17,65-68,'UTA',trails
216,216,216,200012290GSW,24.0,5.0,4th quarter,11:33.0,Donyell Marshall,UTA,True,2-pointer,0,68-68,'UTA',tied
217,217,217,200012290GSW,29.4,6.7,4th quarter,10:52.0,Greg Ostertag,UTA,False,2-pointer,6,68-70,'UTA',trails
218,218,218,200012290GSW,36.9,8.2,4th quarter,9:35.0,Danny Manning,UTA,False,2-pointer,13,68-74,'UTA',trails
219,219,219,200012290GSW,0.9,4.6,4th quarter,9:06.0,Bryon Russell,UTA,True,3-pointer,23,71-74,'UTA',trails
220,220,220,200012290GSW,24.0,5.0,4th quarter,7:31.0,Karl Malone,UTA,True,2-pointer,0,75-78,'UTA',trails
221,221,221,200012290GSW,24.1,11.1,4th quarter,7:00.0,Karl Malone,UTA,False,2-pointer,6,75-80,'UTA',trails
222,222,222,200012290GSW,14.4,27.2,4th quarter,6:26.0,Bryon Russell,UTA,True,3-pointer,24,78-82,'UTA',trails
223,223,223,200012290GSW,31.5,11.1,4th quarter,5:40.0,Karl Malone,UTA,False,2-pointer,10,78-84,'UTA',trails
224,224,224,200012290GSW,17.3,7.8,4th quarter,4:57.0,Karl Malone,UTA,False,2-pointer,7,78-86,'UTA',trails
225,225,225,200012290GSW,24.0,5.0,4th quarter,4:54.0,Donyell Marshall,UTA,False,2-pointer,0,78-86,'UTA',trails
226,226,226,200012290GSW,37.8,21.0,4th quarter,4:19.0,John Stockton,UTA,False,2-pointer,21,78-88,'UTA',trails
227,227,227,200012290GSW,24.0,5.0,4th quarter,3:17.0,Karl Malone,UTA,True,2-pointer,0,80-89,'UTA',trails
228,228,228,200012290GSW,13.7,20.0,4th quarter,2:42.0,Karl Malone,UTA,False,2-pointer,18,80-91,'UTA',trails
229,229,229,200012290GSW,44.3,18.3,4th quarter,1:30.0,Bryon Russell,UTA,False,3-pointer,24,83-96,'UTA',trails
230,230,230,200012290GSW,24.0,5.0,4th quarter,1:28.0,Donyell Marshall,UTA,True,2-pointer,0,85-96,'UTA',trails
231,231,231,200012290GSW,0.9,5.0,4th quarter,0:56.8,Bryon Russell,UTA,False,3-pointer,23,85-98,'UTA',trails
232,232,232,200012290GSW,36.9,18.9,4th quarter,0:26.2,John Starks,UTA,True,2-pointer,19,87-100,'UTA',trails
233,233,233,200012290GSW,24.0,5.0,4th quarter,0:09.8,Donyell Marshall,UTA,True,2-pointer,0,89-100,'UTA',trails
234,234,234,200012290GSW,24.0,5.0,1st quarter,11:11.0,Antawn Jamison,GSW,True,2-pointer,0,2-0,'UTA',leads
235,235,235,200012290GSW,38.4,8.8,1st quarter,10:37.0,Mookie Blaylock,GSW,False,2-pointer,15,2-0,'UTA',leads
236,236,236,200012290GSW,39.0,9.9,1st quarter,10:04.0,Marc Jackson,GSW,False,2-pointer,16,2-0,'UTA',leads
237,237,237,200012290GSW,10.8,15.6,1st quarter,9:43.0,Chris Porter,GSW,False,2-pointer,17,2-0,'UTA',leads
238,238,238,200012290GSW,12.9,5.4,1st quarter,9:23.0,Mookie Blaylock,GSW,False,2-pointer,11,2-0,'UTA',leads
239,239,239,200012290GSW,24.0,5.0,1st quarter,9:21.0,Chris Porter,GSW,True,2-pointer,0,4-0,'UTA',leads
240,240,240,200012290GSW,4.5,3.5,1st quarter,8:23.0,Antawn Jamison,GSW,True,2-pointer,20,6-0,'UTA',leads
241,241,241,200012290GSW,24.1,29.5,1st quarter,7:29.0,Marc Jackson,GSW,False,3-pointer,25,6-2,'UTA',leads
242,242,242,200012290GSW,24.9,10.5,1st quarter,7:00.0,Marc Jackson,GSW,False,2-pointer,6,6-2,'UTA',leads
243,243,243,200012290GSW,37.8,13.9,1st quarter,6:23.0,Mookie Blaylock,GSW,True,2-pointer,16,8-4,'UTA',leads
244,244,244,200012290GSW,7.2,5.0,1st quarter,5:47.0,Antawn Jamison,GSW,False,2-pointer,17,8-4,'UTA',leads
245,245,245,200012290GSW,37.8,4.6,1st quarter,5:25.0,Larry Hughes,GSW,True,2-pointer,14,10-4,'UTA',leads
246,246,246,200012290GSW,39.9,5.0,1st quarter,4:38.0,Antawn Jamison,GSW,False,2-pointer,16,10-4,'UTA',leads
247,247,247,200012290GSW,24.1,10.5,1st quarter,3:42.0,Marc Jackson,GSW,True,2-pointer,6,13-6,'UTA',leads
248,248,248,200012290GSW,24.0,5.0,1st quarter,3:10.0,Marc Jackson,GSW,True,2-pointer,0,15-6,'UTA',leads
249,249,249,200012290GSW,34.8,5.4,1st quarter,2:29.0,Larry Hughes,GSW,False,2-pointer,11,15-8,'UTA',leads
250,250,250,200012290GSW,20.9,7.1,1st quarter,2:26.0,Marc Jackson,GSW,False,2-pointer,4,15-8,'UTA',leads
251,251,251,200012290GSW,24.0,5.0,1st quarter,1:57.0,Bob Sura,GSW,True,2-pointer,0,17-8,'UTA',leads
252,252,252,200012290GSW,35.7,19.6,1st quarter,1:21.0,Marc Jackson,GSW,True,2-pointer,19,19-8,'UTA',leads
253,253,253,200012290GSW,37.8,25.7,1st quarter,0:55.2,Larry Hughes,GSW,False,3-pointer,25,19-8,'UTA',leads
254,254,254,200012290GSW,13.7,21.7,1st quarter,0:00.1,Marc Jackson,GSW,False,2-pointer,20,19-8,'UTA',leads
255,255,255,200012290GSW,23.0,12.8,2nd quarter,11:42.0,John Coker,GSW,True,2-pointer,8,21-8,'UTA',leads
256,256,256,200012290GSW,24.0,5.0,2nd quarter,10:12.0,Vonteego Cummings,GSW,True,2-pointer,0,23-8,'UTA',leads
257,257,257,200012290GSW,46.4,3.5,2nd quarter,9:38.0,Bob Sura,GSW,True,3-pointer,22,26-10,'UTA',leads
258,258,258,200012290GSW,24.9,7.8,2nd quarter,9:01.0,Bob Sura,GSW,False,2-pointer,3,26-12,'UTA',leads
259,259,259,200012290GSW,46.4,17.2,2nd quarter,8:50.0,Larry Hughes,GSW,False,3-pointer,26,26-12,'UTA',leads
260,260,260,200012290GSW,39.9,17.2,2nd quarter,8:14.0,Antawn Jamison,GSW,False,2-pointer,20,26-14,'UTA',leads
261,261,261,200012290GSW,34.2,6.7,2nd quarter,6:57.0,John Coker,GSW,False,2-pointer,10,26-19,'UTA',leads
262,262,262,200012290GSW,39.9,24.6,2nd quarter,6:42.0,Vonteego Cummings,GSW,True,3-pointer,25,29-19,'UTA',leads
263,263,263,200012290GSW,24.0,5.0,2nd quarter,5:50.0,Vonteego Cummings,GSW,False,2-pointer,0,30-19,'UTA',leads
264,264,264,200012290GSW,24.0,5.0,2nd quarter,5:49.0,Marc Jackson,GSW,True,2-pointer,0,32-19,'UTA',leads
265,265,265,200012290GSW,8.0,24.6,2nd quarter,5:11.0,Bob Sura,GSW,False,3-pointer,25,32-19,'UTA',leads
266,266,266,200012290GSW,12.3,15.6,2nd quarter,4:07.0,Mookie Blaylock,GSW,True,2-pointer,16,34-21,'UTA',leads
267,267,267,200012290GSW,8.7,7.8,2nd quarter,2:56.0,Antawn Jamison,GSW,False,2-pointer,16,34-23,'UTA',leads
268,268,268,200012290GSW,34.8,16.6,2nd quarter,2:18.0,Mookie Blaylock,GSW,True,2-pointer,16,36-26,'UTA',leads
269,269,269,200012290GSW,26.2,7.1,2nd quarter,1:23.0,Antawn Jamison,GSW,False,2-pointer,3,38-28,'UTA',leads
270,270,270,200012290GSW,24.9,19.6,2nd quarter,0:49.8,Antawn Jamison,GSW,False,2-pointer,15,38-28,'UTA',leads
271,271,271,200012290GSW,0.9,5.4,2nd quarter,0:45.4,Mookie Blaylock,GSW,False,3-pointer,23,38-28,'UTA',leads
272,272,272,200012290GSW,27.0,8.2,2nd quarter,0:01.7,Marc Jackson,GSW,False,2-pointer,4,38-29,'UTA',leads
273,273,273,200012290GSW,27.0,8.2,2nd quarter,0:00.2,Marc Jackson,GSW,False,2-pointer,4,38-29,'UTA',leads
274,274,274,200012290GSW,7.2,7.1,3rd quarter,11:37.0,Vonteego Cummings,GSW,False,2-pointer,17,38-29,'UTA',leads
275,275,275,200012290GSW,6.6,5.4,3rd quarter,11:07.0,Marc Jackson,GSW,True,2-pointer,17,40-31,'UTA',leads
276,276,276,200012290GSW,13.7,27.2,3rd quarter,10:34.0,Antawn Jamison,GSW,False,3-pointer,24,40-31,'UTA',leads
277,277,277,200012290GSW,35.7,22.7,3rd quarter,10:23.0,Larry Hughes,GSW,False,2-pointer,21,40-31,'UTA',leads
278,278,278,200012290GSW,0.0,5.0,3rd quarter,9:46.0,Mookie Blaylock,GSW,True,3-pointer,24,43-34,'UTA',leads
279,279,279,200012290GSW,32.1,6.1,3rd quarter,8:47.0,Antawn Jamison,GSW,False,2-pointer,8,43-38,'UTA',leads
280,280,280,200012290GSW,23.6,15.6,3rd quarter,8:15.0,Chris Porter,GSW,True,2-pointer,11,45-40,'UTA',leads
281,281,281,200012290GSW,23.6,13.9,3rd quarter,7:22.0,Mookie Blaylock,GSW,False,2-pointer,9,46-45,'UTA',leads
282,282,282,200012290GSW,24.9,12.8,3rd quarter,6:38.0,Antawn Jamison,GSW,False,2-pointer,8,48-49,'UTA',trails
283,283,283,200012290GSW,16.7,14.5,3rd quarter,5:48.0,Larry Hughes,GSW,True,2-pointer,12,50-49,'UTA',leads
284,284,284,200012290GSW,23.6,20.6,3rd quarter,5:01.0,Bob Sura,GSW,True,2-pointer,16,54-52,'UTA',leads
285,285,285,200012290GSW,30.0,9.5,3rd quarter,4:24.0,Marc Jackson,GSW,False,2-pointer,8,54-52,'UTA',leads
286,286,286,200012290GSW,9.3,6.7,3rd quarter,3:04.0,Larry Hughes,GSW,True,2-pointer,15,58-55,'UTA',leads
287,287,287,200012290GSW,24.0,5.0,3rd quarter,2:23.0,Larry Hughes,GSW,True,2-pointer,0,60-58,'UTA',leads
288,288,288,200012290GSW,33.6,27.2,3rd quarter,1:40.0,Mookie Blaylock,GSW,True,3-pointer,24,63-60,'UTA',leads
289,289,289,200012290GSW,24.0,5.0,3rd quarter,1:14.0,Bob Sura,GSW,True,2-pointer,0,65-60,'UTA',leads
290,290,290,200012290GSW,21.5,20.6,3rd quarter,0:26.3,Mookie Blaylock,GSW,True,2-pointer,16,67-65,'UTA',leads
291,291,291,200012290GSW,40.5,6.1,4th quarter,11:16.0,Mookie Blaylock,GSW,True,2-pointer,17,70-68,'UTA',leads
292,292,292,200012290GSW,36.9,6.1,4th quarter,10:39.0,Larry Hughes,GSW,True,2-pointer,13,72-68,'UTA',leads
293,293,293,200012290GSW,10.8,16.2,4th quarter,10:06.0,Vonteego Cummings,GSW,True,2-pointer,17,74-68,'UTA',leads
294,294,294,200012290GSW,20.1,29.5,4th quarter,9:14.0,Vonteego Cummings,GSW,False,3-pointer,25,74-68,'UTA',leads
295,295,295,200012290GSW,24.0,5.0,4th quarter,8:46.0,Vonteego Cummings,GSW,True,2-pointer,0,76-71,'UTA',leads
296,296,296,200012290GSW,24.0,5.0,4th quarter,8:14.0,Mookie Blaylock,GSW,False,2-pointer,0,76-71,'UTA',leads
297,297,297,200012290GSW,10.8,5.4,4th quarter,7:47.0,Larry Hughes,GSW,True,2-pointer,13,78-73,'UTA',leads
298,298,298,200012290GSW,24.1,7.8,4th quarter,7:19.0,Antawn Jamison,GSW,True,2-pointer,3,80-75,'UTA',leads
299,299,299,200012290GSW,24.0,5.0,4th quarter,6:53.0,Antawn Jamison,GSW,True,2-pointer,0,82-75,'UTA',leads
300,300,300,200012290GSW,18.0,6.1,4th quarter,6:05.0,Marc Jackson,GSW,True,2-pointer,6,84-78,'UTA',leads
301,301,301,200012290GSW,16.7,13.2,4th quarter,5:30.0,Larry Hughes,GSW,True,2-pointer,11,86-78,'UTA',leads
302,302,302,200012290GSW,36.3,9.5,4th quarter,4:35.0,Marc Jackson,GSW,True,2-pointer,13,88-78,'UTA',leads
303,303,303,200012290GSW,34.2,18.9,4th quarter,3:57.0,Larry Hughes,GSW,False,2-pointer,17,88-78,'UTA',leads
304,304,304,200012290GSW,6.6,4.6,4th quarter,2:55.0,Larry Hughes,GSW,True,2-pointer,17,91-80,'UTA',leads
305,305,305,200012290GSW,17.3,15.6,4th quarter,2:22.0,Vonteego Cummings,GSW,False,2-pointer,13,91-82,'UTA',leads
306,306,306,200012290GSW,24.0,5.0,4th quarter,2:20.0,Antawn Jamison,GSW,True,2-pointer,0,93-82,'UTA',leads
307,307,307,200012290GSW,24.1,12.8,4th quarter,1:45.0,Mookie Blaylock,GSW,False,2-pointer,8,93-83,'UTA',leads
308,308,308,200012290GSW,24.0,5.0,4th quarter,1:44.0,Marc Jackson,GSW,True,2-pointer,0,96-83,'UTA',leads
309,309,309,200012290GSW,23.6,10.5,4th quarter,1:05.0,Larry Hughes,GSW,True,2-pointer,6,98-85,'UTA',leads
310,310,310,200012290GSW,4.5,3.5,4th quarter,0:35.1,Marc Jackson,GSW,True,2-pointer,20,100-85,'UTA',leads
311,311,311,200012290MIA,24.0,5.0,1st quarter,11:35.0,Felipe López,WAS,False,2-pointer,0,0-0,'MIA',tied
312,312,312,200012290MIA,21.7,6.7,1st quarter,10:55.0,Felipe López,WAS,False,2-pointer,3,0-0,'MIA',tied
313,313,313,200012290MIA,28.3,17.7,1st quarter,10:22.0,Juwan Howard,WAS,False,2-pointer,13,0-0,'MIA',tied
314,314,314,200012290MIA,40.1,5.0,1st quarter,9:40.0,Calvin Booth,WAS,False,2-pointer,16,0-2,'MIA',trails
315,315,315,200012290MIA,25.1,13.9,1st quarter,8:21.0,Juwan Howard,WAS,True,2-pointer,9,2-4,'MIA',trails
316,316,316,200012290MIA,24.0,5.0,1st quarter,7:53.0,Tyrone Nesby,WAS,False,2-pointer,0,2-4,'MIA',trails
317,317,317,200012290MIA,24.0,5.0,1st quarter,7:26.0,Chris Whitney,WAS,False,2-pointer,0,2-4,'MIA',trails
318,318,318,200012290MIA,37.8,25.5,1st quarter,7:02.0,Tyrone Nesby,WAS,True,3-pointer,25,5-6,'MIA',trails
319,319,319,200012290MIA,28.7,29.3,1st quarter,6:38.0,Chris Whitney,WAS,False,3-pointer,25,5-6,'MIA',trails
320,320,320,200012290MIA,24.0,5.0,1st quarter,6:00.0,Chris Whitney,WAS,True,2-pointer,0,7-6,'MIA',leads
321,321,321,200012290MIA,6.8,22.1,1st quarter,5:19.0,Richard Hamilton,WAS,False,3-pointer,24,7-7,'MIA',tied
322,322,322,200012290MIA,18.2,16.2,1st quarter,5:04.0,Richard Hamilton,WAS,True,2-pointer,13,9-7,'MIA',leads
323,323,323,200012290MIA,47.3,12.8,1st quarter,4:25.0,Tyrone Nesby,WAS,True,3-pointer,25,12-9,'MIA',leads
324,324,324,200012290MIA,30.2,14.9,1st quarter,3:45.0,Tyrone Nesby,WAS,True,2-pointer,12,14-9,'MIA',leads
325,325,325,200012290MIA,30.2,16.2,1st quarter,3:02.0,Gerard King,WAS,False,2-pointer,13,14-9,'MIA',leads
326,326,326,200012290MIA,31.7,17.2,1st quarter,2:38.0,Richard Hamilton,WAS,True,2-pointer,14,16-9,'MIA',leads
327,327,327,200012290MIA,43.1,13.5,1st quarter,2:10.0,Tyrone Nesby,WAS,False,2-pointer,21,16-9,'MIA',leads
328,328,328,200012290MIA,25.8,20.0,1st quarter,1:57.0,Obinna Ekezie,WAS,True,2-pointer,15,18-9,'MIA',leads
329,329,329,200012290MIA,38.0,18.7,1st quarter,1:13.0,Richard Hamilton,WAS,False,2-pointer,20,18-11,'MIA',leads
330,330,330,200012290MIA,24.0,5.0,1st quarter,1:10.0,Gerard King,WAS,True,2-pointer,0,20-11,'MIA',leads
331,331,331,200012290MIA,24.0,5.0,1st quarter,0:41.7,Felipe López,WAS,True,2-pointer,0,22-11,'MIA',leads
332,332,332,200012290MIA,30.2,15.6,2nd quarter,11:18.0,Juwan Howard,WAS,False,2-pointer,12,22-16,'MIA',leads
333,333,333,200012290MIA,45.2,10.5,2nd quarter,10:30.0,Tyrone Nesby,WAS,False,2-pointer,22,22-18,'MIA',leads
334,334,334,200012290MIA,37.2,4.8,2nd quarter,10:03.0,Michael Smith,WAS,False,2-pointer,13,22-20,'MIA',leads
335,335,335,200012290MIA,27.9,14.3,2nd quarter,9:36.0,Richard Hamilton,WAS,True,2-pointer,10,24-22,'MIA',leads
336,336,336,200012290MIA,24.0,5.0,2nd quarter,8:30.0,Michael Smith,WAS,True,2-pointer,0,28-26,'MIA',leads
337,337,337,200012290MIA,24.0,5.0,2nd quarter,7:56.0,Felipe López,WAS,True,2-pointer,0,30-28,'MIA',leads
338,338,338,200012290MIA,32.9,5.0,2nd quarter,7:22.0,Richard Hamilton,WAS,False,2-pointer,9,30-28,'MIA',leads
339,339,339,200012290MIA,24.3,7.3,2nd quarter,6:44.0,Juwan Howard,WAS,True,2-pointer,2,32-28,'MIA',leads
340,340,340,200012290MIA,22.4,18.7,2nd quarter,6:00.0,Calvin Booth,WAS,False,2-pointer,14,32-31,'MIA',leads
341,341,341,200012290MIA,5.3,7.8,2nd quarter,4:36.0,Juwan Howard,WAS,True,2-pointer,19,38-33,'MIA',leads
342,342,342,200012290MIA,16.9,19.4,2nd quarter,3:56.0,Juwan Howard,WAS,False,2-pointer,16,38-35,'MIA',leads
343,343,343,200012290MIA,12.5,4.2,2nd quarter,3:24.0,Juwan Howard,WAS,False,2-pointer,12,38-37,'MIA',leads
344,344,344,200012290MIA,24.0,5.0,2nd quarter,3:20.0,Felipe López,WAS,True,2-pointer,0,40-37,'MIA',leads
345,345,345,200012290MIA,24.0,5.0,2nd quarter,3:05.0,Richard Hamilton,WAS,False,2-pointer,0,40-37,'MIA',leads
346,346,346,200012290MIA,40.9,12.8,2nd quarter,1:56.0,Chris Whitney,WAS,True,2-pointer,19,42-39,'MIA',leads
347,347,347,200012290MIA,23.9,29.3,2nd quarter,0:45.9,Chris Whitney,WAS,True,3-pointer,24,45-41,'MIA',leads
348,348,348,200012290MIA,12.5,26.5,2nd quarter,0:12.1,Chris Whitney,WAS,False,3-pointer,24,45-43,'MIA',leads
349,349,349,200012290MIA,25.8,29.7,2nd quarter,0:00.1,Chris Whitney,WAS,False,3-pointer,25,45-45,'MIA',tied
350,350,350,200012290MIA,7.4,22.1,3rd quarter,11:13.0,Tyrone Nesby,WAS,False,3-pointer,24,45-48,'MIA',trails
351,351,351,200012290MIA,27.9,13.9,3rd quarter,10:15.0,Tyrone Nesby,WAS,False,2-pointer,10,45-50,'MIA',trails
352,352,352,200012290MIA,24.3,11.6,3rd quarter,9:51.0,Juwan Howard,WAS,False,2-pointer,7,45-52,'MIA',trails
353,353,353,200012290MIA,11.0,16.2,3rd quarter,9:25.0,Chris Whitney,WAS,True,2-pointer,17,47-52,'MIA',trails
354,354,354,200012290MIA,28.7,11.6,3rd quarter,8:18.0,Tyrone Nesby,WAS,False,2-pointer,8,47-52,'MIA',trails
355,355,355,200012290MIA,24.0,5.0,3rd quarter,8:15.0,Tyrone Nesby,WAS,True,2-pointer,0,49-52,'MIA',trails
356,356,356,200012290MIA,40.1,22.7,3rd quarter,7:23.0,Tyrone Nesby,WAS,True,3-pointer,24,52-52,'MIA',tied
357,357,357,200012290MIA,37.2,6.3,3rd quarter,6:33.0,Tyrone Nesby,WAS,False,2-pointer,13,52-52,'MIA',tied
358,358,358,200012290MIA,13.9,16.6,3rd quarter,6:10.0,Felipe López,WAS,False,2-pointer,15,52-54,'MIA',trails
359,359,359,200012290MIA,28.7,4.2,3rd quarter,6:05.0,Calvin Booth,WAS,True,2-pointer,5,54-54,'MIA',tied
360,360,360,200012290MIA,22.4,5.7,3rd quarter,4:47.0,Juwan Howard,WAS,True,2-pointer,2,56-58,'MIA',trails
361,361,361,200012290MIA,19.6,7.8,3rd quarter,4:19.0,Tyrone Nesby,WAS,True,2-pointer,5,58-60,'MIA',trails
362,362,362,200012290MIA,24.0,5.0,3rd quarter,3:47.0,Juwan Howard,WAS,True,2-pointer,0,60-60,'MIA',tied
363,363,363,200012290MIA,30.0,16.4,3rd quarter,2:14.0,Obinna Ekezie,WAS,True,2-pointer,13,64-65,'MIA',trails
364,364,364,200012290MIA,13.1,22.1,3rd quarter,1:41.0,Richard Hamilton,WAS,True,2-pointer,20,66-67,'MIA',trails
365,365,365,200012290MIA,9.5,7.3,3rd quarter,1:01.0,Richard Hamilton,WAS,False,2-pointer,15,66-67,'MIA',trails
366,366,366,200012290MIA,15.4,5.0,3rd quarter,0:06.3,Tyrone Nesby,WAS,False,2-pointer,9,68-71,'MIA',trails
367,367,367,200012290MIA,43.7,9.7,3rd quarter,0:01.9,Richard Hamilton,WAS,False,2-pointer,20,68-71,'MIA',trails
368,368,368,200012290MIA,33.1,16.6,4th quarter,10:41.0,Chris Whitney,WAS,True,2-pointer,15,72-71,'MIA',leads
369,369,369,200012290MIA,8.3,6.7,4th quarter,9:57.0,Gerard King,WAS,False,2-pointer,16,72-71,'MIA',leads
370,370,370,200012290MIA,39.3,9.0,4th quarter,9:20.0,Richard Hamilton,WAS,True,2-pointer,16,74-71,'MIA',leads
371,371,371,200012290MIA,33.8,3.7,4th quarter,8:42.0,Juwan Howard,WAS,True,2-pointer,10,76-71,'MIA',leads
372,372,372,200012290MIA,9.5,6.3,4th quarter,7:46.0,Richard Hamilton,WAS,False,2-pointer,15,76-73,'MIA',leads
373,373,373,200012290MIA,40.7,24.2,4th quarter,6:44.0,Chris Whitney,WAS,True,3-pointer,25,79-78,'MIA',leads
374,374,374,200012290MIA,24.0,5.0,4th quarter,6:08.0,Chris Whitney,WAS,True,2-pointer,0,81-80,'MIA',leads
375,375,375,200012290MIA,25.1,12.8,4th quarter,5:16.0,Juwan Howard,WAS,True,2-pointer,8,83-82,'MIA',leads
376,376,376,200012290MIA,6.8,6.7,4th quarter,4:12.0,Richard Hamilton,WAS,False,2-pointer,17,83-83,'MIA',tied
377,377,377,200012290MIA,24.0,5.0,4th quarter,2:56.0,Calvin Booth,WAS,True,2-pointer,0,85-88,'MIA',trails
378,378,378,200012290MIA,12.5,26.9,4th quarter,2:24.0,Chris Whitney,WAS,False,3-pointer,25,85-90,'MIA',trails
379,379,379,200012290MIA,19.6,5.0,4th quarter,1:44.0,Juwan Howard,WAS,False,2-pointer,4,85-90,'MIA',trails
380,380,380,200012290MIA,12.5,18.7,4th quarter,1:08.0,Richard Hamilton,WAS,False,2-pointer,18,85-92,'MIA',trails
381,381,381,200012290MIA,10.2,4.2,4th quarter,1:04.0,Richard Hamilton,WAS,False,2-pointer,14,85-92,'MIA',trails
382,382,382,200012290MIA,24.0,5.0,4th quarter,0:43.2,Richard Hamilton,WAS,True,2-pointer,0,87-92,'MIA',trails
383,383,383,200012290MIA,27.2,11.6,4th quarter,0:27.7,Chris Whitney,WAS,False,2-pointer,7,88-94,'MIA',trails
384,384,384,200012290MIA,24.0,5.0,4th quarter,0:25.1,Michael Smith,WAS,True,2-pointer,0,90-94,'MIA',trails
385,385,385,200012290MIA,26.4,29.7,4th quarter,0:21.6,Chris Whitney,WAS,False,3-pointer,25,90-96,'MIA',trails
386,386,386,200012290MIA,28.7,7.8,4th quarter,0:10.4,Richard Hamilton,WAS,False,2-pointer,5,90-98,'MIA',trails
387,387,387,200012290MIA,11.2,5.2,1st quarter,11:12.0,Tim Hardaway,MIA,False,2-pointer,13,0-0,'MIA',tied
388,388,388,200012290MIA,8.9,23.8,1st quarter,10:42.0,Eddie Jones,MIA,False,3-pointer,24,0-0,'MIA',tied
389,389,389,200012290MIA,25.8,10.1,1st quarter,10:03.0,Anthony Mason,MIA,True,2-pointer,5,2-0,'MIA',leads
390,390,390,200012290MIA,37.2,14.9,1st quarter,9:29.0,Brian Grant,MIA,False,2-pointer,17,2-0,'MIA',leads
391,391,391,200012290MIA,41.6,5.7,1st quarter,9:25.0,Tim Hardaway,MIA,True,2-pointer,18,4-0,'MIA',leads
392,392,392,200012290MIA,0.2,8.4,1st quarter,8:48.0,Tim Hardaway,MIA,False,3-pointer,24,4-0,'MIA',leads
393,393,393,200012290MIA,40.7,16.2,1st quarter,8:42.0,Tim Hardaway,MIA,False,2-pointer,20,4-0,'MIA',leads
394,394,394,200012290MIA,8.3,7.8,1st quarter,8:00.0,Eddie Jones,MIA,False,2-pointer,16,4-2,'MIA',leads
395,395,395,200012290MIA,24.0,5.0,1st quarter,7:21.0,Eddie Jones,MIA,True,2-pointer,0,6-2,'MIA',leads
396,396,396,200012290MIA,30.2,12.8,1st quarter,6:45.0,Brian Grant,MIA,False,2-pointer,10,6-5,'MIA',leads
397,397,397,200012290MIA,6.2,22.1,1st quarter,6:24.0,Eddie Jones,MIA,False,3-pointer,25,6-5,'MIA',leads
398,398,398,200012290MIA,40.7,6.7,1st quarter,4:43.0,Anthony Mason,MIA,True,2-pointer,17,9-9,'MIA',tied
399,399,399,200012290MIA,27.2,14.3,1st quarter,4:03.0,Brian Grant,MIA,False,2-pointer,10,9-12,'MIA',trails
400,400,400,200012290MIA,27.9,4.2,1st quarter,3:18.0,Anthony Mason,MIA,False,2-pointer,4,9-14,'MIA',trails
401,401,401,200012290MIA,10.4,5.7,1st quarter,2:47.0,Anthony Mason,MIA,False,2-pointer,14,9-14,'MIA',trails
402,402,402,200012290MIA,8.9,24.8,1st quarter,2:24.0,Tim Hardaway,MIA,False,3-pointer,25,9-16,'MIA',trails
403,403,403,200012290MIA,24.0,5.0,1st quarter,1:37.0,Tim Hardaway,MIA,True,2-pointer,0,11-18,'MIA',trails
404,404,404,200012290MIA,25.8,13.9,1st quarter,0:55.4,Eddie Jones,MIA,False,2-pointer,9,11-20,'MIA',trails
405,405,405,200012290MIA,45.2,17.2,1st quarter,0:27.6,Eddie Jones,MIA,True,3-pointer,24,14-22,'MIA',trails
406,406,406,200012290MIA,23.9,32.0,1st quarter,0:00.2,Tim Hardaway,MIA,False,3-pointer,27,14-22,'MIA',trails
407,407,407,200012290MIA,27.9,17.2,2nd quarter,11:39.0,Anthony Mason,MIA,True,2-pointer,13,16-22,'MIA',trails
408,408,408,200012290MIA,38.6,20.0,2nd quarter,10:57.0,Tim Hardaway,MIA,True,2-pointer,21,18-22,'MIA',trails
409,409,409,200012290MIA,43.1,6.7,2nd quarter,10:17.0,A.C. Green,MIA,True,2-pointer,19,20-22,'MIA',trails
410,410,410,200012290MIA,24.0,5.0,2nd quarter,9:54.0,Eddie Jones,MIA,True,2-pointer,0,22-22,'MIA',tied
411,411,411,200012290MIA,24.0,5.0,2nd quarter,9:19.0,Anthony Mason,MIA,True,2-pointer,0,24-24,'MIA',tied
412,412,412,200012290MIA,12.5,12.2,2nd quarter,8:46.0,Anthony Mason,MIA,True,2-pointer,14,26-26,'MIA',tied
413,413,413,200012290MIA,32.9,17.7,2nd quarter,8:05.0,Eddie Jones,MIA,True,2-pointer,16,28-28,'MIA',tied
414,414,414,200012290MIA,41.6,16.2,2nd quarter,7:33.0,Eddie House,MIA,False,2-pointer,21,28-30,'MIA',trails
415,415,415,200012290MIA,34.4,26.9,2nd quarter,6:54.0,Dan Majerle,MIA,False,3-pointer,24,28-30,'MIA',trails
416,416,416,200012290MIA,0.2,7.3,2nd quarter,6:15.0,Dan Majerle,MIA,True,3-pointer,24,31-32,'MIA',trails
417,417,417,200012290MIA,27.9,10.5,2nd quarter,5:42.0,A.C. Green,MIA,False,2-pointer,7,31-34,'MIA',trails
418,418,418,200012290MIA,24.3,6.7,2nd quarter,5:39.0,A.C. Green,MIA,False,2-pointer,2,31-34,'MIA',trails
419,419,419,200012290MIA,19.6,13.9,2nd quarter,5:19.0,Anthony Mason,MIA,False,2-pointer,10,31-34,'MIA',trails
420,420,420,200012290MIA,5.3,5.7,2nd quarter,4:51.0,A.C. Green,MIA,True,2-pointer,19,33-36,'MIA',trails
421,421,421,200012290MIA,33.8,19.4,2nd quarter,4:17.0,Bruce Bowen,MIA,True,2-pointer,17,35-38,'MIA',trails
422,422,422,200012290MIA,24.0,5.0,2nd quarter,3:43.0,Brian Grant,MIA,True,2-pointer,0,37-38,'MIA',trails
423,423,423,200012290MIA,5.3,6.7,2nd quarter,3:11.0,Eddie House,MIA,False,2-pointer,19,37-40,'MIA',trails
424,424,424,200012290MIA,43.1,10.1,2nd quarter,2:44.0,Bruce Bowen,MIA,True,2-pointer,20,39-40,'MIA',trails
425,425,425,200012290MIA,24.0,5.0,2nd quarter,2:10.0,Tim Hardaway,MIA,False,2-pointer,0,39-40,'MIA',trails
426,426,426,200012290MIA,43.7,12.8,2nd quarter,1:41.0,Eddie Jones,MIA,True,2-pointer,21,41-42,'MIA',trails
427,427,427,200012290MIA,25.8,29.3,2nd quarter,1:05.0,Tim Hardaway,MIA,False,3-pointer,24,41-42,'MIA',trails
428,428,428,200012290MIA,3.8,10.5,2nd quarter,0:31.7,Eddie Jones,MIA,True,2-pointer,21,43-45,'MIA',trails
429,429,429,200012290MIA,27.2,6.3,2nd quarter,0:02.6,Tim Hardaway,MIA,True,2-pointer,3,45-45,'MIA',tied
430,430,430,200012290MIA,13.1,26.9,3rd quarter,11:39.0,Tim Hardaway,MIA,True,3-pointer,24,48-45,'MIA',leads
431,431,431,200012290MIA,45.8,16.6,3rd quarter,11:01.0,Eddie Jones,MIA,False,3-pointer,25,48-45,'MIA',leads
432,432,432,200012290MIA,25.8,12.8,3rd quarter,10:34.0,Brian Grant,MIA,True,2-pointer,8,50-45,'MIA',leads
433,433,433,200012290MIA,24.0,5.0,3rd quarter,10:09.0,Tim Hardaway,MIA,True,2-pointer,0,52-45,'MIA',leads
434,434,434,200012290MIA,19.0,10.1,3rd quarter,9:32.0,Tim Hardaway,MIA,False,2-pointer,7,52-45,'MIA',leads
435,435,435,200012290MIA,4.7,5.7,3rd quarter,9:03.0,Brian Grant,MIA,False,2-pointer,19,52-47,'MIA',leads
436,436,436,200012290MIA,24.0,5.0,3rd quarter,9:00.0,Eddie Jones,MIA,False,2-pointer,0,52-47,'MIA',leads
437,437,437,200012290MIA,35.9,21.5,3rd quarter,8:00.0,Tim Hardaway,MIA,False,2-pointer,20,52-49,'MIA',leads
438,438,438,200012290MIA,27.9,9.7,3rd quarter,7:51.0,Anthony Mason,MIA,False,2-pointer,6,52-49,'MIA',leads
439,439,439,200012290MIA,36.5,25.9,3rd quarter,7:39.0,Tim Hardaway,MIA,False,3-pointer,24,52-49,'MIA',leads
440,440,440,200012290MIA,37.2,7.3,3rd quarter,6:56.0,Bruce Bowen,MIA,False,2-pointer,13,52-52,'MIA',tied
441,441,441,200012290MIA,24.0,5.0,3rd quarter,6:27.0,Eddie Jones,MIA,True,2-pointer,0,54-52,'MIA',leads
442,442,442,200012290MIA,30.2,7.8,3rd quarter,5:47.0,Eddie Jones,MIA,True,2-pointer,7,56-54,'MIA',leads
443,443,443,200012290MIA,25.8,24.8,3rd quarter,5:14.0,Eddie Jones,MIA,True,2-pointer,20,58-54,'MIA',leads
444,444,444,200012290MIA,19.0,6.7,3rd quarter,3:33.0,Anthony Mason,MIA,True,2-pointer,5,62-60,'MIA',leads
445,445,445,200012290MIA,47.3,6.3,3rd quarter,2:32.0,Bruce Bowen,MIA,True,3-pointer,23,65-62,'MIA',leads
446,446,446,200012290MIA,11.0,18.3,3rd quarter,1:51.0,Eddie Jones,MIA,True,2-pointer,19,67-64,'MIA',leads
447,447,447,200012290MIA,29.6,16.6,3rd quarter,1:24.0,Bruce Bowen,MIA,False,2-pointer,13,67-66,'MIA',leads
448,448,448,200012290MIA,10.4,24.8,4th quarter,11:34.0,Eddie House,MIA,False,3-pointer,24,71-68,'MIA',leads
449,449,449,200012290MIA,13.1,5.0,4th quarter,10:53.0,Anthony Mason,MIA,False,2-pointer,11,71-70,'MIA',leads
450,450,450,200012290MIA,43.7,20.0,4th quarter,9:39.0,Dan Majerle,MIA,False,3-pointer,25,71-72,'MIA',trails
451,451,451,200012290MIA,24.0,5.0,4th quarter,8:59.0,Eddie Jones,MIA,False,2-pointer,0,71-74,'MIA',trails
452,452,452,200012290MIA,17.5,15.6,4th quarter,8:07.0,Anthony Mason,MIA,True,2-pointer,12,73-76,'MIA',trails
453,453,453,200012290MIA,24.0,5.0,4th quarter,7:37.0,Tim Hardaway,MIA,True,2-pointer,0,75-76,'MIA',trails
454,454,454,200012290MIA,3.2,18.3,4th quarter,7:07.0,Tim Hardaway,MIA,True,3-pointer,25,78-76,'MIA',leads
455,455,455,200012290MIA,40.1,5.0,4th quarter,6:22.0,Eddie House,MIA,True,2-pointer,16,80-79,'MIA',leads
456,456,456,200012290MIA,47.3,5.0,4th quarter,5:28.0,Dan Majerle,MIA,False,3-pointer,23,82-81,'MIA',leads
457,457,457,200012290MIA,27.2,25.9,4th quarter,4:53.0,Tim Hardaway,MIA,False,2-pointer,21,82-83,'MIA',trails
458,458,458,200012290MIA,28.7,12.8,4th quarter,3:59.0,Anthony Mason,MIA,False,2-pointer,9,83-83,'MIA',tied
459,459,459,200012290MIA,37.2,25.9,4th quarter,3:52.0,Bruce Bowen,MIA,True,3-pointer,25,86-83,'MIA',leads
460,460,460,200012290MIA,29.6,19.4,4th quarter,3:08.0,Eddie Jones,MIA,True,2-pointer,15,88-83,'MIA',leads
461,461,461,200012290MIA,24.0,5.0,4th quarter,2:34.0,Eddie Jones,MIA,True,2-pointer,0,90-85,'MIA',leads
462,462,462,200012290MIA,28.7,15.6,4th quarter,2:01.0,Tim Hardaway,MIA,False,2-pointer,12,90-85,'MIA',leads
463,463,463,200012290MIA,32.9,7.8,4th quarter,1:24.0,Tim Hardaway,MIA,True,2-pointer,9,92-85,'MIA',leads
464,464,464,200012290NYK,12.3,4.2,1st quarter,11:36.0,Brad Miller,CHI,False,2-pointer,12,0-0,'NYK',tied
465,465,465,200012290NYK,5.7,16.2,1st quarter,11:08.0,Ron Mercer,CHI,False,2-pointer,21,0-2,'NYK',trails
466,466,466,200012290NYK,25.8,10.5,1st quarter,10:32.0,Metta World,CHI,True,2-pointer,6,2-4,'NYK',trails
467,467,467,200012290NYK,24.0,5.0,1st quarter,10:01.0,Ron Mercer,CHI,True,2-pointer,0,4-4,'NYK',tied
468,468,468,200012290NYK,24.0,5.0,1st quarter,9:25.0,Brad Miller,CHI,True,2-pointer,0,6-5,'NYK',leads
469,469,469,200012290NYK,24.0,5.0,1st quarter,8:57.0,Metta World,CHI,False,2-pointer,0,6-5,'NYK',leads
470,470,470,200012290NYK,44.5,3.5,1st quarter,7:44.0,Ron Mercer,CHI,True,2-pointer,21,10-10,'NYK',tied
471,471,471,200012290NYK,36.1,4.6,1st quarter,7:10.0,Elton Brand,CHI,False,2-pointer,12,10-10,'NYK',tied
472,472,472,200012290NYK,4.3,10.5,1st quarter,6:14.0,Ron Mercer,CHI,True,2-pointer,20,14-12,'NYK',leads
473,473,473,200012290NYK,7.8,20.0,1st quarter,5:36.0,Metta World,CHI,False,2-pointer,22,14-12,'NYK',leads
474,474,474,200012290NYK,7.2,13.2,1st quarter,3:26.0,Metta World,CHI,False,2-pointer,19,18-20,'NYK',trails
475,475,475,200012290NYK,41.8,7.1,1st quarter,2:24.0,Ron Mercer,CHI,True,2-pointer,18,20-22,'NYK',trails
476,476,476,200012290NYK,25.1,24.8,1st quarter,1:53.0,Ron Mercer,CHI,False,2-pointer,20,20-22,'NYK',trails
477,477,477,200012290NYK,5.1,4.2,1st quarter,0:49.3,Ron Mercer,CHI,False,2-pointer,19,20-25,'NYK',trails
478,478,478,200012290NYK,35.3,20.4,1st quarter,0:13.8,Ron Mercer,CHI,False,2-pointer,19,20-27,'NYK',trails
479,479,479,200012290NYK,24.0,5.0,1st quarter,0:10.9,Elton Brand,CHI,True,2-pointer,0,22-27,'NYK',trails
480,480,480,200012290NYK,20.3,9.5,2nd quarter,11:20.0,Elton Brand,CHI,True,2-pointer,6,24-28,'NYK',trails
481,481,481,200012290NYK,24.0,5.0,2nd quarter,10:32.0,Elton Brand,CHI,False,2-pointer,0,24-31,'NYK',trails
482,482,482,200012290NYK,44.5,18.3,2nd quarter,10:08.0,Fred Hoiberg,CHI,True,3-pointer,24,27-31,'NYK',trails
483,483,483,200012290NYK,43.9,18.7,2nd quarter,8:55.0,Khalid El-Amin,CHI,False,3-pointer,24,27-33,'NYK',trails
484,484,484,200012290NYK,24.0,5.0,2nd quarter,8:16.0,Brad Miller,CHI,False,2-pointer,0,27-34,'NYK',trails
485,485,485,200012290NYK,0.7,2.3,2nd quarter,7:52.0,Fred Hoiberg,CHI,False,3-pointer,23,27-36,'NYK',trails
486,486,486,200012290NYK,39.7,7.8,2nd quarter,7:18.0,Ron Mercer,CHI,False,2-pointer,16,27-39,'NYK',trails
487,487,487,200012290NYK,24.0,5.0,2nd quarter,6:00.0,Brad Miller,CHI,False,2-pointer,0,28-41,'NYK',trails
488,488,488,200012290NYK,0.0,6.1,2nd quarter,5:56.0,Bryce Drew,CHI,False,3-pointer,24,28-41,'NYK',trails
489,489,489,200012290NYK,24.0,5.0,2nd quarter,5:30.0,Metta World,CHI,True,2-pointer,0,30-43,'NYK',trails
490,490,490,200012290NYK,24.0,5.0,2nd quarter,4:55.0,Metta World,CHI,True,2-pointer,0,32-45,'NYK',trails
491,491,491,200012290NYK,37.4,11.1,2nd quarter,4:09.0,Elton Brand,CHI,False,2-pointer,15,32-47,'NYK',trails
492,492,492,200012290NYK,24.0,5.0,2nd quarter,3:34.0,Fred Hoiberg,CHI,False,2-pointer,0,32-49,'NYK',trails
493,493,493,200012290NYK,24.0,5.0,2nd quarter,3:30.0,Fred Hoiberg,CHI,False,2-pointer,0,32-49,'NYK',trails
494,494,494,200012290NYK,24.0,5.0,2nd quarter,3:28.0,Elton Brand,CHI,False,2-pointer,0,32-49,'NYK',trails
495,495,495,200012290NYK,39.7,6.1,2nd quarter,3:03.0,Brad Miller,CHI,False,2-pointer,16,32-51,'NYK',trails
496,496,496,200012290NYK,23.9,30.9,2nd quarter,2:39.0,Fred Hoiberg,CHI,False,3-pointer,26,32-51,'NYK',trails
497,497,497,200012290NYK,7.8,10.5,2nd quarter,2:08.0,Ron Mercer,CHI,False,2-pointer,17,32-53,'NYK',trails
498,498,498,200012290NYK,33.8,31.6,2nd quarter,1:21.0,Metta World,CHI,True,3-pointer,28,36-53,'NYK',trails
499,499,499,200012290NYK,17.3,5.0,3rd quarter,10:45.0,Metta World,CHI,False,2-pointer,7,36-55,'NYK',trails
500,500,500,200012290NYK,20.9,9.9,3rd quarter,10:22.0,Elton Brand,CHI,False,2-pointer,6,36-55,'NYK',trails
501,501,501,200012290NYK,5.7,28.8,3rd quarter,10:10.0,Bryce Drew,CHI,False,3-pointer,30,36-55,'NYK',trails
502,502,502,200012290NYK,39.7,13.2,3rd quarter,9:45.0,Ron Mercer,CHI,False,2-pointer,18,36-55,'NYK',trails
503,503,503,200012290NYK,40.9,1.2,3rd quarter,8:38.0,Ron Mercer,CHI,False,2-pointer,17,36-58,'NYK',trails
504,504,504,200012290NYK,10.2,5.0,3rd quarter,6:26.0,Bryce Drew,CHI,False,2-pointer,14,36-62,'NYK',trails
505,505,505,200012290NYK,13.1,29.3,3rd quarter,5:24.0,Corey Benjamin,CHI,False,3-pointer,27,36-67,'NYK',trails
506,506,506,200012290NYK,24.0,5.0,3rd quarter,4:25.0,Elton Brand,CHI,True,2-pointer,0,38-67,'NYK',trails
507,507,507,200012290NYK,19.4,24.4,3rd quarter,3:26.0,Khalid El-Amin,CHI,False,2-pointer,20,38-69,'NYK',trails
508,508,508,200012290NYK,24.0,5.0,3rd quarter,2:45.0,Khalid El-Amin,CHI,False,2-pointer,0,38-69,'NYK',trails
509,509,509,200012290NYK,0.7,4.6,3rd quarter,2:34.0,Ron Mercer,CHI,True,3-pointer,23,41-69,'NYK',trails
510,510,510,200012290NYK,29.6,23.4,3rd quarter,2:03.0,Khalid El-Amin,CHI,True,2-pointer,19,43-69,'NYK',trails
511,511,511,200012290NYK,25.8,29.9,3rd quarter,1:31.0,Corey Benjamin,CHI,True,3-pointer,25,46-69,'NYK',trails
512,512,512,200012290NYK,25.1,8.8,3rd quarter,0:26.8,Elton Brand,CHI,True,2-pointer,4,50-69,'NYK',trails
513,513,513,200012290NYK,26.4,11.6,3rd quarter,0:00.4,Khalid El-Amin,CHI,False,2-pointer,7,50-71,'NYK',trails
514,514,514,200012290NYK,40.3,7.1,4th quarter,11:14.0,Marcus Fizer,CHI,False,2-pointer,16,50-73,'NYK',trails
515,515,515,200012290NYK,38.8,8.8,4th quarter,10:44.0,Ron Mercer,CHI,False,2-pointer,15,50-75,'NYK',trails
516,516,516,200012290NYK,40.9,22.7,4th quarter,10:12.0,Khalid El-Amin,CHI,False,3-pointer,24,50-77,'NYK',trails
517,517,517,200012290NYK,14.6,27.8,4th quarter,9:40.0,Fred Hoiberg,CHI,True,3-pointer,25,53-77,'NYK',trails
518,518,518,200012290NYK,8.7,15.6,4th quarter,9:00.0,Ron Mercer,CHI,True,2-pointer,19,55-79,'NYK',trails
519,519,519,200012290NYK,4.3,21.5,4th quarter,8:19.0,Jamal Crawford,CHI,False,3-pointer,26,55-81,'NYK',trails
520,520,520,200012290NYK,43.9,2.9,4th quarter,7:48.0,Marcus Fizer,CHI,True,2-pointer,20,57-83,'NYK',trails
521,521,521,200012290NYK,19.4,8.4,4th quarter,6:45.0,Dragan Tarlać,CHI,True,2-pointer,6,59-85,'NYK',trails
522,522,522,200012290NYK,40.3,7.8,4th quarter,6:10.0,Jamal Crawford,CHI,False,2-pointer,17,59-88,'NYK',trails
523,523,523,200012290NYK,34.6,1.8,4th quarter,5:31.0,Marcus Fizer,CHI,True,2-pointer,11,61-90,'NYK',trails
524,524,524,200012290NYK,39.7,23.8,4th quarter,4:57.0,Corey Benjamin,CHI,True,3-pointer,24,64-92,'NYK',trails
525,525,525,200012290NYK,3.6,18.7,4th quarter,4:25.0,Fred Hoiberg,CHI,False,3-pointer,25,64-92,'NYK',trails
526,526,526,200012290NYK,38.8,2.9,4th quarter,3:50.0,Marcus Fizer,CHI,False,2-pointer,15,64-94,'NYK',trails
527,527,527,200012290NYK,33.8,27.2,4th quarter,3:21.0,Corey Benjamin,CHI,False,3-pointer,24,64-94,'NYK',trails
528,528,528,200012290NYK,34.6,1.2,4th quarter,2:47.0,Marcus Fizer,CHI,True,2-pointer,11,66-94,'NYK',trails
529,529,529,200012290NYK,13.1,4.2,4th quarter,2:12.0,Dragan Tarlać,CHI,False,2-pointer,11,66-94,'NYK',trails
530,530,530,200012290NYK,10.2,1.8,4th quarter,1:46.0,Marcus Fizer,CHI,True,2-pointer,14,68-94,'NYK',trails
531,531,531,200012290NYK,15.2,7.1,4th quarter,1:21.0,Marcus Fizer,CHI,False,2-pointer,9,68-95,'NYK',trails
532,532,532,200012290NYK,31.0,4.6,4th quarter,1:17.0,Dragan Tarlać,CHI,False,2-pointer,7,68-95,'NYK',trails
533,533,533,200012290NYK,7.8,5.4,4th quarter,0:45.7,Jamal Crawford,CHI,False,2-pointer,16,68-95,'NYK',trails
534,534,534,200012290NYK,18.2,7.1,4th quarter,0:09.5,Dragan Tarlać,CHI,False,2-pointer,6,68-95,'NYK',trails
535,535,535,200012290NYK,13.1,5.0,1st quarter,11:22.0,Kurt Thomas,NYK,True,2-pointer,11,2-0,'NYK',leads
536,536,536,200012290NYK,24.0,5.0,1st quarter,10:56.0,Latrell Sprewell,NYK,True,2-pointer,0,4-0,'NYK',leads
537,537,537,200012290NYK,14.6,15.6,1st quarter,10:15.0,Kurt Thomas,NYK,False,2-pointer,14,4-2,'NYK',leads
538,538,538,200012290NYK,24.0,5.0,1st quarter,9:05.0,Larry Johnson,NYK,False,2-pointer,0,5-6,'NYK',trails
539,539,539,200012290NYK,1.5,10.5,1st quarter,8:46.0,Glen Rice,NYK,True,3-pointer,23,8-6,'NYK',leads
540,540,540,200012290NYK,43.3,13.2,1st quarter,8:23.0,Glen Rice,NYK,False,2-pointer,21,8-8,'NYK',tied
541,541,541,200012290NYK,33.1,12.8,1st quarter,8:12.0,Latrell Sprewell,NYK,True,2-pointer,12,10-8,'NYK',leads
542,542,542,200012290NYK,20.9,10.5,1st quarter,7:24.0,Glen Rice,NYK,False,2-pointer,6,10-10,'NYK',tied
543,543,543,200012290NYK,13.7,4.2,1st quarter,6:53.0,Larry Johnson,NYK,False,2-pointer,10,10-10,'NYK',tied
544,544,544,200012290NYK,7.2,8.8,1st quarter,5:29.0,Latrell Sprewell,NYK,False,2-pointer,17,12-14,'NYK',trails
545,545,545,200012290NYK,24.0,5.0,1st quarter,5:27.0,Kurt Thomas,NYK,True,2-pointer,0,14-14,'NYK',tied
546,546,546,200012290NYK,24.3,21.0,1st quarter,4:48.0,Latrell Sprewell,NYK,True,2-pointer,16,16-16,'NYK',tied
547,547,547,200012290NYK,36.1,20.0,1st quarter,3:52.0,Latrell Sprewell,NYK,True,2-pointer,19,20-18,'NYK',leads
548,548,548,200012290NYK,30.2,23.4,1st quarter,2:38.0,Chris Childs,NYK,False,2-pointer,19,22-18,'NYK',leads
549,549,549,200012290NYK,38.2,17.2,1st quarter,2:01.0,Latrell Sprewell,NYK,False,2-pointer,19,22-20,'NYK',leads
550,550,550,200012290NYK,43.9,20.0,1st quarter,1:41.0,Glen Rice,NYK,False,3-pointer,25,22-20,'NYK',leads
551,551,551,200012290NYK,42.4,20.4,1st quarter,1:06.0,Latrell Sprewell,NYK,True,3-pointer,24,25-20,'NYK',leads
552,552,552,200012290NYK,24.0,5.0,2nd quarter,10:57.0,Erick Strickland,NYK,False,2-pointer,0,28-24,'NYK',leads
553,553,553,200012290NYK,24.0,5.0,2nd quarter,10:56.0,Erick Strickland,NYK,False,2-pointer,0,28-24,'NYK',leads
554,554,554,200012290NYK,2.1,17.7,2nd quarter,10:53.0,Latrell Sprewell,NYK,True,3-pointer,25,31-24,'NYK',leads
555,555,555,200012290NYK,9.3,14.3,2nd quarter,10:23.0,Latrell Sprewell,NYK,False,2-pointer,17,31-24,'NYK',leads
556,556,556,200012290NYK,36.7,13.2,2nd quarter,9:46.0,Glen Rice,NYK,False,2-pointer,15,31-27,'NYK',leads
557,557,557,200012290NYK,24.0,5.0,2nd quarter,9:10.0,Larry Johnson,NYK,True,2-pointer,0,33-27,'NYK',leads
558,558,558,200012290NYK,14.6,8.8,2nd quarter,8:03.0,Larry Johnson,NYK,True,2-pointer,10,36-27,'NYK',leads
559,559,559,200012290NYK,7.2,25.5,2nd quarter,7:31.0,Erick Strickland,NYK,True,3-pointer,27,39-27,'NYK',leads
560,560,560,200012290NYK,13.1,21.5,2nd quarter,6:57.0,Luc Longley,NYK,False,2-pointer,20,39-27,'NYK',leads
561,561,561,200012290NYK,31.0,11.6,2nd quarter,6:19.0,Erick Strickland,NYK,False,2-pointer,10,41-28,'NYK',leads
562,562,562,200012290NYK,24.0,5.0,2nd quarter,5:45.0,Latrell Sprewell,NYK,True,2-pointer,0,43-28,'NYK',leads
563,563,563,200012290NYK,24.0,5.0,2nd quarter,5:12.0,Chris Childs,NYK,True,2-pointer,0,45-30,'NYK',leads
564,564,564,200012290NYK,24.0,5.0,2nd quarter,4:34.0,Latrell Sprewell,NYK,True,2-pointer,0,47-32,'NYK',leads
565,565,565,200012290NYK,18.8,10.5,2nd quarter,3:54.0,Latrell Sprewell,NYK,True,2-pointer,8,49-32,'NYK',leads
566,566,566,200012290NYK,16.7,4.6,2nd quarter,3:19.0,Kurt Thomas,NYK,True,2-pointer,7,51-32,'NYK',leads
567,567,567,200012290NYK,10.8,9.9,2nd quarter,2:47.0,Latrell Sprewell,NYK,False,2-pointer,14,51-32,'NYK',leads
568,568,568,200012290NYK,24.0,5.0,2nd quarter,2:33.0,Larry Johnson,NYK,True,2-pointer,0,53-32,'NYK',leads
569,569,569,200012290NYK,10.2,7.1,2nd quarter,1:45.0,Larry Johnson,NYK,False,2-pointer,14,53-33,'NYK',leads
570,570,570,200012290NYK,46.8,1.2,2nd quarter,0:18.3,Larry Johnson,NYK,False,3-pointer,23,55-36,'NYK',leads
571,571,571,200012290NYK,10.8,8.8,3rd quarter,11:42.0,Kurt Thomas,NYK,False,2-pointer,14,55-36,'NYK',leads
572,572,572,200012290NYK,10.8,25.9,3rd quarter,11:04.0,Chris Childs,NYK,False,3-pointer,25,55-36,'NYK',leads
573,573,573,200012290NYK,24.0,5.0,3rd quarter,10:37.0,Glen Rice,NYK,False,2-pointer,0,55-36,'NYK',leads
574,574,574,200012290NYK,24.0,5.0,3rd quarter,10:35.0,Larry Johnson,NYK,False,2-pointer,0,55-36,'NYK',leads
575,575,575,200012290NYK,6.4,6.1,3rd quarter,9:20.0,Glen Rice,NYK,True,2-pointer,18,57-36,'NYK',leads
576,576,576,200012290NYK,8.7,7.8,3rd quarter,8:23.0,Latrell Sprewell,NYK,False,2-pointer,16,58-36,'NYK',leads
577,577,577,200012290NYK,24.0,5.0,3rd quarter,8:03.0,Kurt Thomas,NYK,True,2-pointer,0,60-36,'NYK',leads
578,578,578,200012290NYK,15.2,7.8,3rd quarter,6:41.0,Kurt Thomas,NYK,True,2-pointer,9,62-36,'NYK',leads
579,579,579,200012290NYK,37.4,1.2,3rd quarter,6:10.0,Chris Childs,NYK,False,2-pointer,14,62-36,'NYK',leads
580,580,580,200012290NYK,23.9,9.5,3rd quarter,6:07.0,Kurt Thomas,NYK,True,2-pointer,5,64-36,'NYK',leads
581,581,581,200012290NYK,24.0,5.0,3rd quarter,5:39.0,Latrell Sprewell,NYK,True,2-pointer,0,66-36,'NYK',leads
582,582,582,200012290NYK,11.6,6.5,3rd quarter,5:01.0,Latrell Sprewell,NYK,False,2-pointer,12,67-36,'NYK',leads
583,583,583,200012290NYK,41.8,22.7,3rd quarter,4:49.0,Glen Rice,NYK,False,3-pointer,25,67-36,'NYK',leads
584,584,584,200012290NYK,13.1,25.5,3rd quarter,4:03.0,Glen Rice,NYK,True,2-pointer,23,69-38,'NYK',leads
585,585,585,200012290NYK,29.6,6.1,3rd quarter,3:03.0,Luc Longley,NYK,False,2-pointer,6,69-38,'NYK',leads
586,586,586,200012290NYK,37.4,30.9,3rd quarter,0:42.0,Larry Johnson,NYK,False,3-pointer,29,69-48,'NYK',leads
587,587,587,200012290NYK,20.3,11.1,4th quarter,11:26.0,Glen Rice,NYK,True,2-pointer,7,73-50,'NYK',leads
588,588,588,200012290NYK,24.0,5.0,4th quarter,11:08.0,Luc Longley,NYK,True,2-pointer,0,75-50,'NYK',leads
589,589,589,200012290NYK,33.1,26.1,4th quarter,10:29.0,Glen Rice,NYK,True,2-pointer,23,77-50,'NYK',leads
590,590,590,200012290NYK,24.0,5.0,4th quarter,8:45.0,Latrell Sprewell,NYK,True,2-pointer,0,81-55,'NYK',leads
591,591,591,200012290NYK,37.4,4.2,4th quarter,8:04.0,Glen Rice,NYK,True,2-pointer,13,83-55,'NYK',leads
592,592,592,200012290NYK,10.8,27.2,4th quarter,7:20.0,Erick Strickland,NYK,False,3-pointer,26,83-57,'NYK',leads
593,593,593,200012290NYK,24.0,5.0,4th quarter,7:06.0,Glen Rice,NYK,False,2-pointer,0,83-57,'NYK',leads
594,594,594,200012290NYK,24.0,5.0,4th quarter,7:05.0,Glen Rice,NYK,True,2-pointer,0,85-57,'NYK',leads
595,595,595,200012290NYK,46.8,4.6,4th quarter,6:22.0,Erick Strickland,NYK,True,3-pointer,23,88-59,'NYK',leads
596,596,596,200012290NYK,23.0,10.5,4th quarter,5:50.0,Kurt Thomas,NYK,True,2-pointer,6,90-59,'NYK',leads
597,597,597,200012290NYK,24.0,5.0,4th quarter,5:12.0,Luc Longley,NYK,True,2-pointer,0,92-61,'NYK',leads
598,598,598,200012290NYK,24.0,5.0,4th quarter,4:07.0,Kurt Thomas,NYK,True,2-pointer,0,94-64,'NYK',leads
599,599,599,200012290NYK,23.9,10.5,4th quarter,2:28.0,Erick Strickland,NYK,False,2-pointer,6,94-66,'NYK',leads
600,600,600,200012290NYK,13.1,7.1,4th quarter,2:01.0,Lavor Postell,NYK,False,2-pointer,11,94-66,'NYK',leads
601,601,601,200012290NYK,31.7,3.5,4th quarter,0:59.2,Lavor Postell,NYK,False,2-pointer,8,95-68,'NYK',leads
602,602,602,200012290NYK,40.9,4.6,4th quarter,0:56.0,Travis Knight,NYK,False,2-pointer,17,95-68,'NYK',leads
603,603,603,200012290NYK,8.7,16.6,4th quarter,0:28.4,Travis Knight,NYK,False,2-pointer,19,95-68,'NYK',leads
604,604,604,200012290NYK,24.3,9.9,4th quarter,0:24.3,Lavor Postell,NYK,False,2-pointer,5,95-68,'NYK',leads
605,605,605,200012290POR,11.0,15.1,1st quarter,11:21.0,Isaac Austin,VAN,False,2-pointer,16,0-0,'POR',tied
606,606,606,200012290POR,24.0,5.0,1st quarter,11:07.0,Shareef Abdur-Rahim,VAN,True,2-pointer,0,2-0,'POR',leads
607,607,607,200012290POR,3.8,2.9,1st quarter,10:12.0,Shareef Abdur-Rahim,VAN,True,2-pointer,20,4-3,'POR',leads
608,608,608,200012290POR,24.0,5.0,1st quarter,9:30.0,Mike Bibby,VAN,False,2-pointer,0,4-5,'POR',trails
609,609,609,200012290POR,42.2,3.9,1st quarter,9:23.0,Mike Bibby,VAN,False,2-pointer,18,4-5,'POR',trails
610,610,610,200012290POR,24.0,5.0,1st quarter,8:51.0,Isaac Austin,VAN,True,2-pointer,0,6-7,'POR',trails
611,611,611,200012290POR,43.7,19.8,1st quarter,8:32.0,Michael Dickerson,VAN,False,3-pointer,25,6-7,'POR',trails
612,612,612,200012290POR,21.7,5.7,1st quarter,7:55.0,Shareef Abdur-Rahim,VAN,True,2-pointer,2,8-9,'POR',trails
613,613,613,200012290POR,24.0,5.0,1st quarter,6:39.0,Michael Dickerson,VAN,True,2-pointer,0,10-11,'POR',trails
614,614,614,200012290POR,12.5,12.2,1st quarter,6:09.0,Mike Bibby,VAN,False,2-pointer,14,10-11,'POR',trails
615,615,615,200012290POR,24.7,10.7,1st quarter,5:46.0,Othella Harrington,VAN,True,2-pointer,6,12-11,'POR',leads
616,616,616,200012290POR,24.0,5.0,1st quarter,4:24.0,Michael Dickerson,VAN,True,2-pointer,0,15-11,'POR',leads
617,617,617,200012290POR,21.1,4.8,1st quarter,3:47.0,Shareef Abdur-Rahim,VAN,True,2-pointer,3,17-13,'POR',leads
618,618,618,200012290POR,14.6,19.8,1st quarter,3:11.0,Michael Dickerson,VAN,False,2-pointer,18,17-15,'POR',leads
619,619,619,200012290POR,16.1,24.8,1st quarter,2:50.0,Shareef Abdur-Rahim,VAN,False,2-pointer,21,17-15,'POR',leads
620,620,620,200012290POR,25.6,11.1,1st quarter,0:17.9,Bryant Reeves,VAN,True,2-pointer,6,21-21,'POR',tied
621,621,621,200012290POR,8.3,13.5,2nd quarter,11:47.0,Michael Dickerson,VAN,True,2-pointer,18,23-21,'POR',leads
622,622,622,200012290POR,5.9,6.5,2nd quarter,10:50.0,Shareef Abdur-Rahim,VAN,True,2-pointer,18,25-24,'POR',leads
623,623,623,200012290POR,38.6,19.8,2nd quarter,10:14.0,Shareef Abdur-Rahim,VAN,True,2-pointer,21,27-26,'POR',leads
624,624,624,200012290POR,24.1,12.2,2nd quarter,9:47.0,Bryant Reeves,VAN,False,2-pointer,7,27-28,'POR',trails
625,625,625,200012290POR,41.6,5.4,2nd quarter,8:41.0,Damon Jones,VAN,False,2-pointer,18,27-30,'POR',trails
626,626,626,200012290POR,11.8,27.6,2nd quarter,8:12.0,Damon Jones,VAN,False,3-pointer,26,27-30,'POR',trails
627,627,627,200012290POR,12.5,20.2,2nd quarter,7:41.0,Kevin Edwards,VAN,False,2-pointer,19,27-32,'POR',trails
628,628,628,200012290POR,21.3,29.9,2nd quarter,7:05.0,Shareef Abdur-Rahim,VAN,False,3-pointer,25,27-32,'POR',trails
629,629,629,200012290POR,24.0,5.0,2nd quarter,6:31.0,Stromile Swift,VAN,True,2-pointer,0,29-34,'POR',trails
630,630,630,200012290POR,24.0,5.0,2nd quarter,6:12.0,Kevin Edwards,VAN,False,2-pointer,0,29-34,'POR',trails
631,631,631,200012290POR,40.7,14.1,2nd quarter,6:04.0,Shareef Abdur-Rahim,VAN,True,2-pointer,19,31-34,'POR',trails
632,632,632,200012290POR,43.7,8.4,2nd quarter,5:02.0,Kevin Edwards,VAN,False,2-pointer,20,31-38,'POR',trails
633,633,633,200012290POR,24.1,10.1,2nd quarter,4:12.0,Othella Harrington,VAN,False,2-pointer,5,31-38,'POR',trails
634,634,634,200012290POR,13.9,19.8,2nd quarter,3:33.0,Michael Dickerson,VAN,False,2-pointer,18,31-40,'POR',trails
635,635,635,200012290POR,10.4,14.1,2nd quarter,2:47.0,Bryant Reeves,VAN,True,2-pointer,16,33-42,'POR',trails
636,636,636,200012290POR,23.6,7.8,2nd quarter,2:04.0,Shareef Abdur-Rahim,VAN,True,2-pointer,3,35-42,'POR',trails
637,637,637,200012290POR,6.8,11.1,2nd quarter,1:32.0,Shareef Abdur-Rahim,VAN,True,2-pointer,18,37-43,'POR',trails
638,638,638,200012290POR,18.4,22.5,2nd quarter,0:51.4,Isaac Austin,VAN,False,2-pointer,18,37-43,'POR',trails
639,639,639,200012290POR,29.8,19.1,2nd quarter,0:29.3,Mike Bibby,VAN,False,2-pointer,15,37-44,'POR',trails
640,640,640,200012290POR,47.5,1.6,2nd quarter,0:00.5,Isaac Austin,VAN,False,3-pointer,24,37-46,'POR',trails
641,641,641,200012290POR,32.7,3.9,3rd quarter,11:47.0,Mike Bibby,VAN,False,2-pointer,9,37-46,'POR',trails
642,642,642,200012290POR,19.8,14.7,3rd quarter,11:26.0,Othella Harrington,VAN,True,2-pointer,11,39-48,'POR',trails
643,643,643,200012290POR,40.1,3.5,3rd quarter,10:19.0,Mike Bibby,VAN,False,2-pointer,16,39-53,'POR',trails
644,644,644,200012290POR,16.1,9.0,3rd quarter,9:24.0,Othella Harrington,VAN,False,2-pointer,9,39-56,'POR',trails
645,645,645,200012290POR,27.0,23.6,3rd quarter,8:43.0,Mike Bibby,VAN,True,2-pointer,19,41-58,'POR',trails
646,646,646,200012290POR,23.6,21.5,3rd quarter,8:10.0,Isaac Austin,VAN,True,2-pointer,17,43-60,'POR',trails
647,647,647,200012290POR,41.6,3.9,3rd quarter,7:44.0,Isaac Austin,VAN,True,2-pointer,18,45-60,'POR',trails
648,648,648,200012290POR,34.8,21.5,3rd quarter,6:52.0,Isaac Austin,VAN,False,2-pointer,20,45-64,'POR',trails
649,649,649,200012290POR,16.9,5.0,3rd quarter,6:24.0,Shareef Abdur-Rahim,VAN,False,2-pointer,7,45-64,'POR',trails
650,650,650,200012290POR,13.9,21.5,3rd quarter,5:34.0,Shareef Abdur-Rahim,VAN,True,2-pointer,19,49-66,'POR',trails
651,651,651,200012290POR,24.0,5.0,3rd quarter,5:04.0,Shareef Abdur-Rahim,VAN,True,2-pointer,0,51-68,'POR',trails
652,652,652,200012290POR,23.6,10.7,3rd quarter,4:32.0,Othella Harrington,VAN,False,2-pointer,6,51-68,'POR',trails
653,653,653,200012290POR,24.0,5.0,3rd quarter,3:22.0,Shareef Abdur-Rahim,VAN,True,2-pointer,0,55-70,'POR',trails
654,654,654,200012290POR,24.0,5.0,3rd quarter,3:00.0,Michael Dickerson,VAN,False,2-pointer,0,55-70,'POR',trails
655,655,655,200012290POR,24.0,5.0,3rd quarter,2:45.0,Shareef Abdur-Rahim,VAN,True,2-pointer,0,57-70,'POR',trails
656,656,656,200012290POR,5.9,23.6,3rd quarter,2:19.0,Michael Dickerson,VAN,False,3-pointer,26,57-73,'POR',trails
657,657,657,200012290POR,11.0,16.8,3rd quarter,1:37.0,Michael Dickerson,VAN,False,2-pointer,18,57-75,'POR',trails
658,658,658,200012290POR,24.1,23.1,3rd quarter,1:30.0,Bryant Reeves,VAN,True,2-pointer,18,59-75,'POR',trails
659,659,659,200012290POR,32.7,8.4,3rd quarter,0:53.0,Michael Dickerson,VAN,False,2-pointer,9,59-75,'POR',trails
660,660,660,200012290POR,40.1,19.8,3rd quarter,0:18.6,Michael Dickerson,VAN,False,2-pointer,22,59-77,'POR',trails
661,661,661,200012290POR,24.0,5.0,4th quarter,10:57.0,Michael Dickerson,VAN,True,2-pointer,0,62-81,'POR',trails
662,662,662,200012290POR,13.9,24.2,4th quarter,10:24.0,Mike Bibby,VAN,True,2-pointer,22,64-83,'POR',trails
663,663,663,200012290POR,8.9,11.1,4th quarter,9:55.0,Bryant Reeves,VAN,False,2-pointer,16,64-85,'POR',trails
664,664,664,200012290POR,9.5,11.1,4th quarter,9:27.0,Mike Bibby,VAN,False,2-pointer,16,64-87,'POR',trails
665,665,665,200012290POR,24.1,15.8,4th quarter,8:28.0,Michael Dickerson,VAN,False,2-pointer,11,64-87,'POR',trails
666,666,666,200012290POR,26.2,29.9,4th quarter,7:51.0,Mike Bibby,VAN,True,3-pointer,25,67-89,'POR',trails
667,667,667,200012290POR,9.5,17.5,4th quarter,7:24.0,Michael Dickerson,VAN,True,2-pointer,19,69-89,'POR',trails
668,668,668,200012290POR,24.0,5.0,4th quarter,5:51.0,Stromile Swift,VAN,True,2-pointer,0,71-90,'POR',trails
669,669,669,200012290POR,32.1,15.1,4th quarter,5:25.0,Tony Massenburg,VAN,False,2-pointer,13,71-90,'POR',trails
670,670,670,200012290POR,24.0,5.0,4th quarter,4:20.0,Stromile Swift,VAN,True,2-pointer,0,73-92,'POR',trails
671,671,671,200012290POR,29.8,5.0,4th quarter,3:45.0,Stromile Swift,VAN,False,2-pointer,6,74-94,'POR',trails
672,672,672,200012290POR,24.0,5.0,4th quarter,3:40.0,Stromile Swift,VAN,False,2-pointer,0,74-94,'POR',trails
673,673,673,200012290POR,43.7,10.1,4th quarter,3:08.0,Kevin Edwards,VAN,True,2-pointer,20,76-94,'POR',trails
674,674,674,200012290POR,43.7,2.9,4th quarter,2:33.0,Kevin Edwards,VAN,False,2-pointer,20,76-96,'POR',trails
675,675,675,200012290POR,41.6,23.6,4th quarter,2:12.0,Damon Jones,VAN,False,3-pointer,26,76-96,'POR',trails
676,676,676,200012290POR,9.5,17.9,4th quarter,0:44.5,Stromile Swift,VAN,True,2-pointer,19,80-102,'POR',trails
677,677,677,200012290POR,24.0,5.0,1st quarter,11:14.0,Scottie Pippen,POR,False,2-pointer,0,0-0,'POR',tied
678,678,678,200012290POR,37.2,26.5,1st quarter,10:51.0,Damon Stoudamire,POR,False,3-pointer,25,0-2,'POR',trails
679,679,679,200012290POR,24.3,4.8,1st quarter,10:45.0,Dale Davis,POR,False,2-pointer,0,0-2,'POR',trails
680,680,680,200012290POR,24.0,5.0,1st quarter,10:37.0,Scottie Pippen,POR,True,2-pointer,0,2-2,'POR',tied
681,681,681,200012290POR,24.0,5.0,1st quarter,9:55.0,Rasheed Wallace,POR,True,2-pointer,0,5-4,'POR',leads
682,682,682,200012290POR,35.7,19.8,1st quarter,9:14.0,Scottie Pippen,POR,False,2-pointer,19,5-4,'POR',leads
683,683,683,200012290POR,24.0,5.0,1st quarter,9:10.0,Bonzi Wells,POR,True,2-pointer,0,7-4,'POR',leads
684,684,684,200012290POR,24.0,5.0,1st quarter,8:18.0,Scottie Pippen,POR,True,2-pointer,0,9-6,'POR',leads
685,685,685,200012290POR,39.3,8.4,1st quarter,7:46.0,Scottie Pippen,POR,False,2-pointer,16,9-8,'POR',leads
686,686,686,200012290POR,36.3,12.2,1st quarter,7:33.0,Rasheed Wallace,POR,False,2-pointer,14,9-8,'POR',leads
687,687,687,200012290POR,24.0,5.0,1st quarter,6:55.0,Damon Stoudamire,POR,False,2-pointer,0,9-8,'POR',leads
688,688,688,200012290POR,24.0,5.0,1st quarter,6:53.0,Bonzi Wells,POR,True,2-pointer,0,11-8,'POR',leads
689,689,689,200012290POR,18.4,21.9,1st quarter,5:58.0,Damon Stoudamire,POR,False,2-pointer,18,11-10,'POR',leads
690,690,690,200012290POR,29.8,8.4,1st quarter,5:22.0,Bonzi Wells,POR,False,2-pointer,7,11-12,'POR',trails
691,691,691,200012290POR,38.6,5.0,1st quarter,4:30.0,Damon Stoudamire,POR,False,2-pointer,15,11-13,'POR',trails
692,692,692,200012290POR,21.7,5.0,1st quarter,4:01.0,Rasheed Wallace,POR,True,2-pointer,2,13-15,'POR',trails
693,693,693,200012290POR,24.0,5.0,1st quarter,3:30.0,Rasheed Wallace,POR,True,2-pointer,0,15-17,'POR',trails
694,694,694,200012290POR,30.6,5.0,1st quarter,2:38.0,Dale Davis,POR,True,2-pointer,7,17-17,'POR',tied
695,695,695,200012290POR,18.2,21.0,1st quarter,2:08.0,Dale Davis,POR,True,2-pointer,17,19-17,'POR',leads
696,696,696,200012290POR,32.1,5.0,1st quarter,1:32.0,Scottie Pippen,POR,False,2-pointer,8,19-17,'POR',leads
697,697,697,200012290POR,24.0,5.0,1st quarter,1:08.0,Bonzi Wells,POR,True,2-pointer,0,21-17,'POR',leads
698,698,698,200012290POR,31.3,17.9,1st quarter,0:32.8,Arvydas Sabonis,POR,False,2-pointer,15,21-19,'POR',leads
699,699,699,200012290POR,19.8,10.1,1st quarter,0:01.4,Arvydas Sabonis,POR,False,2-pointer,7,21-21,'POR',tied
700,700,700,200012290POR,29.6,4.8,1st quarter,0:00.5,Bonzi Wells,POR,False,2-pointer,6,21-21,'POR',tied
701,701,701,200012290POR,24.0,5.0,2nd quarter,11:32.0,Arvydas Sabonis,POR,True,2-pointer,0,23-23,'POR',tied
702,702,702,200012290POR,24.0,5.0,2nd quarter,10:29.0,Arvydas Sabonis,POR,True,2-pointer,0,26-25,'POR',leads
703,703,703,200012290POR,47.5,2.9,2nd quarter,9:39.0,Rasheed Wallace,POR,False,3-pointer,24,28-27,'POR',leads
704,704,704,200012290POR,8.3,17.5,2nd quarter,9:31.0,Greg Anthony,POR,False,2-pointer,20,28-27,'POR',leads
705,705,705,200012290POR,21.7,7.3,2nd quarter,9:26.0,Stacey Augmon,POR,True,2-pointer,3,30-27,'POR',leads
706,706,706,200012290POR,0.2,2.3,2nd quarter,8:57.0,Greg Anthony,POR,False,3-pointer,24,30-27,'POR',leads
707,707,707,200012290POR,30.8,5.0,2nd quarter,8:28.0,Rasheed Wallace,POR,False,2-pointer,7,30-27,'POR',leads
708,708,708,200012290POR,13.3,20.8,2nd quarter,7:59.0,Shawn Kemp,POR,True,2-pointer,19,32-27,'POR',leads
709,709,709,200012290POR,17.5,5.0,2nd quarter,7:27.0,Stacey Augmon,POR,False,2-pointer,7,32-27,'POR',leads
710,710,710,200012290POR,24.0,5.0,2nd quarter,6:43.0,Arvydas Sabonis,POR,True,2-pointer,0,34-27,'POR',leads
711,711,711,200012290POR,24.0,5.0,2nd quarter,5:44.0,Shawn Kemp,POR,True,2-pointer,0,36-31,'POR',leads
712,712,712,200012290POR,24.0,5.0,2nd quarter,5:22.0,Arvydas Sabonis,POR,True,2-pointer,0,38-31,'POR',leads
713,713,713,200012290POR,8.3,10.1,2nd quarter,4:33.0,Greg Anthony,POR,False,2-pointer,17,38-31,'POR',leads
714,714,714,200012290POR,24.0,5.0,2nd quarter,4:03.0,Rasheed Wallace,POR,True,2-pointer,0,40-31,'POR',leads
715,715,715,200012290POR,9.5,21.5,2nd quarter,3:25.0,Shawn Kemp,POR,True,2-pointer,22,42-31,'POR',leads
716,716,716,200012290POR,32.1,8.4,2nd quarter,3:03.0,Greg Anthony,POR,False,2-pointer,9,42-31,'POR',leads
717,717,717,200012290POR,31.3,5.4,2nd quarter,1:40.0,Rasheed Wallace,POR,False,2-pointer,7,43-35,'POR',leads
718,718,718,200012290POR,28.5,22.5,2nd quarter,1:08.0,Shawn Kemp,POR,False,2-pointer,18,43-37,'POR',leads
719,719,719,200012290POR,37.8,13.5,2nd quarter,0:04.5,Stacey Augmon,POR,True,2-pointer,16,46-37,'POR',leads
720,720,720,200012290POR,23.6,30.5,3rd quarter,11:09.0,Damon Stoudamire,POR,True,3-pointer,26,51-39,'POR',leads
721,721,721,200012290POR,18.2,5.7,3rd quarter,10:44.0,Rasheed Wallace,POR,True,2-pointer,6,53-39,'POR',leads
722,722,722,200012290POR,31.3,8.4,3rd quarter,9:48.0,Damon Stoudamire,POR,False,2-pointer,8,53-39,'POR',leads
723,723,723,200012290POR,29.1,29.3,3rd quarter,9:43.0,Scottie Pippen,POR,True,3-pointer,25,56-39,'POR',leads
724,724,724,200012290POR,24.0,5.0,3rd quarter,9:06.0,Dale Davis,POR,True,2-pointer,0,58-39,'POR',leads
725,725,725,200012290POR,24.0,5.0,3rd quarter,8:28.0,Damon Stoudamire,POR,True,2-pointer,0,60-41,'POR',leads
726,726,726,200012290POR,24.0,5.0,3rd quarter,7:32.0,Rasheed Wallace,POR,True,2-pointer,0,62-45,'POR',leads
727,727,727,200012290POR,24.0,5.0,3rd quarter,7:08.0,Dale Davis,POR,True,2-pointer,0,64-45,'POR',leads
728,728,728,200012290POR,16.1,28.2,3rd quarter,7:03.0,Damon Stoudamire,POR,False,3-pointer,25,64-45,'POR',leads
729,729,729,200012290POR,16.1,21.9,3rd quarter,6:12.0,Scottie Pippen,POR,False,2-pointer,19,64-45,'POR',leads
730,730,730,200012290POR,39.3,17.5,3rd quarter,5:55.0,Bonzi Wells,POR,True,2-pointer,20,66-47,'POR',leads
731,731,731,200012290POR,8.3,7.8,3rd quarter,5:13.0,Bonzi Wells,POR,True,2-pointer,16,68-49,'POR',leads
732,732,732,200012290POR,46.6,1.2,3rd quarter,4:45.0,Bonzi Wells,POR,False,3-pointer,23,68-51,'POR',leads
733,733,733,200012290POR,11.0,6.1,3rd quarter,4:10.0,Dale Davis,POR,False,2-pointer,13,68-51,'POR',leads
734,734,734,200012290POR,24.0,5.0,3rd quarter,4:09.0,Scottie Pippen,POR,True,2-pointer,0,70-51,'POR',leads
735,735,735,200012290POR,14.6,28.8,3rd quarter,2:51.0,Scottie Pippen,POR,False,3-pointer,26,70-55,'POR',leads
736,736,736,200012290POR,27.9,4.7,3rd quarter,2:32.0,Arvydas Sabonis,POR,True,2-pointer,4,73-57,'POR',leads
737,737,737,200012290POR,24.0,5.0,3rd quarter,2:06.0,Bonzi Wells,POR,True,2-pointer,0,75-57,'POR',leads
738,738,738,200012290POR,23.6,24.2,3rd quarter,1:03.0,Scottie Pippen,POR,False,2-pointer,19,75-59,'POR',leads
739,739,739,200012290POR,39.3,18.5,3rd quarter,0:36.5,Rasheed Wallace,POR,True,2-pointer,20,77-59,'POR',leads
740,740,740,200012290POR,22.2,27.2,3rd quarter,0:02.5,Arvydas Sabonis,POR,True,2-pointer,22,79-59,'POR',leads
741,741,741,200012290POR,24.0,5.0,4th quarter,11:18.0,Damon Stoudamire,POR,True,2-pointer,0,81-60,'POR',leads
742,742,742,200012290POR,19.2,5.4,4th quarter,10:34.0,Arvydas Sabonis,POR,True,2-pointer,5,83-62,'POR',leads
743,743,743,200012290POR,24.0,5.0,4th quarter,10:08.0,Scottie Pippen,POR,True,2-pointer,0,85-64,'POR',leads
744,744,744,200012290POR,24.0,5.0,4th quarter,9:40.0,Arvydas Sabonis,POR,True,2-pointer,0,87-64,'POR',leads
745,745,745,200012290POR,8.3,13.5,4th quarter,9:18.0,Damon Stoudamire,POR,False,2-pointer,18,87-64,'POR',leads
746,746,746,200012290POR,44.5,2.9,4th quarter,8:54.0,Shawn Kemp,POR,False,2-pointer,21,87-64,'POR',leads
747,747,747,200012290POR,46.6,0.6,4th quarter,8:48.0,Shawn Kemp,POR,False,3-pointer,23,87-64,'POR',leads
748,748,748,200012290POR,22.4,8.4,4th quarter,8:42.0,Arvydas Sabonis,POR,False,2-pointer,4,87-64,'POR',leads
749,749,749,200012290POR,29.8,5.0,4th quarter,8:16.0,Arvydas Sabonis,POR,True,2-pointer,6,89-64,'POR',leads
750,750,750,200012290POR,43.7,19.8,4th quarter,7:03.0,Shawn Kemp,POR,False,3-pointer,25,89-69,'POR',leads
751,751,751,200012290POR,13.9,5.0,4th quarter,5:59.0,Rasheed Wallace,POR,False,2-pointer,10,90-69,'POR',leads
752,752,752,200012290POR,24.0,5.0,4th quarter,4:41.0,Stacey Augmon,POR,True,2-pointer,0,92-71,'POR',leads
753,753,753,200012290POR,16.1,23.6,4th quarter,4:05.0,Gary Grant,POR,True,2-pointer,20,94-74,'POR',leads
754,754,754,200012290POR,5.3,5.0,4th quarter,2:47.0,Bonzi Wells,POR,True,2-pointer,19,96-76,'POR',leads
755,755,755,200012290POR,24.0,5.0,4th quarter,2:20.0,Stacey Augmon,POR,False,2-pointer,0,96-76,'POR',leads
756,756,756,200012290POR,30.6,9.5,4th quarter,1:50.0,Shawn Kemp,POR,True,2-pointer,8,98-76,'POR',leads
757,757,757,200012290POR,24.0,5.0,4th quarter,1:22.0,Stacey Augmon,POR,False,2-pointer,0,98-76,'POR',leads
758,758,758,200012290POR,24.0,5.0,4th quarter,1:19.0,Will Perdue,POR,True,2-pointer,0,100-76,'POR',leads
759,759,759,200012290POR,10.4,16.8,4th quarter,0:54.8,Gary Grant,POR,True,2-pointer,18,102-78,'POR',leads
760,760,760,200012290POR,10.4,15.1,4th quarter,0:27.3,Stacey Augmon,POR,True,2-pointer,17,104-80,'POR',leads
