,Unnamed: 0.1,Unnamed: 0,match_id,shotX,shotY,quarter,time_remaining,player,team,made,shot_type,distance,score,opp,status
0,0,0,200012040DEN,25.8,10.1,1st quarter,11:18.0,Theo Ratliff,PHI,True,2-pointer,5,2-2,'DEN',tied
1,1,1,200012040DEN,24.0,5.0,1st quarter,10:31.0,George Lynch,PHI,False,2-pointer,0,2-4,'DEN',trails
2,2,2,200012040DEN,24.0,5.0,1st quarter,10:07.0,George Lynch,PHI,False,2-pointer,0,2-6,'DEN',trails
3,3,3,200012040DEN,24.0,5.0,1st quarter,10:06.0,George Lynch,PHI,True,2-pointer,0,4-6,'DEN',trails
4,4,4,200012040DEN,42.4,16.2,1st quarter,9:44.0,Allen Iverson,PHI,True,2-pointer,22,6-6,'DEN',tied
5,5,5,200012040DEN,24.0,5.0,1st quarter,9:01.0,Theo Ratliff,PHI,False,2-pointer,0,6-8,'DEN',trails
6,6,6,200012040DEN,41.8,5.0,1st quarter,8:51.0,Theo Ratliff,PHI,True,2-pointer,18,8-8,'DEN',tied
7,7,7,200012040DEN,24.0,5.0,1st quarter,8:19.0,Allen Iverson,PHI,True,2-pointer,0,10-10,'DEN',tied
8,8,8,200012040DEN,40.9,6.5,1st quarter,7:56.0,George Lynch,PHI,False,2-pointer,17,10-10,'DEN',tied
9,9,9,200012040DEN,24.0,5.0,1st quarter,7:44.0,George Lynch,PHI,True,2-pointer,0,12-10,'DEN',leads
10,10,10,200012040DEN,0.0,6.5,1st quarter,7:06.0,Toni Kukoč,PHI,True,3-pointer,24,15-12,'DEN',leads
11,11,11,200012040DEN,40.3,7.8,1st quarter,6:23.0,Allen Iverson,PHI,False,2-pointer,17,15-12,'DEN',leads
12,12,12,200012040DEN,30.2,5.4,1st quarter,6:10.0,George Lynch,PHI,False,2-pointer,6,15-12,'DEN',leads
13,13,13,200012040DEN,6.4,4.6,1st quarter,5:52.0,Allen Iverson,PHI,False,2-pointer,18,15-13,'DEN',leads
14,14,14,200012040DEN,40.9,23.6,1st quarter,5:14.0,Toni Kukoč,PHI,False,3-pointer,25,15-15,'DEN',tied
15,15,15,200012040DEN,11.8,11.9,1st quarter,5:08.0,Toni Kukoč,PHI,False,2-pointer,14,15-15,'DEN',tied
16,16,16,200012040DEN,27.2,11.1,1st quarter,3:54.0,Theo Ratliff,PHI,True,2-pointer,7,17-17,'DEN',tied
17,17,17,200012040DEN,7.2,5.4,1st quarter,3:25.0,Allen Iverson,PHI,True,2-pointer,17,19-19,'DEN',tied
18,18,18,200012040DEN,40.3,5.0,1st quarter,3:05.0,Allen Iverson,PHI,True,2-pointer,16,21-19,'DEN',leads
19,19,19,200012040DEN,3.6,18.5,1st quarter,2:31.0,Allen Iverson,PHI,False,3-pointer,24,21-21,'DEN',tied
20,20,20,200012040DEN,24.0,5.0,1st quarter,2:13.0,Allen Iverson,PHI,False,2-pointer,0,21-21,'DEN',tied
21,21,21,200012040DEN,24.0,5.0,1st quarter,2:10.0,Toni Kukoč,PHI,True,2-pointer,0,23-21,'DEN',leads
22,22,22,200012040DEN,41.8,5.4,1st quarter,1:18.0,Aaron McKie,PHI,False,2-pointer,18,25-23,'DEN',leads
23,23,23,200012040DEN,43.3,15.8,1st quarter,0:28.4,Allen Iverson,PHI,True,2-pointer,22,29-25,'DEN',leads
24,24,24,200012040DEN,13.1,20.2,1st quarter,0:00.3,Allen Iverson,PHI,True,2-pointer,19,31-25,'DEN',leads
25,25,25,200012040DEN,23.9,12.8,2nd quarter,11:44.0,Eric Snow,PHI,False,2-pointer,8,31-25,'DEN',leads
26,26,26,200012040DEN,17.3,6.1,2nd quarter,11:14.0,Matt Geiger,PHI,False,2-pointer,7,31-26,'DEN',leads
27,27,27,200012040DEN,24.3,13.5,2nd quarter,10:49.0,Allen Iverson,PHI,True,2-pointer,9,33-26,'DEN',leads
28,28,28,200012040DEN,38.8,19.1,2nd quarter,8:42.0,Toni Kukoč,PHI,True,2-pointer,20,37-30,'DEN',leads
29,29,29,200012040DEN,24.0,5.0,2nd quarter,8:01.0,Theo Ratliff,PHI,True,2-pointer,0,39-32,'DEN',leads
30,30,30,200012040DEN,34.6,11.1,2nd quarter,6:08.0,Toni Kukoč,PHI,False,2-pointer,12,39-36,'DEN',leads
31,31,31,200012040DEN,24.0,5.0,2nd quarter,6:05.0,Matt Geiger,PHI,False,2-pointer,0,39-36,'DEN',leads
32,32,32,200012040DEN,40.3,6.1,2nd quarter,5:20.0,Allen Iverson,PHI,True,2-pointer,16,43-38,'DEN',leads
33,33,33,200012040DEN,27.9,21.5,2nd quarter,4:48.0,Eric Snow,PHI,False,2-pointer,17,43-40,'DEN',leads
34,34,34,200012040DEN,24.0,5.0,2nd quarter,4:36.0,Matt Geiger,PHI,True,2-pointer,0,45-42,'DEN',leads
35,35,35,200012040DEN,24.0,5.0,2nd quarter,3:06.0,Todd MacCulloch,PHI,True,2-pointer,0,48-44,'DEN',leads
36,36,36,200012040DEN,10.2,19.8,2nd quarter,2:30.0,Toni Kukoč,PHI,False,2-pointer,20,48-46,'DEN',leads
37,37,37,200012040DEN,32.5,29.3,2nd quarter,2:24.0,Eric Snow,PHI,True,3-pointer,26,51-46,'DEN',leads
38,38,38,200012040DEN,46.8,5.4,2nd quarter,1:49.0,Aaron McKie,PHI,False,3-pointer,23,51-48,'DEN',leads
39,39,39,200012040DEN,24.0,5.0,2nd quarter,1:34.0,Todd MacCulloch,PHI,True,2-pointer,0,53-50,'DEN',leads
40,40,40,200012040DEN,7.2,4.6,2nd quarter,1:15.0,Allen Iverson,PHI,False,2-pointer,17,53-50,'DEN',leads
41,41,41,200012040DEN,36.7,20.8,3rd quarter,11:34.0,Toni Kukoč,PHI,False,2-pointer,20,54-54,'DEN',tied
42,42,42,200012040DEN,15.8,5.4,3rd quarter,10:56.0,Toni Kukoč,PHI,False,2-pointer,8,54-56,'DEN',trails
43,43,43,200012040DEN,24.3,13.5,3rd quarter,10:39.0,Theo Ratliff,PHI,True,2-pointer,9,56-56,'DEN',tied
44,44,44,200012040DEN,25.1,30.5,3rd quarter,9:00.0,Toni Kukoč,PHI,True,3-pointer,26,61-62,'DEN',trails
45,45,45,200012040DEN,23.9,18.5,3rd quarter,8:14.0,Matt Geiger,PHI,False,2-pointer,14,61-64,'DEN',trails
46,46,46,200012040DEN,27.2,14.1,3rd quarter,7:34.0,Theo Ratliff,PHI,False,2-pointer,10,61-64,'DEN',trails
47,47,47,200012040DEN,17.3,29.9,3rd quarter,6:49.0,Allen Iverson,PHI,False,3-pointer,26,61-67,'DEN',trails
48,48,48,200012040DEN,24.0,5.0,3rd quarter,6:25.0,Allen Iverson,PHI,False,2-pointer,0,61-67,'DEN',trails
49,49,49,200012040DEN,24.0,5.0,3rd quarter,6:23.0,Todd MacCulloch,PHI,True,2-pointer,0,63-67,'DEN',trails
50,50,50,200012040DEN,18.8,20.2,3rd quarter,6:04.0,Eric Snow,PHI,False,2-pointer,16,63-67,'DEN',trails
51,51,51,200012040DEN,38.8,12.8,3rd quarter,5:02.0,Eric Snow,PHI,False,2-pointer,17,64-70,'DEN',trails
52,52,52,200012040DEN,14.6,4.6,3rd quarter,4:32.0,Toni Kukoč,PHI,False,2-pointer,9,64-72,'DEN',trails
53,53,53,200012040DEN,6.4,23.6,3rd quarter,3:10.0,Vernon Maxwell,PHI,True,3-pointer,26,70-75,'DEN',trails
54,54,54,200012040DEN,0.0,5.0,3rd quarter,2:38.0,Vernon Maxwell,PHI,False,3-pointer,24,70-75,'DEN',trails
55,55,55,200012040DEN,20.3,10.7,3rd quarter,1:40.0,Vernon Maxwell,PHI,False,2-pointer,7,72-79,'DEN',trails
56,56,56,200012040DEN,46.8,8.4,3rd quarter,0:04.9,Aaron McKie,PHI,True,3-pointer,23,78-85,'DEN',trails
57,57,57,200012040DEN,24.0,5.0,4th quarter,11:24.0,Theo Ratliff,PHI,True,2-pointer,0,80-87,'DEN',trails
58,58,58,200012040DEN,47.5,4.6,4th quarter,11:13.0,Aaron McKie,PHI,False,3-pointer,24,80-87,'DEN',trails
59,59,59,200012040DEN,24.3,17.5,4th quarter,10:46.0,Theo Ratliff,PHI,False,2-pointer,13,80-87,'DEN',trails
60,60,60,200012040DEN,40.3,15.1,4th quarter,10:21.0,Allen Iverson,PHI,False,2-pointer,19,80-87,'DEN',trails
61,61,61,200012040DEN,5.7,5.0,4th quarter,9:45.0,Theo Ratliff,PHI,False,2-pointer,18,80-89,'DEN',trails
62,62,62,200012040DEN,18.2,9.5,4th quarter,9:24.0,Allen Iverson,PHI,True,2-pointer,7,82-89,'DEN',trails
63,63,63,200012040DEN,24.0,5.0,4th quarter,8:47.0,Allen Iverson,PHI,False,2-pointer,0,82-91,'DEN',trails
64,64,64,200012040DEN,25.1,10.7,4th quarter,8:32.0,Allen Iverson,PHI,False,2-pointer,6,82-91,'DEN',trails
65,65,65,200012040DEN,25.1,11.1,4th quarter,8:29.0,Todd MacCulloch,PHI,False,2-pointer,6,82-91,'DEN',trails
66,66,66,200012040DEN,24.0,5.0,4th quarter,7:28.0,Allen Iverson,PHI,False,2-pointer,0,82-93,'DEN',trails
67,67,67,200012040DEN,18.2,12.8,4th quarter,6:58.0,Eric Snow,PHI,True,2-pointer,10,84-93,'DEN',trails
68,68,68,200012040DEN,18.2,5.4,4th quarter,6:14.0,Allen Iverson,PHI,False,2-pointer,6,84-95,'DEN',trails
69,69,69,200012040DEN,31.0,13.5,4th quarter,6:10.0,Theo Ratliff,PHI,False,2-pointer,11,84-95,'DEN',trails
70,70,70,200012040DEN,31.7,5.4,4th quarter,5:49.0,George Lynch,PHI,True,2-pointer,8,86-95,'DEN',trails
71,71,71,200012040DEN,23.9,9.5,4th quarter,5:43.0,Allen Iverson,PHI,False,2-pointer,5,86-95,'DEN',trails
72,72,72,200012040DEN,24.0,5.0,4th quarter,5:39.0,Theo Ratliff,PHI,False,2-pointer,0,86-95,'DEN',trails
73,73,73,200012040DEN,0.7,5.4,4th quarter,3:02.0,Jumaine Jones,PHI,False,3-pointer,23,90-99,'DEN',trails
74,74,74,200012040DEN,24.0,5.0,4th quarter,2:32.0,Allen Iverson,PHI,True,2-pointer,0,92-99,'DEN',trails
75,75,75,200012040DEN,24.0,5.0,4th quarter,2:05.0,George Lynch,PHI,True,2-pointer,0,97-99,'DEN',trails
76,76,76,200012040DEN,30.2,6.5,4th quarter,1:21.0,Allen Iverson,PHI,False,2-pointer,6,98-99,'DEN',trails
77,77,77,200012040DEN,24.3,30.9,4th quarter,0:54.9,George Lynch,PHI,False,3-pointer,26,98-101,'DEN',trails
78,78,78,200012040DEN,2.8,8.4,4th quarter,0:18.9,Aaron McKie,PHI,False,2-pointer,21,98-101,'DEN',trails
79,79,79,200012040DEN,40.3,24.2,4th quarter,0:05.9,Eric Snow,PHI,False,3-pointer,25,98-103,'DEN',trails
80,80,80,200012040DEN,27.9,7.8,1st quarter,11:37.0,Nick Van,DEN,False,2-pointer,5,0-0,'DEN',tied
81,81,81,200012040DEN,24.0,5.0,1st quarter,11:33.0,Raef LaFrentz,DEN,True,2-pointer,0,2-0,'DEN',leads
82,82,82,200012040DEN,7.2,7.8,1st quarter,10:50.0,Antonio McDyess,DEN,True,2-pointer,17,4-2,'DEN',leads
83,83,83,200012040DEN,24.0,5.0,1st quarter,10:25.0,James Posey,DEN,True,2-pointer,0,6-2,'DEN',leads
84,84,84,200012040DEN,24.0,5.0,1st quarter,9:52.0,Nick Van,DEN,False,2-pointer,0,6-4,'DEN',leads
85,85,85,200012040DEN,7.2,5.4,1st quarter,9:20.0,Antonio McDyess,DEN,True,2-pointer,17,8-6,'DEN',leads
86,86,86,200012040DEN,19.4,7.1,1st quarter,8:42.0,Raef LaFrentz,DEN,False,2-pointer,5,8-8,'DEN',tied
87,87,87,200012040DEN,43.3,5.0,1st quarter,8:38.0,Voshon Lenard,DEN,True,2-pointer,19,10-8,'DEN',leads
88,88,88,200012040DEN,34.6,20.2,1st quarter,7:22.0,Voshon Lenard,DEN,True,2-pointer,19,12-12,'DEN',tied
89,89,89,200012040DEN,6.4,5.0,1st quarter,6:57.0,Antonio McDyess,DEN,False,2-pointer,18,12-15,'DEN',trails
90,90,90,200012040DEN,40.9,9.0,1st quarter,6:51.0,Voshon Lenard,DEN,False,2-pointer,17,12-15,'DEN',trails
91,91,91,200012040DEN,6.4,9.5,1st quarter,6:35.0,Antonio McDyess,DEN,False,2-pointer,18,12-15,'DEN',trails
92,92,92,200012040DEN,17.3,6.1,1st quarter,5:42.0,Raef LaFrentz,DEN,False,2-pointer,7,13-15,'DEN',trails
93,93,93,200012040DEN,24.0,5.0,1st quarter,5:39.0,Antonio McDyess,DEN,True,2-pointer,0,15-15,'DEN',tied
94,94,94,200012040DEN,25.1,12.8,1st quarter,4:55.0,James Posey,DEN,False,2-pointer,8,15-15,'DEN',tied
95,95,95,200012040DEN,38.8,12.2,1st quarter,4:17.0,Voshon Lenard,DEN,True,2-pointer,16,17-15,'DEN',leads
96,96,96,200012040DEN,24.0,5.0,1st quarter,3:42.0,Antonio McDyess,DEN,True,2-pointer,0,19-17,'DEN',leads
97,97,97,200012040DEN,10.2,11.1,1st quarter,3:16.0,Antonio McDyess,DEN,False,2-pointer,15,19-19,'DEN',tied
98,98,98,200012040DEN,40.9,12.2,1st quarter,2:55.0,James Posey,DEN,False,2-pointer,18,19-21,'DEN',trails
99,99,99,200012040DEN,24.0,5.0,1st quarter,2:47.0,Raef LaFrentz,DEN,True,2-pointer,0,21-21,'DEN',tied
100,100,100,200012040DEN,46.8,4.6,1st quarter,2:21.0,Voshon Lenard,DEN,False,3-pointer,23,21-21,'DEN',tied
101,101,101,200012040DEN,39.7,13.5,1st quarter,1:26.0,Voshon Lenard,DEN,False,2-pointer,18,23-25,'DEN',trails
102,102,102,200012040DEN,40.9,6.5,1st quarter,1:05.0,George McCloud,DEN,False,2-pointer,17,23-25,'DEN',trails
103,103,103,200012040DEN,18.2,9.0,1st quarter,0:42.9,Keon Clark,DEN,True,2-pointer,7,25-27,'DEN',trails
104,104,104,200012040DEN,24.3,15.8,1st quarter,0:19.9,Keon Clark,DEN,False,2-pointer,11,25-29,'DEN',trails
105,105,105,200012040DEN,38.2,6.5,2nd quarter,11:06.0,Robert Pack,DEN,False,2-pointer,14,26-31,'DEN',trails
106,106,106,200012040DEN,38.8,15.1,2nd quarter,10:24.0,Keon Clark,DEN,True,2-pointer,18,28-33,'DEN',trails
107,107,107,200012040DEN,14.6,9.0,2nd quarter,9:49.0,George McCloud,DEN,False,2-pointer,10,28-33,'DEN',trails
108,108,108,200012040DEN,24.0,5.0,2nd quarter,8:27.0,Robert Pack,DEN,False,2-pointer,0,30-37,'DEN',trails
109,109,109,200012040DEN,24.0,5.0,2nd quarter,8:25.0,Raef LaFrentz,DEN,True,2-pointer,0,32-37,'DEN',trails
110,110,110,200012040DEN,27.2,9.0,2nd quarter,7:40.0,Keon Clark,DEN,True,2-pointer,5,34-39,'DEN',trails
111,111,111,200012040DEN,24.0,5.0,2nd quarter,6:49.0,Keon Clark,DEN,False,2-pointer,0,34-39,'DEN',trails
112,112,112,200012040DEN,2.8,16.2,2nd quarter,6:30.0,George McCloud,DEN,False,3-pointer,24,34-39,'DEN',trails
113,113,113,200012040DEN,24.0,5.0,2nd quarter,6:24.0,Keon Clark,DEN,False,2-pointer,0,34-39,'DEN',trails
114,114,114,200012040DEN,24.0,5.0,2nd quarter,6:22.0,Raef LaFrentz,DEN,True,2-pointer,0,36-39,'DEN',trails
115,115,115,200012040DEN,24.0,5.0,2nd quarter,6:00.0,Raef LaFrentz,DEN,True,2-pointer,0,38-39,'DEN',trails
116,116,116,200012040DEN,43.3,13.5,2nd quarter,4:20.0,Raef LaFrentz,DEN,True,2-pointer,21,44-45,'DEN',trails
117,117,117,200012040DEN,24.0,5.0,2nd quarter,3:47.0,Raef LaFrentz,DEN,False,2-pointer,0,44-46,'DEN',trails
118,118,118,200012040DEN,7.2,3.9,2nd quarter,3:17.0,Antonio McDyess,DEN,False,2-pointer,17,44-46,'DEN',trails
119,119,119,200012040DEN,42.4,19.1,2nd quarter,2:50.0,Raef LaFrentz,DEN,True,2-pointer,23,46-48,'DEN',trails
120,120,120,200012040DEN,3.6,20.8,2nd quarter,1:27.0,Voshon Lenard,DEN,False,3-pointer,26,50-53,'DEN',trails
121,121,121,200012040DEN,42.4,21.5,2nd quarter,1:06.0,Nick Van,DEN,True,3-pointer,25,53-53,'DEN',tied
122,122,122,200012040DEN,42.4,14.7,2nd quarter,0:35.2,Nick Van,DEN,False,2-pointer,21,53-54,'DEN',trails
123,123,123,200012040DEN,46.8,6.1,2nd quarter,0:08.9,Voshon Lenard,DEN,False,3-pointer,23,53-54,'DEN',trails
124,124,124,200012040DEN,7.2,4.6,3rd quarter,11:12.0,Voshon Lenard,DEN,True,2-pointer,17,56-54,'DEN',leads
125,125,125,200012040DEN,45.4,17.9,3rd quarter,10:50.0,James Posey,DEN,False,3-pointer,25,56-54,'DEN',leads
126,126,126,200012040DEN,38.8,25.9,3rd quarter,10:25.0,Nick Van,DEN,True,3-pointer,26,59-56,'DEN',leads
127,127,127,200012040DEN,0.7,5.4,3rd quarter,9:56.0,Voshon Lenard,DEN,True,3-pointer,23,62-56,'DEN',leads
128,128,128,200012040DEN,24.3,21.5,3rd quarter,9:22.0,Nick Van,DEN,False,2-pointer,17,62-58,'DEN',leads
129,129,129,200012040DEN,41.8,12.8,3rd quarter,8:38.0,Voshon Lenard,DEN,True,2-pointer,19,64-61,'DEN',leads
130,130,130,200012040DEN,7.8,12.2,3rd quarter,7:53.0,Antonio McDyess,DEN,False,2-pointer,18,64-61,'DEN',leads
131,131,131,200012040DEN,24.0,5.0,3rd quarter,7:17.0,Nick Van,DEN,True,2-pointer,0,66-61,'DEN',leads
132,132,132,200012040DEN,24.3,11.1,3rd quarter,6:32.0,Nick Van,DEN,False,2-pointer,6,67-61,'DEN',leads
133,133,133,200012040DEN,24.0,5.0,3rd quarter,5:22.0,Antonio McDyess,DEN,False,2-pointer,0,67-64,'DEN',leads
134,134,134,200012040DEN,24.0,5.0,3rd quarter,5:22.0,Antonio McDyess,DEN,True,2-pointer,0,69-64,'DEN',leads
135,135,135,200012040DEN,24.0,5.0,3rd quarter,3:55.0,Robert Pack,DEN,False,2-pointer,0,73-66,'DEN',leads
136,136,136,200012040DEN,7.2,24.2,3rd quarter,1:56.0,George McCloud,DEN,False,3-pointer,26,77-72,'DEN',leads
137,137,137,200012040DEN,24.0,5.0,3rd quarter,1:22.0,Robert Pack,DEN,True,2-pointer,0,81-72,'DEN',leads
138,138,138,200012040DEN,24.0,5.0,3rd quarter,1:09.0,Robert Pack,DEN,False,2-pointer,0,81-72,'DEN',leads
139,139,139,200012040DEN,24.0,5.0,3rd quarter,1:09.0,Voshon Lenard,DEN,False,2-pointer,0,81-72,'DEN',leads
140,140,140,200012040DEN,24.0,5.0,3rd quarter,0:28.9,Raef LaFrentz,DEN,True,2-pointer,0,85-75,'DEN',leads
141,141,141,200012040DEN,24.0,5.0,3rd quarter,0:00.0,Robert Pack,DEN,False,2-pointer,0,85-78,'DEN',leads
142,142,142,200012040DEN,30.2,3.9,4th quarter,11:46.0,Raef LaFrentz,DEN,True,2-pointer,6,87-78,'DEN',leads
143,143,143,200012040DEN,24.0,5.0,4th quarter,11:19.0,Antonio McDyess,DEN,False,2-pointer,0,87-80,'DEN',leads
144,144,144,200012040DEN,35.3,9.5,4th quarter,10:57.0,Voshon Lenard,DEN,False,2-pointer,12,87-80,'DEN',leads
145,145,145,200012040DEN,0.7,4.6,4th quarter,10:31.0,Voshon Lenard,DEN,False,3-pointer,23,87-80,'DEN',leads
146,146,146,200012040DEN,39.7,11.1,4th quarter,10:10.0,Antonio McDyess,DEN,False,2-pointer,17,87-80,'DEN',leads
147,147,147,200012040DEN,24.0,5.0,4th quarter,10:03.0,Voshon Lenard,DEN,True,2-pointer,0,89-80,'DEN',leads
148,148,148,200012040DEN,40.3,11.8,4th quarter,9:05.0,Antonio McDyess,DEN,True,2-pointer,18,91-82,'DEN',leads
149,149,149,200012040DEN,27.2,13.5,4th quarter,8:38.0,Nick Van,DEN,False,2-pointer,9,91-82,'DEN',leads
150,150,150,200012040DEN,42.4,21.5,4th quarter,8:23.0,Nick Van,DEN,False,3-pointer,25,91-82,'DEN',leads
151,151,151,200012040DEN,24.0,5.0,4th quarter,6:38.0,Antonio McDyess,DEN,True,2-pointer,0,95-84,'DEN',leads
152,152,152,200012040DEN,41.8,3.9,4th quarter,6:03.0,Tariq Abdul-Wahad,DEN,False,2-pointer,18,95-84,'DEN',leads
153,153,153,200012040DEN,24.0,5.0,4th quarter,5:17.0,Antonio McDyess,DEN,False,2-pointer,0,95-86,'DEN',leads
154,154,154,200012040DEN,23.9,30.9,4th quarter,4:54.0,Nick Van,DEN,False,3-pointer,26,95-88,'DEN',leads
155,155,155,200012040DEN,27.2,11.1,4th quarter,4:29.0,George McCloud,DEN,True,2-pointer,7,97-88,'DEN',leads
156,156,156,200012040DEN,24.3,11.1,4th quarter,4:06.0,Antonio McDyess,DEN,False,2-pointer,6,97-90,'DEN',leads
157,157,157,200012040DEN,23.9,11.8,4th quarter,3:42.0,Nick Van,DEN,True,2-pointer,7,99-90,'DEN',leads
158,158,158,200012040DEN,41.8,13.5,4th quarter,3:20.0,Nick Van,DEN,False,2-pointer,20,99-90,'DEN',leads
159,159,159,200012040DEN,0.7,5.4,4th quarter,3:15.0,Voshon Lenard,DEN,False,3-pointer,23,99-90,'DEN',leads
160,160,160,200012040DEN,42.4,4.6,4th quarter,2:37.0,Antonio McDyess,DEN,False,2-pointer,18,99-90,'DEN',leads
161,161,161,200012040DEN,31.0,35.6,4th quarter,2:09.0,Nick Van,DEN,False,3-pointer,31,99-93,'DEN',leads
162,162,162,200012040DEN,7.2,5.0,4th quarter,1:27.0,Antonio McDyess,DEN,False,2-pointer,17,99-98,'DEN',leads
163,163,163,200012040DEN,24.0,5.0,4th quarter,1:04.0,Nick Van,DEN,True,2-pointer,0,101-98,'DEN',leads
164,164,164,200012040DEN,40.9,4.6,4th quarter,0:28.9,Raef LaFrentz,DEN,False,2-pointer,17,101-98,'DEN',leads
165,165,165,200012040NYK,19.2,6.1,1st quarter,11:20.0,Michael Olowokandi,LAC,True,2-pointer,5,2-0,'NYK',leads
166,166,166,200012040NYK,31.9,6.1,1st quarter,9:53.0,Michael Olowokandi,LAC,True,2-pointer,8,4-5,'NYK',trails
167,167,167,200012040NYK,24.0,5.0,1st quarter,9:11.0,Quentin Richardson,LAC,True,2-pointer,0,6-7,'NYK',trails
168,168,168,200012040NYK,47.7,8.8,1st quarter,8:34.0,Lamar Odom,LAC,False,3-pointer,24,6-7,'NYK',trails
169,169,169,200012040NYK,47.1,9.5,1st quarter,8:04.0,Quentin Richardson,LAC,False,3-pointer,24,6-9,'NYK',trails
170,170,170,200012040NYK,36.3,26.5,1st quarter,7:24.0,Jeff McInnis,LAC,True,3-pointer,25,9-9,'NYK',tied
171,171,171,200012040NYK,9.9,19.4,1st quarter,6:28.0,Jeff McInnis,LAC,True,2-pointer,20,12-13,'NYK',trails
172,172,172,200012040NYK,31.3,6.1,1st quarter,5:29.0,Michael Olowokandi,LAC,True,2-pointer,7,14-15,'NYK',trails
173,173,173,200012040NYK,24.0,5.0,1st quarter,4:06.0,Lamar Odom,LAC,False,2-pointer,0,14-18,'NYK',trails
174,174,174,200012040NYK,19.2,6.5,1st quarter,2:45.0,Lamar Odom,LAC,True,2-pointer,5,18-22,'NYK',trails
175,175,175,200012040NYK,32.5,8.8,1st quarter,1:31.0,Sean Rooks,LAC,False,2-pointer,9,18-24,'NYK',trails
176,176,176,200012040NYK,45.6,17.7,1st quarter,0:48.8,Lamar Odom,LAC,False,3-pointer,25,18-26,'NYK',trails
177,177,177,200012040NYK,24.1,11.6,1st quarter,0:28.0,Keyon Dooling,LAC,True,2-pointer,7,20-26,'NYK',trails
178,178,178,200012040NYK,39.9,8.4,1st quarter,0:01.3,Derek Strong,LAC,False,2-pointer,16,20-28,'NYK',trails
179,179,179,200012040NYK,24.0,5.0,1st quarter,0:00.8,Sean Rooks,LAC,False,2-pointer,0,20-28,'NYK',trails
180,180,180,200012040NYK,10.6,14.9,2nd quarter,11:40.0,Darius Miles,LAC,True,2-pointer,17,22-28,'NYK',trails
181,181,181,200012040NYK,24.1,29.9,2nd quarter,10:56.0,Keyon Dooling,LAC,False,3-pointer,25,22-28,'NYK',trails
182,182,182,200012040NYK,11.2,27.2,2nd quarter,9:49.0,Corey Maggette,LAC,False,3-pointer,26,22-31,'NYK',trails
183,183,183,200012040NYK,41.8,14.7,2nd quarter,8:27.0,Darius Miles,LAC,True,2-pointer,20,26-35,'NYK',trails
184,184,184,200012040NYK,41.8,8.6,2nd quarter,7:53.0,Darius Miles,LAC,False,2-pointer,18,26-35,'NYK',trails
185,185,185,200012040NYK,12.5,19.1,2nd quarter,7:22.0,Corey Maggette,LAC,True,2-pointer,18,28-37,'NYK',trails
186,186,186,200012040NYK,47.5,4.4,2nd quarter,6:50.0,Eric Piatkowski,LAC,False,3-pointer,24,28-39,'NYK',trails
187,187,187,200012040NYK,24.0,5.0,2nd quarter,6:37.0,Darius Miles,LAC,True,2-pointer,0,30-39,'NYK',trails
188,188,188,200012040NYK,16.1,6.3,2nd quarter,4:03.0,Darius Miles,LAC,False,2-pointer,8,32-47,'NYK',trails
189,189,189,200012040NYK,17.5,15.4,2nd quarter,3:04.0,Eric Piatkowski,LAC,False,2-pointer,12,32-51,'NYK',trails
190,190,190,200012040NYK,25.4,9.2,2nd quarter,3:00.0,Brian Skinner,LAC,False,2-pointer,4,32-51,'NYK',trails
191,191,191,200012040NYK,24.0,5.0,2nd quarter,2:59.0,Darius Miles,LAC,False,2-pointer,0,32-51,'NYK',trails
192,192,192,200012040NYK,24.0,5.0,2nd quarter,1:55.0,Keyon Dooling,LAC,False,2-pointer,0,34-57,'NYK',trails
193,193,193,200012040NYK,24.0,5.0,2nd quarter,1:32.0,Brian Skinner,LAC,True,2-pointer,0,36-57,'NYK',trails
194,194,194,200012040NYK,36.7,29.7,2nd quarter,0:54.0,Quentin Richardson,LAC,False,3-pointer,28,36-57,'NYK',trails
195,195,195,200012040NYK,12.5,19.1,2nd quarter,0:27.9,Darius Miles,LAC,False,2-pointer,18,36-57,'NYK',trails
196,196,196,200012040NYK,24.0,5.0,2nd quarter,0:01.2,Darius Miles,LAC,True,2-pointer,0,38-57,'NYK',trails
197,197,197,200012040NYK,24.0,5.0,3rd quarter,10:46.0,Lamar Odom,LAC,True,2-pointer,0,40-58,'NYK',trails
198,198,198,200012040NYK,28.9,9.7,3rd quarter,10:18.0,Jeff McInnis,LAC,True,2-pointer,7,42-60,'NYK',trails
199,199,199,200012040NYK,24.0,9.2,3rd quarter,9:49.0,Michael Olowokandi,LAC,True,2-pointer,4,44-60,'NYK',trails
200,200,200,200012040NYK,6.2,21.3,3rd quarter,8:26.0,Lamar Odom,LAC,False,3-pointer,24,45-64,'NYK',trails
201,201,201,200012040NYK,8.3,12.6,3rd quarter,7:53.0,Lamar Odom,LAC,False,2-pointer,17,45-66,'NYK',trails
202,202,202,200012040NYK,40.5,24.2,3rd quarter,6:52.0,Lamar Odom,LAC,True,3-pointer,25,48-68,'NYK',trails
203,203,203,200012040NYK,28.1,9.7,3rd quarter,6:06.0,Corey Maggette,LAC,False,2-pointer,6,48-71,'NYK',trails
204,204,204,200012040NYK,30.2,5.9,3rd quarter,5:21.0,Jeff McInnis,LAC,True,2-pointer,6,50-73,'NYK',trails
205,205,205,200012040NYK,17.5,6.9,3rd quarter,4:34.0,Michael Olowokandi,LAC,True,2-pointer,7,52-73,'NYK',trails
206,206,206,200012040NYK,16.1,6.9,3rd quarter,4:00.0,Michael Olowokandi,LAC,False,2-pointer,8,52-75,'NYK',trails
207,207,207,200012040NYK,33.8,14.7,3rd quarter,3:03.0,Jeff McInnis,LAC,False,2-pointer,14,52-76,'NYK',trails
208,208,208,200012040NYK,8.3,14.7,3rd quarter,2:43.0,Corey Maggette,LAC,False,2-pointer,18,52-76,'NYK',trails
209,209,209,200012040NYK,37.6,5.9,3rd quarter,2:00.0,Brian Skinner,LAC,True,2-pointer,14,54-78,'NYK',trails
210,210,210,200012040NYK,24.5,12.6,4th quarter,10:10.0,Brian Skinner,LAC,False,2-pointer,8,58-88,'NYK',trails
211,211,211,200012040NYK,33.1,13.7,4th quarter,9:36.0,Jeff McInnis,LAC,False,2-pointer,13,58-90,'NYK',trails
212,212,212,200012040NYK,24.0,5.0,4th quarter,9:33.0,Corey Maggette,LAC,True,2-pointer,0,60-90,'NYK',trails
213,213,213,200012040NYK,31.0,8.6,4th quarter,9:06.0,Darius Miles,LAC,False,2-pointer,8,60-92,'NYK',trails
214,214,214,200012040NYK,24.0,5.0,4th quarter,8:11.0,Quentin Richardson,LAC,True,2-pointer,0,62-94,'NYK',trails
215,215,215,200012040NYK,7.6,27.6,4th quarter,7:49.0,Lamar Odom,LAC,False,3-pointer,28,62-95,'NYK',trails
216,216,216,200012040NYK,16.7,5.2,4th quarter,7:28.0,Brian Skinner,LAC,True,2-pointer,7,65-95,'NYK',trails
217,217,217,200012040NYK,24.0,5.0,4th quarter,7:02.0,Darius Miles,LAC,True,2-pointer,0,67-95,'NYK',trails
218,218,218,200012040NYK,36.7,12.6,4th quarter,6:09.0,Brian Skinner,LAC,True,2-pointer,15,70-98,'NYK',trails
219,219,219,200012040NYK,29.6,7.6,4th quarter,5:39.0,Quentin Richardson,LAC,False,2-pointer,6,70-98,'NYK',trails
220,220,220,200012040NYK,24.0,5.0,4th quarter,5:18.0,Lamar Odom,LAC,False,2-pointer,0,70-98,'NYK',trails
221,221,221,200012040NYK,10.4,25.7,4th quarter,4:01.0,Darius Miles,LAC,False,3-pointer,25,71-101,'NYK',trails
222,222,222,200012040NYK,13.3,10.9,4th quarter,3:05.0,Keyon Dooling,LAC,False,2-pointer,12,71-103,'NYK',trails
223,223,223,200012040NYK,9.7,24.6,4th quarter,2:43.0,Quentin Richardson,LAC,False,3-pointer,24,71-104,'NYK',trails
224,224,224,200012040NYK,43.9,18.5,4th quarter,2:07.0,Quentin Richardson,LAC,False,3-pointer,24,71-104,'NYK',trails
225,225,225,200012040NYK,24.0,5.0,4th quarter,1:35.0,Keyon Dooling,LAC,True,2-pointer,0,73-104,'NYK',trails
226,226,226,200012040NYK,24.0,5.0,4th quarter,1:09.0,Darius Miles,LAC,True,2-pointer,0,76-104,'NYK',trails
227,227,227,200012040NYK,8.5,5.4,1st quarter,11:40.0,Larry Johnson,NYK,False,2-pointer,16,0-0,'NYK',tied
228,228,228,200012040NYK,1.9,3.5,1st quarter,11:00.0,Glen Rice,NYK,True,3-pointer,22,3-2,'NYK',leads
229,229,229,200012040NYK,24.0,5.0,1st quarter,10:15.0,Marcus Camby,NYK,True,2-pointer,0,5-2,'NYK',leads
230,230,230,200012040NYK,24.1,9.5,1st quarter,9:27.0,Latrell Sprewell,NYK,True,2-pointer,5,7-4,'NYK',leads
231,231,231,200012040NYK,8.5,8.4,1st quarter,8:48.0,Allan Houston,NYK,False,2-pointer,16,7-6,'NYK',leads
232,232,232,200012040NYK,37.8,21.0,1st quarter,8:22.0,Glen Rice,NYK,True,2-pointer,21,9-6,'NYK',leads
233,233,233,200012040NYK,24.0,5.0,1st quarter,7:08.0,Latrell Sprewell,NYK,True,2-pointer,0,11-9,'NYK',leads
234,234,234,200012040NYK,24.0,5.0,1st quarter,6:44.0,Larry Johnson,NYK,True,2-pointer,0,13-10,'NYK',leads
235,235,235,200012040NYK,24.0,5.0,1st quarter,6:08.0,Marcus Camby,NYK,True,2-pointer,0,15-12,'NYK',leads
236,236,236,200012040NYK,24.0,5.0,1st quarter,5:43.0,Larry Johnson,NYK,False,2-pointer,0,15-12,'NYK',leads
237,237,237,200012040NYK,24.0,5.0,1st quarter,5:05.0,Allan Houston,NYK,True,2-pointer,0,17-14,'NYK',leads
238,238,238,200012040NYK,34.8,5.0,1st quarter,4:00.0,Latrell Sprewell,NYK,True,2-pointer,11,20-14,'NYK',leads
239,239,239,200012040NYK,26.2,8.8,1st quarter,3:07.0,Glen Rice,NYK,True,2-pointer,4,22-16,'NYK',leads
240,240,240,200012040NYK,24.0,5.0,1st quarter,2:21.0,Marcus Camby,NYK,False,2-pointer,0,22-18,'NYK',leads
241,241,241,200012040NYK,24.0,5.0,1st quarter,2:20.0,Marcus Camby,NYK,False,2-pointer,0,22-18,'NYK',leads
242,242,242,200012040NYK,33.4,8.4,1st quarter,1:51.0,Larry Johnson,NYK,True,2-pointer,10,24-18,'NYK',leads
243,243,243,200012040NYK,7.8,7.1,1st quarter,1:19.0,Glen Rice,NYK,True,2-pointer,16,26-18,'NYK',leads
244,244,244,200012040NYK,14.8,13.2,1st quarter,0:14.8,Latrell Sprewell,NYK,True,2-pointer,12,28-20,'NYK',leads
245,245,245,200012040NYK,29.1,25.5,2nd quarter,11:14.0,Chris Childs,NYK,False,2-pointer,21,28-22,'NYK',leads
246,246,246,200012040NYK,10.6,17.2,2nd quarter,10:40.0,Glen Rice,NYK,True,2-pointer,18,30-22,'NYK',leads
247,247,247,200012040NYK,24.1,24.8,2nd quarter,10:04.0,Marcus Camby,NYK,False,2-pointer,20,31-22,'NYK',leads
248,248,248,200012040NYK,24.0,5.0,2nd quarter,9:39.0,Kurt Thomas,NYK,True,2-pointer,0,33-22,'NYK',leads
249,249,249,200012040NYK,39.3,24.8,2nd quarter,9:17.0,Glen Rice,NYK,False,3-pointer,25,33-22,'NYK',leads
250,250,250,200012040NYK,24.0,5.0,2nd quarter,9:05.0,Marcus Camby,NYK,True,2-pointer,0,35-22,'NYK',leads
251,251,251,200012040NYK,23.4,10.3,2nd quarter,8:06.0,Marcus Camby,NYK,False,2-pointer,5,35-26,'NYK',leads
252,252,252,200012040NYK,30.2,10.9,2nd quarter,8:01.0,Kurt Thomas,NYK,False,2-pointer,9,35-26,'NYK',leads
253,253,253,200012040NYK,24.0,19.8,2nd quarter,7:45.0,Chris Childs,NYK,True,2-pointer,15,37-26,'NYK',leads
254,254,254,200012040NYK,19.0,7.6,2nd quarter,7:09.0,Kurt Thomas,NYK,True,2-pointer,6,39-28,'NYK',leads
255,255,255,200012040NYK,24.0,5.0,2nd quarter,6:03.0,Marcus Camby,NYK,True,2-pointer,0,43-31,'NYK',leads
256,256,256,200012040NYK,16.1,5.9,2nd quarter,5:24.0,Kurt Thomas,NYK,True,2-pointer,8,45-31,'NYK',leads
257,257,257,200012040NYK,24.0,5.0,2nd quarter,4:49.0,Kurt Thomas,NYK,True,2-pointer,0,47-31,'NYK',leads
258,258,258,200012040NYK,24.0,5.0,2nd quarter,4:16.0,Marcus Camby,NYK,False,2-pointer,0,47-32,'NYK',leads
259,259,259,200012040NYK,24.0,5.0,2nd quarter,3:41.0,Latrell Sprewell,NYK,True,2-pointer,0,49-32,'NYK',leads
260,260,260,200012040NYK,19.6,22.5,2nd quarter,3:22.0,Chris Childs,NYK,True,2-pointer,18,51-32,'NYK',leads
261,261,261,200012040NYK,24.0,5.0,2nd quarter,2:52.0,Latrell Sprewell,NYK,True,2-pointer,0,53-32,'NYK',leads
262,262,262,200012040NYK,24.0,5.0,2nd quarter,2:20.0,Kurt Thomas,NYK,True,2-pointer,0,57-33,'NYK',leads
263,263,263,200012040NYK,8.3,5.0,2nd quarter,1:09.0,Allan Houston,NYK,False,2-pointer,16,57-36,'NYK',leads
264,264,264,200012040NYK,24.0,5.0,2nd quarter,0:36.6,Latrell Sprewell,NYK,False,2-pointer,0,57-36,'NYK',leads
265,265,265,200012040NYK,24.0,5.0,3rd quarter,11:24.0,Latrell Sprewell,NYK,False,2-pointer,0,58-38,'NYK',leads
266,266,266,200012040NYK,1.7,3.3,3rd quarter,10:53.0,Latrell Sprewell,NYK,False,3-pointer,22,58-38,'NYK',leads
267,267,267,200012040NYK,32.3,21.9,3rd quarter,10:30.0,Allan Houston,NYK,True,2-pointer,19,60-40,'NYK',leads
268,268,268,200012040NYK,42.6,4.4,3rd quarter,9:59.0,Allan Houston,NYK,False,2-pointer,19,60-42,'NYK',leads
269,269,269,200012040NYK,24.0,5.0,3rd quarter,9:27.0,Allan Houston,NYK,True,2-pointer,0,62-44,'NYK',leads
270,270,270,200012040NYK,37.6,29.7,3rd quarter,8:50.0,Glen Rice,NYK,False,3-pointer,28,62-45,'NYK',leads
271,271,271,200012040NYK,24.0,5.0,3rd quarter,8:41.0,Glen Rice,NYK,True,2-pointer,0,64-45,'NYK',leads
272,272,272,200012040NYK,8.3,16.0,3rd quarter,8:13.0,Latrell Sprewell,NYK,True,2-pointer,19,66-45,'NYK',leads
273,273,273,200012040NYK,31.7,16.0,3rd quarter,7:41.0,Glen Rice,NYK,False,2-pointer,13,66-45,'NYK',leads
274,274,274,200012040NYK,6.2,17.5,3rd quarter,7:05.0,Glen Rice,NYK,True,2-pointer,22,68-45,'NYK',leads
275,275,275,200012040NYK,24.0,29.7,3rd quarter,6:29.0,Larry Johnson,NYK,True,3-pointer,25,71-48,'NYK',leads
276,276,276,200012040NYK,17.5,5.2,3rd quarter,5:45.0,Glen Rice,NYK,True,2-pointer,7,73-48,'NYK',leads
277,277,277,200012040NYK,24.0,5.0,3rd quarter,4:14.0,Latrell Sprewell,NYK,True,2-pointer,0,75-52,'NYK',leads
278,278,278,200012040NYK,8.9,24.2,3rd quarter,3:42.0,Larry Johnson,NYK,False,3-pointer,24,76-52,'NYK',leads
279,279,279,200012040NYK,15.4,10.9,3rd quarter,3:24.0,Latrell Sprewell,NYK,False,2-pointer,10,76-52,'NYK',leads
280,280,280,200012040NYK,24.0,5.0,3rd quarter,2:54.0,Latrell Sprewell,NYK,False,2-pointer,0,76-52,'NYK',leads
281,281,281,200012040NYK,24.0,5.0,3rd quarter,2:51.0,Larry Johnson,NYK,False,2-pointer,0,76-52,'NYK',leads
282,282,282,200012040NYK,10.4,15.4,3rd quarter,2:23.0,Latrell Sprewell,NYK,True,2-pointer,17,78-52,'NYK',leads
283,283,283,200012040NYK,46.8,5.2,3rd quarter,1:39.0,Larry Johnson,NYK,True,3-pointer,23,81-55,'NYK',leads
284,284,284,200012040NYK,41.8,22.5,3rd quarter,1:07.0,Glen Rice,NYK,False,3-pointer,25,81-55,'NYK',leads
285,285,285,200012040NYK,24.0,5.0,3rd quarter,0:55.5,Kurt Thomas,NYK,True,2-pointer,0,83-55,'NYK',leads
286,286,286,200012040NYK,34.6,21.9,4th quarter,11:37.0,Allan Houston,NYK,False,2-pointer,20,83-55,'NYK',leads
287,287,287,200012040NYK,29.6,10.9,4th quarter,11:05.0,Kurt Thomas,NYK,True,2-pointer,8,85-57,'NYK',leads
288,288,288,200012040NYK,8.3,17.0,4th quarter,10:34.0,Glen Rice,NYK,False,2-pointer,20,85-58,'NYK',leads
289,289,289,200012040NYK,8.9,24.6,4th quarter,10:25.0,Allan Houston,NYK,True,3-pointer,25,88-58,'NYK',leads
290,290,290,200012040NYK,24.0,5.0,4th quarter,9:58.0,Larry Johnson,NYK,True,2-pointer,0,90-58,'NYK',leads
291,291,291,200012040NYK,37.6,14.1,4th quarter,9:19.0,Allan Houston,NYK,True,2-pointer,16,92-60,'NYK',leads
292,292,292,200012040NYK,13.3,10.9,4th quarter,8:50.0,Allan Houston,NYK,True,2-pointer,12,94-60,'NYK',leads
293,293,293,200012040NYK,11.0,26.3,4th quarter,6:49.0,Glen Rice,NYK,True,3-pointer,25,98-67,'NYK',leads
294,294,294,200012040NYK,22.0,19.1,4th quarter,6:22.0,Lavor Postell,NYK,False,2-pointer,14,98-68,'NYK',leads
295,295,295,200012040NYK,24.0,5.0,4th quarter,5:48.0,Glen Rice,NYK,False,2-pointer,0,98-70,'NYK',leads
296,296,296,200012040NYK,46.8,4.4,4th quarter,5:25.0,Glen Rice,NYK,False,3-pointer,23,98-70,'NYK',leads
297,297,297,200012040NYK,21.1,26.3,4th quarter,5:03.0,Travis Knight,NYK,False,2-pointer,22,98-70,'NYK',leads
298,298,298,200012040NYK,9.7,25.3,4th quarter,4:48.0,Lavor Postell,NYK,True,3-pointer,25,101-70,'NYK',leads
299,299,299,200012040NYK,28.9,25.3,4th quarter,4:18.0,Travis Knight,NYK,False,2-pointer,21,101-71,'NYK',leads
300,300,300,200012040NYK,28.1,9.2,4th quarter,3:15.0,Luc Longley,NYK,False,2-pointer,6,103-71,'NYK',leads
301,301,301,200012040NYK,35.3,5.9,4th quarter,2:51.0,Rick Brunson,NYK,False,2-pointer,11,104-71,'NYK',leads
302,302,302,200012040NYK,9.7,13.0,4th quarter,2:17.0,Lavor Postell,NYK,False,2-pointer,16,104-71,'NYK',leads
303,303,303,200012040NYK,32.3,19.1,4th quarter,0:52.5,Lavor Postell,NYK,False,2-pointer,16,104-76,'NYK',leads
304,304,304,200012040NYK,12.5,22.5,4th quarter,0:35.9,Travis Knight,NYK,True,2-pointer,21,106-78,'NYK',leads
