,Unnamed: 0.1,Unnamed: 0,match_id,shotX,shotY,quarter,time_remaining,player,team,made,shot_type,distance,score,opp,status
0,0,0,200011060DEN,43.9,21.9,1st quarter,11:09.0,Dirk Nowitzki,DAL,True,3-pointer,26,4-0,'DAL',leads
1,1,1,200011060DEN,38.8,17.5,1st quarter,10:39.0,Dirk Nowitzki,DAL,True,2-pointer,19,6-2,'DAL',leads
2,2,2,200011060DEN,7.2,3.7,1st quarter,9:56.0,Michael Finley,DAL,False,2-pointer,17,6-4,'DAL',leads
3,3,3,200011060DEN,7.6,5.4,1st quarter,9:53.0,Michael Finley,DAL,False,2-pointer,16,6-4,'DAL',leads
4,4,4,200011060DEN,38.8,20.2,1st quarter,9:19.0,Hubert Davis,DAL,True,2-pointer,21,8-6,'DAL',leads
5,5,5,200011060DEN,43.3,22.9,1st quarter,8:47.0,Dirk Nowitzki,DAL,False,3-pointer,26,8-8,'DAL',tied
6,6,6,200011060DEN,24.3,25.9,1st quarter,8:39.0,Hubert Davis,DAL,False,2-pointer,21,8-8,'DAL',tied
7,7,7,200011060DEN,24.0,5.0,1st quarter,8:12.0,Michael Finley,DAL,True,2-pointer,0,10-8,'DAL',leads
8,8,8,200011060DEN,24.0,5.0,1st quarter,7:20.0,Dirk Nowitzki,DAL,True,2-pointer,0,12-10,'DAL',leads
9,9,9,200011060DEN,38.2,17.9,1st quarter,6:47.0,Steve Nash,DAL,True,2-pointer,19,15-10,'DAL',leads
10,10,10,200011060DEN,24.0,5.0,1st quarter,6:06.0,Christian Laettner,DAL,True,2-pointer,0,17-13,'DAL',leads
11,11,11,200011060DEN,14.6,21.9,1st quarter,5:28.0,Dirk Nowitzki,DAL,False,2-pointer,19,17-15,'DAL',leads
12,12,12,200011060DEN,41.8,13.5,1st quarter,5:00.0,Michael Finley,DAL,False,2-pointer,20,17-15,'DAL',leads
13,13,13,200011060DEN,34.6,28.6,1st quarter,3:59.0,Hubert Davis,DAL,False,3-pointer,26,17-17,'DAL',tied
14,14,14,200011060DEN,38.2,25.9,1st quarter,2:43.0,Hubert Davis,DAL,True,3-pointer,25,21-19,'DAL',leads
15,15,15,200011060DEN,9.3,6.3,1st quarter,1:49.0,Dirk Nowitzki,DAL,False,2-pointer,15,23-19,'DAL',leads
16,16,16,200011060DEN,24.0,5.0,1st quarter,1:34.0,Michael Finley,DAL,True,2-pointer,0,25-21,'DAL',leads
17,17,17,200011060DEN,46.8,8.4,1st quarter,1:03.0,Hubert Davis,DAL,True,3-pointer,23,28-21,'DAL',leads
18,18,18,200011060DEN,20.3,9.7,2nd quarter,11:46.0,Shawn Bradley,DAL,False,2-pointer,6,28-25,'DAL',leads
19,19,19,200011060DEN,10.2,14.7,2nd quarter,11:30.0,Michael Finley,DAL,False,2-pointer,17,28-25,'DAL',leads
20,20,20,200011060DEN,6.4,5.7,2nd quarter,10:59.0,Michael Finley,DAL,False,2-pointer,18,28-26,'DAL',leads
21,21,21,200011060DEN,24.0,5.0,2nd quarter,10:53.0,Eduardo Nájera,DAL,False,2-pointer,0,28-26,'DAL',leads
22,22,22,200011060DEN,40.9,25.9,2nd quarter,9:54.0,Howard Eisley,DAL,False,3-pointer,27,28-28,'DAL',tied
23,23,23,200011060DEN,23.0,11.3,2nd quarter,9:29.0,Michael Finley,DAL,True,2-pointer,6,30-30,'DAL',tied
24,24,24,200011060DEN,43.3,24.2,2nd quarter,8:18.0,Howard Eisley,DAL,True,3-pointer,27,35-33,'DAL',leads
25,25,25,200011060DEN,24.0,5.0,2nd quarter,7:08.0,Michael Finley,DAL,True,2-pointer,0,39-33,'DAL',leads
26,26,26,200011060DEN,41.8,6.9,2nd quarter,6:45.0,Courtney Alexander,DAL,True,2-pointer,18,41-33,'DAL',leads
27,27,27,200011060DEN,47.5,10.1,2nd quarter,5:59.0,Courtney Alexander,DAL,False,3-pointer,24,41-35,'DAL',leads
28,28,28,200011060DEN,24.0,5.0,2nd quarter,5:05.0,Courtney Alexander,DAL,True,2-pointer,0,43-38,'DAL',leads
29,29,29,200011060DEN,25.1,10.7,2nd quarter,4:13.0,Shawn Bradley,DAL,True,2-pointer,6,45-40,'DAL',leads
30,30,30,200011060DEN,35.3,9.7,2nd quarter,3:42.0,Shawn Bradley,DAL,True,2-pointer,12,47-42,'DAL',leads
31,31,31,200011060DEN,15.2,13.5,2nd quarter,2:58.0,Courtney Alexander,DAL,False,2-pointer,12,47-42,'DAL',leads
32,32,32,200011060DEN,11.6,13.5,2nd quarter,1:28.0,Courtney Alexander,DAL,True,2-pointer,15,52-44,'DAL',leads
33,33,33,200011060DEN,39.7,11.8,2nd quarter,0:44.1,Courtney Alexander,DAL,True,2-pointer,17,54-46,'DAL',leads
34,34,34,200011060DEN,40.9,22.3,2nd quarter,0:03.9,Dirk Nowitzki,DAL,True,3-pointer,24,57-46,'DAL',leads
35,35,35,200011060DEN,24.0,5.0,3rd quarter,11:47.0,Christian Laettner,DAL,False,2-pointer,0,57-46,'DAL',leads
36,36,36,200011060DEN,24.0,5.0,3rd quarter,11:29.0,Michael Finley,DAL,True,2-pointer,0,59-46,'DAL',leads
37,37,37,200011060DEN,10.2,27.4,3rd quarter,10:56.0,Dirk Nowitzki,DAL,False,3-pointer,26,59-48,'DAL',leads
38,38,38,200011060DEN,23.0,11.3,3rd quarter,10:17.0,Steve Nash,DAL,False,2-pointer,6,59-50,'DAL',leads
39,39,39,200011060DEN,0.0,8.4,3rd quarter,9:45.0,Hubert Davis,DAL,True,3-pointer,24,62-52,'DAL',leads
40,40,40,200011060DEN,24.0,5.0,3rd quarter,9:21.0,Hubert Davis,DAL,True,2-pointer,0,64-52,'DAL',leads
41,41,41,200011060DEN,38.8,25.9,3rd quarter,8:44.0,Hubert Davis,DAL,False,3-pointer,26,64-52,'DAL',leads
42,42,42,200011060DEN,24.0,5.0,3rd quarter,8:12.0,Steve Nash,DAL,False,2-pointer,0,64-55,'DAL',leads
43,43,43,200011060DEN,33.1,6.9,3rd quarter,7:37.0,Shawn Bradley,DAL,False,2-pointer,9,64-55,'DAL',leads
44,44,44,200011060DEN,40.3,25.9,3rd quarter,6:25.0,Hubert Davis,DAL,False,3-pointer,27,64-59,'DAL',leads
45,45,45,200011060DEN,24.0,5.0,3rd quarter,5:38.0,Christian Laettner,DAL,False,2-pointer,0,64-61,'DAL',leads
46,46,46,200011060DEN,41.8,8.0,3rd quarter,5:33.0,Christian Laettner,DAL,True,2-pointer,18,66-61,'DAL',leads
47,47,47,200011060DEN,16.7,8.0,3rd quarter,4:53.0,Christian Laettner,DAL,False,2-pointer,8,66-63,'DAL',leads
48,48,48,200011060DEN,24.0,5.0,3rd quarter,4:42.0,Christian Laettner,DAL,True,2-pointer,0,68-63,'DAL',leads
49,49,49,200011060DEN,11.6,5.7,3rd quarter,4:03.0,Michael Finley,DAL,False,2-pointer,12,68-63,'DAL',leads
50,50,50,200011060DEN,24.0,5.0,3rd quarter,3:17.0,Dirk Nowitzki,DAL,False,2-pointer,0,68-63,'DAL',leads
51,51,51,200011060DEN,10.8,10.7,3rd quarter,2:37.0,Courtney Alexander,DAL,True,2-pointer,14,70-63,'DAL',leads
52,52,52,200011060DEN,36.7,6.3,3rd quarter,2:02.0,Courtney Alexander,DAL,True,2-pointer,13,72-64,'DAL',leads
53,53,53,200011060DEN,36.7,15.1,3rd quarter,1:40.0,Dirk Nowitzki,DAL,False,2-pointer,16,72-64,'DAL',leads
54,54,54,200011060DEN,24.0,5.0,3rd quarter,1:13.0,Steve Nash,DAL,False,2-pointer,0,72-66,'DAL',leads
55,55,55,200011060DEN,24.0,5.0,3rd quarter,1:04.0,Dirk Nowitzki,DAL,True,2-pointer,0,74-66,'DAL',leads
56,56,56,200011060DEN,39.7,5.0,3rd quarter,0:28.7,Eduardo Nájera,DAL,False,2-pointer,16,74-69,'DAL',leads
57,57,57,200011060DEN,42.4,3.1,4th quarter,11:19.0,Courtney Alexander,DAL,False,2-pointer,19,75-70,'DAL',leads
58,58,58,200011060DEN,47.5,7.3,4th quarter,10:52.0,Howard Eisley,DAL,False,3-pointer,24,75-70,'DAL',leads
59,59,59,200011060DEN,24.0,5.0,4th quarter,10:21.0,Courtney Alexander,DAL,False,2-pointer,0,75-70,'DAL',leads
60,60,60,200011060DEN,24.0,5.0,4th quarter,10:13.0,Courtney Alexander,DAL,True,2-pointer,0,77-70,'DAL',leads
61,61,61,200011060DEN,8.7,15.1,4th quarter,9:37.0,Howard Eisley,DAL,True,2-pointer,18,79-72,'DAL',leads
62,62,62,200011060DEN,24.0,5.0,4th quarter,9:15.0,Michael Finley,DAL,True,2-pointer,0,81-72,'DAL',leads
63,63,63,200011060DEN,24.0,5.0,4th quarter,8:45.0,Michael Finley,DAL,True,2-pointer,0,83-74,'DAL',leads
64,64,64,200011060DEN,43.3,23.6,4th quarter,8:11.0,Michael Finley,DAL,True,3-pointer,27,86-76,'DAL',leads
65,65,65,200011060DEN,24.0,5.0,4th quarter,7:37.0,Howard Eisley,DAL,False,2-pointer,0,86-78,'DAL',leads
66,66,66,200011060DEN,23.0,10.7,4th quarter,6:37.0,Michael Finley,DAL,False,2-pointer,6,87-78,'DAL',leads
67,67,67,200011060DEN,24.0,5.0,4th quarter,6:15.0,Eduardo Nájera,DAL,True,2-pointer,0,89-78,'DAL',leads
68,68,68,200011060DEN,35.3,28.6,4th quarter,5:56.0,Howard Eisley,DAL,True,3-pointer,26,92-78,'DAL',leads
69,69,69,200011060DEN,35.3,17.5,4th quarter,5:28.0,Courtney Alexander,DAL,False,2-pointer,17,94-78,'DAL',leads
70,70,70,200011060DEN,5.7,23.6,4th quarter,5:05.0,Michael Finley,DAL,False,3-pointer,26,94-78,'DAL',leads
71,71,71,200011060DEN,32.5,11.8,4th quarter,4:22.0,Steve Nash,DAL,False,2-pointer,11,94-80,'DAL',leads
72,72,72,200011060DEN,24.0,5.0,4th quarter,4:20.0,Michael Finley,DAL,True,2-pointer,0,96-80,'DAL',leads
73,73,73,200011060DEN,40.9,24.2,4th quarter,3:26.0,Dirk Nowitzki,DAL,False,3-pointer,26,96-83,'DAL',leads
74,74,74,200011060DEN,24.0,5.0,4th quarter,3:06.0,Dirk Nowitzki,DAL,True,2-pointer,0,98-83,'DAL',leads
75,75,75,200011060DEN,24.0,5.0,4th quarter,2:17.0,Eduardo Nájera,DAL,True,2-pointer,0,100-85,'DAL',leads
76,76,76,200011060DEN,38.2,27.4,4th quarter,1:41.0,Steve Nash,DAL,False,3-pointer,27,100-87,'DAL',leads
77,77,77,200011060DEN,41.4,5.7,1st quarter,11:41.0,James Posey,DEN,False,2-pointer,17,0-0,'DAL',tied
78,78,78,200011060DEN,13.1,8.4,1st quarter,11:18.0,Tariq Abdul-Wahad,DEN,False,2-pointer,11,0-1,'DAL',trails
79,79,79,200011060DEN,24.0,5.0,1st quarter,10:53.0,Antonio McDyess,DEN,False,2-pointer,0,0-4,'DAL',trails
80,80,80,200011060DEN,24.0,5.0,1st quarter,10:21.0,Tariq Abdul-Wahad,DEN,True,2-pointer,0,4-6,'DAL',trails
81,81,81,200011060DEN,11.6,29.3,1st quarter,10:04.0,Raef LaFrentz,DEN,False,3-pointer,27,4-6,'DAL',trails
82,82,82,200011060DEN,16.7,4.2,1st quarter,9:39.0,Nick Van,DEN,True,2-pointer,7,6-6,'DAL',tied
83,83,83,200011060DEN,24.0,5.0,1st quarter,9:08.0,Raef LaFrentz,DEN,True,2-pointer,0,8-8,'DAL',tied
84,84,84,200011060DEN,39.7,4.8,1st quarter,8:19.0,Tariq Abdul-Wahad,DEN,False,2-pointer,16,8-8,'DAL',tied
85,85,85,200011060DEN,35.3,10.7,1st quarter,7:42.0,James Posey,DEN,True,2-pointer,13,10-10,'DAL',tied
86,86,86,200011060DEN,40.3,24.8,1st quarter,6:24.0,Nick Van,DEN,True,3-pointer,26,13-15,'DAL',trails
87,87,87,200011060DEN,24.0,5.0,1st quarter,5:50.0,Raef LaFrentz,DEN,True,2-pointer,0,15-17,'DAL',trails
88,88,88,200011060DEN,38.2,5.0,1st quarter,5:17.0,Nick Van,DEN,False,2-pointer,14,15-17,'DAL',trails
89,89,89,200011060DEN,6.4,13.5,1st quarter,4:37.0,James Posey,DEN,False,2-pointer,20,15-17,'DAL',trails
90,90,90,200011060DEN,24.0,5.0,1st quarter,4:13.0,James Posey,DEN,True,2-pointer,0,17-17,'DAL',tied
91,91,91,200011060DEN,24.0,5.0,1st quarter,3:23.0,Keon Clark,DEN,True,2-pointer,0,19-18,'DAL',leads
92,92,92,200011060DEN,33.8,19.1,1st quarter,2:56.0,Robert Pack,DEN,False,2-pointer,17,19-18,'DAL',leads
93,93,93,200011060DEN,24.0,5.0,1st quarter,2:25.0,Voshon Lenard,DEN,False,2-pointer,0,19-21,'DAL',trails
94,94,94,200011060DEN,36.7,12.4,1st quarter,2:06.0,Mark Strickland,DEN,False,2-pointer,15,19-23,'DAL',trails
95,95,95,200011060DEN,24.0,5.0,1st quarter,1:41.0,George McCloud,DEN,True,2-pointer,0,21-23,'DAL',trails
96,96,96,200011060DEN,24.0,5.0,1st quarter,1:18.0,Mark Strickland,DEN,False,2-pointer,0,21-25,'DAL',trails
97,97,97,200011060DEN,23.9,23.6,1st quarter,0:43.9,Robert Pack,DEN,True,2-pointer,19,23-28,'DAL',trails
98,98,98,200011060DEN,24.0,5.0,1st quarter,0:29.6,Voshon Lenard,DEN,True,2-pointer,0,25-28,'DAL',trails
99,99,99,200011060DEN,7.8,11.8,1st quarter,0:01.9,Voshon Lenard,DEN,False,2-pointer,18,25-28,'DAL',trails
100,100,100,200011060DEN,24.0,5.0,1st quarter,0:00.0,George McCloud,DEN,False,2-pointer,0,25-28,'DAL',trails
101,101,101,200011060DEN,2.1,18.5,2nd quarter,11:16.0,George McCloud,DEN,False,3-pointer,26,26-28,'DAL',trails
102,102,102,200011060DEN,23.0,10.7,2nd quarter,10:30.0,Keon Clark,DEN,False,2-pointer,6,26-28,'DAL',trails
103,103,103,200011060DEN,8.7,3.7,2nd quarter,10:15.0,Robert Pack,DEN,True,2-pointer,15,28-28,'DAL',tied
104,104,104,200011060DEN,24.0,5.0,2nd quarter,9:45.0,Robert Pack,DEN,True,2-pointer,0,30-28,'DAL',leads
105,105,105,200011060DEN,46.8,18.5,2nd quarter,9:18.0,Voshon Lenard,DEN,True,3-pointer,27,33-31,'DAL',leads
106,106,106,200011060DEN,24.0,5.0,2nd quarter,8:53.0,Raef LaFrentz,DEN,False,2-pointer,0,33-32,'DAL',leads
107,107,107,200011060DEN,23.9,12.4,2nd quarter,8:47.0,Raef LaFrentz,DEN,False,2-pointer,7,33-32,'DAL',leads
108,108,108,200011060DEN,5.7,24.2,2nd quarter,7:53.0,Voshon Lenard,DEN,False,3-pointer,27,33-35,'DAL',trails
109,109,109,200011060DEN,33.8,20.2,2nd quarter,7:20.0,Antonio McDyess,DEN,False,2-pointer,18,33-37,'DAL',trails
110,110,110,200011060DEN,24.0,5.0,2nd quarter,6:52.0,Robert Pack,DEN,False,2-pointer,0,33-39,'DAL',trails
111,111,111,200011060DEN,6.4,4.2,2nd quarter,6:22.0,Tracy Murray,DEN,True,2-pointer,18,35-41,'DAL',trails
112,112,112,200011060DEN,14.6,28.0,2nd quarter,5:49.0,Nick Van,DEN,True,3-pointer,25,38-41,'DAL',trails
113,113,113,200011060DEN,39.7,25.3,2nd quarter,4:53.0,Tracy Murray,DEN,False,3-pointer,26,38-43,'DAL',trails
114,114,114,200011060DEN,39.7,16.8,2nd quarter,4:31.0,Raef LaFrentz,DEN,True,2-pointer,20,40-43,'DAL',trails
115,115,115,200011060DEN,31.7,19.1,2nd quarter,4:04.0,Antonio McDyess,DEN,True,2-pointer,16,42-45,'DAL',trails
116,116,116,200011060DEN,13.1,17.5,2nd quarter,3:17.0,Nick Van,DEN,False,2-pointer,17,42-47,'DAL',trails
117,117,117,200011060DEN,12.3,19.1,2nd quarter,2:49.0,Antonio McDyess,DEN,True,2-pointer,18,44-47,'DAL',trails
118,118,118,200011060DEN,31.0,29.7,2nd quarter,1:47.0,Voshon Lenard,DEN,False,3-pointer,26,44-50,'DAL',trails
119,119,119,200011060DEN,11.6,3.7,2nd quarter,1:13.0,Antonio McDyess,DEN,False,2-pointer,12,44-52,'DAL',trails
120,120,120,200011060DEN,24.3,10.1,2nd quarter,1:10.0,Raef LaFrentz,DEN,True,2-pointer,5,46-52,'DAL',trails
121,121,121,200011060DEN,16.7,30.3,2nd quarter,0:26.9,Nick Van,DEN,False,3-pointer,26,46-54,'DAL',trails
122,122,122,200011060DEN,36.1,31.4,2nd quarter,0:00.0,Nick Van,DEN,False,3-pointer,29,46-57,'DAL',trails
123,123,123,200011060DEN,24.0,5.0,3rd quarter,11:12.0,Raef LaFrentz,DEN,True,2-pointer,0,48-59,'DAL',trails
124,124,124,200011060DEN,24.0,5.0,3rd quarter,10:42.0,Tariq Abdul-Wahad,DEN,False,2-pointer,0,48-59,'DAL',trails
125,125,125,200011060DEN,24.0,5.0,3rd quarter,10:37.0,Raef LaFrentz,DEN,True,2-pointer,0,50-59,'DAL',trails
126,126,126,200011060DEN,24.0,5.0,3rd quarter,10:06.0,Raef LaFrentz,DEN,True,2-pointer,0,52-59,'DAL',trails
127,127,127,200011060DEN,8.7,11.3,3rd quarter,9:37.0,Antonio McDyess,DEN,False,2-pointer,17,52-62,'DAL',trails
128,128,128,200011060DEN,7.8,26.9,3rd quarter,8:58.0,Nick Van,DEN,False,3-pointer,27,52-64,'DAL',trails
129,129,129,200011060DEN,14.6,28.6,3rd quarter,8:30.0,Raef LaFrentz,DEN,True,3-pointer,25,55-64,'DAL',trails
130,130,130,200011060DEN,37.4,25.9,3rd quarter,7:55.0,Raef LaFrentz,DEN,False,3-pointer,25,55-64,'DAL',trails
131,131,131,200011060DEN,24.0,5.0,3rd quarter,6:16.0,Raef LaFrentz,DEN,False,2-pointer,0,59-64,'DAL',trails
132,132,132,200011060DEN,24.0,5.0,3rd quarter,6:11.0,Antonio McDyess,DEN,False,2-pointer,0,59-64,'DAL',trails
133,133,133,200011060DEN,24.0,5.0,3rd quarter,5:55.0,James Posey,DEN,True,2-pointer,0,61-64,'DAL',trails
134,134,134,200011060DEN,24.0,5.0,3rd quarter,5:15.0,Antonio McDyess,DEN,True,2-pointer,0,63-66,'DAL',trails
135,135,135,200011060DEN,24.0,5.0,3rd quarter,3:42.0,Tariq Abdul-Wahad,DEN,False,2-pointer,0,63-68,'DAL',trails
136,136,136,200011060DEN,24.0,5.0,3rd quarter,1:47.0,Keon Clark,DEN,False,2-pointer,0,64-72,'DAL',trails
137,137,137,200011060DEN,24.0,5.0,3rd quarter,1:27.0,Voshon Lenard,DEN,True,2-pointer,0,66-72,'DAL',trails
138,138,138,200011060DEN,12.3,10.7,3rd quarter,0:50.9,Robert Pack,DEN,False,2-pointer,13,66-74,'DAL',trails
139,139,139,200011060DEN,6.4,6.3,3rd quarter,0:04.9,Voshon Lenard,DEN,False,2-pointer,18,69-74,'DAL',trails
140,140,140,200011060DEN,46.0,19.8,4th quarter,11:10.0,George McCloud,DEN,False,3-pointer,27,70-75,'DAL',trails
141,141,141,200011060DEN,24.0,5.0,4th quarter,8:57.0,Antonio McDyess,DEN,True,2-pointer,0,74-81,'DAL',trails
142,142,142,200011060DEN,24.0,5.0,4th quarter,8:27.0,Antonio McDyess,DEN,True,2-pointer,0,76-83,'DAL',trails
143,143,143,200011060DEN,45.4,20.2,4th quarter,7:54.0,James Posey,DEN,False,3-pointer,26,76-86,'DAL',trails
144,144,144,200011060DEN,24.0,5.0,4th quarter,7:47.0,Keon Clark,DEN,True,2-pointer,0,78-86,'DAL',trails
145,145,145,200011060DEN,25.1,25.9,4th quarter,7:23.0,Robert Pack,DEN,False,2-pointer,21,78-87,'DAL',trails
146,146,146,200011060DEN,34.6,5.7,4th quarter,4:49.0,Keon Clark,DEN,False,2-pointer,11,78-94,'DAL',trails
147,147,147,200011060DEN,24.0,5.0,4th quarter,4:45.0,Raef LaFrentz,DEN,True,2-pointer,0,80-94,'DAL',trails
148,148,148,200011060DEN,45.4,19.1,4th quarter,4:09.0,Nick Van,DEN,True,3-pointer,26,83-96,'DAL',trails
149,149,149,200011060DEN,17.3,6.9,4th quarter,2:55.0,Nick Van,DEN,True,2-pointer,7,85-98,'DAL',trails
150,150,150,200011060DEN,24.0,5.0,4th quarter,2:08.0,Robert Pack,DEN,True,2-pointer,0,87-100,'DAL',trails
151,151,151,200011060DEN,24.0,5.0,4th quarter,0:53.9,Robert Pack,DEN,True,2-pointer,0,92-102,'DAL',trails
152,152,152,200011060DEN,24.0,5.0,4th quarter,0:44.9,Robert Pack,DEN,True,2-pointer,0,94-104,'DAL',trails
153,153,153,200011060DEN,19.4,10.7,4th quarter,0:34.9,Robert Pack,DEN,False,2-pointer,7,94-106,'DAL',trails
154,154,154,200011060DEN,24.0,5.0,4th quarter,0:30.9,George McCloud,DEN,True,2-pointer,0,96-106,'DAL',trails
155,155,155,200011060DEN,45.4,21.3,4th quarter,0:14.9,Nick Van,DEN,False,3-pointer,27,96-108,'DAL',trails
156,156,156,200011060ORL,8.3,21.3,1st quarter,11:36.0,Gary Payton,SEA,False,2-pointer,23,0-0,'SEA',tied
157,157,157,200011060ORL,22.4,19.1,1st quarter,10:56.0,Patrick Ewing,SEA,False,2-pointer,14,0-0,'SEA',tied
158,158,158,200011060ORL,4.7,3.3,1st quarter,10:32.0,Vin Baker,SEA,True,2-pointer,19,2-0,'SEA',leads
159,159,159,200011060ORL,23.9,30.7,1st quarter,10:02.0,Rashard Lewis,SEA,False,3-pointer,26,2-2,'SEA',tied
160,160,160,200011060ORL,24.0,5.0,1st quarter,9:43.0,Rashard Lewis,SEA,True,2-pointer,0,4-2,'SEA',leads
161,161,161,200011060ORL,38.0,3.7,1st quarter,8:49.0,Vin Baker,SEA,False,2-pointer,14,5-4,'SEA',leads
162,162,162,200011060ORL,13.1,14.7,1st quarter,7:51.0,Patrick Ewing,SEA,False,2-pointer,15,5-8,'SEA',trails
163,163,163,200011060ORL,24.0,5.0,1st quarter,7:29.0,Patrick Ewing,SEA,False,2-pointer,0,5-8,'SEA',trails
164,164,164,200011060ORL,40.1,17.5,1st quarter,7:25.0,Rashard Lewis,SEA,True,2-pointer,20,7-8,'SEA',trails
165,165,165,200011060ORL,23.9,26.9,1st quarter,6:58.0,Rashard Lewis,SEA,True,2-pointer,22,9-10,'SEA',trails
166,166,166,200011060ORL,24.0,5.0,1st quarter,6:25.0,Desmond Mason,SEA,False,2-pointer,0,9-11,'SEA',trails
167,167,167,200011060ORL,24.0,5.0,1st quarter,6:22.0,Vin Baker,SEA,False,2-pointer,0,9-11,'SEA',trails
168,168,168,200011060ORL,24.0,5.0,1st quarter,6:20.0,Vin Baker,SEA,False,2-pointer,0,9-11,'SEA',trails
169,169,169,200011060ORL,24.0,5.0,1st quarter,6:19.0,Vin Baker,SEA,False,2-pointer,0,9-11,'SEA',trails
170,170,170,200011060ORL,24.0,5.0,1st quarter,6:18.0,Vin Baker,SEA,True,2-pointer,0,11-11,'SEA',tied
171,171,171,200011060ORL,6.8,2.7,1st quarter,5:10.0,Ruben Patterson,SEA,False,2-pointer,17,11-16,'SEA',trails
172,172,172,200011060ORL,11.6,21.3,1st quarter,5:06.0,Vin Baker,SEA,True,2-pointer,20,13-16,'SEA',trails
173,173,173,200011060ORL,38.6,19.8,1st quarter,4:17.0,Desmond Mason,SEA,True,2-pointer,21,15-18,'SEA',trails
174,174,174,200011060ORL,24.0,5.0,1st quarter,3:57.0,Vin Baker,SEA,False,2-pointer,0,15-18,'SEA',trails
175,175,175,200011060ORL,41.6,2.7,1st quarter,3:30.0,Desmond Mason,SEA,False,2-pointer,18,15-18,'SEA',trails
176,176,176,200011060ORL,0.2,2.7,1st quarter,3:25.0,Gary Payton,SEA,True,3-pointer,24,18-18,'SEA',tied
177,177,177,200011060ORL,1.7,3.7,1st quarter,2:40.0,Ruben Patterson,SEA,False,3-pointer,22,18-18,'SEA',tied
178,178,178,200011060ORL,38.0,20.2,1st quarter,2:05.0,Vin Baker,SEA,True,2-pointer,21,20-18,'SEA',leads
179,179,179,200011060ORL,13.9,15.1,1st quarter,1:20.0,Gary Payton,SEA,True,2-pointer,14,22-20,'SEA',leads
180,180,180,200011060ORL,24.0,5.0,1st quarter,0:53.2,Rubén Wolkowyski,SEA,True,2-pointer,0,24-22,'SEA',leads
181,181,181,200011060ORL,23.9,30.1,1st quarter,0:00.4,Gary Payton,SEA,False,3-pointer,25,24-24,'SEA',tied
182,182,182,200011060ORL,24.0,5.0,2nd quarter,11:25.0,Rubén Wolkowyski,SEA,False,2-pointer,0,24-25,'SEA',trails
183,183,183,200011060ORL,40.7,3.3,2nd quarter,11:19.0,Ruben Patterson,SEA,False,2-pointer,17,24-25,'SEA',trails
184,184,184,200011060ORL,14.6,19.1,2nd quarter,10:50.0,Shammond Williams,SEA,False,2-pointer,17,24-27,'SEA',trails
185,185,185,200011060ORL,12.5,17.5,2nd quarter,10:28.0,Emanual Davis,SEA,True,2-pointer,17,26-27,'SEA',trails
186,186,186,200011060ORL,38.0,25.7,2nd quarter,9:42.0,Rashard Lewis,SEA,False,3-pointer,25,26-27,'SEA',trails
187,187,187,200011060ORL,24.0,5.0,2nd quarter,9:26.0,Rubén Wolkowyski,SEA,False,2-pointer,0,26-27,'SEA',trails
188,188,188,200011060ORL,31.7,10.3,2nd quarter,8:59.0,Rashard Lewis,SEA,False,2-pointer,9,26-27,'SEA',trails
189,189,189,200011060ORL,24.0,5.0,2nd quarter,8:52.0,Rashard Lewis,SEA,True,2-pointer,0,28-27,'SEA',leads
190,190,190,200011060ORL,43.1,21.9,2nd quarter,8:26.0,Emanual Davis,SEA,False,3-pointer,26,28-27,'SEA',leads
191,191,191,200011060ORL,24.0,5.0,2nd quarter,7:55.0,Jelani McCoy,SEA,True,2-pointer,0,30-27,'SEA',leads
192,192,192,200011060ORL,24.3,31.2,2nd quarter,7:06.0,Shammond Williams,SEA,False,3-pointer,26,30-29,'SEA',leads
193,193,193,200011060ORL,39.3,24.6,2nd quarter,6:20.0,Emanual Davis,SEA,True,3-pointer,25,33-31,'SEA',leads
194,194,194,200011060ORL,19.0,3.3,2nd quarter,5:23.0,Patrick Ewing,SEA,False,2-pointer,5,33-33,'SEA',tied
195,195,195,200011060ORL,1.1,2.7,2nd quarter,4:53.0,Gary Payton,SEA,False,3-pointer,23,33-33,'SEA',tied
196,196,196,200011060ORL,30.2,21.3,2nd quarter,4:20.0,Vin Baker,SEA,True,2-pointer,17,35-33,'SEA',leads
197,197,197,200011060ORL,8.9,20.8,2nd quarter,3:44.0,Vin Baker,SEA,False,2-pointer,22,35-33,'SEA',leads
198,198,198,200011060ORL,8.9,3.7,2nd quarter,3:16.0,Gary Payton,SEA,True,2-pointer,15,37-35,'SEA',leads
199,199,199,200011060ORL,35.0,19.1,2nd quarter,2:24.0,Patrick Ewing,SEA,True,2-pointer,18,39-38,'SEA',leads
200,200,200,200011060ORL,11.6,14.7,2nd quarter,2:01.0,Gary Payton,SEA,True,2-pointer,16,41-38,'SEA',leads
201,201,201,200011060ORL,1.7,2.3,2nd quarter,1:31.0,Rashard Lewis,SEA,False,3-pointer,22,41-40,'SEA',leads
202,202,202,200011060ORL,23.9,15.1,2nd quarter,0:16.1,Patrick Ewing,SEA,False,2-pointer,10,45-40,'SEA',leads
203,203,203,200011060ORL,24.3,6.5,3rd quarter,11:32.0,Desmond Mason,SEA,True,2-pointer,2,47-40,'SEA',leads
204,204,204,200011060ORL,7.4,24.6,3rd quarter,10:56.0,Desmond Mason,SEA,False,3-pointer,26,47-42,'SEA',leads
205,205,205,200011060ORL,11.0,5.9,3rd quarter,10:36.0,Rashard Lewis,SEA,False,2-pointer,13,47-42,'SEA',leads
206,206,206,200011060ORL,25.1,29.1,3rd quarter,10:11.0,Gary Payton,SEA,False,3-pointer,24,47-44,'SEA',leads
207,207,207,200011060ORL,24.0,5.0,3rd quarter,9:42.0,Desmond Mason,SEA,True,2-pointer,0,49-44,'SEA',leads
208,208,208,200011060ORL,4.7,2.7,3rd quarter,9:13.0,Gary Payton,SEA,False,2-pointer,19,49-44,'SEA',leads
209,209,209,200011060ORL,21.7,12.0,3rd quarter,8:08.0,Gary Payton,SEA,False,2-pointer,7,50-48,'SEA',leads
210,210,210,200011060ORL,24.0,5.0,3rd quarter,7:51.0,Desmond Mason,SEA,False,2-pointer,0,50-48,'SEA',leads
211,211,211,200011060ORL,14.6,7.6,3rd quarter,7:41.0,Desmond Mason,SEA,False,2-pointer,10,50-48,'SEA',leads
212,212,212,200011060ORL,34.4,5.4,3rd quarter,6:18.0,Rashard Lewis,SEA,True,2-pointer,10,52-52,'SEA',tied
213,213,213,200011060ORL,38.6,16.4,3rd quarter,5:49.0,Vin Baker,SEA,False,2-pointer,19,52-55,'SEA',trails
214,214,214,200011060ORL,24.0,5.0,3rd quarter,5:44.0,Rashard Lewis,SEA,True,2-pointer,0,54-55,'SEA',trails
215,215,215,200011060ORL,24.0,5.0,3rd quarter,4:57.0,Shammond Williams,SEA,True,2-pointer,0,56-60,'SEA',trails
216,216,216,200011060ORL,24.0,5.0,3rd quarter,4:20.0,Rashard Lewis,SEA,True,2-pointer,0,60-60,'SEA',tied
217,217,217,200011060ORL,9.5,26.9,3rd quarter,3:42.0,Gary Payton,SEA,False,3-pointer,26,60-62,'SEA',trails
218,218,218,200011060ORL,24.0,5.0,3rd quarter,2:45.0,Vin Baker,SEA,True,2-pointer,0,62-67,'SEA',trails
219,219,219,200011060ORL,40.7,24.6,3rd quarter,2:26.0,Shammond Williams,SEA,False,3-pointer,26,62-67,'SEA',trails
220,220,220,200011060ORL,3.2,18.5,3rd quarter,1:56.0,Shammond Williams,SEA,False,3-pointer,25,62-69,'SEA',trails
221,221,221,200011060ORL,24.0,5.0,3rd quarter,1:43.0,Vin Baker,SEA,False,2-pointer,0,62-69,'SEA',trails
222,222,222,200011060ORL,24.0,5.0,3rd quarter,1:39.0,Rashard Lewis,SEA,True,2-pointer,0,64-69,'SEA',trails
223,223,223,200011060ORL,7.4,17.5,3rd quarter,1:03.0,Rashard Lewis,SEA,False,2-pointer,21,64-71,'SEA',trails
224,224,224,200011060ORL,31.7,8.0,3rd quarter,0:58.0,Gary Payton,SEA,True,2-pointer,8,66-71,'SEA',trails
225,225,225,200011060ORL,46.6,2.7,4th quarter,11:48.0,Ruben Patterson,SEA,False,3-pointer,23,67-73,'SEA',trails
226,226,226,200011060ORL,0.2,4.4,4th quarter,11:32.0,Gary Payton,SEA,True,3-pointer,24,70-73,'SEA',trails
227,227,227,200011060ORL,19.6,22.9,4th quarter,10:54.0,Rubén Wolkowyski,SEA,False,2-pointer,18,70-73,'SEA',trails
228,228,228,200011060ORL,47.3,4.4,4th quarter,10:00.0,Rashard Lewis,SEA,True,3-pointer,23,73-78,'SEA',trails
229,229,229,200011060ORL,39.3,10.7,4th quarter,9:15.0,Gary Payton,SEA,True,2-pointer,16,75-80,'SEA',trails
230,230,230,200011060ORL,24.0,5.0,4th quarter,7:41.0,Patrick Ewing,SEA,True,2-pointer,0,77-85,'SEA',trails
231,231,231,200011060ORL,39.3,24.0,4th quarter,7:17.0,Shammond Williams,SEA,True,3-pointer,24,80-85,'SEA',trails
232,232,232,200011060ORL,24.0,5.0,4th quarter,6:47.0,Rashard Lewis,SEA,True,2-pointer,0,82-87,'SEA',trails
233,233,233,200011060ORL,24.0,5.0,4th quarter,5:59.0,Shammond Williams,SEA,False,2-pointer,0,83-90,'SEA',trails
234,234,234,200011060ORL,24.0,5.0,4th quarter,5:49.0,Rashard Lewis,SEA,True,2-pointer,0,85-90,'SEA',trails
235,235,235,200011060ORL,24.0,5.0,4th quarter,4:56.0,Shammond Williams,SEA,True,2-pointer,0,87-90,'SEA',trails
236,236,236,200011060ORL,23.9,7.6,4th quarter,4:18.0,Patrick Ewing,SEA,True,2-pointer,3,89-93,'SEA',trails
237,237,237,200011060ORL,23.2,8.6,4th quarter,3:41.0,Patrick Ewing,SEA,False,2-pointer,4,89-95,'SEA',trails
238,238,238,200011060ORL,42.2,21.9,4th quarter,2:14.0,Rashard Lewis,SEA,True,3-pointer,25,92-101,'SEA',trails
239,239,239,200011060ORL,24.3,30.7,4th quarter,1:33.0,Vin Baker,SEA,False,3-pointer,26,92-101,'SEA',trails
240,240,240,200011060ORL,24.0,5.0,4th quarter,1:31.0,Ruben Patterson,SEA,False,2-pointer,0,92-101,'SEA',trails
241,241,241,200011060ORL,6.2,24.6,4th quarter,0:18.2,Ruben Patterson,SEA,False,3-pointer,26,94-108,'SEA',trails
242,242,242,200011060ORL,43.1,21.3,4th quarter,0:15.1,Shammond Williams,SEA,True,3-pointer,25,97-108,'SEA',trails
243,243,243,200011060ORL,24.0,5.0,4th quarter,0:02.8,Gary Payton,SEA,True,2-pointer,0,99-110,'SEA',trails
244,244,244,200011060ORL,23.9,16.8,1st quarter,11:17.0,Mike Miller,ORL,False,2-pointer,12,0-0,'SEA',tied
245,245,245,200011060ORL,7.4,24.6,1st quarter,11:10.0,Darrell Armstrong,ORL,False,3-pointer,26,0-0,'SEA',tied
246,246,246,200011060ORL,40.1,25.0,1st quarter,10:47.0,Tracy McGrady,ORL,False,3-pointer,26,0-0,'SEA',tied
247,247,247,200011060ORL,23.2,7.6,1st quarter,9:32.0,John Amaechi,ORL,True,2-pointer,3,4-5,'SEA',trails
248,248,248,200011060ORL,30.2,20.8,1st quarter,9:15.0,Mike Miller,ORL,False,2-pointer,17,4-5,'SEA',trails
249,249,249,200011060ORL,35.0,27.4,1st quarter,8:40.0,Mike Miller,ORL,False,3-pointer,25,4-5,'SEA',trails
250,250,250,200011060ORL,13.1,8.0,1st quarter,8:36.0,Darrell Armstrong,ORL,True,2-pointer,11,6-5,'SEA',leads
251,251,251,200011060ORL,24.0,5.0,1st quarter,8:18.0,Tracy McGrady,ORL,False,2-pointer,0,6-5,'SEA',leads
252,252,252,200011060ORL,8.3,8.0,1st quarter,8:09.0,John Amaechi,ORL,False,2-pointer,16,6-5,'SEA',leads
253,253,253,200011060ORL,24.0,5.0,1st quarter,8:07.0,Tracy McGrady,ORL,True,2-pointer,0,8-5,'SEA',leads
254,254,254,200011060ORL,24.0,5.0,1st quarter,7:07.0,John Amaechi,ORL,True,2-pointer,0,10-7,'SEA',leads
255,255,255,200011060ORL,6.8,1.0,1st quarter,6:07.0,Tracy McGrady,ORL,False,2-pointer,18,11-11,'SEA',tied
256,256,256,200011060ORL,47.3,2.7,1st quarter,6:00.0,Darrell Armstrong,ORL,True,3-pointer,23,16-11,'SEA',leads
257,257,257,200011060ORL,24.0,5.0,1st quarter,4:48.0,John Amaechi,ORL,False,2-pointer,0,16-13,'SEA',leads
258,258,258,200011060ORL,37.2,26.9,1st quarter,4:42.0,Darrell Armstrong,ORL,False,3-pointer,26,16-13,'SEA',leads
259,259,259,200011060ORL,24.0,5.0,1st quarter,4:39.0,John Amaechi,ORL,True,2-pointer,0,18-13,'SEA',leads
260,260,260,200011060ORL,25.1,30.1,1st quarter,4:04.0,Darrell Armstrong,ORL,False,3-pointer,25,18-15,'SEA',leads
261,261,261,200011060ORL,8.9,19.1,1st quarter,3:39.0,Darrell Armstrong,ORL,False,2-pointer,21,18-15,'SEA',leads
262,262,262,200011060ORL,43.1,5.0,1st quarter,3:06.0,John Amaechi,ORL,False,2-pointer,19,18-18,'SEA',tied
263,263,263,200011060ORL,11.0,15.8,1st quarter,2:35.0,Darrell Armstrong,ORL,False,2-pointer,17,18-18,'SEA',tied
264,264,264,200011060ORL,23.9,26.3,1st quarter,1:54.0,Michael Doleac,ORL,False,2-pointer,21,18-20,'SEA',trails
265,265,265,200011060ORL,24.0,5.0,1st quarter,1:52.0,Bo Outlaw,ORL,False,2-pointer,0,18-20,'SEA',trails
266,266,266,200011060ORL,24.0,5.0,1st quarter,1:42.0,Tracy McGrady,ORL,True,2-pointer,0,20-20,'SEA',tied
267,267,267,200011060ORL,11.0,15.1,1st quarter,1:07.0,Michael Doleac,ORL,False,2-pointer,16,20-22,'SEA',trails
268,268,268,200011060ORL,24.0,5.0,1st quarter,1:05.0,Bo Outlaw,ORL,True,2-pointer,0,22-22,'SEA',tied
269,269,269,200011060ORL,24.0,5.0,1st quarter,0:47.3,Tracy McGrady,ORL,True,2-pointer,0,24-24,'SEA',tied
270,270,270,200011060ORL,38.6,3.3,1st quarter,0:08.0,Tracy McGrady,ORL,False,2-pointer,15,24-24,'SEA',tied
271,271,271,200011060ORL,7.4,3.3,2nd quarter,11:12.0,Pat Garrity,ORL,False,2-pointer,17,25-24,'SEA',leads
272,272,272,200011060ORL,24.0,5.0,2nd quarter,11:07.0,Michael Doleac,ORL,True,2-pointer,0,27-24,'SEA',leads
273,273,273,200011060ORL,43.1,4.4,2nd quarter,10:08.0,Troy Hudson,ORL,False,2-pointer,19,27-26,'SEA',leads
274,274,274,200011060ORL,24.3,10.3,2nd quarter,10:00.0,Pat Garrity,ORL,False,2-pointer,5,27-26,'SEA',leads
275,275,275,200011060ORL,42.2,3.3,2nd quarter,8:42.0,Pat Garrity,ORL,False,2-pointer,18,27-28,'SEA',trails
276,276,276,200011060ORL,24.0,5.0,2nd quarter,7:42.0,Bo Outlaw,ORL,False,2-pointer,0,27-30,'SEA',trails
277,277,277,200011060ORL,24.0,5.0,2nd quarter,7:24.0,Monty Williams,ORL,False,2-pointer,0,27-30,'SEA',trails
278,278,278,200011060ORL,24.0,5.0,2nd quarter,7:19.0,Monty Williams,ORL,True,2-pointer,0,29-30,'SEA',trails
279,279,279,200011060ORL,24.0,5.0,2nd quarter,6:47.0,Monty Williams,ORL,False,2-pointer,0,29-30,'SEA',trails
280,280,280,200011060ORL,23.2,17.9,2nd quarter,6:35.0,Darrell Armstrong,ORL,True,2-pointer,13,31-30,'SEA',leads
281,281,281,200011060ORL,24.0,5.0,2nd quarter,6:07.0,Monty Williams,ORL,True,2-pointer,0,33-33,'SEA',tied
282,282,282,200011060ORL,30.8,22.3,2nd quarter,5:35.0,John Amaechi,ORL,False,2-pointer,19,33-33,'SEA',tied
283,283,283,200011060ORL,25.1,23.6,2nd quarter,4:39.0,Darrell Armstrong,ORL,False,2-pointer,19,33-33,'SEA',tied
284,284,284,200011060ORL,23.9,24.6,2nd quarter,4:01.0,Monty Williams,ORL,False,2-pointer,20,33-35,'SEA',trails
285,285,285,200011060ORL,24.0,5.0,2nd quarter,3:37.0,Monty Williams,ORL,True,2-pointer,0,35-35,'SEA',tied
286,286,286,200011060ORL,24.0,5.0,2nd quarter,2:44.0,John Amaechi,ORL,False,2-pointer,0,36-37,'SEA',trails
287,287,287,200011060ORL,24.0,5.0,2nd quarter,1:48.0,Tracy McGrady,ORL,True,2-pointer,0,40-41,'SEA',trails
288,288,288,200011060ORL,24.0,5.0,2nd quarter,1:18.0,Darrell Armstrong,ORL,False,2-pointer,0,40-42,'SEA',trails
289,289,289,200011060ORL,35.9,10.7,2nd quarter,0:55.6,John Amaechi,ORL,False,2-pointer,13,40-44,'SEA',trails
290,290,290,200011060ORL,10.4,15.1,2nd quarter,0:35.6,Pat Garrity,ORL,False,2-pointer,17,40-45,'SEA',trails
291,291,291,200011060ORL,-0.4,5.0,2nd quarter,0:06.4,Darrell Armstrong,ORL,False,3-pointer,24,40-45,'SEA',trails
292,292,292,200011060ORL,24.0,5.0,2nd quarter,0:04.0,Tracy McGrady,ORL,False,2-pointer,0,40-45,'SEA',trails
293,293,293,200011060ORL,9.0,5.1,2nd quarter,0:03.0,Darrell Armstrong,ORL,False,2-pointer,15,40-45,'SEA',trails
294,294,294,200011060ORL,15.4,5.4,3rd quarter,11:50.0,Tracy McGrady,ORL,False,2-pointer,9,40-45,'SEA',trails
295,295,295,200011060ORL,16.1,5.9,3rd quarter,11:20.0,Tracy McGrady,ORL,False,2-pointer,8,40-47,'SEA',trails
296,296,296,200011060ORL,24.0,5.0,3rd quarter,11:19.0,Tracy McGrady,ORL,True,2-pointer,0,42-47,'SEA',trails
297,297,297,200011060ORL,9.5,5.0,3rd quarter,10:44.0,Tracy McGrady,ORL,False,2-pointer,15,42-47,'SEA',trails
298,298,298,200011060ORL,6.2,24.0,3rd quarter,10:03.0,Darrell Armstrong,ORL,False,3-pointer,26,44-47,'SEA',trails
299,299,299,200011060ORL,1.1,2.7,3rd quarter,9:37.0,Mike Miller,ORL,False,3-pointer,23,44-49,'SEA',trails
300,300,300,200011060ORL,24.0,5.0,3rd quarter,9:06.0,Darrell Armstrong,ORL,True,2-pointer,0,46-49,'SEA',trails
301,301,301,200011060ORL,40.7,12.0,3rd quarter,8:30.0,John Amaechi,ORL,True,2-pointer,18,48-50,'SEA',trails
302,302,302,200011060ORL,13.1,5.4,3rd quarter,7:33.0,Darrell Armstrong,ORL,True,2-pointer,11,50-50,'SEA',tied
303,303,303,200011060ORL,18.2,21.9,3rd quarter,7:16.0,Darrell Armstrong,ORL,False,2-pointer,18,50-50,'SEA',tied
304,304,304,200011060ORL,24.0,5.0,3rd quarter,6:40.0,John Amaechi,ORL,True,2-pointer,0,52-50,'SEA',leads
305,305,305,200011060ORL,0.2,13.7,3rd quarter,6:12.0,Mike Miller,ORL,True,3-pointer,25,55-52,'SEA',leads
306,306,306,200011060ORL,34.1,6.0,3rd quarter,5:38.0,John Amaechi,ORL,True,2-pointer,10,57-54,'SEA',leads
307,307,307,200011060ORL,38.6,5.9,3rd quarter,5:14.0,John Amaechi,ORL,True,2-pointer,15,60-54,'SEA',leads
308,308,308,200011060ORL,35.0,28.4,3rd quarter,4:30.0,Darrell Armstrong,ORL,False,3-pointer,26,60-58,'SEA',leads
309,309,309,200011060ORL,24.0,5.0,3rd quarter,4:02.0,Darrell Armstrong,ORL,False,2-pointer,0,60-60,'SEA',tied
310,310,310,200011060ORL,24.0,5.0,3rd quarter,3:49.0,Tracy McGrady,ORL,True,2-pointer,0,62-60,'SEA',leads
311,311,311,200011060ORL,36.5,4.4,3rd quarter,3:34.0,Mike Miller,ORL,True,2-pointer,13,64-60,'SEA',leads
312,312,312,200011060ORL,4.7,21.9,3rd quarter,3:06.0,Mike Miller,ORL,True,3-pointer,26,67-60,'SEA',leads
313,313,313,200011060ORL,36.5,26.9,3rd quarter,2:33.0,Mike Miller,ORL,False,3-pointer,25,67-62,'SEA',leads
314,314,314,200011060ORL,24.0,5.0,3rd quarter,2:20.0,Darrell Armstrong,ORL,False,2-pointer,0,67-62,'SEA',leads
315,315,315,200011060ORL,24.0,5.0,3rd quarter,2:14.0,Tracy McGrady,ORL,True,2-pointer,0,69-62,'SEA',leads
316,316,316,200011060ORL,4.7,2.3,3rd quarter,1:22.0,John Amaechi,ORL,True,2-pointer,19,71-64,'SEA',leads
317,317,317,200011060ORL,42.2,21.9,3rd quarter,0:51.3,Mike Miller,ORL,False,3-pointer,25,71-66,'SEA',leads
318,318,318,200011060ORL,24.0,5.0,4th quarter,11:42.0,Darrell Armstrong,ORL,False,2-pointer,0,73-67,'SEA',leads
319,319,319,200011060ORL,23.2,25.0,4th quarter,11:09.0,Michael Doleac,ORL,False,2-pointer,20,73-70,'SEA',leads
320,320,320,200011060ORL,24.0,5.0,4th quarter,10:42.0,Michael Doleac,ORL,True,2-pointer,0,75-70,'SEA',leads
321,321,321,200011060ORL,24.0,5.0,4th quarter,10:11.0,Tracy McGrady,ORL,True,2-pointer,0,77-70,'SEA',leads
322,322,322,200011060ORL,8.9,19.1,4th quarter,9:43.0,Pat Garrity,ORL,False,2-pointer,21,78-73,'SEA',leads
323,323,323,200011060ORL,17.5,5.0,4th quarter,9:38.0,Michael Doleac,ORL,True,2-pointer,7,80-73,'SEA',leads
324,324,324,200011060ORL,11.0,7.6,4th quarter,8:51.0,Michael Doleac,ORL,True,2-pointer,13,82-75,'SEA',leads
325,325,325,200011060ORL,21.7,30.1,4th quarter,8:03.0,Darrell Armstrong,ORL,True,3-pointer,25,85-75,'SEA',leads
326,326,326,200011060ORL,37.2,14.7,4th quarter,7:04.0,Michael Doleac,ORL,True,2-pointer,16,87-80,'SEA',leads
327,327,327,200011060ORL,41.6,22.9,4th quarter,6:25.0,Tracy McGrady,ORL,True,3-pointer,25,90-83,'SEA',leads
328,328,328,200011060ORL,24.0,5.0,4th quarter,5:55.0,Tracy McGrady,ORL,False,2-pointer,0,90-83,'SEA',leads
329,329,329,200011060ORL,40.7,6.9,4th quarter,5:29.0,Michael Doleac,ORL,False,2-pointer,17,90-85,'SEA',leads
330,330,330,200011060ORL,23.9,30.7,4th quarter,4:40.0,Darrell Armstrong,ORL,True,3-pointer,26,93-87,'SEA',leads
331,331,331,200011060ORL,12.5,3.7,4th quarter,4:03.0,Tracy McGrady,ORL,True,2-pointer,12,95-89,'SEA',leads
332,332,332,200011060ORL,35.9,3.7,4th quarter,3:07.0,Tracy McGrady,ORL,True,2-pointer,12,99-89,'SEA',leads
333,333,333,200011060ORL,29.6,20.2,4th quarter,2:30.0,Michael Doleac,ORL,True,2-pointer,16,101-89,'SEA',leads
334,334,334,200011060ORL,39.3,5.4,4th quarter,0:51.2,Tracy McGrady,ORL,False,2-pointer,15,103-92,'SEA',leads
335,335,335,200011060ORL,24.0,5.0,4th quarter,0:49.7,Michael Doleac,ORL,True,2-pointer,0,105-92,'SEA',leads
336,336,336,200011060ORL,5.3,21.9,4th quarter,0:27.1,Darrell Armstrong,ORL,True,3-pointer,25,108-94,'SEA',leads
337,337,337,200011060ORL,24.0,5.0,4th quarter,0:09.3,Monty Williams,ORL,True,2-pointer,0,110-97,'SEA',leads
338,338,338,200011060SAC,25.1,12.6,1st quarter,11:43.0,Rasheed Wallace,POR,False,2-pointer,8,0-0,'POR',tied
339,339,339,200011060SAC,47.5,8.0,1st quarter,11:14.0,Damon Stoudamire,POR,False,3-pointer,24,0-0,'POR',tied
340,340,340,200011060SAC,40.9,6.3,1st quarter,10:42.0,Rasheed Wallace,POR,False,2-pointer,17,0-0,'POR',tied
341,341,341,200011060SAC,22.4,21.7,1st quarter,10:15.0,Damon Stoudamire,POR,False,2-pointer,17,0-0,'POR',tied
342,342,342,200011060SAC,38.8,5.7,1st quarter,9:57.0,Dale Davis,POR,False,2-pointer,15,0-0,'POR',tied
343,343,343,200011060SAC,24.0,5.0,1st quarter,9:56.0,Rasheed Wallace,POR,True,2-pointer,0,2-0,'POR',leads
344,344,344,200011060SAC,0.0,5.0,1st quarter,9:29.0,Steve Smith,POR,False,3-pointer,24,2-0,'POR',leads
345,345,345,200011060SAC,20.9,6.3,1st quarter,9:04.0,Dale Davis,POR,True,2-pointer,3,4-0,'POR',leads
346,346,346,200011060SAC,24.3,9.7,1st quarter,8:08.0,Steve Smith,POR,False,2-pointer,5,4-5,'POR',trails
347,347,347,200011060SAC,10.2,5.0,1st quarter,7:34.0,Dale Davis,POR,False,2-pointer,14,4-5,'POR',trails
348,348,348,200011060SAC,25.1,10.3,1st quarter,6:25.0,Steve Smith,POR,False,2-pointer,5,4-7,'POR',trails
349,349,349,200011060SAC,27.9,6.3,1st quarter,6:17.0,Scottie Pippen,POR,False,2-pointer,4,4-7,'POR',trails
350,350,350,200011060SAC,28.7,5.7,1st quarter,5:57.0,Damon Stoudamire,POR,True,2-pointer,5,6-9,'POR',trails
351,351,351,200011060SAC,27.2,6.3,1st quarter,4:28.0,Rasheed Wallace,POR,False,2-pointer,3,6-13,'POR',trails
352,352,352,200011060SAC,43.3,14.9,1st quarter,4:24.0,Damon Stoudamire,POR,True,2-pointer,22,8-13,'POR',trails
353,353,353,200011060SAC,5.7,9.7,1st quarter,3:56.0,Damon Stoudamire,POR,True,2-pointer,19,10-13,'POR',trails
354,354,354,200011060SAC,14.6,20.6,1st quarter,3:09.0,Damon Stoudamire,POR,False,2-pointer,18,10-15,'POR',trails
355,355,355,200011060SAC,24.0,5.0,1st quarter,3:07.0,Dale Davis,POR,False,2-pointer,0,10-15,'POR',trails
356,356,356,200011060SAC,24.3,26.3,1st quarter,2:40.0,Rasheed Wallace,POR,True,2-pointer,21,12-17,'POR',trails
357,357,357,200011060SAC,28.7,5.7,1st quarter,2:18.0,Scottie Pippen,POR,True,2-pointer,5,14-17,'POR',trails
358,358,358,200011060SAC,20.3,8.6,1st quarter,1:51.0,Damon Stoudamire,POR,False,2-pointer,5,14-17,'POR',trails
359,359,359,200011060SAC,24.0,5.0,1st quarter,1:47.0,Dale Davis,POR,False,2-pointer,0,14-17,'POR',trails
360,360,360,200011060SAC,33.8,28.0,1st quarter,1:07.0,Scottie Pippen,POR,False,3-pointer,25,14-19,'POR',trails
361,361,361,200011060SAC,24.0,5.0,1st quarter,1:05.0,Steve Smith,POR,True,2-pointer,0,16-19,'POR',trails
362,362,362,200011060SAC,24.0,5.0,1st quarter,0:39.1,Dale Davis,POR,True,2-pointer,0,18-19,'POR',trails
363,363,363,200011060SAC,23.0,24.4,1st quarter,0:01.9,Damon Stoudamire,POR,False,2-pointer,19,18-19,'POR',trails
364,364,364,200011060SAC,20.9,6.3,2nd quarter,10:35.0,Damon Stoudamire,POR,False,2-pointer,3,18-21,'POR',trails
365,365,365,200011060SAC,26.4,10.3,2nd quarter,9:53.0,Shawn Kemp,POR,True,2-pointer,6,22-23,'POR',trails
366,366,366,200011060SAC,31.7,5.0,2nd quarter,9:17.0,Stacey Augmon,POR,True,2-pointer,8,24-23,'POR',leads
367,367,367,200011060SAC,25.8,5.0,2nd quarter,8:46.0,Rasheed Wallace,POR,True,2-pointer,2,26-23,'POR',leads
368,368,368,200011060SAC,13.7,22.9,2nd quarter,8:20.0,Damon Stoudamire,POR,False,2-pointer,21,26-23,'POR',leads
369,369,369,200011060SAC,24.0,5.0,2nd quarter,7:57.0,Bonzi Wells,POR,True,2-pointer,0,28-23,'POR',leads
370,370,370,200011060SAC,23.9,21.3,2nd quarter,7:14.0,Bonzi Wells,POR,False,2-pointer,16,28-23,'POR',leads
371,371,371,200011060SAC,36.1,23.4,2nd quarter,6:56.0,Shawn Kemp,POR,False,2-pointer,22,28-23,'POR',leads
372,372,372,200011060SAC,32.5,7.6,2nd quarter,6:21.0,Bonzi Wells,POR,False,2-pointer,9,28-23,'POR',leads
373,373,373,200011060SAC,20.9,5.7,2nd quarter,5:53.0,Shawn Kemp,POR,False,2-pointer,3,28-26,'POR',leads
374,374,374,200011060SAC,27.3,8.5,2nd quarter,5:26.0,Dale Davis,POR,False,2-pointer,5,28-26,'POR',leads
375,375,375,200011060SAC,20.3,5.7,2nd quarter,4:59.0,Dale Davis,POR,False,2-pointer,4,28-29,'POR',trails
376,376,376,200011060SAC,6.4,23.4,2nd quarter,4:24.0,Greg Anthony,POR,True,3-pointer,25,31-29,'POR',leads
377,377,377,200011060SAC,8.7,13.7,2nd quarter,3:47.0,Shawn Kemp,POR,False,2-pointer,18,31-29,'POR',leads
378,378,378,200011060SAC,29.6,29.1,2nd quarter,3:35.0,Greg Anthony,POR,True,3-pointer,25,34-29,'POR',leads
379,379,379,200011060SAC,33.1,23.4,2nd quarter,2:53.0,Shawn Kemp,POR,False,2-pointer,21,34-32,'POR',leads
380,380,380,200011060SAC,13.7,25.7,2nd quarter,1:50.0,Rasheed Wallace,POR,False,2-pointer,23,34-34,'POR',tied
381,381,381,200011060SAC,37.4,21.7,2nd quarter,1:43.0,Stacey Augmon,POR,False,2-pointer,21,34-34,'POR',tied
382,382,382,200011060SAC,37.4,16.6,2nd quarter,1:24.0,Steve Smith,POR,False,2-pointer,18,34-34,'POR',tied
383,383,383,200011060SAC,24.3,10.7,2nd quarter,0:55.9,Rasheed Wallace,POR,False,2-pointer,6,34-36,'POR',trails
384,384,384,200011060SAC,24.0,5.0,2nd quarter,0:52.9,Dale Davis,POR,False,2-pointer,0,34-36,'POR',trails
385,385,385,200011060SAC,23.0,8.0,2nd quarter,0:02.9,Steve Smith,POR,False,2-pointer,3,36-38,'POR',trails
386,386,386,200011060SAC,25.8,4.2,3rd quarter,11:43.0,Scottie Pippen,POR,True,2-pointer,2,38-38,'POR',tied
387,387,387,200011060SAC,32.5,6.3,3rd quarter,11:05.0,Steve Smith,POR,True,2-pointer,9,40-41,'POR',trails
388,388,388,200011060SAC,25.1,5.7,3rd quarter,10:37.0,Scottie Pippen,POR,True,2-pointer,1,42-41,'POR',leads
389,389,389,200011060SAC,46.8,10.3,3rd quarter,9:51.0,Steve Smith,POR,False,3-pointer,23,42-43,'POR',trails
390,390,390,200011060SAC,32.5,5.7,3rd quarter,9:25.0,Dale Davis,POR,True,2-pointer,9,44-43,'POR',leads
391,391,391,200011060SAC,0.0,6.9,3rd quarter,8:42.0,Steve Smith,POR,False,3-pointer,24,44-45,'POR',trails
392,392,392,200011060SAC,23.0,20.0,3rd quarter,8:07.0,Dale Davis,POR,False,2-pointer,15,44-47,'POR',trails
393,393,393,200011060SAC,24.3,26.9,3rd quarter,7:55.0,Rasheed Wallace,POR,False,2-pointer,22,44-47,'POR',trails
394,394,394,200011060SAC,18.8,6.3,3rd quarter,7:36.0,Scottie Pippen,POR,True,2-pointer,5,46-49,'POR',trails
395,395,395,200011060SAC,9.3,14.3,3rd quarter,7:04.0,Scottie Pippen,POR,False,2-pointer,17,46-49,'POR',trails
396,396,396,200011060SAC,19.4,6.3,3rd quarter,6:41.0,Rasheed Wallace,POR,True,2-pointer,5,48-50,'POR',trails
397,397,397,200011060SAC,23.9,10.7,3rd quarter,4:45.0,Rasheed Wallace,POR,False,2-pointer,6,48-54,'POR',trails
398,398,398,200011060SAC,24.0,5.0,3rd quarter,4:16.0,Rasheed Wallace,POR,True,2-pointer,0,50-54,'POR',trails
399,399,399,200011060SAC,21.7,25.7,3rd quarter,3:36.0,Rasheed Wallace,POR,False,2-pointer,21,50-56,'POR',trails
400,400,400,200011060SAC,7.2,22.9,3rd quarter,2:58.0,Rasheed Wallace,POR,False,3-pointer,25,50-58,'POR',trails
401,401,401,200011060SAC,15.8,13.2,3rd quarter,2:38.0,Shawn Kemp,POR,True,2-pointer,12,52-58,'POR',trails
402,402,402,200011060SAC,7.2,15.4,3rd quarter,2:08.0,Damon Stoudamire,POR,True,2-pointer,20,54-58,'POR',trails
403,403,403,200011060SAC,41.8,14.3,3rd quarter,1:42.0,Damon Stoudamire,POR,False,2-pointer,20,54-58,'POR',trails
404,404,404,200011060SAC,10.8,5.0,3rd quarter,1:03.0,Shawn Kemp,POR,False,2-pointer,13,54-60,'POR',trails
405,405,405,200011060SAC,10.2,6.3,3rd quarter,1:00.0,Shawn Kemp,POR,False,2-pointer,14,54-60,'POR',trails
406,406,406,200011060SAC,38.8,6.3,3rd quarter,0:25.3,Rasheed Wallace,POR,False,2-pointer,15,54-62,'POR',trails
407,407,407,200011060SAC,44.5,17.7,3rd quarter,0:00.9,Bonzi Wells,POR,False,3-pointer,24,54-63,'POR',trails
408,408,408,200011060SAC,33.1,8.6,4th quarter,11:45.0,Bonzi Wells,POR,True,2-pointer,10,56-63,'POR',trails
409,409,409,200011060SAC,10.8,6.3,4th quarter,10:55.0,Shawn Kemp,POR,False,2-pointer,13,56-65,'POR',trails
410,410,410,200011060SAC,46.8,5.7,4th quarter,10:28.0,Greg Anthony,POR,False,3-pointer,23,56-67,'POR',trails
411,411,411,200011060SAC,26.4,5.7,4th quarter,10:24.0,Dale Davis,POR,False,2-pointer,3,56-67,'POR',trails
412,412,412,200011060SAC,23.0,25.0,4th quarter,9:47.0,Shawn Kemp,POR,False,2-pointer,20,56-69,'POR',trails
413,413,413,200011060SAC,20.9,6.3,4th quarter,9:19.0,Bonzi Wells,POR,True,2-pointer,3,58-69,'POR',trails
414,414,414,200011060SAC,45.4,17.7,4th quarter,8:27.0,Scottie Pippen,POR,True,3-pointer,25,61-69,'POR',trails
415,415,415,200011060SAC,23.9,10.3,4th quarter,7:46.0,Bonzi Wells,POR,False,2-pointer,5,61-69,'POR',trails
416,416,416,200011060SAC,16.7,10.3,4th quarter,7:12.0,Rasheed Wallace,POR,True,2-pointer,9,63-71,'POR',trails
417,417,417,200011060SAC,24.0,5.0,4th quarter,6:47.0,Scottie Pippen,POR,True,2-pointer,0,65-71,'POR',trails
418,418,418,200011060SAC,25.8,8.6,4th quarter,5:49.0,Rasheed Wallace,POR,True,2-pointer,4,69-71,'POR',trails
419,419,419,200011060SAC,46.0,16.6,4th quarter,4:55.0,Damon Stoudamire,POR,False,3-pointer,25,69-74,'POR',trails
420,420,420,200011060SAC,24.0,5.0,4th quarter,3:38.0,Rasheed Wallace,POR,False,2-pointer,0,69-74,'POR',trails
421,421,421,200011060SAC,38.8,9.2,4th quarter,2:31.0,Rasheed Wallace,POR,True,2-pointer,15,73-75,'POR',trails
422,422,422,200011060SAC,18.8,22.3,4th quarter,1:52.0,Damon Stoudamire,POR,False,2-pointer,18,73-75,'POR',trails
423,423,423,200011060SAC,15.2,6.9,4th quarter,0:34.5,Rasheed Wallace,POR,True,2-pointer,9,75-75,'POR',tied
424,424,424,200011060SAC,23.9,29.7,4th quarter,0:04.9,Rasheed Wallace,POR,False,3-pointer,25,75-79,'POR',trails
425,425,425,200011060SAC,20.3,8.6,1st quarter,11:22.0,Vlade Divac,SAC,False,2-pointer,5,0-0,'POR',tied
426,426,426,200011060SAC,10.8,9.2,1st quarter,10:56.0,Chris Webber,SAC,False,2-pointer,14,0-0,'POR',tied
427,427,427,200011060SAC,42.4,21.7,1st quarter,9:37.0,Peja Stojaković,SAC,False,3-pointer,25,0-2,'POR',trails
428,428,428,200011060SAC,3.6,8.6,1st quarter,9:15.0,Peja Stojaković,SAC,False,2-pointer,21,0-2,'POR',trails
429,429,429,200011060SAC,20.3,5.7,1st quarter,8:41.0,Chris Webber,SAC,True,2-pointer,4,2-4,'POR',trails
430,430,430,200011060SAC,25.8,5.7,1st quarter,8:20.0,Bobby Jackson,SAC,True,2-pointer,2,4-4,'POR',tied
431,431,431,200011060SAC,25.1,5.7,1st quarter,7:53.0,Peja Stojaković,SAC,False,2-pointer,1,5-4,'POR',leads
432,432,432,200011060SAC,28.7,5.0,1st quarter,7:18.0,Chris Webber,SAC,True,2-pointer,5,7-4,'POR',leads
433,433,433,200011060SAC,18.8,8.0,1st quarter,6:39.0,Vlade Divac,SAC,False,2-pointer,6,7-4,'POR',leads
434,434,434,200011060SAC,13.7,8.6,1st quarter,6:09.0,Chris Webber,SAC,True,2-pointer,11,9-4,'POR',leads
435,435,435,200011060SAC,23.9,17.7,1st quarter,5:43.0,Doug Christie,SAC,False,2-pointer,13,9-6,'POR',leads
436,436,436,200011060SAC,39.7,17.0,1st quarter,5:25.0,Vlade Divac,SAC,True,2-pointer,20,11-6,'POR',leads
437,437,437,200011060SAC,23.0,20.6,1st quarter,4:50.0,Chris Webber,SAC,True,2-pointer,16,13-6,'POR',leads
438,438,438,200011060SAC,33.8,17.7,1st quarter,4:08.0,Bobby Jackson,SAC,False,2-pointer,16,13-8,'POR',leads
439,439,439,200011060SAC,40.3,14.9,1st quarter,3:32.0,Doug Christie,SAC,True,2-pointer,19,15-10,'POR',leads
440,440,440,200011060SAC,20.3,6.3,1st quarter,3:00.0,Vlade Divac,SAC,True,2-pointer,4,17-10,'POR',leads
441,441,441,200011060SAC,42.4,8.0,1st quarter,2:24.0,Vlade Divac,SAC,False,2-pointer,19,17-12,'POR',leads
442,442,442,200011060SAC,41.8,12.6,1st quarter,2:09.0,Doug Christie,SAC,False,2-pointer,19,17-14,'POR',leads
443,443,443,200011060SAC,25.1,9.2,1st quarter,1:27.0,Chris Webber,SAC,True,2-pointer,4,19-14,'POR',leads
444,444,444,200011060SAC,18.8,6.9,1st quarter,0:50.9,Peja Stojaković,SAC,False,2-pointer,6,19-16,'POR',leads
445,445,445,200011060SAC,24.3,30.3,2nd quarter,11:39.0,Jon Barry,SAC,False,3-pointer,25,19-18,'POR',leads
446,446,446,200011060SAC,9.3,16.0,2nd quarter,11:31.0,Chris Webber,SAC,True,2-pointer,18,21-18,'POR',leads
447,447,447,200011060SAC,24.3,10.7,2nd quarter,10:06.0,Scot Pollard,SAC,True,2-pointer,6,23-20,'POR',leads
448,448,448,200011060SAC,13.1,25.0,2nd quarter,9:35.0,Jon Barry,SAC,False,2-pointer,23,23-22,'POR',leads
449,449,449,200011060SAC,9.3,5.0,2nd quarter,8:56.0,Peja Stojaković,SAC,False,2-pointer,15,23-24,'POR',trails
450,450,450,200011060SAC,24.0,5.0,2nd quarter,8:53.0,Lawrence Funderburke,SAC,False,2-pointer,0,23-24,'POR',trails
451,451,451,200011060SAC,23.0,10.3,2nd quarter,8:50.0,Lawrence Funderburke,SAC,False,2-pointer,5,23-24,'POR',trails
452,452,452,200011060SAC,7.8,6.3,2nd quarter,8:27.0,Lawrence Funderburke,SAC,False,2-pointer,16,23-26,'POR',trails
453,453,453,200011060SAC,25.8,5.7,2nd quarter,8:12.0,Bobby Jackson,SAC,False,2-pointer,2,23-26,'POR',trails
454,454,454,200011060SAC,10.2,12.0,2nd quarter,8:04.0,Peja Stojaković,SAC,False,2-pointer,15,23-26,'POR',trails
455,455,455,200011060SAC,15.8,29.1,2nd quarter,7:07.0,Nick Anderson,SAC,False,3-pointer,25,23-28,'POR',trails
456,456,456,200011060SAC,26.4,5.7,2nd quarter,6:44.0,Scot Pollard,SAC,False,2-pointer,3,23-28,'POR',trails
457,457,457,200011060SAC,24.5,9.9,2nd quarter,6:40.0,Nick Anderson,SAC,False,2-pointer,5,23-28,'POR',trails
458,458,458,200011060SAC,26.4,5.7,2nd quarter,6:07.0,Scot Pollard,SAC,True,2-pointer,3,25-28,'POR',trails
459,459,459,200011060SAC,28.7,6.3,2nd quarter,5:40.0,Scot Pollard,SAC,False,2-pointer,5,26-28,'POR',trails
460,460,460,200011060SAC,44.5,18.7,2nd quarter,5:18.0,Jon Barry,SAC,True,3-pointer,25,29-28,'POR',leads
461,461,461,200011060SAC,22.4,9.2,2nd quarter,4:39.0,Jon Barry,SAC,False,2-pointer,4,29-28,'POR',leads
462,462,462,200011060SAC,25.8,29.7,2nd quarter,3:14.0,Nick Anderson,SAC,True,3-pointer,25,32-34,'POR',trails
463,463,463,200011060SAC,19.4,7.6,2nd quarter,2:44.0,Vlade Divac,SAC,False,2-pointer,5,32-34,'POR',trails
464,464,464,200011060SAC,13.7,12.0,2nd quarter,2:41.0,Doug Christie,SAC,True,2-pointer,12,34-34,'POR',tied
465,465,465,200011060SAC,37.4,17.7,2nd quarter,1:34.0,Chris Webber,SAC,False,2-pointer,18,34-34,'POR',tied
466,466,466,200011060SAC,23.9,7.6,2nd quarter,1:17.0,Chris Webber,SAC,True,2-pointer,3,36-34,'POR',leads
467,467,467,200011060SAC,27.9,5.0,3rd quarter,11:50.0,Peja Stojaković,SAC,False,2-pointer,4,38-36,'POR',leads
468,468,468,200011060SAC,25.1,5.7,3rd quarter,11:19.0,Chris Webber,SAC,True,2-pointer,1,40-38,'POR',leads
469,469,469,200011060SAC,4.3,6.9,3rd quarter,10:42.0,Peja Stojaković,SAC,False,2-pointer,20,41-40,'POR',leads
470,470,470,200011060SAC,25.1,8.0,3rd quarter,10:16.0,Vlade Divac,SAC,False,2-pointer,3,41-42,'POR',trails
471,471,471,200011060SAC,19.4,8.0,3rd quarter,10:11.0,Chris Webber,SAC,True,2-pointer,5,43-42,'POR',leads
472,472,472,200011060SAC,2.8,18.3,3rd quarter,9:42.0,Doug Christie,SAC,False,3-pointer,25,43-42,'POR',leads
473,473,473,200011060SAC,25.8,8.0,3rd quarter,9:38.0,Vlade Divac,SAC,False,2-pointer,4,43-42,'POR',leads
474,474,474,200011060SAC,24.0,5.0,3rd quarter,9:37.0,Chris Webber,SAC,False,2-pointer,0,43-42,'POR',leads
475,475,475,200011060SAC,23.9,8.0,3rd quarter,8:58.0,Peja Stojaković,SAC,True,2-pointer,3,45-44,'POR',leads
476,476,476,200011060SAC,27.9,7.6,3rd quarter,8:27.0,Vlade Divac,SAC,True,2-pointer,5,47-44,'POR',leads
477,477,477,200011060SAC,24.0,5.0,3rd quarter,7:48.0,Vlade Divac,SAC,True,2-pointer,0,49-44,'POR',leads
478,478,478,200011060SAC,36.1,5.7,3rd quarter,7:14.0,Doug Christie,SAC,False,2-pointer,12,49-46,'POR',leads
479,479,479,200011060SAC,25.8,5.7,3rd quarter,6:23.0,Chris Webber,SAC,True,2-pointer,2,52-48,'POR',leads
480,480,480,200011060SAC,20.9,6.3,3rd quarter,5:41.0,Vlade Divac,SAC,True,2-pointer,3,54-48,'POR',leads
481,481,481,200011060SAC,33.8,28.0,3rd quarter,5:06.0,Doug Christie,SAC,False,3-pointer,25,54-48,'POR',leads
482,482,482,200011060SAC,30.2,6.3,3rd quarter,3:55.0,Vlade Divac,SAC,True,2-pointer,6,56-50,'POR',leads
483,483,483,200011060SAC,10.2,14.9,3rd quarter,3:18.0,Chris Webber,SAC,True,2-pointer,17,58-50,'POR',leads
484,484,484,200011060SAC,5.1,10.3,3rd quarter,2:14.0,Bobby Jackson,SAC,False,2-pointer,20,58-52,'POR',leads
485,485,485,200011060SAC,31.0,26.9,3rd quarter,1:48.0,Doug Christie,SAC,False,2-pointer,23,58-54,'POR',leads
486,486,486,200011060SAC,39.7,17.0,3rd quarter,1:34.0,Chris Webber,SAC,True,2-pointer,20,60-54,'POR',leads
487,487,487,200011060SAC,37.4,26.3,4th quarter,11:23.0,Jon Barry,SAC,False,3-pointer,25,63-56,'POR',leads
488,488,488,200011060SAC,24.3,13.7,4th quarter,10:41.0,Jon Barry,SAC,True,2-pointer,9,67-56,'POR',leads
489,489,489,200011060SAC,0.7,10.7,4th quarter,10:11.0,Doug Christie,SAC,False,3-pointer,24,67-56,'POR',leads
490,490,490,200011060SAC,10.8,10.7,4th quarter,10:03.0,Chris Webber,SAC,False,2-pointer,14,67-56,'POR',leads
491,491,491,200011060SAC,24.0,5.0,4th quarter,10:02.0,Doug Christie,SAC,True,2-pointer,0,69-56,'POR',leads
492,492,492,200011060SAC,18.8,6.9,4th quarter,9:24.0,Jon Barry,SAC,False,2-pointer,6,69-56,'POR',leads
493,493,493,200011060SAC,30.2,29.7,4th quarter,8:50.0,Doug Christie,SAC,False,3-pointer,25,69-58,'POR',leads
494,494,494,200011060SAC,21.7,29.7,4th quarter,8:06.0,Jon Barry,SAC,False,3-pointer,25,69-61,'POR',leads
495,495,495,200011060SAC,5.7,23.4,4th quarter,8:01.0,Jon Barry,SAC,False,3-pointer,26,69-61,'POR',leads
496,496,496,200011060SAC,20.3,23.4,4th quarter,7:33.0,Chris Webber,SAC,True,2-pointer,19,71-61,'POR',leads
497,497,497,200011060SAC,19.4,5.7,4th quarter,6:28.0,Vlade Divac,SAC,False,2-pointer,5,71-65,'POR',leads
498,498,498,200011060SAC,18.2,29.7,4th quarter,5:59.0,Jon Barry,SAC,False,3-pointer,25,71-67,'POR',leads
499,499,499,200011060SAC,11.6,27.4,4th quarter,5:22.0,Jon Barry,SAC,True,3-pointer,26,74-69,'POR',leads
500,500,500,200011060SAC,17.3,9.2,4th quarter,4:30.0,Chris Webber,SAC,False,2-pointer,8,74-69,'POR',leads
501,501,501,200011060SAC,24.3,12.0,4th quarter,3:53.0,Chris Webber,SAC,False,2-pointer,7,74-69,'POR',leads
502,502,502,200011060SAC,0.0,3.5,4th quarter,2:49.0,Peja Stojaković,SAC,False,3-pointer,24,75-71,'POR',leads
503,503,503,200011060SAC,5.7,4.8,4th quarter,2:10.0,Peja Stojaković,SAC,False,2-pointer,18,75-73,'POR',leads
504,504,504,200011060SAC,18.8,10.3,4th quarter,1:29.0,Chris Webber,SAC,False,2-pointer,7,75-73,'POR',leads
505,505,505,200011060SAC,15.2,21.7,4th quarter,0:56.9,Chris Webber,SAC,False,2-pointer,19,75-73,'POR',leads
506,506,506,200011060SAC,21.7,5.7,4th quarter,0:22.3,Vlade Divac,SAC,True,2-pointer,2,77-75,'POR',leads
507,507,507,200011060UTA,19.8,15.6,1st quarter,11:26.0,Rasho Nesterović,MIN,False,2-pointer,11,0-0,'UTA',tied
508,508,508,200011060UTA,32.9,25.7,1st quarter,10:52.0,Terrell Brandon,MIN,True,2-pointer,23,2-2,'UTA',tied
509,509,509,200011060UTA,29.1,8.0,1st quarter,10:18.0,Wally Szczerbiak,MIN,True,2-pointer,6,4-2,'UTA',leads
510,510,510,200011060UTA,7.2,5.0,1st quarter,9:57.0,Kevin Garnett,MIN,False,2-pointer,17,4-2,'UTA',leads
511,511,511,200011060UTA,39.5,18.5,1st quarter,9:33.0,Wally Szczerbiak,MIN,True,2-pointer,21,6-4,'UTA',leads
512,512,512,200011060UTA,28.5,17.9,1st quarter,9:09.0,Chauncey Billups,MIN,True,2-pointer,14,8-4,'UTA',leads
513,513,513,200011060UTA,40.3,12.8,1st quarter,8:47.0,Wally Szczerbiak,MIN,False,2-pointer,18,9-4,'UTA',leads
514,514,514,200011060UTA,22.2,6.9,1st quarter,8:28.0,Chauncey Billups,MIN,True,2-pointer,3,11-6,'UTA',leads
515,515,515,200011060UTA,24.0,5.0,1st quarter,8:06.0,Rasho Nesterović,MIN,True,2-pointer,0,13-6,'UTA',leads
516,516,516,200011060UTA,8.7,14.5,1st quarter,7:12.0,Kevin Garnett,MIN,True,2-pointer,18,15-6,'UTA',leads
517,517,517,200011060UTA,24.0,5.0,1st quarter,6:40.0,Chauncey Billups,MIN,False,2-pointer,0,15-6,'UTA',leads
518,518,518,200011060UTA,39.5,20.2,1st quarter,6:22.0,Sam Mitchell,MIN,False,2-pointer,22,15-6,'UTA',leads
519,519,519,200011060UTA,24.0,5.0,1st quarter,5:51.0,Chauncey Billups,MIN,False,2-pointer,0,15-8,'UTA',leads
520,520,520,200011060UTA,24.0,5.0,1st quarter,5:49.0,Chauncey Billups,MIN,False,2-pointer,0,15-8,'UTA',leads
521,521,521,200011060UTA,30.6,25.7,1st quarter,5:27.0,Kevin Garnett,MIN,False,2-pointer,22,15-8,'UTA',leads
522,522,522,200011060UTA,22.8,9.2,1st quarter,4:24.0,Kevin Garnett,MIN,False,2-pointer,4,17-12,'UTA',leads
523,523,523,200011060UTA,40.9,16.8,1st quarter,4:14.0,Terrell Brandon,MIN,True,2-pointer,21,19-12,'UTA',leads
524,524,524,200011060UTA,0.5,6.3,1st quarter,3:48.0,Chauncey Billups,MIN,True,3-pointer,24,22-12,'UTA',leads
525,525,525,200011060UTA,43.3,20.8,1st quarter,3:07.0,Chauncey Billups,MIN,True,3-pointer,25,25-12,'UTA',leads
526,526,526,200011060UTA,30.0,5.7,1st quarter,1:53.0,Kevin Garnett,MIN,True,2-pointer,6,27-16,'UTA',leads
527,527,527,200011060UTA,24.9,17.9,1st quarter,1:19.0,Kevin Garnett,MIN,True,2-pointer,13,29-18,'UTA',leads
528,528,528,200011060UTA,13.1,12.2,1st quarter,0:33.9,Kevin Garnett,MIN,False,2-pointer,13,29-18,'UTA',leads
529,529,529,200011060UTA,27.0,30.3,1st quarter,0:03.9,Chauncey Billups,MIN,False,3-pointer,25,29-20,'UTA',leads
530,530,530,200011060UTA,16.9,17.9,2nd quarter,11:44.0,Anthony Peeler,MIN,True,2-pointer,15,31-20,'UTA',leads
531,531,531,200011060UTA,46.8,4.6,2nd quarter,10:43.0,Anthony Peeler,MIN,False,3-pointer,23,31-21,'UTA',leads
532,532,532,200011060UTA,27.0,7.6,2nd quarter,10:39.0,LaPhonso Ellis,MIN,False,2-pointer,4,31-21,'UTA',leads
533,533,533,200011060UTA,24.0,5.0,2nd quarter,10:38.0,Dean Garrett,MIN,True,2-pointer,0,33-21,'UTA',leads
534,534,534,200011060UTA,37.4,6.3,2nd quarter,9:59.0,Anthony Peeler,MIN,False,2-pointer,13,33-24,'UTA',leads
535,535,535,200011060UTA,13.1,22.7,2nd quarter,9:33.0,Wally Szczerbiak,MIN,True,2-pointer,21,35-26,'UTA',leads
536,536,536,200011060UTA,27.7,27.4,2nd quarter,8:54.0,Terrell Brandon,MIN,False,2-pointer,23,35-28,'UTA',leads
537,537,537,200011060UTA,24.9,25.0,2nd quarter,8:37.0,Wally Szczerbiak,MIN,True,2-pointer,20,37-29,'UTA',leads
538,538,538,200011060UTA,25.6,25.0,2nd quarter,8:06.0,Wally Szczerbiak,MIN,False,2-pointer,20,37-31,'UTA',leads
539,539,539,200011060UTA,22.8,29.1,2nd quarter,7:43.0,Anthony Peeler,MIN,False,3-pointer,24,37-31,'UTA',leads
540,540,540,200011060UTA,9.3,15.6,2nd quarter,7:16.0,Terrell Brandon,MIN,False,2-pointer,18,37-33,'UTA',leads
541,541,541,200011060UTA,24.0,5.0,2nd quarter,7:14.0,Terrell Brandon,MIN,False,2-pointer,0,37-33,'UTA',leads
542,542,542,200011060UTA,24.0,5.0,2nd quarter,6:35.0,Chauncey Billups,MIN,True,2-pointer,0,39-35,'UTA',leads
543,543,543,200011060UTA,41.8,5.7,2nd quarter,6:10.0,Terrell Brandon,MIN,True,2-pointer,18,42-35,'UTA',leads
544,544,544,200011060UTA,42.4,4.2,2nd quarter,5:46.0,Wally Szczerbiak,MIN,True,2-pointer,18,44-37,'UTA',leads
545,545,545,200011060UTA,43.3,2.9,2nd quarter,5:17.0,Terrell Brandon,MIN,True,2-pointer,19,46-37,'UTA',leads
546,546,546,200011060UTA,38.8,20.2,2nd quarter,4:35.0,Chauncey Billups,MIN,False,2-pointer,21,46-39,'UTA',leads
547,547,547,200011060UTA,23.6,27.4,2nd quarter,4:06.0,Terrell Brandon,MIN,True,2-pointer,22,48-39,'UTA',leads
548,548,548,200011060UTA,24.1,17.5,2nd quarter,2:26.0,Terrell Brandon,MIN,False,2-pointer,13,48-43,'UTA',leads
549,549,549,200011060UTA,24.0,5.0,2nd quarter,2:14.0,Chauncey Billups,MIN,False,2-pointer,0,48-44,'UTA',leads
550,550,550,200011060UTA,30.0,10.9,2nd quarter,0:51.9,Wally Szczerbiak,MIN,False,2-pointer,8,49-47,'UTA',leads
551,551,551,200011060UTA,13.1,12.8,2nd quarter,0:09.4,Kevin Garnett,MIN,False,2-pointer,13,49-49,'UTA',tied
552,552,552,200011060UTA,24.9,8.0,3rd quarter,11:42.0,Rasho Nesterović,MIN,False,2-pointer,3,51-49,'UTA',leads
553,553,553,200011060UTA,24.0,5.0,3rd quarter,11:30.0,Chauncey Billups,MIN,True,2-pointer,0,53-49,'UTA',leads
554,554,554,200011060UTA,15.4,20.2,3rd quarter,10:55.0,Rasho Nesterović,MIN,False,2-pointer,17,53-51,'UTA',leads
555,555,555,200011060UTA,1.3,8.0,3rd quarter,10:21.0,Chauncey Billups,MIN,False,3-pointer,23,53-51,'UTA',leads
556,556,556,200011060UTA,24.0,5.0,3rd quarter,9:43.0,Kevin Garnett,MIN,True,2-pointer,0,55-51,'UTA',leads
557,557,557,200011060UTA,32.1,25.0,3rd quarter,9:03.0,Terrell Brandon,MIN,False,2-pointer,22,55-53,'UTA',leads
558,558,558,200011060UTA,30.6,24.4,3rd quarter,7:47.0,Terrell Brandon,MIN,True,2-pointer,20,57-55,'UTA',leads
559,559,559,200011060UTA,32.9,27.4,3rd quarter,7:11.0,Wally Szczerbiak,MIN,True,3-pointer,24,60-55,'UTA',leads
560,560,560,200011060UTA,14.6,28.0,3rd quarter,6:33.0,Wally Szczerbiak,MIN,True,3-pointer,25,63-57,'UTA',leads
561,561,561,200011060UTA,32.1,18.5,3rd quarter,5:34.0,Terrell Brandon,MIN,False,2-pointer,16,63-61,'UTA',leads
562,562,562,200011060UTA,24.0,5.0,3rd quarter,5:03.0,Terrell Brandon,MIN,True,2-pointer,0,65-61,'UTA',leads
563,563,563,200011060UTA,18.4,9.9,3rd quarter,4:11.0,Chauncey Billups,MIN,False,2-pointer,7,67-61,'UTA',leads
564,564,564,200011060UTA,9.3,4.2,3rd quarter,3:39.0,Terrell Brandon,MIN,True,2-pointer,15,69-61,'UTA',leads
565,565,565,200011060UTA,10.2,2.5,3rd quarter,2:24.0,Rasho Nesterović,MIN,False,2-pointer,14,71-65,'UTA',leads
566,566,566,200011060UTA,30.0,15.6,3rd quarter,2:24.0,Chauncey Billups,MIN,False,2-pointer,12,71-65,'UTA',leads
567,567,567,200011060UTA,7.2,2.5,3rd quarter,1:12.0,Kevin Garnett,MIN,True,2-pointer,17,75-67,'UTA',leads
568,568,568,200011060UTA,19.8,28.4,3rd quarter,0:35.3,Chauncey Billups,MIN,True,3-pointer,24,78-69,'UTA',leads
569,569,569,200011060UTA,11.6,17.5,4th quarter,11:18.0,Dean Garrett,MIN,True,2-pointer,18,80-69,'UTA',leads
570,570,570,200011060UTA,37.4,12.2,4th quarter,10:27.0,Terrell Brandon,MIN,True,2-pointer,15,82-70,'UTA',leads
571,571,571,200011060UTA,24.0,5.0,4th quarter,8:46.0,Kevin Garnett,MIN,False,2-pointer,0,82-73,'UTA',leads
572,572,572,200011060UTA,13.9,10.5,4th quarter,8:33.0,Kevin Garnett,MIN,False,2-pointer,12,82-73,'UTA',leads
573,573,573,200011060UTA,35.0,27.4,4th quarter,8:11.0,Terrell Brandon,MIN,False,3-pointer,25,82-73,'UTA',leads
574,574,574,200011060UTA,13.9,20.8,4th quarter,8:00.0,Terrell Brandon,MIN,True,2-pointer,19,84-73,'UTA',leads
575,575,575,200011060UTA,23.6,19.1,4th quarter,7:10.0,Terrell Brandon,MIN,False,2-pointer,14,84-76,'UTA',leads
576,576,576,200011060UTA,8.7,17.9,4th quarter,6:35.0,Kevin Garnett,MIN,True,2-pointer,20,86-78,'UTA',leads
577,577,577,200011060UTA,29.1,28.4,4th quarter,5:23.0,Anthony Peeler,MIN,False,3-pointer,24,88-80,'UTA',leads
578,578,578,200011060UTA,33.6,28.0,4th quarter,4:52.0,Wally Szczerbiak,MIN,False,3-pointer,25,88-82,'UTA',leads
579,579,579,200011060UTA,15.4,5.7,4th quarter,4:25.0,Kevin Garnett,MIN,True,2-pointer,9,90-84,'UTA',leads
580,580,580,200011060UTA,21.3,26.7,4th quarter,2:45.0,Kevin Garnett,MIN,False,2-pointer,22,92-86,'UTA',leads
581,581,581,200011060UTA,24.0,5.0,4th quarter,2:29.0,Terrell Brandon,MIN,False,2-pointer,0,92-86,'UTA',leads
582,582,582,200011060UTA,0.5,4.6,4th quarter,1:30.0,Chauncey Billups,MIN,False,3-pointer,24,92-91,'UTA',leads
583,583,583,200011060UTA,5.7,3.5,4th quarter,1:15.0,Kevin Garnett,MIN,False,2-pointer,18,92-92,'UTA',tied
584,584,584,200011060UTA,14.6,8.6,4th quarter,0:54.9,Kevin Garnett,MIN,False,2-pointer,10,92-94,'UTA',trails
585,585,585,200011060UTA,24.9,16.8,4th quarter,0:21.9,Terrell Brandon,MIN,False,2-pointer,12,92-94,'UTA',trails
586,586,586,200011060UTA,5.7,21.5,4th quarter,0:05.9,Kevin Garnett,MIN,False,3-pointer,25,92-96,'UTA',trails
587,587,587,200011060UTA,10.8,23.4,1st quarter,11:47.0,Bryon Russell,UTA,False,2-pointer,23,0-0,'UTA',tied
588,588,588,200011060UTA,12.3,6.3,1st quarter,11:07.0,Olden Polynice,UTA,False,2-pointer,12,0-0,'UTA',tied
589,589,589,200011060UTA,24.0,5.0,1st quarter,11:05.0,Bryon Russell,UTA,True,2-pointer,0,2-0,'UTA',leads
590,590,590,200011060UTA,25.6,15.1,1st quarter,10:28.0,John Starks,UTA,False,2-pointer,10,2-2,'UTA',tied
591,591,591,200011060UTA,24.0,5.0,1st quarter,9:49.0,Karl Malone,UTA,True,2-pointer,0,4-4,'UTA',tied
592,592,592,200011060UTA,9.3,20.2,1st quarter,9:15.0,John Stockton,UTA,False,2-pointer,21,4-6,'UTA',trails
593,593,593,200011060UTA,22.2,8.6,1st quarter,8:54.0,Karl Malone,UTA,False,2-pointer,4,4-9,'UTA',trails
594,594,594,200011060UTA,24.0,5.0,1st quarter,8:42.0,Bryon Russell,UTA,True,2-pointer,0,6-9,'UTA',trails
595,595,595,200011060UTA,16.9,25.0,1st quarter,7:49.0,John Starks,UTA,False,2-pointer,21,6-13,'UTA',trails
596,596,596,200011060UTA,8.7,18.5,1st quarter,7:42.0,Karl Malone,UTA,False,2-pointer,20,6-13,'UTA',trails
597,597,597,200011060UTA,21.3,6.9,1st quarter,6:09.0,Karl Malone,UTA,True,2-pointer,3,8-15,'UTA',trails
598,598,598,200011060UTA,24.0,5.0,1st quarter,5:44.0,Bryon Russell,UTA,False,2-pointer,0,8-15,'UTA',trails
599,599,599,200011060UTA,24.0,5.0,1st quarter,5:19.0,Karl Malone,UTA,True,2-pointer,0,10-15,'UTA',trails
600,600,600,200011060UTA,38.0,10.9,1st quarter,4:37.0,Karl Malone,UTA,True,2-pointer,15,12-17,'UTA',trails
601,601,601,200011060UTA,24.0,5.0,1st quarter,3:56.0,Bryon Russell,UTA,False,2-pointer,0,12-19,'UTA',trails
602,602,602,200011060UTA,24.0,5.0,1st quarter,3:26.0,Karl Malone,UTA,False,2-pointer,0,12-22,'UTA',trails
603,603,603,200011060UTA,4.9,16.8,1st quarter,2:50.0,Jacque Vaughn,UTA,True,2-pointer,22,14-25,'UTA',trails
604,604,604,200011060UTA,42.4,4.6,1st quarter,2:13.0,Karl Malone,UTA,True,2-pointer,18,16-25,'UTA',trails
605,605,605,200011060UTA,10.8,19.8,1st quarter,1:35.0,Bryon Russell,UTA,True,2-pointer,20,18-27,'UTA',trails
606,606,606,200011060UTA,34.4,5.7,1st quarter,0:54.9,Jacque Vaughn,UTA,False,2-pointer,10,18-29,'UTA',trails
607,607,607,200011060UTA,29.1,27.4,1st quarter,0:19.9,Jacque Vaughn,UTA,True,2-pointer,23,20-29,'UTA',trails
608,608,608,200011060UTA,29.1,6.9,2nd quarter,10:22.0,Danny Manning,UTA,True,2-pointer,5,23-33,'UTA',trails
609,609,609,200011060UTA,24.0,5.0,2nd quarter,9:51.0,Donyell Marshall,UTA,True,2-pointer,0,26-33,'UTA',trails
610,610,610,200011060UTA,25.6,8.0,2nd quarter,9:13.0,Jacque Vaughn,UTA,True,2-pointer,3,28-35,'UTA',trails
611,611,611,200011060UTA,7.8,18.5,2nd quarter,8:22.0,Donyell Marshall,UTA,True,2-pointer,21,31-37,'UTA',trails
612,612,612,200011060UTA,7.2,19.1,2nd quarter,6:53.0,Quincy Lewis,UTA,True,2-pointer,22,35-37,'UTA',trails
613,613,613,200011060UTA,24.0,5.0,2nd quarter,5:55.0,Jacque Vaughn,UTA,True,2-pointer,0,37-42,'UTA',trails
614,614,614,200011060UTA,30.6,13.2,2nd quarter,4:56.0,Danny Manning,UTA,True,2-pointer,11,39-46,'UTA',trails
615,615,615,200011060UTA,24.0,5.0,2nd quarter,3:46.0,Karl Malone,UTA,True,2-pointer,0,41-48,'UTA',trails
616,616,616,200011060UTA,24.0,5.0,2nd quarter,3:17.0,John Starks,UTA,True,2-pointer,0,43-48,'UTA',trails
617,617,617,200011060UTA,24.1,6.9,2nd quarter,2:48.0,John Starks,UTA,False,2-pointer,2,43-48,'UTA',trails
618,618,618,200011060UTA,7.8,19.8,2nd quarter,2:05.0,Karl Malone,UTA,False,2-pointer,22,44-48,'UTA',trails
619,619,619,200011060UTA,4.9,15.1,2nd quarter,1:06.0,John Stockton,UTA,False,2-pointer,22,47-49,'UTA',trails
620,620,620,200011060UTA,30.6,10.5,2nd quarter,0:28.9,John Stockton,UTA,True,2-pointer,9,49-49,'UTA',tied
621,621,621,200011060UTA,24.0,5.0,2nd quarter,0:00.0,John Stockton,UTA,False,2-pointer,0,49-51,'UTA',trails
622,622,622,200011060UTA,13.9,12.8,3rd quarter,11:10.0,Olden Polynice,UTA,True,2-pointer,13,51-53,'UTA',trails
623,623,623,200011060UTA,34.4,27.4,3rd quarter,10:35.0,Bryon Russell,UTA,False,3-pointer,25,51-53,'UTA',trails
624,624,624,200011060UTA,40.9,4.2,3rd quarter,10:00.0,Karl Malone,UTA,False,2-pointer,17,51-53,'UTA',trails
625,625,625,200011060UTA,24.9,26.1,3rd quarter,9:18.0,John Stockton,UTA,True,2-pointer,21,53-55,'UTA',trails
626,626,626,200011060UTA,7.2,5.0,3rd quarter,7:31.0,Karl Malone,UTA,False,2-pointer,17,55-57,'UTA',trails
627,627,627,200011060UTA,35.0,22.1,3rd quarter,6:55.0,Karl Malone,UTA,True,2-pointer,20,57-60,'UTA',trails
628,628,628,200011060UTA,16.1,5.7,3rd quarter,5:58.0,John Stockton,UTA,True,2-pointer,8,61-63,'UTA',trails
629,629,629,200011060UTA,35.9,13.2,3rd quarter,5:20.0,Karl Malone,UTA,False,2-pointer,14,61-63,'UTA',trails
630,630,630,200011060UTA,24.0,5.0,3rd quarter,5:11.0,Olden Polynice,UTA,False,2-pointer,0,61-63,'UTA',trails
631,631,631,200011060UTA,30.0,7.6,3rd quarter,4:43.0,John Starks,UTA,False,2-pointer,7,61-65,'UTA',trails
632,632,632,200011060UTA,24.0,5.0,3rd quarter,3:18.0,Jacque Vaughn,UTA,True,2-pointer,0,63-69,'UTA',trails
633,633,633,200011060UTA,24.0,5.0,3rd quarter,3:02.0,Bryon Russell,UTA,False,2-pointer,0,63-69,'UTA',trails
634,634,634,200011060UTA,24.0,5.0,3rd quarter,2:41.0,DeShawn Stevenson,UTA,True,2-pointer,0,65-71,'UTA',trails
635,635,635,200011060UTA,22.8,14.5,3rd quarter,1:58.0,Karl Malone,UTA,False,2-pointer,10,65-71,'UTA',trails
636,636,636,200011060UTA,29.1,23.4,3rd quarter,1:34.0,Karl Malone,UTA,True,2-pointer,19,67-73,'UTA',trails
637,637,637,200011060UTA,24.0,5.0,3rd quarter,0:54.9,Bryon Russell,UTA,True,2-pointer,0,69-75,'UTA',trails
638,638,638,200011060UTA,28.5,12.8,3rd quarter,0:00.1,Jacque Vaughn,UTA,False,2-pointer,9,69-78,'UTA',trails
639,639,639,200011060UTA,34.4,8.6,4th quarter,11:42.0,Donyell Marshall,UTA,False,2-pointer,11,69-78,'UTA',trails
640,640,640,200011060UTA,21.3,13.9,4th quarter,11:36.0,Danny Manning,UTA,False,2-pointer,9,69-78,'UTA',trails
641,641,641,200011060UTA,23.6,14.5,4th quarter,9:36.0,Donyell Marshall,UTA,False,2-pointer,10,70-82,'UTA',trails
642,642,642,200011060UTA,10.8,25.7,4th quarter,9:19.0,John Stockton,UTA,True,3-pointer,25,73-82,'UTA',trails
643,643,643,200011060UTA,16.9,22.1,4th quarter,7:42.0,Donyell Marshall,UTA,False,2-pointer,19,73-84,'UTA',trails
644,644,644,200011060UTA,46.2,15.6,4th quarter,7:36.0,John Starks,UTA,True,3-pointer,25,76-84,'UTA',trails
645,645,645,200011060UTA,33.6,22.7,4th quarter,6:56.0,John Stockton,UTA,True,2-pointer,20,78-84,'UTA',trails
646,646,646,200011060UTA,24.1,21.5,4th quarter,6:19.0,John Stockton,UTA,False,2-pointer,17,78-86,'UTA',trails
647,647,647,200011060UTA,17.5,8.6,4th quarter,6:15.0,Danny Manning,UTA,True,2-pointer,7,80-86,'UTA',trails
648,648,648,200011060UTA,44.7,6.3,4th quarter,5:13.0,Bryon Russell,UTA,True,2-pointer,21,82-88,'UTA',trails
649,649,649,200011060UTA,44.7,15.1,4th quarter,4:41.0,John Starks,UTA,True,2-pointer,23,84-88,'UTA',trails
650,650,650,200011060UTA,41.8,4.2,4th quarter,4:02.0,Karl Malone,UTA,False,2-pointer,18,84-90,'UTA',trails
651,651,651,200011060UTA,13.1,28.0,4th quarter,3:55.0,Bryon Russell,UTA,False,3-pointer,25,84-90,'UTA',trails
652,652,652,200011060UTA,39.5,22.7,4th quarter,3:50.0,Danny Manning,UTA,False,3-pointer,24,84-90,'UTA',trails
653,653,653,200011060UTA,24.0,5.0,4th quarter,3:46.0,John Starks,UTA,True,2-pointer,0,86-90,'UTA',trails
654,654,654,200011060UTA,9.3,15.1,4th quarter,3:07.0,John Stockton,UTA,False,2-pointer,18,86-92,'UTA',trails
655,655,655,200011060UTA,46.8,6.9,4th quarter,1:48.0,John Starks,UTA,True,3-pointer,23,91-92,'UTA',trails
656,656,656,200011060VAN,31.0,5.0,1st quarter,11:48.0,Roshown McLeod,ATL,True,2-pointer,7,2-0,'VAN',leads
657,657,657,200011060VAN,28.3,5.0,1st quarter,11:11.0,Alan Henderson,ATL,False,2-pointer,4,2-0,'VAN',leads
658,658,658,200011060VAN,24.7,5.4,1st quarter,11:09.0,Lorenzen Wright,ATL,False,2-pointer,1,2-0,'VAN',leads
659,659,659,200011060VAN,24.1,5.4,1st quarter,11:07.0,Alan Henderson,ATL,False,2-pointer,0,2-0,'VAN',leads
660,660,660,200011060VAN,23.6,5.0,1st quarter,11:04.0,Alan Henderson,ATL,True,2-pointer,0,4-0,'VAN',leads
661,661,661,200011060VAN,0.9,8.0,1st quarter,10:29.0,Jason Terry,ATL,False,3-pointer,23,4-0,'VAN',leads
662,662,662,200011060VAN,29.8,4.4,1st quarter,10:12.0,Alan Henderson,ATL,False,2-pointer,6,4-0,'VAN',leads
663,663,663,200011060VAN,24.1,5.0,1st quarter,10:09.0,Alan Henderson,ATL,True,2-pointer,0,6-0,'VAN',leads
664,664,664,200011060VAN,20.7,8.0,1st quarter,9:25.0,Alan Henderson,ATL,False,2-pointer,4,6-2,'VAN',leads
665,665,665,200011060VAN,12.9,8.6,1st quarter,8:16.0,Roshown McLeod,ATL,True,2-pointer,12,8-2,'VAN',leads
666,666,666,200011060VAN,36.9,11.6,1st quarter,7:37.0,Jason Terry,ATL,False,2-pointer,14,8-3,'VAN',leads
667,667,667,200011060VAN,23.6,6.9,1st quarter,6:33.0,Lorenzen Wright,ATL,True,2-pointer,2,12-5,'VAN',leads
668,668,668,200011060VAN,37.6,20.6,1st quarter,5:59.0,Jim Jackson,ATL,False,2-pointer,21,12-5,'VAN',leads
669,669,669,200011060VAN,40.3,9.9,1st quarter,5:23.0,Jason Terry,ATL,False,2-pointer,17,14-5,'VAN',leads
670,670,670,200011060VAN,7.8,5.0,1st quarter,5:03.0,Hanno Möttölä,ATL,False,2-pointer,16,14-6,'VAN',leads
671,671,671,200011060VAN,24.7,13.2,1st quarter,4:40.0,Jason Terry,ATL,True,2-pointer,8,16-8,'VAN',leads
672,672,672,200011060VAN,35.5,5.4,1st quarter,4:11.0,Alan Henderson,ATL,False,2-pointer,12,16-8,'VAN',leads
673,673,673,200011060VAN,17.1,5.9,1st quarter,4:01.0,Jim Jackson,ATL,False,2-pointer,7,16-8,'VAN',leads
674,674,674,200011060VAN,24.7,4.4,1st quarter,3:06.0,Jason Terry,ATL,False,2-pointer,1,16-12,'VAN',leads
675,675,675,200011060VAN,23.6,5.9,1st quarter,3:02.0,Alan Henderson,ATL,True,2-pointer,1,18-12,'VAN',leads
676,676,676,200011060VAN,11.6,5.4,1st quarter,2:27.0,DerMarr Johnson,ATL,False,2-pointer,12,18-14,'VAN',leads
677,677,677,200011060VAN,22.2,7.6,1st quarter,1:55.0,Anthony Johnson,ATL,False,2-pointer,3,18-16,'VAN',leads
678,678,678,200011060VAN,38.2,17.7,1st quarter,1:17.0,Hanno Möttölä,ATL,False,2-pointer,19,18-18,'VAN',tied
679,679,679,200011060VAN,24.1,5.4,1st quarter,0:54.9,DerMarr Johnson,ATL,False,2-pointer,0,18-18,'VAN',tied
680,680,680,200011060VAN,40.3,5.0,2nd quarter,11:20.0,Jim Jackson,ATL,False,2-pointer,16,19-22,'VAN',trails
681,681,681,200011060VAN,30.4,24.4,2nd quarter,10:28.0,Jim Jackson,ATL,True,2-pointer,20,21-24,'VAN',trails
682,682,682,200011060VAN,21.3,10.9,2nd quarter,10:03.0,Jason Terry,ATL,False,2-pointer,6,21-26,'VAN',trails
683,683,683,200011060VAN,29.8,6.9,2nd quarter,9:37.0,Lorenzen Wright,ATL,False,2-pointer,6,21-26,'VAN',trails
684,684,684,200011060VAN,36.1,6.5,2nd quarter,8:35.0,Roshown McLeod,ATL,True,2-pointer,12,25-30,'VAN',trails
685,685,685,200011060VAN,39.0,5.0,2nd quarter,8:01.0,Alan Henderson,ATL,False,2-pointer,15,25-30,'VAN',trails
686,686,686,200011060VAN,19.8,20.6,2nd quarter,7:02.0,Alan Henderson,ATL,False,2-pointer,16,25-32,'VAN',trails
687,687,687,200011060VAN,28.3,31.2,2nd quarter,6:19.0,Jason Terry,ATL,False,3-pointer,27,25-34,'VAN',trails
688,688,688,200011060VAN,26.8,5.4,2nd quarter,5:41.0,Lorenzen Wright,ATL,False,2-pointer,3,25-36,'VAN',trails
689,689,689,200011060VAN,24.1,8.6,2nd quarter,4:34.0,Alan Henderson,ATL,False,2-pointer,4,27-36,'VAN',trails
690,690,690,200011060VAN,44.3,21.6,2nd quarter,2:57.0,Chris Crawford,ATL,True,3-pointer,26,30-42,'VAN',trails
691,691,691,200011060VAN,24.1,13.2,2nd quarter,2:14.0,Jim Jackson,ATL,True,2-pointer,8,32-42,'VAN',trails
692,692,692,200011060VAN,23.6,5.9,2nd quarter,1:46.0,Alan Henderson,ATL,True,2-pointer,1,34-44,'VAN',trails
693,693,693,200011060VAN,34.0,5.4,2nd quarter,1:20.0,Alan Henderson,ATL,False,2-pointer,10,34-46,'VAN',trails
694,694,694,200011060VAN,42.4,13.2,2nd quarter,1:08.0,Anthony Johnson,ATL,True,2-pointer,20,36-46,'VAN',trails
695,695,695,200011060VAN,22.8,23.4,2nd quarter,0:17.9,Jim Jackson,ATL,False,2-pointer,18,36-48,'VAN',trails
696,696,696,200011060VAN,12.3,5.0,3rd quarter,10:50.0,Lorenzen Wright,ATL,True,2-pointer,12,38-51,'VAN',trails
697,697,697,200011060VAN,30.4,7.6,3rd quarter,10:05.0,Jason Terry,ATL,False,2-pointer,7,38-53,'VAN',trails
698,698,698,200011060VAN,7.2,6.5,3rd quarter,9:38.0,Lorenzen Wright,ATL,True,2-pointer,17,40-55,'VAN',trails
699,699,699,200011060VAN,17.1,5.4,3rd quarter,8:46.0,Roshown McLeod,ATL,False,2-pointer,7,40-55,'VAN',trails
700,700,700,200011060VAN,43.1,8.6,3rd quarter,8:21.0,Roshown McLeod,ATL,False,2-pointer,19,40-55,'VAN',trails
701,701,701,200011060VAN,7.8,8.0,3rd quarter,7:55.0,Jason Terry,ATL,False,2-pointer,16,40-57,'VAN',trails
702,702,702,200011060VAN,34.8,12.6,3rd quarter,7:41.0,Roshown McLeod,ATL,True,2-pointer,13,42-57,'VAN',trails
703,703,703,200011060VAN,47.5,12.6,3rd quarter,7:10.0,Roshown McLeod,ATL,False,3-pointer,25,42-57,'VAN',trails
704,704,704,200011060VAN,22.2,14.3,3rd quarter,6:13.0,Jim Jackson,ATL,False,2-pointer,9,42-61,'VAN',trails
705,705,705,200011060VAN,35.5,4.4,3rd quarter,5:43.0,Anthony Johnson,ATL,False,2-pointer,12,43-61,'VAN',trails
706,706,706,200011060VAN,24.1,5.4,3rd quarter,4:57.0,Hanno Möttölä,ATL,True,2-pointer,0,45-61,'VAN',trails
707,707,707,200011060VAN,23.6,5.9,3rd quarter,4:18.0,Lorenzen Wright,ATL,True,2-pointer,1,47-61,'VAN',trails
708,708,708,200011060VAN,23.6,26.7,3rd quarter,3:46.0,Hanno Möttölä,ATL,False,2-pointer,22,48-63,'VAN',trails
709,709,709,200011060VAN,24.7,5.4,3rd quarter,3:29.0,Lorenzen Wright,ATL,True,2-pointer,1,50-65,'VAN',trails
710,710,710,200011060VAN,23.6,6.5,3rd quarter,3:01.0,Hanno Möttölä,ATL,False,2-pointer,2,50-65,'VAN',trails
711,711,711,200011060VAN,34.8,16.0,3rd quarter,2:31.0,Anthony Johnson,ATL,False,2-pointer,15,50-65,'VAN',trails
712,712,712,200011060VAN,24.1,5.0,3rd quarter,1:56.0,Roshown McLeod,ATL,True,2-pointer,0,54-67,'VAN',trails
713,713,713,200011060VAN,11.6,5.4,3rd quarter,1:20.0,Lorenzen Wright,ATL,False,2-pointer,12,54-69,'VAN',trails
714,714,714,200011060VAN,4.5,22.7,3rd quarter,0:20.9,Larry Robinson,ATL,False,3-pointer,26,55-69,'VAN',trails
715,715,715,200011060VAN,5.7,7.6,4th quarter,11:05.0,Chris Crawford,ATL,False,2-pointer,18,55-71,'VAN',trails
716,716,716,200011060VAN,0.2,5.9,4th quarter,10:40.0,Larry Robinson,ATL,True,3-pointer,24,58-72,'VAN',trails
717,717,717,200011060VAN,0.9,16.6,4th quarter,10:07.0,Jason Terry,ATL,True,3-pointer,26,61-72,'VAN',trails
718,718,718,200011060VAN,5.1,15.6,4th quarter,9:31.0,Jim Jackson,ATL,True,2-pointer,22,63-72,'VAN',trails
719,719,719,200011060VAN,46.8,7.6,4th quarter,8:56.0,Larry Robinson,ATL,True,3-pointer,23,66-74,'VAN',trails
720,720,720,200011060VAN,28.9,5.9,4th quarter,8:09.0,Alan Henderson,ATL,True,2-pointer,5,68-78,'VAN',trails
721,721,721,200011060VAN,25.6,5.4,4th quarter,7:39.0,Jason Terry,ATL,False,2-pointer,2,68-78,'VAN',trails
722,722,722,200011060VAN,13.5,20.6,4th quarter,7:00.0,Jim Jackson,ATL,False,2-pointer,19,68-78,'VAN',trails
723,723,723,200011060VAN,46.8,8.0,4th quarter,6:38.0,Larry Robinson,ATL,False,3-pointer,23,68-78,'VAN',trails
724,724,724,200011060VAN,24.1,5.0,4th quarter,6:16.0,Alan Henderson,ATL,True,2-pointer,0,70-80,'VAN',trails
725,725,725,200011060VAN,34.0,3.7,4th quarter,5:52.0,Jim Jackson,ATL,True,2-pointer,10,72-82,'VAN',trails
726,726,726,200011060VAN,9.3,17.7,4th quarter,5:20.0,Jim Jackson,ATL,False,2-pointer,19,72-82,'VAN',trails
727,727,727,200011060VAN,7.8,9.2,4th quarter,5:09.0,Jim Jackson,ATL,False,2-pointer,17,72-82,'VAN',trails
728,728,728,200011060VAN,28.9,8.0,4th quarter,3:18.0,Lorenzen Wright,ATL,True,2-pointer,6,76-85,'VAN',trails
729,729,729,200011060VAN,24.7,5.9,4th quarter,2:43.0,Lorenzen Wright,ATL,True,2-pointer,1,78-85,'VAN',trails
730,730,730,200011060VAN,31.0,11.6,4th quarter,1:59.0,Lorenzen Wright,ATL,True,2-pointer,10,81-87,'VAN',trails
731,731,731,200011060VAN,22.2,7.6,4th quarter,1:36.0,Jim Jackson,ATL,False,2-pointer,3,81-87,'VAN',trails
732,732,732,200011060VAN,8.7,9.2,4th quarter,0:54.9,Lorenzen Wright,ATL,False,2-pointer,16,83-89,'VAN',trails
733,733,733,200011060VAN,23.6,5.4,4th quarter,0:52.4,Alan Henderson,ATL,True,2-pointer,1,85-89,'VAN',trails
734,734,734,200011060VAN,24.1,5.0,4th quarter,0:38.4,Alan Henderson,ATL,True,2-pointer,0,87-94,'VAN',trails
735,735,735,200011060VAN,23.6,6.9,4th quarter,0:18.9,Alan Henderson,ATL,False,2-pointer,2,87-96,'VAN',trails
736,736,736,200011060VAN,26.8,25.7,1st quarter,11:29.0,Mike Bibby,VAN,False,2-pointer,21,0-2,'VAN',trails
737,737,737,200011060VAN,29.8,5.9,1st quarter,10:42.0,Othella Harrington,VAN,False,2-pointer,6,0-4,'VAN',trails
738,738,738,200011060VAN,27.7,10.5,1st quarter,9:46.0,Michael Dickerson,VAN,True,2-pointer,7,2-6,'VAN',trails
739,739,739,200011060VAN,7.2,5.4,1st quarter,9:13.0,Bryant Reeves,VAN,False,2-pointer,17,2-6,'VAN',trails
740,740,740,200011060VAN,10.8,19.4,1st quarter,8:37.0,Michael Dickerson,VAN,False,2-pointer,20,2-6,'VAN',trails
741,741,741,200011060VAN,23.6,7.6,1st quarter,8:33.0,Othella Harrington,VAN,False,2-pointer,3,2-6,'VAN',trails
742,742,742,200011060VAN,36.9,26.7,1st quarter,7:22.0,Mike Bibby,VAN,False,3-pointer,25,3-8,'VAN',trails
743,743,743,200011060VAN,10.8,18.7,1st quarter,7:06.0,Shareef Abdur-Rahim,VAN,True,2-pointer,19,5-8,'VAN',trails
744,744,744,200011060VAN,28.9,25.7,1st quarter,6:39.0,Shareef Abdur-Rahim,VAN,False,2-pointer,21,5-10,'VAN',trails
745,745,745,200011060VAN,28.3,6.5,1st quarter,6:07.0,Shareef Abdur-Rahim,VAN,False,2-pointer,5,5-12,'VAN',trails
746,746,746,200011060VAN,23.6,10.9,1st quarter,5:35.0,Bryant Reeves,VAN,False,2-pointer,6,5-14,'VAN',trails
747,747,747,200011060VAN,22.2,5.9,1st quarter,4:53.0,Othella Harrington,VAN,True,2-pointer,2,8-14,'VAN',trails
748,748,748,200011060VAN,0.9,6.9,1st quarter,4:20.0,Shareef Abdur-Rahim,VAN,False,3-pointer,23,8-16,'VAN',trails
749,749,749,200011060VAN,17.7,5.9,1st quarter,3:54.0,Mike Bibby,VAN,True,2-pointer,6,10-16,'VAN',trails
750,750,750,200011060VAN,15.0,25.0,1st quarter,3:16.0,Isaac Austin,VAN,True,2-pointer,22,12-16,'VAN',trails
751,751,751,200011060VAN,13.5,5.4,1st quarter,2:49.0,Mike Bibby,VAN,False,2-pointer,11,12-18,'VAN',trails
752,752,752,200011060VAN,31.7,22.1,1st quarter,2:15.0,Mike Bibby,VAN,True,2-pointer,19,16-18,'VAN',trails
753,753,753,200011060VAN,20.7,5.4,1st quarter,0:59.9,Shareef Abdur-Rahim,VAN,False,2-pointer,3,18-18,'VAN',tied
754,754,754,200011060VAN,39.7,17.7,1st quarter,0:44.9,Isaac Austin,VAN,False,2-pointer,20,18-18,'VAN',tied
755,755,755,200011060VAN,22.8,6.5,1st quarter,0:40.9,Stromile Swift,VAN,False,2-pointer,2,18-18,'VAN',tied
756,756,756,200011060VAN,12.9,14.9,2nd quarter,11:48.0,Kevin Edwards,VAN,False,2-pointer,15,20-19,'VAN',leads
757,757,757,200011060VAN,37.6,5.0,2nd quarter,11:32.0,Stromile Swift,VAN,True,2-pointer,14,22-19,'VAN',leads
758,758,758,200011060VAN,10.8,18.3,2nd quarter,11:07.0,Grant Long,VAN,False,2-pointer,19,22-19,'VAN',leads
759,759,759,200011060VAN,2.4,18.7,2nd quarter,11:01.0,Damon Jones,VAN,False,3-pointer,26,22-19,'VAN',leads
760,760,760,200011060VAN,24.1,5.9,2nd quarter,10:47.0,Stromile Swift,VAN,True,2-pointer,1,24-19,'VAN',leads
761,761,761,200011060VAN,31.7,5.4,2nd quarter,9:51.0,Stromile Swift,VAN,False,2-pointer,8,26-21,'VAN',leads
762,762,762,200011060VAN,24.7,5.4,2nd quarter,9:30.0,Kevin Edwards,VAN,True,2-pointer,1,28-21,'VAN',leads
763,763,763,200011060VAN,25.6,5.9,2nd quarter,8:51.0,Damon Jones,VAN,True,2-pointer,2,30-23,'VAN',leads
764,764,764,200011060VAN,7.2,6.5,2nd quarter,8:15.0,Grant Long,VAN,False,2-pointer,17,30-25,'VAN',leads
765,765,765,200011060VAN,23.6,5.9,2nd quarter,8:14.0,Kevin Edwards,VAN,False,2-pointer,1,30-25,'VAN',leads
766,766,766,200011060VAN,22.8,5.4,2nd quarter,8:12.0,Isaac Austin,VAN,False,2-pointer,1,30-25,'VAN',leads
767,767,767,200011060VAN,8.7,5.0,2nd quarter,7:39.0,Isaac Austin,VAN,True,2-pointer,15,32-25,'VAN',leads
768,768,768,200011060VAN,10.2,5.4,2nd quarter,7:13.0,Michael Dickerson,VAN,False,2-pointer,14,32-25,'VAN',leads
769,769,769,200011060VAN,23.6,26.7,2nd quarter,6:43.0,Mike Bibby,VAN,True,2-pointer,22,34-25,'VAN',leads
770,770,770,200011060VAN,24.1,7.6,2nd quarter,6:01.0,Michael Dickerson,VAN,True,2-pointer,3,36-25,'VAN',leads
771,771,771,200011060VAN,0.2,10.5,2nd quarter,5:17.0,Michael Dickerson,VAN,False,3-pointer,24,36-27,'VAN',leads
772,772,772,200011060VAN,10.8,14.3,2nd quarter,5:13.0,Isaac Austin,VAN,False,2-pointer,16,36-27,'VAN',leads
773,773,773,200011060VAN,24.7,10.9,2nd quarter,4:11.0,Michael Dickerson,VAN,False,2-pointer,6,36-27,'VAN',leads
774,774,774,200011060VAN,12.3,20.6,2nd quarter,3:50.0,Mike Bibby,VAN,False,2-pointer,20,36-27,'VAN',leads
775,775,775,200011060VAN,34.8,29.1,2nd quarter,3:39.0,Michael Dickerson,VAN,True,3-pointer,26,39-27,'VAN',leads
776,776,776,200011060VAN,5.7,6.9,2nd quarter,2:57.0,Shareef Abdur-Rahim,VAN,True,2-pointer,18,42-27,'VAN',leads
777,777,777,200011060VAN,15.6,5.0,2nd quarter,1:28.0,Bryant Reeves,VAN,True,2-pointer,8,46-34,'VAN',leads
778,778,778,200011060VAN,23.6,6.5,2nd quarter,0:46.9,Othella Harrington,VAN,False,2-pointer,2,46-36,'VAN',leads
779,779,779,200011060VAN,36.1,4.4,2nd quarter,0:40.3,Shareef Abdur-Rahim,VAN,True,2-pointer,12,48-36,'VAN',leads
780,780,780,200011060VAN,21.3,6.9,2nd quarter,0:03.8,Mike Bibby,VAN,False,2-pointer,3,48-36,'VAN',leads
781,781,781,200011060VAN,39.7,5.4,2nd quarter,0:02.9,Kevin Edwards,VAN,False,2-pointer,16,48-36,'VAN',leads
782,782,782,200011060VAN,22.8,5.9,2nd quarter,0:00.6,Grant Long,VAN,True,2-pointer,2,50-36,'VAN',leads
783,783,783,200011060VAN,27.7,5.4,3rd quarter,11:36.0,Shareef Abdur-Rahim,VAN,False,2-pointer,4,50-36,'VAN',leads
784,784,784,200011060VAN,23.6,16.6,3rd quarter,10:29.0,Shareef Abdur-Rahim,VAN,True,2-pointer,12,53-38,'VAN',leads
785,785,785,200011060VAN,26.2,7.6,3rd quarter,9:52.0,Othella Harrington,VAN,True,2-pointer,3,55-38,'VAN',leads
786,786,786,200011060VAN,23.6,5.0,3rd quarter,9:22.0,Bryant Reeves,VAN,False,2-pointer,0,55-40,'VAN',leads
787,787,787,200011060VAN,10.2,20.0,3rd quarter,8:52.0,Michael Dickerson,VAN,False,2-pointer,20,55-40,'VAN',leads
788,788,788,200011060VAN,23.6,6.5,3rd quarter,8:12.0,Othella Harrington,VAN,True,2-pointer,2,57-40,'VAN',leads
789,789,789,200011060VAN,38.2,12.6,3rd quarter,7:23.0,Michael Dickerson,VAN,False,2-pointer,16,57-42,'VAN',leads
790,790,790,200011060VAN,38.2,4.4,3rd quarter,6:31.0,Othella Harrington,VAN,True,2-pointer,14,61-42,'VAN',leads
791,791,791,200011060VAN,24.7,5.9,3rd quarter,5:24.0,Bryant Reeves,VAN,False,2-pointer,1,61-43,'VAN',leads
792,792,792,200011060VAN,24.1,5.4,3rd quarter,5:10.0,Michael Dickerson,VAN,False,2-pointer,0,61-43,'VAN',leads
793,793,793,200011060VAN,24.1,5.9,3rd quarter,4:28.0,Othella Harrington,VAN,False,2-pointer,1,61-45,'VAN',leads
794,794,794,200011060VAN,5.7,6.5,3rd quarter,4:03.0,Isaac Austin,VAN,True,2-pointer,18,63-48,'VAN',leads
795,795,795,200011060VAN,26.8,5.4,3rd quarter,2:12.0,Shareef Abdur-Rahim,VAN,False,2-pointer,3,65-52,'VAN',leads
796,796,796,200011060VAN,22.8,5.4,3rd quarter,2:07.0,Othella Harrington,VAN,False,2-pointer,1,65-52,'VAN',leads
797,797,797,200011060VAN,24.1,5.0,3rd quarter,2:05.0,Shareef Abdur-Rahim,VAN,True,2-pointer,0,67-52,'VAN',leads
798,798,798,200011060VAN,23.6,6.5,3rd quarter,1:36.0,Michael Dickerson,VAN,True,2-pointer,2,69-54,'VAN',leads
799,799,799,200011060VAN,30.4,25.0,3rd quarter,0:38.4,Mahmoud Abdul-Rauf,VAN,False,2-pointer,21,69-55,'VAN',leads
800,800,800,200011060VAN,17.7,7.6,3rd quarter,0:00.9,Othella Harrington,VAN,True,2-pointer,7,71-55,'VAN',leads
801,801,801,200011060VAN,38.2,4.4,4th quarter,11:20.0,Othella Harrington,VAN,False,2-pointer,14,71-55,'VAN',leads
802,802,802,200011060VAN,28.3,6.9,4th quarter,10:19.0,Othella Harrington,VAN,False,2-pointer,5,72-58,'VAN',leads
803,803,803,200011060VAN,26.2,6.9,4th quarter,9:09.0,Stromile Swift,VAN,True,2-pointer,3,74-63,'VAN',leads
804,804,804,200011060VAN,22.2,5.4,4th quarter,8:38.0,Isaac Austin,VAN,True,2-pointer,2,76-66,'VAN',leads
805,805,805,200011060VAN,23.6,5.4,4th quarter,8:25.0,Shareef Abdur-Rahim,VAN,True,2-pointer,1,78-66,'VAN',leads
806,806,806,200011060VAN,26.8,5.4,4th quarter,7:46.0,Kevin Edwards,VAN,False,2-pointer,3,78-68,'VAN',leads
807,807,807,200011060VAN,12.3,5.9,4th quarter,7:14.0,Isaac Austin,VAN,False,2-pointer,12,78-68,'VAN',leads
808,808,808,200011060VAN,23.6,8.0,4th quarter,6:53.0,Stromile Swift,VAN,False,2-pointer,3,78-68,'VAN',leads
809,809,809,200011060VAN,28.3,6.9,4th quarter,4:51.0,Michael Dickerson,VAN,False,2-pointer,5,82-72,'VAN',leads
810,810,810,200011060VAN,5.1,22.7,4th quarter,4:15.0,Michael Dickerson,VAN,False,3-pointer,26,82-72,'VAN',leads
811,811,811,200011060VAN,19.8,13.7,4th quarter,3:29.0,Mike Bibby,VAN,True,2-pointer,10,85-74,'VAN',leads
812,812,812,200011060VAN,28.3,16.0,4th quarter,2:26.0,Mike Bibby,VAN,False,2-pointer,12,85-78,'VAN',leads
813,813,813,200011060VAN,23.6,5.9,4th quarter,2:24.0,Grant Long,VAN,True,2-pointer,1,87-78,'VAN',leads
814,814,814,200011060VAN,22.8,7.6,4th quarter,1:49.0,Othella Harrington,VAN,False,2-pointer,3,87-81,'VAN',leads
