,Unnamed: 0.1,Unnamed: 0,match_id,shotX,shotY,quarter,time_remaining,player,team,made,shot_type,distance,score,opp,status
0,0,0,200101200DAL,6.8,23.4,1st quarter,10:52.0,Nick Van,DEN,False,3-pointer,25,0-4,'DAL',trails
1,1,1,200101200DAL,24.0,5.0,1st quarter,9:02.0,Nick Van,DEN,True,2-pointer,0,2-6,'DAL',trails
2,2,2,200101200DAL,30.8,6.5,1st quarter,7:42.0,James Posey,DEN,False,2-pointer,7,5-10,'DAL',trails
3,3,3,200101200DAL,15.4,10.9,1st quarter,7:10.0,Antonio McDyess,DEN,True,2-pointer,10,7-12,'DAL',trails
4,4,4,200101200DAL,2.6,16.6,1st quarter,6:41.0,Voshon Lenard,DEN,False,3-pointer,24,7-12,'DAL',trails
5,5,5,200101200DAL,16.1,5.9,1st quarter,6:27.0,Nick Van,DEN,True,2-pointer,8,9-12,'DAL',trails
6,6,6,200101200DAL,24.3,29.1,1st quarter,5:51.0,Nick Van,DEN,False,3-pointer,24,9-14,'DAL',trails
7,7,7,200101200DAL,25.1,8.6,1st quarter,5:47.0,James Posey,DEN,False,2-pointer,4,9-14,'DAL',trails
8,8,8,200101200DAL,11.0,17.7,1st quarter,4:00.0,Antonio McDyess,DEN,False,2-pointer,18,9-14,'DAL',trails
9,9,9,200101200DAL,36.5,5.0,1st quarter,3:27.0,Kevin Willis,DEN,False,2-pointer,13,9-14,'DAL',trails
10,10,10,200101200DAL,16.9,28.4,1st quarter,2:53.0,Nick Van,DEN,True,3-pointer,24,12-14,'DAL',trails
11,11,11,200101200DAL,32.3,28.4,1st quarter,2:14.0,Nick Van,DEN,False,3-pointer,25,12-16,'DAL',trails
12,12,12,200101200DAL,39.3,23.4,1st quarter,2:04.0,Voshon Lenard,DEN,True,3-pointer,24,15-16,'DAL',trails
13,13,13,200101200DAL,5.3,20.0,1st quarter,1:14.0,Nick Van,DEN,True,3-pointer,24,18-18,'DAL',tied
14,14,14,200101200DAL,38.0,24.4,1st quarter,0:00.9,Voshon Lenard,DEN,False,3-pointer,24,20-22,'DAL',trails
15,15,15,200101200DAL,3.8,17.7,2nd quarter,10:50.0,George McCloud,DEN,True,3-pointer,24,23-25,'DAL',trails
16,16,16,200101200DAL,13.1,26.7,2nd quarter,10:22.0,Nick Van,DEN,True,3-pointer,24,26-25,'DAL',leads
17,17,17,200101200DAL,26.4,24.4,2nd quarter,9:39.0,Robert Pack,DEN,False,2-pointer,20,26-27,'DAL',trails
18,18,18,200101200DAL,23.9,26.7,2nd quarter,9:08.0,George McCloud,DEN,False,2-pointer,22,26-30,'DAL',trails
19,19,19,200101200DAL,24.0,5.0,2nd quarter,8:15.0,George McCloud,DEN,False,2-pointer,0,28-30,'DAL',trails
20,20,20,200101200DAL,4.7,16.0,2nd quarter,7:55.0,George McCloud,DEN,False,2-pointer,22,28-33,'DAL',trails
21,21,21,200101200DAL,24.0,5.0,2nd quarter,6:41.0,Robert Pack,DEN,True,2-pointer,0,30-37,'DAL',trails
22,22,22,200101200DAL,14.6,8.0,2nd quarter,6:21.0,Antonio McDyess,DEN,True,2-pointer,10,32-37,'DAL',trails
23,23,23,200101200DAL,25.1,23.8,2nd quarter,5:49.0,Robert Pack,DEN,False,2-pointer,19,32-37,'DAL',trails
24,24,24,200101200DAL,6.2,12.6,2nd quarter,4:59.0,Antonio McDyess,DEN,False,2-pointer,19,34-39,'DAL',trails
25,25,25,200101200DAL,24.0,5.0,2nd quarter,4:25.0,Antonio McDyess,DEN,True,2-pointer,0,36-41,'DAL',trails
26,26,26,200101200DAL,24.0,5.0,2nd quarter,3:19.0,Raef LaFrentz,DEN,True,2-pointer,0,38-43,'DAL',trails
27,27,27,200101200DAL,46.6,4.4,2nd quarter,2:42.0,Raef LaFrentz,DEN,False,3-pointer,23,38-46,'DAL',trails
28,28,28,200101200DAL,24.0,5.0,2nd quarter,2:37.0,Nick Van,DEN,False,2-pointer,0,38-46,'DAL',trails
29,29,29,200101200DAL,30.8,17.7,2nd quarter,2:21.0,Voshon Lenard,DEN,False,2-pointer,14,38-46,'DAL',trails
30,30,30,200101200DAL,34.4,7.6,2nd quarter,2:18.0,Voshon Lenard,DEN,True,2-pointer,11,40-46,'DAL',trails
31,31,31,200101200DAL,10.4,25.0,2nd quarter,1:20.0,Voshon Lenard,DEN,False,3-pointer,24,41-48,'DAL',trails
32,32,32,200101200DAL,17.5,13.2,2nd quarter,1:00.0,Voshon Lenard,DEN,False,2-pointer,10,41-48,'DAL',trails
33,33,33,200101200DAL,43.7,20.0,2nd quarter,0:54.9,Nick Van,DEN,False,3-pointer,25,41-48,'DAL',trails
34,34,34,200101200DAL,3.2,6.9,2nd quarter,0:32.7,Antonio McDyess,DEN,True,2-pointer,21,43-51,'DAL',trails
35,35,35,200101200DAL,9.5,5.0,3rd quarter,10:24.0,Antonio McDyess,DEN,False,2-pointer,15,43-57,'DAL',trails
36,36,36,200101200DAL,9.5,5.0,3rd quarter,10:18.0,Voshon Lenard,DEN,False,2-pointer,15,43-57,'DAL',trails
37,37,37,200101200DAL,6.8,12.6,3rd quarter,10:15.0,Antonio McDyess,DEN,False,2-pointer,19,43-57,'DAL',trails
38,38,38,200101200DAL,24.0,5.0,3rd quarter,9:51.0,Raef LaFrentz,DEN,True,2-pointer,0,45-57,'DAL',trails
39,39,39,200101200DAL,24.0,5.0,3rd quarter,8:46.0,James Posey,DEN,False,2-pointer,0,45-59,'DAL',trails
40,40,40,200101200DAL,23.9,9.9,3rd quarter,8:17.0,Antonio McDyess,DEN,False,2-pointer,5,45-59,'DAL',trails
41,41,41,200101200DAL,6.8,21.7,3rd quarter,7:20.0,James Posey,DEN,False,3-pointer,24,45-61,'DAL',trails
42,42,42,200101200DAL,15.4,25.7,3rd quarter,6:57.0,Nick Van,DEN,False,2-pointer,22,47-61,'DAL',trails
43,43,43,200101200DAL,1.7,4.4,3rd quarter,6:25.0,Voshon Lenard,DEN,True,3-pointer,22,50-63,'DAL',trails
44,44,44,200101200DAL,24.0,5.0,3rd quarter,5:51.0,Nick Van,DEN,False,2-pointer,0,50-63,'DAL',trails
45,45,45,200101200DAL,1.7,5.4,3rd quarter,5:47.0,Voshon Lenard,DEN,True,3-pointer,22,53-63,'DAL',trails
46,46,46,200101200DAL,11.6,5.0,3rd quarter,4:28.0,Antonio McDyess,DEN,False,2-pointer,12,53-67,'DAL',trails
47,47,47,200101200DAL,46.6,5.0,3rd quarter,4:23.0,Voshon Lenard,DEN,False,3-pointer,23,53-67,'DAL',trails
48,48,48,200101200DAL,10.4,17.0,3rd quarter,3:46.0,Kevin Willis,DEN,True,2-pointer,18,55-67,'DAL',trails
49,49,49,200101200DAL,31.7,9.2,3rd quarter,3:12.0,Nick Van,DEN,True,2-pointer,9,57-69,'DAL',trails
50,50,50,200101200DAL,10.4,5.0,3rd quarter,2:43.0,Kevin Willis,DEN,False,2-pointer,14,57-69,'DAL',trails
51,51,51,200101200DAL,18.9,25.2,3rd quarter,2:16.0,Antonio McDyess,DEN,False,2-pointer,21,57-71,'DAL',trails
52,52,52,200101200DAL,24.0,5.0,3rd quarter,2:00.0,Nick Van,DEN,False,2-pointer,0,57-71,'DAL',trails
53,53,53,200101200DAL,40.7,19.4,3rd quarter,1:21.0,George McCloud,DEN,False,2-pointer,22,57-72,'DAL',trails
54,54,54,200101200DAL,35.0,20.6,3rd quarter,0:44.8,Kevin Willis,DEN,True,2-pointer,19,59-74,'DAL',trails
55,55,55,200101200DAL,40.7,6.5,4th quarter,11:42.0,Nick Van,DEN,False,2-pointer,17,59-74,'DAL',trails
56,56,56,200101200DAL,37.2,11.6,4th quarter,11:05.0,Kevin Willis,DEN,False,2-pointer,15,59-76,'DAL',trails
57,57,57,200101200DAL,32.9,8.6,4th quarter,10:32.0,George McCloud,DEN,False,2-pointer,10,59-78,'DAL',trails
58,58,58,200101200DAL,24.0,5.0,4th quarter,10:18.0,Nick Van,DEN,False,2-pointer,0,59-78,'DAL',trails
59,59,59,200101200DAL,9.5,11.6,4th quarter,9:52.0,Kevin Willis,DEN,False,2-pointer,16,59-80,'DAL',trails
60,60,60,200101200DAL,24.0,5.0,4th quarter,9:49.0,Kevin Willis,DEN,False,2-pointer,0,59-80,'DAL',trails
61,61,61,200101200DAL,6.2,4.4,4th quarter,9:08.0,Mark Strickland,DEN,True,2-pointer,18,61-83,'DAL',trails
62,62,62,200101200DAL,1.1,9.9,4th quarter,8:36.0,James Posey,DEN,False,3-pointer,23,61-86,'DAL',trails
63,63,63,200101200DAL,24.3,19.4,4th quarter,8:11.0,Robert Pack,DEN,False,2-pointer,14,61-86,'DAL',trails
64,64,64,200101200DAL,7.4,4.4,4th quarter,7:52.0,Mark Strickland,DEN,False,2-pointer,17,61-86,'DAL',trails
65,65,65,200101200DAL,40.1,12.0,4th quarter,7:01.0,Mark Strickland,DEN,False,2-pointer,18,63-86,'DAL',trails
66,66,66,200101200DAL,24.0,5.0,4th quarter,6:32.0,Robert Pack,DEN,False,2-pointer,0,63-86,'DAL',trails
67,67,67,200101200DAL,38.0,25.7,4th quarter,6:06.0,James Posey,DEN,False,3-pointer,25,63-86,'DAL',trails
68,68,68,200101200DAL,24.0,5.0,4th quarter,6:03.0,Ryan Bowen,DEN,True,2-pointer,0,65-86,'DAL',trails
69,69,69,200101200DAL,24.0,5.0,4th quarter,5:13.0,Kevin Willis,DEN,True,2-pointer,0,69-86,'DAL',trails
70,70,70,200101200DAL,24.0,5.0,4th quarter,4:47.0,Mark Strickland,DEN,True,2-pointer,0,71-86,'DAL',trails
71,71,71,200101200DAL,24.0,5.0,4th quarter,4:12.0,Robert Pack,DEN,False,2-pointer,0,71-86,'DAL',trails
72,72,72,200101200DAL,10.4,16.0,4th quarter,3:50.0,Kevin Willis,DEN,False,2-pointer,17,71-86,'DAL',trails
73,73,73,200101200DAL,36.5,18.7,4th quarter,3:13.0,Mark Strickland,DEN,True,2-pointer,19,73-88,'DAL',trails
74,74,74,200101200DAL,24.0,5.0,4th quarter,2:43.0,Ryan Bowen,DEN,False,2-pointer,0,73-88,'DAL',trails
75,75,75,200101200DAL,24.0,5.0,4th quarter,2:20.0,Robert Pack,DEN,False,2-pointer,0,73-88,'DAL',trails
76,76,76,200101200DAL,6.8,6.5,4th quarter,1:56.0,Mark Strickland,DEN,True,2-pointer,17,75-90,'DAL',trails
77,77,77,200101200DAL,35.0,26.7,4th quarter,1:30.0,Mark Strickland,DEN,False,3-pointer,24,75-93,'DAL',trails
78,78,78,200101200DAL,15.4,20.6,4th quarter,0:34.3,Kevin Willis,DEN,False,2-pointer,18,75-95,'DAL',trails
79,79,79,200101200DAL,24.0,5.0,4th quarter,0:05.5,Kevin Willis,DEN,True,2-pointer,0,79-97,'DAL',trails
80,80,80,200101200DAL,24.0,5.0,1st quarter,11:37.0,Christian Laettner,DAL,True,2-pointer,0,2-0,'DAL',leads
81,81,81,200101200DAL,24.3,23.8,1st quarter,11:06.0,Christian Laettner,DAL,True,2-pointer,19,4-0,'DAL',leads
82,82,82,200101200DAL,24.0,5.0,1st quarter,10:44.0,Dirk Nowitzki,DAL,True,2-pointer,0,6-0,'DAL',leads
83,83,83,200101200DAL,26.4,9.2,1st quarter,10:13.0,Christian Laettner,DAL,False,2-pointer,5,6-0,'DAL',leads
84,84,84,200101200DAL,34.4,12.6,1st quarter,9:48.0,Courtney Alexander,DAL,False,2-pointer,13,6-0,'DAL',leads
85,85,85,200101200DAL,41.6,23.4,1st quarter,9:41.0,Howard Eisley,DAL,False,3-pointer,25,6-0,'DAL',leads
86,86,86,200101200DAL,6.8,18.3,1st quarter,9:24.0,Christian Laettner,DAL,False,2-pointer,22,6-0,'DAL',leads
87,87,87,200101200DAL,24.0,5.0,1st quarter,9:14.0,Christian Laettner,DAL,False,2-pointer,0,6-0,'DAL',leads
88,88,88,200101200DAL,47.3,9.9,1st quarter,9:08.0,Michael Finley,DAL,False,3-pointer,24,6-0,'DAL',leads
89,89,89,200101200DAL,24.0,5.0,1st quarter,8:45.0,Dirk Nowitzki,DAL,False,2-pointer,0,6-3,'DAL',leads
90,90,90,200101200DAL,34.4,5.9,1st quarter,8:26.0,Michael Finley,DAL,False,2-pointer,10,6-5,'DAL',leads
91,91,91,200101200DAL,24.0,5.0,1st quarter,8:24.0,Christian Laettner,DAL,False,2-pointer,0,6-5,'DAL',leads
92,92,92,200101200DAL,24.0,5.0,1st quarter,8:21.0,Dirk Nowitzki,DAL,True,2-pointer,0,8-5,'DAL',leads
93,93,93,200101200DAL,8.9,13.2,1st quarter,7:55.0,Howard Eisley,DAL,False,2-pointer,17,8-5,'DAL',leads
94,94,94,200101200DAL,24.0,5.0,1st quarter,7:27.0,Dirk Nowitzki,DAL,True,2-pointer,0,12-5,'DAL',leads
95,95,95,200101200DAL,25.1,14.9,1st quarter,6:53.0,Christian Laettner,DAL,False,2-pointer,10,12-7,'DAL',leads
96,96,96,200101200DAL,31.7,20.6,1st quarter,6:11.0,Michael Finley,DAL,True,2-pointer,17,14-9,'DAL',leads
97,97,97,200101200DAL,40.1,14.9,1st quarter,5:38.0,Howard Eisley,DAL,False,2-pointer,19,14-9,'DAL',leads
98,98,98,200101200DAL,39.3,11.6,1st quarter,5:10.0,Dirk Nowitzki,DAL,False,2-pointer,17,14-9,'DAL',leads
99,99,99,200101200DAL,23.9,29.1,1st quarter,4:55.0,Howard Eisley,DAL,False,3-pointer,24,14-9,'DAL',leads
100,100,100,200101200DAL,16.9,18.7,1st quarter,4:42.0,Dirk Nowitzki,DAL,False,2-pointer,15,14-9,'DAL',leads
101,101,101,200101200DAL,42.2,5.4,1st quarter,4:23.0,Courtney Alexander,DAL,False,2-pointer,18,14-9,'DAL',leads
102,102,102,200101200DAL,25.8,10.9,1st quarter,4:13.0,Michael Finley,DAL,False,2-pointer,6,14-9,'DAL',leads
103,103,103,200101200DAL,15.4,7.6,1st quarter,3:44.0,Gary Trent,DAL,False,2-pointer,9,14-9,'DAL',leads
104,104,104,200101200DAL,24.0,5.0,1st quarter,2:34.0,Courtney Alexander,DAL,True,2-pointer,0,16-12,'DAL',leads
105,105,105,200101200DAL,25.1,18.3,1st quarter,1:41.0,Loy Vaught,DAL,True,2-pointer,13,18-15,'DAL',leads
106,106,106,200101200DAL,6.8,22.7,1st quarter,0:26.1,Howard Eisley,DAL,False,3-pointer,25,19-20,'DAL',trails
107,107,107,200101200DAL,39.3,23.8,1st quarter,0:05.3,Howard Eisley,DAL,True,3-pointer,24,22-20,'DAL',leads
108,108,108,200101200DAL,24.3,9.9,2nd quarter,11:38.0,Howard Eisley,DAL,False,2-pointer,5,22-20,'DAL',leads
109,109,109,200101200DAL,43.7,20.0,2nd quarter,11:10.0,Michael Finley,DAL,True,3-pointer,25,25-20,'DAL',leads
110,110,110,200101200DAL,46.6,5.0,2nd quarter,10:30.0,Dirk Nowitzki,DAL,False,3-pointer,23,25-23,'DAL',leads
111,111,111,200101200DAL,23.9,16.6,2nd quarter,10:02.0,Michael Finley,DAL,True,2-pointer,12,27-26,'DAL',leads
112,112,112,200101200DAL,30.2,14.9,2nd quarter,9:24.0,Dirk Nowitzki,DAL,True,2-pointer,12,29-26,'DAL',leads
113,113,113,200101200DAL,30.8,8.0,2nd quarter,8:55.0,Dirk Nowitzki,DAL,False,2-pointer,7,30-26,'DAL',leads
114,114,114,200101200DAL,25.1,16.0,2nd quarter,8:30.0,Michael Finley,DAL,False,2-pointer,11,30-28,'DAL',leads
115,115,115,200101200DAL,10.4,20.0,2nd quarter,8:02.0,Loy Vaught,DAL,False,2-pointer,20,30-28,'DAL',leads
116,116,116,200101200DAL,20.3,7.6,2nd quarter,7:36.0,Hubert Davis,DAL,False,2-pointer,5,33-28,'DAL',leads
117,117,117,200101200DAL,40.1,13.7,2nd quarter,7:25.0,Michael Finley,DAL,False,2-pointer,18,33-28,'DAL',leads
118,118,118,200101200DAL,24.0,5.0,2nd quarter,7:22.0,Loy Vaught,DAL,False,2-pointer,0,33-28,'DAL',leads
119,119,119,200101200DAL,20.3,7.6,2nd quarter,7:19.0,Dirk Nowitzki,DAL,False,2-pointer,5,33-28,'DAL',leads
120,120,120,200101200DAL,38.6,14.3,2nd quarter,7:17.0,Loy Vaught,DAL,True,2-pointer,17,35-28,'DAL',leads
121,121,121,200101200DAL,24.0,5.0,2nd quarter,6:55.0,Michael Finley,DAL,True,2-pointer,0,37-28,'DAL',leads
122,122,122,200101200DAL,31.7,8.0,2nd quarter,6:29.0,Shawn Bradley,DAL,False,2-pointer,8,37-30,'DAL',leads
123,123,123,200101200DAL,14.6,9.2,2nd quarter,6:02.0,Michael Finley,DAL,False,2-pointer,10,37-32,'DAL',leads
124,124,124,200101200DAL,24.0,5.0,2nd quarter,5:34.0,Michael Finley,DAL,True,2-pointer,0,39-34,'DAL',leads
125,125,125,200101200DAL,24.0,5.0,2nd quarter,4:41.0,Dirk Nowitzki,DAL,True,2-pointer,0,41-34,'DAL',leads
126,126,126,200101200DAL,9.5,16.0,2nd quarter,4:07.0,Dirk Nowitzki,DAL,True,2-pointer,18,43-36,'DAL',leads
127,127,127,200101200DAL,28.7,30.1,2nd quarter,3:00.0,Hubert Davis,DAL,True,3-pointer,26,46-38,'DAL',leads
128,128,128,200101200DAL,24.0,5.0,2nd quarter,2:04.0,Christian Laettner,DAL,True,2-pointer,0,48-40,'DAL',leads
129,129,129,200101200DAL,38.6,24.4,2nd quarter,1:09.0,Howard Eisley,DAL,False,3-pointer,24,48-41,'DAL',leads
130,130,130,200101200DAL,24.3,29.5,2nd quarter,0:47.3,Michael Finley,DAL,True,3-pointer,25,51-41,'DAL',leads
131,131,131,200101200DAL,4.7,15.6,3rd quarter,11:46.0,Michael Finley,DAL,True,2-pointer,22,55-43,'DAL',leads
132,132,132,200101200DAL,6.8,15.6,3rd quarter,11:09.0,Michael Finley,DAL,False,2-pointer,20,55-43,'DAL',leads
133,133,133,200101200DAL,24.0,5.0,3rd quarter,10:39.0,Christian Laettner,DAL,True,2-pointer,0,57-43,'DAL',leads
134,134,134,200101200DAL,36.5,19.4,3rd quarter,10:01.0,Dirk Nowitzki,DAL,False,2-pointer,19,57-43,'DAL',leads
135,135,135,200101200DAL,23.9,19.4,3rd quarter,9:02.0,Howard Eisley,DAL,False,2-pointer,14,59-45,'DAL',leads
136,136,136,200101200DAL,31.7,10.5,3rd quarter,7:59.0,Dirk Nowitzki,DAL,True,2-pointer,9,61-45,'DAL',leads
137,137,137,200101200DAL,10.4,21.7,3rd quarter,7:30.0,Hubert Davis,DAL,False,2-pointer,22,61-45,'DAL',leads
138,138,138,200101200DAL,24.0,5.0,3rd quarter,7:04.0,Dirk Nowitzki,DAL,False,2-pointer,0,61-47,'DAL',leads
139,139,139,200101200DAL,24.0,5.0,3rd quarter,6:51.0,Dirk Nowitzki,DAL,True,2-pointer,0,63-47,'DAL',leads
140,140,140,200101200DAL,16.9,18.7,3rd quarter,6:03.0,Dirk Nowitzki,DAL,False,2-pointer,15,63-50,'DAL',leads
141,141,141,200101200DAL,7.4,4.4,3rd quarter,5:26.0,Loy Vaught,DAL,False,2-pointer,17,64-53,'DAL',leads
142,142,142,200101200DAL,37.2,27.2,3rd quarter,5:08.0,Michael Finley,DAL,False,3-pointer,26,64-53,'DAL',leads
143,143,143,200101200DAL,25.8,22.1,3rd quarter,4:54.0,Michael Finley,DAL,False,2-pointer,17,64-53,'DAL',leads
144,144,144,200101200DAL,11.6,26.7,3rd quarter,4:50.0,Hubert Davis,DAL,True,3-pointer,25,67-53,'DAL',leads
145,145,145,200101200DAL,14.2,5.9,3rd quarter,4:16.0,Dirk Nowitzki,DAL,False,2-pointer,10,67-53,'DAL',leads
146,146,146,200101200DAL,35.5,5.9,3rd quarter,3:24.0,Dirk Nowitzki,DAL,True,2-pointer,12,69-55,'DAL',leads
147,147,147,200101200DAL,19.0,22.1,3rd quarter,2:55.0,Shawn Bradley,DAL,False,2-pointer,18,69-57,'DAL',leads
148,148,148,200101200DAL,24.0,5.0,3rd quarter,2:35.0,Loy Vaught,DAL,True,2-pointer,0,71-57,'DAL',leads
149,149,149,200101200DAL,24.0,5.0,3rd quarter,1:07.0,Michael Finley,DAL,True,2-pointer,0,74-57,'DAL',leads
150,150,150,200101200DAL,10.4,9.2,3rd quarter,0:28.3,Michael Finley,DAL,False,2-pointer,14,74-59,'DAL',leads
151,151,151,200101200DAL,16.9,22.1,3rd quarter,0:03.5,Michael Finley,DAL,False,2-pointer,19,74-59,'DAL',leads
152,152,152,200101200DAL,38.0,6.9,4th quarter,11:27.0,Loy Vaught,DAL,True,2-pointer,14,76-59,'DAL',leads
153,153,153,200101200DAL,38.0,13.7,4th quarter,10:53.0,Howard Eisley,DAL,True,2-pointer,16,78-59,'DAL',leads
154,154,154,200101200DAL,6.2,13.7,4th quarter,10:25.0,Hubert Davis,DAL,False,2-pointer,20,78-59,'DAL',leads
155,155,155,200101200DAL,24.0,5.0,4th quarter,10:01.0,Hubert Davis,DAL,True,2-pointer,0,80-59,'DAL',leads
156,156,156,200101200DAL,38.6,25.7,4th quarter,9:36.0,Howard Eisley,DAL,False,3-pointer,25,80-59,'DAL',leads
157,157,157,200101200DAL,6.8,22.7,4th quarter,9:21.0,Hubert Davis,DAL,True,3-pointer,25,83-59,'DAL',leads
158,158,158,200101200DAL,5.3,23.8,4th quarter,8:52.0,Hubert Davis,DAL,True,3-pointer,27,86-61,'DAL',leads
159,159,159,200101200DAL,13.9,26.7,4th quarter,8:18.0,Shawn Bradley,DAL,False,3-pointer,24,86-61,'DAL',leads
160,160,160,200101200DAL,5.3,5.9,4th quarter,7:45.0,Loy Vaught,DAL,False,2-pointer,19,86-61,'DAL',leads
161,161,161,200101200DAL,34.4,5.9,4th quarter,7:12.0,Loy Vaught,DAL,False,2-pointer,10,86-63,'DAL',leads
162,162,162,200101200DAL,35.9,26.1,4th quarter,6:43.0,Hubert Davis,DAL,False,3-pointer,24,86-63,'DAL',leads
163,163,163,200101200DAL,18.2,9.2,4th quarter,6:14.0,Loy Vaught,DAL,False,2-pointer,7,86-63,'DAL',leads
164,164,164,200101200DAL,17.5,8.0,4th quarter,5:40.0,Dirk Nowitzki,DAL,False,2-pointer,7,86-65,'DAL',leads
165,165,165,200101200DAL,31.7,19.4,4th quarter,5:19.0,Dirk Nowitzki,DAL,False,2-pointer,16,86-67,'DAL',leads
166,166,166,200101200DAL,24.3,8.6,4th quarter,4:54.0,Gary Trent,DAL,False,2-pointer,4,86-69,'DAL',leads
167,167,167,200101200DAL,3.2,6.5,4th quarter,3:56.0,Hubert Davis,DAL,False,2-pointer,21,86-71,'DAL',leads
168,168,168,200101200DAL,27.2,6.9,4th quarter,2:51.0,Gary Trent,DAL,False,2-pointer,4,88-73,'DAL',leads
169,169,169,200101200DAL,24.0,5.0,4th quarter,2:47.0,Gary Trent,DAL,False,2-pointer,0,88-73,'DAL',leads
170,170,170,200101200DAL,23.9,11.6,4th quarter,2:25.0,Gary Trent,DAL,False,2-pointer,7,88-73,'DAL',leads
171,171,171,200101200DAL,24.0,5.0,4th quarter,2:04.0,Gary Trent,DAL,True,2-pointer,0,90-73,'DAL',leads
172,172,172,200101200DAL,33.8,27.2,4th quarter,1:39.0,Hubert Davis,DAL,True,3-pointer,24,93-75,'DAL',leads
173,173,173,200101200DAL,16.1,22.1,4th quarter,0:44.1,Hubert Davis,DAL,False,2-pointer,19,95-75,'DAL',leads
174,174,174,200101200DAL,24.0,5.0,4th quarter,0:10.4,Courtney Alexander,DAL,False,2-pointer,0,95-77,'DAL',leads
175,175,175,200101200DAL,24.0,5.0,4th quarter,0:07.1,Gary Trent,DAL,True,2-pointer,0,97-77,'DAL',leads
176,176,176,200101200NJN,13.5,19.1,1st quarter,11:22.0,Metta World,CHI,False,2-pointer,18,0-2,'NJN',trails
177,177,177,200101200NJN,24.1,18.5,1st quarter,10:58.0,Metta World,CHI,True,2-pointer,14,2-2,'NJN',tied
178,178,178,200101200NJN,10.6,16.6,1st quarter,10:28.0,Ron Mercer,CHI,False,2-pointer,18,2-4,'NJN',trails
179,179,179,200101200NJN,24.0,5.0,1st quarter,9:51.0,Elton Brand,CHI,True,2-pointer,0,5-6,'NJN',trails
180,180,180,200101200NJN,43.5,6.1,1st quarter,9:13.0,Bryce Drew,CHI,False,2-pointer,20,5-9,'NJN',trails
181,181,181,200101200NJN,24.0,5.0,1st quarter,8:50.0,Elton Brand,CHI,True,2-pointer,0,7-11,'NJN',trails
182,182,182,200101200NJN,24.0,5.0,1st quarter,8:21.0,Metta World,CHI,False,2-pointer,0,7-13,'NJN',trails
183,183,183,200101200NJN,4.0,20.4,1st quarter,7:22.0,Bryce Drew,CHI,False,3-pointer,25,8-17,'NJN',trails
184,184,184,200101200NJN,24.0,5.0,1st quarter,7:18.0,Dragan Tarlać,CHI,False,2-pointer,0,8-17,'NJN',trails
185,185,185,200101200NJN,24.0,5.0,1st quarter,7:16.0,Dragan Tarlać,CHI,True,2-pointer,0,10-17,'NJN',trails
186,186,186,200101200NJN,24.0,5.0,1st quarter,7:08.0,Elton Brand,CHI,True,2-pointer,0,12-17,'NJN',trails
187,187,187,200101200NJN,24.1,17.9,1st quarter,6:40.0,Metta World,CHI,True,2-pointer,13,14-19,'NJN',trails
188,188,188,200101200NJN,28.3,11.3,1st quarter,5:40.0,Ron Mercer,CHI,False,2-pointer,8,14-23,'NJN',trails
189,189,189,200101200NJN,28.3,26.9,1st quarter,5:10.0,Bryce Drew,CHI,False,2-pointer,22,14-24,'NJN',trails
190,190,190,200101200NJN,3.4,8.4,1st quarter,5:04.0,Ron Mercer,CHI,True,2-pointer,21,16-24,'NJN',trails
191,191,191,200101200NJN,40.7,13.2,1st quarter,4:21.0,Ron Mercer,CHI,True,2-pointer,19,18-26,'NJN',trails
192,192,192,200101200NJN,27.0,10.7,1st quarter,3:40.0,Metta World,CHI,False,2-pointer,6,18-28,'NJN',trails
193,193,193,200101200NJN,22.8,12.0,1st quarter,3:12.0,Elton Brand,CHI,True,2-pointer,7,20-30,'NJN',trails
194,194,194,200101200NJN,24.0,5.0,1st quarter,2:32.0,Bryce Drew,CHI,True,2-pointer,0,22-32,'NJN',trails
195,195,195,200101200NJN,32.5,24.6,1st quarter,2:00.0,Ron Mercer,CHI,True,2-pointer,21,24-35,'NJN',trails
196,196,196,200101200NJN,29.1,31.8,1st quarter,0:28.0,Fred Hoiberg,CHI,False,3-pointer,27,24-35,'NJN',trails
197,197,197,200101200NJN,32.5,35.0,1st quarter,0:00.7,Marcus Fizer,CHI,False,3-pointer,31,24-37,'NJN',trails
198,198,198,200101200NJN,42.0,5.0,2nd quarter,11:49.0,Ron Mercer,CHI,True,2-pointer,18,26-37,'NJN',trails
199,199,199,200101200NJN,15.6,18.5,2nd quarter,11:16.0,Marcus Fizer,CHI,False,2-pointer,16,26-40,'NJN',trails
200,200,200,200101200NJN,4.0,8.4,2nd quarter,10:50.0,Ron Mercer,CHI,True,2-pointer,20,28-40,'NJN',trails
201,201,201,200101200NJN,38.4,17.9,2nd quarter,10:19.0,Ron Mercer,CHI,False,2-pointer,19,28-40,'NJN',trails
202,202,202,200101200NJN,9.9,6.5,2nd quarter,10:02.0,Elton Brand,CHI,False,2-pointer,14,28-40,'NJN',trails
203,203,203,200101200NJN,41.4,7.8,2nd quarter,9:47.0,Marcus Fizer,CHI,True,2-pointer,18,30-41,'NJN',trails
204,204,204,200101200NJN,24.0,5.0,2nd quarter,9:09.0,Marcus Fizer,CHI,True,2-pointer,0,32-41,'NJN',trails
205,205,205,200101200NJN,24.0,5.0,2nd quarter,8:47.0,Ron Mercer,CHI,True,2-pointer,0,34-41,'NJN',trails
206,206,206,200101200NJN,24.1,31.4,2nd quarter,8:10.0,Khalid El-Amin,CHI,True,3-pointer,26,37-41,'NJN',trails
207,207,207,200101200NJN,30.4,30.1,2nd quarter,7:46.0,Khalid El-Amin,CHI,True,3-pointer,26,40-41,'NJN',trails
208,208,208,200101200NJN,24.1,11.3,2nd quarter,7:07.0,Marcus Fizer,CHI,False,2-pointer,6,40-43,'NJN',trails
209,209,209,200101200NJN,31.9,7.8,2nd quarter,6:40.0,Marcus Fizer,CHI,False,2-pointer,8,40-45,'NJN',trails
210,210,210,200101200NJN,24.0,5.0,2nd quarter,6:37.0,Marcus Fizer,CHI,False,2-pointer,0,40-45,'NJN',trails
211,211,211,200101200NJN,24.0,5.0,2nd quarter,6:20.0,Khalid El-Amin,CHI,False,2-pointer,0,40-47,'NJN',trails
212,212,212,200101200NJN,24.0,5.0,2nd quarter,5:58.0,Khalid El-Amin,CHI,False,2-pointer,0,40-49,'NJN',trails
213,213,213,200101200NJN,31.3,23.4,2nd quarter,5:32.0,Ron Mercer,CHI,True,2-pointer,20,42-51,'NJN',trails
214,214,214,200101200NJN,24.0,5.0,2nd quarter,3:57.0,Ron Mercer,CHI,False,2-pointer,0,44-55,'NJN',trails
215,215,215,200101200NJN,24.0,5.0,2nd quarter,3:54.0,Elton Brand,CHI,True,2-pointer,0,46-55,'NJN',trails
216,216,216,200101200NJN,19.8,10.7,2nd quarter,3:32.0,Ron Mercer,CHI,True,2-pointer,7,48-55,'NJN',trails
217,217,217,200101200NJN,7.8,7.1,2nd quarter,2:34.0,Metta World,CHI,False,2-pointer,16,49-58,'NJN',trails
218,218,218,200101200NJN,24.0,5.0,2nd quarter,2:05.0,Metta World,CHI,False,2-pointer,0,49-60,'NJN',trails
219,219,219,200101200NJN,24.0,5.0,2nd quarter,2:02.0,Elton Brand,CHI,True,2-pointer,0,51-60,'NJN',trails
220,220,220,200101200NJN,24.0,5.0,2nd quarter,1:35.0,Metta World,CHI,True,2-pointer,0,53-60,'NJN',trails
221,221,221,200101200NJN,39.3,7.1,2nd quarter,0:50.8,Marcus Fizer,CHI,True,2-pointer,15,55-62,'NJN',trails
222,222,222,200101200NJN,24.0,5.0,2nd quarter,0:18.1,Metta World,CHI,True,2-pointer,0,57-64,'NJN',trails
223,223,223,200101200NJN,11.2,6.1,3rd quarter,11:43.0,Elton Brand,CHI,False,2-pointer,13,57-67,'NJN',trails
224,224,224,200101200NJN,24.0,5.0,3rd quarter,11:40.0,Brad Miller,CHI,True,2-pointer,0,59-67,'NJN',trails
225,225,225,200101200NJN,25.6,12.0,3rd quarter,10:03.0,Elton Brand,CHI,True,2-pointer,7,63-69,'NJN',trails
226,226,226,200101200NJN,24.0,5.0,3rd quarter,9:02.0,Brad Miller,CHI,True,2-pointer,0,65-69,'NJN',trails
227,227,227,200101200NJN,24.0,5.0,3rd quarter,8:42.0,Ron Mercer,CHI,True,2-pointer,0,67-71,'NJN',trails
228,228,228,200101200NJN,16.9,16.6,3rd quarter,8:17.0,Metta World,CHI,False,2-pointer,14,67-71,'NJN',trails
229,229,229,200101200NJN,24.0,5.0,3rd quarter,6:36.0,Ron Mercer,CHI,False,2-pointer,0,67-74,'NJN',trails
230,230,230,200101200NJN,43.5,5.0,3rd quarter,6:03.0,Bryce Drew,CHI,False,2-pointer,20,67-76,'NJN',trails
231,231,231,200101200NJN,40.7,12.6,3rd quarter,5:36.0,Bryce Drew,CHI,False,2-pointer,18,67-78,'NJN',trails
232,232,232,200101200NJN,7.0,21.7,3rd quarter,3:39.0,Metta World,CHI,True,3-pointer,24,72-83,'NJN',trails
233,233,233,200101200NJN,25.6,10.7,3rd quarter,2:38.0,Elton Brand,CHI,True,2-pointer,6,74-85,'NJN',trails
234,234,234,200101200NJN,14.2,29.5,3rd quarter,2:06.0,Metta World,CHI,False,3-pointer,26,74-85,'NJN',trails
235,235,235,200101200NJN,27.7,19.8,3rd quarter,0:23.3,Elton Brand,CHI,True,2-pointer,15,77-89,'NJN',trails
236,236,236,200101200NJN,24.0,5.0,4th quarter,11:24.0,Marcus Fizer,CHI,True,2-pointer,0,79-91,'NJN',trails
237,237,237,200101200NJN,24.0,5.0,4th quarter,10:41.0,Khalid El-Amin,CHI,True,2-pointer,0,81-91,'NJN',trails
238,238,238,200101200NJN,47.1,14.3,4th quarter,10:14.0,Fred Hoiberg,CHI,False,3-pointer,25,81-91,'NJN',trails
239,239,239,200101200NJN,10.6,6.5,4th quarter,9:46.0,Elton Brand,CHI,True,2-pointer,13,83-91,'NJN',trails
240,240,240,200101200NJN,19.2,14.9,4th quarter,9:16.0,Elton Brand,CHI,True,2-pointer,11,85-91,'NJN',trails
241,241,241,200101200NJN,36.9,17.9,4th quarter,8:40.0,Ron Mercer,CHI,False,2-pointer,18,85-93,'NJN',trails
242,242,242,200101200NJN,37.8,7.1,4th quarter,7:55.0,Marcus Fizer,CHI,True,2-pointer,14,87-96,'NJN',trails
243,243,243,200101200NJN,24.0,5.0,4th quarter,7:34.0,Corey Benjamin,CHI,True,2-pointer,0,89-98,'NJN',trails
244,244,244,200101200NJN,8.5,25.3,4th quarter,7:08.0,Khalid El-Amin,CHI,True,3-pointer,26,92-101,'NJN',trails
245,245,245,200101200NJN,43.5,6.1,4th quarter,6:26.0,Corey Benjamin,CHI,False,2-pointer,20,92-103,'NJN',trails
246,246,246,200101200NJN,13.5,27.6,4th quarter,4:59.0,Ron Mercer,CHI,True,3-pointer,25,99-110,'NJN',trails
247,247,247,200101200NJN,24.0,5.0,4th quarter,4:17.0,Ron Mercer,CHI,False,2-pointer,0,99-110,'NJN',trails
248,248,248,200101200NJN,16.9,30.1,4th quarter,3:24.0,Marcus Fizer,CHI,False,3-pointer,26,99-112,'NJN',trails
249,249,249,200101200NJN,24.0,5.0,4th quarter,2:44.0,Metta World,CHI,True,2-pointer,0,101-112,'NJN',trails
250,250,250,200101200NJN,0.5,6.1,4th quarter,1:35.0,Corey Benjamin,CHI,False,3-pointer,24,101-118,'NJN',trails
251,251,251,200101200NJN,6.4,10.1,4th quarter,1:17.0,Jamal Crawford,CHI,True,2-pointer,18,103-119,'NJN',trails
252,252,252,200101200NJN,24.0,5.0,4th quarter,0:34.9,Corey Benjamin,CHI,False,2-pointer,0,103-119,'NJN',trails
253,253,253,200101200NJN,34.8,9.7,4th quarter,0:15.6,Khalid El-Amin,CHI,False,2-pointer,12,103-121,'NJN',trails
254,254,254,200101200NJN,24.0,5.0,1st quarter,10:45.0,Lucious Harris,NJN,True,2-pointer,0,4-2,'NJN',leads
255,255,255,200101200NJN,12.1,28.2,1st quarter,9:40.0,Stephon Marbury,NJN,True,3-pointer,26,9-5,'NJN',leads
256,256,256,200101200NJN,30.4,24.0,1st quarter,9:04.0,Stephon Marbury,NJN,True,2-pointer,20,11-5,'NJN',leads
257,257,257,200101200NJN,12.7,24.0,1st quarter,8:37.0,Keith Van,NJN,True,2-pointer,22,13-7,'NJN',leads
258,258,258,200101200NJN,24.0,5.0,1st quarter,8:16.0,Stephen Jackson,NJN,True,2-pointer,0,15-7,'NJN',leads
259,259,259,200101200NJN,24.0,5.0,1st quarter,7:41.0,Stephon Marbury,NJN,False,2-pointer,0,15-8,'NJN',leads
260,260,260,200101200NJN,24.0,5.0,1st quarter,7:38.0,Lucious Harris,NJN,True,2-pointer,0,17-8,'NJN',leads
261,261,261,200101200NJN,24.0,5.0,1st quarter,6:53.0,Aaron Williams,NJN,True,2-pointer,0,19-12,'NJN',leads
262,262,262,200101200NJN,24.0,5.0,1st quarter,6:23.0,Keith Van,NJN,True,2-pointer,0,21-14,'NJN',leads
263,263,263,200101200NJN,24.1,12.0,1st quarter,4:46.0,Keith Van,NJN,True,2-pointer,7,26-16,'NJN',leads
264,264,264,200101200NJN,12.1,7.8,1st quarter,3:59.0,Keith Van,NJN,True,2-pointer,12,28-18,'NJN',leads
265,265,265,200101200NJN,33.4,19.1,1st quarter,3:31.0,Stephon Marbury,NJN,True,2-pointer,17,30-18,'NJN',leads
266,266,266,200101200NJN,24.0,5.0,1st quarter,2:53.0,Stephon Marbury,NJN,False,2-pointer,0,30-20,'NJN',leads
267,267,267,200101200NJN,24.0,5.0,1st quarter,2:50.0,Aaron Williams,NJN,False,2-pointer,0,30-20,'NJN',leads
268,268,268,200101200NJN,24.0,5.0,1st quarter,2:48.0,Stephon Marbury,NJN,True,2-pointer,0,32-20,'NJN',leads
269,269,269,200101200NJN,8.5,23.4,1st quarter,2:19.0,Stephon Marbury,NJN,True,3-pointer,24,35-22,'NJN',leads
270,270,270,200101200NJN,31.9,10.7,1st quarter,0:41.1,Lucious Harris,NJN,False,2-pointer,10,35-24,'NJN',leads
271,271,271,200101200NJN,14.2,19.8,1st quarter,0:04.5,Sherman Douglas,NJN,False,2-pointer,18,35-24,'NJN',leads
272,272,272,200101200NJN,24.0,5.0,1st quarter,0:02.9,Vladimir Stepania,NJN,True,2-pointer,0,37-24,'NJN',leads
273,273,273,200101200NJN,40.7,22.7,2nd quarter,11:35.0,Johnny Newman,NJN,True,3-pointer,24,40-26,'NJN',leads
274,274,274,200101200NJN,29.8,8.4,2nd quarter,11:00.0,Aaron Williams,NJN,False,2-pointer,7,40-26,'NJN',leads
275,275,275,200101200NJN,13.5,22.7,2nd quarter,10:36.0,Vladimir Stepania,NJN,False,2-pointer,21,40-28,'NJN',leads
276,276,276,200101200NJN,24.0,5.0,2nd quarter,8:52.0,Johnny Newman,NJN,False,2-pointer,0,41-32,'NJN',leads
277,277,277,200101200NJN,24.0,5.0,2nd quarter,7:27.0,Vladimir Stepania,NJN,True,2-pointer,0,43-40,'NJN',leads
278,278,278,200101200NJN,14.8,22.7,2nd quarter,6:51.0,Keith Van,NJN,True,2-pointer,20,45-40,'NJN',leads
279,279,279,200101200NJN,44.1,10.1,2nd quarter,6:29.0,Johnny Newman,NJN,True,2-pointer,21,47-40,'NJN',leads
280,280,280,200101200NJN,26.2,10.1,2nd quarter,6:09.0,Keith Van,NJN,False,2-pointer,6,47-40,'NJN',leads
281,281,281,200101200NJN,24.0,5.0,2nd quarter,6:06.0,Johnny Newman,NJN,True,2-pointer,0,49-40,'NJN',leads
282,282,282,200101200NJN,24.0,5.0,2nd quarter,5:51.0,Aaron Williams,NJN,True,2-pointer,0,51-40,'NJN',leads
283,283,283,200101200NJN,8.5,5.4,2nd quarter,5:16.0,Stephon Marbury,NJN,True,2-pointer,16,53-42,'NJN',leads
284,284,284,200101200NJN,16.3,13.7,2nd quarter,4:34.0,Keith Van,NJN,True,2-pointer,12,55-42,'NJN',leads
285,285,285,200101200NJN,9.9,26.5,2nd quarter,4:06.0,Stephon Marbury,NJN,False,3-pointer,26,55-44,'NJN',leads
286,286,286,200101200NJN,24.0,5.0,2nd quarter,3:39.0,Stephon Marbury,NJN,False,2-pointer,0,55-46,'NJN',leads
287,287,287,200101200NJN,24.0,5.0,2nd quarter,2:59.0,Aaron Williams,NJN,True,2-pointer,0,58-49,'NJN',leads
288,288,288,200101200NJN,24.0,5.0,2nd quarter,2:26.0,Stephon Marbury,NJN,True,2-pointer,0,60-49,'NJN',leads
289,289,289,200101200NJN,32.5,22.7,2nd quarter,1:41.0,Lucious Harris,NJN,False,2-pointer,20,60-51,'NJN',leads
290,290,290,200101200NJN,7.8,6.1,2nd quarter,1:17.0,Keith Van,NJN,True,2-pointer,16,62-53,'NJN',leads
291,291,291,200101200NJN,39.9,26.5,2nd quarter,0:40.1,Stephon Marbury,NJN,False,3-pointer,27,62-55,'NJN',leads
292,292,292,200101200NJN,24.0,5.0,2nd quarter,0:35.2,Johnny Newman,NJN,True,2-pointer,0,64-55,'NJN',leads
293,293,293,200101200NJN,24.0,5.0,2nd quarter,0:02.9,Stephon Marbury,NJN,True,2-pointer,0,66-57,'NJN',leads
294,294,294,200101200NJN,29.1,11.3,3rd quarter,10:55.0,Keith Van,NJN,False,2-pointer,8,67-59,'NJN',leads
295,295,295,200101200NJN,37.8,17.9,3rd quarter,10:17.0,Lucious Harris,NJN,True,2-pointer,19,69-61,'NJN',leads
296,296,296,200101200NJN,14.8,6.1,3rd quarter,9:44.0,Keith Van,NJN,False,2-pointer,9,69-63,'NJN',leads
297,297,297,200101200NJN,24.0,5.0,3rd quarter,8:49.0,Stephon Marbury,NJN,True,2-pointer,0,71-65,'NJN',leads
298,298,298,200101200NJN,17.7,15.6,3rd quarter,8:27.0,Keith Van,NJN,False,2-pointer,12,71-67,'NJN',leads
299,299,299,200101200NJN,34.8,19.8,3rd quarter,7:56.0,Lucious Harris,NJN,False,2-pointer,18,71-67,'NJN',leads
300,300,300,200101200NJN,31.9,27.6,3rd quarter,7:47.0,Keith Van,NJN,True,3-pointer,24,74-67,'NJN',leads
301,301,301,200101200NJN,3.4,23.4,3rd quarter,7:12.0,Stephon Marbury,NJN,False,3-pointer,28,74-67,'NJN',leads
302,302,302,200101200NJN,9.1,9.0,3rd quarter,6:58.0,Aaron Williams,NJN,False,2-pointer,15,74-67,'NJN',leads
303,303,303,200101200NJN,24.0,5.0,3rd quarter,6:17.0,Aaron Williams,NJN,True,2-pointer,0,76-67,'NJN',leads
304,304,304,200101200NJN,24.0,5.0,3rd quarter,5:50.0,Stephon Marbury,NJN,True,2-pointer,0,78-67,'NJN',leads
305,305,305,200101200NJN,40.7,24.6,3rd quarter,5:20.0,Johnny Newman,NJN,True,3-pointer,26,81-67,'NJN',leads
306,306,306,200101200NJN,32.5,22.1,3rd quarter,4:44.0,Keith Van,NJN,False,2-pointer,19,81-67,'NJN',leads
307,307,307,200101200NJN,24.0,5.0,3rd quarter,3:59.0,Aaron Williams,NJN,True,2-pointer,0,83-69,'NJN',leads
308,308,308,200101200NJN,24.0,5.0,3rd quarter,3:23.0,Lucious Harris,NJN,True,2-pointer,0,85-72,'NJN',leads
309,309,309,200101200NJN,14.2,11.3,3rd quarter,2:49.0,Keith Van,NJN,False,2-pointer,12,85-72,'NJN',leads
310,310,310,200101200NJN,29.1,28.8,3rd quarter,2:21.0,Lucious Harris,NJN,False,3-pointer,24,85-74,'NJN',leads
311,311,311,200101200NJN,7.0,5.0,3rd quarter,1:20.0,Stephon Marbury,NJN,True,2-pointer,17,88-74,'NJN',leads
312,312,312,200101200NJN,33.4,28.2,3rd quarter,0:47.8,Johnny Newman,NJN,False,3-pointer,25,88-75,'NJN',leads
313,313,313,200101200NJN,16.3,17.9,3rd quarter,0:02.5,Sherman Douglas,NJN,False,2-pointer,15,89-77,'NJN',leads
314,314,314,200101200NJN,24.0,5.0,3rd quarter,0:00.6,Johnny Newman,NJN,True,2-pointer,0,91-77,'NJN',leads
315,315,315,200101200NJN,7.0,10.7,4th quarter,10:57.0,Lucious Harris,NJN,False,2-pointer,18,91-79,'NJN',leads
316,316,316,200101200NJN,24.0,5.0,4th quarter,10:21.0,Johnny Newman,NJN,False,2-pointer,0,91-81,'NJN',leads
317,317,317,200101200NJN,23.6,30.7,4th quarter,9:57.0,Sherman Douglas,NJN,False,3-pointer,26,91-81,'NJN',leads
318,318,318,200101200NJN,24.0,5.0,4th quarter,8:55.0,Johnny Newman,NJN,True,2-pointer,0,93-85,'NJN',leads
319,319,319,200101200NJN,29.1,24.0,4th quarter,8:32.0,Stephon Marbury,NJN,False,2-pointer,20,93-85,'NJN',leads
320,320,320,200101200NJN,22.2,9.0,4th quarter,8:12.0,Keith Van,NJN,True,2-pointer,4,95-85,'NJN',leads
321,321,321,200101200NJN,24.0,5.0,4th quarter,7:42.0,Keith Van,NJN,True,2-pointer,0,98-87,'NJN',leads
322,322,322,200101200NJN,24.1,30.7,4th quarter,7:24.0,Keith Van,NJN,True,3-pointer,26,101-89,'NJN',leads
323,323,323,200101200NJN,24.0,5.0,4th quarter,6:48.0,Keith Van,NJN,False,2-pointer,0,101-92,'NJN',leads
324,324,324,200101200NJN,24.0,5.0,4th quarter,6:45.0,Aaron Williams,NJN,True,2-pointer,0,103-92,'NJN',leads
325,325,325,200101200NJN,24.0,5.0,4th quarter,6:16.0,Stephon Marbury,NJN,True,2-pointer,0,105-92,'NJN',leads
326,326,326,200101200NJN,29.8,11.3,4th quarter,5:45.0,Keith Van,NJN,False,2-pointer,9,105-94,'NJN',leads
327,327,327,200101200NJN,24.0,5.0,4th quarter,5:43.0,Keith Van,NJN,True,2-pointer,0,107-94,'NJN',leads
328,328,328,200101200NJN,24.0,5.0,4th quarter,5:20.0,Stephon Marbury,NJN,False,2-pointer,0,108-96,'NJN',leads
329,329,329,200101200NJN,24.0,5.0,4th quarter,5:17.0,Stephon Marbury,NJN,False,2-pointer,0,108-96,'NJN',leads
330,330,330,200101200NJN,20.7,12.0,4th quarter,4:40.0,Stephon Marbury,NJN,False,2-pointer,8,110-99,'NJN',leads
331,331,331,200101200NJN,11.2,5.4,4th quarter,3:41.0,Aaron Williams,NJN,False,2-pointer,13,112-99,'NJN',leads
332,332,332,200101200NJN,1.1,7.1,4th quarter,2:26.0,Keith Van,NJN,True,3-pointer,23,115-101,'NJN',leads
333,333,333,200101200NJN,4.0,19.8,4th quarter,1:46.0,Sherman Douglas,NJN,True,3-pointer,25,118-101,'NJN',leads
334,334,334,200101200NJN,28.3,30.7,4th quarter,1:05.0,Sherman Douglas,NJN,False,3-pointer,26,119-103,'NJN',leads
335,335,335,200101200NJN,24.0,5.0,4th quarter,0:26.1,Lucious Harris,NJN,True,2-pointer,0,121-103,'NJN',leads
336,336,336,200101200NJN,38.4,7.1,4th quarter,0:00.7,Vladimir Stepania,NJN,True,2-pointer,15,123-103,'NJN',leads
337,337,337,200101200POR,7.4,23.1,1st quarter,11:42.0,Jason Williams,SAC,True,3-pointer,25,3-0,'POR',leads
338,338,338,200101200POR,26.2,7.1,1st quarter,11:02.0,Chris Webber,SAC,False,2-pointer,3,3-2,'POR',leads
339,339,339,200101200POR,26.2,20.2,1st quarter,10:38.0,Vlade Divac,SAC,False,2-pointer,15,3-4,'POR',trails
340,340,340,200101200POR,15.4,19.8,1st quarter,10:20.0,Chris Webber,SAC,True,2-pointer,17,5-4,'POR',leads
341,341,341,200101200POR,27.0,11.1,1st quarter,8:52.0,Chris Webber,SAC,True,2-pointer,7,8-10,'POR',trails
342,342,342,200101200POR,24.0,5.0,1st quarter,8:29.0,Jason Williams,SAC,True,2-pointer,0,10-12,'POR',trails
343,343,343,200101200POR,24.1,8.4,1st quarter,7:51.0,Doug Christie,SAC,True,2-pointer,3,12-14,'POR',trails
344,344,344,200101200POR,24.0,5.0,1st quarter,7:24.0,Doug Christie,SAC,True,2-pointer,0,14-16,'POR',trails
345,345,345,200101200POR,41.6,10.7,1st quarter,6:28.0,Peja Stojaković,SAC,False,2-pointer,19,14-18,'POR',trails
346,346,346,200101200POR,24.0,5.0,1st quarter,6:02.0,Chris Webber,SAC,True,2-pointer,0,16-20,'POR',trails
347,347,347,200101200POR,4.5,6.5,1st quarter,5:15.0,Peja Stojaković,SAC,False,2-pointer,20,16-20,'POR',trails
348,348,348,200101200POR,34.8,26.5,1st quarter,4:59.0,Jason Williams,SAC,True,3-pointer,24,19-22,'POR',trails
349,349,349,200101200POR,28.5,7.1,1st quarter,4:28.0,Chris Webber,SAC,True,2-pointer,5,21-24,'POR',trails
350,350,350,200101200POR,25.6,27.6,1st quarter,3:33.0,Vlade Divac,SAC,True,2-pointer,23,24-24,'POR',tied
351,351,351,200101200POR,24.0,5.0,1st quarter,2:59.0,Chris Webber,SAC,True,2-pointer,0,26-24,'POR',leads
352,352,352,200101200POR,24.0,5.0,1st quarter,2:40.0,Doug Christie,SAC,True,2-pointer,0,28-24,'POR',leads
353,353,353,200101200POR,41.6,5.4,1st quarter,2:07.0,Doug Christie,SAC,False,2-pointer,18,28-27,'POR',leads
354,354,354,200101200POR,31.3,6.5,1st quarter,1:19.0,Chris Webber,SAC,True,2-pointer,7,32-29,'POR',leads
355,355,355,200101200POR,14.6,30.5,1st quarter,0:00.3,Chris Webber,SAC,False,3-pointer,27,33-34,'POR',trails
356,356,356,200101200POR,24.7,7.1,2nd quarter,11:20.0,Scot Pollard,SAC,False,2-pointer,2,33-36,'POR',trails
357,357,357,200101200POR,18.4,5.0,2nd quarter,11:05.0,Chris Webber,SAC,False,2-pointer,6,33-36,'POR',trails
358,358,358,200101200POR,18.4,25.9,2nd quarter,10:59.0,Bobby Jackson,SAC,True,2-pointer,22,35-36,'POR',trails
359,359,359,200101200POR,24.0,5.0,2nd quarter,10:33.0,Hedo Türkoğlu,SAC,True,2-pointer,0,37-36,'POR',leads
360,360,360,200101200POR,24.0,5.0,2nd quarter,10:11.0,Hedo Türkoğlu,SAC,True,2-pointer,0,39-36,'POR',leads
361,361,361,200101200POR,15.4,6.1,2nd quarter,9:44.0,Bobby Jackson,SAC,False,2-pointer,9,39-36,'POR',leads
362,362,362,200101200POR,19.8,24.8,2nd quarter,8:57.0,Hedo Türkoğlu,SAC,False,2-pointer,20,39-36,'POR',leads
363,363,363,200101200POR,37.8,24.8,2nd quarter,8:29.0,Jon Barry,SAC,False,3-pointer,24,39-38,'POR',leads
364,364,364,200101200POR,14.6,21.9,2nd quarter,7:45.0,Chris Webber,SAC,False,2-pointer,19,39-40,'POR',trails
365,365,365,200101200POR,32.1,16.8,2nd quarter,7:14.0,Jon Barry,SAC,True,2-pointer,14,41-42,'POR',trails
366,366,366,200101200POR,24.7,7.8,2nd quarter,6:35.0,Chris Webber,SAC,False,2-pointer,3,43-42,'POR',leads
367,367,367,200101200POR,43.1,4.6,2nd quarter,6:20.0,Bobby Jackson,SAC,False,2-pointer,19,43-42,'POR',leads
368,368,368,200101200POR,10.4,11.1,2nd quarter,5:44.0,Vlade Divac,SAC,False,2-pointer,15,44-42,'POR',leads
369,369,369,200101200POR,24.0,5.0,2nd quarter,5:36.0,Peja Stojaković,SAC,True,2-pointer,0,46-42,'POR',leads
370,370,370,200101200POR,37.2,25.5,2nd quarter,5:04.0,Jon Barry,SAC,True,3-pointer,24,49-44,'POR',leads
371,371,371,200101200POR,24.0,5.0,2nd quarter,4:16.0,Chris Webber,SAC,True,2-pointer,0,51-44,'POR',leads
372,372,372,200101200POR,32.1,18.5,2nd quarter,3:41.0,Bobby Jackson,SAC,True,2-pointer,16,53-46,'POR',leads
373,373,373,200101200POR,7.4,23.1,2nd quarter,3:17.0,Peja Stojaković,SAC,True,3-pointer,25,56-48,'POR',leads
374,374,374,200101200POR,36.3,12.2,2nd quarter,2:26.0,Chris Webber,SAC,False,2-pointer,14,56-50,'POR',leads
375,375,375,200101200POR,39.3,23.6,2nd quarter,1:55.0,Peja Stojaković,SAC,True,3-pointer,24,59-50,'POR',leads
376,376,376,200101200POR,6.8,6.1,2nd quarter,1:29.0,Bobby Jackson,SAC,False,2-pointer,17,59-50,'POR',leads
377,377,377,200101200POR,27.7,24.2,2nd quarter,0:56.9,Chris Webber,SAC,False,2-pointer,20,59-52,'POR',leads
378,378,378,200101200POR,24.0,5.0,2nd quarter,0:24.5,Vlade Divac,SAC,True,2-pointer,0,61-55,'POR',leads
379,379,379,200101200POR,37.8,24.8,3rd quarter,11:26.0,Peja Stojaković,SAC,True,3-pointer,24,64-57,'POR',leads
380,380,380,200101200POR,42.2,6.1,3rd quarter,10:49.0,Vlade Divac,SAC,False,2-pointer,18,64-57,'POR',leads
381,381,381,200101200POR,24.0,5.0,3rd quarter,10:47.0,Peja Stojaković,SAC,True,2-pointer,0,66-57,'POR',leads
382,382,382,200101200POR,46.6,4.6,3rd quarter,10:02.0,Peja Stojaković,SAC,False,3-pointer,23,66-59,'POR',leads
383,383,383,200101200POR,24.0,5.0,3rd quarter,10:00.0,Chris Webber,SAC,True,2-pointer,0,68-59,'POR',leads
384,384,384,200101200POR,24.1,25.5,3rd quarter,9:21.0,Vlade Divac,SAC,False,2-pointer,21,68-61,'POR',leads
385,385,385,200101200POR,24.0,5.0,3rd quarter,7:52.0,Jason Williams,SAC,True,2-pointer,0,70-68,'POR',leads
386,386,386,200101200POR,26.2,27.6,3rd quarter,6:45.0,Doug Christie,SAC,False,2-pointer,23,70-70,'POR',tied
387,387,387,200101200POR,24.0,5.0,3rd quarter,6:14.0,Vlade Divac,SAC,False,2-pointer,0,70-72,'POR',trails
388,388,388,200101200POR,15.4,19.8,3rd quarter,5:53.0,Chris Webber,SAC,False,2-pointer,17,70-74,'POR',trails
389,389,389,200101200POR,24.0,5.0,3rd quarter,5:29.0,Chris Webber,SAC,True,2-pointer,0,72-76,'POR',trails
390,390,390,200101200POR,43.7,3.9,3rd quarter,4:43.0,Jason Williams,SAC,True,2-pointer,20,74-78,'POR',trails
391,391,391,200101200POR,38.6,17.9,3rd quarter,4:18.0,Doug Christie,SAC,False,2-pointer,19,74-80,'POR',trails
392,392,392,200101200POR,24.0,5.0,3rd quarter,4:02.0,Chris Webber,SAC,True,2-pointer,0,76-80,'POR',trails
393,393,393,200101200POR,24.0,5.0,3rd quarter,3:16.0,Chris Webber,SAC,True,2-pointer,0,78-80,'POR',trails
394,394,394,200101200POR,24.0,5.0,3rd quarter,2:56.0,Vlade Divac,SAC,True,2-pointer,0,81-80,'POR',leads
395,395,395,200101200POR,11.8,20.2,3rd quarter,2:08.0,Chris Webber,SAC,True,2-pointer,19,83-82,'POR',leads
396,396,396,200101200POR,24.0,5.0,3rd quarter,1:09.0,Doug Christie,SAC,True,2-pointer,0,85-82,'POR',leads
397,397,397,200101200POR,24.0,5.0,4th quarter,11:47.0,Doug Christie,SAC,True,2-pointer,0,88-82,'POR',leads
398,398,398,200101200POR,24.0,5.0,4th quarter,9:50.0,Chris Webber,SAC,False,2-pointer,0,88-87,'POR',leads
399,399,399,200101200POR,24.0,5.0,4th quarter,9:47.0,Chris Webber,SAC,False,2-pointer,0,88-87,'POR',leads
400,400,400,200101200POR,24.0,5.0,4th quarter,9:46.0,Chris Webber,SAC,True,2-pointer,0,90-87,'POR',leads
401,401,401,200101200POR,5.9,9.5,4th quarter,7:45.0,Chris Webber,SAC,False,2-pointer,19,91-87,'POR',leads
402,402,402,200101200POR,45.2,8.4,4th quarter,7:14.0,Peja Stojaković,SAC,True,2-pointer,21,93-87,'POR',leads
403,403,403,200101200POR,35.7,23.1,4th quarter,6:29.0,Peja Stojaković,SAC,False,2-pointer,22,93-87,'POR',leads
404,404,404,200101200POR,14.6,16.2,4th quarter,5:51.0,Hedo Türkoğlu,SAC,False,2-pointer,15,93-87,'POR',leads
405,405,405,200101200POR,29.1,27.2,4th quarter,5:19.0,Peja Stojaković,SAC,False,2-pointer,23,93-87,'POR',leads
406,406,406,200101200POR,11.8,26.5,4th quarter,5:14.0,Hedo Türkoğlu,SAC,True,3-pointer,25,96-87,'POR',leads
407,407,407,200101200POR,21.3,9.5,4th quarter,4:01.0,Chris Webber,SAC,False,2-pointer,5,96-91,'POR',leads
408,408,408,200101200POR,5.3,20.8,4th quarter,3:20.0,Doug Christie,SAC,False,3-pointer,24,96-92,'POR',leads
409,409,409,200101200POR,11.8,19.1,4th quarter,2:49.0,Chris Webber,SAC,False,2-pointer,19,96-94,'POR',leads
410,410,410,200101200POR,24.0,5.0,4th quarter,2:32.0,Hedo Türkoğlu,SAC,True,2-pointer,0,98-94,'POR',leads
411,411,411,200101200POR,13.9,20.2,4th quarter,1:59.0,Chris Webber,SAC,True,2-pointer,18,100-97,'POR',leads
412,412,412,200101200POR,24.7,19.8,4th quarter,1:20.0,Peja Stojaković,SAC,True,2-pointer,15,102-99,'POR',leads
413,413,413,200101200POR,25.6,7.1,4th quarter,0:51.4,Chris Webber,SAC,True,2-pointer,3,106-101,'POR',leads
414,414,414,200101200POR,24.0,5.0,1st quarter,11:12.0,Stacey Augmon,POR,True,2-pointer,0,2-3,'POR',trails
415,415,415,200101200POR,13.3,4.6,1st quarter,10:49.0,Rasheed Wallace,POR,True,2-pointer,11,4-3,'POR',leads
416,416,416,200101200POR,8.9,20.8,1st quarter,10:30.0,Damon Stoudamire,POR,False,2-pointer,22,4-3,'POR',leads
417,417,417,200101200POR,29.8,5.0,1st quarter,10:01.0,Arvydas Sabonis,POR,False,2-pointer,6,4-5,'POR',trails
418,418,418,200101200POR,24.0,5.0,1st quarter,9:57.0,Bonzi Wells,POR,True,2-pointer,0,6-5,'POR',leads
419,419,419,200101200POR,13.3,20.2,1st quarter,9:25.0,Damon Stoudamire,POR,True,2-pointer,19,8-6,'POR',leads
420,420,420,200101200POR,24.0,5.0,1st quarter,9:07.0,Damon Stoudamire,POR,True,2-pointer,0,10-6,'POR',leads
421,421,421,200101200POR,24.0,5.0,1st quarter,8:43.0,Damon Stoudamire,POR,False,2-pointer,0,10-8,'POR',leads
422,422,422,200101200POR,20.7,5.0,1st quarter,8:40.0,Arvydas Sabonis,POR,True,2-pointer,3,12-8,'POR',leads
423,423,423,200101200POR,39.3,19.1,1st quarter,8:10.0,Bonzi Wells,POR,True,2-pointer,21,14-10,'POR',leads
424,424,424,200101200POR,24.0,5.0,1st quarter,7:38.0,Bonzi Wells,POR,True,2-pointer,0,16-12,'POR',leads
425,425,425,200101200POR,20.7,27.6,1st quarter,7:04.0,Arvydas Sabonis,POR,False,2-pointer,23,16-14,'POR',leads
426,426,426,200101200POR,4.5,10.1,1st quarter,6:45.0,Stacey Augmon,POR,True,2-pointer,20,18-14,'POR',leads
427,427,427,200101200POR,20.7,7.1,1st quarter,5:27.0,Arvydas Sabonis,POR,False,2-pointer,4,20-16,'POR',leads
428,428,428,200101200POR,29.1,27.2,1st quarter,5:08.0,Damon Stoudamire,POR,True,2-pointer,23,22-16,'POR',leads
429,429,429,200101200POR,32.7,25.5,1st quarter,4:38.0,Stacey Augmon,POR,True,2-pointer,22,24-19,'POR',leads
430,430,430,200101200POR,33.6,4.6,1st quarter,3:52.0,Stacey Augmon,POR,False,2-pointer,10,24-22,'POR',leads
431,431,431,200101200POR,29.1,28.8,1st quarter,3:09.0,Damon Stoudamire,POR,False,3-pointer,24,24-24,'POR',tied
432,432,432,200101200POR,1.7,8.4,1st quarter,2:24.0,Steve Smith,POR,True,3-pointer,23,27-28,'POR',trails
433,433,433,200101200POR,15.4,7.8,1st quarter,1:29.0,Rasheed Wallace,POR,True,2-pointer,9,29-30,'POR',trails
434,434,434,200101200POR,24.0,5.0,1st quarter,1:05.0,Damon Stoudamire,POR,True,2-pointer,0,31-32,'POR',trails
435,435,435,200101200POR,29.8,29.3,1st quarter,0:02.5,Rasheed Wallace,POR,True,3-pointer,25,34-33,'POR',leads
436,436,436,200101200POR,14.6,5.4,2nd quarter,11:40.0,Steve Smith,POR,True,2-pointer,9,36-33,'POR',leads
437,437,437,200101200POR,32.1,10.1,2nd quarter,9:23.0,Rasheed Wallace,POR,False,2-pointer,10,36-39,'POR',trails
438,438,438,200101200POR,24.0,5.0,2nd quarter,8:41.0,Scottie Pippen,POR,True,2-pointer,0,38-39,'POR',trails
439,439,439,200101200POR,27.0,27.6,2nd quarter,8:14.0,Greg Anthony,POR,False,2-pointer,23,38-39,'POR',trails
440,440,440,200101200POR,24.0,5.0,2nd quarter,8:10.0,Scottie Pippen,POR,False,2-pointer,0,38-39,'POR',trails
441,441,441,200101200POR,2.4,5.0,2nd quarter,7:54.0,Steve Smith,POR,True,2-pointer,22,40-39,'POR',leads
442,442,442,200101200POR,3.2,9.0,2nd quarter,7:33.0,Steve Smith,POR,True,2-pointer,21,42-39,'POR',leads
443,443,443,200101200POR,24.0,5.0,2nd quarter,6:27.0,Scottie Pippen,POR,False,2-pointer,0,42-43,'POR',trails
444,444,444,200101200POR,24.0,5.0,2nd quarter,5:17.0,Arvydas Sabonis,POR,True,2-pointer,0,44-46,'POR',trails
445,445,445,200101200POR,29.8,4.6,2nd quarter,4:51.0,Rasheed Wallace,POR,False,2-pointer,6,44-49,'POR',trails
446,446,446,200101200POR,24.0,5.0,2nd quarter,3:58.0,Bonzi Wells,POR,True,2-pointer,0,46-51,'POR',trails
447,447,447,200101200POR,19.8,6.3,2nd quarter,3:26.0,Bonzi Wells,POR,True,2-pointer,4,48-53,'POR',trails
448,448,448,200101200POR,25.6,25.9,2nd quarter,2:51.0,Arvydas Sabonis,POR,False,2-pointer,21,48-56,'POR',trails
449,449,449,200101200POR,24.0,5.0,2nd quarter,2:47.0,Rasheed Wallace,POR,True,2-pointer,0,50-56,'POR',trails
450,450,450,200101200POR,10.4,23.6,2nd quarter,2:18.0,Scottie Pippen,POR,False,2-pointer,23,50-56,'POR',trails
451,451,451,200101200POR,10.4,10.1,2nd quarter,2:08.0,Rasheed Wallace,POR,False,2-pointer,15,50-56,'POR',trails
452,452,452,200101200POR,34.8,24.8,2nd quarter,1:13.0,Arvydas Sabonis,POR,True,2-pointer,23,52-59,'POR',trails
453,453,453,200101200POR,16.1,28.8,2nd quarter,0:36.3,Rasheed Wallace,POR,True,3-pointer,25,55-59,'POR',trails
454,454,454,200101200POR,45.2,16.2,2nd quarter,0:04.0,Rasheed Wallace,POR,False,3-pointer,24,55-61,'POR',trails
455,455,455,200101200POR,45.0,4.8,2nd quarter,0:00.2,Damon Stoudamire,POR,True,2-pointer,21,57-61,'POR',trails
456,456,456,200101200POR,10.4,23.6,3rd quarter,11:38.0,Rasheed Wallace,POR,False,2-pointer,23,57-61,'POR',trails
457,457,457,200101200POR,5.9,17.5,3rd quarter,11:00.0,Bonzi Wells,POR,False,2-pointer,22,57-64,'POR',trails
458,458,458,200101200POR,37.8,19.1,3rd quarter,10:24.0,Damon Stoudamire,POR,True,2-pointer,20,59-66,'POR',trails
459,459,459,200101200POR,11.0,12.8,3rd quarter,9:39.0,Damon Stoudamire,POR,True,2-pointer,15,61-68,'POR',trails
460,460,460,200101200POR,37.2,25.9,3rd quarter,9:13.0,Damon Stoudamire,POR,True,3-pointer,25,64-68,'POR',trails
461,461,461,200101200POR,24.0,5.0,3rd quarter,8:49.0,Damon Stoudamire,POR,False,2-pointer,0,64-68,'POR',trails
462,462,462,200101200POR,5.9,17.5,3rd quarter,8:37.0,Arvydas Sabonis,POR,True,2-pointer,22,66-68,'POR',trails
463,463,463,200101200POR,23.6,27.2,3rd quarter,8:06.0,Arvydas Sabonis,POR,True,2-pointer,22,68-68,'POR',tied
464,464,464,200101200POR,24.0,5.0,3rd quarter,7:10.0,Bonzi Wells,POR,True,2-pointer,0,70-70,'POR',tied
465,465,465,200101200POR,11.0,23.1,3rd quarter,6:26.0,Arvydas Sabonis,POR,True,2-pointer,22,72-70,'POR',leads
466,466,466,200101200POR,24.0,5.0,3rd quarter,6:08.0,Rasheed Wallace,POR,True,2-pointer,0,74-70,'POR',leads
467,467,467,200101200POR,24.0,5.0,3rd quarter,5:40.0,Rasheed Wallace,POR,True,2-pointer,0,76-70,'POR',leads
468,468,468,200101200POR,44.5,14.1,3rd quarter,4:59.0,Damon Stoudamire,POR,True,2-pointer,22,78-72,'POR',leads
469,469,469,200101200POR,24.0,5.0,3rd quarter,4:25.0,Bonzi Wells,POR,True,2-pointer,0,80-74,'POR',leads
470,470,470,200101200POR,24.1,8.4,3rd quarter,2:34.0,Rasheed Wallace,POR,True,2-pointer,3,82-81,'POR',leads
471,471,471,200101200POR,46.0,15.8,3rd quarter,1:47.0,Damon Stoudamire,POR,False,3-pointer,25,82-83,'POR',trails
472,472,472,200101200POR,27.0,5.0,3rd quarter,0:55.2,Bonzi Wells,POR,False,2-pointer,3,82-85,'POR',trails
473,473,473,200101200POR,46.6,12.2,3rd quarter,0:01.2,Rasheed Wallace,POR,False,3-pointer,24,82-86,'POR',trails
474,474,474,200101200POR,22.2,7.1,4th quarter,11:31.0,Arvydas Sabonis,POR,True,2-pointer,3,84-88,'POR',trails
475,475,475,200101200POR,46.6,5.0,4th quarter,10:10.0,Steve Smith,POR,True,3-pointer,23,87-88,'POR',trails
476,476,476,200101200POR,16.9,4.6,4th quarter,9:25.0,Rasheed Wallace,POR,False,2-pointer,7,87-90,'POR',trails
477,477,477,200101200POR,36.3,12.2,4th quarter,8:43.0,Steve Smith,POR,False,2-pointer,14,87-90,'POR',trails
478,478,478,200101200POR,12.5,27.2,4th quarter,7:58.0,Scottie Pippen,POR,False,3-pointer,25,87-91,'POR',trails
479,479,479,200101200POR,13.9,27.2,4th quarter,7:33.0,Steve Smith,POR,False,3-pointer,24,87-91,'POR',trails
480,480,480,200101200POR,26.2,8.4,4th quarter,6:56.0,Arvydas Sabonis,POR,False,2-pointer,4,87-93,'POR',trails
481,481,481,200101200POR,29.1,7.8,4th quarter,6:14.0,Stacey Augmon,POR,False,2-pointer,6,87-93,'POR',trails
482,482,482,200101200POR,30.6,25.5,4th quarter,5:35.0,Arvydas Sabonis,POR,False,2-pointer,22,87-93,'POR',trails
483,483,483,200101200POR,23.6,12.2,4th quarter,4:58.0,Arvydas Sabonis,POR,True,2-pointer,7,89-96,'POR',trails
484,484,484,200101200POR,20.7,16.2,4th quarter,4:16.0,Damon Stoudamire,POR,True,2-pointer,12,91-96,'POR',trails
485,485,485,200101200POR,44.5,17.5,4th quarter,3:50.0,Steve Smith,POR,False,3-pointer,24,92-96,'POR',trails
486,486,486,200101200POR,19.2,29.3,4th quarter,2:14.0,Rasheed Wallace,POR,True,3-pointer,25,97-98,'POR',trails
487,487,487,200101200POR,8.3,18.5,4th quarter,1:38.0,Arvydas Sabonis,POR,True,2-pointer,21,99-100,'POR',trails
488,488,488,200101200POR,0.9,3.5,4th quarter,0:37.2,Rasheed Wallace,POR,False,3-pointer,23,101-106,'POR',trails
489,489,489,200101200POR,14.6,27.2,4th quarter,0:27.2,Scottie Pippen,POR,False,3-pointer,24,101-107,'POR',trails
490,490,490,200101200POR,37.2,25.9,4th quarter,0:20.8,Damon Stoudamire,POR,False,3-pointer,25,101-109,'POR',trails
491,491,491,200101200POR,0.9,10.7,4th quarter,0:15.4,Rasheed Wallace,POR,False,3-pointer,24,101-109,'POR',trails
492,492,492,200101200POR,37.8,27.2,4th quarter,0:06.5,Damon Stoudamire,POR,False,3-pointer,26,101-111,'POR',trails
493,493,493,200101200SAS,26.2,19.1,1st quarter,11:29.0,Mike Miller,ORL,False,2-pointer,14,0-3,'SAS',trails
494,494,494,200101200SAS,32.1,21.9,1st quarter,11:08.0,Tracy McGrady,ORL,False,2-pointer,19,0-5,'SAS',trails
495,495,495,200101200SAS,39.9,11.8,1st quarter,10:44.0,Mike Miller,ORL,True,2-pointer,17,2-5,'SAS',trails
496,496,496,200101200SAS,3.0,17.5,1st quarter,10:08.0,Darrell Armstrong,ORL,True,3-pointer,24,5-5,'SAS',tied
497,497,497,200101200SAS,16.7,23.6,1st quarter,9:40.0,Mike Miller,ORL,True,2-pointer,20,7-5,'SAS',leads
498,498,498,200101200SAS,34.2,4.8,1st quarter,9:21.0,Tracy McGrady,ORL,False,2-pointer,10,7-5,'SAS',leads
499,499,499,200101200SAS,42.0,9.7,1st quarter,8:42.0,Tracy McGrady,ORL,True,2-pointer,19,11-5,'SAS',leads
500,500,500,200101200SAS,24.1,21.9,1st quarter,7:48.0,Tracy McGrady,ORL,False,2-pointer,17,11-7,'SAS',leads
501,501,501,200101200SAS,24.1,5.2,1st quarter,7:47.0,Mike Miller,ORL,False,2-pointer,0,11-7,'SAS',leads
502,502,502,200101200SAS,39.9,23.6,1st quarter,7:14.0,Mike Miller,ORL,True,3-pointer,24,14-7,'SAS',leads
503,503,503,200101200SAS,29.4,9.0,1st quarter,6:45.0,Don Reid,ORL,False,2-pointer,7,14-9,'SAS',leads
504,504,504,200101200SAS,36.3,25.9,1st quarter,6:28.0,Mike Miller,ORL,False,3-pointer,24,14-11,'SAS',leads
505,505,505,200101200SAS,27.7,21.9,1st quarter,6:07.0,Michael Doleac,ORL,True,2-pointer,17,16-11,'SAS',leads
506,506,506,200101200SAS,23.0,5.2,1st quarter,5:21.0,Tracy McGrady,ORL,True,2-pointer,1,21-11,'SAS',leads
507,507,507,200101200SAS,10.8,9.0,1st quarter,4:51.0,Tracy McGrady,ORL,False,2-pointer,14,21-13,'SAS',leads
508,508,508,200101200SAS,15.8,20.8,1st quarter,4:21.0,Michael Doleac,ORL,True,2-pointer,18,23-13,'SAS',leads
509,509,509,200101200SAS,24.1,4.8,1st quarter,3:28.0,Tracy McGrady,ORL,False,2-pointer,0,23-13,'SAS',leads
510,510,510,200101200SAS,12.3,9.0,1st quarter,3:10.0,Tracy McGrady,ORL,False,2-pointer,12,23-13,'SAS',leads
511,511,511,200101200SAS,24.1,4.2,1st quarter,3:09.0,Tracy McGrady,ORL,True,2-pointer,1,25-13,'SAS',leads
512,512,512,200101200SAS,15.8,9.0,1st quarter,1:34.0,Tracy McGrady,ORL,True,2-pointer,9,28-17,'SAS',leads
513,513,513,200101200SAS,12.9,28.2,1st quarter,1:06.0,Troy Hudson,ORL,True,3-pointer,26,32-19,'SAS',leads
514,514,514,200101200SAS,15.2,21.5,1st quarter,0:35.9,Michael Doleac,ORL,False,2-pointer,19,32-19,'SAS',leads
515,515,515,200101200SAS,28.5,11.8,1st quarter,0:00.9,Troy Hudson,ORL,True,2-pointer,8,34-22,'SAS',leads
516,516,516,200101200SAS,41.4,23.1,2nd quarter,10:57.0,Troy Hudson,ORL,False,3-pointer,25,34-24,'SAS',leads
517,517,517,200101200SAS,9.3,25.5,2nd quarter,9:49.0,Troy Hudson,ORL,True,3-pointer,25,37-28,'SAS',leads
518,518,518,200101200SAS,28.5,6.3,2nd quarter,9:21.0,Don Reid,ORL,True,2-pointer,5,39-30,'SAS',leads
519,519,519,200101200SAS,20.9,5.7,2nd quarter,8:25.0,John Amaechi,ORL,False,2-pointer,3,41-30,'SAS',leads
520,520,520,200101200SAS,30.6,14.1,2nd quarter,7:53.0,Pat Garrity,ORL,False,2-pointer,11,41-30,'SAS',leads
521,521,521,200101200SAS,15.8,29.3,2nd quarter,7:49.0,Darrell Armstrong,ORL,False,3-pointer,26,41-30,'SAS',leads
522,522,522,200101200SAS,23.6,29.3,2nd quarter,7:25.0,Pat Garrity,ORL,True,3-pointer,24,44-30,'SAS',leads
523,523,523,200101200SAS,22.2,10.7,2nd quarter,6:43.0,John Amaechi,ORL,False,2-pointer,6,44-30,'SAS',leads
524,524,524,200101200SAS,23.0,19.8,2nd quarter,6:15.0,Tracy McGrady,ORL,True,2-pointer,15,46-31,'SAS',leads
525,525,525,200101200SAS,32.1,18.1,2nd quarter,5:35.0,Mike Miller,ORL,True,2-pointer,15,48-34,'SAS',leads
526,526,526,200101200SAS,17.3,14.1,2nd quarter,5:12.0,Tracy McGrady,ORL,False,2-pointer,11,48-36,'SAS',leads
527,527,527,200101200SAS,24.9,5.7,2nd quarter,5:08.0,John Amaechi,ORL,False,2-pointer,1,48-36,'SAS',leads
528,528,528,200101200SAS,46.4,4.2,2nd quarter,4:41.0,Tracy McGrady,ORL,True,3-pointer,22,51-37,'SAS',leads
529,529,529,200101200SAS,24.1,4.2,2nd quarter,3:53.0,John Amaechi,ORL,False,2-pointer,1,51-37,'SAS',leads
530,530,530,200101200SAS,26.2,29.9,2nd quarter,3:32.0,Tracy McGrady,ORL,True,3-pointer,25,54-39,'SAS',leads
531,531,531,200101200SAS,5.9,4.8,2nd quarter,3:06.0,Tracy McGrady,ORL,True,2-pointer,18,56-41,'SAS',leads
532,532,532,200101200SAS,18.0,24.8,2nd quarter,2:51.0,Mike Miller,ORL,False,2-pointer,21,56-42,'SAS',leads
533,533,533,200101200SAS,10.2,9.7,2nd quarter,2:17.0,Tracy McGrady,ORL,False,2-pointer,15,56-42,'SAS',leads
534,534,534,200101200SAS,14.4,15.8,2nd quarter,1:56.0,Michael Doleac,ORL,False,2-pointer,14,56-42,'SAS',leads
535,535,535,200101200SAS,20.9,9.7,2nd quarter,1:37.0,Tracy McGrady,ORL,False,2-pointer,6,56-42,'SAS',leads
536,536,536,200101200SAS,8.0,9.0,2nd quarter,0:03.9,Pat Garrity,ORL,False,2-pointer,16,60-47,'SAS',leads
537,537,537,200101200SAS,24.9,5.2,2nd quarter,0:02.7,Mike Miller,ORL,False,2-pointer,1,60-47,'SAS',leads
538,538,538,200101200SAS,5.1,4.8,2nd quarter,0:00.0,Pat Garrity,ORL,False,2-pointer,19,60-47,'SAS',leads
539,539,539,200101200SAS,23.6,11.3,3rd quarter,11:42.0,Tracy McGrady,ORL,False,2-pointer,6,60-47,'SAS',leads
540,540,540,200101200SAS,37.8,5.2,3rd quarter,10:44.0,Tracy McGrady,ORL,False,2-pointer,14,63-47,'SAS',leads
541,541,541,200101200SAS,39.9,23.6,3rd quarter,10:08.0,Mike Miller,ORL,False,3-pointer,24,63-50,'SAS',leads
542,542,542,200101200SAS,21.5,30.9,3rd quarter,9:27.0,Darrell Armstrong,ORL,False,3-pointer,26,63-52,'SAS',leads
543,543,543,200101200SAS,15.2,10.3,3rd quarter,8:12.0,Tracy McGrady,ORL,True,2-pointer,10,65-56,'SAS',leads
544,544,544,200101200SAS,0.0,5.2,3rd quarter,7:56.0,Mike Miller,ORL,False,3-pointer,24,65-56,'SAS',leads
545,545,545,200101200SAS,14.4,7.3,3rd quarter,7:18.0,Bo Outlaw,ORL,False,2-pointer,10,65-58,'SAS',leads
546,546,546,200101200SAS,0.9,10.3,3rd quarter,7:12.0,Darrell Armstrong,ORL,False,3-pointer,24,65-58,'SAS',leads
547,547,547,200101200SAS,20.9,7.8,3rd quarter,6:24.0,Darrell Armstrong,ORL,False,2-pointer,4,65-61,'SAS',leads
548,548,548,200101200SAS,32.7,7.8,3rd quarter,6:00.0,Tracy McGrady,ORL,True,2-pointer,9,67-61,'SAS',leads
549,549,549,200101200SAS,27.7,24.8,3rd quarter,5:31.0,Michael Doleac,ORL,True,2-pointer,20,69-61,'SAS',leads
550,550,550,200101200SAS,16.7,23.6,3rd quarter,4:52.0,Michael Doleac,ORL,True,2-pointer,20,71-61,'SAS',leads
551,551,551,200101200SAS,47.1,6.7,3rd quarter,4:14.0,Tracy McGrady,ORL,False,3-pointer,23,71-61,'SAS',leads
552,552,552,200101200SAS,10.8,6.3,3rd quarter,3:12.0,Tracy McGrady,ORL,False,2-pointer,13,72-63,'SAS',leads
553,553,553,200101200SAS,23.6,5.2,3rd quarter,2:58.0,Bo Outlaw,ORL,True,2-pointer,0,74-63,'SAS',leads
554,554,554,200101200SAS,47.1,7.3,3rd quarter,2:26.0,Mike Miller,ORL,False,3-pointer,23,74-65,'SAS',leads
555,555,555,200101200SAS,39.9,24.8,3rd quarter,2:08.0,Mike Miller,ORL,False,3-pointer,25,74-65,'SAS',leads
556,556,556,200101200SAS,15.8,12.4,3rd quarter,1:53.0,Mike Miller,ORL,True,2-pointer,11,76-65,'SAS',leads
557,557,557,200101200SAS,10.8,9.0,3rd quarter,1:10.0,Tracy McGrady,ORL,False,2-pointer,14,76-67,'SAS',leads
558,558,558,200101200SAS,18.0,10.7,3rd quarter,0:05.9,Darrell Armstrong,ORL,False,2-pointer,8,76-71,'SAS',leads
559,559,559,200101200SAS,3.0,19.8,3rd quarter,0:01.9,Tracy McGrady,ORL,False,3-pointer,26,76-71,'SAS',leads
560,560,560,200101200SAS,36.3,10.7,4th quarter,11:02.0,Tracy McGrady,ORL,False,2-pointer,14,76-71,'SAS',leads
561,561,561,200101200SAS,20.9,7.8,4th quarter,10:18.0,Monty Williams,ORL,False,2-pointer,4,76-71,'SAS',leads
562,562,562,200101200SAS,23.6,30.5,4th quarter,9:38.0,Pat Garrity,ORL,True,3-pointer,26,80-71,'SAS',leads
563,563,563,200101200SAS,37.8,12.4,4th quarter,8:55.0,John Amaechi,ORL,False,2-pointer,16,80-71,'SAS',leads
564,564,564,200101200SAS,29.4,21.5,4th quarter,8:21.0,Troy Hudson,ORL,True,2-pointer,17,82-73,'SAS',leads
565,565,565,200101200SAS,23.6,6.3,4th quarter,7:53.0,John Amaechi,ORL,True,2-pointer,1,84-73,'SAS',leads
566,566,566,200101200SAS,22.2,5.2,4th quarter,7:23.0,Monty Williams,ORL,True,2-pointer,2,86-73,'SAS',leads
567,567,567,200101200SAS,13.7,6.7,4th quarter,6:42.0,Monty Williams,ORL,False,2-pointer,10,86-74,'SAS',leads
568,568,568,200101200SAS,11.4,9.7,4th quarter,5:55.0,Tracy McGrady,ORL,False,2-pointer,13,86-74,'SAS',leads
569,569,569,200101200SAS,36.9,6.3,4th quarter,5:19.0,Tracy McGrady,ORL,False,2-pointer,13,86-76,'SAS',leads
570,570,570,200101200SAS,23.0,5.7,4th quarter,5:17.0,Pat Garrity,ORL,False,2-pointer,1,86-76,'SAS',leads
571,571,571,200101200SAS,30.6,12.4,4th quarter,4:53.0,Tracy McGrady,ORL,True,2-pointer,10,88-78,'SAS',leads
572,572,572,200101200SAS,7.2,4.2,4th quarter,4:13.0,John Amaechi,ORL,False,2-pointer,17,88-81,'SAS',leads
573,573,573,200101200SAS,29.4,23.6,4th quarter,3:44.0,Michael Doleac,ORL,True,2-pointer,19,90-83,'SAS',leads
574,574,574,200101200SAS,22.2,29.3,4th quarter,3:04.0,Mike Miller,ORL,True,3-pointer,24,93-85,'SAS',leads
575,575,575,200101200SAS,9.3,6.7,4th quarter,2:20.0,Tracy McGrady,ORL,False,2-pointer,15,93-87,'SAS',leads
576,576,576,200101200SAS,13.7,15.4,4th quarter,1:19.0,Darrell Armstrong,ORL,False,2-pointer,15,93-93,'SAS',tied
577,577,577,200101200SAS,38.4,24.8,4th quarter,1:05.0,Mike Miller,ORL,True,3-pointer,24,96-93,'SAS',leads
578,578,578,200101200SAS,10.2,11.3,4th quarter,0:27.9,Tracy McGrady,ORL,False,2-pointer,15,96-95,'SAS',leads
579,579,579,200101200SAS,40.3,9.9,4th quarter,0:13.1,Pat Garrity,ORL,False,2-pointer,17,96-96,'SAS',tied
580,580,580,200101200SAS,39.0,14.7,1st overtime,4:20.0,Michael Doleac,ORL,False,2-pointer,18,96-96,'SAS',tied
581,581,581,200101200SAS,9.3,13.5,1st overtime,4:00.0,Darrell Armstrong,ORL,True,2-pointer,17,98-97,'SAS',leads
582,582,582,200101200SAS,8.7,14.1,1st overtime,3:05.0,Michael Doleac,ORL,True,2-pointer,18,100-97,'SAS',leads
583,583,583,200101200SAS,10.8,7.3,1st overtime,2:28.0,Tracy McGrady,ORL,False,2-pointer,13,100-97,'SAS',leads
584,584,584,200101200SAS,23.0,5.7,1st overtime,2:28.0,Michael Doleac,ORL,True,2-pointer,1,102-97,'SAS',leads
585,585,585,200101200SAS,22.2,19.1,1st overtime,1:44.0,Michael Doleac,ORL,False,2-pointer,14,103-100,'SAS',leads
586,586,586,200101200SAS,19.4,11.8,1st overtime,1:04.0,Andrew DeClercq,ORL,False,2-pointer,8,103-100,'SAS',leads
587,587,587,200101200SAS,8.7,4.8,1st overtime,0:38.7,Tracy McGrady,ORL,True,2-pointer,15,105-102,'SAS',leads
588,588,588,200101200SAS,47.1,3.5,1st quarter,11:39.0,Ira Newble,SAS,True,3-pointer,23,3-0,'SAS',leads
589,589,589,200101200SAS,23.6,5.2,1st quarter,10:17.0,Derek Anderson,SAS,False,2-pointer,0,5-2,'SAS',leads
590,590,590,200101200SAS,15.8,4.2,1st quarter,9:50.0,David Robinson,SAS,False,2-pointer,8,5-5,'SAS',tied
591,591,591,200101200SAS,18.0,5.7,1st quarter,9:48.0,David Robinson,SAS,False,2-pointer,6,5-5,'SAS',tied
592,592,592,200101200SAS,24.9,7.3,1st quarter,8:49.0,Ira Newble,SAS,False,2-pointer,2,5-9,'SAS',trails
593,593,593,200101200SAS,8.7,10.3,1st quarter,8:16.0,Tim Duncan,SAS,False,2-pointer,16,5-11,'SAS',trails
594,594,594,200101200SAS,24.1,4.8,1st quarter,8:13.0,Ira Newble,SAS,False,2-pointer,0,5-11,'SAS',trails
595,595,595,200101200SAS,23.0,5.2,1st quarter,8:10.0,Tim Duncan,SAS,True,2-pointer,1,7-11,'SAS',trails
596,596,596,200101200SAS,38.4,8.4,1st quarter,7:24.0,Ira Newble,SAS,False,2-pointer,15,7-11,'SAS',trails
597,597,597,200101200SAS,32.7,7.3,1st quarter,7:01.0,Tim Duncan,SAS,True,2-pointer,9,9-14,'SAS',trails
598,598,598,200101200SAS,42.0,21.5,1st quarter,5:54.0,Antonio Daniels,SAS,False,3-pointer,24,11-16,'SAS',trails
599,599,599,200101200SAS,35.7,16.8,1st quarter,3:34.0,Derek Anderson,SAS,False,2-pointer,17,13-23,'SAS',trails
600,600,600,200101200SAS,8.0,24.8,1st quarter,3:21.0,Terry Porter,SAS,False,3-pointer,25,13-23,'SAS',trails
601,601,601,200101200SAS,25.6,5.7,1st quarter,2:51.0,Samaki Walker,SAS,True,2-pointer,2,15-26,'SAS',trails
602,602,602,200101200SAS,14.4,11.3,1st quarter,2:27.0,Tim Duncan,SAS,False,2-pointer,11,15-26,'SAS',trails
603,603,603,200101200SAS,33.6,5.2,1st quarter,2:20.0,Tim Duncan,SAS,True,2-pointer,10,17-26,'SAS',trails
604,604,604,200101200SAS,30.6,9.0,1st quarter,1:41.0,Terry Porter,SAS,False,2-pointer,8,17-26,'SAS',trails
605,605,605,200101200SAS,24.1,6.3,1st quarter,1:18.0,Tim Duncan,SAS,True,2-pointer,1,19-29,'SAS',trails
606,606,606,200101200SAS,39.9,24.8,1st quarter,0:24.6,Steve Kerr,SAS,True,3-pointer,25,22-32,'SAS',trails
607,607,607,200101200SAS,32.1,17.5,2nd quarter,11:39.0,Antonio Daniels,SAS,False,2-pointer,15,22-34,'SAS',trails
608,608,608,200101200SAS,14.4,9.0,2nd quarter,11:22.0,Tim Duncan,SAS,True,2-pointer,10,24-34,'SAS',trails
609,609,609,200101200SAS,24.1,16.4,2nd quarter,10:28.0,Tim Duncan,SAS,True,2-pointer,11,26-34,'SAS',trails
610,610,610,200101200SAS,32.7,28.8,2nd quarter,10:24.0,Steve Kerr,SAS,False,3-pointer,25,26-34,'SAS',trails
611,611,611,200101200SAS,40.5,4.8,2nd quarter,10:08.0,Tim Duncan,SAS,True,2-pointer,17,28-34,'SAS',trails
612,612,612,200101200SAS,25.6,11.3,2nd quarter,9:04.0,Samaki Walker,SAS,False,2-pointer,7,30-39,'SAS',trails
613,613,613,200101200SAS,15.2,7.3,2nd quarter,8:39.0,David Robinson,SAS,False,2-pointer,9,30-41,'SAS',trails
614,614,614,200101200SAS,29.4,28.2,2nd quarter,7:36.0,Antonio Daniels,SAS,False,3-pointer,24,30-41,'SAS',trails
615,615,615,200101200SAS,33.6,10.3,2nd quarter,6:59.0,Antonio Daniels,SAS,False,2-pointer,11,30-44,'SAS',trails
616,616,616,200101200SAS,36.9,25.9,2nd quarter,5:54.0,Derek Anderson,SAS,True,3-pointer,25,34-46,'SAS',trails
617,617,617,200101200SAS,23.6,11.3,2nd quarter,4:18.0,Antonio Daniels,SAS,False,2-pointer,6,37-51,'SAS',trails
618,618,618,200101200SAS,23.6,7.8,2nd quarter,3:43.0,Antonio Daniels,SAS,True,2-pointer,3,39-51,'SAS',trails
619,619,619,200101200SAS,22.2,5.2,2nd quarter,3:14.0,David Robinson,SAS,True,2-pointer,2,41-54,'SAS',trails
620,620,620,200101200SAS,23.0,6.3,2nd quarter,2:06.0,Derek Anderson,SAS,False,2-pointer,2,42-56,'SAS',trails
621,621,621,200101200SAS,20.9,5.7,2nd quarter,2:03.0,Tim Duncan,SAS,False,2-pointer,3,42-56,'SAS',trails
622,622,622,200101200SAS,38.4,7.3,2nd quarter,1:30.0,Derek Anderson,SAS,False,2-pointer,15,42-56,'SAS',trails
623,623,623,200101200SAS,10.2,5.2,2nd quarter,1:07.0,Ira Newble,SAS,False,2-pointer,14,42-58,'SAS',trails
624,624,624,200101200SAS,23.6,6.3,2nd quarter,0:59.9,David Robinson,SAS,True,2-pointer,1,44-58,'SAS',trails
625,625,625,200101200SAS,35.7,26.9,2nd quarter,0:28.5,Antonio Daniels,SAS,True,3-pointer,25,47-60,'SAS',trails
626,626,626,200101200SAS,27.0,14.1,3rd quarter,10:56.0,Derek Anderson,SAS,False,2-pointer,10,47-63,'SAS',trails
627,627,627,200101200SAS,47.1,2.5,3rd quarter,10:27.0,Danny Ferry,SAS,True,3-pointer,23,50-63,'SAS',trails
628,628,628,200101200SAS,23.0,18.5,3rd quarter,9:56.0,David Robinson,SAS,True,2-pointer,14,52-63,'SAS',trails
629,629,629,200101200SAS,9.3,6.7,3rd quarter,9:10.0,Danny Ferry,SAS,False,2-pointer,15,52-63,'SAS',trails
630,630,630,200101200SAS,16.7,5.2,3rd quarter,8:39.0,Tim Duncan,SAS,False,2-pointer,7,53-63,'SAS',trails
631,631,631,200101200SAS,30.6,5.2,3rd quarter,8:37.0,David Robinson,SAS,False,2-pointer,7,53-63,'SAS',trails
632,632,632,200101200SAS,22.2,6.3,3rd quarter,8:28.0,Antonio Daniels,SAS,True,2-pointer,2,55-63,'SAS',trails
633,633,633,200101200SAS,23.6,4.2,3rd quarter,8:02.0,Derek Anderson,SAS,False,2-pointer,1,56-65,'SAS',trails
634,634,634,200101200SAS,36.3,5.7,3rd quarter,7:37.0,David Robinson,SAS,True,2-pointer,12,58-65,'SAS',trails
635,635,635,200101200SAS,38.4,24.8,3rd quarter,6:57.0,Antonio Daniels,SAS,False,3-pointer,24,58-65,'SAS',trails
636,636,636,200101200SAS,47.1,4.2,3rd quarter,6:43.0,Danny Ferry,SAS,True,3-pointer,23,61-65,'SAS',trails
637,637,637,200101200SAS,24.9,5.2,3rd quarter,5:43.0,David Robinson,SAS,False,2-pointer,1,61-67,'SAS',trails
638,638,638,200101200SAS,33.6,6.7,3rd quarter,4:35.0,David Robinson,SAS,False,2-pointer,10,61-71,'SAS',trails
639,639,639,200101200SAS,35.7,7.3,3rd quarter,3:57.0,Tim Duncan,SAS,False,2-pointer,12,61-71,'SAS',trails
640,640,640,200101200SAS,24.9,4.2,3rd quarter,2:41.0,David Robinson,SAS,True,2-pointer,1,65-74,'SAS',trails
641,641,641,200101200SAS,27.7,13.5,3rd quarter,2:18.0,Tim Duncan,SAS,False,2-pointer,9,65-74,'SAS',trails
642,642,642,200101200SAS,24.9,5.2,3rd quarter,1:33.0,Samaki Walker,SAS,True,2-pointer,1,67-76,'SAS',trails
643,643,643,200101200SAS,16.7,9.0,3rd quarter,0:57.9,Tim Duncan,SAS,True,2-pointer,8,69-76,'SAS',trails
644,644,644,200101200SAS,11.4,10.3,3rd quarter,0:29.9,Antonio Daniels,SAS,True,2-pointer,14,71-76,'SAS',trails
645,645,645,200101200SAS,20.9,18.5,4th quarter,11:44.0,Samaki Walker,SAS,False,2-pointer,14,71-76,'SAS',trails
646,646,646,200101200SAS,40.5,27.6,4th quarter,10:32.0,Danny Ferry,SAS,False,3-pointer,28,71-76,'SAS',trails
647,647,647,200101200SAS,41.4,23.6,4th quarter,10:10.0,Terry Porter,SAS,False,3-pointer,25,71-76,'SAS',trails
648,648,648,200101200SAS,10.2,9.7,4th quarter,9:45.0,Tim Duncan,SAS,False,2-pointer,15,71-77,'SAS',trails
649,649,649,200101200SAS,24.9,29.3,4th quarter,9:16.0,Antonio Daniels,SAS,False,3-pointer,24,71-80,'SAS',trails
650,650,650,200101200SAS,42.0,4.2,4th quarter,8:45.0,Danny Ferry,SAS,True,2-pointer,18,73-80,'SAS',trails
651,651,651,200101200SAS,40.5,23.6,4th quarter,7:37.0,Antonio Daniels,SAS,False,3-pointer,25,73-84,'SAS',trails
652,652,652,200101200SAS,16.7,17.5,4th quarter,6:21.0,Derek Anderson,SAS,False,2-pointer,14,74-86,'SAS',trails
653,653,653,200101200SAS,24.1,4.8,4th quarter,5:48.0,David Robinson,SAS,True,2-pointer,0,76-86,'SAS',trails
654,654,654,200101200SAS,12.9,27.6,4th quarter,4:33.0,Antonio Daniels,SAS,True,3-pointer,25,81-88,'SAS',trails
655,655,655,200101200SAS,8.0,11.8,4th quarter,4:06.0,Steve Kerr,SAS,True,2-pointer,17,83-88,'SAS',trails
656,656,656,200101200SAS,17.3,9.0,4th quarter,3:27.0,Tim Duncan,SAS,True,2-pointer,8,85-90,'SAS',trails
657,657,657,200101200SAS,24.1,6.7,4th quarter,2:40.0,Tim Duncan,SAS,True,2-pointer,2,87-93,'SAS',trails
658,658,658,200101200SAS,24.9,6.7,4th quarter,2:07.0,David Robinson,SAS,True,2-pointer,2,89-93,'SAS',trails
659,659,659,200101200SAS,42.8,22.5,4th quarter,1:41.0,Steve Kerr,SAS,True,3-pointer,26,93-93,'SAS',tied
660,660,660,200101200SAS,34.8,20.8,4th quarter,0:51.8,Tim Duncan,SAS,True,2-pointer,19,95-96,'SAS',trails
661,661,661,200101200SAS,35.7,14.7,1st overtime,4:38.0,Antonio Daniels,SAS,False,2-pointer,15,96-96,'SAS',tied
662,662,662,200101200SAS,0.0,3.5,1st overtime,3:34.0,Antonio Daniels,SAS,False,3-pointer,24,97-98,'SAS',trails
663,663,663,200101200SAS,24.1,11.8,1st overtime,3:15.0,Antonio Daniels,SAS,False,2-pointer,7,97-98,'SAS',trails
664,664,664,200101200SAS,46.4,16.4,1st overtime,2:46.0,Antonio Daniels,SAS,False,3-pointer,25,97-100,'SAS',trails
665,665,665,200101200SAS,40.5,23.1,1st overtime,2:10.0,Antonio Daniels,SAS,True,3-pointer,24,100-103,'SAS',trails
666,666,666,200101200SAS,32.1,20.4,1st overtime,1:30.0,David Robinson,SAS,False,2-pointer,17,100-103,'SAS',trails
667,667,667,200101200SAS,20.9,11.3,1st overtime,0:51.5,Tim Duncan,SAS,True,2-pointer,7,102-103,'SAS',trails
668,668,668,200101200SAS,27.0,8.4,1st overtime,0:22.9,Tim Duncan,SAS,False,2-pointer,5,102-105,'SAS',trails
669,669,669,200101200SAS,43.5,4.2,1st overtime,0:17.0,Terry Porter,SAS,True,2-pointer,20,106-107,'SAS',trails
670,670,670,200101200SAS,8.0,24.8,1st overtime,0:00.0,Terry Porter,SAS,False,3-pointer,25,109-112,'SAS',trails
