,Unnamed: 0.1,Unnamed: 0,match_id,shotX,shotY,quarter,time_remaining,player,team,made,shot_type,distance,score,opp,status
0,0,0,200105130CHH,22.2,24.2,1st quarter,11:19.0,Sam Cassell,MIL,True,2-pointer,19,2-2,'CHH',tied
1,1,1,200105130CHH,24.0,5.0,1st quarter,10:26.0,Ray Allen,MIL,False,2-pointer,0,2-7,'CHH',trails
2,2,2,200105130CHH,6.4,25.5,1st quarter,10:12.0,Glenn Robinson,MIL,False,3-pointer,27,2-7,'CHH',trails
3,3,3,200105130CHH,19.2,23.8,1st quarter,10:00.0,Ray Allen,MIL,False,2-pointer,19,2-7,'CHH',trails
4,4,4,200105130CHH,22.8,23.8,1st quarter,9:23.0,Scott Williams,MIL,True,2-pointer,19,4-9,'CHH',trails
5,5,5,200105130CHH,19.8,13.9,1st quarter,8:40.0,Sam Cassell,MIL,False,2-pointer,10,4-9,'CHH',trails
6,6,6,200105130CHH,12.1,15.6,1st quarter,8:06.0,Glenn Robinson,MIL,True,2-pointer,16,6-12,'CHH',trails
7,7,7,200105130CHH,13.5,11.1,1st quarter,7:40.0,Ray Allen,MIL,False,2-pointer,12,6-12,'CHH',trails
8,8,8,200105130CHH,24.0,5.0,1st quarter,7:38.0,Glenn Robinson,MIL,True,2-pointer,0,8-12,'CHH',trails
9,9,9,200105130CHH,15.6,21.0,1st quarter,7:17.0,Sam Cassell,MIL,False,2-pointer,18,9-14,'CHH',trails
10,10,10,200105130CHH,22.8,21.0,1st quarter,6:10.0,Scott Williams,MIL,True,2-pointer,16,11-16,'CHH',trails
11,11,11,200105130CHH,19.8,12.8,1st quarter,5:02.0,Ray Allen,MIL,False,2-pointer,9,11-20,'CHH',trails
12,12,12,200105130CHH,24.0,5.0,1st quarter,4:28.0,Sam Cassell,MIL,False,2-pointer,0,11-22,'CHH',trails
13,13,13,200105130CHH,29.1,9.0,1st quarter,3:30.0,Ervin Johnson,MIL,True,2-pointer,6,13-24,'CHH',trails
14,14,14,200105130CHH,8.5,7.8,1st quarter,1:47.0,Lindsey Hunter,MIL,False,2-pointer,16,13-24,'CHH',trails
15,15,15,200105130CHH,9.1,6.7,1st quarter,1:23.0,Glenn Robinson,MIL,False,2-pointer,15,13-26,'CHH',trails
16,16,16,200105130CHH,24.0,5.0,1st quarter,1:19.0,Glenn Robinson,MIL,False,2-pointer,0,13-26,'CHH',trails
17,17,17,200105130CHH,24.0,5.0,1st quarter,1:01.0,Jason Caffey,MIL,True,2-pointer,0,15-26,'CHH',trails
18,18,18,200105130CHH,24.0,5.0,1st quarter,0:23.9,Tim Thomas,MIL,True,2-pointer,0,18-28,'CHH',trails
19,19,19,200105130CHH,4.9,23.1,2nd quarter,11:45.0,Ray Allen,MIL,True,3-pointer,26,21-28,'CHH',trails
20,20,20,200105130CHH,6.4,25.5,2nd quarter,10:58.0,Lindsey Hunter,MIL,False,3-pointer,27,21-30,'CHH',trails
21,21,21,200105130CHH,11.2,28.6,2nd quarter,10:47.0,Tim Thomas,MIL,False,3-pointer,27,21-30,'CHH',trails
22,22,22,200105130CHH,24.0,5.0,2nd quarter,10:45.0,Jason Caffey,MIL,False,2-pointer,0,21-30,'CHH',trails
23,23,23,200105130CHH,11.2,7.8,2nd quarter,10:15.0,Jason Caffey,MIL,True,2-pointer,13,23-32,'CHH',trails
24,24,24,200105130CHH,24.0,5.0,2nd quarter,9:45.0,Ray Allen,MIL,False,2-pointer,0,23-33,'CHH',trails
25,25,25,200105130CHH,45.6,18.3,2nd quarter,9:38.0,Ray Allen,MIL,False,3-pointer,25,23-33,'CHH',trails
26,26,26,200105130CHH,24.0,5.0,2nd quarter,9:24.0,Jason Caffey,MIL,True,2-pointer,0,25-33,'CHH',trails
27,27,27,200105130CHH,39.9,7.8,2nd quarter,8:51.0,Jason Caffey,MIL,True,2-pointer,16,28-33,'CHH',trails
28,28,28,200105130CHH,34.0,29.7,2nd quarter,7:30.0,Lindsey Hunter,MIL,False,3-pointer,27,28-35,'CHH',trails
29,29,29,200105130CHH,24.0,5.0,2nd quarter,6:55.0,Glenn Robinson,MIL,False,2-pointer,0,28-35,'CHH',trails
30,30,30,200105130CHH,24.0,5.0,2nd quarter,6:08.0,Glenn Robinson,MIL,True,2-pointer,0,32-37,'CHH',trails
31,31,31,200105130CHH,24.0,5.0,2nd quarter,5:20.0,Sam Cassell,MIL,True,2-pointer,0,34-41,'CHH',trails
32,32,32,200105130CHH,7.8,11.6,2nd quarter,4:42.0,Lindsey Hunter,MIL,False,2-pointer,17,34-43,'CHH',trails
33,33,33,200105130CHH,24.0,5.0,2nd quarter,4:38.0,Tim Thomas,MIL,True,2-pointer,0,36-43,'CHH',trails
34,34,34,200105130CHH,24.0,5.0,2nd quarter,3:47.0,Tim Thomas,MIL,False,2-pointer,0,36-43,'CHH',trails
35,35,35,200105130CHH,4.0,23.1,2nd quarter,3:25.0,Glenn Robinson,MIL,True,3-pointer,27,39-43,'CHH',trails
36,36,36,200105130CHH,31.3,7.8,2nd quarter,2:34.0,Scott Williams,MIL,True,2-pointer,8,41-43,'CHH',trails
37,37,37,200105130CHH,6.4,24.8,2nd quarter,1:55.0,Glenn Robinson,MIL,False,3-pointer,26,41-45,'CHH',trails
38,38,38,200105130CHH,29.9,12.8,2nd quarter,0:37.6,Glenn Robinson,MIL,False,2-pointer,10,43-47,'CHH',trails
39,39,39,200105130CHH,24.0,5.0,2nd quarter,0:37.1,Glenn Robinson,MIL,True,2-pointer,0,45-47,'CHH',trails
40,40,40,200105130CHH,16.9,11.1,2nd quarter,0:03.4,Sam Cassell,MIL,False,2-pointer,9,45-50,'CHH',trails
41,41,41,200105130CHH,34.0,29.7,3rd quarter,11:47.0,Ray Allen,MIL,False,3-pointer,27,45-50,'CHH',trails
42,42,42,200105130CHH,37.8,26.9,3rd quarter,11:37.0,Sam Cassell,MIL,False,3-pointer,26,45-50,'CHH',trails
43,43,43,200105130CHH,24.0,5.0,3rd quarter,11:32.0,Ray Allen,MIL,True,2-pointer,0,47-50,'CHH',trails
44,44,44,200105130CHH,32.5,8.4,3rd quarter,11:01.0,Tim Thomas,MIL,False,2-pointer,9,47-50,'CHH',trails
45,45,45,200105130CHH,24.0,5.0,3rd quarter,10:40.0,Tim Thomas,MIL,True,2-pointer,0,49-50,'CHH',trails
46,46,46,200105130CHH,26.2,31.4,3rd quarter,10:04.0,Ray Allen,MIL,False,3-pointer,26,49-52,'CHH',trails
47,47,47,200105130CHH,9.9,6.7,3rd quarter,9:31.0,Ray Allen,MIL,True,2-pointer,14,51-54,'CHH',trails
48,48,48,200105130CHH,29.1,30.3,3rd quarter,8:42.0,Tim Thomas,MIL,True,3-pointer,26,54-54,'CHH',tied
49,49,49,200105130CHH,15.6,6.7,3rd quarter,7:53.0,Ervin Johnson,MIL,False,2-pointer,9,54-56,'CHH',trails
50,50,50,200105130CHH,24.0,5.0,3rd quarter,7:23.0,Sam Cassell,MIL,True,2-pointer,0,56-56,'CHH',tied
51,51,51,200105130CHH,10.6,27.6,3rd quarter,6:20.0,Sam Cassell,MIL,False,3-pointer,26,56-58,'CHH',trails
52,52,52,200105130CHH,24.0,5.0,3rd quarter,5:53.0,Glenn Robinson,MIL,False,2-pointer,0,56-58,'CHH',trails
53,53,53,200105130CHH,-0.2,6.7,3rd quarter,5:28.0,Ray Allen,MIL,True,3-pointer,24,59-58,'CHH',leads
54,54,54,200105130CHH,31.9,7.3,3rd quarter,4:45.0,Ray Allen,MIL,True,2-pointer,8,61-60,'CHH',leads
55,55,55,200105130CHH,6.4,25.9,3rd quarter,4:10.0,Ray Allen,MIL,True,3-pointer,27,64-60,'CHH',leads
56,56,56,200105130CHH,12.7,26.5,3rd quarter,3:41.0,Sam Cassell,MIL,False,3-pointer,24,64-60,'CHH',leads
57,57,57,200105130CHH,48.5,6.3,3rd quarter,2:15.0,Tim Thomas,MIL,False,3-pointer,25,64-63,'CHH',leads
58,58,58,200105130CHH,12.7,18.7,3rd quarter,2:01.0,Glenn Robinson,MIL,False,2-pointer,18,64-63,'CHH',leads
59,59,59,200105130CHH,36.3,8.4,3rd quarter,0:36.4,Scott Williams,MIL,True,2-pointer,13,66-67,'CHH',trails
60,60,60,200105130CHH,8.5,10.1,4th quarter,11:26.0,Ray Allen,MIL,True,2-pointer,16,68-70,'CHH',trails
61,61,61,200105130CHH,26.2,22.1,4th quarter,10:47.0,Glenn Robinson,MIL,True,2-pointer,17,70-70,'CHH',tied
62,62,62,200105130CHH,46.2,20.0,4th quarter,10:14.0,Ray Allen,MIL,False,3-pointer,27,70-70,'CHH',tied
63,63,63,200105130CHH,27.7,32.0,4th quarter,10:04.0,Lindsey Hunter,MIL,False,3-pointer,27,70-70,'CHH',tied
64,64,64,200105130CHH,38.4,12.2,4th quarter,9:59.0,Scott Williams,MIL,False,2-pointer,16,70-70,'CHH',tied
65,65,65,200105130CHH,39.9,8.4,4th quarter,9:22.0,Jason Caffey,MIL,False,2-pointer,16,70-70,'CHH',tied
66,66,66,200105130CHH,7.8,8.4,4th quarter,8:06.0,Tim Thomas,MIL,False,2-pointer,17,70-70,'CHH',tied
67,67,67,200105130CHH,24.0,5.0,4th quarter,6:42.0,Glenn Robinson,MIL,False,2-pointer,0,70-75,'CHH',trails
68,68,68,200105130CHH,10.6,6.7,4th quarter,5:47.0,Sam Cassell,MIL,True,2-pointer,14,72-77,'CHH',trails
69,69,69,200105130CHH,47.1,9.7,4th quarter,5:09.0,Ray Allen,MIL,False,3-pointer,24,72-79,'CHH',trails
70,70,70,200105130CHH,24.7,12.8,4th quarter,3:26.0,Tim Thomas,MIL,False,2-pointer,8,72-82,'CHH',trails
71,71,71,200105130CHH,12.1,28.6,4th quarter,2:55.0,Tim Thomas,MIL,True,3-pointer,26,75-82,'CHH',trails
72,72,72,200105130CHH,9.1,9.0,4th quarter,1:24.0,Glenn Robinson,MIL,False,2-pointer,15,75-84,'CHH',trails
73,73,73,200105130CHH,24.0,5.0,4th quarter,0:52.4,Glenn Robinson,MIL,False,2-pointer,0,75-84,'CHH',trails
74,74,74,200105130CHH,17.7,30.3,4th quarter,0:19.8,Glenn Robinson,MIL,True,3-pointer,26,78-84,'CHH',trails
75,75,75,200105130CHH,12.1,23.1,4th quarter,0:04.2,Glenn Robinson,MIL,False,2-pointer,22,78-85,'CHH',trails
76,76,76,200105130CHH,20.7,10.5,1st quarter,11:42.0,Elden Campbell,CHH,False,2-pointer,6,0-0,'CHH',tied
77,77,77,200105130CHH,24.0,5.0,1st quarter,11:34.0,Elden Campbell,CHH,True,2-pointer,0,2-0,'CHH',leads
78,78,78,200105130CHH,8.5,6.3,1st quarter,10:59.0,Jamal Mashburn,CHH,True,2-pointer,16,4-2,'CHH',leads
79,79,79,200105130CHH,47.1,8.4,1st quarter,10:33.0,David Wesley,CHH,True,3-pointer,23,7-2,'CHH',leads
80,80,80,200105130CHH,14.2,11.1,1st quarter,10:19.0,Jamal Mashburn,CHH,False,2-pointer,12,7-2,'CHH',leads
81,81,81,200105130CHH,36.3,22.1,1st quarter,9:50.0,David Wesley,CHH,False,2-pointer,21,7-2,'CHH',leads
82,82,82,200105130CHH,24.0,5.0,1st quarter,9:46.0,P.J. Brown,CHH,True,2-pointer,0,9-2,'CHH',leads
83,83,83,200105130CHH,14.2,5.7,1st quarter,8:57.0,Jamal Mashburn,CHH,False,2-pointer,10,9-4,'CHH',leads
84,84,84,200105130CHH,8.5,7.8,1st quarter,8:29.0,Elden Campbell,CHH,False,2-pointer,16,9-4,'CHH',leads
85,85,85,200105130CHH,24.0,5.0,1st quarter,8:21.0,P.J. Brown,CHH,True,2-pointer,0,11-4,'CHH',leads
86,86,86,200105130CHH,20.7,11.6,1st quarter,7:49.0,Elden Campbell,CHH,False,2-pointer,7,12-6,'CHH',leads
87,87,87,200105130CHH,24.0,5.0,1st quarter,7:28.0,Baron Davis,CHH,True,2-pointer,0,14-8,'CHH',leads
88,88,88,200105130CHH,16.9,22.7,1st quarter,6:56.0,Baron Davis,CHH,False,2-pointer,19,14-9,'CHH',leads
89,89,89,200105130CHH,36.3,6.3,1st quarter,6:52.0,P.J. Brown,CHH,False,2-pointer,12,14-9,'CHH',leads
90,90,90,200105130CHH,12.1,29.3,1st quarter,5:44.0,David Wesley,CHH,False,3-pointer,27,16-11,'CHH',leads
91,91,91,200105130CHH,24.0,5.0,1st quarter,5:41.0,Elden Campbell,CHH,False,2-pointer,0,16-11,'CHH',leads
92,92,92,200105130CHH,24.0,5.0,1st quarter,5:36.0,Elden Campbell,CHH,True,2-pointer,0,18-11,'CHH',leads
93,93,93,200105130CHH,39.9,10.1,1st quarter,5:18.0,Jamal Mashburn,CHH,True,2-pointer,17,20-11,'CHH',leads
94,94,94,200105130CHH,42.8,24.2,1st quarter,4:53.0,Baron Davis,CHH,False,3-pointer,27,20-11,'CHH',leads
95,95,95,200105130CHH,24.0,5.0,1st quarter,4:44.0,Jamal Mashburn,CHH,True,2-pointer,0,22-11,'CHH',leads
96,96,96,200105130CHH,12.1,29.3,1st quarter,4:18.0,Jamal Mashburn,CHH,False,3-pointer,27,22-11,'CHH',leads
97,97,97,200105130CHH,24.0,5.0,1st quarter,3:53.0,Jamaal Magloire,CHH,False,2-pointer,0,22-11,'CHH',leads
98,98,98,200105130CHH,24.0,5.0,1st quarter,3:49.0,P.J. Brown,CHH,True,2-pointer,0,24-11,'CHH',leads
99,99,99,200105130CHH,34.0,20.0,1st quarter,3:10.0,David Wesley,CHH,False,2-pointer,18,24-13,'CHH',leads
100,100,100,200105130CHH,24.0,5.0,1st quarter,2:55.0,Jamaal Magloire,CHH,False,2-pointer,0,24-13,'CHH',leads
101,101,101,200105130CHH,24.0,5.0,1st quarter,2:40.0,Baron Davis,CHH,False,2-pointer,0,24-13,'CHH',leads
102,102,102,200105130CHH,39.3,9.0,1st quarter,2:13.0,Jamal Mashburn,CHH,False,2-pointer,16,24-13,'CHH',leads
103,103,103,200105130CHH,24.0,5.0,1st quarter,1:40.0,Jamaal Magloire,CHH,True,2-pointer,0,26-13,'CHH',leads
104,104,104,200105130CHH,24.0,5.0,1st quarter,1:07.0,P.J. Brown,CHH,False,2-pointer,0,26-13,'CHH',leads
105,105,105,200105130CHH,8.5,8.4,1st quarter,0:43.1,Eddie Robinson,CHH,True,2-pointer,16,28-16,'CHH',leads
106,106,106,200105130CHH,17.7,10.5,1st quarter,0:00.2,Jamal Mashburn,CHH,False,2-pointer,8,28-18,'CHH',leads
107,107,107,200105130CHH,37.8,15.6,2nd quarter,11:14.0,Jamal Mashburn,CHH,True,2-pointer,17,30-21,'CHH',leads
108,108,108,200105130CHH,14.8,22.7,2nd quarter,10:29.0,David Wesley,CHH,False,2-pointer,20,30-21,'CHH',leads
109,109,109,200105130CHH,24.1,25.9,2nd quarter,9:29.0,David Wesley,CHH,False,2-pointer,21,33-23,'CHH',leads
110,110,110,200105130CHH,23.6,11.1,2nd quarter,8:25.0,Elden Campbell,CHH,False,2-pointer,6,33-28,'CHH',leads
111,111,111,200105130CHH,38.4,15.6,2nd quarter,7:45.0,Baron Davis,CHH,True,2-pointer,18,35-28,'CHH',leads
112,112,112,200105130CHH,21.3,31.4,2nd quarter,6:34.0,Baron Davis,CHH,False,3-pointer,27,35-30,'CHH',leads
113,113,113,200105130CHH,24.0,5.0,2nd quarter,5:33.0,Jamal Mashburn,CHH,True,2-pointer,0,41-32,'CHH',leads
114,114,114,200105130CHH,12.7,6.7,2nd quarter,4:57.0,Elden Campbell,CHH,True,2-pointer,11,43-34,'CHH',leads
115,115,115,200105130CHH,24.0,5.0,2nd quarter,4:21.0,P.J. Brown,CHH,False,2-pointer,0,43-36,'CHH',leads
116,116,116,200105130CHH,24.0,5.0,2nd quarter,3:42.0,Jamaal Magloire,CHH,False,2-pointer,0,43-36,'CHH',leads
117,117,117,200105130CHH,33.4,20.0,2nd quarter,3:06.0,Jamal Mashburn,CHH,False,2-pointer,18,43-39,'CHH',leads
118,118,118,200105130CHH,24.0,5.0,2nd quarter,2:44.0,Jamal Mashburn,CHH,False,2-pointer,0,43-39,'CHH',leads
119,119,119,200105130CHH,40.7,9.0,2nd quarter,0:46.4,Jamal Mashburn,CHH,False,2-pointer,17,47-43,'CHH',leads
120,120,120,200105130CHH,45.6,19.4,2nd quarter,0:15.2,Baron Davis,CHH,True,3-pointer,26,50-45,'CHH',leads
121,121,121,200105130CHH,14.8,42.3,2nd quarter,0:00.3,Baron Davis,CHH,False,3-pointer,38,50-45,'CHH',leads
122,122,122,200105130CHH,20.7,30.3,3rd quarter,11:16.0,Jamal Mashburn,CHH,False,3-pointer,26,50-47,'CHH',leads
123,123,123,200105130CHH,24.0,5.0,3rd quarter,11:11.0,P.J. Brown,CHH,False,2-pointer,0,50-47,'CHH',leads
124,124,124,200105130CHH,39.9,14.9,3rd quarter,10:50.0,Baron Davis,CHH,False,2-pointer,19,50-47,'CHH',leads
125,125,125,200105130CHH,35.5,11.6,3rd quarter,10:22.0,Jamal Mashburn,CHH,True,2-pointer,13,52-49,'CHH',leads
126,126,126,200105130CHH,38.4,7.3,3rd quarter,9:41.0,Elden Campbell,CHH,True,2-pointer,15,54-49,'CHH',leads
127,127,127,200105130CHH,31.3,6.3,3rd quarter,9:06.0,Elden Campbell,CHH,False,2-pointer,7,54-51,'CHH',leads
128,128,128,200105130CHH,41.4,9.7,3rd quarter,8:18.0,David Wesley,CHH,True,2-pointer,18,56-54,'CHH',leads
129,129,129,200105130CHH,12.7,11.1,3rd quarter,7:32.0,David Wesley,CHH,False,2-pointer,13,56-54,'CHH',leads
130,130,130,200105130CHH,24.0,5.0,3rd quarter,7:30.0,Elden Campbell,CHH,False,2-pointer,0,56-54,'CHH',leads
131,131,131,200105130CHH,8.5,6.7,3rd quarter,6:28.0,Elden Campbell,CHH,False,2-pointer,16,58-56,'CHH',leads
132,132,132,200105130CHH,16.3,23.8,3rd quarter,5:37.0,David Wesley,CHH,False,2-pointer,20,58-56,'CHH',leads
133,133,133,200105130CHH,21.3,11.1,3rd quarter,5:01.0,Elden Campbell,CHH,True,2-pointer,7,60-59,'CHH',leads
134,134,134,200105130CHH,14.8,7.3,3rd quarter,3:48.0,Elden Campbell,CHH,False,2-pointer,9,60-64,'CHH',trails
135,135,135,200105130CHH,14.8,29.3,3rd quarter,3:19.0,Baron Davis,CHH,True,3-pointer,26,63-64,'CHH',trails
136,136,136,200105130CHH,13.5,29.3,3rd quarter,2:36.0,Baron Davis,CHH,False,3-pointer,26,63-64,'CHH',trails
137,137,137,200105130CHH,16.9,10.1,3rd quarter,1:54.0,Jamal Mashburn,CHH,True,2-pointer,9,65-64,'CHH',leads
138,138,138,200105130CHH,39.3,13.9,3rd quarter,0:50.8,Jamal Mashburn,CHH,False,2-pointer,18,67-64,'CHH',leads
139,139,139,200105130CHH,24.0,5.0,3rd quarter,0:20.3,Baron Davis,CHH,True,2-pointer,0,69-66,'CHH',leads
140,140,140,200105130CHH,42.8,25.5,3rd quarter,0:00.3,Baron Davis,CHH,False,3-pointer,28,70-66,'CHH',leads
141,141,141,200105130CHH,18.4,30.7,4th quarter,11:40.0,David Wesley,CHH,False,3-pointer,26,70-66,'CHH',leads
142,142,142,200105130CHH,9.9,16.2,4th quarter,10:59.0,Jamal Mashburn,CHH,False,2-pointer,18,70-68,'CHH',leads
143,143,143,200105130CHH,10.6,6.3,4th quarter,10:55.0,Eddie Robinson,CHH,False,2-pointer,13,70-68,'CHH',leads
144,144,144,200105130CHH,24.0,5.0,4th quarter,10:25.0,Jamal Mashburn,CHH,False,2-pointer,0,70-70,'CHH',tied
145,145,145,200105130CHH,39.3,9.0,4th quarter,10:23.0,Eddie Robinson,CHH,False,2-pointer,16,70-70,'CHH',tied
146,146,146,200105130CHH,23.6,13.5,4th quarter,9:07.0,David Wesley,CHH,False,2-pointer,9,70-70,'CHH',tied
147,147,147,200105130CHH,39.9,13.9,4th quarter,8:56.0,Elden Campbell,CHH,False,2-pointer,18,70-70,'CHH',tied
148,148,148,200105130CHH,17.7,11.6,4th quarter,8:26.0,Elden Campbell,CHH,False,2-pointer,9,70-70,'CHH',tied
149,149,149,200105130CHH,6.4,7.8,4th quarter,7:36.0,Jamal Mashburn,CHH,True,2-pointer,18,72-70,'CHH',leads
150,150,150,200105130CHH,36.3,28.0,4th quarter,6:51.0,Baron Davis,CHH,True,3-pointer,26,75-70,'CHH',leads
151,151,151,200105130CHH,24.0,5.0,4th quarter,6:19.0,David Wesley,CHH,False,2-pointer,0,75-70,'CHH',leads
152,152,152,200105130CHH,24.0,5.0,4th quarter,6:06.0,P.J. Brown,CHH,False,2-pointer,0,75-70,'CHH',leads
153,153,153,200105130CHH,24.0,5.0,4th quarter,6:04.0,Jamal Mashburn,CHH,True,2-pointer,0,77-70,'CHH',leads
154,154,154,200105130CHH,39.9,8.4,4th quarter,5:28.0,Jamal Mashburn,CHH,True,2-pointer,16,79-72,'CHH',leads
155,155,155,200105130CHH,34.0,6.7,4th quarter,4:47.0,Jamal Mashburn,CHH,True,2-pointer,10,81-72,'CHH',leads
156,156,156,200105130CHH,39.9,14.9,4th quarter,4:08.0,Jamal Mashburn,CHH,False,2-pointer,19,82-72,'CHH',leads
157,157,157,200105130CHH,6.4,7.8,4th quarter,3:43.0,P.J. Brown,CHH,False,2-pointer,18,82-72,'CHH',leads
158,158,158,200105130CHH,24.0,5.0,4th quarter,2:33.0,P.J. Brown,CHH,False,2-pointer,0,82-75,'CHH',leads
159,159,159,200105130CHH,24.0,5.0,4th quarter,1:55.0,David Wesley,CHH,True,2-pointer,0,84-75,'CHH',leads
160,160,160,200105130CHH,24.0,5.0,4th quarter,1:31.0,Jamal Mashburn,CHH,False,2-pointer,0,84-75,'CHH',leads
161,161,161,200105130CHH,25.6,30.3,4th quarter,0:28.4,Jamal Mashburn,CHH,False,3-pointer,25,84-75,'CHH',leads
162,162,162,200105130SAC,40.3,16.0,1st quarter,11:32.0,Derek Fisher,LAL,False,2-pointer,20,0-0,'LAL',tied
163,163,163,200105130SAC,18.8,14.3,1st quarter,10:58.0,Kobe Bryant,LAL,False,2-pointer,11,0-0,'LAL',tied
164,164,164,200105130SAC,19.4,9.2,1st quarter,10:53.0,Kobe Bryant,LAL,True,2-pointer,6,2-0,'LAL',leads
165,165,165,200105130SAC,4.3,14.9,1st quarter,10:13.0,Derek Fisher,LAL,True,2-pointer,22,4-3,'LAL',leads
166,166,166,200105130SAC,14.6,20.6,1st quarter,9:49.0,Kobe Bryant,LAL,True,2-pointer,18,6-3,'LAL',leads
167,167,167,200105130SAC,33.1,22.3,1st quarter,9:23.0,Derek Fisher,LAL,True,2-pointer,20,8-3,'LAL',leads
168,168,168,200105130SAC,24.3,14.9,1st quarter,8:57.0,Kobe Bryant,LAL,True,2-pointer,10,10-3,'LAL',leads
169,169,169,200105130SAC,7.8,18.3,1st quarter,7:13.0,Horace Grant,LAL,False,2-pointer,21,12-7,'LAL',leads
170,170,170,200105130SAC,10.8,22.9,1st quarter,6:41.0,Derek Fisher,LAL,False,2-pointer,22,12-9,'LAL',leads
171,171,171,200105130SAC,28.7,5.7,1st quarter,5:33.0,Shaquille O'Neal,LAL,False,2-pointer,5,12-12,'LAL',tied
172,172,172,200105130SAC,28.7,22.9,1st quarter,5:22.0,Kobe Bryant,LAL,True,2-pointer,19,14-12,'LAL',leads
173,173,173,200105130SAC,24.0,5.0,1st quarter,4:55.0,Kobe Bryant,LAL,True,2-pointer,0,16-12,'LAL',leads
174,174,174,200105130SAC,24.0,5.0,1st quarter,4:20.0,Derek Fisher,LAL,True,2-pointer,0,18-14,'LAL',leads
175,175,175,200105130SAC,25.8,10.7,1st quarter,3:17.0,Shaquille O'Neal,LAL,False,2-pointer,6,20-14,'LAL',leads
176,176,176,200105130SAC,24.0,5.0,1st quarter,3:15.0,Kobe Bryant,LAL,True,2-pointer,0,22-14,'LAL',leads
177,177,177,200105130SAC,28.7,5.7,1st quarter,2:45.0,Horace Grant,LAL,False,2-pointer,5,22-16,'LAL',leads
178,178,178,200105130SAC,5.7,4.2,1st quarter,2:37.0,Kobe Bryant,LAL,False,2-pointer,18,22-16,'LAL',leads
179,179,179,200105130SAC,25.8,17.0,1st quarter,2:17.0,Rick Fox,LAL,True,2-pointer,12,24-16,'LAL',leads
180,180,180,200105130SAC,21.7,12.6,1st quarter,1:04.0,Horace Grant,LAL,False,2-pointer,8,24-20,'LAL',leads
181,181,181,200105130SAC,17.3,24.4,1st quarter,0:30.2,Derek Fisher,LAL,True,2-pointer,21,26-22,'LAL',leads
182,182,182,200105130SAC,1.5,6.9,1st quarter,0:02.9,Brian Shaw,LAL,False,3-pointer,23,27-22,'LAL',leads
183,183,183,200105130SAC,24.0,5.0,1st quarter,0:01.4,Kobe Bryant,LAL,False,2-pointer,0,27-22,'LAL',leads
184,184,184,200105130SAC,32.5,7.6,2nd quarter,11:37.0,Shaquille O'Neal,LAL,True,2-pointer,9,29-22,'LAL',leads
185,185,185,200105130SAC,24.0,5.0,2nd quarter,11:04.0,Shaquille O'Neal,LAL,True,2-pointer,0,31-25,'LAL',leads
186,186,186,200105130SAC,32.5,8.6,2nd quarter,10:08.0,Shaquille O'Neal,LAL,True,2-pointer,9,33-28,'LAL',leads
187,187,187,200105130SAC,19.4,8.0,2nd quarter,8:42.0,Kobe Bryant,LAL,False,2-pointer,5,34-31,'LAL',leads
188,188,188,200105130SAC,23.0,12.6,2nd quarter,8:19.0,Shaquille O'Neal,LAL,False,2-pointer,8,34-31,'LAL',leads
189,189,189,200105130SAC,24.0,5.0,2nd quarter,7:21.0,Shaquille O'Neal,LAL,True,2-pointer,0,36-34,'LAL',leads
190,190,190,200105130SAC,33.8,27.4,2nd quarter,6:18.0,Derek Fisher,LAL,True,3-pointer,24,39-39,'LAL',tied
191,191,191,200105130SAC,27.2,10.7,2nd quarter,5:43.0,Shaquille O'Neal,LAL,True,2-pointer,7,41-39,'LAL',leads
192,192,192,200105130SAC,20.9,16.6,2nd quarter,5:16.0,Kobe Bryant,LAL,True,2-pointer,12,43-39,'LAL',leads
193,193,193,200105130SAC,1.5,11.3,2nd quarter,4:32.0,Robert Horry,LAL,True,3-pointer,23,46-39,'LAL',leads
194,194,194,200105130SAC,37.4,21.7,2nd quarter,3:11.0,Brian Shaw,LAL,False,2-pointer,21,46-44,'LAL',leads
195,195,195,200105130SAC,19.4,16.6,2nd quarter,1:50.0,Rick Fox,LAL,False,2-pointer,12,48-48,'LAL',tied
196,196,196,200105130SAC,23.9,11.3,2nd quarter,0:06.5,Kobe Bryant,LAL,True,2-pointer,6,52-56,'LAL',trails
197,197,197,200105130SAC,20.9,15.4,3rd quarter,11:41.0,Kobe Bryant,LAL,False,2-pointer,11,53-59,'LAL',trails
198,198,198,200105130SAC,24.0,5.0,3rd quarter,11:36.0,Kobe Bryant,LAL,False,2-pointer,0,53-59,'LAL',trails
199,199,199,200105130SAC,24.0,5.0,3rd quarter,11:33.0,Kobe Bryant,LAL,False,2-pointer,0,53-59,'LAL',trails
200,200,200,200105130SAC,24.0,5.0,3rd quarter,11:27.0,Kobe Bryant,LAL,False,2-pointer,0,53-59,'LAL',trails
201,201,201,200105130SAC,30.2,6.9,3rd quarter,11:01.0,Shaquille O'Neal,LAL,True,2-pointer,6,55-62,'LAL',trails
202,202,202,200105130SAC,0.7,4.8,3rd quarter,10:23.0,Derek Fisher,LAL,True,3-pointer,23,58-64,'LAL',trails
203,203,203,200105130SAC,22.4,24.0,3rd quarter,10:06.0,Kobe Bryant,LAL,False,2-pointer,19,58-64,'LAL',trails
204,204,204,200105130SAC,13.1,12.6,3rd quarter,9:25.0,Rick Fox,LAL,False,2-pointer,13,58-66,'LAL',trails
205,205,205,200105130SAC,18.8,5.7,3rd quarter,9:16.0,Rick Fox,LAL,True,2-pointer,5,60-66,'LAL',trails
206,206,206,200105130SAC,23.0,10.7,3rd quarter,8:41.0,Derek Fisher,LAL,False,2-pointer,6,60-66,'LAL',trails
207,207,207,200105130SAC,7.2,14.3,3rd quarter,8:19.0,Horace Grant,LAL,False,2-pointer,19,62-66,'LAL',trails
208,208,208,200105130SAC,19.4,10.3,3rd quarter,7:47.0,Shaquille O'Neal,LAL,False,2-pointer,7,62-66,'LAL',trails
209,209,209,200105130SAC,29.6,7.6,3rd quarter,6:57.0,Horace Grant,LAL,False,2-pointer,6,64-69,'LAL',trails
210,210,210,200105130SAC,24.0,5.0,3rd quarter,6:55.0,Shaquille O'Neal,LAL,True,2-pointer,0,66-69,'LAL',trails
211,211,211,200105130SAC,24.3,11.3,3rd quarter,6:18.0,Kobe Bryant,LAL,True,2-pointer,6,68-71,'LAL',trails
212,212,212,200105130SAC,22.4,13.2,3rd quarter,5:47.0,Shaquille O'Neal,LAL,False,2-pointer,8,68-71,'LAL',trails
213,213,213,200105130SAC,27.2,14.9,3rd quarter,5:06.0,Rick Fox,LAL,True,2-pointer,10,70-74,'LAL',trails
214,214,214,200105130SAC,27.2,10.7,3rd quarter,4:26.0,Shaquille O'Neal,LAL,False,2-pointer,7,70-76,'LAL',trails
215,215,215,200105130SAC,13.1,27.4,3rd quarter,3:48.0,Derek Fisher,LAL,False,3-pointer,25,72-76,'LAL',trails
216,216,216,200105130SAC,8.7,4.8,3rd quarter,2:49.0,Kobe Bryant,LAL,False,2-pointer,15,72-78,'LAL',trails
217,217,217,200105130SAC,25.1,10.3,3rd quarter,2:19.0,Shaquille O'Neal,LAL,False,2-pointer,5,73-78,'LAL',trails
218,218,218,200105130SAC,0.7,5.0,3rd quarter,1:27.0,Rick Fox,LAL,False,3-pointer,23,75-80,'LAL',trails
219,219,219,200105130SAC,43.3,21.3,3rd quarter,1:06.0,Kobe Bryant,LAL,True,3-pointer,25,78-80,'LAL',trails
220,220,220,200105130SAC,21.7,12.0,3rd quarter,0:41.9,Kobe Bryant,LAL,False,2-pointer,7,78-82,'LAL',trails
221,221,221,200105130SAC,3.6,18.7,3rd quarter,0:03.9,Rick Fox,LAL,False,3-pointer,25,80-84,'LAL',trails
222,222,222,200105130SAC,23.9,30.3,4th quarter,11:21.0,Brian Shaw,LAL,False,3-pointer,25,80-84,'LAL',trails
223,223,223,200105130SAC,15.2,18.7,4th quarter,11:16.0,Kobe Bryant,LAL,True,2-pointer,16,82-84,'LAL',trails
224,224,224,200105130SAC,24.3,9.7,4th quarter,10:38.0,Shaquille O'Neal,LAL,True,2-pointer,5,84-84,'LAL',tied
225,225,225,200105130SAC,46.8,4.8,4th quarter,9:59.0,Robert Horry,LAL,True,3-pointer,23,89-84,'LAL',leads
226,226,226,200105130SAC,24.0,5.0,4th quarter,9:04.0,Shaquille O'Neal,LAL,True,2-pointer,0,91-86,'LAL',leads
227,227,227,200105130SAC,41.8,3.5,4th quarter,7:39.0,Kobe Bryant,LAL,True,2-pointer,18,94-88,'LAL',leads
228,228,228,200105130SAC,24.3,21.3,4th quarter,7:12.0,Kobe Bryant,LAL,False,2-pointer,16,94-90,'LAL',leads
229,229,229,200105130SAC,26.4,20.6,4th quarter,6:27.0,Kobe Bryant,LAL,False,2-pointer,16,94-90,'LAL',leads
230,230,230,200105130SAC,29.6,16.0,4th quarter,6:07.0,Robert Horry,LAL,True,2-pointer,12,96-92,'LAL',leads
231,231,231,200105130SAC,24.0,5.0,4th quarter,5:31.0,Kobe Bryant,LAL,True,2-pointer,0,98-92,'LAL',leads
232,232,232,200105130SAC,40.9,8.6,4th quarter,4:53.0,Kobe Bryant,LAL,True,2-pointer,17,100-94,'LAL',leads
233,233,233,200105130SAC,23.9,8.0,4th quarter,4:11.0,Brian Shaw,LAL,True,2-pointer,3,103-96,'LAL',leads
234,234,234,200105130SAC,5.7,21.3,4th quarter,3:39.0,Brian Shaw,LAL,True,3-pointer,25,106-98,'LAL',leads
235,235,235,200105130SAC,5.7,21.7,4th quarter,2:56.0,Robert Horry,LAL,False,3-pointer,25,106-103,'LAL',leads
236,236,236,200105130SAC,20.9,6.9,4th quarter,2:47.0,Horace Grant,LAL,False,2-pointer,4,106-103,'LAL',leads
237,237,237,200105130SAC,24.0,5.0,4th quarter,2:44.0,Horace Grant,LAL,True,2-pointer,0,108-103,'LAL',leads
238,238,238,200105130SAC,43.3,5.0,4th quarter,2:06.0,Kobe Bryant,LAL,False,2-pointer,19,108-105,'LAL',leads
239,239,239,200105130SAC,30.2,7.6,4th quarter,1:21.0,Kobe Bryant,LAL,True,2-pointer,7,111-107,'LAL',leads
240,240,240,200105130SAC,35.3,26.9,1st quarter,11:50.0,Jason Williams,SAC,False,3-pointer,25,0-0,'LAL',tied
241,241,241,200105130SAC,16.7,23.4,1st quarter,11:19.0,Chris Webber,SAC,False,2-pointer,20,0-0,'LAL',tied
242,242,242,200105130SAC,40.3,12.6,1st quarter,9:58.0,Peja Stojaković,SAC,False,2-pointer,18,3-4,'LAL',trails
243,243,243,200105130SAC,21.7,23.4,1st quarter,9:31.0,Vlade Divac,SAC,False,2-pointer,19,3-6,'LAL',trails
244,244,244,200105130SAC,33.8,16.0,1st quarter,8:48.0,Doug Christie,SAC,False,2-pointer,15,3-10,'LAL',trails
245,245,245,200105130SAC,24.0,5.0,1st quarter,8:27.0,Doug Christie,SAC,True,2-pointer,0,5-10,'LAL',trails
246,246,246,200105130SAC,5.1,6.9,1st quarter,8:00.0,Doug Christie,SAC,False,2-pointer,19,5-10,'LAL',trails
247,247,247,200105130SAC,26.4,6.3,1st quarter,7:54.0,Vlade Divac,SAC,False,2-pointer,3,5-10,'LAL',trails
248,248,248,200105130SAC,37.4,17.7,1st quarter,7:37.0,Doug Christie,SAC,True,2-pointer,18,7-12,'LAL',trails
249,249,249,200105130SAC,7.2,5.0,1st quarter,6:31.0,Chris Webber,SAC,False,2-pointer,17,9-12,'LAL',trails
250,250,250,200105130SAC,3.6,20.0,1st quarter,6:24.0,Jason Williams,SAC,True,3-pointer,25,12-12,'LAL',tied
251,251,251,200105130SAC,23.0,11.3,1st quarter,5:56.0,Chris Webber,SAC,False,2-pointer,6,12-12,'LAL',tied
252,252,252,200105130SAC,19.4,5.7,1st quarter,5:50.0,Chris Webber,SAC,False,2-pointer,5,12-12,'LAL',tied
253,253,253,200105130SAC,11.6,26.9,1st quarter,5:07.0,Jason Williams,SAC,False,3-pointer,25,12-14,'LAL',trails
254,254,254,200105130SAC,39.7,6.3,1st quarter,4:39.0,Chris Webber,SAC,True,2-pointer,16,14-16,'LAL',trails
255,255,255,200105130SAC,36.7,18.3,1st quarter,4:06.0,Doug Christie,SAC,False,2-pointer,18,14-18,'LAL',trails
256,256,256,200105130SAC,13.7,20.6,1st quarter,3:01.0,Chris Webber,SAC,True,2-pointer,19,16-22,'LAL',trails
257,257,257,200105130SAC,14.6,20.0,1st quarter,2:29.0,Chris Webber,SAC,False,2-pointer,18,16-22,'LAL',trails
258,258,258,200105130SAC,24.0,5.0,1st quarter,1:56.0,Peja Stojaković,SAC,True,2-pointer,0,18-24,'LAL',trails
259,259,259,200105130SAC,24.3,9.7,1st quarter,1:26.0,Chris Webber,SAC,False,2-pointer,5,18-24,'LAL',trails
260,260,260,200105130SAC,19.4,8.6,1st quarter,1:23.0,Vlade Divac,SAC,True,2-pointer,6,20-24,'LAL',trails
261,261,261,200105130SAC,24.0,5.0,1st quarter,0:39.8,Peja Stojaković,SAC,True,2-pointer,0,22-24,'LAL',trails
262,262,262,200105130SAC,1.5,14.9,2nd quarter,11:18.0,Peja Stojaković,SAC,True,3-pointer,25,25-29,'LAL',trails
263,263,263,200105130SAC,15.8,8.6,2nd quarter,10:52.0,Peja Stojaković,SAC,False,2-pointer,9,25-31,'LAL',trails
264,264,264,200105130SAC,24.0,5.0,2nd quarter,10:21.0,Peja Stojaković,SAC,True,2-pointer,0,28-31,'LAL',trails
265,265,265,200105130SAC,35.3,17.7,2nd quarter,9:55.0,Chris Webber,SAC,False,2-pointer,17,28-33,'LAL',trails
266,266,266,200105130SAC,25.8,13.7,2nd quarter,9:49.0,Peja Stojaković,SAC,False,2-pointer,9,28-33,'LAL',trails
267,267,267,200105130SAC,26.5,6.3,2nd quarter,9:45.0,Chris Webber,SAC,False,2-pointer,3,28-33,'LAL',trails
268,268,268,200105130SAC,19.5,5.7,2nd quarter,9:43.0,Peja Stojaković,SAC,False,2-pointer,5,28-33,'LAL',trails
269,269,269,200105130SAC,20.3,7.6,2nd quarter,9:41.0,Chris Webber,SAC,True,2-pointer,5,30-33,'LAL',trails
270,270,270,200105130SAC,29.6,5.7,2nd quarter,8:11.0,Bobby Jackson,SAC,False,2-pointer,6,31-34,'LAL',trails
271,271,271,200105130SAC,35.3,10.7,2nd quarter,8:04.0,Chris Webber,SAC,False,2-pointer,13,31-34,'LAL',trails
272,272,272,200105130SAC,38.8,25.0,2nd quarter,7:49.0,Doug Christie,SAC,True,3-pointer,25,34-34,'LAL',tied
273,273,273,200105130SAC,37.4,18.3,2nd quarter,7:05.0,Hedo Türkoğlu,SAC,True,2-pointer,19,36-36,'LAL',tied
274,274,274,200105130SAC,0.7,5.0,2nd quarter,6:38.0,Bobby Jackson,SAC,True,3-pointer,23,39-36,'LAL',leads
275,275,275,200105130SAC,46.8,6.3,2nd quarter,6:07.0,Bobby Jackson,SAC,False,3-pointer,23,39-39,'LAL',tied
276,276,276,200105130SAC,14.6,20.6,2nd quarter,4:57.0,Chris Webber,SAC,False,2-pointer,18,39-43,'LAL',trails
277,277,277,200105130SAC,21.7,12.0,2nd quarter,4:12.0,Chris Webber,SAC,False,2-pointer,7,39-46,'LAL',trails
278,278,278,200105130SAC,40.9,7.6,2nd quarter,4:05.0,Hedo Türkoğlu,SAC,True,2-pointer,17,41-46,'LAL',trails
279,279,279,200105130SAC,43.9,20.0,2nd quarter,3:36.0,Hedo Türkoğlu,SAC,True,3-pointer,25,44-46,'LAL',trails
280,280,280,200105130SAC,18.8,21.7,2nd quarter,2:19.0,Bobby Jackson,SAC,False,2-pointer,17,46-48,'LAL',trails
281,281,281,200105130SAC,6.4,3.5,2nd quarter,2:06.0,Peja Stojaković,SAC,True,2-pointer,18,48-48,'LAL',tied
282,282,282,200105130SAC,24.0,5.0,2nd quarter,1:43.0,Vlade Divac,SAC,True,2-pointer,0,50-48,'LAL',leads
283,283,283,200105130SAC,24.0,5.0,2nd quarter,1:03.0,Chris Webber,SAC,True,2-pointer,0,52-48,'LAL',leads
284,284,284,200105130SAC,24.0,5.0,2nd quarter,0:45.5,Peja Stojaković,SAC,True,2-pointer,0,54-48,'LAL',leads
285,285,285,200105130SAC,27.2,24.0,2nd quarter,0:25.3,Chris Webber,SAC,True,2-pointer,19,56-50,'LAL',leads
286,286,286,200105130SAC,25.8,30.3,2nd quarter,0:00.0,Hedo Türkoğlu,SAC,True,3-pointer,25,59-53,'LAL',leads
287,287,287,200105130SAC,0.7,4.8,3rd quarter,11:17.0,Doug Christie,SAC,True,3-pointer,23,62-53,'LAL',leads
288,288,288,200105130SAC,5.7,8.6,3rd quarter,10:39.0,Vlade Divac,SAC,True,2-pointer,19,64-55,'LAL',leads
289,289,289,200105130SAC,0.7,8.0,3rd quarter,10:14.0,Jason Williams,SAC,False,3-pointer,23,64-58,'LAL',leads
290,290,290,200105130SAC,41.8,14.9,3rd quarter,9:49.0,Peja Stojaković,SAC,True,2-pointer,20,66-58,'LAL',leads
291,291,291,200105130SAC,0.0,8.0,3rd quarter,8:26.0,Doug Christie,SAC,False,3-pointer,24,66-62,'LAL',leads
292,292,292,200105130SAC,12.3,18.7,3rd quarter,8:04.0,Chris Webber,SAC,False,2-pointer,18,66-62,'LAL',leads
293,293,293,200105130SAC,24.0,5.0,3rd quarter,7:13.0,Chris Webber,SAC,True,2-pointer,0,68-64,'LAL',leads
294,294,294,200105130SAC,21.7,5.7,3rd quarter,6:34.0,Vlade Divac,SAC,True,2-pointer,2,71-66,'LAL',leads
295,295,295,200105130SAC,20.3,24.0,3rd quarter,6:04.0,Vlade Divac,SAC,False,2-pointer,19,71-68,'LAL',leads
296,296,296,200105130SAC,20.3,29.1,3rd quarter,5:41.0,Jason Williams,SAC,False,3-pointer,24,71-68,'LAL',leads
297,297,297,200105130SAC,24.0,5.0,3rd quarter,5:24.0,Chris Webber,SAC,True,2-pointer,0,73-68,'LAL',leads
298,298,298,200105130SAC,33.1,21.3,3rd quarter,4:46.0,Peja Stojaković,SAC,True,2-pointer,19,76-70,'LAL',leads
299,299,299,200105130SAC,23.9,25.0,3rd quarter,4:04.0,Chris Webber,SAC,False,2-pointer,20,76-72,'LAL',leads
300,300,300,200105130SAC,24.0,5.0,3rd quarter,3:06.0,Chris Webber,SAC,False,2-pointer,0,76-72,'LAL',leads
301,301,301,200105130SAC,24.0,5.0,3rd quarter,3:04.0,Scot Pollard,SAC,True,2-pointer,0,78-72,'LAL',leads
302,302,302,200105130SAC,46.8,5.7,3rd quarter,2:34.0,Bobby Jackson,SAC,False,3-pointer,23,78-72,'LAL',leads
303,303,303,200105130SAC,24.0,5.0,3rd quarter,2:05.0,Doug Christie,SAC,True,2-pointer,0,80-73,'LAL',leads
304,304,304,200105130SAC,24.0,5.0,3rd quarter,0:26.4,Lawrence Funderburke,SAC,True,2-pointer,0,84-80,'LAL',leads
305,305,305,200105130SAC,34.6,5.0,4th quarter,11:43.0,Hedo Türkoğlu,SAC,False,2-pointer,11,84-80,'LAL',leads
306,306,306,200105130SAC,24.0,5.0,4th quarter,11:41.0,Lawrence Funderburke,SAC,False,2-pointer,0,84-80,'LAL',leads
307,307,307,200105130SAC,6.4,12.6,4th quarter,10:21.0,Lawrence Funderburke,SAC,False,2-pointer,19,84-86,'LAL',trails
308,308,308,200105130SAC,17.3,7.6,4th quarter,9:42.0,Chris Webber,SAC,False,2-pointer,7,84-89,'LAL',trails
309,309,309,200105130SAC,12.3,19.4,4th quarter,9:27.0,Hedo Türkoğlu,SAC,True,2-pointer,19,86-89,'LAL',trails
310,310,310,200105130SAC,36.7,18.7,4th quarter,8:49.0,Chris Webber,SAC,False,2-pointer,19,86-91,'LAL',trails
311,311,311,200105130SAC,10.2,13.2,4th quarter,7:27.0,Chris Webber,SAC,False,2-pointer,16,88-94,'LAL',trails
312,312,312,200105130SAC,30.2,29.1,4th quarter,7:00.0,Peja Stojaković,SAC,False,3-pointer,25,90-94,'LAL',trails
313,313,313,200105130SAC,25.1,6.3,4th quarter,6:56.0,Vlade Divac,SAC,False,2-pointer,2,90-94,'LAL',trails
314,314,314,200105130SAC,28.7,6.9,4th quarter,6:49.0,Vlade Divac,SAC,False,2-pointer,5,90-94,'LAL',trails
315,315,315,200105130SAC,23.9,8.6,4th quarter,4:33.0,Chris Webber,SAC,True,2-pointer,4,96-101,'LAL',trails
316,316,316,200105130SAC,2.1,17.0,4th quarter,3:27.0,Hedo Türkoğlu,SAC,True,3-pointer,25,101-106,'LAL',trails
317,317,317,200105130SAC,13.1,4.2,4th quarter,2:28.0,Hedo Türkoğlu,SAC,True,2-pointer,11,105-108,'LAL',trails
318,318,318,200105130SAC,24.0,5.0,4th quarter,1:37.0,Hedo Türkoğlu,SAC,False,2-pointer,0,107-109,'LAL',trails
319,319,319,200105130SAC,20.9,29.1,4th quarter,0:18.9,Peja Stojaković,SAC,False,3-pointer,24,110-115,'LAL',trails
320,320,320,200105130SAC,5.7,22.9,4th quarter,0:03.9,Hedo Türkoğlu,SAC,True,3-pointer,26,113-117,'LAL',trails
321,321,321,200105130TOR,24.0,5.0,1st quarter,11:08.0,Dikembe Mutombo,PHI,True,2-pointer,0,2-2,'TOR',tied
322,322,322,200105130TOR,2.6,17.7,1st quarter,10:43.0,Allen Iverson,PHI,True,3-pointer,25,5-2,'TOR',leads
323,323,323,200105130TOR,23.6,9.9,1st quarter,10:17.0,Tyrone Hill,PHI,False,2-pointer,5,5-2,'TOR',leads
324,324,324,200105130TOR,9.9,16.6,1st quarter,9:34.0,Allen Iverson,PHI,False,2-pointer,18,6-2,'TOR',leads
325,325,325,200105130TOR,7.8,7.1,1st quarter,9:08.0,George Lynch,PHI,False,2-pointer,16,6-4,'TOR',leads
326,326,326,200105130TOR,31.3,8.4,1st quarter,8:21.0,Allen Iverson,PHI,False,2-pointer,8,6-4,'TOR',leads
327,327,327,200105130TOR,24.0,5.0,1st quarter,8:15.0,George Lynch,PHI,True,2-pointer,0,8-4,'TOR',leads
328,328,328,200105130TOR,24.0,5.0,1st quarter,7:46.0,Aaron McKie,PHI,True,2-pointer,0,10-6,'TOR',leads
329,329,329,200105130TOR,24.1,25.9,1st quarter,7:09.0,Allen Iverson,PHI,True,2-pointer,21,12-8,'TOR',leads
330,330,330,200105130TOR,41.4,23.4,1st quarter,6:29.0,Allen Iverson,PHI,False,3-pointer,25,12-8,'TOR',leads
331,331,331,200105130TOR,47.7,5.0,1st quarter,6:10.0,Aaron McKie,PHI,False,3-pointer,24,12-8,'TOR',leads
332,332,332,200105130TOR,24.0,5.0,1st quarter,5:47.0,Allen Iverson,PHI,False,2-pointer,0,12-8,'TOR',leads
333,333,333,200105130TOR,7.0,6.1,1st quarter,5:14.0,Eric Snow,PHI,True,2-pointer,17,14-8,'TOR',leads
334,334,334,200105130TOR,34.0,5.4,1st quarter,4:43.0,Dikembe Mutombo,PHI,False,2-pointer,10,14-8,'TOR',leads
335,335,335,200105130TOR,34.0,5.4,1st quarter,4:13.0,George Lynch,PHI,True,2-pointer,10,16-8,'TOR',leads
336,336,336,200105130TOR,6.4,21.5,1st quarter,3:44.0,Allen Iverson,PHI,True,3-pointer,24,19-8,'TOR',leads
337,337,337,200105130TOR,31.3,11.6,1st quarter,3:08.0,Allen Iverson,PHI,False,2-pointer,10,19-10,'TOR',leads
338,338,338,200105130TOR,24.1,21.5,1st quarter,2:27.0,Eric Snow,PHI,False,2-pointer,17,19-12,'TOR',leads
339,339,339,200105130TOR,35.5,12.2,1st quarter,1:56.0,Allen Iverson,PHI,True,2-pointer,14,21-14,'TOR',leads
340,340,340,200105130TOR,24.0,5.0,1st quarter,0:04.9,Allen Iverson,PHI,False,2-pointer,0,24-18,'TOR',leads
341,341,341,200105130TOR,24.0,5.0,1st quarter,0:04.2,Dikembe Mutombo,PHI,True,2-pointer,0,26-18,'TOR',leads
342,342,342,200105130TOR,30.4,14.9,2nd quarter,11:46.0,Allen Iverson,PHI,False,2-pointer,12,26-18,'TOR',leads
343,343,343,200105130TOR,34.0,9.9,2nd quarter,11:16.0,Dikembe Mutombo,PHI,True,2-pointer,11,28-20,'TOR',leads
344,344,344,200105130TOR,24.0,5.0,2nd quarter,10:07.0,Aaron McKie,PHI,True,2-pointer,0,32-20,'TOR',leads
345,345,345,200105130TOR,36.9,5.4,2nd quarter,9:24.0,Aaron McKie,PHI,False,2-pointer,13,32-21,'TOR',leads
346,346,346,200105130TOR,45.0,4.6,2nd quarter,8:16.0,Allen Iverson,PHI,True,2-pointer,21,34-26,'TOR',leads
347,347,347,200105130TOR,24.0,5.0,2nd quarter,7:15.0,Allen Iverson,PHI,True,2-pointer,0,36-26,'TOR',leads
348,348,348,200105130TOR,32.5,16.6,2nd quarter,6:45.0,Allen Iverson,PHI,False,2-pointer,14,38-26,'TOR',leads
349,349,349,200105130TOR,8.5,4.6,2nd quarter,6:37.0,Eric Snow,PHI,True,2-pointer,16,40-26,'TOR',leads
350,350,350,200105130TOR,24.0,5.0,2nd quarter,6:11.0,Jumaine Jones,PHI,False,2-pointer,0,40-26,'TOR',leads
351,351,351,200105130TOR,39.3,8.8,2nd quarter,5:09.0,Kevin Ollie,PHI,True,2-pointer,16,42-26,'TOR',leads
352,352,352,200105130TOR,24.7,20.0,2nd quarter,4:27.0,Allen Iverson,PHI,False,2-pointer,15,42-26,'TOR',leads
353,353,353,200105130TOR,18.4,21.0,2nd quarter,4:01.0,Kevin Ollie,PHI,False,2-pointer,17,42-26,'TOR',leads
354,354,354,200105130TOR,31.3,23.4,2nd quarter,2:51.0,Allen Iverson,PHI,True,2-pointer,20,44-30,'TOR',leads
355,355,355,200105130TOR,16.3,25.5,2nd quarter,1:49.0,Allen Iverson,PHI,False,2-pointer,22,46-33,'TOR',leads
356,356,356,200105130TOR,26.2,11.1,2nd quarter,1:26.0,Allen Iverson,PHI,False,2-pointer,6,46-33,'TOR',leads
357,357,357,200105130TOR,24.0,5.0,2nd quarter,1:23.0,Aaron McKie,PHI,False,2-pointer,0,46-33,'TOR',leads
358,358,358,200105130TOR,24.0,5.0,2nd quarter,1:21.0,Todd MacCulloch,PHI,True,2-pointer,0,48-33,'TOR',leads
359,359,359,200105130TOR,17.8,6.0,2nd quarter,0:49.9,Dikembe Mutombo,PHI,False,2-pointer,6,48-34,'TOR',leads
360,360,360,200105130TOR,16.3,6.5,3rd quarter,11:41.0,Dikembe Mutombo,PHI,False,2-pointer,8,49-36,'TOR',leads
361,361,361,200105130TOR,42.0,5.0,3rd quarter,10:23.0,George Lynch,PHI,False,2-pointer,18,49-40,'TOR',leads
362,362,362,200105130TOR,39.3,5.4,3rd quarter,9:52.0,Aaron McKie,PHI,True,2-pointer,15,51-40,'TOR',leads
363,363,363,200105130TOR,35.5,6.1,3rd quarter,9:18.0,George Lynch,PHI,False,2-pointer,12,51-40,'TOR',leads
364,364,364,200105130TOR,19.8,20.0,3rd quarter,9:12.0,Allen Iverson,PHI,False,2-pointer,16,51-40,'TOR',leads
365,365,365,200105130TOR,36.3,8.4,3rd quarter,8:31.0,Aaron McKie,PHI,True,2-pointer,13,53-42,'TOR',leads
366,366,366,200105130TOR,37.8,6.1,3rd quarter,7:52.0,Aaron McKie,PHI,True,2-pointer,14,55-44,'TOR',leads
367,367,367,200105130TOR,29.1,29.3,3rd quarter,7:04.0,Jumaine Jones,PHI,False,3-pointer,25,55-44,'TOR',leads
368,368,368,200105130TOR,24.0,5.0,3rd quarter,6:59.0,Aaron McKie,PHI,True,2-pointer,0,57-44,'TOR',leads
369,369,369,200105130TOR,7.8,19.4,3rd quarter,6:23.0,Aaron McKie,PHI,False,2-pointer,22,57-46,'TOR',leads
370,370,370,200105130TOR,19.2,9.9,3rd quarter,6:18.0,Dikembe Mutombo,PHI,True,2-pointer,7,59-46,'TOR',leads
371,371,371,200105130TOR,36.3,16.6,3rd quarter,5:18.0,Allen Iverson,PHI,False,2-pointer,17,60-48,'TOR',leads
372,372,372,200105130TOR,24.0,5.0,3rd quarter,4:41.0,Allen Iverson,PHI,False,2-pointer,0,60-50,'TOR',leads
373,373,373,200105130TOR,24.0,5.0,3rd quarter,4:18.0,Kevin Ollie,PHI,False,2-pointer,0,60-50,'TOR',leads
374,374,374,200105130TOR,37.8,6.5,3rd quarter,3:10.0,Allen Iverson,PHI,True,2-pointer,14,62-52,'TOR',leads
375,375,375,200105130TOR,24.0,5.0,3rd quarter,2:37.0,George Lynch,PHI,True,2-pointer,0,64-52,'TOR',leads
376,376,376,200105130TOR,41.4,4.2,3rd quarter,1:53.0,Aaron McKie,PHI,True,2-pointer,17,66-54,'TOR',leads
377,377,377,200105130TOR,39.3,2.9,3rd quarter,1:23.0,George Lynch,PHI,False,2-pointer,15,66-56,'TOR',leads
378,378,378,200105130TOR,18.4,9.5,3rd quarter,1:19.0,Dikembe Mutombo,PHI,True,2-pointer,7,68-56,'TOR',leads
379,379,379,200105130TOR,1.1,4.6,3rd quarter,0:47.9,Aaron McKie,PHI,False,3-pointer,23,68-56,'TOR',leads
380,380,380,200105130TOR,24.0,5.0,3rd quarter,0:27.3,George Lynch,PHI,True,2-pointer,0,70-58,'TOR',leads
381,381,381,200105130TOR,32.5,33.3,3rd quarter,0:00.2,Allen Iverson,PHI,False,3-pointer,30,70-61,'TOR',leads
382,382,382,200105130TOR,37.8,5.0,4th quarter,11:25.0,Tyrone Hill,PHI,False,2-pointer,14,70-64,'TOR',leads
383,383,383,200105130TOR,38.4,11.6,4th quarter,10:50.0,Aaron McKie,PHI,True,2-pointer,16,72-64,'TOR',leads
384,384,384,200105130TOR,24.0,5.0,4th quarter,10:04.0,Eric Snow,PHI,False,2-pointer,0,72-66,'TOR',leads
385,385,385,200105130TOR,24.0,5.0,4th quarter,10:02.0,Tyrone Hill,PHI,False,2-pointer,0,72-66,'TOR',leads
386,386,386,200105130TOR,23.6,19.4,4th quarter,9:47.0,Eric Snow,PHI,True,2-pointer,14,74-66,'TOR',leads
387,387,387,200105130TOR,16.9,23.8,4th quarter,9:12.0,Allen Iverson,PHI,True,2-pointer,20,76-68,'TOR',leads
388,388,388,200105130TOR,1.9,17.7,4th quarter,8:40.0,Allen Iverson,PHI,False,3-pointer,25,76-69,'TOR',leads
389,389,389,200105130TOR,36.3,5.4,4th quarter,7:47.0,Tyrone Hill,PHI,False,2-pointer,12,76-71,'TOR',leads
390,390,390,200105130TOR,28.3,24.4,4th quarter,7:13.0,Eric Snow,PHI,False,2-pointer,20,76-71,'TOR',leads
391,391,391,200105130TOR,17.7,23.4,4th quarter,6:33.0,Eric Snow,PHI,False,2-pointer,19,76-71,'TOR',leads
392,392,392,200105130TOR,28.3,23.8,4th quarter,5:49.0,Allen Iverson,PHI,False,2-pointer,19,76-73,'TOR',leads
393,393,393,200105130TOR,14.2,13.2,4th quarter,5:14.0,Eric Snow,PHI,False,2-pointer,13,76-73,'TOR',leads
394,394,394,200105130TOR,19.2,24.8,4th quarter,4:37.0,Allen Iverson,PHI,False,2-pointer,20,76-73,'TOR',leads
395,395,395,200105130TOR,24.0,5.0,4th quarter,4:09.0,Tyrone Hill,PHI,True,2-pointer,0,78-73,'TOR',leads
396,396,396,200105130TOR,9.9,11.6,4th quarter,2:57.0,Allen Iverson,PHI,False,2-pointer,16,78-75,'TOR',leads
397,397,397,200105130TOR,9.9,30.3,4th quarter,2:21.0,Allen Iverson,PHI,True,3-pointer,29,81-78,'TOR',leads
398,398,398,200105130TOR,39.3,6.1,4th quarter,1:49.0,Eric Snow,PHI,True,2-pointer,15,83-78,'TOR',leads
399,399,399,200105130TOR,34.0,19.4,4th quarter,1:10.0,Eric Snow,PHI,False,2-pointer,18,83-79,'TOR',leads
400,400,400,200105130TOR,29.1,11.1,4th quarter,0:26.9,Allen Iverson,PHI,False,2-pointer,8,83-79,'TOR',leads
401,401,401,200105130TOR,42.8,7.8,1st quarter,11:44.0,Charles Oakley,TOR,False,2-pointer,19,0-0,'TOR',tied
402,402,402,200105130TOR,24.0,5.0,1st quarter,11:24.0,Vince Carter,TOR,True,2-pointer,0,2-0,'TOR',leads
403,403,403,200105130TOR,24.0,5.0,1st quarter,10:51.0,Antonio Davis,TOR,False,2-pointer,0,2-2,'TOR',tied
404,404,404,200105130TOR,39.9,14.3,1st quarter,10:27.0,Charles Oakley,TOR,False,2-pointer,18,2-5,'TOR',trails
405,405,405,200105130TOR,16.3,16.6,1st quarter,9:57.0,Vince Carter,TOR,False,2-pointer,14,2-6,'TOR',trails
406,406,406,200105130TOR,22.2,22.1,1st quarter,9:53.0,Chris Childs,TOR,False,2-pointer,17,2-6,'TOR',trails
407,407,407,200105130TOR,38.4,11.6,1st quarter,8:47.0,Charles Oakley,TOR,False,2-pointer,16,4-6,'TOR',trails
408,408,408,200105130TOR,1.1,4.6,1st quarter,8:40.0,Vince Carter,TOR,False,3-pointer,23,4-6,'TOR',trails
409,409,409,200105130TOR,39.3,12.8,1st quarter,8:29.0,Charles Oakley,TOR,False,2-pointer,17,4-6,'TOR',trails
410,410,410,200105130TOR,32.5,4.6,1st quarter,8:06.0,Chris Childs,TOR,False,2-pointer,9,4-8,'TOR',trails
411,411,411,200105130TOR,24.0,5.0,1st quarter,8:02.0,Antonio Davis,TOR,True,2-pointer,0,6-8,'TOR',trails
412,412,412,200105130TOR,39.9,4.6,1st quarter,7:26.0,Antonio Davis,TOR,True,2-pointer,16,8-10,'TOR',trails
413,413,413,200105130TOR,25.1,6.0,1st quarter,6:45.0,Vince Carter,TOR,False,2-pointer,1,8-12,'TOR',trails
414,414,414,200105130TOR,7.0,23.4,1st quarter,5:52.0,Vince Carter,TOR,False,3-pointer,25,8-12,'TOR',trails
415,415,415,200105130TOR,24.0,5.0,1st quarter,5:38.0,Jerome Williams,TOR,False,2-pointer,0,8-12,'TOR',trails
416,416,416,200105130TOR,24.0,5.0,1st quarter,5:33.0,Vince Carter,TOR,False,2-pointer,0,8-12,'TOR',trails
417,417,417,200105130TOR,1.9,10.5,1st quarter,4:54.0,Vince Carter,TOR,False,3-pointer,23,8-14,'TOR',trails
418,418,418,200105130TOR,40.7,6.5,1st quarter,4:29.0,Antonio Davis,TOR,False,2-pointer,17,8-14,'TOR',trails
419,419,419,200105130TOR,35.5,27.2,1st quarter,3:52.0,Alvin Williams,TOR,False,3-pointer,25,8-16,'TOR',trails
420,420,420,200105130TOR,7.0,5.4,1st quarter,3:24.0,Alvin Williams,TOR,True,2-pointer,17,10-19,'TOR',trails
421,421,421,200105130TOR,31.3,8.8,1st quarter,3:00.0,Alvin Williams,TOR,False,2-pointer,8,10-19,'TOR',trails
422,422,422,200105130TOR,24.0,5.0,1st quarter,2:58.0,Alvin Williams,TOR,False,2-pointer,0,10-19,'TOR',trails
423,423,423,200105130TOR,24.0,5.0,1st quarter,2:53.0,Vince Carter,TOR,True,2-pointer,0,12-19,'TOR',trails
424,424,424,200105130TOR,39.3,24.8,1st quarter,1:39.0,Alvin Williams,TOR,False,3-pointer,25,14-21,'TOR',trails
425,425,425,200105130TOR,38.4,5.0,1st quarter,0:58.9,Alvin Williams,TOR,False,2-pointer,14,14-22,'TOR',trails
426,426,426,200105130TOR,4.0,4.6,1st quarter,0:45.2,Alvin Williams,TOR,True,2-pointer,20,16-22,'TOR',trails
427,427,427,200105130TOR,31.9,6.5,1st quarter,0:21.9,Vince Carter,TOR,False,2-pointer,8,16-24,'TOR',trails
428,428,428,200105130TOR,24.0,5.0,1st quarter,0:20.2,Vince Carter,TOR,True,2-pointer,0,18-24,'TOR',trails
429,429,429,200105130TOR,4.0,22.1,1st quarter,0:00.1,Dell Curry,TOR,False,3-pointer,26,18-26,'TOR',trails
430,430,430,200105130TOR,36.3,17.2,2nd quarter,11:40.0,Alvin Williams,TOR,True,2-pointer,17,20-26,'TOR',trails
431,431,431,200105130TOR,2.6,5.4,2nd quarter,10:54.0,Vince Carter,TOR,False,2-pointer,21,20-28,'TOR',trails
432,432,432,200105130TOR,24.0,5.0,2nd quarter,10:48.0,Vince Carter,TOR,False,2-pointer,0,20-28,'TOR',trails
433,433,433,200105130TOR,47.1,7.8,2nd quarter,10:37.0,Alvin Williams,TOR,False,3-pointer,23,20-28,'TOR',trails
434,434,434,200105130TOR,15.6,23.4,2nd quarter,9:12.0,Dell Curry,TOR,True,2-pointer,20,23-32,'TOR',trails
435,435,435,200105130TOR,24.0,5.0,2nd quarter,8:37.0,Vince Carter,TOR,True,2-pointer,0,26-32,'TOR',trails
436,436,436,200105130TOR,34.8,8.4,2nd quarter,7:59.0,Vince Carter,TOR,False,2-pointer,11,26-34,'TOR',trails
437,437,437,200105130TOR,42.0,21.5,2nd quarter,7:30.0,Charles Oakley,TOR,False,3-pointer,24,26-34,'TOR',trails
438,438,438,200105130TOR,7.0,7.8,2nd quarter,7:01.0,Dell Curry,TOR,False,2-pointer,17,26-38,'TOR',trails
439,439,439,200105130TOR,8.5,9.5,2nd quarter,6:24.0,Antonio Davis,TOR,False,2-pointer,16,26-40,'TOR',trails
440,440,440,200105130TOR,24.0,5.0,2nd quarter,6:02.0,Chris Childs,TOR,False,2-pointer,0,26-40,'TOR',trails
441,441,441,200105130TOR,24.7,11.1,2nd quarter,5:39.0,Antonio Davis,TOR,False,2-pointer,6,26-40,'TOR',trails
442,442,442,200105130TOR,24.0,5.0,2nd quarter,4:55.0,Vince Carter,TOR,False,2-pointer,0,26-42,'TOR',trails
443,443,443,200105130TOR,20.7,9.5,2nd quarter,4:41.0,Keon Clark,TOR,False,2-pointer,6,26-42,'TOR',trails
444,444,444,200105130TOR,5.5,21.0,2nd quarter,4:36.0,Chris Childs,TOR,False,3-pointer,24,26-42,'TOR',trails
445,445,445,200105130TOR,39.3,10.5,2nd quarter,4:18.0,Charles Oakley,TOR,False,2-pointer,16,26-42,'TOR',trails
446,446,446,200105130TOR,24.0,5.0,2nd quarter,3:44.0,Vince Carter,TOR,True,2-pointer,0,28-42,'TOR',trails
447,447,447,200105130TOR,12.1,4.2,2nd quarter,2:29.0,Keon Clark,TOR,False,2-pointer,12,30-44,'TOR',trails
448,448,448,200105130TOR,21.3,29.9,2nd quarter,2:15.0,Chris Childs,TOR,True,3-pointer,25,33-46,'TOR',trails
449,449,449,200105130TOR,24.0,5.0,2nd quarter,0:30.9,Vince Carter,TOR,True,2-pointer,0,36-49,'TOR',trails
450,450,450,200105130TOR,24.0,5.0,2nd quarter,0:07.9,Alvin Williams,TOR,False,2-pointer,0,36-49,'TOR',trails
451,451,451,200105130TOR,24.0,5.0,3rd quarter,11:20.0,Antonio Davis,TOR,True,2-pointer,0,38-49,'TOR',trails
452,452,452,200105130TOR,7.0,13.2,3rd quarter,10:49.0,Charles Oakley,TOR,True,2-pointer,19,40-49,'TOR',trails
453,453,453,200105130TOR,39.3,4.6,3rd quarter,10:09.0,Alvin Williams,TOR,False,2-pointer,15,40-49,'TOR',trails
454,454,454,200105130TOR,44.1,5.0,3rd quarter,9:27.0,Vince Carter,TOR,False,2-pointer,20,40-51,'TOR',trails
455,455,455,200105130TOR,9.9,5.0,3rd quarter,8:51.0,Charles Oakley,TOR,True,2-pointer,14,42-51,'TOR',trails
456,456,456,200105130TOR,41.4,4.6,3rd quarter,8:11.0,Alvin Williams,TOR,True,2-pointer,17,44-53,'TOR',trails
457,457,457,200105130TOR,39.9,20.0,3rd quarter,6:40.0,Alvin Williams,TOR,True,2-pointer,22,46-57,'TOR',trails
458,458,458,200105130TOR,9.1,4.6,3rd quarter,5:59.0,Antonio Davis,TOR,False,2-pointer,15,46-60,'TOR',trails
459,459,459,200105130TOR,24.0,5.0,3rd quarter,5:56.0,Vince Carter,TOR,False,2-pointer,0,46-60,'TOR',trails
460,460,460,200105130TOR,24.0,5.0,3rd quarter,5:53.0,Vince Carter,TOR,False,2-pointer,0,46-60,'TOR',trails
461,461,461,200105130TOR,24.0,5.0,3rd quarter,5:13.0,Chris Childs,TOR,True,2-pointer,0,50-60,'TOR',trails
462,462,462,200105130TOR,19.2,25.5,3rd quarter,4:07.0,Charles Oakley,TOR,False,2-pointer,21,50-60,'TOR',trails
463,463,463,200105130TOR,34.8,17.2,3rd quarter,3:49.0,Alvin Williams,TOR,False,2-pointer,16,50-60,'TOR',trails
464,464,464,200105130TOR,24.0,5.0,3rd quarter,2:14.0,Charles Oakley,TOR,False,2-pointer,0,52-64,'TOR',trails
465,465,465,200105130TOR,24.0,5.0,3rd quarter,2:11.0,Charles Oakley,TOR,True,2-pointer,0,54-64,'TOR',trails
466,466,466,200105130TOR,17.7,29.3,3rd quarter,1:04.0,Vince Carter,TOR,False,3-pointer,25,56-68,'TOR',trails
467,467,467,200105130TOR,4.9,20.4,3rd quarter,0:15.9,Charles Oakley,TOR,True,3-pointer,25,61-70,'TOR',trails
468,468,468,200105130TOR,1.1,12.2,4th quarter,11:48.0,Vince Carter,TOR,True,3-pointer,24,64-70,'TOR',trails
469,469,469,200105130TOR,3.4,20.4,4th quarter,11:06.0,Chris Childs,TOR,False,3-pointer,26,64-70,'TOR',trails
470,470,470,200105130TOR,24.0,5.0,4th quarter,10:28.0,Antonio Davis,TOR,True,2-pointer,0,66-72,'TOR',trails
471,471,471,200105130TOR,7.8,17.7,4th quarter,9:28.0,Alvin Williams,TOR,True,2-pointer,21,68-74,'TOR',trails
472,472,472,200105130TOR,39.9,10.5,4th quarter,8:14.0,Alvin Williams,TOR,True,2-pointer,17,71-76,'TOR',trails
473,473,473,200105130TOR,39.9,9.5,4th quarter,7:31.0,Vince Carter,TOR,False,2-pointer,17,71-76,'TOR',trails
474,474,474,200105130TOR,42.8,21.5,4th quarter,6:58.0,Vince Carter,TOR,False,3-pointer,25,71-76,'TOR',trails
475,475,475,200105130TOR,24.0,5.0,4th quarter,5:32.0,Vince Carter,TOR,False,2-pointer,0,73-76,'TOR',trails
476,476,476,200105130TOR,47.1,4.6,4th quarter,4:26.0,Alvin Williams,TOR,False,3-pointer,23,73-76,'TOR',trails
477,477,477,200105130TOR,7.8,17.2,4th quarter,3:41.0,Alvin Williams,TOR,False,2-pointer,20,73-78,'TOR',trails
478,478,478,200105130TOR,24.0,5.0,4th quarter,3:22.0,Antonio Davis,TOR,False,2-pointer,0,73-78,'TOR',trails
479,479,479,200105130TOR,24.0,5.0,4th quarter,3:18.0,Vince Carter,TOR,True,2-pointer,0,75-78,'TOR',trails
480,480,480,200105130TOR,40.7,24.4,4th quarter,2:46.0,Chris Childs,TOR,True,3-pointer,26,78-78,'TOR',tied
481,481,481,200105130TOR,48.5,3.5,4th quarter,0:13.9,Vince Carter,TOR,False,3-pointer,25,79-83,'TOR',trails
