,Unnamed: 0.1,Unnamed: 0,match_id,shotX,shotY,quarter,time_remaining,player,team,made,shot_type,distance,score,opp,status
0,0,0,200112060HOU,23.9,30.5,1st quarter,11:40.0,Chris Whitney,WAS,True,3-pointer,26,3-0,'HOU',leads
1,1,1,200112060HOU,28.7,23.1,1st quarter,11:07.0,Christian Laettner,WAS,False,2-pointer,19,3-0,'HOU',leads
2,2,2,200112060HOU,8.5,12.8,1st quarter,10:25.0,Richard Hamilton,WAS,True,2-pointer,17,5-3,'HOU',leads
3,3,3,200112060HOU,22.4,22.5,1st quarter,9:44.0,Michael Jordan,WAS,False,2-pointer,18,5-5,'HOU',tied
4,4,4,200112060HOU,23.9,24.2,1st quarter,8:54.0,Richard Hamilton,WAS,True,2-pointer,19,7-7,'HOU',tied
5,5,5,200112060HOU,24.0,5.0,1st quarter,8:14.0,Jahidi White,WAS,True,2-pointer,0,9-7,'HOU',leads
6,6,6,200112060HOU,11.2,23.1,1st quarter,7:32.0,Michael Jordan,WAS,False,2-pointer,22,9-9,'HOU',tied
7,7,7,200112060HOU,42.0,14.7,1st quarter,7:09.0,Richard Hamilton,WAS,False,2-pointer,20,9-9,'HOU',tied
8,8,8,200112060HOU,24.0,5.0,1st quarter,6:22.0,Jahidi White,WAS,False,2-pointer,0,9-11,'HOU',trails
9,9,9,200112060HOU,42.0,23.1,1st quarter,6:12.0,Chris Whitney,WAS,False,3-pointer,26,9-11,'HOU',trails
10,10,10,200112060HOU,38.4,12.8,1st quarter,5:36.0,Christian Laettner,WAS,False,2-pointer,16,9-13,'HOU',trails
11,11,11,200112060HOU,6.4,18.5,1st quarter,5:28.0,Michael Jordan,WAS,True,2-pointer,22,11-13,'HOU',trails
12,12,12,200112060HOU,14.6,9.5,1st quarter,4:58.0,Richard Hamilton,WAS,True,2-pointer,10,13-15,'HOU',trails
13,13,13,200112060HOU,42.0,3.9,1st quarter,4:16.0,Christian Laettner,WAS,True,2-pointer,18,15-15,'HOU',tied
14,14,14,200112060HOU,39.9,9.5,1st quarter,3:38.0,Michael Jordan,WAS,True,2-pointer,17,17-15,'HOU',leads
15,15,15,200112060HOU,40.7,4.6,1st quarter,2:49.0,Richard Hamilton,WAS,True,2-pointer,17,19-17,'HOU',leads
16,16,16,200112060HOU,30.8,7.8,1st quarter,2:20.0,Brendan Haywood,WAS,False,2-pointer,7,20-17,'HOU',leads
17,17,17,200112060HOU,13.3,7.1,1st quarter,1:37.0,Richard Hamilton,WAS,True,2-pointer,11,22-17,'HOU',leads
18,18,18,200112060HOU,23.2,24.2,1st quarter,1:02.0,Christian Laettner,WAS,False,2-pointer,19,22-19,'HOU',leads
19,19,19,200112060HOU,8.5,24.8,1st quarter,0:37.8,Richard Hamilton,WAS,False,3-pointer,25,22-22,'HOU',tied
20,20,20,200112060HOU,29.4,11.1,2nd quarter,11:28.0,Popeye Jones,WAS,False,2-pointer,8,22-24,'HOU',trails
21,21,21,200112060HOU,38.4,25.5,2nd quarter,10:55.0,Tyronn Lue,WAS,False,3-pointer,25,22-26,'HOU',trails
22,22,22,200112060HOU,24.0,5.0,2nd quarter,10:41.0,Hubert Davis,WAS,False,2-pointer,0,22-26,'HOU',trails
23,23,23,200112060HOU,22.4,17.5,2nd quarter,10:22.0,Hubert Davis,WAS,False,2-pointer,13,22-26,'HOU',trails
24,24,24,200112060HOU,24.0,5.0,2nd quarter,10:18.0,Tyronn Lue,WAS,False,2-pointer,0,22-26,'HOU',trails
25,25,25,200112060HOU,24.0,5.0,2nd quarter,10:17.0,Popeye Jones,WAS,True,2-pointer,0,24-26,'HOU',trails
26,26,26,200112060HOU,13.3,10.1,2nd quarter,9:29.0,Courtney Alexander,WAS,False,2-pointer,12,24-28,'HOU',trails
27,27,27,200112060HOU,24.0,5.0,2nd quarter,9:11.0,Courtney Alexander,WAS,False,2-pointer,0,24-28,'HOU',trails
28,28,28,200112060HOU,34.2,19.8,2nd quarter,8:38.0,Tyronn Lue,WAS,False,2-pointer,18,24-28,'HOU',trails
29,29,29,200112060HOU,13.9,15.8,2nd quarter,8:05.0,Tyronn Lue,WAS,True,2-pointer,15,26-30,'HOU',trails
30,30,30,200112060HOU,19.6,9.5,2nd quarter,7:06.0,Courtney Alexander,WAS,True,2-pointer,6,28-32,'HOU',trails
31,31,31,200112060HOU,42.0,22.5,2nd quarter,6:42.0,Hubert Davis,WAS,False,3-pointer,25,28-32,'HOU',trails
32,32,32,200112060HOU,23.9,16.2,2nd quarter,5:46.0,Popeye Jones,WAS,True,2-pointer,11,30-32,'HOU',trails
33,33,33,200112060HOU,27.2,9.5,2nd quarter,5:12.0,Michael Jordan,WAS,False,2-pointer,6,30-32,'HOU',trails
34,34,34,200112060HOU,24.0,5.0,2nd quarter,5:11.0,Brendan Haywood,WAS,True,2-pointer,0,32-32,'HOU',tied
35,35,35,200112060HOU,24.0,5.0,2nd quarter,4:04.0,Courtney Alexander,WAS,False,2-pointer,0,34-34,'HOU',tied
36,36,36,200112060HOU,5.5,7.8,2nd quarter,3:38.0,Michael Jordan,WAS,False,2-pointer,19,34-36,'HOU',trails
37,37,37,200112060HOU,24.0,5.0,2nd quarter,3:04.0,Michael Jordan,WAS,True,2-pointer,0,36-36,'HOU',tied
38,38,38,200112060HOU,40.7,15.1,2nd quarter,2:31.0,Michael Jordan,WAS,False,2-pointer,20,36-38,'HOU',trails
39,39,39,200112060HOU,39.3,4.6,2nd quarter,1:19.0,Michael Jordan,WAS,False,2-pointer,15,36-38,'HOU',trails
40,40,40,200112060HOU,24.0,5.0,2nd quarter,1:18.0,Kwame Brown,WAS,True,2-pointer,0,38-38,'HOU',tied
41,41,41,200112060HOU,10.6,21.9,2nd quarter,0:46.8,Chris Whitney,WAS,False,2-pointer,22,38-40,'HOU',trails
42,42,42,200112060HOU,7.0,17.5,2nd quarter,0:09.7,Michael Jordan,WAS,False,2-pointer,21,38-40,'HOU',trails
43,43,43,200112060HOU,15.4,9.5,3rd quarter,11:04.0,Michael Jordan,WAS,False,2-pointer,10,38-43,'HOU',trails
44,44,44,200112060HOU,24.0,5.0,3rd quarter,11:03.0,Jahidi White,WAS,True,2-pointer,0,40-43,'HOU',trails
45,45,45,200112060HOU,24.0,5.0,3rd quarter,10:28.0,Jahidi White,WAS,True,2-pointer,0,42-43,'HOU',trails
46,46,46,200112060HOU,27.2,23.6,3rd quarter,9:32.0,Christian Laettner,WAS,False,2-pointer,19,42-43,'HOU',trails
47,47,47,200112060HOU,24.0,5.0,3rd quarter,9:24.0,Michael Jordan,WAS,False,2-pointer,0,42-43,'HOU',trails
48,48,48,200112060HOU,24.0,5.0,3rd quarter,9:24.0,Jahidi White,WAS,False,2-pointer,0,42-43,'HOU',trails
49,49,49,200112060HOU,20.5,19.1,3rd quarter,8:28.0,Richard Hamilton,WAS,True,2-pointer,15,44-43,'HOU',leads
50,50,50,200112060HOU,6.4,11.8,3rd quarter,7:36.0,Richard Hamilton,WAS,False,2-pointer,19,44-43,'HOU',leads
51,51,51,200112060HOU,38.4,20.2,3rd quarter,7:15.0,Michael Jordan,WAS,False,2-pointer,21,44-43,'HOU',leads
52,52,52,200112060HOU,33.6,9.5,3rd quarter,6:46.0,Richard Hamilton,WAS,True,2-pointer,11,46-45,'HOU',leads
53,53,53,200112060HOU,16.1,17.5,3rd quarter,6:02.0,Richard Hamilton,WAS,True,2-pointer,15,48-47,'HOU',leads
54,54,54,200112060HOU,42.6,5.0,3rd quarter,5:27.0,Popeye Jones,WAS,False,2-pointer,19,48-47,'HOU',leads
55,55,55,200112060HOU,30.8,7.8,3rd quarter,5:02.0,Michael Jordan,WAS,True,2-pointer,7,50-49,'HOU',leads
56,56,56,200112060HOU,38.4,11.8,3rd quarter,4:21.0,Richard Hamilton,WAS,False,2-pointer,16,50-49,'HOU',leads
57,57,57,200112060HOU,18.4,20.2,3rd quarter,4:01.0,Michael Jordan,WAS,False,2-pointer,16,50-49,'HOU',leads
58,58,58,200112060HOU,9.7,5.0,3rd quarter,3:46.0,Richard Hamilton,WAS,False,2-pointer,14,50-51,'HOU',trails
59,59,59,200112060HOU,9.7,20.2,3rd quarter,3:17.0,Hubert Davis,WAS,True,2-pointer,21,52-51,'HOU',leads
60,60,60,200112060HOU,39.9,17.9,3rd quarter,2:21.0,Tyronn Lue,WAS,True,2-pointer,20,54-54,'HOU',tied
61,61,61,200112060HOU,36.3,19.1,3rd quarter,1:41.0,Tyronn Lue,WAS,False,2-pointer,19,54-56,'HOU',trails
62,62,62,200112060HOU,43.5,9.5,3rd quarter,1:29.0,Richard Hamilton,WAS,False,2-pointer,20,54-56,'HOU',trails
63,63,63,200112060HOU,14.6,8.4,3rd quarter,0:57.1,Richard Hamilton,WAS,True,2-pointer,10,56-56,'HOU',tied
64,64,64,200112060HOU,16.9,19.1,3rd quarter,0:32.7,Richard Hamilton,WAS,True,2-pointer,16,58-58,'HOU',tied
65,65,65,200112060HOU,19.6,8.4,4th quarter,11:11.0,Richard Hamilton,WAS,True,2-pointer,6,62-60,'HOU',leads
66,66,66,200112060HOU,44.1,3.5,4th quarter,10:36.0,Richard Hamilton,WAS,False,2-pointer,20,62-62,'HOU',tied
67,67,67,200112060HOU,37.8,19.1,4th quarter,10:27.0,Tyronn Lue,WAS,False,2-pointer,20,62-62,'HOU',tied
68,68,68,200112060HOU,24.0,5.0,4th quarter,10:25.0,Popeye Jones,WAS,False,2-pointer,0,62-62,'HOU',tied
69,69,69,200112060HOU,14.6,17.9,4th quarter,9:52.0,Richard Hamilton,WAS,True,2-pointer,16,64-62,'HOU',leads
70,70,70,200112060HOU,13.3,10.7,4th quarter,9:13.0,Michael Jordan,WAS,False,2-pointer,12,64-62,'HOU',leads
71,71,71,200112060HOU,24.0,5.0,4th quarter,9:05.0,Michael Jordan,WAS,True,2-pointer,0,66-62,'HOU',leads
72,72,72,200112060HOU,24.0,5.0,4th quarter,8:32.0,Tyronn Lue,WAS,False,2-pointer,0,66-62,'HOU',leads
73,73,73,200112060HOU,13.9,10.7,4th quarter,7:49.0,Michael Jordan,WAS,True,2-pointer,12,68-63,'HOU',leads
74,74,74,200112060HOU,24.0,5.0,4th quarter,7:11.0,Brendan Haywood,WAS,True,2-pointer,0,70-63,'HOU',leads
75,75,75,200112060HOU,42.0,16.2,4th quarter,6:28.0,Richard Hamilton,WAS,False,2-pointer,21,70-63,'HOU',leads
76,76,76,200112060HOU,10.6,21.5,4th quarter,5:45.0,Michael Jordan,WAS,False,2-pointer,21,70-65,'HOU',leads
77,77,77,200112060HOU,13.3,12.2,4th quarter,5:11.0,Michael Jordan,WAS,True,2-pointer,13,72-65,'HOU',leads
78,78,78,200112060HOU,39.3,14.1,4th quarter,4:33.0,Michael Jordan,WAS,True,2-pointer,18,74-67,'HOU',leads
79,79,79,200112060HOU,31.5,19.1,4th quarter,4:05.0,Michael Jordan,WAS,False,2-pointer,16,74-67,'HOU',leads
80,80,80,200112060HOU,7.8,6.5,4th quarter,2:02.0,Michael Jordan,WAS,True,2-pointer,16,76-72,'HOU',leads
81,81,81,200112060HOU,8.5,16.8,4th quarter,1:31.0,Tyronn Lue,WAS,True,2-pointer,19,78-72,'HOU',leads
82,82,82,200112060HOU,27.2,23.1,4th quarter,1:00.0,Tyronn Lue,WAS,True,2-pointer,18,80-74,'HOU',leads
83,83,83,200112060HOU,43.5,5.0,4th quarter,0:37.2,Popeye Jones,WAS,True,2-pointer,20,82-76,'HOU',leads
84,84,84,200112060HOU,32.1,28.2,1st quarter,11:17.0,Moochie Norris,HOU,False,3-pointer,25,0-3,'HOU',trails
85,85,85,200112060HOU,27.9,21.5,1st quarter,10:54.0,Moochie Norris,HOU,False,2-pointer,17,0-3,'HOU',trails
86,86,86,200112060HOU,37.8,26.5,1st quarter,10:43.0,Cuttino Mobley,HOU,True,3-pointer,26,3-3,'HOU',tied
87,87,87,200112060HOU,23.9,18.5,1st quarter,10:04.0,Cuttino Mobley,HOU,True,2-pointer,14,5-5,'HOU',tied
88,88,88,200112060HOU,39.9,19.1,1st quarter,9:38.0,Glen Rice,HOU,False,2-pointer,21,5-5,'HOU',tied
89,89,89,200112060HOU,22.4,9.5,1st quarter,9:34.0,Kenny Thomas,HOU,False,2-pointer,5,5-5,'HOU',tied
90,90,90,200112060HOU,24.0,5.0,1st quarter,9:33.0,Kelvin Cato,HOU,False,2-pointer,0,5-5,'HOU',tied
91,91,91,200112060HOU,32.1,14.7,1st quarter,9:10.0,Kelvin Cato,HOU,True,2-pointer,13,7-5,'HOU',leads
92,92,92,200112060HOU,16.9,9.5,1st quarter,8:32.0,Glen Rice,HOU,False,2-pointer,8,7-7,'HOU',tied
93,93,93,200112060HOU,39.9,9.0,1st quarter,7:53.0,Cuttino Mobley,HOU,True,2-pointer,16,9-9,'HOU',tied
94,94,94,200112060HOU,30.8,16.8,1st quarter,7:15.0,Kenny Thomas,HOU,False,2-pointer,14,9-9,'HOU',tied
95,95,95,200112060HOU,24.0,5.0,1st quarter,6:47.0,Kelvin Cato,HOU,True,2-pointer,0,11-9,'HOU',leads
96,96,96,200112060HOU,24.0,5.0,1st quarter,5:58.0,Kenny Thomas,HOU,True,2-pointer,0,13-9,'HOU',leads
97,97,97,200112060HOU,18.4,23.1,1st quarter,5:14.0,Cuttino Mobley,HOU,True,2-pointer,19,15-11,'HOU',leads
98,98,98,200112060HOU,19.0,26.5,1st quarter,4:36.0,Moochie Norris,HOU,False,2-pointer,22,15-13,'HOU',leads
99,99,99,200112060HOU,24.3,9.5,1st quarter,3:54.0,Kenny Thomas,HOU,False,2-pointer,5,15-15,'HOU',tied
100,100,100,200112060HOU,7.0,5.0,1st quarter,3:17.0,Glen Rice,HOU,True,2-pointer,17,17-17,'HOU',tied
101,101,101,200112060HOU,27.2,13.5,1st quarter,1:59.0,Kelvin Cato,HOU,False,2-pointer,9,17-20,'HOU',trails
102,102,102,200112060HOU,18.4,7.1,1st quarter,1:49.0,Kenny Thomas,HOU,False,2-pointer,6,17-20,'HOU',trails
103,103,103,200112060HOU,38.4,4.6,1st quarter,1:19.0,Cuttino Mobley,HOU,True,2-pointer,14,19-22,'HOU',trails
104,104,104,200112060HOU,1.3,5.0,1st quarter,0:44.4,Glen Rice,HOU,True,3-pointer,23,22-22,'HOU',tied
105,105,105,200112060HOU,36.3,21.9,1st quarter,0:16.3,Cuttino Mobley,HOU,False,2-pointer,21,22-22,'HOU',tied
106,106,106,200112060HOU,19.0,21.9,2nd quarter,11:45.0,Cuttino Mobley,HOU,False,2-pointer,18,24-22,'HOU',leads
107,107,107,200112060HOU,24.0,5.0,2nd quarter,11:22.0,Kevin Willis,HOU,True,2-pointer,0,26-22,'HOU',leads
108,108,108,200112060HOU,11.2,12.8,2nd quarter,9:51.0,Kenny Thomas,HOU,True,2-pointer,15,28-24,'HOU',leads
109,109,109,200112060HOU,24.0,5.0,2nd quarter,9:16.0,Kenny Thomas,HOU,False,2-pointer,0,28-24,'HOU',leads
110,110,110,200112060HOU,35.7,10.1,2nd quarter,8:59.0,Tierre Brown,HOU,False,2-pointer,13,28-24,'HOU',leads
111,111,111,200112060HOU,24.0,5.0,2nd quarter,8:29.0,Cuttino Mobley,HOU,True,2-pointer,0,30-24,'HOU',leads
112,112,112,200112060HOU,24.0,5.0,2nd quarter,7:45.0,Óscar Torres,HOU,False,2-pointer,0,30-26,'HOU',leads
113,113,113,200112060HOU,24.0,5.0,2nd quarter,7:41.0,Kevin Willis,HOU,False,2-pointer,0,30-26,'HOU',leads
114,114,114,200112060HOU,34.8,12.2,2nd quarter,7:23.0,Cuttino Mobley,HOU,True,2-pointer,13,32-26,'HOU',leads
115,115,115,200112060HOU,41.4,6.1,2nd quarter,6:29.0,Kevin Willis,HOU,False,2-pointer,17,32-28,'HOU',leads
116,116,116,200112060HOU,24.0,5.0,2nd quarter,6:03.0,Eddie Griffin,HOU,False,2-pointer,0,32-28,'HOU',leads
117,117,117,200112060HOU,13.9,24.2,2nd quarter,5:32.0,Eddie Griffin,HOU,False,2-pointer,22,32-30,'HOU',leads
118,118,118,200112060HOU,24.0,5.0,2nd quarter,4:52.0,Kevin Willis,HOU,True,2-pointer,0,34-32,'HOU',leads
119,119,119,200112060HOU,26.4,10.7,2nd quarter,4:15.0,Óscar Torres,HOU,False,2-pointer,6,34-34,'HOU',tied
120,120,120,200112060HOU,30.8,24.2,2nd quarter,3:30.0,Tierre Brown,HOU,False,2-pointer,20,36-34,'HOU',leads
121,121,121,200112060HOU,13.3,6.5,2nd quarter,2:45.0,Eddie Griffin,HOU,True,2-pointer,11,38-36,'HOU',leads
122,122,122,200112060HOU,11.8,16.8,2nd quarter,2:14.0,Eddie Griffin,HOU,False,2-pointer,17,38-36,'HOU',leads
123,123,123,200112060HOU,5.5,23.1,2nd quarter,1:55.0,Walt Williams,HOU,False,3-pointer,26,38-36,'HOU',leads
124,124,124,200112060HOU,33.6,11.8,2nd quarter,1:52.0,Eddie Griffin,HOU,False,2-pointer,12,38-36,'HOU',leads
125,125,125,200112060HOU,24.0,5.0,2nd quarter,1:49.0,Walt Williams,HOU,False,2-pointer,0,38-36,'HOU',leads
126,126,126,200112060HOU,14.6,10.7,2nd quarter,0:34.8,Kevin Willis,HOU,False,2-pointer,11,40-38,'HOU',leads
127,127,127,200112060HOU,7.0,16.2,2nd quarter,0:02.0,Cuttino Mobley,HOU,False,2-pointer,20,40-38,'HOU',leads
128,128,128,200112060HOU,38.4,19.8,3rd quarter,11:26.0,Moochie Norris,HOU,False,2-pointer,21,40-38,'HOU',leads
129,129,129,200112060HOU,16.9,5.4,3rd quarter,11:16.0,Moochie Norris,HOU,True,2-pointer,7,42-38,'HOU',leads
130,130,130,200112060HOU,0.7,5.4,3rd quarter,10:45.0,Glen Rice,HOU,False,3-pointer,23,43-40,'HOU',leads
131,131,131,200112060HOU,6.4,22.5,3rd quarter,9:58.0,Moochie Norris,HOU,False,3-pointer,25,43-42,'HOU',leads
132,132,132,200112060HOU,27.2,10.1,3rd quarter,9:10.0,Kelvin Cato,HOU,False,2-pointer,6,43-42,'HOU',leads
133,133,133,200112060HOU,39.9,16.8,3rd quarter,8:40.0,Moochie Norris,HOU,False,2-pointer,20,43-42,'HOU',leads
134,134,134,200112060HOU,36.9,4.6,3rd quarter,8:03.0,Cuttino Mobley,HOU,False,2-pointer,13,43-44,'HOU',trails
135,135,135,200112060HOU,36.9,25.9,3rd quarter,7:56.0,Glen Rice,HOU,False,3-pointer,25,43-44,'HOU',trails
136,136,136,200112060HOU,24.3,9.0,3rd quarter,7:01.0,Kelvin Cato,HOU,True,2-pointer,4,45-44,'HOU',leads
137,137,137,200112060HOU,24.0,5.0,3rd quarter,6:29.0,Cuttino Mobley,HOU,False,2-pointer,0,45-46,'HOU',trails
138,138,138,200112060HOU,24.0,5.0,3rd quarter,6:19.0,Cuttino Mobley,HOU,True,2-pointer,0,47-46,'HOU',leads
139,139,139,200112060HOU,32.9,19.1,3rd quarter,5:43.0,Cuttino Mobley,HOU,False,2-pointer,17,47-48,'HOU',trails
140,140,140,200112060HOU,13.9,19.8,3rd quarter,5:19.0,Moochie Norris,HOU,True,2-pointer,18,49-48,'HOU',leads
141,141,141,200112060HOU,30.8,6.5,3rd quarter,4:39.0,Kenny Thomas,HOU,False,2-pointer,7,49-50,'HOU',trails
142,142,142,200112060HOU,11.8,28.2,3rd quarter,4:34.0,Cuttino Mobley,HOU,False,3-pointer,26,49-50,'HOU',trails
143,143,143,200112060HOU,11.8,18.5,3rd quarter,4:13.0,Moochie Norris,HOU,False,2-pointer,18,49-50,'HOU',trails
144,144,144,200112060HOU,33.6,11.8,3rd quarter,3:34.0,Cuttino Mobley,HOU,False,2-pointer,12,51-50,'HOU',leads
145,145,145,200112060HOU,15.4,21.5,3rd quarter,2:45.0,Óscar Torres,HOU,True,2-pointer,19,54-52,'HOU',leads
146,146,146,200112060HOU,16.1,5.4,3rd quarter,2:05.0,Óscar Torres,HOU,True,2-pointer,8,56-54,'HOU',leads
147,147,147,200112060HOU,2.8,16.8,3rd quarter,1:05.0,Óscar Torres,HOU,False,3-pointer,24,56-54,'HOU',leads
148,148,148,200112060HOU,6.4,4.6,3rd quarter,0:41.2,Moochie Norris,HOU,True,2-pointer,18,58-56,'HOU',leads
149,149,149,200112060HOU,4.9,21.9,3rd quarter,0:19.9,Óscar Torres,HOU,False,3-pointer,26,58-58,'HOU',tied
150,150,150,200112060HOU,13.9,19.1,3rd quarter,0:00.0,Cuttino Mobley,HOU,False,2-pointer,17,58-60,'HOU',trails
151,151,151,200112060HOU,32.1,19.1,4th quarter,11:30.0,Cuttino Mobley,HOU,True,2-pointer,16,60-60,'HOU',tied
152,152,152,200112060HOU,35.7,19.1,4th quarter,10:49.0,Cuttino Mobley,HOU,True,2-pointer,18,62-62,'HOU',tied
153,153,153,200112060HOU,10.6,20.2,4th quarter,10:14.0,Cuttino Mobley,HOU,False,2-pointer,20,62-62,'HOU',tied
154,154,154,200112060HOU,36.9,20.8,4th quarter,9:27.0,Eddie Griffin,HOU,False,2-pointer,20,62-64,'HOU',trails
155,155,155,200112060HOU,37.8,26.5,4th quarter,8:44.0,Eddie Griffin,HOU,False,3-pointer,26,62-66,'HOU',trails
156,156,156,200112060HOU,1.9,16.2,4th quarter,7:28.0,Óscar Torres,HOU,False,3-pointer,25,63-68,'HOU',trails
157,157,157,200112060HOU,6.4,21.9,4th quarter,6:52.0,Óscar Torres,HOU,False,3-pointer,24,63-70,'HOU',trails
158,158,158,200112060HOU,37.8,17.5,4th quarter,6:03.0,Kenny Thomas,HOU,True,2-pointer,19,65-70,'HOU',trails
159,159,159,200112060HOU,24.0,5.0,4th quarter,5:30.0,Kenny Thomas,HOU,False,2-pointer,0,65-70,'HOU',trails
160,160,160,200112060HOU,31.5,12.8,4th quarter,3:47.0,Moochie Norris,HOU,True,2-pointer,11,69-74,'HOU',trails
161,161,161,200112060HOU,9.1,4.6,4th quarter,2:32.0,Kenny Thomas,HOU,True,2-pointer,15,72-74,'HOU',trails
162,162,162,200112060HOU,23.9,29.3,4th quarter,1:45.0,Moochie Norris,HOU,False,3-pointer,24,72-76,'HOU',trails
163,163,163,200112060HOU,24.0,5.0,4th quarter,1:21.0,Kenny Thomas,HOU,True,2-pointer,0,74-78,'HOU',trails
164,164,164,200112060HOU,19.6,25.5,4th quarter,0:27.9,Cuttino Mobley,HOU,False,2-pointer,21,77-82,'HOU',trails
165,165,165,200112060HOU,1.3,6.1,4th quarter,0:23.6,Moochie Norris,HOU,False,3-pointer,23,77-82,'HOU',trails
166,166,166,200112060HOU,47.5,5.0,4th quarter,0:18.1,Cuttino Mobley,HOU,False,3-pointer,24,77-82,'HOU',trails
167,167,167,200112060HOU,24.0,5.0,4th quarter,0:15.7,Kelvin Cato,HOU,True,2-pointer,0,79-82,'HOU',trails
168,168,168,200112060HOU,43.5,21.9,4th quarter,0:00.0,Kenny Thomas,HOU,False,3-pointer,26,82-85,'HOU',trails
169,169,169,200112060MEM,16.9,5.0,1st quarter,11:27.0,Kevin Garnett,MIN,False,2-pointer,7,0-2,'MEM',trails
170,170,170,200112060MEM,24.0,5.0,1st quarter,11:03.0,Terrell Brandon,MIN,False,2-pointer,0,0-4,'MEM',trails
171,171,171,200112060MEM,35.5,4.4,1st quarter,10:47.0,Terrell Brandon,MIN,False,2-pointer,12,0-4,'MEM',trails
172,172,172,200112060MEM,26.2,6.5,1st quarter,10:41.0,Kevin Garnett,MIN,False,2-pointer,3,0-4,'MEM',trails
173,173,173,200112060MEM,24.0,5.0,1st quarter,10:34.0,Kevin Garnett,MIN,False,2-pointer,0,0-4,'MEM',trails
174,174,174,200112060MEM,32.5,7.6,1st quarter,10:02.0,Rasho Nesterović,MIN,True,2-pointer,9,2-4,'MEM',trails
175,175,175,200112060MEM,20.7,8.0,1st quarter,9:29.0,Joe Smith,MIN,True,2-pointer,4,4-6,'MEM',trails
176,176,176,200112060MEM,42.0,3.7,1st quarter,8:52.0,Joe Smith,MIN,False,2-pointer,18,4-8,'MEM',trails
177,177,177,200112060MEM,24.0,5.0,1st quarter,8:46.0,Kevin Garnett,MIN,True,2-pointer,0,6-8,'MEM',trails
178,178,178,200112060MEM,23.6,15.1,1st quarter,8:25.0,Terrell Brandon,MIN,True,2-pointer,10,8-8,'MEM',tied
179,179,179,200112060MEM,24.1,8.0,1st quarter,6:53.0,Kevin Garnett,MIN,False,2-pointer,3,12-12,'MEM',tied
180,180,180,200112060MEM,15.6,22.3,1st quarter,6:29.0,Terrell Brandon,MIN,True,2-pointer,19,14-12,'MEM',leads
181,181,181,200112060MEM,16.3,13.0,1st quarter,6:06.0,Terrell Brandon,MIN,False,2-pointer,11,14-12,'MEM',leads
182,182,182,200112060MEM,24.0,5.0,1st quarter,5:42.0,Wally Szczerbiak,MIN,True,2-pointer,0,16-12,'MEM',leads
183,183,183,200112060MEM,24.0,5.0,1st quarter,4:56.0,Kevin Garnett,MIN,False,2-pointer,0,17-14,'MEM',leads
184,184,184,200112060MEM,24.0,5.0,1st quarter,4:54.0,Joe Smith,MIN,True,2-pointer,0,19-14,'MEM',leads
185,185,185,200112060MEM,24.0,5.0,1st quarter,4:30.0,Kevin Garnett,MIN,True,2-pointer,0,21-14,'MEM',leads
186,186,186,200112060MEM,25.6,21.9,1st quarter,3:52.0,Joe Smith,MIN,False,2-pointer,17,21-16,'MEM',leads
187,187,187,200112060MEM,24.0,5.0,1st quarter,3:30.0,Terrell Brandon,MIN,True,2-pointer,0,23-16,'MEM',leads
188,188,188,200112060MEM,24.0,5.0,1st quarter,3:08.0,Rasho Nesterović,MIN,True,2-pointer,0,25-16,'MEM',leads
189,189,189,200112060MEM,42.8,14.7,1st quarter,2:45.0,Wally Szczerbiak,MIN,False,2-pointer,21,25-18,'MEM',leads
190,190,190,200112060MEM,22.2,10.7,1st quarter,2:33.0,Joe Smith,MIN,False,2-pointer,6,25-18,'MEM',leads
191,191,191,200112060MEM,4.9,4.4,1st quarter,2:27.0,Joe Smith,MIN,False,2-pointer,19,25-18,'MEM',leads
192,192,192,200112060MEM,24.0,5.0,1st quarter,1:58.0,Rasho Nesterović,MIN,True,2-pointer,0,27-20,'MEM',leads
193,193,193,200112060MEM,9.1,16.4,1st quarter,1:31.0,Terrell Brandon,MIN,True,2-pointer,19,29-22,'MEM',leads
194,194,194,200112060MEM,7.8,6.9,1st quarter,1:03.0,Terrell Brandon,MIN,False,2-pointer,16,29-22,'MEM',leads
195,195,195,200112060MEM,13.5,23.6,1st quarter,0:05.2,Kevin Garnett,MIN,False,2-pointer,21,29-22,'MEM',leads
196,196,196,200112060MEM,18.4,22.3,2nd quarter,11:32.0,Kevin Garnett,MIN,True,2-pointer,18,31-22,'MEM',leads
197,197,197,200112060MEM,31.9,20.2,2nd quarter,10:48.0,Anthony Peeler,MIN,True,2-pointer,17,33-23,'MEM',leads
198,198,198,200112060MEM,31.9,5.9,2nd quarter,10:09.0,Loren Woods,MIN,True,2-pointer,8,35-23,'MEM',leads
199,199,199,200112060MEM,9.1,10.3,2nd quarter,9:36.0,Anthony Peeler,MIN,False,2-pointer,16,35-23,'MEM',leads
200,200,200,200112060MEM,18.4,5.4,2nd quarter,9:13.0,Gary Trent,MIN,False,2-pointer,6,35-25,'MEM',leads
201,201,201,200112060MEM,32.5,9.2,2nd quarter,8:30.0,Wally Szczerbiak,MIN,True,2-pointer,9,37-25,'MEM',leads
202,202,202,200112060MEM,22.2,22.9,2nd quarter,7:59.0,Chauncey Billups,MIN,False,2-pointer,18,37-27,'MEM',leads
203,203,203,200112060MEM,24.0,5.0,2nd quarter,7:47.0,Gary Trent,MIN,False,2-pointer,0,37-27,'MEM',leads
204,204,204,200112060MEM,30.4,9.7,2nd quarter,7:06.0,Chauncey Billups,MIN,True,2-pointer,8,39-27,'MEM',leads
205,205,205,200112060MEM,16.3,28.4,2nd quarter,6:30.0,Chauncey Billups,MIN,True,3-pointer,25,42-29,'MEM',leads
206,206,206,200112060MEM,8.5,5.0,2nd quarter,6:02.0,Terrell Brandon,MIN,True,2-pointer,16,44-29,'MEM',leads
207,207,207,200112060MEM,24.0,5.0,2nd quarter,5:33.0,Wally Szczerbiak,MIN,True,2-pointer,0,46-31,'MEM',leads
208,208,208,200112060MEM,39.3,12.0,2nd quarter,4:38.0,Wally Szczerbiak,MIN,True,2-pointer,17,48-31,'MEM',leads
209,209,209,200112060MEM,38.4,8.6,2nd quarter,3:16.0,Kevin Garnett,MIN,True,2-pointer,15,50-35,'MEM',leads
210,210,210,200112060MEM,34.8,19.1,2nd quarter,2:38.0,Joe Smith,MIN,False,2-pointer,18,50-37,'MEM',leads
211,211,211,200112060MEM,24.0,5.0,2nd quarter,2:29.0,Rasho Nesterović,MIN,True,2-pointer,0,52-37,'MEM',leads
212,212,212,200112060MEM,42.0,15.1,2nd quarter,1:56.0,Kevin Garnett,MIN,True,2-pointer,21,54-37,'MEM',leads
213,213,213,200112060MEM,24.0,5.0,2nd quarter,1:23.0,Terrell Brandon,MIN,False,2-pointer,0,54-37,'MEM',leads
214,214,214,200112060MEM,24.0,5.0,2nd quarter,1:20.0,Kevin Garnett,MIN,True,2-pointer,0,56-37,'MEM',leads
215,215,215,200112060MEM,23.6,19.1,2nd quarter,0:28.7,Wally Szczerbiak,MIN,False,2-pointer,14,56-37,'MEM',leads
216,216,216,200112060MEM,24.0,5.0,2nd quarter,0:24.8,Rasho Nesterović,MIN,False,2-pointer,0,56-37,'MEM',leads
217,217,217,200112060MEM,24.0,5.0,2nd quarter,0:20.6,Rasho Nesterović,MIN,True,2-pointer,0,58-37,'MEM',leads
218,218,218,200112060MEM,46.2,15.8,2nd quarter,0:00.0,Kevin Garnett,MIN,False,3-pointer,25,58-37,'MEM',leads
219,219,219,200112060MEM,10.6,15.1,3rd quarter,11:24.0,Wally Szczerbiak,MIN,False,2-pointer,17,58-39,'MEM',leads
220,220,220,200112060MEM,7.8,14.1,3rd quarter,10:51.0,Terrell Brandon,MIN,True,2-pointer,19,60-39,'MEM',leads
221,221,221,200112060MEM,24.0,5.0,3rd quarter,10:29.0,Wally Szczerbiak,MIN,True,2-pointer,0,62-39,'MEM',leads
222,222,222,200112060MEM,24.0,5.0,3rd quarter,10:06.0,Kevin Garnett,MIN,True,2-pointer,0,64-40,'MEM',leads
223,223,223,200112060MEM,29.1,9.7,3rd quarter,8:48.0,Joe Smith,MIN,True,2-pointer,7,68-47,'MEM',leads
224,224,224,200112060MEM,9.1,10.7,3rd quarter,8:15.0,Terrell Brandon,MIN,False,2-pointer,16,68-47,'MEM',leads
225,225,225,200112060MEM,21.3,7.6,3rd quarter,7:13.0,Joe Smith,MIN,False,2-pointer,4,70-48,'MEM',leads
226,226,226,200112060MEM,11.2,4.4,3rd quarter,6:24.0,Kevin Garnett,MIN,False,2-pointer,13,70-48,'MEM',leads
227,227,227,200112060MEM,22.2,15.1,3rd quarter,5:15.0,Kevin Garnett,MIN,False,2-pointer,10,72-50,'MEM',leads
228,228,228,200112060MEM,7.8,5.0,3rd quarter,5:04.0,Terrell Brandon,MIN,True,2-pointer,16,74-50,'MEM',leads
229,229,229,200112060MEM,27.0,8.6,3rd quarter,4:20.0,Rasho Nesterović,MIN,False,2-pointer,5,74-50,'MEM',leads
230,230,230,200112060MEM,24.0,5.0,3rd quarter,4:00.0,Kevin Garnett,MIN,True,2-pointer,0,76-52,'MEM',leads
231,231,231,200112060MEM,-0.2,12.6,3rd quarter,2:57.0,Anthony Peeler,MIN,True,3-pointer,25,79-55,'MEM',leads
232,232,232,200112060MEM,31.9,18.5,3rd quarter,2:40.0,Terrell Brandon,MIN,True,2-pointer,16,81-55,'MEM',leads
233,233,233,200112060MEM,38.4,3.3,3rd quarter,2:01.0,Kevin Garnett,MIN,False,2-pointer,15,81-57,'MEM',leads
234,234,234,200112060MEM,24.0,5.0,3rd quarter,1:34.0,Gary Trent,MIN,True,2-pointer,0,83-59,'MEM',leads
235,235,235,200112060MEM,24.0,5.0,3rd quarter,0:54.2,Kevin Garnett,MIN,False,2-pointer,0,83-60,'MEM',leads
236,236,236,200112060MEM,24.0,5.0,3rd quarter,0:34.8,Kevin Garnett,MIN,False,2-pointer,0,83-63,'MEM',leads
237,237,237,200112060MEM,10.6,5.0,3rd quarter,0:02.6,Kevin Garnett,MIN,True,2-pointer,13,87-65,'MEM',leads
238,238,238,200112060MEM,22.8,9.2,4th quarter,11:19.0,Sam Mitchell,MIN,False,2-pointer,4,87-65,'MEM',leads
239,239,239,200112060MEM,-0.2,3.7,4th quarter,10:51.0,Anthony Peeler,MIN,False,3-pointer,24,87-65,'MEM',leads
240,240,240,200112060MEM,37.8,12.6,4th quarter,10:28.0,Terrell Brandon,MIN,True,2-pointer,16,89-65,'MEM',leads
241,241,241,200112060MEM,16.3,17.9,4th quarter,9:55.0,Wally Szczerbiak,MIN,True,2-pointer,15,91-65,'MEM',leads
242,242,242,200112060MEM,22.8,11.3,4th quarter,9:08.0,Rasho Nesterović,MIN,False,2-pointer,6,91-65,'MEM',leads
243,243,243,200112060MEM,24.0,5.0,4th quarter,8:58.0,Wally Szczerbiak,MIN,False,2-pointer,0,91-65,'MEM',leads
244,244,244,200112060MEM,7.8,9.2,4th quarter,8:49.0,Wally Szczerbiak,MIN,False,2-pointer,17,91-65,'MEM',leads
245,245,245,200112060MEM,43.5,3.3,4th quarter,7:17.0,Anthony Peeler,MIN,False,2-pointer,20,91-65,'MEM',leads
246,246,246,200112060MEM,37.8,12.0,4th quarter,6:01.0,Wally Szczerbiak,MIN,False,2-pointer,15,91-65,'MEM',leads
247,247,247,200112060MEM,24.0,5.0,4th quarter,5:46.0,Wally Szczerbiak,MIN,False,2-pointer,0,91-67,'MEM',leads
248,248,248,200112060MEM,24.0,5.0,4th quarter,5:32.0,Joe Smith,MIN,True,2-pointer,0,93-69,'MEM',leads
249,249,249,200112060MEM,14.8,5.0,4th quarter,5:03.0,Rasho Nesterović,MIN,False,2-pointer,9,93-72,'MEM',leads
250,250,250,200112060MEM,24.0,5.0,4th quarter,4:39.0,Rasho Nesterović,MIN,True,2-pointer,0,95-72,'MEM',leads
251,251,251,200112060MEM,42.8,10.7,4th quarter,4:18.0,Anthony Peeler,MIN,True,2-pointer,20,97-72,'MEM',leads
252,252,252,200112060MEM,24.0,5.0,4th quarter,3:53.0,Joe Smith,MIN,False,2-pointer,0,97-72,'MEM',leads
253,253,253,200112060MEM,24.0,5.0,4th quarter,3:51.0,Chauncey Billups,MIN,True,2-pointer,0,99-72,'MEM',leads
254,254,254,200112060MEM,22.2,29.5,4th quarter,3:25.0,Chauncey Billups,MIN,False,3-pointer,25,99-72,'MEM',leads
255,255,255,200112060MEM,39.3,6.5,4th quarter,3:20.0,Loren Woods,MIN,True,2-pointer,15,101-72,'MEM',leads
256,256,256,200112060MEM,24.7,20.8,4th quarter,2:20.0,Chauncey Billups,MIN,False,2-pointer,16,101-76,'MEM',leads
257,257,257,200112060MEM,24.0,5.0,4th quarter,2:15.0,Loren Woods,MIN,False,2-pointer,0,101-76,'MEM',leads
258,258,258,200112060MEM,4.9,14.1,4th quarter,2:06.0,Sam Mitchell,MIN,True,2-pointer,21,103-76,'MEM',leads
259,259,259,200112060MEM,24.7,8.6,4th quarter,1:42.0,Loren Woods,MIN,False,2-pointer,4,103-78,'MEM',leads
260,260,260,200112060MEM,31.3,20.2,4th quarter,1:04.0,Felipe López,MIN,False,2-pointer,17,103-80,'MEM',leads
261,261,261,200112060MEM,45.0,19.1,4th quarter,0:42.4,Felipe López,MIN,False,3-pointer,25,103-80,'MEM',leads
262,262,262,200112060MEM,11.2,3.3,4th quarter,0:30.4,Sam Mitchell,MIN,True,2-pointer,13,105-80,'MEM',leads
263,263,263,200112060MEM,24.0,5.0,4th quarter,0:04.0,Felipe López,MIN,False,2-pointer,0,105-80,'MEM',leads
264,264,264,200112060MEM,24.0,5.0,4th quarter,0:00.0,Felipe López,MIN,False,2-pointer,0,105-80,'MEM',leads
265,265,265,200112060MEM,24.0,5.0,1st quarter,11:40.0,Jason Williams,MEM,True,2-pointer,0,2-0,'MEM',leads
266,266,266,200112060MEM,11.2,17.5,1st quarter,11:18.0,Jason Williams,MEM,True,2-pointer,18,4-0,'MEM',leads
267,267,267,200112060MEM,27.7,5.4,1st quarter,10:54.0,Pau Gasol,MEM,False,2-pointer,4,4-0,'MEM',leads
268,268,268,200112060MEM,42.0,14.7,1st quarter,10:26.0,Jason Williams,MEM,False,2-pointer,20,4-0,'MEM',leads
269,269,269,200112060MEM,16.3,5.4,1st quarter,9:42.0,Pau Gasol,MEM,True,2-pointer,8,6-2,'MEM',leads
270,270,270,200112060MEM,8.5,3.7,1st quarter,9:09.0,Isaac Austin,MEM,True,2-pointer,16,8-4,'MEM',leads
271,271,271,200112060MEM,12.7,3.3,1st quarter,8:33.0,Pau Gasol,MEM,False,2-pointer,11,8-6,'MEM',leads
272,272,272,200112060MEM,24.0,5.0,1st quarter,8:08.0,Shane Battier,MEM,False,2-pointer,0,8-8,'MEM',tied
273,273,273,200112060MEM,24.0,5.0,1st quarter,7:42.0,Jason Williams,MEM,True,2-pointer,0,10-10,'MEM',tied
274,274,274,200112060MEM,24.0,5.0,1st quarter,6:58.0,Shane Battier,MEM,True,2-pointer,0,12-12,'MEM',tied
275,275,275,200112060MEM,42.8,26.9,1st quarter,6:38.0,Jason Williams,MEM,False,3-pointer,29,12-12,'MEM',tied
276,276,276,200112060MEM,42.0,22.3,1st quarter,6:18.0,Shane Battier,MEM,False,3-pointer,25,12-14,'MEM',trails
277,277,277,200112060MEM,24.0,5.0,1st quarter,5:48.0,Isaac Austin,MEM,False,2-pointer,0,12-14,'MEM',trails
278,278,278,200112060MEM,24.0,5.0,1st quarter,5:26.0,Isaac Austin,MEM,True,2-pointer,0,14-16,'MEM',trails
279,279,279,200112060MEM,24.0,5.0,1st quarter,4:39.0,Rodney Buford,MEM,False,2-pointer,0,14-19,'MEM',trails
280,280,280,200112060MEM,27.0,18.5,1st quarter,4:06.0,Pau Gasol,MEM,True,2-pointer,14,16-21,'MEM',trails
281,281,281,200112060MEM,28.3,24.6,1st quarter,3:15.0,Jason Williams,MEM,False,2-pointer,20,16-23,'MEM',trails
282,282,282,200112060MEM,23.6,6.9,1st quarter,2:55.0,Pau Gasol,MEM,True,2-pointer,2,18-25,'MEM',trails
283,283,283,200112060MEM,42.0,7.6,1st quarter,2:08.0,Grant Long,MEM,True,2-pointer,18,20-25,'MEM',trails
284,284,284,200112060MEM,24.0,5.0,1st quarter,1:42.0,Pau Gasol,MEM,True,2-pointer,0,22-27,'MEM',trails
285,285,285,200112060MEM,38.4,11.3,1st quarter,0:54.8,Pau Gasol,MEM,False,2-pointer,16,22-29,'MEM',trails
286,286,286,200112060MEM,-0.2,5.0,1st quarter,0:29.7,Jason Williams,MEM,False,3-pointer,24,22-29,'MEM',trails
287,287,287,200112060MEM,29.8,21.3,1st quarter,0:00.0,Brevin Knight,MEM,False,2-pointer,17,22-29,'MEM',trails
288,288,288,200112060MEM,-0.2,2.7,2nd quarter,11:44.0,Will Solomon,MEM,False,3-pointer,24,22-29,'MEM',trails
289,289,289,200112060MEM,39.9,11.3,2nd quarter,10:24.0,Brevin Knight,MEM,False,2-pointer,17,23-33,'MEM',trails
290,290,290,200112060MEM,39.9,25.7,2nd quarter,8:43.0,Will Solomon,MEM,False,3-pointer,26,25-35,'MEM',trails
291,291,291,200112060MEM,19.2,7.6,2nd quarter,8:09.0,Shane Battier,MEM,True,2-pointer,5,27-37,'MEM',trails
292,292,292,200112060MEM,16.9,7.6,2nd quarter,7:27.0,Shane Battier,MEM,False,2-pointer,8,27-37,'MEM',trails
293,293,293,200112060MEM,20.7,9.7,2nd quarter,6:48.0,Brevin Knight,MEM,True,2-pointer,6,29-39,'MEM',trails
294,294,294,200112060MEM,24.1,9.7,2nd quarter,5:15.0,Jason Williams,MEM,False,2-pointer,5,31-46,'MEM',trails
295,295,295,200112060MEM,24.0,5.0,2nd quarter,4:44.0,Rodney Buford,MEM,False,2-pointer,0,31-46,'MEM',trails
296,296,296,200112060MEM,42.8,21.9,2nd quarter,4:21.0,Jason Williams,MEM,False,3-pointer,25,31-48,'MEM',trails
297,297,297,200112060MEM,29.8,8.0,2nd quarter,3:51.0,Shane Battier,MEM,False,2-pointer,7,31-48,'MEM',trails
298,298,298,200112060MEM,24.0,5.0,2nd quarter,3:46.0,Stromile Swift,MEM,True,2-pointer,0,33-48,'MEM',trails
299,299,299,200112060MEM,10.6,3.7,2nd quarter,1:32.0,Shane Battier,MEM,False,2-pointer,13,37-54,'MEM',trails
300,300,300,200112060MEM,1.9,17.9,2nd quarter,1:14.0,Jason Williams,MEM,False,3-pointer,26,37-56,'MEM',trails
301,301,301,200112060MEM,13.5,8.0,2nd quarter,0:50.5,Pau Gasol,MEM,False,2-pointer,11,37-56,'MEM',trails
302,302,302,200112060MEM,24.0,5.0,3rd quarter,11:39.0,Rodney Buford,MEM,True,2-pointer,0,39-58,'MEM',trails
303,303,303,200112060MEM,29.1,22.9,3rd quarter,11:06.0,Jason Williams,MEM,False,2-pointer,19,39-58,'MEM',trails
304,304,304,200112060MEM,15.6,28.4,3rd quarter,10:34.0,Rodney Buford,MEM,False,3-pointer,25,39-60,'MEM',trails
305,305,305,200112060MEM,24.0,5.0,3rd quarter,9:52.0,Pau Gasol,MEM,True,2-pointer,0,42-64,'MEM',trails
306,306,306,200112060MEM,46.2,15.8,3rd quarter,9:24.0,Jason Williams,MEM,False,3-pointer,25,42-66,'MEM',trails
307,307,307,200112060MEM,47.1,12.6,3rd quarter,9:17.0,Jason Williams,MEM,True,3-pointer,24,45-66,'MEM',trails
308,308,308,200112060MEM,40.7,3.3,3rd quarter,9:03.0,Jason Williams,MEM,True,2-pointer,17,47-66,'MEM',trails
309,309,309,200112060MEM,39.9,12.0,3rd quarter,8:24.0,Isaac Austin,MEM,False,2-pointer,17,47-68,'MEM',trails
310,310,310,200112060MEM,24.0,5.0,3rd quarter,7:46.0,Shane Battier,MEM,False,2-pointer,0,47-70,'MEM',trails
311,311,311,200112060MEM,16.3,31.8,3rd quarter,7:01.0,Jason Williams,MEM,False,3-pointer,28,48-70,'MEM',trails
312,312,312,200112060MEM,24.0,5.0,3rd quarter,6:40.0,Shane Battier,MEM,False,2-pointer,0,48-70,'MEM',trails
313,313,313,200112060MEM,46.2,5.9,3rd quarter,6:33.0,Shane Battier,MEM,False,3-pointer,22,48-70,'MEM',trails
314,314,314,200112060MEM,24.0,5.0,3rd quarter,6:04.0,Pau Gasol,MEM,True,2-pointer,0,50-70,'MEM',trails
315,315,315,200112060MEM,47.7,5.4,3rd quarter,5:46.0,Rodney Buford,MEM,False,3-pointer,24,50-72,'MEM',trails
316,316,316,200112060MEM,24.1,26.9,3rd quarter,5:37.0,Antonis Fotsis,MEM,False,2-pointer,22,50-72,'MEM',trails
317,317,317,200112060MEM,24.0,5.0,3rd quarter,4:11.0,Stromile Swift,MEM,False,2-pointer,0,50-74,'MEM',trails
318,318,318,200112060MEM,24.0,5.0,3rd quarter,4:05.0,Antonis Fotsis,MEM,True,2-pointer,0,52-74,'MEM',trails
319,319,319,200112060MEM,24.0,5.0,3rd quarter,3:40.0,Pau Gasol,MEM,True,2-pointer,0,54-76,'MEM',trails
320,320,320,200112060MEM,27.7,22.9,3rd quarter,2:46.0,Pau Gasol,MEM,False,2-pointer,18,55-79,'MEM',trails
321,321,321,200112060MEM,27.0,7.6,3rd quarter,1:50.0,Pau Gasol,MEM,True,2-pointer,4,59-81,'MEM',trails
322,322,322,200112060MEM,24.0,5.0,3rd quarter,1:18.0,Stromile Swift,MEM,False,2-pointer,0,59-83,'MEM',trails
323,323,323,200112060MEM,1.1,18.5,3rd quarter,0:47.8,Shane Battier,MEM,True,3-pointer,27,63-83,'MEM',trails
324,324,324,200112060MEM,22.8,43.8,3rd quarter,0:00.0,Will Solomon,MEM,False,3-pointer,39,65-87,'MEM',trails
325,325,325,200112060MEM,23.6,16.8,4th quarter,11:29.0,Rodney Buford,MEM,False,2-pointer,12,65-87,'MEM',trails
326,326,326,200112060MEM,31.3,20.2,4th quarter,11:10.0,Brevin Knight,MEM,False,2-pointer,17,65-87,'MEM',trails
327,327,327,200112060MEM,8.5,4.4,4th quarter,9:29.0,Rodney Buford,MEM,False,2-pointer,16,65-91,'MEM',trails
328,328,328,200112060MEM,5.5,5.0,4th quarter,8:27.0,Isaac Austin,MEM,False,2-pointer,19,65-91,'MEM',trails
329,329,329,200112060MEM,24.0,5.0,4th quarter,8:00.0,Isaac Austin,MEM,False,2-pointer,0,65-91,'MEM',trails
330,330,330,200112060MEM,9.1,6.5,4th quarter,7:53.0,Isaac Austin,MEM,False,2-pointer,15,65-91,'MEM',trails
331,331,331,200112060MEM,-0.2,3.3,4th quarter,7:46.0,Shane Battier,MEM,False,3-pointer,24,65-91,'MEM',trails
332,332,332,200112060MEM,23.6,19.1,4th quarter,6:49.0,Will Solomon,MEM,False,2-pointer,14,65-91,'MEM',trails
333,333,333,200112060MEM,26.2,7.6,4th quarter,6:44.0,Shane Battier,MEM,False,2-pointer,3,65-91,'MEM',trails
334,334,334,200112060MEM,23.6,13.0,4th quarter,6:08.0,Shane Battier,MEM,False,2-pointer,8,65-91,'MEM',trails
335,335,335,200112060MEM,22.8,19.1,4th quarter,5:54.0,Brevin Knight,MEM,True,2-pointer,14,67-91,'MEM',trails
336,336,336,200112060MEM,24.0,5.0,4th quarter,5:40.0,Will Solomon,MEM,True,2-pointer,0,69-91,'MEM',trails
337,337,337,200112060MEM,2.6,19.8,4th quarter,5:26.0,Will Solomon,MEM,True,3-pointer,26,72-93,'MEM',trails
338,338,338,200112060MEM,5.5,15.1,4th quarter,4:00.0,Will Solomon,MEM,False,2-pointer,21,72-97,'MEM',trails
339,339,339,200112060MEM,39.9,11.3,4th quarter,3:39.0,Rodney Buford,MEM,False,2-pointer,17,72-99,'MEM',trails
340,340,340,200112060MEM,11.2,4.4,4th quarter,3:07.0,Rodney Buford,MEM,True,2-pointer,13,74-101,'MEM',trails
341,341,341,200112060MEM,24.0,5.0,4th quarter,2:38.0,Will Solomon,MEM,True,2-pointer,0,76-101,'MEM',trails
342,342,342,200112060MEM,37.8,17.9,4th quarter,1:59.0,Rodney Buford,MEM,True,2-pointer,19,78-103,'MEM',trails
343,343,343,200112060MEM,24.0,5.0,4th quarter,1:22.0,Antonis Fotsis,MEM,False,2-pointer,0,78-103,'MEM',trails
344,344,344,200112060MEM,24.0,5.0,4th quarter,1:17.0,Antonis Fotsis,MEM,True,2-pointer,0,80-103,'MEM',trails
345,345,345,200112060MEM,13.5,18.5,4th quarter,0:52.3,Rodney Buford,MEM,False,2-pointer,17,80-103,'MEM',trails
346,346,346,200112060MEM,24.0,5.0,4th quarter,0:36.0,Will Solomon,MEM,False,2-pointer,0,80-103,'MEM',trails
347,347,347,200112060MIL,22.2,32.0,1st quarter,11:25.0,Vince Carter,TOR,True,3-pointer,27,3-2,'TOR',leads
348,348,348,200112060MIL,35.5,22.3,1st quarter,10:28.0,Morris Peterson,TOR,False,2-pointer,21,3-4,'TOR',trails
349,349,349,200112060MIL,24.0,5.0,1st quarter,9:14.0,Hakeem Olajuwon,TOR,True,2-pointer,0,6-8,'TOR',trails
350,350,350,200112060MIL,12.7,6.3,1st quarter,8:36.0,Hakeem Olajuwon,TOR,True,2-pointer,11,8-11,'TOR',trails
351,351,351,200112060MIL,34.8,21.9,1st quarter,8:17.0,Alvin Williams,TOR,True,2-pointer,20,10-11,'TOR',trails
352,352,352,200112060MIL,9.9,11.3,1st quarter,7:56.0,Morris Peterson,TOR,False,2-pointer,15,10-11,'TOR',trails
353,353,353,200112060MIL,24.0,5.0,1st quarter,7:41.0,Alvin Williams,TOR,False,2-pointer,0,10-11,'TOR',trails
354,354,354,200112060MIL,26.2,10.1,1st quarter,7:04.0,Keon Clark,TOR,True,2-pointer,6,12-13,'TOR',trails
355,355,355,200112060MIL,31.9,22.3,1st quarter,6:38.0,Alvin Williams,TOR,True,2-pointer,19,14-13,'TOR',leads
356,356,356,200112060MIL,25.6,9.0,1st quarter,6:01.0,Keon Clark,TOR,False,2-pointer,4,14-13,'TOR',leads
357,357,357,200112060MIL,8.5,6.3,1st quarter,5:25.0,Vince Carter,TOR,False,2-pointer,16,14-15,'TOR',trails
358,358,358,200112060MIL,2.6,21.3,1st quarter,5:08.0,Morris Peterson,TOR,True,3-pointer,27,17-15,'TOR',leads
359,359,359,200112060MIL,43.5,5.0,1st quarter,4:34.0,Morris Peterson,TOR,False,2-pointer,20,17-17,'TOR',tied
360,360,360,200112060MIL,24.0,5.0,1st quarter,3:35.0,Alvin Williams,TOR,True,2-pointer,0,19-17,'TOR',leads
361,361,361,200112060MIL,37.8,8.4,1st quarter,3:09.0,Keon Clark,TOR,False,2-pointer,14,19-17,'TOR',leads
362,362,362,200112060MIL,24.0,5.0,1st quarter,2:33.0,Keon Clark,TOR,True,2-pointer,0,21-17,'TOR',leads
363,363,363,200112060MIL,13.5,4.2,1st quarter,1:46.0,Hakeem Olajuwon,TOR,False,2-pointer,11,21-19,'TOR',leads
364,364,364,200112060MIL,6.4,4.8,1st quarter,1:21.0,Vince Carter,TOR,False,2-pointer,18,21-19,'TOR',leads
365,365,365,200112060MIL,12.1,19.8,1st quarter,0:56.9,Chris Childs,TOR,False,2-pointer,19,21-19,'TOR',leads
366,366,366,200112060MIL,38.4,3.7,1st quarter,0:43.8,Jerome Williams,TOR,False,2-pointer,14,21-19,'TOR',leads
367,367,367,200112060MIL,24.0,5.0,1st quarter,0:03.4,Vince Carter,TOR,True,2-pointer,0,23-22,'TOR',leads
368,368,368,200112060MIL,13.5,13.0,2nd quarter,11:41.0,Vince Carter,TOR,True,2-pointer,13,25-22,'TOR',leads
369,369,369,200112060MIL,32.5,30.3,2nd quarter,10:26.0,Dell Curry,TOR,False,3-pointer,27,25-24,'TOR',leads
370,370,370,200112060MIL,5.5,7.3,2nd quarter,9:54.0,Dell Curry,TOR,False,2-pointer,19,25-27,'TOR',trails
371,371,371,200112060MIL,16.3,5.0,2nd quarter,9:19.0,Keon Clark,TOR,True,2-pointer,8,27-30,'TOR',trails
372,372,372,200112060MIL,24.7,20.2,2nd quarter,8:50.0,Vince Carter,TOR,False,2-pointer,15,27-30,'TOR',trails
373,373,373,200112060MIL,12.1,18.5,2nd quarter,8:26.0,Dell Curry,TOR,False,2-pointer,18,27-30,'TOR',trails
374,374,374,200112060MIL,34.0,7.3,2nd quarter,7:57.0,Jerome Williams,TOR,False,2-pointer,10,27-32,'TOR',trails
375,375,375,200112060MIL,24.0,5.0,2nd quarter,7:48.0,Chris Childs,TOR,True,2-pointer,0,29-32,'TOR',trails
376,376,376,200112060MIL,38.4,12.4,2nd quarter,7:21.0,Hakeem Olajuwon,TOR,True,2-pointer,16,31-32,'TOR',trails
377,377,377,200112060MIL,43.5,22.9,2nd quarter,6:42.0,Dell Curry,TOR,False,3-pointer,26,31-34,'TOR',trails
378,378,378,200112060MIL,8.5,11.3,2nd quarter,6:29.0,Hakeem Olajuwon,TOR,False,2-pointer,17,31-34,'TOR',trails
379,379,379,200112060MIL,12.1,4.2,2nd quarter,5:05.0,Hakeem Olajuwon,TOR,False,2-pointer,12,31-38,'TOR',trails
380,380,380,200112060MIL,24.0,5.0,2nd quarter,4:45.0,Alvin Williams,TOR,True,2-pointer,0,33-38,'TOR',trails
381,381,381,200112060MIL,38.4,8.4,2nd quarter,3:48.0,Keon Clark,TOR,False,2-pointer,15,33-38,'TOR',trails
382,382,382,200112060MIL,6.4,3.7,2nd quarter,3:29.0,Vince Carter,TOR,True,2-pointer,18,35-40,'TOR',trails
383,383,383,200112060MIL,32.5,21.3,2nd quarter,2:46.0,Alvin Williams,TOR,False,2-pointer,18,35-42,'TOR',trails
384,384,384,200112060MIL,10.6,15.8,2nd quarter,2:29.0,Vince Carter,TOR,False,2-pointer,17,35-42,'TOR',trails
385,385,385,200112060MIL,13.5,3.1,2nd quarter,2:15.0,Keon Clark,TOR,False,2-pointer,11,35-42,'TOR',trails
386,386,386,200112060MIL,34.0,5.0,2nd quarter,2:01.0,Keon Clark,TOR,False,2-pointer,10,35-42,'TOR',trails
387,387,387,200112060MIL,14.8,22.3,2nd quarter,1:29.0,Morris Peterson,TOR,True,2-pointer,20,37-44,'TOR',trails
388,388,388,200112060MIL,36.9,4.2,2nd quarter,0:50.6,Alvin Williams,TOR,True,2-pointer,13,39-44,'TOR',trails
389,389,389,200112060MIL,24.0,5.0,3rd quarter,11:24.0,Vince Carter,TOR,False,2-pointer,0,39-49,'TOR',trails
390,390,390,200112060MIL,24.0,5.0,3rd quarter,11:19.0,Vince Carter,TOR,False,2-pointer,0,39-49,'TOR',trails
391,391,391,200112060MIL,24.0,5.0,3rd quarter,11:17.0,Keon Clark,TOR,False,2-pointer,0,39-49,'TOR',trails
392,392,392,200112060MIL,41.4,11.8,3rd quarter,10:41.0,Morris Peterson,TOR,False,2-pointer,19,39-51,'TOR',trails
393,393,393,200112060MIL,24.0,5.0,3rd quarter,10:20.0,Keon Clark,TOR,True,2-pointer,0,41-53,'TOR',trails
394,394,394,200112060MIL,14.2,11.3,3rd quarter,9:46.0,Hakeem Olajuwon,TOR,True,2-pointer,12,43-53,'TOR',trails
395,395,395,200112060MIL,40.7,13.0,3rd quarter,9:20.0,Alvin Williams,TOR,True,2-pointer,19,45-55,'TOR',trails
396,396,396,200112060MIL,24.0,5.0,3rd quarter,8:56.0,Vince Carter,TOR,True,2-pointer,0,47-55,'TOR',trails
397,397,397,200112060MIL,29.8,3.7,3rd quarter,7:39.0,Keon Clark,TOR,True,2-pointer,6,49-59,'TOR',trails
398,398,398,200112060MIL,18.4,30.7,3rd quarter,6:45.0,Vince Carter,TOR,True,3-pointer,26,52-61,'TOR',trails
399,399,399,200112060MIL,39.3,4.8,3rd quarter,6:15.0,Alvin Williams,TOR,True,2-pointer,15,54-61,'TOR',trails
400,400,400,200112060MIL,47.7,12.4,3rd quarter,5:38.0,Morris Peterson,TOR,False,3-pointer,25,54-62,'TOR',trails
401,401,401,200112060MIL,0.5,5.0,3rd quarter,4:46.0,Alvin Williams,TOR,False,3-pointer,24,54-64,'TOR',trails
402,402,402,200112060MIL,40.7,3.7,3rd quarter,4:13.0,Alvin Williams,TOR,False,2-pointer,17,54-64,'TOR',trails
403,403,403,200112060MIL,24.0,5.0,3rd quarter,3:40.0,Vince Carter,TOR,False,2-pointer,0,54-66,'TOR',trails
404,404,404,200112060MIL,32.5,10.1,3rd quarter,3:10.0,Vince Carter,TOR,False,2-pointer,10,54-69,'TOR',trails
405,405,405,200112060MIL,24.0,5.0,3rd quarter,2:42.0,Jerome Williams,TOR,True,2-pointer,0,56-72,'TOR',trails
406,406,406,200112060MIL,26.2,8.4,3rd quarter,2:15.0,Vince Carter,TOR,True,2-pointer,4,58-72,'TOR',trails
407,407,407,200112060MIL,39.9,18.5,3rd quarter,1:32.0,Vince Carter,TOR,True,2-pointer,21,60-72,'TOR',trails
408,408,408,200112060MIL,12.1,4.2,3rd quarter,0:52.7,Hakeem Olajuwon,TOR,False,2-pointer,12,60-72,'TOR',trails
409,409,409,200112060MIL,24.0,5.0,3rd quarter,0:50.5,Jerome Williams,TOR,False,2-pointer,0,60-72,'TOR',trails
410,410,410,200112060MIL,0.5,4.8,3rd quarter,0:07.3,Tracy Murray,TOR,False,3-pointer,24,60-74,'TOR',trails
411,411,411,200112060MIL,24.0,5.0,4th quarter,11:48.0,Jerome Williams,TOR,True,2-pointer,0,62-74,'TOR',trails
412,412,412,200112060MIL,12.7,15.8,4th quarter,11:13.0,Vince Carter,TOR,False,2-pointer,16,62-76,'TOR',trails
413,413,413,200112060MIL,24.0,5.0,4th quarter,10:47.0,Chris Childs,TOR,True,2-pointer,0,64-76,'TOR',trails
414,414,414,200112060MIL,24.0,5.0,4th quarter,9:26.0,Tracy Murray,TOR,True,2-pointer,0,66-78,'TOR',trails
415,415,415,200112060MIL,7.0,26.3,4th quarter,8:54.0,Vince Carter,TOR,True,3-pointer,27,69-78,'TOR',trails
416,416,416,200112060MIL,36.9,15.8,4th quarter,8:22.0,Vince Carter,TOR,False,2-pointer,17,69-78,'TOR',trails
417,417,417,200112060MIL,27.0,11.3,4th quarter,6:56.0,Keon Clark,TOR,True,2-pointer,7,73-83,'TOR',trails
418,418,418,200112060MIL,24.0,5.0,4th quarter,6:15.0,Keon Clark,TOR,True,2-pointer,0,75-83,'TOR',trails
419,419,419,200112060MIL,38.4,26.3,4th quarter,5:44.0,Vince Carter,TOR,True,3-pointer,26,78-85,'TOR',trails
420,420,420,200112060MIL,36.9,13.5,4th quarter,4:49.0,Alvin Williams,TOR,False,2-pointer,15,78-87,'TOR',trails
421,421,421,200112060MIL,47.7,5.0,4th quarter,3:50.0,Tracy Murray,TOR,True,3-pointer,24,81-89,'TOR',trails
422,422,422,200112060MIL,24.0,5.0,4th quarter,3:30.0,Jerome Williams,TOR,True,2-pointer,0,83-89,'TOR',trails
423,423,423,200112060MIL,24.0,5.0,4th quarter,2:59.0,Keon Clark,TOR,True,2-pointer,0,85-89,'TOR',trails
424,424,424,200112060MIL,24.0,5.0,4th quarter,2:20.0,Vince Carter,TOR,True,2-pointer,0,87-89,'TOR',trails
425,425,425,200112060MIL,24.0,5.0,4th quarter,1:45.0,Vince Carter,TOR,False,2-pointer,0,87-91,'TOR',trails
426,426,426,200112060MIL,24.0,5.0,4th quarter,1:08.0,Alvin Williams,TOR,True,2-pointer,0,89-93,'TOR',trails
427,427,427,200112060MIL,44.1,21.9,4th quarter,0:09.0,Vince Carter,TOR,False,3-pointer,26,89-93,'TOR',trails
428,428,428,200112060MIL,39.3,28.0,4th quarter,0:03.1,Tracy Murray,TOR,False,3-pointer,28,89-95,'TOR',trails
429,429,429,200112060MIL,24.0,5.0,1st quarter,11:40.0,Ray Allen,MIL,True,2-pointer,0,2-0,'TOR',leads
430,430,430,200112060MIL,42.8,24.8,1st quarter,11:12.0,Ray Allen,MIL,False,3-pointer,27,2-3,'TOR',trails
431,431,431,200112060MIL,12.1,28.0,1st quarter,9:38.0,Ray Allen,MIL,True,3-pointer,26,8-3,'TOR',leads
432,432,432,200112060MIL,16.9,10.7,1st quarter,9:01.0,Glenn Robinson,MIL,False,2-pointer,9,8-6,'TOR',leads
433,433,433,200112060MIL,40.7,25.3,1st quarter,8:52.0,Glenn Robinson,MIL,True,3-pointer,26,11-6,'TOR',leads
434,434,434,200112060MIL,36.9,10.1,1st quarter,8:23.0,Glenn Robinson,MIL,False,2-pointer,14,11-8,'TOR',leads
435,435,435,200112060MIL,14.8,13.5,1st quarter,8:03.0,Glenn Robinson,MIL,False,2-pointer,13,11-10,'TOR',leads
436,436,436,200112060MIL,24.0,5.0,1st quarter,7:46.0,Anthony Mason,MIL,False,2-pointer,0,11-10,'TOR',leads
437,437,437,200112060MIL,10.6,11.3,1st quarter,7:33.0,Sam Cassell,MIL,True,2-pointer,15,13-10,'TOR',leads
438,438,438,200112060MIL,9.1,3.1,1st quarter,6:48.0,Sam Cassell,MIL,False,2-pointer,15,13-12,'TOR',leads
439,439,439,200112060MIL,12.7,3.7,1st quarter,6:17.0,Anthony Mason,MIL,False,2-pointer,11,13-14,'TOR',trails
440,440,440,200112060MIL,5.5,22.9,1st quarter,5:47.0,Ray Allen,MIL,False,3-pointer,26,13-14,'TOR',trails
441,441,441,200112060MIL,24.0,5.0,1st quarter,5:43.0,Sam Cassell,MIL,True,2-pointer,0,15-14,'TOR',leads
442,442,442,200112060MIL,14.2,3.7,1st quarter,5:16.0,Sam Cassell,MIL,False,2-pointer,10,15-14,'TOR',leads
443,443,443,200112060MIL,13.5,21.9,1st quarter,4:47.0,Ray Allen,MIL,True,2-pointer,20,17-17,'TOR',tied
444,444,444,200112060MIL,24.0,5.0,1st quarter,4:21.0,Anthony Mason,MIL,False,2-pointer,0,17-17,'TOR',tied
445,445,445,200112060MIL,23.6,11.8,1st quarter,4:11.0,Anthony Mason,MIL,False,2-pointer,7,17-17,'TOR',tied
446,446,446,200112060MIL,14.2,30.3,1st quarter,3:21.0,Glenn Robinson,MIL,False,3-pointer,27,17-19,'TOR',trails
447,447,447,200112060MIL,10.6,2.1,1st quarter,2:55.0,Sam Cassell,MIL,False,2-pointer,14,17-19,'TOR',trails
448,448,448,200112060MIL,14.8,5.7,1st quarter,2:09.0,Ray Allen,MIL,True,2-pointer,9,19-21,'TOR',trails
449,449,449,200112060MIL,16.3,6.9,1st quarter,1:06.0,Glenn Robinson,MIL,False,2-pointer,8,19-21,'TOR',trails
450,450,450,200112060MIL,12.1,28.6,1st quarter,0:23.4,Tim Thomas,MIL,True,3-pointer,26,22-21,'TOR',leads
451,451,451,200112060MIL,31.3,3.1,2nd quarter,11:18.0,Ray Allen,MIL,True,2-pointer,8,24-25,'TOR',trails
452,452,452,200112060MIL,31.9,30.3,2nd quarter,10:13.0,Michael Redd,MIL,True,3-pointer,27,27-25,'TOR',leads
453,453,453,200112060MIL,1.9,15.1,2nd quarter,9:47.0,Ray Allen,MIL,True,3-pointer,24,30-25,'TOR',leads
454,454,454,200112060MIL,32.5,18.5,2nd quarter,8:16.0,Sam Cassell,MIL,True,2-pointer,16,32-27,'TOR',leads
455,455,455,200112060MIL,37.8,12.4,2nd quarter,7:33.0,Tim Thomas,MIL,False,2-pointer,16,32-29,'TOR',leads
456,456,456,200112060MIL,10.6,13.0,2nd quarter,6:59.0,Michael Redd,MIL,True,2-pointer,16,34-31,'TOR',leads
457,457,457,200112060MIL,9.1,3.1,2nd quarter,6:12.0,Sam Cassell,MIL,True,2-pointer,15,36-31,'TOR',leads
458,458,458,200112060MIL,0.5,3.1,2nd quarter,5:36.0,Tim Thomas,MIL,False,3-pointer,24,36-31,'TOR',leads
459,459,459,200112060MIL,31.9,17.9,2nd quarter,5:25.0,Sam Cassell,MIL,True,2-pointer,15,38-31,'TOR',leads
460,460,460,200112060MIL,24.0,5.0,2nd quarter,4:50.0,Glenn Robinson,MIL,False,2-pointer,0,38-31,'TOR',leads
461,461,461,200112060MIL,24.0,5.0,2nd quarter,4:07.0,Ervin Johnson,MIL,False,2-pointer,0,38-33,'TOR',leads
462,462,462,200112060MIL,22.8,9.7,2nd quarter,3:06.0,Sam Cassell,MIL,True,2-pointer,5,42-35,'TOR',leads
463,463,463,200112060MIL,7.8,8.0,2nd quarter,1:49.0,Sam Cassell,MIL,True,2-pointer,16,44-35,'TOR',leads
464,464,464,200112060MIL,13.5,4.2,2nd quarter,1:02.0,Anthony Mason,MIL,False,2-pointer,11,44-37,'TOR',leads
465,465,465,200112060MIL,36.3,19.1,2nd quarter,0:31.9,Sam Cassell,MIL,True,2-pointer,19,46-39,'TOR',leads
466,466,466,200112060MIL,37.8,29.3,3rd quarter,11:41.0,Ray Allen,MIL,True,3-pointer,28,49-39,'TOR',leads
467,467,467,200112060MIL,16.3,22.3,3rd quarter,10:56.0,Glenn Robinson,MIL,True,2-pointer,19,51-39,'TOR',leads
468,468,468,200112060MIL,24.0,5.0,3rd quarter,10:37.0,Glenn Robinson,MIL,True,2-pointer,0,53-39,'TOR',leads
469,469,469,200112060MIL,8.5,25.3,3rd quarter,10:01.0,Ray Allen,MIL,False,3-pointer,26,53-41,'TOR',leads
470,470,470,200112060MIL,11.2,14.1,3rd quarter,9:33.0,Glenn Robinson,MIL,True,2-pointer,16,55-43,'TOR',leads
471,471,471,200112060MIL,16.9,11.3,3rd quarter,9:03.0,Glenn Robinson,MIL,False,2-pointer,9,55-45,'TOR',leads
472,472,472,200112060MIL,26.2,11.3,3rd quarter,8:33.0,Ervin Johnson,MIL,False,2-pointer,7,55-47,'TOR',leads
473,473,473,200112060MIL,14.8,24.8,3rd quarter,8:27.0,Ray Allen,MIL,True,2-pointer,22,57-47,'TOR',leads
474,474,474,200112060MIL,13.5,16.8,3rd quarter,7:58.0,Sam Cassell,MIL,True,2-pointer,16,59-47,'TOR',leads
475,475,475,200112060MIL,37.8,16.8,3rd quarter,7:26.0,Ray Allen,MIL,True,2-pointer,18,61-49,'TOR',leads
476,476,476,200112060MIL,12.1,3.7,3rd quarter,5:14.0,Ray Allen,MIL,True,2-pointer,12,64-54,'TOR',leads
477,477,477,200112060MIL,24.0,5.0,3rd quarter,4:02.0,Tim Thomas,MIL,True,2-pointer,0,66-54,'TOR',leads
478,478,478,200112060MIL,33.4,29.3,3rd quarter,3:32.0,Tim Thomas,MIL,True,3-pointer,26,69-54,'TOR',leads
479,479,479,200112060MIL,40.7,26.3,3rd quarter,3:03.0,Tim Thomas,MIL,True,3-pointer,27,72-54,'TOR',leads
480,480,480,200112060MIL,40.7,25.9,3rd quarter,2:24.0,Tim Thomas,MIL,False,3-pointer,27,72-56,'TOR',leads
481,481,481,200112060MIL,34.8,3.7,3rd quarter,1:48.0,Ray Allen,MIL,False,2-pointer,11,72-58,'TOR',leads
482,482,482,200112060MIL,9.9,3.7,3rd quarter,1:40.0,Sam Cassell,MIL,False,2-pointer,14,72-58,'TOR',leads
483,483,483,200112060MIL,42.0,24.8,3rd quarter,1:18.0,Ray Allen,MIL,False,3-pointer,27,72-60,'TOR',leads
484,484,484,200112060MIL,31.3,19.8,3rd quarter,1:04.0,Sam Cassell,MIL,False,2-pointer,17,72-60,'TOR',leads
485,485,485,200112060MIL,24.0,5.0,3rd quarter,0:29.9,Tim Thomas,MIL,False,2-pointer,0,72-60,'TOR',leads
486,486,486,200112060MIL,31.9,3.1,3rd quarter,0:19.1,Anthony Mason,MIL,True,2-pointer,8,74-60,'TOR',leads
487,487,487,200112060MIL,22.8,10.1,4th quarter,11:28.0,Ray Allen,MIL,True,2-pointer,5,76-62,'TOR',leads
488,488,488,200112060MIL,12.1,4.2,4th quarter,10:53.0,Anthony Mason,MIL,False,2-pointer,12,76-62,'TOR',leads
489,489,489,200112060MIL,2.6,18.5,4th quarter,10:00.0,Tim Thomas,MIL,False,3-pointer,25,76-64,'TOR',leads
490,490,490,200112060MIL,12.1,13.5,4th quarter,9:41.0,Ray Allen,MIL,True,2-pointer,15,78-64,'TOR',leads
491,491,491,200112060MIL,12.7,3.7,4th quarter,7:37.0,Glenn Robinson,MIL,False,2-pointer,11,81-71,'TOR',leads
492,492,492,200112060MIL,24.0,5.0,4th quarter,7:29.0,Ervin Johnson,MIL,False,2-pointer,0,81-71,'TOR',leads
493,493,493,200112060MIL,24.0,5.0,4th quarter,7:17.0,Michael Redd,MIL,True,2-pointer,0,83-71,'TOR',leads
494,494,494,200112060MIL,11.2,16.8,4th quarter,6:37.0,Darvin Ham,MIL,False,2-pointer,17,83-73,'TOR',leads
495,495,495,200112060MIL,34.0,19.1,4th quarter,6:23.0,Glenn Robinson,MIL,False,2-pointer,17,83-73,'TOR',leads
496,496,496,200112060MIL,11.2,17.9,4th quarter,5:59.0,Sam Cassell,MIL,True,2-pointer,18,85-75,'TOR',leads
497,497,497,200112060MIL,31.9,13.0,4th quarter,5:12.0,Ray Allen,MIL,False,2-pointer,11,85-78,'TOR',leads
498,498,498,200112060MIL,10.6,15.8,4th quarter,5:08.0,Sam Cassell,MIL,True,2-pointer,17,87-78,'TOR',leads
499,499,499,200112060MIL,24.0,5.0,4th quarter,4:41.0,Ervin Johnson,MIL,True,2-pointer,0,89-78,'TOR',leads
500,500,500,200112060MIL,13.5,4.2,4th quarter,3:08.0,Ray Allen,MIL,False,2-pointer,11,89-83,'TOR',leads
501,501,501,200112060MIL,4.0,22.3,4th quarter,0:48.2,Ray Allen,MIL,False,3-pointer,26,93-89,'TOR',leads
502,502,502,200112060MIL,9.1,4.2,4th quarter,0:18.8,Ray Allen,MIL,False,2-pointer,15,93-89,'TOR',leads
503,503,503,200112060POR,15.2,9.7,1st quarter,11:44.0,Elden Campbell,CHH,True,2-pointer,10,2-0,'POR',leads
504,504,504,200112060POR,12.5,21.3,1st quarter,11:12.0,P.J. Brown,CHH,False,2-pointer,20,2-2,'POR',tied
505,505,505,200112060POR,12.5,5.7,1st quarter,10:43.0,Elden Campbell,CHH,False,2-pointer,12,2-4,'POR',trails
506,506,506,200112060POR,17.3,19.6,1st quarter,10:17.0,Elden Campbell,CHH,False,2-pointer,16,2-4,'POR',trails
507,507,507,200112060POR,44.3,5.2,1st quarter,9:47.0,David Wesley,CHH,False,2-pointer,20,2-6,'POR',trails
508,508,508,200112060POR,21.5,24.8,1st quarter,9:34.0,Lee Nailon,CHH,False,2-pointer,20,2-6,'POR',trails
509,509,509,200112060POR,24.0,5.0,1st quarter,9:27.0,Elden Campbell,CHH,True,2-pointer,0,4-6,'POR',trails
510,510,510,200112060POR,24.0,5.0,1st quarter,9:03.0,Baron Davis,CHH,True,2-pointer,0,7-6,'POR',leads
511,511,511,200112060POR,24.0,5.0,1st quarter,8:11.0,Elden Campbell,CHH,False,2-pointer,0,7-10,'POR',trails
512,512,512,200112060POR,24.0,5.0,1st quarter,8:09.0,P.J. Brown,CHH,False,2-pointer,0,7-10,'POR',trails
513,513,513,200112060POR,43.7,19.6,1st quarter,7:26.0,Baron Davis,CHH,True,3-pointer,25,10-10,'POR',tied
514,514,514,200112060POR,24.0,5.0,1st quarter,6:45.0,Lee Nailon,CHH,True,2-pointer,0,12-10,'POR',leads
515,515,515,200112060POR,14.6,24.8,1st quarter,6:16.0,David Wesley,CHH,True,2-pointer,22,14-12,'POR',leads
516,516,516,200112060POR,25.1,8.8,1st quarter,5:30.0,Elden Campbell,CHH,True,2-pointer,4,16-14,'POR',leads
517,517,517,200112060POR,41.6,8.4,1st quarter,4:43.0,Lee Nailon,CHH,True,2-pointer,18,18-16,'POR',leads
518,518,518,200112060POR,35.0,26.9,1st quarter,4:18.0,Baron Davis,CHH,False,3-pointer,25,18-16,'POR',leads
519,519,519,200112060POR,14.2,21.5,1st quarter,3:05.0,David Wesley,CHH,False,2-pointer,19,18-20,'POR',trails
520,520,520,200112060POR,14.8,24.2,1st quarter,2:55.0,Baron Davis,CHH,False,2-pointer,21,18-20,'POR',trails
521,521,521,200112060POR,24.1,14.5,1st quarter,2:28.0,Lee Nailon,CHH,True,2-pointer,10,20-21,'POR',trails
522,522,522,200112060POR,24.0,5.0,1st quarter,1:38.0,Robert Traylor,CHH,True,2-pointer,0,22-23,'POR',trails
523,523,523,200112060POR,8.3,24.2,1st quarter,0:26.7,Baron Davis,CHH,False,3-pointer,25,24-25,'POR',trails
524,524,524,200112060POR,24.0,5.0,1st quarter,0:00.2,Robert Traylor,CHH,True,2-pointer,0,26-25,'POR',leads
525,525,525,200112060POR,6.2,7.6,2nd quarter,11:18.0,Baron Davis,CHH,False,2-pointer,18,26-27,'POR',trails
526,526,526,200112060POR,41.2,7.6,2nd quarter,11:00.0,Jérôme Moïso,CHH,False,2-pointer,17,26-27,'POR',trails
527,527,527,200112060POR,7.6,5.0,2nd quarter,10:38.0,Elden Campbell,CHH,True,2-pointer,16,28-27,'POR',leads
528,528,528,200112060POR,22.0,25.7,2nd quarter,9:27.0,Robert Traylor,CHH,False,2-pointer,21,28-29,'POR',trails
529,529,529,200112060POR,7.6,3.9,2nd quarter,8:59.0,Jérôme Moïso,CHH,True,2-pointer,16,30-31,'POR',trails
530,530,530,200112060POR,17.7,18.7,2nd quarter,8:26.0,Elden Campbell,CHH,False,2-pointer,15,30-33,'POR',trails
531,531,531,200112060POR,24.0,5.0,2nd quarter,7:59.0,Robert Traylor,CHH,True,2-pointer,0,32-35,'POR',trails
532,532,532,200112060POR,24.0,5.0,2nd quarter,7:32.0,Baron Davis,CHH,False,2-pointer,0,32-35,'POR',trails
533,533,533,200112060POR,23.4,29.7,2nd quarter,6:53.0,Baron Davis,CHH,False,3-pointer,25,32-35,'POR',trails
534,534,534,200112060POR,32.7,18.7,2nd quarter,6:08.0,Jérôme Moïso,CHH,False,2-pointer,16,32-35,'POR',trails
535,535,535,200112060POR,39.9,9.0,2nd quarter,5:55.0,David Wesley,CHH,False,2-pointer,16,32-35,'POR',trails
536,536,536,200112060POR,24.0,5.0,2nd quarter,5:54.0,Robert Traylor,CHH,False,2-pointer,0,32-35,'POR',trails
537,537,537,200112060POR,12.7,21.0,2nd quarter,5:30.0,Lee Nailon,CHH,False,2-pointer,20,32-35,'POR',trails
538,538,538,200112060POR,11.8,20.4,2nd quarter,4:55.0,David Wesley,CHH,True,2-pointer,20,34-35,'POR',trails
539,539,539,200112060POR,17.1,23.6,2nd quarter,4:19.0,David Wesley,CHH,True,2-pointer,20,36-35,'POR',leads
540,540,540,200112060POR,40.5,16.6,2nd quarter,3:46.0,David Wesley,CHH,False,2-pointer,20,36-36,'POR',tied
541,541,541,200112060POR,42.6,20.4,2nd quarter,3:19.0,Baron Davis,CHH,True,3-pointer,24,39-36,'POR',leads
542,542,542,200112060POR,28.9,7.6,2nd quarter,2:26.0,Lee Nailon,CHH,True,2-pointer,6,41-36,'POR',leads
543,543,543,200112060POR,18.6,9.0,2nd quarter,2:05.0,Lee Nailon,CHH,False,2-pointer,7,41-36,'POR',leads
544,544,544,200112060POR,7.0,16.6,2nd quarter,1:01.0,Lee Nailon,CHH,False,2-pointer,21,41-36,'POR',leads
545,545,545,200112060POR,44.7,18.7,2nd quarter,0:31.9,Baron Davis,CHH,True,3-pointer,25,44-38,'POR',leads
546,546,546,200112060POR,24.0,5.0,2nd quarter,0:08.2,Lee Nailon,CHH,False,2-pointer,0,44-38,'POR',leads
547,547,547,200112060POR,24.0,5.0,3rd quarter,11:21.0,P.J. Brown,CHH,False,2-pointer,0,45-40,'POR',leads
548,548,548,200112060POR,30.4,24.2,3rd quarter,10:45.0,Baron Davis,CHH,True,2-pointer,20,47-40,'POR',leads
549,549,549,200112060POR,17.1,5.0,3rd quarter,9:32.0,Lee Nailon,CHH,False,2-pointer,7,47-42,'POR',leads
550,550,550,200112060POR,17.7,6.3,3rd quarter,9:30.0,Lee Nailon,CHH,False,2-pointer,6,47-42,'POR',leads
551,551,551,200112060POR,6.2,4.4,3rd quarter,9:27.0,Elden Campbell,CHH,True,2-pointer,18,49-42,'POR',leads
552,552,552,200112060POR,9.1,16.0,3rd quarter,9:06.0,Lee Nailon,CHH,True,2-pointer,19,51-42,'POR',leads
553,553,553,200112060POR,23.4,11.8,3rd quarter,8:29.0,Elden Campbell,CHH,False,2-pointer,7,51-42,'POR',leads
554,554,554,200112060POR,4.9,3.9,3rd quarter,8:00.0,Lee Nailon,CHH,False,2-pointer,19,51-44,'POR',leads
555,555,555,200112060POR,24.0,5.0,3rd quarter,7:45.0,Elden Campbell,CHH,False,2-pointer,0,51-44,'POR',leads
556,556,556,200112060POR,18.2,5.4,3rd quarter,7:42.0,Lee Nailon,CHH,True,2-pointer,6,53-44,'POR',leads
557,557,557,200112060POR,10.6,20.4,3rd quarter,7:07.0,David Wesley,CHH,True,2-pointer,20,56-46,'POR',leads
558,558,558,200112060POR,35.5,24.2,3rd quarter,6:38.0,David Wesley,CHH,True,2-pointer,22,58-46,'POR',leads
559,559,559,200112060POR,24.0,5.0,3rd quarter,6:15.0,David Wesley,CHH,True,2-pointer,0,60-46,'POR',leads
560,560,560,200112060POR,34.2,21.5,3rd quarter,5:43.0,David Wesley,CHH,False,2-pointer,19,60-48,'POR',leads
561,561,561,200112060POR,6.2,13.9,3rd quarter,5:17.0,David Wesley,CHH,True,2-pointer,20,62-50,'POR',leads
562,562,562,200112060POR,18.6,17.0,3rd quarter,4:36.0,Baron Davis,CHH,True,2-pointer,13,64-52,'POR',leads
563,563,563,200112060POR,41.2,8.4,3rd quarter,4:10.0,P.J. Brown,CHH,False,2-pointer,18,64-52,'POR',leads
564,564,564,200112060POR,5.5,8.4,3rd quarter,3:50.0,Baron Davis,CHH,True,2-pointer,19,66-52,'POR',leads
565,565,565,200112060POR,24.0,5.0,3rd quarter,3:19.0,Jamaal Magloire,CHH,True,2-pointer,0,68-54,'POR',leads
566,566,566,200112060POR,19.8,9.0,3rd quarter,2:31.0,Bryce Drew,CHH,False,2-pointer,6,68-54,'POR',leads
567,567,567,200112060POR,29.8,28.4,3rd quarter,1:41.0,Baron Davis,CHH,True,3-pointer,24,71-54,'POR',leads
568,568,568,200112060POR,19.2,6.9,3rd quarter,0:31.2,Jamaal Magloire,CHH,False,2-pointer,5,71-56,'POR',leads
569,569,569,200112060POR,24.0,5.0,3rd quarter,0:28.7,Jamaal Magloire,CHH,True,2-pointer,0,73-56,'POR',leads
570,570,570,200112060POR,26.2,30.1,3rd quarter,0:01.4,Baron Davis,CHH,False,3-pointer,25,73-56,'POR',leads
571,571,571,200112060POR,9.7,19.8,4th quarter,11:41.0,David Wesley,CHH,True,2-pointer,21,75-56,'POR',leads
572,572,572,200112060POR,24.0,5.0,4th quarter,10:40.0,Bryce Drew,CHH,False,2-pointer,0,75-60,'POR',leads
573,573,573,200112060POR,1.9,8.4,4th quarter,9:43.0,Bryce Drew,CHH,False,3-pointer,22,77-60,'POR',leads
574,574,574,200112060POR,45.6,4.4,4th quarter,9:02.0,David Wesley,CHH,False,2-pointer,22,77-62,'POR',leads
575,575,575,200112060POR,41.2,17.0,4th quarter,8:33.0,Lee Nailon,CHH,True,2-pointer,21,79-64,'POR',leads
576,576,576,200112060POR,42.0,5.0,4th quarter,6:49.0,Lee Nailon,CHH,False,2-pointer,18,81-69,'POR',leads
577,577,577,200112060POR,43.3,5.0,4th quarter,5:51.0,David Wesley,CHH,False,2-pointer,19,81-70,'POR',leads
578,578,578,200112060POR,0.5,7.6,4th quarter,5:17.0,Baron Davis,CHH,False,3-pointer,24,81-73,'POR',leads
579,579,579,200112060POR,26.8,25.3,4th quarter,5:00.0,David Wesley,CHH,False,2-pointer,20,81-73,'POR',leads
580,580,580,200112060POR,24.0,5.0,4th quarter,4:36.0,P.J. Brown,CHH,True,2-pointer,0,83-75,'POR',leads
581,581,581,200112060POR,24.0,5.0,4th quarter,3:56.0,Lee Nailon,CHH,True,2-pointer,0,85-77,'POR',leads
582,582,582,200112060POR,27.5,26.3,4th quarter,3:14.0,Lee Nailon,CHH,True,2-pointer,22,87-77,'POR',leads
583,583,583,200112060POR,24.0,5.0,4th quarter,2:24.0,David Wesley,CHH,False,2-pointer,0,87-79,'POR',leads
584,584,584,200112060POR,24.0,5.0,4th quarter,2:23.0,Lee Nailon,CHH,False,2-pointer,0,87-79,'POR',leads
585,585,585,200112060POR,22.8,29.7,4th quarter,1:24.0,Baron Davis,CHH,False,3-pointer,25,88-82,'POR',leads
586,586,586,200112060POR,24.0,5.0,4th quarter,0:47.3,Lee Nailon,CHH,True,2-pointer,0,91-84,'POR',leads
587,587,587,200112060POR,42.2,9.9,1st quarter,11:25.0,Rasheed Wallace,POR,True,2-pointer,19,2-2,'POR',tied
588,588,588,200112060POR,7.4,5.7,1st quarter,10:59.0,Rasheed Wallace,POR,True,2-pointer,17,4-2,'POR',leads
589,589,589,200112060POR,23.0,7.8,1st quarter,10:32.0,Dale Davis,POR,False,2-pointer,3,4-2,'POR',leads
590,590,590,200112060POR,30.8,10.9,1st quarter,10:01.0,Rasheed Wallace,POR,True,2-pointer,9,6-2,'POR',leads
591,591,591,200112060POR,42.2,6.7,1st quarter,9:14.0,Rasheed Wallace,POR,False,2-pointer,18,6-5,'POR',leads
592,592,592,200112060POR,24.5,8.8,1st quarter,8:47.0,Scottie Pippen,POR,True,2-pointer,4,8-7,'POR',leads
593,593,593,200112060POR,24.0,5.0,1st quarter,8:31.0,Bonzi Wells,POR,True,2-pointer,0,10-7,'POR',leads
594,594,594,200112060POR,28.7,21.7,1st quarter,7:52.0,Bonzi Wells,POR,False,2-pointer,17,10-7,'POR',leads
595,595,595,200112060POR,24.0,5.0,1st quarter,7:47.0,Scottie Pippen,POR,False,2-pointer,0,10-7,'POR',leads
596,596,596,200112060POR,25.8,14.1,1st quarter,7:01.0,Dale Davis,POR,False,2-pointer,9,10-10,'POR',tied
597,597,597,200112060POR,23.0,18.9,1st quarter,6:28.0,Dale Davis,POR,True,2-pointer,14,12-12,'POR',tied
598,598,598,200112060POR,15.2,19.6,1st quarter,5:59.0,Rasheed Wallace,POR,False,2-pointer,17,12-14,'POR',trails
599,599,599,200112060POR,24.0,5.0,1st quarter,5:42.0,Bonzi Wells,POR,True,2-pointer,0,14-14,'POR',tied
600,600,600,200112060POR,36.5,5.2,1st quarter,5:16.0,Dale Davis,POR,False,2-pointer,13,14-16,'POR',trails
601,601,601,200112060POR,0.2,3.7,1st quarter,5:03.0,Scottie Pippen,POR,False,3-pointer,24,14-16,'POR',trails
602,602,602,200112060POR,14.6,14.1,1st quarter,4:59.0,Dale Davis,POR,True,2-pointer,13,16-16,'POR',tied
603,603,603,200112060POR,46.4,4.8,1st quarter,4:26.0,Rasheed Wallace,POR,False,3-pointer,22,16-18,'POR',trails
604,604,604,200112060POR,24.0,5.0,1st quarter,4:02.0,Bonzi Wells,POR,True,2-pointer,0,18-18,'POR',tied
605,605,605,200112060POR,14.2,20.4,1st quarter,3:26.0,Rasheed Wallace,POR,True,2-pointer,18,20-18,'POR',leads
606,606,606,200112060POR,24.0,5.0,1st quarter,2:08.0,Bonzi Wells,POR,True,2-pointer,0,23-20,'POR',leads
607,607,607,200112060POR,28.9,25.3,1st quarter,1:21.0,Damon Stoudamire,POR,False,2-pointer,21,23-22,'POR',leads
608,608,608,200112060POR,31.3,22.5,1st quarter,0:06.4,Damon Stoudamire,POR,False,2-pointer,19,25-24,'POR',leads
609,609,609,200112060POR,4.9,11.8,2nd quarter,11:40.0,Bonzi Wells,POR,True,2-pointer,20,27-26,'POR',leads
610,610,610,200112060POR,24.0,5.0,2nd quarter,11:10.0,Bonzi Wells,POR,False,2-pointer,0,27-26,'POR',leads
611,611,611,200112060POR,24.0,5.0,2nd quarter,11:07.0,Ruben Patterson,POR,False,2-pointer,0,27-26,'POR',leads
612,612,612,200112060POR,24.0,5.0,2nd quarter,11:05.0,Shawn Kemp,POR,False,2-pointer,0,27-26,'POR',leads
613,613,613,200112060POR,7.0,6.9,2nd quarter,10:19.0,Zach Randolph,POR,False,2-pointer,17,27-28,'POR',trails
614,614,614,200112060POR,36.3,21.0,2nd quarter,9:50.0,Scottie Pippen,POR,True,2-pointer,20,29-28,'POR',leads
615,615,615,200112060POR,24.0,5.0,2nd quarter,7:41.0,Ruben Patterson,POR,False,2-pointer,0,35-32,'POR',leads
616,616,616,200112060POR,29.8,5.0,2nd quarter,6:39.0,Zach Randolph,POR,False,2-pointer,6,35-32,'POR',leads
617,617,617,200112060POR,15.6,20.4,2nd quarter,6:26.0,Steve Kerr,POR,False,2-pointer,18,35-32,'POR',leads
618,618,618,200112060POR,24.0,5.0,2nd quarter,5:46.0,Ruben Patterson,POR,False,2-pointer,0,35-32,'POR',leads
619,619,619,200112060POR,36.3,5.0,2nd quarter,5:09.0,Bonzi Wells,POR,False,2-pointer,12,35-32,'POR',leads
620,620,620,200112060POR,36.9,26.3,2nd quarter,3:38.0,Scottie Pippen,POR,False,3-pointer,25,36-36,'POR',tied
621,621,621,200112060POR,14.8,19.8,2nd quarter,2:56.0,Scottie Pippen,POR,False,2-pointer,17,36-39,'POR',trails
622,622,622,200112060POR,16.3,18.7,2nd quarter,2:47.0,Rasheed Wallace,POR,False,2-pointer,16,36-39,'POR',trails
623,623,623,200112060POR,24.7,9.7,2nd quarter,0:40.5,Dale Davis,POR,True,2-pointer,5,38-41,'POR',trails
624,624,624,200112060POR,32.7,28.0,2nd quarter,0:00.4,Bonzi Wells,POR,False,3-pointer,25,38-45,'POR',trails
625,625,625,200112060POR,9.7,5.2,3rd quarter,11:39.0,Rasheed Wallace,POR,True,2-pointer,14,40-45,'POR',trails
626,626,626,200112060POR,41.2,9.0,3rd quarter,11:13.0,Damon Stoudamire,POR,False,2-pointer,18,40-45,'POR',trails
627,627,627,200112060POR,17.1,3.9,3rd quarter,10:27.0,Rasheed Wallace,POR,False,2-pointer,7,40-47,'POR',trails
628,628,628,200112060POR,13.3,5.2,3rd quarter,9:53.0,Bonzi Wells,POR,True,2-pointer,11,42-47,'POR',trails
629,629,629,200112060POR,18.6,11.1,3rd quarter,8:48.0,Rasheed Wallace,POR,False,2-pointer,8,42-51,'POR',trails
630,630,630,200112060POR,7.0,16.0,3rd quarter,8:21.0,Rasheed Wallace,POR,True,2-pointer,20,44-51,'POR',trails
631,631,631,200112060POR,32.7,19.4,3rd quarter,7:22.0,Dale Davis,POR,True,2-pointer,17,46-53,'POR',trails
632,632,632,200112060POR,24.0,5.0,3rd quarter,5:58.0,Scottie Pippen,POR,True,2-pointer,0,48-60,'POR',trails
633,633,633,200112060POR,26.2,10.7,3rd quarter,5:25.0,Scottie Pippen,POR,False,2-pointer,6,48-60,'POR',trails
634,634,634,200112060POR,23.0,7.3,3rd quarter,5:22.0,Rasheed Wallace,POR,True,2-pointer,3,50-60,'POR',trails
635,635,635,200112060POR,24.0,5.0,3rd quarter,4:28.0,Scottie Pippen,POR,False,2-pointer,0,52-64,'POR',trails
636,636,636,200112060POR,41.2,9.0,3rd quarter,3:36.0,Bonzi Wells,POR,False,2-pointer,18,52-66,'POR',trails
637,637,637,200112060POR,24.0,5.0,3rd quarter,2:56.0,Rick Brunson,POR,False,2-pointer,0,54-68,'POR',trails
638,638,638,200112060POR,24.0,5.0,3rd quarter,2:53.0,Rick Brunson,POR,False,2-pointer,0,54-68,'POR',trails
639,639,639,200112060POR,24.0,5.0,3rd quarter,2:16.0,Rasheed Wallace,POR,False,2-pointer,0,54-68,'POR',trails
640,640,640,200112060POR,24.0,5.0,3rd quarter,1:19.0,Shawn Kemp,POR,True,2-pointer,0,56-71,'POR',trails
641,641,641,200112060POR,4.9,13.5,3rd quarter,0:11.3,Scottie Pippen,POR,False,2-pointer,21,56-73,'POR',trails
642,642,642,200112060POR,12.7,24.2,4th quarter,11:23.0,Steve Kerr,POR,True,2-pointer,22,58-75,'POR',trails
643,643,643,200112060POR,34.2,16.0,4th quarter,11:00.0,Rasheed Wallace,POR,True,2-pointer,15,60-75,'POR',trails
644,644,644,200112060POR,14.2,26.9,4th quarter,10:30.0,Steve Kerr,POR,False,3-pointer,24,60-75,'POR',trails
645,645,645,200112060POR,24.0,5.0,4th quarter,9:23.0,Zach Randolph,POR,True,2-pointer,0,62-77,'POR',trails
646,646,646,200112060POR,14.2,25.7,4th quarter,8:57.0,Rasheed Wallace,POR,False,2-pointer,23,62-77,'POR',trails
647,647,647,200112060POR,24.0,5.0,4th quarter,8:55.0,Ruben Patterson,POR,True,2-pointer,0,64-77,'POR',trails
648,648,648,200112060POR,28.9,29.7,4th quarter,7:45.0,Damon Stoudamire,POR,True,3-pointer,25,67-79,'POR',trails
649,649,649,200112060POR,29.8,5.0,4th quarter,7:15.0,Rasheed Wallace,POR,False,2-pointer,6,67-81,'POR',trails
650,650,650,200112060POR,24.0,5.0,4th quarter,7:13.0,Zach Randolph,POR,True,2-pointer,0,69-81,'POR',trails
651,651,651,200112060POR,25.4,14.5,4th quarter,6:32.0,Zach Randolph,POR,False,2-pointer,10,69-81,'POR',trails
652,652,652,200112060POR,24.0,5.0,4th quarter,4:17.0,Zach Randolph,POR,True,2-pointer,0,77-83,'POR',trails
653,653,653,200112060POR,44.1,6.9,4th quarter,3:31.0,Rasheed Wallace,POR,False,2-pointer,20,77-85,'POR',trails
654,654,654,200112060POR,36.9,25.7,4th quarter,2:55.0,Rasheed Wallace,POR,False,3-pointer,24,77-87,'POR',trails
655,655,655,200112060POR,22.8,10.7,4th quarter,2:48.0,Zach Randolph,POR,True,2-pointer,6,79-87,'POR',trails
656,656,656,200112060POR,28.7,17.0,4th quarter,2:14.0,Damon Stoudamire,POR,False,2-pointer,13,79-88,'POR',trails
657,657,657,200112060POR,42.0,21.5,4th quarter,1:49.0,Steve Kerr,POR,True,3-pointer,24,82-88,'POR',trails
658,658,658,200112060POR,24.0,5.0,4th quarter,1:15.0,Zach Randolph,POR,False,2-pointer,0,82-88,'POR',trails
659,659,659,200112060POR,26.2,7.6,4th quarter,1:07.0,Ruben Patterson,POR,True,2-pointer,3,84-89,'POR',trails
660,660,660,200112060POR,24.0,5.0,4th quarter,0:35.7,Zach Randolph,POR,True,2-pointer,0,86-92,'POR',trails
661,661,661,200112060POR,19.2,30.1,4th quarter,0:20.0,Rasheed Wallace,POR,False,3-pointer,26,86-94,'POR',trails
662,662,662,200112060POR,39.9,25.3,4th quarter,0:10.3,Ruben Patterson,POR,True,3-pointer,26,89-94,'POR',trails
