,Unnamed: 0.1,Unnamed: 0,match_id,shotX,shotY,quarter,time_remaining,player,team,made,shot_type,distance,score,opp,status
0,0,0,200105060LAL,31.5,7.8,1st quarter,11:00.0,Vlade Divac,SAC,False,2-pointer,8,1-4,'LAL',trails
1,1,1,200105060LAL,42.2,21.9,1st quarter,10:44.0,Jason Williams,SAC,True,3-pointer,25,4-4,'LAL',tied
2,2,2,200105060LAL,14.6,9.7,1st quarter,9:59.0,Chris Webber,SAC,False,2-pointer,11,4-6,'LAL',trails
3,3,3,200105060LAL,9.5,4.8,1st quarter,9:04.0,Vlade Divac,SAC,False,2-pointer,15,6-7,'LAL',trails
4,4,4,200105060LAL,22.4,10.7,1st quarter,8:45.0,Chris Webber,SAC,True,2-pointer,6,8-9,'LAL',trails
5,5,5,200105060LAL,39.5,3.5,1st quarter,7:30.0,Peja Stojaković,SAC,True,2-pointer,16,13-12,'LAL',leads
6,6,6,200105060LAL,24.0,5.0,1st quarter,6:19.0,Chris Webber,SAC,True,2-pointer,0,15-14,'LAL',leads
7,7,7,200105060LAL,19.4,7.3,1st quarter,5:46.0,Vlade Divac,SAC,True,2-pointer,5,17-16,'LAL',leads
8,8,8,200105060LAL,33.6,29.7,1st quarter,4:18.0,Jason Williams,SAC,True,3-pointer,27,23-23,'LAL',tied
9,9,9,200105060LAL,35.0,19.6,1st quarter,3:33.0,Peja Stojaković,SAC,False,2-pointer,18,23-23,'LAL',tied
10,10,10,200105060LAL,34.2,27.6,1st quarter,2:51.0,Peja Stojaković,SAC,True,3-pointer,25,26-23,'LAL',leads
11,11,11,200105060LAL,24.0,5.0,1st quarter,2:10.0,Peja Stojaković,SAC,False,2-pointer,0,26-23,'LAL',leads
12,12,12,200105060LAL,12.5,8.4,1st quarter,2:01.0,Vlade Divac,SAC,False,2-pointer,12,26-23,'LAL',leads
13,13,13,200105060LAL,17.3,10.7,1st quarter,0:42.3,Hedo Türkoğlu,SAC,True,2-pointer,9,28-23,'LAL',leads
14,14,14,200105060LAL,24.5,9.7,1st quarter,0:19.0,Doug Christie,SAC,False,2-pointer,5,28-26,'LAL',leads
15,15,15,200105060LAL,24.0,5.0,1st quarter,0:15.8,Scot Pollard,SAC,False,2-pointer,0,28-26,'LAL',leads
16,16,16,200105060LAL,24.0,5.0,1st quarter,0:13.6,Scot Pollard,SAC,False,2-pointer,0,28-26,'LAL',leads
17,17,17,200105060LAL,23.9,24.2,1st quarter,0:02.8,Jason Williams,SAC,True,2-pointer,19,30-26,'LAL',leads
18,18,18,200105060LAL,38.6,15.1,2nd quarter,11:40.0,Peja Stojaković,SAC,False,2-pointer,18,30-28,'LAL',leads
19,19,19,200105060LAL,33.6,21.9,2nd quarter,10:57.0,Hedo Türkoğlu,SAC,True,2-pointer,19,32-30,'LAL',leads
20,20,20,200105060LAL,27.2,14.1,2nd quarter,10:28.0,Peja Stojaković,SAC,False,2-pointer,10,32-30,'LAL',leads
21,21,21,200105060LAL,27.2,7.3,2nd quarter,10:24.0,Scot Pollard,SAC,False,2-pointer,4,32-30,'LAL',leads
22,22,22,200105060LAL,24.0,5.0,2nd quarter,10:22.0,Scot Pollard,SAC,True,2-pointer,0,34-30,'LAL',leads
23,23,23,200105060LAL,36.5,11.8,2nd quarter,9:50.0,Hedo Türkoğlu,SAC,False,2-pointer,14,34-31,'LAL',leads
24,24,24,200105060LAL,24.0,5.0,2nd quarter,9:47.0,Vlade Divac,SAC,False,2-pointer,0,34-31,'LAL',leads
25,25,25,200105060LAL,37.2,15.1,2nd quarter,9:24.0,Chris Webber,SAC,True,2-pointer,17,36-31,'LAL',leads
26,26,26,200105060LAL,19.4,10.1,2nd quarter,8:09.0,Jon Barry,SAC,False,2-pointer,7,36-34,'LAL',leads
27,27,27,200105060LAL,38.0,12.8,2nd quarter,7:35.0,Bobby Jackson,SAC,True,2-pointer,16,38-37,'LAL',leads
28,28,28,200105060LAL,17.3,8.4,2nd quarter,7:00.0,Chris Webber,SAC,False,2-pointer,8,38-38,'LAL',tied
29,29,29,200105060LAL,47.3,5.2,2nd quarter,6:36.0,Jon Barry,SAC,False,3-pointer,23,38-38,'LAL',tied
30,30,30,200105060LAL,40.7,4.8,2nd quarter,6:31.0,Hedo Türkoğlu,SAC,True,2-pointer,17,40-38,'LAL',leads
31,31,31,200105060LAL,30.0,22.5,2nd quarter,6:00.0,Bobby Jackson,SAC,False,2-pointer,19,40-40,'LAL',tied
32,32,32,200105060LAL,19.4,11.1,2nd quarter,5:26.0,Chris Webber,SAC,True,2-pointer,8,42-40,'LAL',leads
33,33,33,200105060LAL,30.0,29.7,2nd quarter,4:58.0,Peja Stojaković,SAC,False,3-pointer,25,42-40,'LAL',leads
34,34,34,200105060LAL,24.0,5.0,2nd quarter,4:39.0,Chris Webber,SAC,True,2-pointer,0,44-42,'LAL',leads
35,35,35,200105060LAL,24.0,5.0,2nd quarter,4:20.0,Chris Webber,SAC,True,2-pointer,0,46-44,'LAL',leads
36,36,36,200105060LAL,24.0,5.0,2nd quarter,3:16.0,Peja Stojaković,SAC,True,2-pointer,0,48-46,'LAL',leads
37,37,37,200105060LAL,5.9,3.1,2nd quarter,2:45.0,Peja Stojaković,SAC,False,2-pointer,18,48-48,'LAL',tied
38,38,38,200105060LAL,24.0,5.0,2nd quarter,2:42.0,Scot Pollard,SAC,True,2-pointer,0,50-48,'LAL',leads
39,39,39,200105060LAL,36.5,6.3,2nd quarter,1:42.0,Hedo Türkoğlu,SAC,True,2-pointer,13,52-49,'LAL',leads
40,40,40,200105060LAL,27.2,8.4,2nd quarter,1:18.0,Doug Christie,SAC,False,2-pointer,5,52-49,'LAL',leads
41,41,41,200105060LAL,24.0,5.0,2nd quarter,1:01.0,Hedo Türkoğlu,SAC,True,2-pointer,0,54-51,'LAL',leads
42,42,42,200105060LAL,10.4,18.5,2nd quarter,0:02.1,Jason Williams,SAC,False,2-pointer,19,54-53,'LAL',leads
43,43,43,200105060LAL,24.0,5.0,3rd quarter,11:27.0,Vlade Divac,SAC,False,2-pointer,0,54-55,'LAL',trails
44,44,44,200105060LAL,11.0,10.1,3rd quarter,10:55.0,Chris Webber,SAC,False,2-pointer,14,54-57,'LAL',trails
45,45,45,200105060LAL,24.0,5.0,3rd quarter,10:34.0,Vlade Divac,SAC,False,2-pointer,0,54-57,'LAL',trails
46,46,46,200105060LAL,36.5,26.9,3rd quarter,10:15.0,Doug Christie,SAC,False,3-pointer,25,54-57,'LAL',trails
47,47,47,200105060LAL,46.4,3.5,3rd quarter,9:52.0,Jason Williams,SAC,True,2-pointer,22,56-57,'LAL',trails
48,48,48,200105060LAL,24.0,5.0,3rd quarter,9:24.0,Chris Webber,SAC,False,2-pointer,0,56-59,'LAL',trails
49,49,49,200105060LAL,37.2,27.6,3rd quarter,9:08.0,Jason Williams,SAC,False,3-pointer,26,56-59,'LAL',trails
50,50,50,200105060LAL,24.0,5.0,3rd quarter,8:45.0,Doug Christie,SAC,True,2-pointer,0,58-59,'LAL',trails
51,51,51,200105060LAL,8.9,6.3,3rd quarter,8:16.0,Peja Stojaković,SAC,False,2-pointer,15,59-59,'LAL',tied
52,52,52,200105060LAL,28.7,21.9,3rd quarter,8:06.0,Chris Webber,SAC,False,2-pointer,18,59-59,'LAL',tied
53,53,53,200105060LAL,24.0,5.0,3rd quarter,7:53.0,Jason Williams,SAC,True,2-pointer,0,61-61,'LAL',tied
54,54,54,200105060LAL,24.0,5.0,3rd quarter,7:21.0,Peja Stojaković,SAC,False,2-pointer,0,61-63,'LAL',trails
55,55,55,200105060LAL,24.0,5.0,3rd quarter,6:50.0,Vlade Divac,SAC,False,2-pointer,0,61-65,'LAL',trails
56,56,56,200105060LAL,17.3,8.4,3rd quarter,6:12.0,Chris Webber,SAC,False,2-pointer,8,61-67,'LAL',trails
57,57,57,200105060LAL,24.0,5.0,3rd quarter,6:10.0,Vlade Divac,SAC,True,2-pointer,0,63-67,'LAL',trails
58,58,58,200105060LAL,24.0,5.0,3rd quarter,5:42.0,Vlade Divac,SAC,True,2-pointer,0,65-67,'LAL',trails
59,59,59,200105060LAL,35.7,19.6,3rd quarter,5:21.0,Vlade Divac,SAC,False,2-pointer,19,66-67,'LAL',trails
60,60,60,200105060LAL,30.8,20.6,3rd quarter,4:37.0,Chris Webber,SAC,True,2-pointer,17,68-69,'LAL',trails
61,61,61,200105060LAL,13.9,30.7,3rd quarter,3:31.0,Peja Stojaković,SAC,True,3-pointer,28,71-71,'LAL',tied
62,62,62,200105060LAL,24.0,5.0,3rd quarter,3:01.0,Chris Webber,SAC,True,2-pointer,0,73-71,'LAL',leads
63,63,63,200105060LAL,24.0,5.0,3rd quarter,1:54.0,Scot Pollard,SAC,True,2-pointer,0,75-76,'LAL',trails
64,64,64,200105060LAL,41.6,4.8,3rd quarter,1:18.0,Doug Christie,SAC,False,2-pointer,18,76-78,'LAL',trails
65,65,65,200105060LAL,29.4,13.5,3rd quarter,0:19.9,Peja Stojaković,SAC,False,2-pointer,10,78-82,'LAL',trails
66,66,66,200105060LAL,23.0,12.4,4th quarter,10:52.0,Chris Webber,SAC,False,2-pointer,7,80-88,'LAL',trails
67,67,67,200105060LAL,23.9,11.8,4th quarter,10:20.0,Chris Webber,SAC,True,2-pointer,7,82-90,'LAL',trails
68,68,68,200105060LAL,22.4,17.5,4th quarter,9:40.0,Chris Webber,SAC,False,2-pointer,13,82-92,'LAL',trails
69,69,69,200105060LAL,24.0,5.0,4th quarter,8:48.0,Chris Webber,SAC,True,2-pointer,0,84-92,'LAL',trails
70,70,70,200105060LAL,24.0,5.0,4th quarter,8:17.0,Hedo Türkoğlu,SAC,False,2-pointer,0,84-92,'LAL',trails
71,71,71,200105060LAL,24.0,5.0,4th quarter,8:14.0,Peja Stojaković,SAC,True,2-pointer,0,86-92,'LAL',trails
72,72,72,200105060LAL,22.4,11.1,4th quarter,7:43.0,Bobby Jackson,SAC,True,2-pointer,6,88-94,'LAL',trails
73,73,73,200105060LAL,23.9,23.6,4th quarter,7:04.0,Chris Webber,SAC,False,2-pointer,19,88-95,'LAL',trails
74,74,74,200105060LAL,24.0,5.0,4th quarter,6:37.0,Scot Pollard,SAC,True,2-pointer,0,90-95,'LAL',trails
75,75,75,200105060LAL,24.0,5.0,4th quarter,5:57.0,Chris Webber,SAC,True,2-pointer,0,92-97,'LAL',trails
76,76,76,200105060LAL,0.2,7.8,4th quarter,5:14.0,Bobby Jackson,SAC,False,3-pointer,24,93-97,'LAL',trails
77,77,77,200105060LAL,10.4,5.2,4th quarter,4:51.0,Peja Stojaković,SAC,False,2-pointer,14,93-97,'LAL',trails
78,78,78,200105060LAL,32.9,9.7,4th quarter,4:07.0,Chris Webber,SAC,False,2-pointer,10,93-97,'LAL',trails
79,79,79,200105060LAL,38.0,5.2,4th quarter,3:28.0,Scot Pollard,SAC,False,2-pointer,14,93-99,'LAL',trails
80,80,80,200105060LAL,34.2,29.1,4th quarter,0:50.4,Peja Stojaković,SAC,False,3-pointer,26,99-103,'LAL',trails
81,81,81,200105060LAL,38.0,9.7,4th quarter,0:24.4,Chris Webber,SAC,True,2-pointer,15,101-103,'LAL',trails
82,82,82,200105060LAL,24.0,5.0,4th quarter,0:17.2,Jason Williams,SAC,False,2-pointer,0,101-104,'LAL',trails
83,83,83,200105060LAL,24.0,5.0,4th quarter,0:04.4,Doug Christie,SAC,True,2-pointer,0,103-106,'LAL',trails
84,84,84,200105060LAL,24.0,5.0,4th quarter,0:00.2,Peja Stojaković,SAC,True,2-pointer,0,105-108,'LAL',trails
85,85,85,200105060LAL,24.0,5.0,1st quarter,11:46.0,Rick Fox,LAL,True,2-pointer,0,2-0,'LAL',leads
86,86,86,200105060LAL,14.6,4.2,1st quarter,11:13.0,Shaquille O'Neal,LAL,True,2-pointer,9,4-1,'LAL',leads
87,87,87,200105060LAL,25.8,10.1,1st quarter,10:22.0,Shaquille O'Neal,LAL,True,2-pointer,5,6-4,'LAL',leads
88,88,88,200105060LAL,7.4,8.4,1st quarter,9:47.0,Derek Fisher,LAL,False,2-pointer,17,6-4,'LAL',leads
89,89,89,200105060LAL,24.0,5.0,1st quarter,8:57.0,Shaquille O'Neal,LAL,True,2-pointer,0,9-6,'LAL',leads
90,90,90,200105060LAL,22.4,10.7,1st quarter,8:31.0,Horace Grant,LAL,False,2-pointer,6,9-9,'LAL',tied
91,91,91,200105060LAL,46.4,6.3,1st quarter,8:06.0,Derek Fisher,LAL,True,3-pointer,22,12-9,'LAL',leads
92,92,92,200105060LAL,22.4,29.7,1st quarter,7:39.0,Kobe Bryant,LAL,False,3-pointer,25,12-11,'LAL',leads
93,93,93,200105060LAL,27.2,24.6,1st quarter,7:06.0,Kobe Bryant,LAL,True,2-pointer,20,14-13,'LAL',leads
94,94,94,200105060LAL,30.8,6.3,1st quarter,6:29.0,Kobe Bryant,LAL,False,2-pointer,7,14-13,'LAL',leads
95,95,95,200105060LAL,19.4,22.5,1st quarter,6:05.0,Robert Horry,LAL,True,2-pointer,18,16-15,'LAL',leads
96,96,96,200105060LAL,36.5,26.3,1st quarter,5:27.0,Robert Horry,LAL,True,3-pointer,25,19-17,'LAL',leads
97,97,97,200105060LAL,34.2,20.2,1st quarter,5:02.0,Derek Fisher,LAL,True,2-pointer,18,21-18,'LAL',leads
98,98,98,200105060LAL,24.0,5.0,1st quarter,4:47.0,Robert Horry,LAL,True,2-pointer,0,23-18,'LAL',leads
99,99,99,200105060LAL,40.7,5.2,1st quarter,4:26.0,Kobe Bryant,LAL,False,2-pointer,17,23-20,'LAL',leads
100,100,100,200105060LAL,47.3,4.8,1st quarter,3:48.0,Rick Fox,LAL,False,3-pointer,23,23-23,'LAL',tied
101,101,101,200105060LAL,24.0,5.0,1st quarter,2:35.0,Shaquille O'Neal,LAL,False,2-pointer,0,23-26,'LAL',trails
102,102,102,200105060LAL,24.0,5.0,1st quarter,1:52.0,Shaquille O'Neal,LAL,False,2-pointer,0,23-26,'LAL',trails
103,103,103,200105060LAL,6.6,22.9,1st quarter,1:02.0,Tyronn Lue,LAL,False,3-pointer,25,23-26,'LAL',trails
104,104,104,200105060LAL,24.0,5.0,1st quarter,0:52.7,Kobe Bryant,LAL,False,2-pointer,0,23-26,'LAL',trails
105,105,105,200105060LAL,20.9,7.8,1st quarter,0:33.1,Kobe Bryant,LAL,False,2-pointer,4,23-28,'LAL',trails
106,106,106,200105060LAL,24.0,5.0,1st quarter,0:32.2,Shaquille O'Neal,LAL,True,2-pointer,0,25-28,'LAL',trails
107,107,107,200105060LAL,24.0,5.0,1st quarter,0:00.2,Derek Fisher,LAL,True,2-pointer,0,28-30,'LAL',trails
108,108,108,200105060LAL,24.0,5.0,2nd quarter,11:47.0,Rick Fox,LAL,False,2-pointer,0,28-30,'LAL',trails
109,109,109,200105060LAL,24.0,5.0,2nd quarter,11:31.0,Shaquille O'Neal,LAL,False,2-pointer,0,28-30,'LAL',trails
110,110,110,200105060LAL,24.0,5.0,2nd quarter,11:14.0,Shaquille O'Neal,LAL,True,2-pointer,0,30-30,'LAL',tied
111,111,111,200105060LAL,26.6,9.0,2nd quarter,10:36.0,Shaquille O'Neal,LAL,False,2-pointer,5,30-32,'LAL',trails
112,112,112,200105060LAL,8.9,15.1,2nd quarter,9:39.0,Kobe Bryant,LAL,False,2-pointer,18,31-34,'LAL',trails
113,113,113,200105060LAL,24.0,5.0,2nd quarter,9:11.0,Rick Fox,LAL,True,2-pointer,0,33-36,'LAL',trails
114,114,114,200105060LAL,23.9,12.4,2nd quarter,8:33.0,Shaquille O'Neal,LAL,False,2-pointer,7,33-36,'LAL',trails
115,115,115,200105060LAL,27.9,30.7,2nd quarter,7:49.0,Brian Shaw,LAL,True,3-pointer,26,37-36,'LAL',leads
116,116,116,200105060LAL,29.4,8.4,2nd quarter,7:22.0,Brian Shaw,LAL,False,2-pointer,6,37-38,'LAL',trails
117,117,117,200105060LAL,13.1,5.2,2nd quarter,6:43.0,Shaquille O'Neal,LAL,False,2-pointer,11,38-38,'LAL',tied
118,118,118,200105060LAL,24.0,5.0,2nd quarter,6:18.0,Brian Shaw,LAL,True,2-pointer,0,40-40,'LAL',tied
119,119,119,200105060LAL,24.0,5.0,2nd quarter,5:07.0,Kobe Bryant,LAL,False,2-pointer,0,40-42,'LAL',trails
120,120,120,200105060LAL,24.0,5.0,2nd quarter,4:55.0,Kobe Bryant,LAL,True,2-pointer,0,42-42,'LAL',tied
121,121,121,200105060LAL,24.0,5.0,2nd quarter,4:31.0,Horace Grant,LAL,False,2-pointer,0,42-44,'LAL',trails
122,122,122,200105060LAL,24.0,5.0,2nd quarter,4:28.0,Shaquille O'Neal,LAL,True,2-pointer,0,44-44,'LAL',tied
123,123,123,200105060LAL,23.9,12.8,2nd quarter,4:01.0,Shaquille O'Neal,LAL,False,2-pointer,8,44-46,'LAL',trails
124,124,124,200105060LAL,24.0,5.0,2nd quarter,3:33.0,Horace Grant,LAL,True,2-pointer,0,46-46,'LAL',tied
125,125,125,200105060LAL,11.0,3.1,2nd quarter,3:02.0,Kobe Bryant,LAL,True,2-pointer,13,48-48,'LAL',tied
126,126,126,200105060LAL,35.7,10.7,2nd quarter,2:25.0,Kobe Bryant,LAL,False,2-pointer,13,48-50,'LAL',trails
127,127,127,200105060LAL,24.0,5.0,2nd quarter,0:46.3,Shaquille O'Neal,LAL,True,2-pointer,0,53-54,'LAL',trails
128,128,128,200105060LAL,45.8,15.8,2nd quarter,0:19.2,Derek Fisher,LAL,False,3-pointer,24,53-54,'LAL',trails
129,129,129,200105060LAL,23.9,12.4,3rd quarter,11:48.0,Kobe Bryant,LAL,True,2-pointer,7,55-54,'LAL',leads
130,130,130,200105060LAL,31.5,21.9,3rd quarter,11:15.0,Kobe Bryant,LAL,True,2-pointer,18,57-54,'LAL',leads
131,131,131,200105060LAL,34.2,14.7,3rd quarter,10:41.0,Kobe Bryant,LAL,False,2-pointer,14,57-54,'LAL',leads
132,132,132,200105060LAL,24.0,5.0,3rd quarter,10:01.0,Shaquille O'Neal,LAL,False,2-pointer,0,57-54,'LAL',leads
133,133,133,200105060LAL,25.1,11.1,3rd quarter,9:39.0,Shaquille O'Neal,LAL,True,2-pointer,6,59-56,'LAL',leads
134,134,134,200105060LAL,24.0,5.0,3rd quarter,9:14.0,Horace Grant,LAL,False,2-pointer,0,59-56,'LAL',leads
135,135,135,200105060LAL,24.0,5.0,3rd quarter,8:19.0,Shaquille O'Neal,LAL,False,2-pointer,0,59-59,'LAL',tied
136,136,136,200105060LAL,24.0,5.0,3rd quarter,8:01.0,Kobe Bryant,LAL,True,2-pointer,0,61-59,'LAL',leads
137,137,137,200105060LAL,24.0,5.0,3rd quarter,7:36.0,Kobe Bryant,LAL,True,2-pointer,0,63-61,'LAL',leads
138,138,138,200105060LAL,24.0,5.0,3rd quarter,7:07.0,Horace Grant,LAL,True,2-pointer,0,65-61,'LAL',leads
139,139,139,200105060LAL,34.2,7.8,3rd quarter,6:35.0,Shaquille O'Neal,LAL,True,2-pointer,11,67-61,'LAL',leads
140,140,140,200105060LAL,35.7,18.5,3rd quarter,5:30.0,Kobe Bryant,LAL,False,2-pointer,18,67-66,'LAL',leads
141,141,141,200105060LAL,24.0,5.0,3rd quarter,5:09.0,Shaquille O'Neal,LAL,False,2-pointer,0,67-66,'LAL',leads
142,142,142,200105060LAL,24.0,5.0,3rd quarter,4:53.0,Shaquille O'Neal,LAL,True,2-pointer,0,69-66,'LAL',leads
143,143,143,200105060LAL,22.4,25.3,3rd quarter,4:16.0,Kobe Bryant,LAL,False,2-pointer,20,69-68,'LAL',leads
144,144,144,200105060LAL,24.0,5.0,3rd quarter,3:48.0,Kobe Bryant,LAL,True,2-pointer,0,71-68,'LAL',leads
145,145,145,200105060LAL,47.3,5.7,3rd quarter,3:08.0,Tyronn Lue,LAL,False,3-pointer,23,71-71,'LAL',tied
146,146,146,200105060LAL,23.0,30.3,3rd quarter,2:41.0,Tyronn Lue,LAL,False,3-pointer,25,71-73,'LAL',trails
147,147,147,200105060LAL,20.9,9.7,3rd quarter,2:38.0,Kobe Bryant,LAL,True,2-pointer,6,73-73,'LAL',tied
148,148,148,200105060LAL,24.0,5.0,3rd quarter,2:11.0,Shaquille O'Neal,LAL,False,2-pointer,0,74-73,'LAL',leads
149,149,149,200105060LAL,24.0,5.0,3rd quarter,2:09.0,Shaquille O'Neal,LAL,True,2-pointer,0,76-73,'LAL',leads
150,150,150,200105060LAL,24.0,5.0,3rd quarter,1:38.0,Shaquille O'Neal,LAL,True,2-pointer,0,78-76,'LAL',leads
151,151,151,200105060LAL,38.6,3.5,3rd quarter,0:30.8,Kobe Bryant,LAL,True,2-pointer,15,82-78,'LAL',leads
152,152,152,200105060LAL,18.8,8.4,4th quarter,11:34.0,Shaquille O'Neal,LAL,True,2-pointer,6,86-80,'LAL',leads
153,153,153,200105060LAL,28.7,15.1,4th quarter,11:07.0,Robert Horry,LAL,True,2-pointer,11,88-80,'LAL',leads
154,154,154,200105060LAL,30.8,5.7,4th quarter,10:40.0,Shaquille O'Neal,LAL,True,2-pointer,7,90-80,'LAL',leads
155,155,155,200105060LAL,23.9,10.7,4th quarter,10:01.0,Shaquille O'Neal,LAL,True,2-pointer,6,92-82,'LAL',leads
156,156,156,200105060LAL,11.8,19.6,4th quarter,9:08.0,Robert Horry,LAL,False,2-pointer,19,92-82,'LAL',leads
157,157,157,200105060LAL,26.6,9.0,4th quarter,8:23.0,Shaquille O'Neal,LAL,False,2-pointer,5,92-84,'LAL',leads
158,158,158,200105060LAL,24.0,5.0,4th quarter,8:00.0,Shaquille O'Neal,LAL,True,2-pointer,0,94-86,'LAL',leads
159,159,159,200105060LAL,24.0,5.0,4th quarter,7:28.0,Rick Fox,LAL,False,2-pointer,0,94-88,'LAL',leads
160,160,160,200105060LAL,24.5,9.7,4th quarter,6:20.0,Shaquille O'Neal,LAL,False,2-pointer,5,95-90,'LAL',leads
161,161,161,200105060LAL,24.0,5.0,4th quarter,6:13.0,Derek Fisher,LAL,False,2-pointer,0,95-90,'LAL',leads
162,162,162,200105060LAL,20.3,10.7,4th quarter,6:10.0,Derek Fisher,LAL,True,2-pointer,7,97-90,'LAL',leads
163,163,163,200105060LAL,23.9,10.1,4th quarter,5:37.0,Shaquille O'Neal,LAL,False,2-pointer,5,97-93,'LAL',leads
164,164,164,200105060LAL,36.5,17.5,4th quarter,4:26.0,Kobe Bryant,LAL,False,2-pointer,18,97-93,'LAL',leads
165,165,165,200105060LAL,9.5,4.2,4th quarter,3:48.0,Horace Grant,LAL,True,2-pointer,15,99-93,'LAL',leads
166,166,166,200105060LAL,35.0,28.0,4th quarter,3:14.0,Rick Fox,LAL,False,3-pointer,26,99-93,'LAL',leads
167,167,167,200105060LAL,35.0,28.6,4th quarter,3:09.0,Rick Fox,LAL,False,3-pointer,26,99-93,'LAL',leads
168,168,168,200105060LAL,24.0,5.0,4th quarter,3:07.0,Shaquille O'Neal,LAL,True,2-pointer,0,101-93,'LAL',leads
169,169,169,200105060LAL,25.1,10.7,4th quarter,1:55.0,Shaquille O'Neal,LAL,False,2-pointer,6,103-97,'LAL',leads
170,170,170,200105060LAL,36.5,20.2,4th quarter,1:37.0,Kobe Bryant,LAL,False,2-pointer,20,103-97,'LAL',leads
171,171,171,200105060LAL,8.9,26.3,4th quarter,1:04.0,Derek Fisher,LAL,False,3-pointer,26,103-99,'LAL',leads
172,172,172,200105060MIL,22.4,8.0,1st quarter,11:44.0,Elden Campbell,CHH,True,2-pointer,3,2-0,'CHH',leads
173,173,173,200105060MIL,15.4,3.1,1st quarter,11:08.0,Elden Campbell,CHH,True,2-pointer,9,4-0,'CHH',leads
174,174,174,200105060MIL,13.9,10.5,1st quarter,10:32.0,Elden Campbell,CHH,True,2-pointer,12,6-2,'CHH',leads
175,175,175,200105060MIL,6.2,8.6,1st quarter,10:04.0,David Wesley,CHH,True,2-pointer,18,8-2,'CHH',leads
176,176,176,200105060MIL,24.0,5.0,1st quarter,9:24.0,David Wesley,CHH,False,2-pointer,0,8-2,'CHH',leads
177,177,177,200105060MIL,24.0,5.0,1st quarter,9:01.0,Baron Davis,CHH,True,2-pointer,0,10-2,'CHH',leads
178,178,178,200105060MIL,13.1,3.1,1st quarter,8:18.0,Jamal Mashburn,CHH,False,2-pointer,11,10-4,'CHH',leads
179,179,179,200105060MIL,35.9,5.4,1st quarter,8:12.0,P.J. Brown,CHH,True,2-pointer,12,12-4,'CHH',leads
180,180,180,200105060MIL,7.4,14.9,1st quarter,7:42.0,Jamal Mashburn,CHH,False,2-pointer,19,12-6,'CHH',leads
181,181,181,200105060MIL,29.6,8.0,1st quarter,7:08.0,Jamal Mashburn,CHH,False,2-pointer,6,12-9,'CHH',leads
182,182,182,200105060MIL,42.2,23.8,1st quarter,6:31.0,Baron Davis,CHH,False,3-pointer,26,12-11,'CHH',leads
183,183,183,200105060MIL,34.4,3.7,1st quarter,6:22.0,P.J. Brown,CHH,False,2-pointer,10,12-11,'CHH',leads
184,184,184,200105060MIL,21.7,8.0,1st quarter,5:57.0,Elden Campbell,CHH,True,2-pointer,4,14-15,'CHH',trails
185,185,185,200105060MIL,16.9,3.1,1st quarter,5:25.0,Elden Campbell,CHH,False,2-pointer,7,14-17,'CHH',trails
186,186,186,200105060MIL,22.4,6.5,1st quarter,5:16.0,Elden Campbell,CHH,False,2-pointer,2,14-17,'CHH',trails
187,187,187,200105060MIL,29.6,18.7,1st quarter,4:53.0,Jamal Mashburn,CHH,False,2-pointer,15,14-17,'CHH',trails
188,188,188,200105060MIL,26.4,11.6,1st quarter,4:12.0,Jamal Mashburn,CHH,False,2-pointer,7,14-17,'CHH',trails
189,189,189,200105060MIL,18.2,6.5,1st quarter,3:44.0,Baron Davis,CHH,True,2-pointer,6,16-17,'CHH',trails
190,190,190,200105060MIL,24.0,5.0,1st quarter,3:13.0,Baron Davis,CHH,True,2-pointer,0,19-17,'CHH',leads
191,191,191,200105060MIL,35.9,18.3,1st quarter,2:42.0,Jamal Mashburn,CHH,True,2-pointer,18,21-20,'CHH',leads
192,192,192,200105060MIL,8.3,18.7,1st quarter,2:10.0,David Wesley,CHH,False,2-pointer,21,21-22,'CHH',trails
193,193,193,200105060MIL,30.8,8.6,1st quarter,1:52.0,Jamal Mashburn,CHH,False,2-pointer,8,21-22,'CHH',trails
194,194,194,200105060MIL,24.0,5.0,1st quarter,1:05.0,Baron Davis,CHH,True,2-pointer,0,24-22,'CHH',leads
195,195,195,200105060MIL,24.0,5.0,2nd quarter,11:24.0,Eddie Robinson,CHH,False,2-pointer,0,24-27,'CHH',trails
196,196,196,200105060MIL,24.0,5.0,2nd quarter,11:21.0,Eddie Robinson,CHH,False,2-pointer,0,24-27,'CHH',trails
197,197,197,200105060MIL,32.3,4.4,2nd quarter,11:02.0,Derrick Coleman,CHH,True,2-pointer,8,26-27,'CHH',trails
198,198,198,200105060MIL,35.0,7.6,2nd quarter,9:20.0,Elden Campbell,CHH,False,2-pointer,11,26-32,'CHH',trails
199,199,199,200105060MIL,32.9,20.0,2nd quarter,8:06.0,Derrick Coleman,CHH,False,2-pointer,17,26-34,'CHH',trails
200,200,200,200105060MIL,35.0,30.1,2nd quarter,7:32.0,Derrick Coleman,CHH,True,3-pointer,27,29-36,'CHH',trails
201,201,201,200105060MIL,47.3,4.4,2nd quarter,6:29.0,Jamal Mashburn,CHH,False,3-pointer,23,29-37,'CHH',trails
202,202,202,200105060MIL,32.9,11.6,2nd quarter,5:46.0,Jamal Mashburn,CHH,False,2-pointer,11,29-39,'CHH',trails
203,203,203,200105060MIL,24.0,5.0,2nd quarter,5:44.0,Elden Campbell,CHH,True,2-pointer,0,31-39,'CHH',trails
204,204,204,200105060MIL,16.9,14.9,2nd quarter,5:08.0,David Wesley,CHH,False,2-pointer,12,31-41,'CHH',trails
205,205,205,200105060MIL,38.0,8.0,2nd quarter,4:33.0,David Wesley,CHH,True,2-pointer,14,33-41,'CHH',trails
206,206,206,200105060MIL,24.0,5.0,2nd quarter,4:11.0,David Wesley,CHH,True,2-pointer,0,35-41,'CHH',trails
207,207,207,200105060MIL,41.6,26.1,2nd quarter,3:45.0,David Wesley,CHH,False,3-pointer,27,35-41,'CHH',trails
208,208,208,200105060MIL,13.9,21.0,2nd quarter,3:20.0,P.J. Brown,CHH,False,2-pointer,19,35-43,'CHH',trails
209,209,209,200105060MIL,33.8,10.9,2nd quarter,2:51.0,Jamal Mashburn,CHH,False,2-pointer,11,35-46,'CHH',trails
210,210,210,200105060MIL,30.8,3.7,2nd quarter,2:11.0,Jamal Mashburn,CHH,True,2-pointer,7,37-48,'CHH',trails
211,211,211,200105060MIL,26.4,12.6,2nd quarter,0:57.6,Jamal Mashburn,CHH,True,2-pointer,8,40-52,'CHH',trails
212,212,212,200105060MIL,24.3,9.2,3rd quarter,11:32.0,Elden Campbell,CHH,False,2-pointer,4,40-58,'CHH',trails
213,213,213,200105060MIL,32.3,11.6,3rd quarter,11:18.0,Jamal Mashburn,CHH,True,2-pointer,11,42-58,'CHH',trails
214,214,214,200105060MIL,6.2,3.7,3rd quarter,10:46.0,David Wesley,CHH,False,2-pointer,18,42-58,'CHH',trails
215,215,215,200105060MIL,47.3,6.5,3rd quarter,10:09.0,David Wesley,CHH,False,3-pointer,23,42-60,'CHH',trails
216,216,216,200105060MIL,24.0,5.0,3rd quarter,8:55.0,Elden Campbell,CHH,False,2-pointer,0,42-62,'CHH',trails
217,217,217,200105060MIL,48.7,10.5,3rd quarter,8:50.0,Jamal Mashburn,CHH,False,3-pointer,25,42-62,'CHH',trails
218,218,218,200105060MIL,24.0,5.0,3rd quarter,7:56.0,Elden Campbell,CHH,False,2-pointer,0,44-66,'CHH',trails
219,219,219,200105060MIL,24.0,5.0,3rd quarter,7:52.0,P.J. Brown,CHH,True,2-pointer,0,46-66,'CHH',trails
220,220,220,200105060MIL,13.1,4.4,3rd quarter,6:27.0,Eddie Robinson,CHH,True,2-pointer,11,51-68,'CHH',trails
221,221,221,200105060MIL,46.6,10.5,3rd quarter,5:48.0,Baron Davis,CHH,True,3-pointer,23,54-71,'CHH',trails
222,222,222,200105060MIL,24.0,5.0,3rd quarter,5:16.0,Jamal Mashburn,CHH,True,2-pointer,0,56-71,'CHH',trails
223,223,223,200105060MIL,9.5,3.7,3rd quarter,4:17.0,Jamal Mashburn,CHH,True,2-pointer,15,60-73,'CHH',trails
224,224,224,200105060MIL,6.8,3.7,3rd quarter,3:41.0,Jamal Mashburn,CHH,True,2-pointer,17,63-73,'CHH',trails
225,225,225,200105060MIL,23.2,19.4,3rd quarter,3:07.0,Jamaal Magloire,CHH,True,2-pointer,14,65-76,'CHH',trails
226,226,226,200105060MIL,42.2,23.4,3rd quarter,2:37.0,Baron Davis,CHH,False,3-pointer,26,65-76,'CHH',trails
227,227,227,200105060MIL,20.3,6.5,3rd quarter,1:30.0,Jamaal Magloire,CHH,True,2-pointer,4,69-76,'CHH',trails
228,228,228,200105060MIL,24.0,5.0,3rd quarter,0:34.8,Jamal Mashburn,CHH,False,2-pointer,0,71-77,'CHH',trails
229,229,229,200105060MIL,24.0,5.0,4th quarter,11:44.0,Elden Campbell,CHH,False,2-pointer,0,73-78,'CHH',trails
230,230,230,200105060MIL,41.6,6.5,4th quarter,10:54.0,Eddie Robinson,CHH,False,2-pointer,18,73-81,'CHH',trails
231,231,231,200105060MIL,16.9,10.9,4th quarter,8:50.0,Elden Campbell,CHH,True,2-pointer,9,79-83,'CHH',trails
232,232,232,200105060MIL,11.0,4.4,4th quarter,8:21.0,Elden Campbell,CHH,False,2-pointer,13,79-83,'CHH',trails
233,233,233,200105060MIL,43.7,7.6,4th quarter,7:41.0,Baron Davis,CHH,False,2-pointer,20,79-85,'CHH',trails
234,234,234,200105060MIL,24.0,5.0,4th quarter,6:54.0,Baron Davis,CHH,False,2-pointer,0,79-87,'CHH',trails
235,235,235,200105060MIL,14.6,3.1,4th quarter,6:23.0,Elden Campbell,CHH,False,2-pointer,10,79-89,'CHH',trails
236,236,236,200105060MIL,36.5,5.9,4th quarter,6:01.0,Jamal Mashburn,CHH,False,2-pointer,13,79-89,'CHH',trails
237,237,237,200105060MIL,24.0,5.0,4th quarter,5:23.0,P.J. Brown,CHH,True,2-pointer,0,81-89,'CHH',trails
238,238,238,200105060MIL,33.0,8.5,4th quarter,4:52.0,Eddie Robinson,CHH,False,2-pointer,10,81-89,'CHH',trails
239,239,239,200105060MIL,24.0,5.0,4th quarter,4:50.0,P.J. Brown,CHH,False,2-pointer,0,81-89,'CHH',trails
240,240,240,200105060MIL,15.4,21.7,4th quarter,4:03.0,David Wesley,CHH,True,2-pointer,19,83-89,'CHH',trails
241,241,241,200105060MIL,39.3,8.6,4th quarter,3:36.0,David Wesley,CHH,True,2-pointer,16,85-89,'CHH',trails
242,242,242,200105060MIL,24.0,5.0,4th quarter,3:02.0,Elden Campbell,CHH,False,2-pointer,0,85-91,'CHH',trails
243,243,243,200105060MIL,24.0,5.0,4th quarter,2:38.0,Jamal Mashburn,CHH,False,2-pointer,0,85-93,'CHH',trails
244,244,244,200105060MIL,47.9,9.2,4th quarter,2:20.0,Baron Davis,CHH,False,3-pointer,24,85-95,'CHH',trails
245,245,245,200105060MIL,25.8,20.0,4th quarter,1:07.0,David Wesley,CHH,True,2-pointer,15,89-97,'CHH',trails
246,246,246,200105060MIL,22.4,14.9,4th quarter,0:29.3,Jamal Mashburn,CHH,True,2-pointer,10,92-101,'CHH',trails
247,247,247,200105060MIL,8.3,27.2,4th quarter,0:25.4,Jamal Mashburn,CHH,False,3-pointer,27,92-102,'CHH',trails
248,248,248,200105060MIL,13.1,30.1,4th quarter,0:01.0,Baron Davis,CHH,False,3-pointer,27,92-104,'CHH',trails
249,249,249,200105060MIL,24.0,5.0,1st quarter,11:26.0,Scott Williams,MIL,False,2-pointer,0,0-2,'CHH',trails
250,250,250,200105060MIL,16.9,24.4,1st quarter,10:50.0,Ray Allen,MIL,True,2-pointer,21,2-4,'CHH',trails
251,251,251,200105060MIL,37.2,4.4,1st quarter,10:17.0,Sam Cassell,MIL,False,2-pointer,13,2-6,'CHH',trails
252,252,252,200105060MIL,11.0,8.6,1st quarter,9:43.0,Glenn Robinson,MIL,False,2-pointer,13,2-8,'CHH',trails
253,253,253,200105060MIL,24.0,5.0,1st quarter,9:31.0,Ray Allen,MIL,False,2-pointer,0,2-8,'CHH',trails
254,254,254,200105060MIL,13.9,13.7,1st quarter,8:41.0,Sam Cassell,MIL,True,2-pointer,13,4-10,'CHH',trails
255,255,255,200105060MIL,25.1,17.7,1st quarter,7:54.0,Sam Cassell,MIL,True,2-pointer,13,6-12,'CHH',trails
256,256,256,200105060MIL,47.3,4.4,1st quarter,7:31.0,Ray Allen,MIL,True,3-pointer,23,9-12,'CHH',trails
257,257,257,200105060MIL,11.0,4.4,1st quarter,6:48.0,Glenn Robinson,MIL,False,2-pointer,13,9-12,'CHH',trails
258,258,258,200105060MIL,17.5,14.3,1st quarter,6:40.0,Sam Cassell,MIL,True,2-pointer,11,11-12,'CHH',trails
259,259,259,200105060MIL,45.2,21.0,1st quarter,6:15.0,Sam Cassell,MIL,True,3-pointer,27,14-12,'CHH',leads
260,260,260,200105060MIL,10.4,27.8,1st quarter,5:48.0,Glenn Robinson,MIL,False,3-pointer,27,15-14,'CHH',leads
261,261,261,200105060MIL,7.2,18.3,1st quarter,5:43.0,Glenn Robinson,MIL,True,2-pointer,21,17-14,'CHH',leads
262,262,262,200105060MIL,16.1,6.9,1st quarter,4:45.0,Ray Allen,MIL,False,2-pointer,8,17-14,'CHH',leads
263,263,263,200105060MIL,40.1,3.1,1st quarter,4:28.0,Darvin Ham,MIL,False,2-pointer,16,17-14,'CHH',leads
264,264,264,200105060MIL,39.3,25.7,1st quarter,3:56.0,Ray Allen,MIL,False,3-pointer,26,17-14,'CHH',leads
265,265,265,200105060MIL,32.9,18.3,1st quarter,3:31.0,Sam Cassell,MIL,False,2-pointer,16,17-17,'CHH',tied
266,266,266,200105060MIL,11.6,4.4,1st quarter,3:22.0,Sam Cassell,MIL,False,2-pointer,12,17-17,'CHH',tied
267,267,267,200105060MIL,47.3,13.7,1st quarter,3:01.0,Ray Allen,MIL,True,3-pointer,25,20-19,'CHH',leads
268,268,268,200105060MIL,24.0,5.0,1st quarter,2:23.0,Ervin Johnson,MIL,True,2-pointer,0,22-21,'CHH',leads
269,269,269,200105060MIL,9.3,21.5,1st quarter,1:37.0,Lindsey Hunter,MIL,False,2-pointer,22,22-21,'CHH',leads
270,270,270,200105060MIL,19.0,13.7,1st quarter,1:19.0,Tim Thomas,MIL,False,2-pointer,10,22-22,'CHH',tied
271,271,271,200105060MIL,23.9,32.2,1st quarter,0:02.0,Tim Thomas,MIL,True,3-pointer,27,27-24,'CHH',leads
272,272,272,200105060MIL,13.1,20.6,2nd quarter,11:43.0,Tim Thomas,MIL,False,2-pointer,19,27-24,'CHH',leads
273,273,273,200105060MIL,39.3,6.5,2nd quarter,10:42.0,Scott Williams,MIL,False,2-pointer,15,27-26,'CHH',leads
274,274,274,200105060MIL,30.2,3.1,2nd quarter,10:28.0,Jason Caffey,MIL,True,2-pointer,6,29-26,'CHH',leads
275,275,275,200105060MIL,46.6,16.6,2nd quarter,10:02.0,Lindsey Hunter,MIL,True,3-pointer,25,32-26,'CHH',leads
276,276,276,200105060MIL,24.0,5.0,2nd quarter,9:36.0,Ray Allen,MIL,False,2-pointer,0,32-26,'CHH',leads
277,277,277,200105060MIL,8.9,4.4,2nd quarter,8:56.0,Lindsey Hunter,MIL,True,2-pointer,15,34-26,'CHH',leads
278,278,278,200105060MIL,43.7,21.7,2nd quarter,8:24.0,Lindsey Hunter,MIL,False,3-pointer,26,34-26,'CHH',leads
279,279,279,200105060MIL,35.9,5.0,2nd quarter,7:49.0,Jason Caffey,MIL,True,2-pointer,12,36-26,'CHH',leads
280,280,280,200105060MIL,19.6,19.4,2nd quarter,6:09.0,Scott Williams,MIL,True,2-pointer,15,39-29,'CHH',leads
281,281,281,200105060MIL,5.3,11.6,2nd quarter,5:26.0,Lindsey Hunter,MIL,True,2-pointer,20,41-31,'CHH',leads
282,282,282,200105060MIL,-0.4,3.7,2nd quarter,4:53.0,Lindsey Hunter,MIL,False,3-pointer,24,41-31,'CHH',leads
283,283,283,200105060MIL,39.3,10.9,2nd quarter,4:49.0,Sam Cassell,MIL,False,2-pointer,16,41-31,'CHH',leads
284,284,284,200105060MIL,13.1,6.5,2nd quarter,4:24.0,Sam Cassell,MIL,False,2-pointer,11,41-33,'CHH',leads
285,285,285,200105060MIL,35.9,14.3,2nd quarter,3:54.0,Glenn Robinson,MIL,False,2-pointer,15,41-35,'CHH',leads
286,286,286,200105060MIL,23.2,16.6,2nd quarter,3:33.0,Sam Cassell,MIL,True,2-pointer,12,43-35,'CHH',leads
287,287,287,200105060MIL,9.5,27.2,2nd quarter,3:12.0,Glenn Robinson,MIL,True,3-pointer,27,46-35,'CHH',leads
288,288,288,200105060MIL,24.0,5.0,2nd quarter,2:31.0,Tim Thomas,MIL,True,2-pointer,0,48-35,'CHH',leads
289,289,289,200105060MIL,14.6,5.0,2nd quarter,1:54.0,Ray Allen,MIL,True,2-pointer,9,50-38,'CHH',leads
290,290,290,200105060MIL,33.8,5.4,2nd quarter,1:20.0,Ray Allen,MIL,True,2-pointer,10,52-38,'CHH',leads
291,291,291,200105060MIL,7.4,25.7,2nd quarter,0:00.3,Sam Cassell,MIL,True,3-pointer,27,55-40,'CHH',leads
292,292,292,200105060MIL,33.8,32.2,3rd quarter,11:47.0,Ray Allen,MIL,True,3-pointer,29,58-40,'CHH',leads
293,293,293,200105060MIL,35.0,6.9,3rd quarter,10:59.0,Ray Allen,MIL,False,2-pointer,11,58-42,'CHH',leads
294,294,294,200105060MIL,38.0,27.8,3rd quarter,10:39.0,Glenn Robinson,MIL,False,3-pointer,27,58-42,'CHH',leads
295,295,295,200105060MIL,25.1,14.9,3rd quarter,10:24.0,Glenn Robinson,MIL,True,2-pointer,10,60-42,'CHH',leads
296,296,296,200105060MIL,24.0,5.0,3rd quarter,10:05.0,Darvin Ham,MIL,False,2-pointer,0,60-42,'CHH',leads
297,297,297,200105060MIL,25.1,10.5,3rd quarter,9:51.0,Ray Allen,MIL,False,2-pointer,6,60-42,'CHH',leads
298,298,298,200105060MIL,24.0,5.0,3rd quarter,9:48.0,Scott Williams,MIL,True,2-pointer,0,62-42,'CHH',leads
299,299,299,200105060MIL,1.1,15.6,3rd quarter,9:15.0,Sam Cassell,MIL,False,3-pointer,25,62-42,'CHH',leads
300,300,300,200105060MIL,24.0,5.0,3rd quarter,8:46.0,Scott Williams,MIL,True,2-pointer,0,64-42,'CHH',leads
301,301,301,200105060MIL,38.6,3.7,3rd quarter,8:13.0,Scott Williams,MIL,True,2-pointer,15,66-44,'CHH',leads
302,302,302,200105060MIL,24.0,5.0,3rd quarter,7:36.0,Darvin Ham,MIL,True,2-pointer,0,68-46,'CHH',leads
303,303,303,200105060MIL,8.3,23.4,3rd quarter,6:56.0,Sam Cassell,MIL,False,3-pointer,24,68-47,'CHH',leads
304,304,304,200105060MIL,38.6,5.0,3rd quarter,6:38.0,Scott Williams,MIL,False,2-pointer,15,68-49,'CHH',leads
305,305,305,200105060MIL,1.1,5.0,3rd quarter,6:06.0,Sam Cassell,MIL,True,3-pointer,23,71-51,'CHH',leads
306,306,306,200105060MIL,13.9,18.7,3rd quarter,5:30.0,Glenn Robinson,MIL,False,2-pointer,17,71-54,'CHH',leads
307,307,307,200105060MIL,13.1,17.7,3rd quarter,4:58.0,Scott Williams,MIL,False,2-pointer,17,71-56,'CHH',leads
308,308,308,200105060MIL,8.9,3.7,3rd quarter,4:35.0,Glenn Robinson,MIL,True,2-pointer,15,73-58,'CHH',leads
309,309,309,200105060MIL,10.4,3.7,3rd quarter,4:00.0,Ray Allen,MIL,False,2-pointer,14,73-60,'CHH',leads
310,310,310,200105060MIL,24.0,5.0,3rd quarter,3:25.0,Tim Thomas,MIL,True,2-pointer,0,75-63,'CHH',leads
311,311,311,200105060MIL,13.1,9.2,3rd quarter,2:45.0,Glenn Robinson,MIL,False,2-pointer,12,76-65,'CHH',leads
312,312,312,200105060MIL,24.0,5.0,3rd quarter,2:15.0,Tim Thomas,MIL,False,2-pointer,0,76-67,'CHH',leads
313,313,313,200105060MIL,32.9,19.4,3rd quarter,1:46.0,Lindsey Hunter,MIL,False,2-pointer,17,76-67,'CHH',leads
314,314,314,200105060MIL,45.8,17.0,3rd quarter,1:06.0,Lindsey Hunter,MIL,False,3-pointer,25,76-69,'CHH',leads
315,315,315,200105060MIL,13.1,29.5,4th quarter,11:25.0,Lindsey Hunter,MIL,True,3-pointer,27,81-73,'CHH',leads
316,316,316,200105060MIL,47.3,8.0,4th quarter,10:44.0,Ray Allen,MIL,False,3-pointer,23,81-73,'CHH',leads
317,317,317,200105060MIL,28.7,5.9,4th quarter,10:11.0,Ray Allen,MIL,False,2-pointer,5,81-75,'CHH',leads
318,318,318,200105060MIL,24.0,5.0,4th quarter,9:46.0,Ervin Johnson,MIL,False,2-pointer,0,81-75,'CHH',leads
319,319,319,200105060MIL,11.6,16.0,4th quarter,9:11.0,Lindsey Hunter,MIL,True,2-pointer,17,83-77,'CHH',leads
320,320,320,200105060MIL,24.3,11.6,4th quarter,8:04.0,Ray Allen,MIL,False,2-pointer,7,83-79,'CHH',leads
321,321,321,200105060MIL,24.0,5.0,4th quarter,8:01.0,Ervin Johnson,MIL,True,2-pointer,0,85-79,'CHH',leads
322,322,322,200105060MIL,32.3,17.0,4th quarter,7:22.0,Tim Thomas,MIL,True,2-pointer,15,87-79,'CHH',leads
323,323,323,200105060MIL,24.0,5.0,4th quarter,6:45.0,Ray Allen,MIL,True,2-pointer,0,89-79,'CHH',leads
324,324,324,200105060MIL,40.7,25.0,4th quarter,6:13.0,Tim Thomas,MIL,False,3-pointer,26,89-79,'CHH',leads
325,325,325,200105060MIL,13.9,16.6,4th quarter,5:45.0,Ray Allen,MIL,False,2-pointer,15,89-79,'CHH',leads
326,326,326,200105060MIL,24.0,5.0,4th quarter,5:02.0,Glenn Robinson,MIL,False,2-pointer,0,89-81,'CHH',leads
327,327,327,200105060MIL,3.8,20.6,4th quarter,4:39.0,Sam Cassell,MIL,False,3-pointer,26,89-81,'CHH',leads
328,328,328,200105060MIL,10.4,12.6,4th quarter,4:17.0,Glenn Robinson,MIL,False,2-pointer,16,89-81,'CHH',leads
329,329,329,200105060MIL,1.1,16.6,4th quarter,3:47.0,Ray Allen,MIL,False,3-pointer,26,89-83,'CHH',leads
330,330,330,200105060MIL,24.0,5.0,4th quarter,2:54.0,Glenn Robinson,MIL,True,2-pointer,0,93-85,'CHH',leads
331,331,331,200105060MIL,24.0,5.0,4th quarter,2:32.0,Ray Allen,MIL,True,2-pointer,0,95-85,'CHH',leads
332,332,332,200105060MIL,24.0,5.0,4th quarter,2:14.0,Ray Allen,MIL,True,2-pointer,0,97-85,'CHH',leads
333,333,333,200105060MIL,31.7,16.6,4th quarter,0:49.1,Sam Cassell,MIL,True,2-pointer,14,99-89,'CHH',leads
334,334,334,200105060PHI,25.8,24.4,1st quarter,11:29.0,Charles Oakley,TOR,False,2-pointer,19,0-0,'TOR',tied
335,335,335,200105060PHI,24.0,5.0,1st quarter,11:19.0,Charles Oakley,TOR,True,2-pointer,0,2-0,'TOR',leads
336,336,336,200105060PHI,24.0,5.0,1st quarter,10:53.0,Antonio Davis,TOR,True,2-pointer,0,4-0,'TOR',leads
337,337,337,200105060PHI,40.1,9.2,1st quarter,10:26.0,Vince Carter,TOR,False,2-pointer,17,4-2,'TOR',leads
338,338,338,200105060PHI,10.4,14.9,1st quarter,9:49.0,Vince Carter,TOR,False,2-pointer,17,4-4,'TOR',tied
339,339,339,200105060PHI,17.5,17.0,1st quarter,9:12.0,Antonio Davis,TOR,False,2-pointer,14,4-4,'TOR',tied
340,340,340,200105060PHI,6.8,23.4,1st quarter,8:16.0,Vince Carter,TOR,True,3-pointer,25,7-8,'TOR',trails
341,341,341,200105060PHI,21.7,5.0,1st quarter,6:52.0,Charles Oakley,TOR,False,2-pointer,2,9-10,'TOR',trails
342,342,342,200105060PHI,20.3,3.7,1st quarter,6:38.0,Antonio Davis,TOR,False,2-pointer,4,9-10,'TOR',trails
343,343,343,200105060PHI,38.6,5.4,1st quarter,6:06.0,Alvin Williams,TOR,True,2-pointer,15,11-10,'TOR',leads
344,344,344,200105060PHI,9.5,13.7,1st quarter,5:16.0,Antonio Davis,TOR,False,2-pointer,17,11-12,'TOR',trails
345,345,345,200105060PHI,24.0,5.0,1st quarter,4:39.0,Antonio Davis,TOR,True,2-pointer,0,13-14,'TOR',trails
346,346,346,200105060PHI,37.2,14.9,1st quarter,4:20.0,Alvin Williams,TOR,True,2-pointer,17,15-14,'TOR',leads
347,347,347,200105060PHI,37.2,16.0,1st quarter,3:40.0,Charles Oakley,TOR,False,2-pointer,17,15-14,'TOR',leads
348,348,348,200105060PHI,35.9,26.7,1st quarter,3:03.0,Vince Carter,TOR,False,3-pointer,25,15-14,'TOR',leads
349,349,349,200105060PHI,24.0,5.0,1st quarter,2:34.0,Antonio Davis,TOR,True,2-pointer,0,17-14,'TOR',leads
350,350,350,200105060PHI,37.2,25.7,1st quarter,2:09.0,Chris Childs,TOR,False,3-pointer,25,17-14,'TOR',leads
351,351,351,200105060PHI,7.4,5.4,1st quarter,1:47.0,Charles Oakley,TOR,False,2-pointer,17,17-15,'TOR',leads
352,352,352,200105060PHI,7.4,14.9,1st quarter,1:26.0,Vince Carter,TOR,True,2-pointer,19,19-15,'TOR',leads
353,353,353,200105060PHI,23.9,13.7,1st quarter,0:45.1,Vince Carter,TOR,False,2-pointer,9,19-17,'TOR',leads
354,354,354,200105060PHI,13.1,11.6,1st quarter,0:39.7,Charles Oakley,TOR,False,2-pointer,13,19-17,'TOR',leads
355,355,355,200105060PHI,43.1,3.1,1st quarter,0:18.1,Vince Carter,TOR,False,2-pointer,19,21-17,'TOR',leads
356,356,356,200105060PHI,30.8,15.6,2nd quarter,11:38.0,Keon Clark,TOR,True,2-pointer,13,23-17,'TOR',leads
357,357,357,200105060PHI,24.0,5.0,2nd quarter,11:10.0,Vince Carter,TOR,True,2-pointer,0,25-17,'TOR',leads
358,358,358,200105060PHI,8.3,13.7,2nd quarter,9:55.0,Dell Curry,TOR,True,2-pointer,18,27-19,'TOR',leads
359,359,359,200105060PHI,18.2,26.1,2nd quarter,9:25.0,Vince Carter,TOR,True,2-pointer,22,29-19,'TOR',leads
360,360,360,200105060PHI,38.0,7.6,2nd quarter,8:43.0,Antonio Davis,TOR,False,2-pointer,14,29-19,'TOR',leads
361,361,361,200105060PHI,1.7,6.5,2nd quarter,8:16.0,Dell Curry,TOR,True,3-pointer,22,32-20,'TOR',leads
362,362,362,200105060PHI,8.3,14.3,2nd quarter,7:39.0,Vince Carter,TOR,False,2-pointer,18,32-20,'TOR',leads
363,363,363,200105060PHI,20.3,13.2,2nd quarter,7:15.0,Vince Carter,TOR,True,2-pointer,9,34-20,'TOR',leads
364,364,364,200105060PHI,40.1,2.1,2nd quarter,6:42.0,Alvin Williams,TOR,True,2-pointer,16,36-22,'TOR',leads
365,365,365,200105060PHI,25.8,32.2,2nd quarter,6:09.0,Dell Curry,TOR,False,3-pointer,27,36-22,'TOR',leads
366,366,366,200105060PHI,5.3,20.6,2nd quarter,5:47.0,Dell Curry,TOR,False,3-pointer,24,36-22,'TOR',leads
367,367,367,200105060PHI,16.1,10.5,2nd quarter,5:39.0,Vince Carter,TOR,False,2-pointer,10,36-22,'TOR',leads
368,368,368,200105060PHI,24.0,5.0,2nd quarter,4:49.0,Keon Clark,TOR,False,2-pointer,0,37-24,'TOR',leads
369,369,369,200105060PHI,16.9,11.6,2nd quarter,4:22.0,Vince Carter,TOR,True,2-pointer,10,39-25,'TOR',leads
370,370,370,200105060PHI,1.7,6.9,2nd quarter,3:44.0,Dell Curry,TOR,False,3-pointer,22,39-27,'TOR',leads
371,371,371,200105060PHI,43.7,3.7,2nd quarter,3:39.0,Vince Carter,TOR,True,2-pointer,20,41-27,'TOR',leads
372,372,372,200105060PHI,43.7,20.0,2nd quarter,3:08.0,Alvin Williams,TOR,True,3-pointer,25,44-27,'TOR',leads
373,373,373,200105060PHI,3.2,20.0,2nd quarter,2:25.0,Vince Carter,TOR,False,3-pointer,26,44-29,'TOR',leads
374,374,374,200105060PHI,47.9,3.7,2nd quarter,2:06.0,Dell Curry,TOR,True,3-pointer,24,47-31,'TOR',leads
375,375,375,200105060PHI,32.3,29.5,2nd quarter,1:06.0,Alvin Williams,TOR,False,3-pointer,26,47-34,'TOR',leads
376,376,376,200105060PHI,6.8,28.4,2nd quarter,0:40.2,Vince Carter,TOR,False,3-pointer,29,47-35,'TOR',leads
377,377,377,200105060PHI,13.9,16.6,2nd quarter,0:10.2,Chris Childs,TOR,False,2-pointer,15,47-35,'TOR',leads
378,378,378,200105060PHI,10.4,6.5,3rd quarter,11:38.0,Antonio Davis,TOR,False,2-pointer,14,47-37,'TOR',leads
379,379,379,200105060PHI,16.9,33.5,3rd quarter,10:35.0,Chris Childs,TOR,False,3-pointer,29,47-39,'TOR',leads
380,380,380,200105060PHI,11.0,11.6,3rd quarter,10:05.0,Charles Oakley,TOR,True,2-pointer,15,49-39,'TOR',leads
381,381,381,200105060PHI,42.2,22.7,3rd quarter,8:49.0,Dell Curry,TOR,True,3-pointer,25,52-41,'TOR',leads
382,382,382,200105060PHI,24.0,5.0,3rd quarter,7:48.0,Vince Carter,TOR,False,2-pointer,0,52-43,'TOR',leads
383,383,383,200105060PHI,38.0,18.7,3rd quarter,6:37.0,Vince Carter,TOR,True,2-pointer,20,55-45,'TOR',leads
384,384,384,200105060PHI,13.1,20.6,3rd quarter,6:01.0,Alvin Williams,TOR,False,2-pointer,19,55-47,'TOR',leads
385,385,385,200105060PHI,23.2,9.2,3rd quarter,5:58.0,Vince Carter,TOR,False,2-pointer,4,55-47,'TOR',leads
386,386,386,200105060PHI,10.4,17.0,3rd quarter,5:38.0,Dell Curry,TOR,True,2-pointer,18,57-48,'TOR',leads
387,387,387,200105060PHI,32.3,10.5,3rd quarter,5:13.0,Alvin Williams,TOR,True,2-pointer,10,59-48,'TOR',leads
388,388,388,200105060PHI,47.9,9.2,3rd quarter,4:47.0,Dell Curry,TOR,True,3-pointer,24,62-48,'TOR',leads
389,389,389,200105060PHI,24.3,13.7,3rd quarter,4:10.0,Antonio Davis,TOR,False,2-pointer,9,62-48,'TOR',leads
390,390,390,200105060PHI,11.0,16.0,3rd quarter,3:40.0,Charles Oakley,TOR,False,2-pointer,17,62-50,'TOR',leads
391,391,391,200105060PHI,19.0,26.7,3rd quarter,3:10.0,Alvin Williams,TOR,False,2-pointer,22,63-52,'TOR',leads
392,392,392,200105060PHI,11.0,5.0,3rd quarter,2:15.0,Vince Carter,TOR,True,2-pointer,13,67-54,'TOR',leads
393,393,393,200105060PHI,14.6,12.0,3rd quarter,1:43.0,Antonio Davis,TOR,True,2-pointer,12,69-54,'TOR',leads
394,394,394,200105060PHI,35.0,15.6,3rd quarter,1:13.0,Charles Oakley,TOR,False,2-pointer,15,69-56,'TOR',leads
395,395,395,200105060PHI,32.3,5.0,3rd quarter,0:01.4,Vince Carter,TOR,True,2-pointer,8,73-61,'TOR',leads
396,396,396,200105060PHI,41.6,22.7,4th quarter,10:52.0,Charles Oakley,TOR,True,3-pointer,25,78-64,'TOR',leads
397,397,397,200105060PHI,23.9,16.0,4th quarter,10:05.0,Vince Carter,TOR,False,2-pointer,11,78-66,'TOR',leads
398,398,398,200105060PHI,23.9,22.1,4th quarter,9:28.0,Dell Curry,TOR,True,2-pointer,17,80-68,'TOR',leads
399,399,399,200105060PHI,14.6,36.2,4th quarter,8:47.0,Dell Curry,TOR,False,3-pointer,33,80-68,'TOR',leads
400,400,400,200105060PHI,20.3,13.2,4th quarter,8:16.0,Antonio Davis,TOR,False,2-pointer,9,80-69,'TOR',leads
401,401,401,200105060PHI,11.6,12.6,4th quarter,7:37.0,Chris Childs,TOR,False,2-pointer,15,80-71,'TOR',leads
402,402,402,200105060PHI,24.0,5.0,4th quarter,6:19.0,Vince Carter,TOR,True,2-pointer,0,82-75,'TOR',leads
403,403,403,200105060PHI,34.4,8.0,4th quarter,5:31.0,Antonio Davis,TOR,False,2-pointer,11,82-77,'TOR',leads
404,404,404,200105060PHI,11.0,29.5,4th quarter,4:53.0,Dell Curry,TOR,False,3-pointer,28,82-79,'TOR',leads
405,405,405,200105060PHI,25.8,11.6,4th quarter,4:28.0,Vince Carter,TOR,False,2-pointer,7,82-79,'TOR',leads
406,406,406,200105060PHI,13.9,7.6,4th quarter,4:27.0,Vince Carter,TOR,True,2-pointer,10,84-79,'TOR',leads
407,407,407,200105060PHI,38.6,17.0,4th quarter,3:54.0,Vince Carter,TOR,False,2-pointer,19,85-79,'TOR',leads
408,408,408,200105060PHI,19.6,5.9,4th quarter,3:34.0,Charles Oakley,TOR,False,2-pointer,4,85-80,'TOR',leads
409,409,409,200105060PHI,31.7,12.6,4th quarter,2:52.0,Alvin Williams,TOR,True,2-pointer,11,87-82,'TOR',leads
410,410,410,200105060PHI,21.7,12.0,4th quarter,1:10.0,Vince Carter,TOR,False,2-pointer,7,90-88,'TOR',leads
411,411,411,200105060PHI,40.7,5.9,4th quarter,0:49.5,Charles Oakley,TOR,True,2-pointer,17,92-88,'TOR',leads
412,412,412,200105060PHI,20.3,18.3,4th quarter,0:13.2,Vince Carter,TOR,False,2-pointer,14,92-90,'TOR',leads
413,413,413,200105060PHI,24.0,5.0,4th quarter,0:12.8,Vince Carter,TOR,True,2-pointer,0,94-90,'TOR',leads
414,414,414,200105060PHI,38.6,14.9,1st quarter,10:43.0,Allen Iverson,PHI,True,2-pointer,18,2-4,'TOR',trails
415,415,415,200105060PHI,7.4,25.0,1st quarter,10:14.0,Allen Iverson,PHI,False,3-pointer,26,2-4,'TOR',trails
416,416,416,200105060PHI,38.0,16.6,1st quarter,10:06.0,Allen Iverson,PHI,True,2-pointer,18,4-4,'TOR',tied
417,417,417,200105060PHI,35.0,13.7,1st quarter,9:30.0,Eric Snow,PHI,False,2-pointer,14,4-4,'TOR',tied
418,418,418,200105060PHI,9.5,18.3,1st quarter,8:34.0,Allen Iverson,PHI,True,2-pointer,20,8-4,'TOR',leads
419,419,419,200105060PHI,24.0,5.0,1st quarter,7:10.0,Tyrone Hill,PHI,True,2-pointer,0,10-9,'TOR',leads
420,420,420,200105060PHI,33.8,7.6,1st quarter,6:45.0,Allen Iverson,PHI,False,2-pointer,10,10-9,'TOR',leads
421,421,421,200105060PHI,33.8,12.0,1st quarter,5:44.0,Tyrone Hill,PHI,True,2-pointer,12,12-11,'TOR',leads
422,422,422,200105060PHI,7.4,3.1,1st quarter,5:01.0,Aaron McKie,PHI,False,2-pointer,17,12-11,'TOR',leads
423,423,423,200105060PHI,24.0,5.0,1st quarter,4:52.0,Dikembe Mutombo,PHI,True,2-pointer,0,14-11,'TOR',leads
424,424,424,200105060PHI,26.4,26.1,1st quarter,3:51.0,Aaron McKie,PHI,False,2-pointer,21,14-15,'TOR',trails
425,425,425,200105060PHI,25.1,23.4,1st quarter,3:32.0,Allen Iverson,PHI,False,2-pointer,18,14-15,'TOR',trails
426,426,426,200105060PHI,42.2,4.4,1st quarter,2:54.0,Eric Snow,PHI,False,2-pointer,18,14-15,'TOR',trails
427,427,427,200105060PHI,25.1,13.7,1st quarter,2:18.0,Allen Iverson,PHI,False,2-pointer,9,14-17,'TOR',trails
428,428,428,200105060PHI,32.1,9.2,1st quarter,1:40.0,Matt Geiger,PHI,False,2-pointer,9,15-17,'TOR',trails
429,429,429,200105060PHI,32.3,14.9,1st quarter,1:03.0,Allen Iverson,PHI,True,2-pointer,13,17-19,'TOR',trails
430,430,430,200105060PHI,41.6,3.7,1st quarter,0:01.8,Kevin Ollie,PHI,False,2-pointer,18,17-21,'TOR',trails
431,431,431,200105060PHI,33.8,4.4,2nd quarter,11:20.0,Dikembe Mutombo,PHI,False,2-pointer,10,17-23,'TOR',trails
432,432,432,200105060PHI,23.9,23.4,2nd quarter,10:54.0,Allen Iverson,PHI,False,2-pointer,18,17-25,'TOR',trails
433,433,433,200105060PHI,7.4,2.1,2nd quarter,10:08.0,Jumaine Jones,PHI,True,2-pointer,17,19-25,'TOR',trails
434,434,434,200105060PHI,10.4,15.6,2nd quarter,9:33.0,Jumaine Jones,PHI,False,2-pointer,17,19-27,'TOR',trails
435,435,435,200105060PHI,27.9,8.6,2nd quarter,9:12.0,Aaron McKie,PHI,False,2-pointer,5,19-29,'TOR',trails
436,436,436,200105060PHI,5.3,21.0,2nd quarter,9:07.0,Allen Iverson,PHI,False,3-pointer,25,19-29,'TOR',trails
437,437,437,200105060PHI,23.2,12.6,2nd quarter,7:56.0,Aaron McKie,PHI,False,2-pointer,8,20-32,'TOR',trails
438,438,438,200105060PHI,31.7,4.4,2nd quarter,7:28.0,Aaron McKie,PHI,False,2-pointer,8,20-32,'TOR',trails
439,439,439,200105060PHI,24.0,5.0,2nd quarter,6:58.0,Eric Snow,PHI,False,2-pointer,0,20-34,'TOR',trails
440,440,440,200105060PHI,24.0,5.0,2nd quarter,6:55.0,Aaron McKie,PHI,True,2-pointer,0,22-34,'TOR',trails
441,441,441,200105060PHI,24.0,5.0,2nd quarter,6:20.0,Allen Iverson,PHI,False,2-pointer,0,22-36,'TOR',trails
442,442,442,200105060PHI,24.0,5.0,2nd quarter,6:18.0,Dikembe Mutombo,PHI,False,2-pointer,0,22-36,'TOR',trails
443,443,443,200105060PHI,13.9,6.9,2nd quarter,5:33.0,Allen Iverson,PHI,False,2-pointer,10,22-36,'TOR',trails
444,444,444,200105060PHI,40.7,18.3,2nd quarter,5:10.0,Aaron McKie,PHI,True,2-pointer,21,24-37,'TOR',trails
445,445,445,200105060PHI,24.0,5.0,2nd quarter,4:07.0,Allen Iverson,PHI,True,2-pointer,0,27-39,'TOR',trails
446,446,446,200105060PHI,5.3,9.2,2nd quarter,3:22.0,Allen Iverson,PHI,False,2-pointer,19,27-41,'TOR',trails
447,447,447,200105060PHI,24.0,5.0,2nd quarter,1:26.0,Allen Iverson,PHI,False,2-pointer,0,34-47,'TOR',trails
448,448,448,200105060PHI,30.8,7.6,2nd quarter,0:33.9,Allen Iverson,PHI,False,2-pointer,7,35-47,'TOR',trails
449,449,449,200105060PHI,32.9,3.1,2nd quarter,0:29.5,Allen Iverson,PHI,False,2-pointer,9,35-47,'TOR',trails
450,450,450,200105060PHI,37.2,9.2,3rd quarter,11:21.0,Tyrone Hill,PHI,False,2-pointer,14,37-47,'TOR',trails
451,451,451,200105060PHI,21.7,20.0,3rd quarter,10:57.0,Allen Iverson,PHI,True,2-pointer,15,39-47,'TOR',trails
452,452,452,200105060PHI,27.9,6.9,3rd quarter,10:20.0,Allen Iverson,PHI,False,2-pointer,4,39-47,'TOR',trails
453,453,453,200105060PHI,13.9,17.7,3rd quarter,10:16.0,Allen Iverson,PHI,False,2-pointer,16,39-47,'TOR',trails
454,454,454,200105060PHI,33.8,3.7,3rd quarter,9:41.0,Dikembe Mutombo,PHI,True,2-pointer,10,41-49,'TOR',trails
455,455,455,200105060PHI,19.6,13.7,3rd quarter,8:13.0,George Lynch,PHI,False,2-pointer,10,43-52,'TOR',trails
456,456,456,200105060PHI,23.9,6.9,3rd quarter,8:04.0,Allen Iverson,PHI,False,2-pointer,2,43-52,'TOR',trails
457,457,457,200105060PHI,22.4,9.2,3rd quarter,7:43.0,George Lynch,PHI,True,2-pointer,4,45-52,'TOR',trails
458,458,458,200105060PHI,23.9,18.7,3rd quarter,6:52.0,Eric Snow,PHI,False,2-pointer,14,45-52,'TOR',trails
459,459,459,200105060PHI,39.3,18.7,3rd quarter,6:21.0,Allen Iverson,PHI,True,2-pointer,21,47-55,'TOR',trails
460,460,460,200105060PHI,11.0,10.5,3rd quarter,5:21.0,Dikembe Mutombo,PHI,False,2-pointer,14,48-57,'TOR',trails
461,461,461,200105060PHI,33.8,17.0,3rd quarter,4:55.0,Aaron McKie,PHI,False,2-pointer,15,48-59,'TOR',trails
462,462,462,200105060PHI,40.1,13.7,3rd quarter,4:32.0,Allen Iverson,PHI,False,2-pointer,18,48-62,'TOR',trails
463,463,463,200105060PHI,18.2,14.3,3rd quarter,3:56.0,Aaron McKie,PHI,True,2-pointer,11,50-62,'TOR',trails
464,464,464,200105060PHI,24.0,5.0,3rd quarter,3:29.0,Eric Snow,PHI,True,2-pointer,0,52-62,'TOR',trails
465,465,465,200105060PHI,25.1,23.4,3rd quarter,2:40.0,Allen Iverson,PHI,True,2-pointer,18,54-65,'TOR',trails
466,466,466,200105060PHI,24.3,9.9,3rd quarter,1:25.0,Dikembe Mutombo,PHI,True,2-pointer,5,56-69,'TOR',trails
467,467,467,200105060PHI,38.0,26.1,3rd quarter,0:52.5,Allen Iverson,PHI,True,3-pointer,25,59-71,'TOR',trails
468,468,468,200105060PHI,23.9,7.6,3rd quarter,0:20.8,Dikembe Mutombo,PHI,True,2-pointer,3,61-71,'TOR',trails
469,469,469,200105060PHI,24.0,5.0,4th quarter,11:31.0,Dikembe Mutombo,PHI,True,2-pointer,0,63-73,'TOR',trails
470,470,470,200105060PHI,24.0,5.0,4th quarter,10:31.0,Dikembe Mutombo,PHI,True,2-pointer,0,66-78,'TOR',trails
471,471,471,200105060PHI,24.0,5.0,4th quarter,9:52.0,Jumaine Jones,PHI,True,2-pointer,0,68-78,'TOR',trails
472,472,472,200105060PHI,41.6,25.7,4th quarter,9:09.0,Allen Iverson,PHI,False,3-pointer,27,68-80,'TOR',trails
473,473,473,200105060PHI,35.0,29.1,4th quarter,8:37.0,Jumaine Jones,PHI,False,3-pointer,26,68-80,'TOR',trails
474,474,474,200105060PHI,24.3,6.5,4th quarter,8:09.0,Allen Iverson,PHI,False,2-pointer,2,69-80,'TOR',trails
475,475,475,200105060PHI,24.0,5.0,4th quarter,8:08.0,Aaron McKie,PHI,True,2-pointer,0,71-80,'TOR',trails
476,476,476,200105060PHI,47.9,4.4,4th quarter,7:04.0,Aaron McKie,PHI,True,3-pointer,24,75-80,'TOR',trails
477,477,477,200105060PHI,3.2,11.6,4th quarter,6:39.0,Allen Iverson,PHI,False,2-pointer,22,75-80,'TOR',trails
478,478,478,200105060PHI,24.0,5.0,4th quarter,5:51.0,Allen Iverson,PHI,True,2-pointer,0,77-82,'TOR',trails
479,479,479,200105060PHI,22.4,5.4,4th quarter,4:48.0,Allen Iverson,PHI,False,2-pointer,2,79-82,'TOR',trails
480,480,480,200105060PHI,34.4,22.7,4th quarter,4:14.0,Allen Iverson,PHI,False,2-pointer,21,79-85,'TOR',trails
481,481,481,200105060PHI,25.1,5.0,4th quarter,3:09.0,Allen Iverson,PHI,False,2-pointer,1,80-85,'TOR',trails
482,482,482,200105060PHI,23.9,6.5,4th quarter,3:07.0,George Lynch,PHI,True,2-pointer,2,82-85,'TOR',trails
483,483,483,200105060PHI,12.5,3.7,4th quarter,2:36.0,Aaron McKie,PHI,True,2-pointer,12,84-87,'TOR',trails
484,484,484,200105060PHI,22.4,25.0,4th quarter,2:02.0,Allen Iverson,PHI,False,2-pointer,20,84-89,'TOR',trails
485,485,485,200105060PHI,24.0,5.0,4th quarter,1:38.0,Eric Snow,PHI,True,2-pointer,0,86-90,'TOR',trails
486,486,486,200105060PHI,24.0,5.0,4th quarter,1:29.0,George Lynch,PHI,True,2-pointer,0,88-90,'TOR',trails
487,487,487,200105060PHI,24.3,8.0,4th quarter,0:40.1,Eric Snow,PHI,False,2-pointer,3,88-92,'TOR',trails
488,488,488,200105060PHI,5.3,25.0,4th quarter,0:07.9,Allen Iverson,PHI,True,3-pointer,27,93-94,'TOR',trails
489,489,489,200105060PHI,7.4,29.5,4th quarter,0:02.6,Aaron McKie,PHI,False,3-pointer,30,93-96,'TOR',trails
