,Unnamed: 0.1,Unnamed: 0,match_id,shotX,shotY,quarter,time_remaining,player,team,made,shot_type,distance,score,opp,status
0,0,0,200103240CLE,14.2,4.2,1st quarter,11:10.0,Antonio McDyess,DEN,True,2-pointer,10,2-0,'DEN',leads
1,1,1,200103240CLE,9.1,4.2,1st quarter,10:36.0,Antonio McDyess,DEN,True,2-pointer,15,4-0,'DEN',leads
2,2,2,200103240CLE,26.2,6.7,1st quarter,10:08.0,Raef LaFrentz,DEN,False,2-pointer,3,4-0,'DEN',leads
3,3,3,200103240CLE,27.0,7.8,1st quarter,9:23.0,Antonio McDyess,DEN,False,2-pointer,4,4-4,'DEN',tied
4,4,4,200103240CLE,23.6,9.7,1st quarter,9:01.0,Nick Van,DEN,True,2-pointer,5,6-6,'DEN',tied
5,5,5,200103240CLE,37.8,5.7,1st quarter,8:32.0,Antonio McDyess,DEN,False,2-pointer,14,6-6,'DEN',tied
6,6,6,200103240CLE,23.6,6.3,1st quarter,8:06.0,Kevin Willis,DEN,True,2-pointer,1,8-8,'DEN',tied
7,7,7,200103240CLE,39.3,3.7,1st quarter,7:38.0,Kevin Willis,DEN,False,2-pointer,15,8-10,'DEN',trails
8,8,8,200103240CLE,42.0,3.1,1st quarter,7:30.0,Nick Van,DEN,True,2-pointer,18,10-10,'DEN',tied
9,9,9,200103240CLE,2.6,1.0,1st quarter,6:27.0,Voshon Lenard,DEN,True,2-pointer,22,14-13,'DEN',leads
10,10,10,200103240CLE,39.3,4.2,1st quarter,6:02.0,Voshon Lenard,DEN,False,2-pointer,15,14-15,'DEN',trails
11,11,11,200103240CLE,13.5,13.5,1st quarter,5:19.0,Antonio McDyess,DEN,False,2-pointer,14,14-17,'DEN',trails
12,12,12,200103240CLE,24.1,10.5,1st quarter,4:16.0,Nick Van,DEN,True,2-pointer,6,16-21,'DEN',trails
13,13,13,200103240CLE,47.7,2.1,1st quarter,3:49.0,Nick Van,DEN,False,3-pointer,24,16-21,'DEN',trails
14,14,14,200103240CLE,23.6,5.0,1st quarter,3:19.0,Antonio McDyess,DEN,True,2-pointer,0,18-23,'DEN',trails
15,15,15,200103240CLE,13.5,18.7,1st quarter,2:28.0,Ryan Bowen,DEN,False,2-pointer,17,18-23,'DEN',trails
16,16,16,200103240CLE,29.8,16.2,1st quarter,2:09.0,George McCloud,DEN,False,2-pointer,13,18-23,'DEN',trails
17,17,17,200103240CLE,24.1,6.7,1st quarter,1:20.0,Antonio McDyess,DEN,True,2-pointer,2,20-28,'DEN',trails
18,18,18,200103240CLE,25.6,5.7,1st quarter,0:53.0,George McCloud,DEN,True,2-pointer,2,22-31,'DEN',trails
19,19,19,200103240CLE,22.8,8.4,1st quarter,0:29.8,Antonio McDyess,DEN,True,2-pointer,4,25-33,'DEN',trails
20,20,20,200103240CLE,47.1,3.1,1st quarter,0:00.9,George McCloud,DEN,False,3-pointer,23,25-36,'DEN',trails
21,21,21,200103240CLE,36.9,5.0,2nd quarter,10:58.0,Nick Van,DEN,True,2-pointer,13,27-39,'DEN',trails
22,22,22,200103240CLE,12.7,9.0,2nd quarter,10:31.0,Robert Pack,DEN,False,2-pointer,12,27-41,'DEN',trails
23,23,23,200103240CLE,23.6,6.3,2nd quarter,9:52.0,Raef LaFrentz,DEN,True,2-pointer,1,29-43,'DEN',trails
24,24,24,200103240CLE,25.6,6.7,2nd quarter,9:15.0,Ryan Bowen,DEN,False,2-pointer,2,29-45,'DEN',trails
25,25,25,200103240CLE,24.1,7.8,2nd quarter,9:13.0,Ryan Bowen,DEN,False,2-pointer,3,29-45,'DEN',trails
26,26,26,200103240CLE,21.3,6.3,2nd quarter,8:52.0,Voshon Lenard,DEN,False,2-pointer,3,29-45,'DEN',trails
27,27,27,200103240CLE,27.7,6.7,2nd quarter,8:42.0,George McCloud,DEN,True,2-pointer,4,31-45,'DEN',trails
28,28,28,200103240CLE,27.0,4.8,2nd quarter,7:16.0,George McCloud,DEN,True,2-pointer,3,33-47,'DEN',trails
29,29,29,200103240CLE,25.6,30.7,2nd quarter,6:21.0,George McCloud,DEN,False,3-pointer,26,33-48,'DEN',trails
30,30,30,200103240CLE,23.6,5.7,2nd quarter,5:58.0,George McCloud,DEN,True,2-pointer,1,35-48,'DEN',trails
31,31,31,200103240CLE,4.9,3.7,2nd quarter,5:26.0,Nick Van,DEN,False,2-pointer,19,35-48,'DEN',trails
32,32,32,200103240CLE,24.7,6.7,2nd quarter,4:50.0,Nick Van,DEN,False,2-pointer,2,35-50,'DEN',trails
33,33,33,200103240CLE,22.8,7.8,2nd quarter,4:31.0,Nick Van,DEN,False,2-pointer,3,35-50,'DEN',trails
34,34,34,200103240CLE,24.1,6.3,2nd quarter,4:26.0,Antonio McDyess,DEN,True,2-pointer,1,37-50,'DEN',trails
35,35,35,200103240CLE,24.1,6.3,2nd quarter,3:27.0,Antonio McDyess,DEN,False,2-pointer,1,38-54,'DEN',trails
36,36,36,200103240CLE,39.9,3.7,2nd quarter,3:20.0,Kevin Willis,DEN,False,2-pointer,16,38-54,'DEN',trails
37,37,37,200103240CLE,31.3,21.5,2nd quarter,2:41.0,Antonio McDyess,DEN,False,2-pointer,18,40-58,'DEN',trails
38,38,38,200103240CLE,22.2,6.7,2nd quarter,2:26.0,Antonio McDyess,DEN,False,2-pointer,2,40-59,'DEN',trails
39,39,39,200103240CLE,24.1,4.8,2nd quarter,2:21.0,Terry Davis,DEN,False,2-pointer,0,40-59,'DEN',trails
40,40,40,200103240CLE,16.9,4.8,2nd quarter,1:25.0,Nick Van,DEN,True,2-pointer,7,43-63,'DEN',trails
41,41,41,200103240CLE,23.6,7.8,2nd quarter,0:50.1,Terry Davis,DEN,True,2-pointer,3,45-65,'DEN',trails
42,42,42,200103240CLE,26.2,22.1,2nd quarter,0:17.9,Nick Van,DEN,False,2-pointer,17,46-65,'DEN',trails
43,43,43,200103240CLE,13.5,3.7,3rd quarter,11:36.0,James Posey,DEN,True,2-pointer,11,48-65,'DEN',trails
44,44,44,200103240CLE,27.0,5.7,3rd quarter,10:35.0,Nick Van,DEN,True,2-pointer,3,50-65,'DEN',trails
45,45,45,200103240CLE,8.5,4.2,3rd quarter,9:38.0,Antonio McDyess,DEN,False,2-pointer,16,50-67,'DEN',trails
46,46,46,200103240CLE,31.9,6.7,3rd quarter,9:08.0,Antonio McDyess,DEN,False,2-pointer,8,50-69,'DEN',trails
47,47,47,200103240CLE,47.1,3.7,3rd quarter,8:20.0,James Posey,DEN,False,3-pointer,23,50-71,'DEN',trails
48,48,48,200103240CLE,24.1,19.4,3rd quarter,8:12.0,Nick Van,DEN,False,2-pointer,14,50-71,'DEN',trails
49,49,49,200103240CLE,24.1,6.3,3rd quarter,8:05.0,Antonio McDyess,DEN,True,2-pointer,1,52-71,'DEN',trails
50,50,50,200103240CLE,23.6,9.0,3rd quarter,7:37.0,Antonio McDyess,DEN,False,2-pointer,4,52-71,'DEN',trails
51,51,51,200103240CLE,12.1,7.8,3rd quarter,7:04.0,Voshon Lenard,DEN,True,2-pointer,12,54-73,'DEN',trails
52,52,52,200103240CLE,14.2,5.0,3rd quarter,6:44.0,Nick Van,DEN,True,2-pointer,10,56-73,'DEN',trails
53,53,53,200103240CLE,23.6,9.7,3rd quarter,6:14.0,Nick Van,DEN,True,2-pointer,5,58-73,'DEN',trails
54,54,54,200103240CLE,16.3,4.8,3rd quarter,5:36.0,James Posey,DEN,True,2-pointer,8,60-73,'DEN',trails
55,55,55,200103240CLE,8.5,24.2,3rd quarter,5:05.0,Nick Van,DEN,False,3-pointer,25,61-73,'DEN',trails
56,56,56,200103240CLE,15.6,4.8,3rd quarter,3:58.0,Antonio McDyess,DEN,True,2-pointer,8,64-78,'DEN',trails
57,57,57,200103240CLE,33.4,17.2,3rd quarter,3:21.0,Nick Van,DEN,True,2-pointer,15,66-81,'DEN',trails
58,58,58,200103240CLE,31.9,17.2,3rd quarter,2:48.0,Nick Van,DEN,False,2-pointer,15,66-83,'DEN',trails
59,59,59,200103240CLE,24.1,6.7,3rd quarter,0:39.8,Robert Pack,DEN,True,2-pointer,2,74-89,'DEN',trails
60,60,60,200103240CLE,11.2,26.9,3rd quarter,0:00.0,James Posey,DEN,False,3-pointer,25,77-92,'DEN',trails
61,61,61,200103240CLE,12.7,16.6,4th quarter,11:40.0,Robert Pack,DEN,False,2-pointer,16,77-92,'DEN',trails
62,62,62,200103240CLE,23.6,19.4,4th quarter,11:06.0,Antonio McDyess,DEN,True,2-pointer,14,79-92,'DEN',trails
63,63,63,200103240CLE,21.3,9.7,4th quarter,10:33.0,Nick Van,DEN,False,2-pointer,5,79-94,'DEN',trails
64,64,64,200103240CLE,10.6,4.2,4th quarter,9:58.0,Antonio McDyess,DEN,True,2-pointer,13,82-96,'DEN',trails
65,65,65,200103240CLE,9.1,3.7,4th quarter,9:27.0,Robert Pack,DEN,True,2-pointer,15,84-96,'DEN',trails
66,66,66,200103240CLE,-0.2,2.1,4th quarter,9:02.0,Robert Pack,DEN,False,3-pointer,24,84-96,'DEN',trails
67,67,67,200103240CLE,25.6,5.0,4th quarter,8:05.0,Robert Pack,DEN,True,2-pointer,2,86-99,'DEN',trails
68,68,68,200103240CLE,11.2,4.8,4th quarter,7:22.0,Robert Pack,DEN,False,2-pointer,13,86-101,'DEN',trails
69,69,69,200103240CLE,19.8,7.8,4th quarter,6:40.0,Robert Pack,DEN,False,2-pointer,5,88-105,'DEN',trails
70,70,70,200103240CLE,24.1,5.0,4th quarter,6:39.0,Antonio McDyess,DEN,False,2-pointer,0,88-105,'DEN',trails
71,71,71,200103240CLE,26.2,7.8,4th quarter,6:15.0,Nick Van,DEN,True,2-pointer,4,90-105,'DEN',trails
72,72,72,200103240CLE,0.5,1.0,4th quarter,5:34.0,Nick Van,DEN,False,3-pointer,24,90-105,'DEN',trails
73,73,73,200103240CLE,47.5,2.9,4th quarter,5:27.0,Voshon Lenard,DEN,True,3-pointer,24,93-105,'DEN',trails
74,74,74,200103240CLE,22.8,9.0,4th quarter,5:00.0,Nick Van,DEN,False,2-pointer,4,93-105,'DEN',trails
75,75,75,200103240CLE,24.1,8.4,4th quarter,3:29.0,Robert Pack,DEN,False,2-pointer,3,97-107,'DEN',trails
76,76,76,200103240CLE,24.7,7.8,4th quarter,3:23.0,Nick Van,DEN,False,2-pointer,3,97-107,'DEN',trails
77,77,77,200103240CLE,24.1,5.7,4th quarter,3:00.0,Antonio McDyess,DEN,True,2-pointer,1,99-107,'DEN',trails
78,78,78,200103240CLE,22.2,10.1,4th quarter,2:21.0,Nick Van,DEN,False,2-pointer,5,99-109,'DEN',trails
79,79,79,200103240CLE,29.1,6.3,4th quarter,1:47.0,Antonio McDyess,DEN,True,2-pointer,5,101-109,'DEN',trails
80,80,80,200103240CLE,0.5,1.4,4th quarter,1:22.0,Voshon Lenard,DEN,False,3-pointer,24,101-111,'DEN',trails
81,81,81,200103240CLE,23.4,30.9,4th quarter,0:55.4,Robert Pack,DEN,True,3-pointer,26,104-113,'DEN',trails
82,82,82,200103240CLE,7.8,24.2,4th quarter,0:22.9,Robert Pack,DEN,False,3-pointer,25,105-117,'DEN',trails
83,83,83,200103240CLE,24.1,10.5,1st quarter,11:28.0,Wesley Person,CLE,False,2-pointer,6,0-0,'DEN',tied
84,84,84,200103240CLE,38.4,3.1,1st quarter,10:51.0,Matt Harpring,CLE,False,2-pointer,15,0-2,'DEN',trails
85,85,85,200103240CLE,10.6,4.8,1st quarter,10:14.0,Wesley Person,CLE,False,2-pointer,13,0-4,'DEN',trails
86,86,86,200103240CLE,24.1,6.3,1st quarter,10:00.0,Andre Miller,CLE,True,2-pointer,1,2-4,'DEN',trails
87,87,87,200103240CLE,39.3,3.7,1st quarter,9:14.0,Matt Harpring,CLE,False,2-pointer,15,4-4,'DEN',tied
88,88,88,200103240CLE,32.5,17.2,1st quarter,8:47.0,Clarence Weatherspoon,CLE,False,2-pointer,15,6-6,'DEN',tied
89,89,89,200103240CLE,24.1,13.5,1st quarter,8:25.0,Wesley Person,CLE,True,2-pointer,9,8-6,'DEN',leads
90,90,90,200103240CLE,23.6,6.3,1st quarter,7:57.0,Matt Harpring,CLE,True,2-pointer,1,10-8,'DEN',leads
91,91,91,200103240CLE,22.8,7.3,1st quarter,7:17.0,Andre Miller,CLE,True,2-pointer,3,12-10,'DEN',leads
92,92,92,200103240CLE,24.7,12.2,1st quarter,6:45.0,Wesley Person,CLE,False,2-pointer,7,12-12,'DEN',tied
93,93,93,200103240CLE,23.6,6.7,1st quarter,6:17.0,Matt Harpring,CLE,True,2-pointer,2,15-14,'DEN',leads
94,94,94,200103240CLE,25.6,8.4,1st quarter,5:50.0,Chris Mihm,CLE,False,2-pointer,4,15-14,'DEN',leads
95,95,95,200103240CLE,26.2,5.0,1st quarter,5:47.0,Chris Mihm,CLE,False,2-pointer,2,15-14,'DEN',leads
96,96,96,200103240CLE,24.7,6.7,1st quarter,5:35.0,Clarence Weatherspoon,CLE,True,2-pointer,2,17-14,'DEN',leads
97,97,97,200103240CLE,24.1,13.9,1st quarter,5:05.0,Clarence Weatherspoon,CLE,True,2-pointer,9,19-14,'DEN',leads
98,98,98,200103240CLE,24.1,12.2,1st quarter,4:26.0,Andre Miller,CLE,True,2-pointer,7,21-14,'DEN',leads
99,99,99,200103240CLE,24.1,10.1,1st quarter,4:03.0,Andre Miller,CLE,False,2-pointer,5,21-16,'DEN',leads
100,100,100,200103240CLE,24.1,7.8,1st quarter,4:02.0,Andre Miller,CLE,False,2-pointer,3,21-16,'DEN',leads
101,101,101,200103240CLE,-0.2,3.1,1st quarter,3:41.0,Wesley Person,CLE,False,3-pointer,24,21-16,'DEN',leads
102,102,102,200103240CLE,24.1,5.7,1st quarter,3:39.0,Matt Harpring,CLE,True,2-pointer,1,23-16,'DEN',leads
103,103,103,200103240CLE,21.3,7.3,1st quarter,2:59.0,Clarence Weatherspoon,CLE,False,2-pointer,4,23-18,'DEN',leads
104,104,104,200103240CLE,24.1,5.0,1st quarter,2:01.0,Matt Harpring,CLE,True,2-pointer,0,25-18,'DEN',leads
105,105,105,200103240CLE,24.7,5.7,1st quarter,1:41.0,Matt Harpring,CLE,True,2-pointer,1,27-18,'DEN',leads
106,106,106,200103240CLE,24.1,30.3,1st quarter,1:05.0,Trajan Langdon,CLE,True,3-pointer,25,31-20,'DEN',leads
107,107,107,200103240CLE,22.8,10.1,1st quarter,0:40.6,Trajan Langdon,CLE,True,2-pointer,5,33-23,'DEN',leads
108,108,108,200103240CLE,47.1,3.1,1st quarter,0:08.8,Chris Gatling,CLE,True,3-pointer,23,36-25,'DEN',leads
109,109,109,200103240CLE,24.1,9.7,2nd quarter,11:38.0,Lamond Murray,CLE,False,2-pointer,5,36-25,'DEN',leads
110,110,110,200103240CLE,27.0,5.7,2nd quarter,11:33.0,Chris Gatling,CLE,False,2-pointer,3,36-25,'DEN',leads
111,111,111,200103240CLE,23.6,30.3,2nd quarter,11:19.0,Trajan Langdon,CLE,True,3-pointer,25,39-25,'DEN',leads
112,112,112,200103240CLE,24.1,6.7,2nd quarter,11:07.0,Andre Miller,CLE,False,2-pointer,2,39-25,'DEN',leads
113,113,113,200103240CLE,24.1,9.7,2nd quarter,10:39.0,Chris Gatling,CLE,True,2-pointer,5,41-27,'DEN',leads
114,114,114,200103240CLE,24.7,8.4,2nd quarter,10:16.0,Chris Gatling,CLE,True,2-pointer,3,43-27,'DEN',leads
115,115,115,200103240CLE,42.0,2.7,2nd quarter,9:36.0,Chris Gatling,CLE,True,2-pointer,18,45-29,'DEN',leads
116,116,116,200103240CLE,25.6,7.3,2nd quarter,8:00.0,Chris Gatling,CLE,False,2-pointer,3,45-31,'DEN',leads
117,117,117,200103240CLE,24.1,5.7,2nd quarter,7:35.0,Lamond Murray,CLE,True,2-pointer,1,47-31,'DEN',leads
118,118,118,200103240CLE,22.8,7.8,2nd quarter,6:58.0,Chris Gatling,CLE,False,2-pointer,3,47-33,'DEN',leads
119,119,119,200103240CLE,21.3,3.7,2nd quarter,6:37.0,Lamond Murray,CLE,False,2-pointer,3,47-33,'DEN',leads
120,120,120,200103240CLE,22.8,4.8,2nd quarter,6:35.0,Lamond Murray,CLE,False,2-pointer,1,47-33,'DEN',leads
121,121,121,200103240CLE,22.2,7.3,2nd quarter,6:09.0,Lamond Murray,CLE,False,2-pointer,3,48-33,'DEN',leads
122,122,122,200103240CLE,15.6,18.3,2nd quarter,5:40.0,Trajan Langdon,CLE,False,2-pointer,16,48-35,'DEN',leads
123,123,123,200103240CLE,22.2,7.8,2nd quarter,5:34.0,Trajan Langdon,CLE,False,2-pointer,3,48-35,'DEN',leads
124,124,124,200103240CLE,23.6,10.5,2nd quarter,5:10.0,Andre Miller,CLE,True,2-pointer,6,50-35,'DEN',leads
125,125,125,200103240CLE,39.3,3.7,2nd quarter,4:11.0,Clarence Weatherspoon,CLE,True,2-pointer,15,52-37,'DEN',leads
126,126,126,200103240CLE,32.5,16.2,2nd quarter,3:13.0,Andre Miller,CLE,True,2-pointer,14,56-38,'DEN',leads
127,127,127,200103240CLE,41.4,4.2,2nd quarter,1:40.0,Chris Gatling,CLE,True,2-pointer,17,63-41,'DEN',leads
128,128,128,200103240CLE,32.5,6.7,2nd quarter,1:07.0,Chris Gatling,CLE,True,2-pointer,9,65-43,'DEN',leads
129,129,129,200103240CLE,39.9,3.7,2nd quarter,0:37.9,Chris Gatling,CLE,False,2-pointer,16,65-46,'DEN',leads
130,130,130,200103240CLE,26.2,14.9,2nd quarter,0:00.9,Bimbo Coles,CLE,False,2-pointer,10,65-46,'DEN',leads
131,131,131,200103240CLE,16.9,8.4,3rd quarter,11:46.0,Wesley Person,CLE,False,2-pointer,8,65-46,'DEN',leads
132,132,132,200103240CLE,9.9,2.1,3rd quarter,10:53.0,Matt Harpring,CLE,False,2-pointer,14,65-48,'DEN',leads
133,133,133,200103240CLE,26.2,20.4,3rd quarter,10:17.0,Chris Gatling,CLE,False,2-pointer,16,65-50,'DEN',leads
134,134,134,200103240CLE,7.8,18.7,3rd quarter,9:56.0,Matt Harpring,CLE,True,2-pointer,21,67-50,'DEN',leads
135,135,135,200103240CLE,42.8,2.7,3rd quarter,9:25.0,Wesley Person,CLE,True,2-pointer,19,69-50,'DEN',leads
136,136,136,200103240CLE,25.6,9.7,3rd quarter,8:58.0,Chris Gatling,CLE,False,2-pointer,5,69-50,'DEN',leads
137,137,137,200103240CLE,24.1,7.3,3rd quarter,8:31.0,Chris Gatling,CLE,True,2-pointer,2,71-50,'DEN',leads
138,138,138,200103240CLE,34.0,5.0,3rd quarter,7:16.0,Wesley Person,CLE,True,2-pointer,10,73-52,'DEN',leads
139,139,139,200103240CLE,47.1,2.7,3rd quarter,6:57.0,Wesley Person,CLE,False,3-pointer,23,73-54,'DEN',leads
140,140,140,200103240CLE,35.5,5.0,3rd quarter,6:32.0,Clarence Weatherspoon,CLE,False,2-pointer,12,73-56,'DEN',leads
141,141,141,200103240CLE,21.3,10.1,3rd quarter,5:56.0,Chris Gatling,CLE,False,2-pointer,6,73-58,'DEN',leads
142,142,142,200103240CLE,14.8,16.6,3rd quarter,5:14.0,Andre Miller,CLE,False,2-pointer,15,73-61,'DEN',leads
143,143,143,200103240CLE,19.2,14.9,3rd quarter,4:56.0,Andre Miller,CLE,True,2-pointer,11,75-61,'DEN',leads
144,144,144,200103240CLE,47.1,10.5,3rd quarter,4:17.0,Lamond Murray,CLE,True,3-pointer,24,78-62,'DEN',leads
145,145,145,200103240CLE,47.1,2.1,3rd quarter,3:46.0,Lamond Murray,CLE,True,3-pointer,23,81-64,'DEN',leads
146,146,146,200103240CLE,24.1,10.5,3rd quarter,3:11.0,Clarence Weatherspoon,CLE,True,2-pointer,6,83-66,'DEN',leads
147,147,147,200103240CLE,32.5,16.6,3rd quarter,2:08.0,Wesley Person,CLE,False,2-pointer,14,85-68,'DEN',leads
148,148,148,200103240CLE,23.6,6.7,3rd quarter,1:20.0,Lamond Murray,CLE,True,2-pointer,2,87-70,'DEN',leads
149,149,149,200103240CLE,7.8,2.7,3rd quarter,0:48.5,Lamond Murray,CLE,True,2-pointer,16,89-72,'DEN',leads
150,150,150,200103240CLE,13.5,27.6,3rd quarter,0:20.9,Lamond Murray,CLE,False,3-pointer,25,89-75,'DEN',leads
151,151,151,200103240CLE,24.1,7.8,3rd quarter,0:17.2,Chris Gatling,CLE,True,2-pointer,3,91-75,'DEN',leads
152,152,152,200103240CLE,7.0,3.1,4th quarter,11:24.0,Trajan Langdon,CLE,False,2-pointer,17,92-77,'DEN',leads
153,153,153,200103240CLE,39.3,7.8,4th quarter,11:17.0,Lamond Murray,CLE,False,2-pointer,16,92-77,'DEN',leads
154,154,154,200103240CLE,24.7,9.7,4th quarter,10:50.0,Clarence Weatherspoon,CLE,False,2-pointer,5,92-79,'DEN',leads
155,155,155,200103240CLE,47.1,7.3,4th quarter,9:11.0,Trajan Langdon,CLE,False,3-pointer,23,96-84,'DEN',leads
156,156,156,200103240CLE,13.5,17.2,4th quarter,8:19.0,Trajan Langdon,CLE,True,2-pointer,16,99-84,'DEN',leads
157,157,157,200103240CLE,22.8,6.7,4th quarter,7:38.0,Clarence Weatherspoon,CLE,True,2-pointer,2,101-86,'DEN',leads
158,158,158,200103240CLE,24.1,6.7,4th quarter,7:14.0,Clarence Weatherspoon,CLE,True,2-pointer,2,103-86,'DEN',leads
159,159,159,200103240CLE,39.9,4.2,4th quarter,6:23.0,Chris Gatling,CLE,False,2-pointer,16,105-88,'DEN',leads
160,160,160,200103240CLE,1.1,2.1,4th quarter,5:10.0,Lamond Murray,CLE,False,3-pointer,23,105-93,'DEN',leads
161,161,161,200103240CLE,24.1,10.5,4th quarter,4:43.0,Wesley Person,CLE,True,2-pointer,6,107-93,'DEN',leads
162,162,162,200103240CLE,24.7,9.7,4th quarter,4:13.0,Lamond Murray,CLE,False,2-pointer,5,107-94,'DEN',leads
163,163,163,200103240CLE,24.1,7.3,4th quarter,4:11.0,Clarence Weatherspoon,CLE,False,2-pointer,2,107-94,'DEN',leads
164,164,164,200103240CLE,0.5,2.7,4th quarter,4:04.0,Wesley Person,CLE,False,3-pointer,24,107-94,'DEN',leads
165,165,165,200103240CLE,27.7,7.8,4th quarter,3:05.0,Lamond Murray,CLE,False,2-pointer,5,107-97,'DEN',leads
166,166,166,200103240CLE,41.4,3.7,4th quarter,1:57.0,Matt Harpring,CLE,False,2-pointer,17,109-99,'DEN',leads
167,167,167,200103240CLE,4.9,2.7,4th quarter,1:02.0,Wesley Person,CLE,True,2-pointer,19,113-101,'DEN',leads
168,168,168,200103240DAL,12.7,5.4,1st quarter,11:26.0,Elden Campbell,CHH,True,2-pointer,11,2-0,'CHH',leads
169,169,169,200103240DAL,27.0,26.3,1st quarter,10:37.0,David Wesley,CHH,False,2-pointer,22,2-0,'CHH',leads
170,170,170,200103240DAL,0.5,7.6,1st quarter,10:24.0,Jamal Mashburn,CHH,False,3-pointer,24,2-0,'CHH',leads
171,171,171,200103240DAL,24.0,5.0,1st quarter,10:13.0,Jamal Mashburn,CHH,False,2-pointer,0,2-0,'CHH',leads
172,172,172,200103240DAL,0.5,7.6,1st quarter,9:59.0,Jamal Mashburn,CHH,True,3-pointer,24,5-0,'CHH',leads
173,173,173,200103240DAL,18.4,21.9,1st quarter,9:29.0,Elden Campbell,CHH,False,2-pointer,18,5-0,'CHH',leads
174,174,174,200103240DAL,7.8,10.7,1st quarter,8:57.0,Baron Davis,CHH,False,2-pointer,17,5-0,'CHH',leads
175,175,175,200103240DAL,37.8,17.9,1st quarter,8:28.0,David Wesley,CHH,False,2-pointer,19,5-0,'CHH',leads
176,176,176,200103240DAL,12.1,25.7,1st quarter,8:24.0,David Wesley,CHH,True,3-pointer,24,8-0,'CHH',leads
177,177,177,200103240DAL,13.5,6.5,1st quarter,7:37.0,Elden Campbell,CHH,True,2-pointer,11,10-3,'CHH',leads
178,178,178,200103240DAL,24.0,5.0,1st quarter,6:36.0,Jamal Mashburn,CHH,True,2-pointer,0,13-6,'CHH',leads
179,179,179,200103240DAL,24.0,5.0,1st quarter,6:12.0,Baron Davis,CHH,False,2-pointer,0,13-8,'CHH',leads
180,180,180,200103240DAL,24.0,5.0,1st quarter,5:40.0,David Wesley,CHH,True,2-pointer,0,15-10,'CHH',leads
181,181,181,200103240DAL,42.8,16.8,1st quarter,4:57.0,Baron Davis,CHH,False,2-pointer,22,15-12,'CHH',leads
182,182,182,200103240DAL,18.4,9.7,1st quarter,4:45.0,David Wesley,CHH,False,2-pointer,7,15-12,'CHH',leads
183,183,183,200103240DAL,4.9,20.2,1st quarter,4:06.0,Eldridge Recasner,CHH,False,3-pointer,24,17-12,'CHH',leads
184,184,184,200103240DAL,35.5,8.0,1st quarter,3:08.0,Jamaal Magloire,CHH,True,2-pointer,12,19-16,'CHH',leads
185,185,185,200103240DAL,36.9,7.6,1st quarter,2:36.0,Jamal Mashburn,CHH,False,2-pointer,13,19-19,'CHH',tied
186,186,186,200103240DAL,29.1,11.3,1st quarter,2:08.0,Eldridge Recasner,CHH,False,2-pointer,8,19-21,'CHH',trails
187,187,187,200103240DAL,38.4,14.1,1st quarter,1:22.0,Eddie Robinson,CHH,False,2-pointer,17,19-26,'CHH',trails
188,188,188,200103240DAL,31.9,6.5,1st quarter,1:02.0,Eddie Robinson,CHH,True,2-pointer,8,21-28,'CHH',trails
189,189,189,200103240DAL,29.8,15.1,1st quarter,0:13.9,Eddie Robinson,CHH,False,2-pointer,12,22-32,'CHH',trails
190,190,190,200103240DAL,12.1,27.4,2nd quarter,11:38.0,Baron Davis,CHH,False,3-pointer,25,22-34,'CHH',trails
191,191,191,200103240DAL,7.8,13.0,2nd quarter,11:24.0,Elden Campbell,CHH,True,2-pointer,18,24-34,'CHH',trails
192,192,192,200103240DAL,22.8,19.8,2nd quarter,10:55.0,Eddie Robinson,CHH,False,2-pointer,15,24-36,'CHH',trails
193,193,193,200103240DAL,36.9,13.7,2nd quarter,10:08.0,Eddie Robinson,CHH,False,2-pointer,16,24-38,'CHH',trails
194,194,194,200103240DAL,36.3,7.6,2nd quarter,9:14.0,Baron Davis,CHH,False,2-pointer,13,26-38,'CHH',trails
195,195,195,200103240DAL,11.2,8.0,2nd quarter,8:12.0,Jamal Mashburn,CHH,False,2-pointer,13,26-41,'CHH',trails
196,196,196,200103240DAL,24.0,5.0,2nd quarter,7:42.0,Otis Thorpe,CHH,True,2-pointer,0,28-41,'CHH',trails
197,197,197,200103240DAL,8.5,10.7,2nd quarter,7:15.0,Jamal Mashburn,CHH,False,2-pointer,17,28-41,'CHH',trails
198,198,198,200103240DAL,24.0,5.0,2nd quarter,6:44.0,Elden Campbell,CHH,True,2-pointer,0,30-43,'CHH',trails
199,199,199,200103240DAL,24.1,21.3,2nd quarter,6:14.0,Elden Campbell,CHH,True,2-pointer,16,32-43,'CHH',trails
200,200,200,200103240DAL,36.3,22.9,2nd quarter,5:36.0,Jamal Mashburn,CHH,False,2-pointer,22,32-45,'CHH',trails
201,201,201,200103240DAL,34.8,12.6,2nd quarter,3:33.0,Baron Davis,CHH,True,2-pointer,13,37-49,'CHH',trails
202,202,202,200103240DAL,24.0,5.0,2nd quarter,2:41.0,Jamaal Magloire,CHH,False,2-pointer,0,37-51,'CHH',trails
203,203,203,200103240DAL,24.0,5.0,2nd quarter,2:15.0,David Wesley,CHH,True,2-pointer,0,39-51,'CHH',trails
204,204,204,200103240DAL,24.0,5.0,2nd quarter,1:22.0,Jamaal Magloire,CHH,False,2-pointer,0,41-51,'CHH',trails
205,205,205,200103240DAL,24.0,5.0,2nd quarter,0:55.4,Jamaal Magloire,CHH,False,2-pointer,0,41-53,'CHH',trails
206,206,206,200103240DAL,24.0,5.0,2nd quarter,0:52.6,Jamaal Magloire,CHH,True,2-pointer,0,43-53,'CHH',trails
207,207,207,200103240DAL,9.1,11.3,3rd quarter,11:39.0,Jamal Mashburn,CHH,False,2-pointer,16,45-57,'CHH',trails
208,208,208,200103240DAL,24.1,22.3,3rd quarter,11:18.0,Baron Davis,CHH,False,2-pointer,17,45-57,'CHH',trails
209,209,209,200103240DAL,15.6,6.5,3rd quarter,10:51.0,P.J. Brown,CHH,False,2-pointer,9,45-57,'CHH',trails
210,210,210,200103240DAL,12.1,5.4,3rd quarter,10:45.0,Elden Campbell,CHH,False,2-pointer,12,45-57,'CHH',trails
211,211,211,200103240DAL,39.3,5.9,3rd quarter,10:12.0,P.J. Brown,CHH,True,2-pointer,15,47-59,'CHH',trails
212,212,212,200103240DAL,24.0,5.0,3rd quarter,9:52.0,Baron Davis,CHH,False,2-pointer,0,47-59,'CHH',trails
213,213,213,200103240DAL,10.6,25.0,3rd quarter,9:45.0,David Wesley,CHH,False,3-pointer,24,47-59,'CHH',trails
214,214,214,200103240DAL,1.9,5.9,3rd quarter,8:59.0,Jamal Mashburn,CHH,True,3-pointer,22,50-59,'CHH',trails
215,215,215,200103240DAL,24.0,5.0,3rd quarter,8:29.0,Jamal Mashburn,CHH,False,2-pointer,0,50-59,'CHH',trails
216,216,216,200103240DAL,24.0,5.0,3rd quarter,8:23.0,P.J. Brown,CHH,True,2-pointer,0,52-59,'CHH',trails
217,217,217,200103240DAL,42.8,21.3,3rd quarter,7:40.0,David Wesley,CHH,False,3-pointer,25,52-62,'CHH',trails
218,218,218,200103240DAL,31.9,17.5,3rd quarter,6:37.0,Jamal Mashburn,CHH,False,2-pointer,15,52-64,'CHH',trails
219,219,219,200103240DAL,18.4,7.6,3rd quarter,6:16.0,David Wesley,CHH,False,2-pointer,6,52-64,'CHH',trails
220,220,220,200103240DAL,7.0,6.9,3rd quarter,6:12.0,David Wesley,CHH,False,2-pointer,17,52-64,'CHH',trails
221,221,221,200103240DAL,37.8,9.7,3rd quarter,5:12.0,Jamal Mashburn,CHH,False,2-pointer,15,54-68,'CHH',trails
222,222,222,200103240DAL,17.7,11.3,3rd quarter,3:56.0,Elden Campbell,CHH,False,2-pointer,9,58-70,'CHH',trails
223,223,223,200103240DAL,24.0,5.0,3rd quarter,3:19.0,Jamaal Magloire,CHH,True,2-pointer,0,60-70,'CHH',trails
224,224,224,200103240DAL,25.6,10.7,3rd quarter,2:50.0,Jamaal Magloire,CHH,False,2-pointer,6,60-70,'CHH',trails
225,225,225,200103240DAL,24.0,5.0,3rd quarter,2:04.0,David Wesley,CHH,False,2-pointer,0,60-70,'CHH',trails
226,226,226,200103240DAL,24.0,5.0,3rd quarter,2:01.0,Jamaal Magloire,CHH,True,2-pointer,0,62-70,'CHH',trails
227,227,227,200103240DAL,39.3,6.5,4th quarter,11:10.0,Eddie Robinson,CHH,False,2-pointer,15,69-75,'CHH',trails
228,228,228,200103240DAL,9.9,5.9,4th quarter,10:38.0,Eddie Robinson,CHH,True,2-pointer,14,71-77,'CHH',trails
229,229,229,200103240DAL,9.9,25.0,4th quarter,9:41.0,Baron Davis,CHH,False,3-pointer,24,72-81,'CHH',trails
230,230,230,200103240DAL,24.0,5.0,4th quarter,9:32.0,Baron Davis,CHH,True,2-pointer,0,74-81,'CHH',trails
231,231,231,200103240DAL,16.3,28.4,4th quarter,7:33.0,Baron Davis,CHH,False,3-pointer,25,76-86,'CHH',trails
232,232,232,200103240DAL,24.0,5.0,4th quarter,7:07.0,David Wesley,CHH,True,2-pointer,0,78-86,'CHH',trails
233,233,233,200103240DAL,43.5,20.2,4th quarter,6:47.0,Jamal Mashburn,CHH,False,3-pointer,25,78-86,'CHH',trails
234,234,234,200103240DAL,24.0,5.0,4th quarter,6:03.0,David Wesley,CHH,True,2-pointer,0,80-88,'CHH',trails
235,235,235,200103240DAL,33.4,19.1,4th quarter,5:10.0,P.J. Brown,CHH,False,2-pointer,17,81-93,'CHH',trails
236,236,236,200103240DAL,16.3,5.9,4th quarter,3:54.0,Elden Campbell,CHH,True,2-pointer,8,85-95,'CHH',trails
237,237,237,200103240DAL,6.4,21.3,4th quarter,3:13.0,Jamal Mashburn,CHH,False,3-pointer,24,85-97,'CHH',trails
238,238,238,200103240DAL,47.1,5.4,4th quarter,3:07.0,David Wesley,CHH,True,3-pointer,23,88-97,'CHH',trails
239,239,239,200103240DAL,16.9,9.2,4th quarter,2:24.0,Elden Campbell,CHH,True,2-pointer,8,90-97,'CHH',trails
240,240,240,200103240DAL,32.5,9.7,4th quarter,1:27.0,Jamal Mashburn,CHH,False,2-pointer,10,92-97,'CHH',trails
241,241,241,200103240DAL,24.0,5.0,4th quarter,1:25.0,P.J. Brown,CHH,False,2-pointer,0,92-97,'CHH',trails
242,242,242,200103240DAL,9.9,8.0,4th quarter,0:54.3,Elden Campbell,CHH,False,2-pointer,14,94-99,'CHH',trails
243,243,243,200103240DAL,24.0,5.0,4th quarter,0:41.8,P.J. Brown,CHH,True,2-pointer,0,96-101,'CHH',trails
244,244,244,200103240DAL,24.0,5.0,4th quarter,0:20.5,Elden Campbell,CHH,True,2-pointer,0,98-101,'CHH',trails
245,245,245,200103240DAL,28.3,10.3,4th quarter,0:06.8,Jamal Mashburn,CHH,False,2-pointer,7,98-102,'CHH',trails
246,246,246,200103240DAL,16.9,28.4,4th quarter,0:01.3,Baron Davis,CHH,False,3-pointer,24,98-103,'CHH',trails
247,247,247,200103240DAL,8.5,5.9,4th quarter,0:00.3,Elden Campbell,CHH,True,2-pointer,16,100-103,'CHH',trails
248,248,248,200103240DAL,14.8,16.8,1st quarter,10:56.0,Steve Nash,DAL,False,2-pointer,15,0-2,'CHH',trails
249,249,249,200103240DAL,24.0,5.0,1st quarter,10:20.0,Michael Finley,DAL,False,2-pointer,0,0-2,'CHH',trails
250,250,250,200103240DAL,15.6,19.8,1st quarter,10:08.0,Dirk Nowitzki,DAL,False,2-pointer,17,0-2,'CHH',trails
251,251,251,200103240DAL,15.6,17.9,1st quarter,9:18.0,Juwan Howard,DAL,False,2-pointer,15,0-5,'CHH',trails
252,252,252,200103240DAL,24.0,5.0,1st quarter,8:50.0,Steve Nash,DAL,False,2-pointer,0,0-5,'CHH',trails
253,253,253,200103240DAL,40.7,22.3,1st quarter,7:59.0,Steve Nash,DAL,True,3-pointer,24,3-8,'CHH',trails
254,254,254,200103240DAL,46.2,5.4,1st quarter,7:20.0,Dirk Nowitzki,DAL,True,3-pointer,22,6-10,'CHH',trails
255,255,255,200103240DAL,23.6,12.6,1st quarter,6:44.0,Juwan Howard,DAL,False,2-pointer,8,6-11,'CHH',trails
256,256,256,200103240DAL,10.6,13.0,1st quarter,6:28.0,Dirk Nowitzki,DAL,True,2-pointer,16,8-13,'CHH',trails
257,257,257,200103240DAL,27.0,14.7,1st quarter,5:59.0,Michael Finley,DAL,False,2-pointer,10,8-13,'CHH',trails
258,258,258,200103240DAL,24.0,5.0,1st quarter,5:57.0,Juwan Howard,DAL,True,2-pointer,0,10-13,'CHH',trails
259,259,259,200103240DAL,19.8,8.6,1st quarter,5:25.0,Shawn Bradley,DAL,False,2-pointer,6,10-15,'CHH',trails
260,260,260,200103240DAL,32.5,7.6,1st quarter,5:16.0,Michael Finley,DAL,True,2-pointer,9,12-15,'CHH',trails
261,261,261,200103240DAL,29.8,26.9,1st quarter,3:59.0,Steve Nash,DAL,True,2-pointer,23,14-17,'CHH',trails
262,262,262,200103240DAL,34.8,26.9,1st quarter,2:51.0,Steve Nash,DAL,True,3-pointer,24,19-19,'CHH',tied
263,263,263,200103240DAL,24.0,5.0,1st quarter,2:32.0,Dirk Nowitzki,DAL,True,2-pointer,0,21-19,'CHH',leads
264,264,264,200103240DAL,16.9,28.4,1st quarter,1:49.0,Steve Nash,DAL,True,3-pointer,24,26-19,'CHH',leads
265,265,265,200103240DAL,11.2,25.7,1st quarter,0:43.0,Steve Nash,DAL,True,3-pointer,24,31-21,'CHH',leads
266,266,266,200103240DAL,17.7,13.0,1st quarter,0:00.9,Michael Finley,DAL,True,2-pointer,10,34-22,'CHH',leads
267,267,267,200103240DAL,24.1,11.3,2nd quarter,11:06.0,Michael Finley,DAL,True,2-pointer,6,36-24,'CHH',leads
268,268,268,200103240DAL,41.4,18.5,2nd quarter,10:30.0,Michael Finley,DAL,True,2-pointer,22,38-24,'CHH',leads
269,269,269,200103240DAL,43.5,10.7,2nd quarter,10:01.0,Michael Finley,DAL,False,2-pointer,20,38-24,'CHH',leads
270,270,270,200103240DAL,27.0,18.5,2nd quarter,9:25.0,Calvin Booth,DAL,False,2-pointer,14,38-26,'CHH',leads
271,271,271,200103240DAL,47.1,8.6,2nd quarter,8:40.0,Michael Finley,DAL,False,3-pointer,23,39-26,'CHH',leads
272,272,272,200103240DAL,24.1,10.7,2nd quarter,8:36.0,Juwan Howard,DAL,True,2-pointer,6,41-26,'CHH',leads
273,273,273,200103240DAL,9.1,10.3,2nd quarter,7:53.0,Juwan Howard,DAL,False,2-pointer,16,41-26,'CHH',leads
274,274,274,200103240DAL,9.1,15.1,2nd quarter,7:06.0,Dirk Nowitzki,DAL,True,2-pointer,18,43-28,'CHH',leads
275,275,275,200103240DAL,9.1,24.0,2nd quarter,6:26.0,Howard Eisley,DAL,False,3-pointer,24,43-30,'CHH',leads
276,276,276,200103240DAL,31.9,10.3,2nd quarter,5:55.0,Shawn Bradley,DAL,True,2-pointer,10,45-32,'CHH',leads
277,277,277,200103240DAL,40.7,22.9,2nd quarter,5:28.0,Dirk Nowitzki,DAL,False,3-pointer,24,45-32,'CHH',leads
278,278,278,200103240DAL,46.2,5.9,2nd quarter,4:56.0,Howard Eisley,DAL,False,3-pointer,22,45-33,'CHH',leads
279,279,279,200103240DAL,24.0,5.0,2nd quarter,4:33.0,Shawn Bradley,DAL,False,2-pointer,0,45-35,'CHH',leads
280,280,280,200103240DAL,39.9,7.6,2nd quarter,3:58.0,Shawn Bradley,DAL,True,2-pointer,16,49-35,'CHH',leads
281,281,281,200103240DAL,6.4,21.9,2nd quarter,3:10.0,Howard Eisley,DAL,False,3-pointer,24,49-37,'CHH',leads
282,282,282,200103240DAL,24.0,5.0,2nd quarter,3:01.0,Howard Eisley,DAL,True,2-pointer,0,51-37,'CHH',leads
283,283,283,200103240DAL,16.9,5.9,2nd quarter,2:23.0,Dirk Nowitzki,DAL,False,2-pointer,7,51-37,'CHH',leads
284,284,284,200103240DAL,42.0,23.6,2nd quarter,2:01.0,Steve Nash,DAL,False,3-pointer,26,51-39,'CHH',leads
285,285,285,200103240DAL,1.1,6.9,2nd quarter,1:52.0,Howard Eisley,DAL,False,3-pointer,23,51-39,'CHH',leads
286,286,286,200103240DAL,9.1,5.4,2nd quarter,1:32.0,Shawn Bradley,DAL,False,2-pointer,15,51-41,'CHH',leads
287,287,287,200103240DAL,40.7,20.8,2nd quarter,1:15.0,Steve Nash,DAL,True,2-pointer,23,53-41,'CHH',leads
288,288,288,200103240DAL,39.9,14.7,2nd quarter,0:35.2,Michael Finley,DAL,True,2-pointer,19,55-43,'CHH',leads
289,289,289,200103240DAL,22.2,11.3,3rd quarter,11:24.0,Shawn Bradley,DAL,False,2-pointer,7,57-45,'CHH',leads
290,290,290,200103240DAL,7.9,9.9,3rd quarter,11:05.0,Dirk Nowitzki,DAL,False,2-pointer,17,57-45,'CHH',leads
291,291,291,200103240DAL,24.0,5.0,3rd quarter,10:37.0,Michael Finley,DAL,True,2-pointer,0,59-45,'CHH',leads
292,292,292,200103240DAL,11.2,25.7,3rd quarter,9:58.0,Steve Nash,DAL,False,3-pointer,24,59-47,'CHH',leads
293,293,293,200103240DAL,32.5,28.0,3rd quarter,9:17.0,Michael Finley,DAL,False,3-pointer,25,59-47,'CHH',leads
294,294,294,200103240DAL,46.2,5.9,3rd quarter,8:02.0,Dirk Nowitzki,DAL,True,3-pointer,22,62-52,'CHH',leads
295,295,295,200103240DAL,1.1,6.5,3rd quarter,7:24.0,Steve Nash,DAL,False,3-pointer,23,62-52,'CHH',leads
296,296,296,200103240DAL,24.0,5.0,3rd quarter,7:02.0,Juwan Howard,DAL,False,2-pointer,0,62-52,'CHH',leads
297,297,297,200103240DAL,24.0,5.0,3rd quarter,6:30.0,Juwan Howard,DAL,False,2-pointer,0,64-52,'CHH',leads
298,298,298,200103240DAL,8.5,10.3,3rd quarter,5:29.0,Michael Finley,DAL,True,2-pointer,16,68-54,'CHH',leads
299,299,299,200103240DAL,16.3,5.9,3rd quarter,4:44.0,Juwan Howard,DAL,False,2-pointer,8,68-56,'CHH',leads
300,300,300,200103240DAL,37.8,22.3,3rd quarter,4:13.0,Michael Finley,DAL,True,2-pointer,22,70-58,'CHH',leads
301,301,301,200103240DAL,47.7,5.4,3rd quarter,2:30.0,Dirk Nowitzki,DAL,False,3-pointer,24,70-60,'CHH',leads
302,302,302,200103240DAL,23.6,13.7,3rd quarter,2:26.0,Howard Eisley,DAL,False,2-pointer,9,70-60,'CHH',leads
303,303,303,200103240DAL,31.3,6.9,3rd quarter,1:43.0,Howard Eisley,DAL,False,2-pointer,8,70-62,'CHH',leads
304,304,304,200103240DAL,36.9,25.7,3rd quarter,1:01.0,Dirk Nowitzki,DAL,False,3-pointer,24,70-64,'CHH',leads
305,305,305,200103240DAL,9.1,24.6,3rd quarter,0:38.1,Dirk Nowitzki,DAL,True,3-pointer,25,73-66,'CHH',leads
306,306,306,200103240DAL,14.8,20.2,4th quarter,11:38.0,Calvin Booth,DAL,False,2-pointer,18,73-69,'CHH',leads
307,307,307,200103240DAL,24.1,12.6,4th quarter,10:56.0,Juwan Howard,DAL,False,2-pointer,8,75-69,'CHH',leads
308,308,308,200103240DAL,24.0,5.0,4th quarter,10:54.0,Calvin Booth,DAL,True,2-pointer,0,77-69,'CHH',leads
309,309,309,200103240DAL,15.6,13.0,4th quarter,10:10.0,Dirk Nowitzki,DAL,True,2-pointer,12,79-72,'CHH',leads
310,310,310,200103240DAL,24.0,5.0,4th quarter,9:58.0,Steve Nash,DAL,True,2-pointer,0,81-72,'CHH',leads
311,311,311,200103240DAL,24.0,5.0,4th quarter,9:19.0,Michael Finley,DAL,False,2-pointer,0,81-75,'CHH',leads
312,312,312,200103240DAL,24.0,5.0,4th quarter,8:42.0,Steve Nash,DAL,True,2-pointer,0,83-75,'CHH',leads
313,313,313,200103240DAL,24.0,5.0,4th quarter,8:05.0,Shawn Bradley,DAL,True,2-pointer,0,86-75,'CHH',leads
314,314,314,200103240DAL,27.7,9.2,4th quarter,6:19.0,Michael Finley,DAL,True,2-pointer,6,88-78,'CHH',leads
315,315,315,200103240DAL,15.6,17.5,4th quarter,5:44.0,Michael Finley,DAL,True,2-pointer,15,90-81,'CHH',leads
316,316,316,200103240DAL,24.0,5.0,4th quarter,5:22.0,Dirk Nowitzki,DAL,True,2-pointer,0,92-81,'CHH',leads
317,317,317,200103240DAL,14.8,8.0,4th quarter,4:52.0,Juwan Howard,DAL,True,2-pointer,10,95-81,'CHH',leads
318,318,318,200103240DAL,16.3,9.2,4th quarter,4:13.0,Dirk Nowitzki,DAL,False,2-pointer,9,95-83,'CHH',leads
319,319,319,200103240DAL,3.4,9.2,4th quarter,3:34.0,Michael Finley,DAL,False,2-pointer,21,95-85,'CHH',leads
320,320,320,200103240DAL,31.3,10.3,4th quarter,2:42.0,Michael Finley,DAL,False,2-pointer,9,97-88,'CHH',leads
321,321,321,200103240DAL,12.7,6.5,4th quarter,2:00.0,Juwan Howard,DAL,False,2-pointer,11,97-90,'CHH',leads
322,322,322,200103240DAL,27.7,19.1,4th quarter,1:38.0,Dirk Nowitzki,DAL,False,2-pointer,15,97-92,'CHH',leads
323,323,323,200103240DAL,24.0,5.0,4th quarter,1:12.0,Shawn Bradley,DAL,True,2-pointer,0,99-94,'CHH',leads
324,324,324,200103240GSW,9.3,16.2,1st quarter,11:45.0,Chucky Atkins,DET,False,2-pointer,18,0-0,'DET',tied
325,325,325,200103240GSW,39.0,17.7,1st quarter,10:54.0,Billy Owens,DET,True,2-pointer,20,2-4,'DET',trails
326,326,326,200103240GSW,16.7,6.7,1st quarter,10:27.0,Corliss Williamson,DET,True,2-pointer,8,4-4,'DET',tied
327,327,327,200103240GSW,11.4,26.1,1st quarter,9:57.0,Jerry Stackhouse,DET,False,3-pointer,25,4-4,'DET',tied
328,328,328,200103240GSW,28.5,7.8,1st quarter,9:27.0,Billy Owens,DET,True,2-pointer,5,6-4,'DET',leads
329,329,329,200103240GSW,28.5,9.5,1st quarter,8:54.0,Joe Smith,DET,True,2-pointer,6,8-4,'DET',leads
330,330,330,200103240GSW,21.5,8.2,1st quarter,8:32.0,Corliss Williamson,DET,False,2-pointer,4,8-6,'DET',leads
331,331,331,200103240GSW,24.0,5.0,1st quarter,8:27.0,Corliss Williamson,DET,True,2-pointer,0,10-6,'DET',leads
332,332,332,200103240GSW,24.0,5.0,1st quarter,7:45.0,Jerry Stackhouse,DET,False,2-pointer,0,11-6,'DET',leads
333,333,333,200103240GSW,24.0,5.0,1st quarter,7:43.0,Corliss Williamson,DET,False,2-pointer,0,11-6,'DET',leads
334,334,334,200103240GSW,0.9,3.9,1st quarter,7:12.0,Billy Owens,DET,False,3-pointer,23,11-8,'DET',leads
335,335,335,200103240GSW,0.9,4.6,1st quarter,6:40.0,Jerry Stackhouse,DET,True,3-pointer,23,14-8,'DET',leads
336,336,336,200103240GSW,24.0,5.0,1st quarter,6:18.0,Jerry Stackhouse,DET,False,2-pointer,0,14-10,'DET',leads
337,337,337,200103240GSW,7.2,24.0,1st quarter,6:00.0,Jerry Stackhouse,DET,False,3-pointer,25,14-13,'DET',leads
338,338,338,200103240GSW,4.5,21.0,1st quarter,5:56.0,Jerry Stackhouse,DET,False,3-pointer,25,14-13,'DET',leads
339,339,339,200103240GSW,24.0,5.0,1st quarter,5:09.0,Corliss Williamson,DET,True,2-pointer,0,16-15,'DET',leads
340,340,340,200103240GSW,47.1,4.6,1st quarter,4:42.0,Chucky Atkins,DET,False,3-pointer,23,16-15,'DET',leads
341,341,341,200103240GSW,24.0,5.0,1st quarter,4:38.0,Corliss Williamson,DET,True,2-pointer,0,18-15,'DET',leads
342,342,342,200103240GSW,35.7,18.9,1st quarter,3:59.0,Billy Owens,DET,True,2-pointer,18,20-17,'DET',leads
343,343,343,200103240GSW,24.9,7.1,1st quarter,3:15.0,Billy Owens,DET,True,2-pointer,2,22-19,'DET',leads
344,344,344,200103240GSW,24.0,5.0,1st quarter,2:50.0,Jerry Stackhouse,DET,False,2-pointer,0,22-21,'DET',leads
345,345,345,200103240GSW,27.0,9.5,1st quarter,2:47.0,Mikki Moore,DET,False,2-pointer,5,22-21,'DET',leads
346,346,346,200103240GSW,27.0,6.7,1st quarter,2:43.0,Mikki Moore,DET,False,2-pointer,3,22-21,'DET',leads
347,347,347,200103240GSW,24.0,5.0,1st quarter,1:16.0,Corliss Williamson,DET,True,2-pointer,0,25-24,'DET',leads
348,348,348,200103240GSW,24.0,5.0,1st quarter,0:39.4,Mikki Moore,DET,True,2-pointer,0,27-26,'DET',leads
349,349,349,200103240GSW,24.0,5.0,1st quarter,0:04.1,Jerry Stackhouse,DET,True,2-pointer,0,31-26,'DET',leads
350,350,350,200103240GSW,8.0,4.6,2nd quarter,11:18.0,Jerry Stackhouse,DET,True,2-pointer,16,33-28,'DET',leads
351,351,351,200103240GSW,20.1,8.8,2nd quarter,10:46.0,Joe Smith,DET,False,2-pointer,5,33-31,'DET',leads
352,352,352,200103240GSW,24.0,5.0,2nd quarter,10:37.0,Jerry Stackhouse,DET,True,2-pointer,0,35-33,'DET',leads
353,353,353,200103240GSW,42.0,3.9,2nd quarter,9:33.0,John Wallace,DET,False,2-pointer,18,35-38,'DET',trails
354,354,354,200103240GSW,38.4,17.2,2nd quarter,8:48.0,John Wallace,DET,False,2-pointer,19,35-38,'DET',trails
355,355,355,200103240GSW,24.0,5.0,2nd quarter,8:34.0,Kornél Dávid,DET,True,2-pointer,0,37-38,'DET',trails
356,356,356,200103240GSW,24.0,5.0,2nd quarter,7:39.0,Mikki Moore,DET,True,2-pointer,0,39-40,'DET',trails
357,357,357,200103240GSW,24.0,5.0,2nd quarter,6:26.0,Mateen Cleaves,DET,True,2-pointer,0,41-45,'DET',trails
358,358,358,200103240GSW,24.0,5.0,2nd quarter,6:06.0,Mateen Cleaves,DET,False,2-pointer,0,41-47,'DET',trails
359,359,359,200103240GSW,24.0,5.0,2nd quarter,5:48.0,Mateen Cleaves,DET,False,2-pointer,0,41-50,'DET',trails
360,360,360,200103240GSW,27.7,8.2,2nd quarter,5:29.0,Corliss Williamson,DET,True,2-pointer,5,43-51,'DET',trails
361,361,361,200103240GSW,25.6,8.2,2nd quarter,4:58.0,Corliss Williamson,DET,False,2-pointer,4,43-52,'DET',trails
362,362,362,200103240GSW,0.9,3.9,2nd quarter,4:41.0,Jerry Stackhouse,DET,True,3-pointer,23,46-52,'DET',trails
363,363,363,200103240GSW,10.8,26.7,2nd quarter,4:07.0,Mateen Cleaves,DET,False,3-pointer,25,46-53,'DET',trails
364,364,364,200103240GSW,24.0,5.0,2nd quarter,3:56.0,Corliss Williamson,DET,True,2-pointer,0,48-53,'DET',trails
365,365,365,200103240GSW,9.3,24.6,2nd quarter,2:59.0,Jerry Stackhouse,DET,False,3-pointer,25,49-57,'DET',trails
366,366,366,200103240GSW,36.9,20.0,2nd quarter,2:42.0,Jerry Stackhouse,DET,False,2-pointer,20,49-58,'DET',trails
367,367,367,200103240GSW,39.9,19.6,2nd quarter,2:36.0,Jerry Stackhouse,DET,False,2-pointer,22,49-58,'DET',trails
368,368,368,200103240GSW,24.0,5.0,2nd quarter,1:51.0,John Wallace,DET,False,2-pointer,0,49-60,'DET',trails
369,369,369,200103240GSW,24.0,5.0,2nd quarter,1:47.0,Billy Owens,DET,True,2-pointer,0,51-60,'DET',trails
370,370,370,200103240GSW,24.0,5.0,2nd quarter,1:22.0,Jerry Stackhouse,DET,True,2-pointer,0,53-62,'DET',trails
371,371,371,200103240GSW,19.4,7.8,2nd quarter,0:50.6,Kornél Dávid,DET,False,2-pointer,5,54-62,'DET',trails
372,372,372,200103240GSW,22.3,6.6,2nd quarter,0:45.1,Kornél Dávid,DET,False,2-pointer,2,54-62,'DET',trails
373,373,373,200103240GSW,20.9,8.2,2nd quarter,0:36.6,Jerry Stackhouse,DET,False,2-pointer,4,54-62,'DET',trails
374,374,374,200103240GSW,28.5,8.2,2nd quarter,0:04.2,Chucky Atkins,DET,False,2-pointer,6,54-64,'DET',trails
375,375,375,200103240GSW,32.7,28.4,2nd quarter,0:00.0,John Wallace,DET,False,3-pointer,25,54-64,'DET',trails
376,376,376,200103240GSW,7.2,5.0,3rd quarter,11:28.0,Joe Smith,DET,False,2-pointer,17,54-64,'DET',trails
377,377,377,200103240GSW,24.0,5.0,3rd quarter,11:26.0,Corliss Williamson,DET,False,2-pointer,0,54-64,'DET',trails
378,378,378,200103240GSW,24.0,5.0,3rd quarter,11:24.0,Corliss Williamson,DET,True,2-pointer,0,56-64,'DET',trails
379,379,379,200103240GSW,27.0,7.8,3rd quarter,10:39.0,Corliss Williamson,DET,False,2-pointer,4,56-64,'DET',trails
380,380,380,200103240GSW,27.0,8.2,3rd quarter,10:19.0,Corliss Williamson,DET,False,2-pointer,4,56-66,'DET',trails
381,381,381,200103240GSW,13.7,16.6,3rd quarter,9:50.0,Billy Owens,DET,True,2-pointer,16,58-66,'DET',trails
382,382,382,200103240GSW,8.0,4.6,3rd quarter,8:38.0,Jerry Stackhouse,DET,False,2-pointer,16,60-68,'DET',trails
383,383,383,200103240GSW,24.0,5.0,3rd quarter,8:19.0,Billy Owens,DET,True,2-pointer,0,62-68,'DET',trails
384,384,384,200103240GSW,12.3,14.5,3rd quarter,7:40.0,Jerry Stackhouse,DET,False,2-pointer,15,62-70,'DET',trails
385,385,385,200103240GSW,24.0,5.0,3rd quarter,7:19.0,Corliss Williamson,DET,True,2-pointer,0,64-70,'DET',trails
386,386,386,200103240GSW,20.1,7.1,3rd quarter,6:49.0,Jerry Stackhouse,DET,False,2-pointer,4,65-72,'DET',trails
387,387,387,200103240GSW,24.0,5.0,3rd quarter,4:51.0,Corliss Williamson,DET,True,2-pointer,0,69-76,'DET',trails
388,388,388,200103240GSW,10.2,5.0,3rd quarter,4:28.0,Corliss Williamson,DET,False,2-pointer,14,69-78,'DET',trails
389,389,389,200103240GSW,8.7,26.7,3rd quarter,3:58.0,Chucky Atkins,DET,False,3-pointer,27,69-78,'DET',trails
390,390,390,200103240GSW,37.8,21.0,3rd quarter,3:10.0,Jud Buechler,DET,True,2-pointer,21,71-83,'DET',trails
391,391,391,200103240GSW,47.1,3.5,3rd quarter,2:46.0,Jud Buechler,DET,False,3-pointer,23,71-85,'DET',trails
392,392,392,200103240GSW,8.0,18.9,3rd quarter,2:14.0,Jerry Stackhouse,DET,False,2-pointer,21,72-85,'DET',trails
393,393,393,200103240GSW,24.0,5.0,3rd quarter,2:12.0,Corliss Williamson,DET,True,2-pointer,0,74-85,'DET',trails
394,394,394,200103240GSW,24.0,5.0,3rd quarter,1:49.0,Mateen Cleaves,DET,True,2-pointer,0,76-88,'DET',trails
395,395,395,200103240GSW,40.5,24.0,3rd quarter,1:25.0,Jerry Stackhouse,DET,False,3-pointer,25,76-88,'DET',trails
396,396,396,200103240GSW,24.0,5.0,3rd quarter,0:54.7,Mateen Cleaves,DET,True,2-pointer,0,78-90,'DET',trails
397,397,397,200103240GSW,19.4,8.8,4th quarter,11:39.0,Joe Smith,DET,False,2-pointer,6,79-92,'DET',trails
398,398,398,200103240GSW,24.0,5.0,4th quarter,10:49.0,Jerry Stackhouse,DET,True,2-pointer,0,83-92,'DET',trails
399,399,399,200103240GSW,24.0,5.0,4th quarter,10:18.0,Mikki Moore,DET,False,2-pointer,0,84-92,'DET',trails
400,400,400,200103240GSW,24.0,5.0,4th quarter,9:54.0,Mateen Cleaves,DET,True,2-pointer,0,86-92,'DET',trails
401,401,401,200103240GSW,24.0,5.0,4th quarter,9:26.0,Joe Smith,DET,False,2-pointer,0,86-92,'DET',trails
402,402,402,200103240GSW,9.3,4.6,4th quarter,8:57.0,Jerry Stackhouse,DET,False,2-pointer,15,86-92,'DET',trails
403,403,403,200103240GSW,27.7,8.8,4th quarter,7:53.0,Mateen Cleaves,DET,False,2-pointer,5,87-92,'DET',trails
404,404,404,200103240GSW,38.4,3.9,4th quarter,7:20.0,Billy Owens,DET,False,2-pointer,14,87-94,'DET',trails
405,405,405,200103240GSW,11.4,19.6,4th quarter,6:36.0,Joe Smith,DET,False,2-pointer,19,87-94,'DET',trails
406,406,406,200103240GSW,12.9,5.4,4th quarter,6:07.0,Mateen Cleaves,DET,False,2-pointer,11,87-96,'DET',trails
407,407,407,200103240GSW,26.2,7.8,4th quarter,5:30.0,Corliss Williamson,DET,True,2-pointer,4,89-96,'DET',trails
408,408,408,200103240GSW,24.0,5.0,4th quarter,4:50.0,Jerry Stackhouse,DET,True,2-pointer,0,92-96,'DET',trails
409,409,409,200103240GSW,24.1,9.9,4th quarter,4:08.0,Joe Smith,DET,False,2-pointer,5,92-98,'DET',trails
410,410,410,200103240GSW,24.0,5.0,4th quarter,4:06.0,Corliss Williamson,DET,False,2-pointer,0,92-98,'DET',trails
411,411,411,200103240GSW,6.6,4.6,4th quarter,2:29.0,Jerry Stackhouse,DET,False,2-pointer,17,94-98,'DET',trails
412,412,412,200103240GSW,20.9,7.8,4th quarter,1:26.0,Mateen Cleaves,DET,False,2-pointer,4,95-100,'DET',trails
413,413,413,200103240GSW,25.6,6.7,4th quarter,0:51.9,Mateen Cleaves,DET,False,2-pointer,2,95-100,'DET',trails
414,414,414,200103240GSW,18.8,29.5,4th quarter,0:25.8,Jerry Stackhouse,DET,False,3-pointer,25,95-102,'DET',trails
415,415,415,200103240GSW,8.0,25.7,4th quarter,0:08.6,Joe Smith,DET,False,3-pointer,26,95-103,'DET',trails
416,416,416,200103240GSW,47.1,4.6,4th quarter,0:02.0,Billy Owens,DET,False,3-pointer,23,95-103,'DET',trails
417,417,417,200103240GSW,18.0,7.8,1st quarter,11:26.0,Adonal Foyle,GSW,True,2-pointer,7,2-0,'DET',leads
418,418,418,200103240GSW,24.0,5.0,1st quarter,11:03.0,Mookie Blaylock,GSW,True,2-pointer,0,4-0,'DET',leads
419,419,419,200103240GSW,35.7,11.6,1st quarter,10:37.0,Adam Keefe,GSW,False,2-pointer,13,4-2,'DET',leads
420,420,420,200103240GSW,26.2,22.1,1st quarter,10:12.0,Adam Keefe,GSW,False,2-pointer,17,4-4,'DET',tied
421,421,421,200103240GSW,30.6,11.6,1st quarter,10:04.0,Antawn Jamison,GSW,False,2-pointer,9,4-4,'DET',tied
422,422,422,200103240GSW,24.9,7.1,1st quarter,9:41.0,Chris Porter,GSW,False,2-pointer,2,4-4,'DET',tied
423,423,423,200103240GSW,22.2,9.5,1st quarter,9:10.0,Adonal Foyle,GSW,False,2-pointer,5,4-6,'DET',trails
424,424,424,200103240GSW,5.1,3.9,1st quarter,8:44.0,Chris Porter,GSW,True,2-pointer,19,6-8,'DET',trails
425,425,425,200103240GSW,18.0,6.7,1st quarter,8:19.0,Antawn Jamison,GSW,False,2-pointer,6,6-10,'DET',trails
426,426,426,200103240GSW,24.0,5.0,1st quarter,8:16.0,Adonal Foyle,GSW,False,2-pointer,0,6-10,'DET',trails
427,427,427,200103240GSW,35.7,6.7,1st quarter,7:51.0,Adonal Foyle,GSW,False,2-pointer,12,6-11,'DET',trails
428,428,428,200103240GSW,24.9,19.6,1st quarter,7:32.0,Antawn Jamison,GSW,True,2-pointer,15,8-11,'DET',trails
429,429,429,200103240GSW,30.6,18.3,1st quarter,6:26.0,Antawn Jamison,GSW,True,2-pointer,15,10-14,'DET',trails
430,430,430,200103240GSW,28.5,11.1,1st quarter,6:10.0,Antawn Jamison,GSW,True,2-pointer,8,12-14,'DET',trails
431,431,431,200103240GSW,24.0,5.0,1st quarter,5:50.0,Chris Porter,GSW,True,2-pointer,0,15-14,'DET',leads
432,432,432,200103240GSW,18.8,20.0,1st quarter,5:27.0,Mookie Blaylock,GSW,False,2-pointer,16,15-14,'DET',leads
433,433,433,200103240GSW,15.2,5.0,1st quarter,4:20.0,Erick Dampier,GSW,True,2-pointer,9,17-18,'DET',trails
434,434,434,200103240GSW,43.5,4.6,1st quarter,3:38.0,Antawn Jamison,GSW,True,2-pointer,20,19-20,'DET',trails
435,435,435,200103240GSW,10.2,16.2,1st quarter,3:01.0,Antawn Jamison,GSW,False,2-pointer,18,19-22,'DET',trails
436,436,436,200103240GSW,24.0,5.0,1st quarter,2:59.0,Erick Dampier,GSW,True,2-pointer,0,21-22,'DET',trails
437,437,437,200103240GSW,20.9,7.8,1st quarter,2:40.0,Antawn Jamison,GSW,False,2-pointer,4,21-22,'DET',trails
438,438,438,200103240GSW,24.0,5.0,1st quarter,2:36.0,Antawn Jamison,GSW,True,2-pointer,0,23-22,'DET',leads
439,439,439,200103240GSW,9.3,25.0,1st quarter,2:18.0,Antawn Jamison,GSW,False,3-pointer,25,23-22,'DET',leads
440,440,440,200103240GSW,24.0,5.0,1st quarter,1:44.0,Erick Dampier,GSW,False,2-pointer,0,24-23,'DET',leads
441,441,441,200103240GSW,10.8,16.2,1st quarter,1:22.0,Chris Porter,GSW,False,2-pointer,17,24-23,'DET',leads
442,442,442,200103240GSW,22.2,7.8,1st quarter,0:53.3,Adonal Foyle,GSW,True,2-pointer,3,26-25,'DET',leads
443,443,443,200103240GSW,25.6,8.2,1st quarter,0:31.4,Vonteego Cummings,GSW,False,2-pointer,4,26-27,'DET',trails
444,444,444,200103240GSW,27.0,19.6,1st quarter,0:00.2,Vonteego Cummings,GSW,False,2-pointer,15,26-31,'DET',trails
445,445,445,200103240GSW,21.5,8.2,2nd quarter,11:46.0,Erick Dampier,GSW,False,2-pointer,4,26-31,'DET',trails
446,446,446,200103240GSW,18.0,7.8,2nd quarter,11:37.0,Erick Dampier,GSW,True,2-pointer,7,28-31,'DET',trails
447,447,447,200103240GSW,24.0,5.0,2nd quarter,11:03.0,Chris Porter,GSW,True,2-pointer,0,30-33,'DET',trails
448,448,448,200103240GSW,33.6,19.6,2nd quarter,10:17.0,Mookie Blaylock,GSW,False,2-pointer,17,33-35,'DET',trails
449,449,449,200103240GSW,6.6,7.8,2nd quarter,9:58.0,Chris Porter,GSW,True,2-pointer,18,35-35,'DET',tied
450,450,450,200103240GSW,0.9,4.6,2nd quarter,9:49.0,Mookie Blaylock,GSW,True,3-pointer,23,38-35,'DET',leads
451,451,451,200103240GSW,23.0,9.5,2nd quarter,9:11.0,Adonal Foyle,GSW,False,2-pointer,5,38-35,'DET',leads
452,452,452,200103240GSW,33.6,18.9,2nd quarter,8:40.0,Mookie Blaylock,GSW,False,2-pointer,17,38-35,'DET',leads
453,453,453,200103240GSW,24.0,5.0,2nd quarter,8:28.0,Antawn Jamison,GSW,True,2-pointer,0,40-37,'DET',leads
454,454,454,200103240GSW,22.2,19.6,2nd quarter,7:46.0,Chris Porter,GSW,False,2-pointer,15,40-37,'DET',leads
455,455,455,200103240GSW,24.1,8.8,2nd quarter,7:16.0,Adonal Foyle,GSW,True,2-pointer,4,42-39,'DET',leads
456,456,456,200103240GSW,30.6,7.1,2nd quarter,6:52.0,Adonal Foyle,GSW,False,2-pointer,7,43-39,'DET',leads
457,457,457,200103240GSW,24.0,5.0,2nd quarter,6:50.0,Erick Dampier,GSW,True,2-pointer,0,45-39,'DET',leads
458,458,458,200103240GSW,24.0,5.0,2nd quarter,6:14.0,Antawn Jamison,GSW,True,2-pointer,0,47-41,'DET',leads
459,459,459,200103240GSW,28.5,7.1,2nd quarter,5:59.0,Antawn Jamison,GSW,True,2-pointer,5,49-41,'DET',leads
460,460,460,200103240GSW,47.1,8.8,2nd quarter,4:48.0,Antawn Jamison,GSW,False,3-pointer,23,52-43,'DET',leads
461,461,461,200103240GSW,24.0,5.0,2nd quarter,4:00.0,Antawn Jamison,GSW,False,2-pointer,0,53-46,'DET',leads
462,462,462,200103240GSW,9.3,20.6,2nd quarter,3:34.0,Antawn Jamison,GSW,False,2-pointer,21,53-49,'DET',leads
463,463,463,200103240GSW,24.0,5.0,2nd quarter,3:20.0,Chris Porter,GSW,True,2-pointer,0,57-49,'DET',leads
464,464,464,200103240GSW,3.6,4.6,2nd quarter,2:12.0,Corie Blount,GSW,False,2-pointer,20,58-49,'DET',leads
465,465,465,200103240GSW,31.5,24.0,2nd quarter,2:05.0,Antawn Jamison,GSW,True,2-pointer,20,60-49,'DET',leads
466,466,466,200103240GSW,24.0,5.0,2nd quarter,1:33.0,Chris Porter,GSW,True,2-pointer,0,62-51,'DET',leads
467,467,467,200103240GSW,18.0,7.8,2nd quarter,0:40.9,Corie Blount,GSW,False,2-pointer,7,62-54,'DET',leads
468,468,468,200103240GSW,34.8,21.7,2nd quarter,0:20.4,Corie Blount,GSW,True,2-pointer,20,64-54,'DET',leads
469,469,469,200103240GSW,14.4,27.8,3rd quarter,11:43.0,Mookie Blaylock,GSW,False,3-pointer,25,64-54,'DET',leads
470,470,470,200103240GSW,10.8,18.3,3rd quarter,10:59.0,Antawn Jamison,GSW,False,2-pointer,19,64-56,'DET',leads
471,471,471,200103240GSW,24.9,9.5,3rd quarter,9:59.0,Chris Porter,GSW,False,2-pointer,5,66-56,'DET',leads
472,472,472,200103240GSW,21.5,10.5,3rd quarter,9:15.0,Adonal Foyle,GSW,False,2-pointer,6,66-60,'DET',leads
473,473,473,200103240GSW,24.0,5.0,3rd quarter,8:53.0,Antawn Jamison,GSW,True,2-pointer,0,68-60,'DET',leads
474,474,474,200103240GSW,23.6,29.5,3rd quarter,8:23.0,Mookie Blaylock,GSW,False,3-pointer,25,68-60,'DET',leads
475,475,475,200103240GSW,6.6,4.6,3rd quarter,7:55.0,Mookie Blaylock,GSW,True,2-pointer,17,70-62,'DET',leads
476,476,476,200103240GSW,24.0,5.0,3rd quarter,7:03.0,Corie Blount,GSW,True,2-pointer,0,72-65,'DET',leads
477,477,477,200103240GSW,11.4,5.0,3rd quarter,6:27.0,Corie Blount,GSW,True,2-pointer,13,74-65,'DET',leads
478,478,478,200103240GSW,21.5,6.7,3rd quarter,5:50.0,Antawn Jamison,GSW,False,2-pointer,3,74-67,'DET',leads
479,479,479,200103240GSW,46.4,16.2,3rd quarter,5:21.0,Vonteego Cummings,GSW,False,3-pointer,25,74-67,'DET',leads
480,480,480,200103240GSW,45.0,11.6,3rd quarter,5:01.0,Antawn Jamison,GSW,True,2-pointer,22,76-67,'DET',leads
481,481,481,200103240GSW,24.0,5.0,3rd quarter,4:44.0,Antawn Jamison,GSW,True,2-pointer,0,78-69,'DET',leads
482,482,482,200103240GSW,29.4,9.9,3rd quarter,4:13.0,Erick Dampier,GSW,False,2-pointer,7,78-69,'DET',leads
483,483,483,200103240GSW,21.5,30.1,3rd quarter,3:18.0,Vonteego Cummings,GSW,True,3-pointer,25,83-69,'DET',leads
484,484,484,200103240GSW,36.3,10.5,3rd quarter,2:24.0,Erick Dampier,GSW,False,2-pointer,13,85-72,'DET',leads
485,485,485,200103240GSW,0.9,3.9,3rd quarter,1:58.0,Vonteego Cummings,GSW,True,3-pointer,23,88-74,'DET',leads
486,486,486,200103240GSW,24.1,7.8,3rd quarter,1:35.0,Antawn Jamison,GSW,False,2-pointer,3,88-76,'DET',leads
487,487,487,200103240GSW,13.7,19.6,3rd quarter,1:06.0,Chris Porter,GSW,False,2-pointer,18,88-76,'DET',leads
488,488,488,200103240GSW,24.0,5.0,3rd quarter,0:35.3,Chris Porter,GSW,True,2-pointer,0,92-79,'DET',leads
489,489,489,200103240GSW,24.9,7.1,3rd quarter,0:26.6,Chris Porter,GSW,False,2-pointer,2,92-79,'DET',leads
490,490,490,200103240GSW,24.0,5.0,3rd quarter,0:23.3,Corie Blount,GSW,False,2-pointer,0,92-79,'DET',leads
491,491,491,200103240GSW,47.1,3.9,3rd quarter,0:00.0,Vonteego Cummings,GSW,False,3-pointer,23,92-79,'DET',leads
492,492,492,200103240GSW,16.7,7.1,4th quarter,11:25.0,Erick Dampier,GSW,False,2-pointer,8,92-79,'DET',leads
493,493,493,200103240GSW,17.3,21.0,4th quarter,10:56.0,Vonteego Cummings,GSW,False,2-pointer,17,92-81,'DET',leads
494,494,494,200103240GSW,37.8,12.2,4th quarter,10:32.0,Chris Porter,GSW,False,2-pointer,16,92-84,'DET',leads
495,495,495,200103240GSW,36.9,21.0,4th quarter,10:02.0,Vonteego Cummings,GSW,False,2-pointer,21,92-84,'DET',leads
496,496,496,200103240GSW,10.8,16.2,4th quarter,9:07.0,Antawn Jamison,GSW,False,2-pointer,17,92-86,'DET',leads
497,497,497,200103240GSW,30.0,9.5,4th quarter,8:46.0,Mookie Blaylock,GSW,False,2-pointer,8,92-86,'DET',leads
498,498,498,200103240GSW,30.0,8.8,4th quarter,8:17.0,Antawn Jamison,GSW,False,2-pointer,7,92-87,'DET',leads
499,499,499,200103240GSW,24.0,5.0,4th quarter,8:16.0,Adonal Foyle,GSW,False,2-pointer,0,92-87,'DET',leads
500,500,500,200103240GSW,28.5,23.4,4th quarter,7:00.0,Antawn Jamison,GSW,False,2-pointer,19,94-87,'DET',leads
501,501,501,200103240GSW,32.7,9.9,4th quarter,6:18.0,Chris Porter,GSW,False,2-pointer,10,94-87,'DET',leads
502,502,502,200103240GSW,24.0,5.0,4th quarter,6:15.0,Adonal Foyle,GSW,True,2-pointer,0,96-87,'DET',leads
503,503,503,200103240GSW,37.8,7.1,4th quarter,5:43.0,Chris Porter,GSW,False,2-pointer,14,96-87,'DET',leads
504,504,504,200103240GSW,21.5,7.1,4th quarter,5:13.0,Adonal Foyle,GSW,False,2-pointer,3,96-89,'DET',leads
505,505,505,200103240GSW,26.2,7.1,4th quarter,4:58.0,Mookie Blaylock,GSW,False,2-pointer,3,96-90,'DET',leads
506,506,506,200103240GSW,42.0,3.9,4th quarter,4:29.0,Corie Blount,GSW,True,2-pointer,18,98-92,'DET',leads
507,507,507,200103240GSW,26.2,8.8,4th quarter,3:41.0,Corie Blount,GSW,False,2-pointer,4,98-92,'DET',leads
508,508,508,200103240GSW,25.6,8.2,4th quarter,3:39.0,Corie Blount,GSW,False,2-pointer,4,98-92,'DET',leads
509,509,509,200103240GSW,27.7,7.8,4th quarter,3:19.0,Vonteego Cummings,GSW,False,2-pointer,5,98-92,'DET',leads
510,510,510,200103240GSW,38.4,26.1,4th quarter,2:43.0,Mookie Blaylock,GSW,False,3-pointer,26,98-94,'DET',leads
511,511,511,200103240GSW,24.1,17.2,4th quarter,2:03.0,Adonal Foyle,GSW,False,2-pointer,12,98-94,'DET',leads
512,512,512,200103240GSW,38.4,5.0,4th quarter,1:29.0,Corie Blount,GSW,True,2-pointer,14,100-95,'DET',leads
513,513,513,200103240GSW,20.9,20.0,4th quarter,0:30.1,Mookie Blaylock,GSW,True,2-pointer,15,102-95,'DET',leads
514,514,514,200103240SEA,26.8,11.3,1st quarter,10:28.0,Kelvin Cato,HOU,True,2-pointer,7,3-4,'HOU',trails
515,515,515,200103240SEA,24.0,5.0,1st quarter,10:01.0,Kelvin Cato,HOU,True,2-pointer,0,5-6,'HOU',trails
516,516,516,200103240SEA,35.5,19.8,1st quarter,9:35.0,Cuttino Mobley,HOU,False,2-pointer,19,5-8,'HOU',trails
517,517,517,200103240SEA,11.6,11.3,1st quarter,8:55.0,Maurice Taylor,HOU,False,2-pointer,14,5-8,'HOU',trails
518,518,518,200103240SEA,24.0,5.0,1st quarter,8:14.0,Maurice Taylor,HOU,True,2-pointer,0,7-10,'HOU',trails
519,519,519,200103240SEA,12.3,16.4,1st quarter,7:40.0,Shandon Anderson,HOU,False,2-pointer,16,7-10,'HOU',trails
520,520,520,200103240SEA,12.3,13.7,1st quarter,7:11.0,Cuttino Mobley,HOU,False,2-pointer,15,7-10,'HOU',trails
521,521,521,200103240SEA,24.0,5.0,1st quarter,7:07.0,Maurice Taylor,HOU,True,2-pointer,0,9-10,'HOU',trails
522,522,522,200103240SEA,24.1,10.7,1st quarter,6:24.0,Maurice Taylor,HOU,True,2-pointer,6,11-10,'HOU',leads
523,523,523,200103240SEA,24.0,5.0,1st quarter,5:44.0,Carlos Rogers,HOU,True,2-pointer,0,13-12,'HOU',leads
524,524,524,200103240SEA,11.6,21.9,1st quarter,5:08.0,Shandon Anderson,HOU,False,2-pointer,21,13-14,'HOU',trails
525,525,525,200103240SEA,10.8,16.4,1st quarter,4:36.0,Maurice Taylor,HOU,True,2-pointer,17,15-16,'HOU',trails
526,526,526,200103240SEA,32.5,13.0,1st quarter,3:51.0,Steve Francis,HOU,True,2-pointer,12,17-18,'HOU',trails
527,527,527,200103240SEA,22.2,9.2,1st quarter,2:47.0,Carlos Rogers,HOU,False,2-pointer,5,17-21,'HOU',trails
528,528,528,200103240SEA,43.1,12.0,1st quarter,0:55.0,Walt Williams,HOU,True,2-pointer,20,19-25,'HOU',trails
529,529,529,200103240SEA,40.3,10.3,1st quarter,0:23.5,Cuttino Mobley,HOU,True,2-pointer,17,21-27,'HOU',trails
530,530,530,200103240SEA,24.0,5.0,2nd quarter,11:23.0,Carlos Rogers,HOU,True,2-pointer,0,23-27,'HOU',trails
531,531,531,200103240SEA,42.4,9.7,2nd quarter,11:02.0,Steve Francis,HOU,False,2-pointer,19,23-30,'HOU',trails
532,532,532,200103240SEA,23.6,9.2,2nd quarter,10:37.0,Steve Francis,HOU,False,2-pointer,4,23-32,'HOU',trails
533,533,533,200103240SEA,24.0,5.0,2nd quarter,10:30.0,Carlos Rogers,HOU,True,2-pointer,0,25-32,'HOU',trails
534,534,534,200103240SEA,10.2,14.1,2nd quarter,9:44.0,Moochie Norris,HOU,True,2-pointer,17,27-34,'HOU',trails
535,535,535,200103240SEA,42.4,20.8,2nd quarter,9:13.0,Walt Williams,HOU,True,3-pointer,24,30-34,'HOU',trails
536,536,536,200103240SEA,47.5,8.6,2nd quarter,8:32.0,Walt Williams,HOU,True,3-pointer,24,33-36,'HOU',trails
537,537,537,200103240SEA,24.0,5.0,2nd quarter,7:59.0,Carlos Rogers,HOU,True,2-pointer,0,35-39,'HOU',trails
538,538,538,200103240SEA,26.2,6.9,2nd quarter,7:34.0,Carlos Rogers,HOU,False,2-pointer,3,35-39,'HOU',trails
539,539,539,200103240SEA,12.3,12.0,2nd quarter,5:48.0,Moochie Norris,HOU,False,2-pointer,14,37-39,'HOU',trails
540,540,540,200103240SEA,26.2,30.1,2nd quarter,5:17.0,Walt Williams,HOU,True,3-pointer,25,40-41,'HOU',trails
541,541,541,200103240SEA,10.2,8.0,2nd quarter,4:36.0,Kenny Thomas,HOU,True,2-pointer,14,42-43,'HOU',trails
542,542,542,200103240SEA,26.8,10.3,2nd quarter,3:16.0,Cuttino Mobley,HOU,False,2-pointer,6,42-45,'HOU',trails
543,543,543,200103240SEA,3.6,20.2,2nd quarter,2:30.0,Walt Williams,HOU,True,3-pointer,25,45-47,'HOU',trails
544,544,544,200103240SEA,18.6,14.1,2nd quarter,1:26.0,Maurice Taylor,HOU,False,2-pointer,11,45-49,'HOU',trails
545,545,545,200103240SEA,19.2,19.1,2nd quarter,0:47.5,Maurice Taylor,HOU,False,2-pointer,15,47-49,'HOU',trails
546,546,546,200103240SEA,46.8,8.6,2nd quarter,0:12.4,Moochie Norris,HOU,False,3-pointer,23,47-51,'HOU',trails
547,547,547,200103240SEA,24.0,5.0,2nd quarter,0:08.5,Kenny Thomas,HOU,True,2-pointer,0,49-51,'HOU',trails
548,548,548,200103240SEA,17.1,7.6,3rd quarter,11:12.0,Shandon Anderson,HOU,False,2-pointer,7,50-55,'HOU',trails
549,549,549,200103240SEA,35.5,13.7,3rd quarter,10:42.0,Maurice Taylor,HOU,False,2-pointer,14,50-55,'HOU',trails
550,550,550,200103240SEA,4.5,20.2,3rd quarter,10:01.0,Steve Francis,HOU,False,3-pointer,25,50-57,'HOU',trails
551,551,551,200103240SEA,19.8,6.5,3rd quarter,9:41.0,Shandon Anderson,HOU,False,2-pointer,4,50-59,'HOU',trails
552,552,552,200103240SEA,2.4,16.8,3rd quarter,9:25.0,Steve Francis,HOU,True,3-pointer,25,53-59,'HOU',trails
553,553,553,200103240SEA,31.0,8.6,3rd quarter,8:58.0,Maurice Taylor,HOU,True,2-pointer,8,55-59,'HOU',trails
554,554,554,200103240SEA,34.0,24.0,3rd quarter,8:15.0,Cuttino Mobley,HOU,True,2-pointer,21,57-61,'HOU',trails
555,555,555,200103240SEA,40.3,22.9,3rd quarter,7:55.0,Cuttino Mobley,HOU,True,3-pointer,24,60-61,'HOU',trails
556,556,556,200103240SEA,36.1,12.0,3rd quarter,7:13.0,Steve Francis,HOU,False,2-pointer,14,60-63,'HOU',trails
557,557,557,200103240SEA,32.5,13.0,3rd quarter,6:43.0,Cuttino Mobley,HOU,True,2-pointer,12,62-65,'HOU',trails
558,558,558,200103240SEA,23.6,25.7,3rd quarter,6:00.0,Cuttino Mobley,HOU,False,2-pointer,21,62-67,'HOU',trails
559,559,559,200103240SEA,23.6,9.7,3rd quarter,5:57.0,Maurice Taylor,HOU,True,2-pointer,5,64-67,'HOU',trails
560,560,560,200103240SEA,37.6,14.7,3rd quarter,5:15.0,Maurice Taylor,HOU,True,2-pointer,17,66-67,'HOU',trails
561,561,561,200103240SEA,24.1,6.5,3rd quarter,4:44.0,Kelvin Cato,HOU,False,2-pointer,2,66-67,'HOU',trails
562,562,562,200103240SEA,20.7,10.7,3rd quarter,4:33.0,Steve Francis,HOU,False,2-pointer,7,66-67,'HOU',trails
563,563,563,200103240SEA,42.4,24.0,3rd quarter,3:22.0,Steve Francis,HOU,False,3-pointer,26,66-68,'HOU',trails
564,564,564,200103240SEA,37.2,28.0,3rd quarter,2:27.0,Cuttino Mobley,HOU,False,3-pointer,27,67-70,'HOU',trails
565,565,565,200103240SEA,20.7,6.5,3rd quarter,1:49.0,Walt Williams,HOU,False,2-pointer,4,67-70,'HOU',trails
566,566,566,200103240SEA,19.8,7.6,3rd quarter,1:26.0,Steve Francis,HOU,True,2-pointer,5,69-70,'HOU',trails
567,567,567,200103240SEA,40.9,6.9,3rd quarter,0:01.0,Maurice Taylor,HOU,False,2-pointer,17,69-73,'HOU',trails
568,568,568,200103240SEA,24.0,5.0,4th quarter,11:05.0,Walt Williams,HOU,False,2-pointer,0,69-73,'HOU',trails
569,569,569,200103240SEA,24.0,5.0,4th quarter,10:59.0,Walt Williams,HOU,True,2-pointer,0,71-73,'HOU',trails
570,570,570,200103240SEA,9.3,12.6,4th quarter,10:12.0,Walt Williams,HOU,True,2-pointer,17,73-73,'HOU',tied
571,571,571,200103240SEA,24.0,5.0,4th quarter,9:21.0,Walt Williams,HOU,False,2-pointer,0,73-75,'HOU',trails
572,572,572,200103240SEA,22.2,29.5,4th quarter,8:45.0,Walt Williams,HOU,False,3-pointer,25,73-78,'HOU',trails
573,573,573,200103240SEA,36.9,15.1,4th quarter,8:32.0,Moochie Norris,HOU,False,2-pointer,16,73-78,'HOU',trails
574,574,574,200103240SEA,12.3,6.5,4th quarter,8:20.0,Walt Williams,HOU,True,2-pointer,12,75-78,'HOU',trails
575,575,575,200103240SEA,24.0,5.0,4th quarter,8:02.0,Cuttino Mobley,HOU,True,2-pointer,0,77-78,'HOU',trails
576,576,576,200103240SEA,46.8,7.6,4th quarter,7:35.0,Walt Williams,HOU,True,3-pointer,23,80-78,'HOU',leads
577,577,577,200103240SEA,21.3,6.9,4th quarter,6:55.0,Steve Francis,HOU,False,2-pointer,3,80-78,'HOU',leads
578,578,578,200103240SEA,24.1,9.7,4th quarter,5:41.0,Kenny Thomas,HOU,False,2-pointer,5,80-80,'HOU',tied
579,579,579,200103240SEA,38.2,21.3,4th quarter,4:56.0,Cuttino Mobley,HOU,False,2-pointer,22,82-82,'HOU',tied
580,580,580,200103240SEA,36.9,4.4,4th quarter,4:18.0,Cuttino Mobley,HOU,True,2-pointer,13,84-83,'HOU',leads
581,581,581,200103240SEA,46.8,5.4,4th quarter,3:35.0,Walt Williams,HOU,False,3-pointer,23,84-85,'HOU',trails
582,582,582,200103240SEA,17.7,6.9,4th quarter,2:00.0,Walt Williams,HOU,False,2-pointer,7,86-87,'HOU',trails
583,583,583,200103240SEA,24.0,5.0,4th quarter,1:27.0,Cuttino Mobley,HOU,True,2-pointer,0,88-87,'HOU',leads
584,584,584,200103240SEA,29.8,6.5,4th quarter,0:31.8,Steve Francis,HOU,False,2-pointer,6,90-89,'HOU',leads
585,585,585,200103240SEA,37.6,14.1,4th quarter,0:05.2,Steve Francis,HOU,False,2-pointer,16,90-91,'HOU',trails
586,586,586,200103240SEA,38.2,37.9,4th quarter,0:01.0,Moochie Norris,HOU,False,3-pointer,36,90-93,'HOU',trails
587,587,587,200103240SEA,12.3,5.9,1st quarter,11:22.0,Gary Payton,SEA,True,2-pointer,12,2-0,'HOU',leads
588,588,588,200103240SEA,20.7,10.3,1st quarter,10:49.0,Rashard Lewis,SEA,False,2-pointer,6,2-1,'HOU',leads
589,589,589,200103240SEA,26.2,5.1,1st quarter,10:44.0,Emanual Davis,SEA,False,2-pointer,2,2-1,'HOU',leads
590,590,590,200103240SEA,24.0,5.0,1st quarter,10:42.0,Emanual Davis,SEA,True,2-pointer,0,4-1,'HOU',leads
591,591,591,200103240SEA,23.6,10.3,1st quarter,10:13.0,Jelani McCoy,SEA,True,2-pointer,5,6-3,'HOU',leads
592,592,592,200103240SEA,33.1,20.8,1st quarter,9:49.0,Gary Payton,SEA,True,2-pointer,18,8-5,'HOU',leads
593,593,593,200103240SEA,20.7,9.2,1st quarter,9:24.0,Vin Baker,SEA,False,2-pointer,5,8-5,'HOU',leads
594,594,594,200103240SEA,22.2,12.6,1st quarter,9:11.0,Vin Baker,SEA,False,2-pointer,8,8-5,'HOU',leads
595,595,595,200103240SEA,24.1,10.7,1st quarter,8:42.0,Gary Payton,SEA,False,2-pointer,6,8-5,'HOU',leads
596,596,596,200103240SEA,9.3,12.6,1st quarter,7:21.0,Gary Payton,SEA,False,2-pointer,17,10-7,'HOU',leads
597,597,597,200103240SEA,7.8,5.9,1st quarter,6:50.0,Vin Baker,SEA,False,2-pointer,16,10-9,'HOU',leads
598,598,598,200103240SEA,21.3,8.0,1st quarter,6:40.0,Vin Baker,SEA,False,2-pointer,4,10-9,'HOU',leads
599,599,599,200103240SEA,20.7,7.6,1st quarter,6:06.0,Jelani McCoy,SEA,False,2-pointer,4,10-11,'HOU',trails
600,600,600,200103240SEA,22.8,7.6,1st quarter,6:01.0,Jelani McCoy,SEA,False,2-pointer,3,10-11,'HOU',trails
601,601,601,200103240SEA,22.8,7.6,1st quarter,5:57.0,Jelani McCoy,SEA,True,2-pointer,3,12-11,'HOU',leads
602,602,602,200103240SEA,15.6,14.1,1st quarter,5:32.0,Gary Payton,SEA,True,2-pointer,12,14-13,'HOU',leads
603,603,603,200103240SEA,24.0,5.0,1st quarter,4:51.0,Gary Payton,SEA,True,2-pointer,0,16-13,'HOU',leads
604,604,604,200103240SEA,7.8,5.9,1st quarter,4:12.0,Gary Payton,SEA,True,2-pointer,16,18-15,'HOU',leads
605,605,605,200103240SEA,19.8,6.5,1st quarter,3:28.0,Jelani McCoy,SEA,False,2-pointer,4,18-17,'HOU',leads
606,606,606,200103240SEA,32.5,28.4,1st quarter,3:12.0,Rashard Lewis,SEA,True,3-pointer,25,21-17,'HOU',leads
607,607,607,200103240SEA,36.1,13.7,1st quarter,2:35.0,Ruben Patterson,SEA,True,2-pointer,15,23-17,'HOU',leads
608,608,608,200103240SEA,40.9,8.6,1st quarter,1:58.0,Gary Payton,SEA,False,2-pointer,17,23-17,'HOU',leads
609,609,609,200103240SEA,24.0,5.0,1st quarter,1:35.0,Ruben Patterson,SEA,True,2-pointer,0,25-17,'HOU',leads
610,610,610,200103240SEA,10.2,25.0,1st quarter,1:01.0,Emanual Davis,SEA,False,3-pointer,24,25-17,'HOU',leads
611,611,611,200103240SEA,24.0,5.0,1st quarter,0:45.0,Ruben Patterson,SEA,True,2-pointer,0,27-19,'HOU',leads
612,612,612,200103240SEA,8.7,4.4,1st quarter,0:02.5,Gary Payton,SEA,False,2-pointer,15,27-21,'HOU',leads
613,613,613,200103240SEA,23.6,10.3,2nd quarter,11:39.0,Rashard Lewis,SEA,False,2-pointer,5,27-21,'HOU',leads
614,614,614,200103240SEA,7.8,24.0,2nd quarter,11:08.0,Brent Barry,SEA,True,3-pointer,25,30-23,'HOU',leads
615,615,615,200103240SEA,12.3,16.4,2nd quarter,10:56.0,Shammond Williams,SEA,True,2-pointer,16,32-23,'HOU',leads
616,616,616,200103240SEA,38.2,8.0,2nd quarter,10:23.0,Desmond Mason,SEA,False,2-pointer,15,32-25,'HOU',leads
617,617,617,200103240SEA,24.0,5.0,2nd quarter,10:09.0,Desmond Mason,SEA,True,2-pointer,0,34-25,'HOU',leads
618,618,618,200103240SEA,6.4,5.9,2nd quarter,9:23.0,Ruben Patterson,SEA,False,2-pointer,18,34-27,'HOU',leads
619,619,619,200103240SEA,40.3,14.1,2nd quarter,8:53.0,Desmond Mason,SEA,True,2-pointer,19,36-30,'HOU',leads
620,620,620,200103240SEA,46.8,3.3,2nd quarter,8:15.0,Shammond Williams,SEA,True,3-pointer,23,39-33,'HOU',leads
621,621,621,200103240SEA,3.0,18.5,2nd quarter,7:43.0,Shammond Williams,SEA,False,3-pointer,25,39-35,'HOU',leads
622,622,622,200103240SEA,46.8,3.7,2nd quarter,7:15.0,Brent Barry,SEA,False,3-pointer,23,39-35,'HOU',leads
623,623,623,200103240SEA,10.2,5.0,2nd quarter,6:42.0,Ruben Patterson,SEA,False,2-pointer,14,39-35,'HOU',leads
624,624,624,200103240SEA,41.8,9.7,2nd quarter,6:17.0,Desmond Mason,SEA,False,2-pointer,18,39-37,'HOU',leads
625,625,625,200103240SEA,37.6,11.3,2nd quarter,4:55.0,Desmond Mason,SEA,True,2-pointer,15,43-40,'HOU',leads
626,626,626,200103240SEA,17.7,6.5,2nd quarter,4:15.0,Desmond Mason,SEA,False,2-pointer,6,43-42,'HOU',leads
627,627,627,200103240SEA,24.0,5.0,2nd quarter,3:33.0,Jelani McCoy,SEA,True,2-pointer,0,45-42,'HOU',leads
628,628,628,200103240SEA,16.5,8.0,2nd quarter,3:02.0,Gary Payton,SEA,False,2-pointer,8,45-42,'HOU',leads
629,629,629,200103240SEA,24.0,5.0,2nd quarter,2:56.0,Ruben Patterson,SEA,True,2-pointer,0,47-42,'HOU',leads
630,630,630,200103240SEA,24.0,5.0,2nd quarter,2:19.0,Ruben Patterson,SEA,True,2-pointer,0,49-45,'HOU',leads
631,631,631,200103240SEA,9.3,8.6,2nd quarter,1:41.0,Emanual Davis,SEA,False,2-pointer,15,49-45,'HOU',leads
632,632,632,200103240SEA,20.7,7.6,2nd quarter,1:08.0,Gary Payton,SEA,False,2-pointer,4,49-47,'HOU',leads
633,633,633,200103240SEA,26.8,5.9,2nd quarter,0:36.6,Ruben Patterson,SEA,False,2-pointer,3,49-47,'HOU',leads
634,634,634,200103240SEA,24.0,5.0,2nd quarter,0:33.0,Jelani McCoy,SEA,True,2-pointer,0,51-47,'HOU',leads
635,635,635,200103240SEA,24.0,5.0,2nd quarter,0:01.6,Gary Payton,SEA,True,2-pointer,0,53-50,'HOU',leads
636,636,636,200103240SEA,19.2,7.6,3rd quarter,11:41.0,Jelani McCoy,SEA,True,2-pointer,5,55-50,'HOU',leads
637,637,637,200103240SEA,28.9,7.6,3rd quarter,10:53.0,Jelani McCoy,SEA,False,2-pointer,6,55-50,'HOU',leads
638,638,638,200103240SEA,35.9,6.3,3rd quarter,10:29.0,Vin Baker,SEA,True,2-pointer,12,57-50,'HOU',leads
639,639,639,200103240SEA,24.0,5.0,3rd quarter,9:56.0,Gary Payton,SEA,True,2-pointer,0,59-50,'HOU',leads
640,640,640,200103240SEA,34.0,16.4,3rd quarter,9:05.0,Ruben Patterson,SEA,False,2-pointer,15,59-53,'HOU',leads
641,641,641,200103240SEA,34.0,11.3,3rd quarter,8:35.0,Rashard Lewis,SEA,True,2-pointer,12,61-55,'HOU',leads
642,642,642,200103240SEA,25.6,9.7,3rd quarter,8:05.0,Gary Payton,SEA,False,2-pointer,5,61-57,'HOU',leads
643,643,643,200103240SEA,25.6,11.3,3rd quarter,7:02.0,Gary Payton,SEA,True,2-pointer,7,65-60,'HOU',leads
644,644,644,200103240SEA,24.0,5.0,3rd quarter,6:20.0,Rashard Lewis,SEA,True,2-pointer,0,67-62,'HOU',leads
645,645,645,200103240SEA,28.9,6.9,3rd quarter,4:54.0,Gary Payton,SEA,False,2-pointer,5,67-66,'HOU',leads
646,646,646,200103240SEA,0.9,9.7,3rd quarter,3:34.0,Gary Payton,SEA,False,3-pointer,24,68-66,'HOU',leads
647,647,647,200103240SEA,24.1,11.3,3rd quarter,3:06.0,Jelani McCoy,SEA,False,2-pointer,6,68-66,'HOU',leads
648,648,648,200103240SEA,24.0,5.0,3rd quarter,2:55.0,Ruben Patterson,SEA,True,2-pointer,0,70-66,'HOU',leads
649,649,649,200103240SEA,20.7,24.6,3rd quarter,0:33.2,Vin Baker,SEA,False,2-pointer,20,70-69,'HOU',leads
650,650,650,200103240SEA,17.7,9.7,3rd quarter,0:14.8,Vin Baker,SEA,False,2-pointer,8,70-69,'HOU',leads
651,651,651,200103240SEA,24.0,5.0,3rd quarter,0:12.7,Vin Baker,SEA,True,2-pointer,0,72-69,'HOU',leads
652,652,652,200103240SEA,17.7,5.9,4th quarter,11:13.0,Gary Payton,SEA,False,2-pointer,6,73-69,'HOU',leads
653,653,653,200103240SEA,6.4,6.5,4th quarter,10:36.0,Brent Barry,SEA,False,2-pointer,18,73-71,'HOU',leads
654,654,654,200103240SEA,36.9,19.8,4th quarter,9:41.0,Vin Baker,SEA,True,2-pointer,20,75-73,'HOU',leads
655,655,655,200103240SEA,43.9,19.1,4th quarter,9:10.0,Brent Barry,SEA,True,3-pointer,24,78-73,'HOU',leads
656,656,656,200103240SEA,18.6,6.5,4th quarter,7:12.0,Vin Baker,SEA,False,2-pointer,6,78-80,'HOU',trails
657,657,657,200103240SEA,24.7,16.8,4th quarter,6:32.0,Gary Payton,SEA,False,2-pointer,12,78-80,'HOU',trails
658,658,658,200103240SEA,20.7,5.0,4th quarter,6:15.0,Ruben Patterson,SEA,False,2-pointer,3,78-80,'HOU',trails
659,659,659,200103240SEA,9.3,6.5,4th quarter,6:03.0,Gary Payton,SEA,True,2-pointer,15,80-80,'HOU',tied
660,660,660,200103240SEA,46.8,3.7,4th quarter,5:22.0,Brent Barry,SEA,False,3-pointer,23,80-82,'HOU',trails
661,661,661,200103240SEA,16.5,9.2,4th quarter,4:44.0,Gary Payton,SEA,False,2-pointer,9,82-82,'HOU',tied
662,662,662,200103240SEA,21.3,10.3,4th quarter,3:51.0,Gary Payton,SEA,True,2-pointer,6,85-84,'HOU',leads
663,663,663,200103240SEA,17.1,6.5,4th quarter,3:16.0,Vin Baker,SEA,True,2-pointer,7,87-84,'HOU',leads
664,664,664,200103240SEA,21.3,6.9,4th quarter,2:21.0,Ruben Patterson,SEA,False,2-pointer,3,87-86,'HOU',leads
665,665,665,200103240SEA,10.8,13.7,4th quarter,2:15.0,Gary Payton,SEA,False,2-pointer,16,87-86,'HOU',leads
666,666,666,200103240SEA,23.6,10.3,4th quarter,1:41.0,Gary Payton,SEA,False,2-pointer,5,87-86,'HOU',leads
667,667,667,200103240SEA,11.6,9.2,4th quarter,1:12.0,Vin Baker,SEA,True,2-pointer,13,89-88,'HOU',leads
668,668,668,200103240SEA,10.8,12.0,4th quarter,0:41.1,Vin Baker,SEA,False,2-pointer,15,89-90,'HOU',trails
669,669,669,200103240SEA,26.2,8.6,4th quarter,0:12.3,Ruben Patterson,SEA,True,2-pointer,4,91-90,'HOU',leads
670,670,670,200103240SEA,24.0,5.0,4th quarter,0:01.5,Ruben Patterson,SEA,True,2-pointer,0,93-90,'HOU',leads
671,671,671,200103240UTA,34.6,3.5,1st quarter,11:42.0,Richard Hamilton,WAS,False,2-pointer,11,0-0,'UTA',tied
672,672,672,200103240UTA,22.8,22.9,1st quarter,10:40.0,Christian Laettner,WAS,True,2-pointer,18,2-4,'UTA',trails
673,673,673,200103240UTA,16.7,10.7,1st quarter,9:33.0,Courtney Alexander,WAS,True,2-pointer,9,4-8,'UTA',trails
674,674,674,200103240UTA,35.3,21.9,1st quarter,9:08.0,Courtney Alexander,WAS,False,2-pointer,20,4-10,'UTA',trails
675,675,675,200103240UTA,34.6,21.9,1st quarter,7:46.0,Richard Hamilton,WAS,False,2-pointer,20,4-12,'UTA',trails
676,676,676,200103240UTA,26.4,20.0,1st quarter,6:53.0,Hubert Davis,WAS,True,2-pointer,15,6-16,'UTA',trails
677,677,677,200103240UTA,22.8,16.0,1st quarter,6:17.0,Richard Hamilton,WAS,False,2-pointer,11,6-18,'UTA',trails
678,678,678,200103240UTA,9.3,20.6,1st quarter,5:55.0,Christian Laettner,WAS,False,2-pointer,21,6-21,'UTA',trails
679,679,679,200103240UTA,42.8,3.9,1st quarter,5:24.0,Popeye Jones,WAS,False,2-pointer,19,6-23,'UTA',trails
680,680,680,200103240UTA,24.0,5.0,1st quarter,5:19.0,Jahidi White,WAS,False,2-pointer,0,6-23,'UTA',trails
681,681,681,200103240UTA,19.8,21.9,1st quarter,4:58.0,Hubert Davis,WAS,True,2-pointer,17,8-24,'UTA',trails
682,682,682,200103240UTA,24.0,5.0,1st quarter,4:09.0,Popeye Jones,WAS,False,2-pointer,0,8-26,'UTA',trails
683,683,683,200103240UTA,36.7,20.0,1st quarter,3:45.0,Hubert Davis,WAS,False,2-pointer,20,8-28,'UTA',trails
684,684,684,200103240UTA,24.0,5.0,1st quarter,3:43.0,Mike Smith,WAS,False,2-pointer,0,8-28,'UTA',trails
685,685,685,200103240UTA,24.0,5.0,1st quarter,3:42.0,Jahidi White,WAS,True,2-pointer,0,10-28,'UTA',trails
686,686,686,200103240UTA,16.7,28.6,1st quarter,2:27.0,Mike Smith,WAS,False,3-pointer,25,11-30,'UTA',trails
687,687,687,200103240UTA,37.6,25.3,1st quarter,1:55.0,Hubert Davis,WAS,False,3-pointer,24,11-32,'UTA',trails
688,688,688,200103240UTA,4.7,3.5,1st quarter,1:14.0,Loy Vaught,WAS,False,2-pointer,19,11-36,'UTA',trails
689,689,689,200103240UTA,24.0,5.0,1st quarter,0:47.9,Loy Vaught,WAS,False,2-pointer,0,11-37,'UTA',trails
690,690,690,200103240UTA,15.2,10.1,2nd quarter,11:18.0,Richard Hamilton,WAS,True,2-pointer,10,15-41,'UTA',trails
691,691,691,200103240UTA,28.5,25.3,2nd quarter,10:46.0,Courtney Alexander,WAS,False,2-pointer,21,15-43,'UTA',trails
692,692,692,200103240UTA,30.8,6.1,2nd quarter,10:23.0,Richard Hamilton,WAS,True,2-pointer,7,17-43,'UTA',trails
693,693,693,200103240UTA,11.4,26.3,2nd quarter,8:21.0,Richard Hamilton,WAS,False,3-pointer,25,20-50,'UTA',trails
694,694,694,200103240UTA,5.5,3.9,2nd quarter,7:45.0,Christian Laettner,WAS,True,2-pointer,19,22-50,'UTA',trails
695,695,695,200103240UTA,23.4,18.3,2nd quarter,6:26.0,Richard Hamilton,WAS,False,2-pointer,13,24-54,'UTA',trails
696,696,696,200103240UTA,34.6,3.9,2nd quarter,6:18.0,Courtney Alexander,WAS,True,2-pointer,11,26-54,'UTA',trails
697,697,697,200103240UTA,16.1,17.7,2nd quarter,5:46.0,Richard Hamilton,WAS,True,2-pointer,15,28-55,'UTA',trails
698,698,698,200103240UTA,24.0,5.0,2nd quarter,5:09.0,Jahidi White,WAS,True,2-pointer,0,30-55,'UTA',trails
699,699,699,200103240UTA,18.4,21.9,2nd quarter,2:15.0,Loy Vaught,WAS,False,2-pointer,18,32-62,'UTA',trails
700,700,700,200103240UTA,24.1,11.3,2nd quarter,2:09.0,Jahidi White,WAS,True,2-pointer,6,34-62,'UTA',trails
701,701,701,200103240UTA,16.7,9.0,2nd quarter,1:36.0,Jahidi White,WAS,True,2-pointer,8,36-64,'UTA',trails
702,702,702,200103240UTA,24.0,5.0,2nd quarter,1:04.0,Jahidi White,WAS,True,2-pointer,0,38-67,'UTA',trails
703,703,703,200103240UTA,24.0,5.0,2nd quarter,0:00.1,Mike Smith,WAS,False,2-pointer,0,40-70,'UTA',trails
704,704,704,200103240UTA,3.2,3.9,3rd quarter,11:23.0,Courtney Alexander,WAS,False,2-pointer,21,40-70,'UTA',trails
705,705,705,200103240UTA,24.0,5.0,3rd quarter,11:20.0,Jahidi White,WAS,False,2-pointer,0,40-70,'UTA',trails
706,706,706,200103240UTA,40.5,17.0,3rd quarter,9:23.0,Christian Laettner,WAS,False,2-pointer,20,44-76,'UTA',trails
707,707,707,200103240UTA,36.7,19.4,3rd quarter,9:05.0,Courtney Alexander,WAS,False,2-pointer,19,44-78,'UTA',trails
708,708,708,200103240UTA,24.0,5.0,3rd quarter,7:56.0,Richard Hamilton,WAS,False,2-pointer,0,45-83,'UTA',trails
709,709,709,200103240UTA,30.0,16.0,3rd quarter,7:29.0,Richard Hamilton,WAS,True,2-pointer,13,47-83,'UTA',trails
710,710,710,200103240UTA,24.0,5.0,3rd quarter,7:06.0,Courtney Alexander,WAS,True,2-pointer,0,50-83,'UTA',trails
711,711,711,200103240UTA,29.4,20.0,3rd quarter,6:43.0,Courtney Alexander,WAS,True,2-pointer,16,52-83,'UTA',trails
712,712,712,200103240UTA,25.6,20.6,3rd quarter,6:04.0,Richard Hamilton,WAS,False,2-pointer,16,52-83,'UTA',trails
713,713,713,200103240UTA,24.0,5.0,3rd quarter,5:54.0,Jahidi White,WAS,False,2-pointer,0,52-83,'UTA',trails
714,714,714,200103240UTA,28.5,24.6,3rd quarter,5:00.0,Christian Laettner,WAS,False,2-pointer,20,52-87,'UTA',trails
715,715,715,200103240UTA,17.5,17.0,3rd quarter,4:01.0,Richard Hamilton,WAS,False,2-pointer,14,52-89,'UTA',trails
716,716,716,200103240UTA,24.0,5.0,3rd quarter,3:58.0,Jahidi White,WAS,True,2-pointer,0,54-89,'UTA',trails
717,717,717,200103240UTA,24.0,5.0,3rd quarter,3:31.0,Christian Laettner,WAS,True,2-pointer,0,56-89,'UTA',trails
718,718,718,200103240UTA,36.7,20.6,3rd quarter,2:30.0,Courtney Alexander,WAS,False,2-pointer,20,58-89,'UTA',trails
719,719,719,200103240UTA,37.6,21.9,3rd quarter,1:59.0,Richard Hamilton,WAS,False,2-pointer,22,58-89,'UTA',trails
720,720,720,200103240UTA,25.6,14.3,3rd quarter,1:29.0,Courtney Alexander,WAS,True,2-pointer,9,60-89,'UTA',trails
721,721,721,200103240UTA,28.5,6.1,3rd quarter,0:48.9,Jahidi White,WAS,False,2-pointer,5,60-91,'UTA',trails
722,722,722,200103240UTA,35.3,21.9,3rd quarter,0:27.3,Courtney Alexander,WAS,True,2-pointer,20,62-92,'UTA',trails
723,723,723,200103240UTA,18.4,13.0,3rd quarter,0:04.9,Richard Hamilton,WAS,False,2-pointer,10,62-92,'UTA',trails
724,724,724,200103240UTA,24.1,14.7,3rd quarter,0:02.3,David Vanterpool,WAS,True,2-pointer,10,64-92,'UTA',trails
725,725,725,200103240UTA,38.4,16.6,3rd quarter,0:00.1,David Vanterpool,WAS,False,2-pointer,18,64-94,'UTA',trails
726,726,726,200103240UTA,9.3,17.0,4th quarter,11:39.0,Loy Vaught,WAS,True,2-pointer,19,66-94,'UTA',trails
727,727,727,200103240UTA,42.0,15.4,4th quarter,10:29.0,Popeye Jones,WAS,False,2-pointer,21,66-96,'UTA',trails
728,728,728,200103240UTA,4.7,2.3,4th quarter,9:22.0,Loy Vaught,WAS,True,2-pointer,19,68-97,'UTA',trails
729,729,729,200103240UTA,22.8,12.6,4th quarter,8:34.0,Mike Smith,WAS,False,2-pointer,8,68-99,'UTA',trails
730,730,730,200103240UTA,30.0,6.1,4th quarter,8:31.0,Popeye Jones,WAS,True,2-pointer,6,70-99,'UTA',trails
731,731,731,200103240UTA,9.3,14.3,4th quarter,8:00.0,Loy Vaught,WAS,True,2-pointer,17,72-101,'UTA',trails
732,732,732,200103240UTA,13.7,13.0,4th quarter,7:22.0,Popeye Jones,WAS,False,2-pointer,13,72-104,'UTA',trails
733,733,733,200103240UTA,42.0,5.4,4th quarter,6:50.0,Loy Vaught,WAS,False,2-pointer,18,72-106,'UTA',trails
734,734,734,200103240UTA,42.0,3.9,4th quarter,6:12.0,Richard Hamilton,WAS,True,2-pointer,18,74-109,'UTA',trails
735,735,735,200103240UTA,9.9,20.6,4th quarter,5:35.0,Mike Smith,WAS,False,2-pointer,21,74-111,'UTA',trails
736,736,736,200103240UTA,7.8,2.3,4th quarter,4:31.0,Popeye Jones,WAS,False,2-pointer,16,75-113,'UTA',trails
737,737,737,200103240UTA,10.8,25.3,4th quarter,3:43.0,Mike Smith,WAS,True,3-pointer,24,78-113,'UTA',trails
738,738,738,200103240UTA,24.0,5.0,4th quarter,2:40.0,Loy Vaught,WAS,True,2-pointer,0,82-113,'UTA',trails
739,739,739,200103240UTA,9.9,25.9,4th quarter,1:43.0,Mike Smith,WAS,False,3-pointer,25,84-115,'UTA',trails
740,740,740,200103240UTA,27.0,6.7,4th quarter,1:38.0,Loy Vaught,WAS,True,2-pointer,3,86-115,'UTA',trails
741,741,741,200103240UTA,24.0,5.0,4th quarter,1:08.0,Laron Profit,WAS,True,2-pointer,0,88-117,'UTA',trails
742,742,742,200103240UTA,36.7,20.6,4th quarter,0:41.9,Laron Profit,WAS,False,2-pointer,20,88-119,'UTA',trails
743,743,743,200103240UTA,3.2,18.3,4th quarter,0:33.2,Mike Smith,WAS,True,3-pointer,25,91-119,'UTA',trails
744,744,744,200103240UTA,24.0,5.0,4th quarter,0:00.3,David Vanterpool,WAS,True,2-pointer,0,93-119,'UTA',trails
745,745,745,200103240UTA,20.5,9.7,1st quarter,11:02.0,John Starks,UTA,False,2-pointer,6,2-0,'UTA',leads
746,746,746,200103240UTA,24.0,5.0,1st quarter,10:54.0,Donyell Marshall,UTA,True,2-pointer,0,4-0,'UTA',leads
747,747,747,200103240UTA,24.0,5.0,1st quarter,10:25.0,Donyell Marshall,UTA,True,2-pointer,0,6-2,'UTA',leads
748,748,748,200103240UTA,24.0,5.0,1st quarter,9:52.0,Donyell Marshall,UTA,True,2-pointer,0,8-2,'UTA',leads
749,749,749,200103240UTA,24.0,5.0,1st quarter,9:22.0,John Stockton,UTA,True,2-pointer,0,10-4,'UTA',leads
750,750,750,200103240UTA,8.5,22.9,1st quarter,8:55.0,John Starks,UTA,False,3-pointer,24,10-4,'UTA',leads
751,751,751,200103240UTA,16.7,6.1,1st quarter,8:52.0,Olden Polynice,UTA,True,2-pointer,7,12-4,'UTA',leads
752,752,752,200103240UTA,24.0,5.0,1st quarter,7:23.0,Karl Malone,UTA,True,2-pointer,0,16-4,'UTA',leads
753,753,753,200103240UTA,24.0,5.0,1st quarter,6:39.0,Donyell Marshall,UTA,True,2-pointer,0,18-6,'UTA',leads
754,754,754,200103240UTA,1.1,3.9,1st quarter,6:05.0,John Starks,UTA,True,3-pointer,23,21-6,'UTA',leads
755,755,755,200103240UTA,44.3,3.9,1st quarter,5:43.0,Karl Malone,UTA,True,2-pointer,20,23-6,'UTA',leads
756,756,756,200103240UTA,22.8,24.2,1st quarter,4:36.0,Jacque Vaughn,UTA,True,2-pointer,19,26-8,'UTA',leads
757,757,757,200103240UTA,24.0,5.0,1st quarter,4:02.0,Bryon Russell,UTA,True,2-pointer,0,28-8,'UTA',leads
758,758,758,200103240UTA,19.0,21.3,1st quarter,3:19.0,Jacque Vaughn,UTA,False,2-pointer,17,28-11,'UTA',leads
759,759,759,200103240UTA,24.0,5.0,1st quarter,1:49.0,John Starks,UTA,True,2-pointer,0,34-11,'UTA',leads
760,760,760,200103240UTA,39.9,13.0,1st quarter,0:30.2,Olden Polynice,UTA,True,2-pointer,18,39-11,'UTA',leads
761,761,761,200103240UTA,24.0,5.0,1st quarter,0:02.8,Olden Polynice,UTA,True,2-pointer,0,41-13,'UTA',leads
762,762,762,200103240UTA,9.3,2.9,2nd quarter,11:39.0,Greg Ostertag,UTA,False,2-pointer,15,41-13,'UTA',leads
763,763,763,200103240UTA,36.7,8.4,2nd quarter,10:29.0,Danny Manning,UTA,False,2-pointer,13,43-15,'UTA',leads
764,764,764,200103240UTA,24.0,5.0,2nd quarter,10:13.0,Danny Manning,UTA,True,2-pointer,0,45-18,'UTA',leads
765,765,765,200103240UTA,24.0,5.0,2nd quarter,9:42.0,Bryon Russell,UTA,False,2-pointer,0,47-18,'UTA',leads
766,766,766,200103240UTA,24.0,5.0,2nd quarter,9:35.0,Greg Ostertag,UTA,True,2-pointer,0,49-18,'UTA',leads
767,767,767,200103240UTA,5.5,2.3,2nd quarter,7:57.0,Danny Manning,UTA,False,2-pointer,19,50-20,'UTA',leads
768,768,768,200103240UTA,24.0,5.0,2nd quarter,7:35.0,Bryon Russell,UTA,True,2-pointer,0,52-22,'UTA',leads
769,769,769,200103240UTA,23.4,22.9,2nd quarter,7:09.0,John Crotty,UTA,True,2-pointer,18,54-23,'UTA',leads
770,770,770,200103240UTA,32.3,27.6,2nd quarter,5:19.0,Jacque Vaughn,UTA,False,3-pointer,24,55-28,'UTA',leads
771,771,771,200103240UTA,22.8,7.1,2nd quarter,4:23.0,John Crotty,UTA,False,2-pointer,2,55-30,'UTA',leads
772,772,772,200103240UTA,7.8,22.3,2nd quarter,4:16.0,Jacque Vaughn,UTA,True,3-pointer,24,58-30,'UTA',leads
773,773,773,200103240UTA,9.3,20.6,2nd quarter,3:39.0,John Crotty,UTA,False,2-pointer,21,58-32,'UTA',leads
774,774,774,200103240UTA,42.8,3.5,2nd quarter,3:34.0,Scott Padgett,UTA,False,2-pointer,19,58-32,'UTA',leads
775,775,775,200103240UTA,24.0,5.0,2nd quarter,3:20.0,Jacque Vaughn,UTA,True,2-pointer,0,60-32,'UTA',leads
776,776,776,200103240UTA,7.8,6.7,2nd quarter,2:39.0,David Benoit,UTA,True,2-pointer,16,62-32,'UTA',leads
777,777,777,200103240UTA,24.1,24.6,2nd quarter,1:53.0,Scott Padgett,UTA,True,2-pointer,20,64-34,'UTA',leads
778,778,778,200103240UTA,9.3,23.6,2nd quarter,1:19.0,Scott Padgett,UTA,True,3-pointer,24,67-36,'UTA',leads
779,779,779,200103240UTA,13.7,27.6,2nd quarter,0:30.9,David Benoit,UTA,False,3-pointer,25,67-40,'UTA',leads
780,780,780,200103240UTA,38.4,25.3,2nd quarter,0:07.0,Scott Padgett,UTA,True,3-pointer,25,70-40,'UTA',leads
781,781,781,200103240UTA,24.1,21.3,3rd quarter,11:46.0,Donyell Marshall,UTA,False,2-pointer,16,70-40,'UTA',leads
782,782,782,200103240UTA,38.4,8.4,3rd quarter,11:12.0,Karl Malone,UTA,False,2-pointer,15,70-40,'UTA',leads
783,783,783,200103240UTA,24.0,5.0,3rd quarter,10:48.0,Karl Malone,UTA,False,2-pointer,0,70-40,'UTA',leads
784,784,784,200103240UTA,24.0,5.0,3rd quarter,10:28.0,Donyell Marshall,UTA,False,2-pointer,0,72-40,'UTA',leads
785,785,785,200103240UTA,24.0,5.0,3rd quarter,9:33.0,Donyell Marshall,UTA,True,2-pointer,0,76-44,'UTA',leads
786,786,786,200103240UTA,24.0,5.0,3rd quarter,9:18.0,Karl Malone,UTA,True,2-pointer,0,78-44,'UTA',leads
787,787,787,200103240UTA,1.7,3.9,3rd quarter,8:46.0,John Starks,UTA,True,3-pointer,22,81-44,'UTA',leads
788,788,788,200103240UTA,24.0,5.0,3rd quarter,8:13.0,John Stockton,UTA,True,2-pointer,0,83-45,'UTA',leads
789,789,789,200103240UTA,24.0,5.0,3rd quarter,7:40.0,Donyell Marshall,UTA,False,2-pointer,0,83-45,'UTA',leads
790,790,790,200103240UTA,24.0,5.0,3rd quarter,6:53.0,Karl Malone,UTA,False,2-pointer,0,83-50,'UTA',leads
791,791,791,200103240UTA,11.4,17.7,3rd quarter,6:16.0,John Starks,UTA,False,2-pointer,18,83-52,'UTA',leads
792,792,792,200103240UTA,23.4,12.6,3rd quarter,6:11.0,Olden Polynice,UTA,False,2-pointer,8,83-52,'UTA',leads
793,793,793,200103240UTA,31.7,15.4,3rd quarter,5:14.0,Donyell Marshall,UTA,True,2-pointer,13,87-52,'UTA',leads
794,794,794,200103240UTA,34.6,22.3,3rd quarter,4:44.0,John Starks,UTA,True,2-pointer,20,89-52,'UTA',leads
795,795,795,200103240UTA,13.7,24.2,3rd quarter,3:14.0,Jacque Vaughn,UTA,False,2-pointer,22,89-56,'UTA',leads
796,796,796,200103240UTA,24.0,5.0,3rd quarter,2:51.0,Donyell Marshall,UTA,False,2-pointer,0,89-58,'UTA',leads
797,797,797,200103240UTA,35.3,25.3,3rd quarter,2:08.0,John Starks,UTA,False,2-pointer,23,89-58,'UTA',leads
798,798,798,200103240UTA,46.6,6.1,3rd quarter,1:37.0,Bryon Russell,UTA,False,3-pointer,23,89-58,'UTA',leads
799,799,799,200103240UTA,30.8,23.6,3rd quarter,1:07.0,Danny Manning,UTA,True,2-pointer,20,91-60,'UTA',leads
800,800,800,200103240UTA,24.0,5.0,4th quarter,11:12.0,Greg Ostertag,UTA,True,2-pointer,0,96-66,'UTA',leads
801,801,801,200103240UTA,39.9,24.2,4th quarter,10:03.0,Danny Manning,UTA,False,3-pointer,25,96-66,'UTA',leads
802,802,802,200103240UTA,24.0,5.0,4th quarter,9:00.0,Scott Padgett,UTA,True,2-pointer,0,99-68,'UTA',leads
803,803,803,200103240UTA,39.9,13.0,4th quarter,8:12.0,David Benoit,UTA,True,2-pointer,18,101-70,'UTA',leads
804,804,804,200103240UTA,26.4,29.3,4th quarter,7:40.0,John Crotty,UTA,True,3-pointer,24,104-72,'UTA',leads
805,805,805,200103240UTA,41.4,10.1,4th quarter,6:35.0,David Benoit,UTA,True,2-pointer,18,108-72,'UTA',leads
806,806,806,200103240UTA,24.0,5.0,4th quarter,5:57.0,Greg Ostertag,UTA,True,2-pointer,0,111-74,'UTA',leads
807,807,807,200103240UTA,28.5,8.4,4th quarter,5:28.0,David Benoit,UTA,True,2-pointer,6,113-74,'UTA',leads
808,808,808,200103240UTA,34.6,29.3,4th quarter,3:20.0,John Crotty,UTA,False,3-pointer,27,113-78,'UTA',leads
809,809,809,200103240UTA,24.1,25.3,4th quarter,2:54.0,Jacque Vaughn,UTA,False,2-pointer,20,113-80,'UTA',leads
810,810,810,200103240UTA,24.0,5.0,4th quarter,2:47.0,John Crotty,UTA,False,2-pointer,0,113-80,'UTA',leads
811,811,811,200103240UTA,21.3,22.3,4th quarter,2:23.0,Scott Padgett,UTA,False,2-pointer,18,113-82,'UTA',leads
812,812,812,200103240UTA,24.0,5.0,4th quarter,2:02.0,Scott Padgett,UTA,True,2-pointer,0,115-84,'UTA',leads
813,813,813,200103240UTA,16.7,5.0,4th quarter,1:21.0,Greg Ostertag,UTA,True,2-pointer,7,117-86,'UTA',leads
814,814,814,200103240UTA,30.0,25.9,4th quarter,0:54.1,David Benoit,UTA,True,2-pointer,22,119-88,'UTA',leads
815,815,815,200103240UTA,7.8,2.9,4th quarter,0:09.9,Greg Ostertag,UTA,False,2-pointer,16,119-91,'UTA',leads
