,Unnamed: 0.1,Unnamed: 0,match_id,shotX,shotY,quarter,time_remaining,player,team,made,shot_type,distance,score,opp,status
0,0,0,200112030NYK,41.8,4.6,1st quarter,11:16.0,Kenny Thomas,HOU,False,2-pointer,18,0-3,'HOU',trails
1,1,1,200112030NYK,31.9,20.2,1st quarter,10:51.0,Cuttino Mobley,HOU,False,2-pointer,17,0-5,'HOU',trails
2,2,2,200112030NYK,31.0,6.5,1st quarter,10:42.0,Cuttino Mobley,HOU,True,2-pointer,7,2-5,'HOU',trails
3,3,3,200112030NYK,19.6,9.5,1st quarter,10:08.0,Glen Rice,HOU,True,2-pointer,6,4-5,'HOU',trails
4,4,4,200112030NYK,11.4,10.1,1st quarter,8:33.0,Glen Rice,HOU,True,2-pointer,14,9-10,'HOU',trails
5,5,5,200112030NYK,14.6,5.9,1st quarter,8:16.0,Glen Rice,HOU,True,2-pointer,9,11-12,'HOU',trails
6,6,6,200112030NYK,12.3,8.6,1st quarter,7:45.0,Glen Rice,HOU,True,2-pointer,12,13-14,'HOU',trails
7,7,7,200112030NYK,42.6,5.0,1st quarter,6:01.0,Moochie Norris,HOU,True,2-pointer,19,16-19,'HOU',trails
8,8,8,200112030NYK,24.0,5.0,1st quarter,5:23.0,Glen Rice,HOU,True,2-pointer,0,18-21,'HOU',trails
9,9,9,200112030NYK,39.3,5.0,1st quarter,4:36.0,Kelvin Cato,HOU,False,2-pointer,15,18-23,'HOU',trails
10,10,10,200112030NYK,18.8,21.5,1st quarter,4:03.0,Cuttino Mobley,HOU,False,2-pointer,17,18-23,'HOU',trails
11,11,11,200112030NYK,33.6,20.8,1st quarter,2:54.0,Moochie Norris,HOU,False,2-pointer,18,18-24,'HOU',trails
12,12,12,200112030NYK,8.0,19.4,1st quarter,2:20.0,Kenny Thomas,HOU,False,2-pointer,22,18-26,'HOU',trails
13,13,13,200112030NYK,20.5,7.3,1st quarter,1:42.0,Kenny Thomas,HOU,False,2-pointer,4,18-28,'HOU',trails
14,14,14,200112030NYK,24.0,5.0,1st quarter,1:27.0,Óscar Torres,HOU,True,2-pointer,0,20-28,'HOU',trails
15,15,15,200112030NYK,36.1,27.2,1st quarter,0:18.5,Óscar Torres,HOU,True,3-pointer,25,24-30,'HOU',trails
16,16,16,200112030NYK,26.0,25.0,2nd quarter,11:41.0,Moochie Norris,HOU,True,2-pointer,20,26-30,'HOU',trails
17,17,17,200112030NYK,24.0,5.0,2nd quarter,10:57.0,Eddie Griffin,HOU,True,2-pointer,0,28-32,'HOU',trails
18,18,18,200112030NYK,24.0,5.0,2nd quarter,10:35.0,Óscar Torres,HOU,True,2-pointer,0,30-32,'HOU',trails
19,19,19,200112030NYK,36.9,10.7,2nd quarter,9:46.0,Kevin Willis,HOU,False,2-pointer,14,30-32,'HOU',trails
20,20,20,200112030NYK,33.6,28.0,2nd quarter,9:25.0,Moochie Norris,HOU,False,3-pointer,25,30-32,'HOU',trails
21,21,21,200112030NYK,36.9,13.7,2nd quarter,8:45.0,Eddie Griffin,HOU,False,2-pointer,16,30-32,'HOU',trails
22,22,22,200112030NYK,12.3,6.5,2nd quarter,8:16.0,Kevin Willis,HOU,False,2-pointer,12,30-32,'HOU',trails
23,23,23,200112030NYK,11.4,12.2,2nd quarter,7:45.0,Kevin Willis,HOU,True,2-pointer,15,32-32,'HOU',tied
24,24,24,200112030NYK,38.4,25.9,2nd quarter,7:00.0,Tierre Brown,HOU,False,3-pointer,25,32-34,'HOU',trails
25,25,25,200112030NYK,16.3,4.6,2nd quarter,6:53.0,Kevin Willis,HOU,False,2-pointer,8,32-34,'HOU',trails
26,26,26,200112030NYK,24.0,5.0,2nd quarter,6:50.0,Eddie Griffin,HOU,False,2-pointer,0,32-34,'HOU',trails
27,27,27,200112030NYK,24.0,5.0,2nd quarter,6:27.0,Kevin Willis,HOU,True,2-pointer,0,34-34,'HOU',tied
28,28,28,200112030NYK,23.6,24.4,2nd quarter,5:40.0,Walt Williams,HOU,True,2-pointer,19,36-34,'HOU',leads
29,29,29,200112030NYK,0.5,8.6,2nd quarter,5:20.0,Walt Williams,HOU,False,3-pointer,24,36-34,'HOU',leads
30,30,30,200112030NYK,34.4,10.1,2nd quarter,4:43.0,Cuttino Mobley,HOU,False,2-pointer,12,36-34,'HOU',leads
31,31,31,200112030NYK,14.6,11.6,2nd quarter,4:17.0,Kevin Willis,HOU,False,2-pointer,11,36-34,'HOU',leads
32,32,32,200112030NYK,37.8,26.5,2nd quarter,3:43.0,Eddie Griffin,HOU,False,3-pointer,26,36-36,'HOU',tied
33,33,33,200112030NYK,24.0,5.0,2nd quarter,3:16.0,Moochie Norris,HOU,True,2-pointer,0,38-36,'HOU',leads
34,34,34,200112030NYK,34.4,5.0,2nd quarter,2:27.0,Glen Rice,HOU,False,2-pointer,10,38-36,'HOU',leads
35,35,35,200112030NYK,24.0,5.0,2nd quarter,2:24.0,Kenny Thomas,HOU,True,2-pointer,0,40-36,'HOU',leads
36,36,36,200112030NYK,34.4,10.7,2nd quarter,2:00.0,Cuttino Mobley,HOU,False,2-pointer,12,40-36,'HOU',leads
37,37,37,200112030NYK,10.6,20.8,2nd quarter,1:27.0,Kenny Thomas,HOU,False,2-pointer,21,40-36,'HOU',leads
38,38,38,200112030NYK,30.2,6.5,2nd quarter,1:03.0,Kenny Thomas,HOU,True,2-pointer,6,42-36,'HOU',leads
39,39,39,200112030NYK,14.6,15.8,2nd quarter,0:28.9,Glen Rice,HOU,False,2-pointer,14,42-38,'HOU',leads
40,40,40,200112030NYK,12.3,31.6,2nd quarter,0:00.1,Moochie Norris,HOU,False,3-pointer,29,42-38,'HOU',leads
41,41,41,200112030NYK,19.6,8.6,3rd quarter,11:45.0,Glen Rice,HOU,False,2-pointer,6,42-38,'HOU',leads
42,42,42,200112030NYK,24.0,5.0,3rd quarter,11:04.0,Kenny Thomas,HOU,True,2-pointer,0,44-40,'HOU',leads
43,43,43,200112030NYK,24.0,5.0,3rd quarter,10:40.0,Cuttino Mobley,HOU,False,2-pointer,0,44-40,'HOU',leads
44,44,44,200112030NYK,24.0,5.0,3rd quarter,9:29.0,Moochie Norris,HOU,True,2-pointer,0,49-42,'HOU',leads
45,45,45,200112030NYK,24.0,5.0,3rd quarter,8:16.0,Glen Rice,HOU,False,2-pointer,0,49-44,'HOU',leads
46,46,46,200112030NYK,24.0,5.0,3rd quarter,8:14.0,Glen Rice,HOU,False,2-pointer,0,49-44,'HOU',leads
47,47,47,200112030NYK,24.0,5.0,3rd quarter,7:45.0,Cuttino Mobley,HOU,True,2-pointer,0,51-44,'HOU',leads
48,48,48,200112030NYK,24.0,5.0,3rd quarter,6:35.0,Kenny Thomas,HOU,True,2-pointer,0,55-45,'HOU',leads
49,49,49,200112030NYK,40.9,23.8,3rd quarter,6:08.0,Glen Rice,HOU,True,3-pointer,25,58-45,'HOU',leads
50,50,50,200112030NYK,42.6,11.6,3rd quarter,5:25.0,Kenny Thomas,HOU,True,2-pointer,20,60-47,'HOU',leads
51,51,51,200112030NYK,11.4,14.3,3rd quarter,4:53.0,Cuttino Mobley,HOU,True,2-pointer,16,62-47,'HOU',leads
52,52,52,200112030NYK,36.9,21.5,3rd quarter,4:22.0,Cuttino Mobley,HOU,True,2-pointer,21,64-47,'HOU',leads
53,53,53,200112030NYK,31.9,20.2,3rd quarter,3:46.0,Moochie Norris,HOU,True,2-pointer,17,66-49,'HOU',leads
54,54,54,200112030NYK,37.8,26.5,3rd quarter,3:08.0,Glen Rice,HOU,False,3-pointer,26,66-49,'HOU',leads
55,55,55,200112030NYK,24.0,5.0,3rd quarter,2:32.0,Kenny Thomas,HOU,True,2-pointer,0,68-52,'HOU',leads
56,56,56,200112030NYK,16.3,8.0,3rd quarter,1:24.0,Kenny Thomas,HOU,False,2-pointer,8,68-56,'HOU',leads
57,57,57,200112030NYK,27.7,9.5,3rd quarter,1:15.0,Kelvin Cato,HOU,False,2-pointer,6,68-56,'HOU',leads
58,58,58,200112030NYK,11.4,27.2,3rd quarter,0:46.7,Cuttino Mobley,HOU,False,3-pointer,26,68-56,'HOU',leads
59,59,59,200112030NYK,24.0,5.0,3rd quarter,0:17.8,Kelvin Cato,HOU,True,2-pointer,0,70-58,'HOU',leads
60,60,60,200112030NYK,40.1,23.8,4th quarter,11:38.0,Tierre Brown,HOU,False,3-pointer,25,70-60,'HOU',leads
61,61,61,200112030NYK,10.6,27.2,4th quarter,10:53.0,Óscar Torres,HOU,False,3-pointer,26,70-62,'HOU',leads
62,62,62,200112030NYK,36.1,18.7,4th quarter,10:21.0,Kenny Thomas,HOU,True,2-pointer,18,72-64,'HOU',leads
63,63,63,200112030NYK,19.6,10.7,4th quarter,9:43.0,Tierre Brown,HOU,False,2-pointer,7,72-67,'HOU',leads
64,64,64,200112030NYK,31.0,6.5,4th quarter,9:15.0,Kenny Thomas,HOU,False,2-pointer,7,72-67,'HOU',leads
65,65,65,200112030NYK,16.3,6.5,4th quarter,8:38.0,Kevin Willis,HOU,False,2-pointer,8,72-69,'HOU',leads
66,66,66,200112030NYK,23.6,30.1,4th quarter,7:29.0,Óscar Torres,HOU,True,3-pointer,25,75-71,'HOU',leads
67,67,67,200112030NYK,26.0,25.9,4th quarter,6:16.0,Kenny Thomas,HOU,False,2-pointer,21,77-75,'HOU',leads
68,68,68,200112030NYK,20.5,9.5,4th quarter,5:33.0,Glen Rice,HOU,True,2-pointer,6,79-75,'HOU',leads
69,69,69,200112030NYK,12.3,14.3,4th quarter,4:49.0,Glen Rice,HOU,True,2-pointer,15,81-77,'HOU',leads
70,70,70,200112030NYK,24.0,5.0,4th quarter,4:08.0,Glen Rice,HOU,True,2-pointer,0,83-77,'HOU',leads
71,71,71,200112030NYK,24.3,11.6,4th quarter,3:12.0,Kevin Willis,HOU,True,2-pointer,7,85-80,'HOU',leads
72,72,72,200112030NYK,13.1,5.9,4th quarter,2:40.0,Glen Rice,HOU,False,2-pointer,11,85-80,'HOU',leads
73,73,73,200112030NYK,38.4,18.7,4th quarter,1:59.0,Moochie Norris,HOU,False,2-pointer,20,85-82,'HOU',leads
74,74,74,200112030NYK,0.5,5.0,4th quarter,1:10.0,Glen Rice,HOU,False,3-pointer,24,85-83,'HOU',leads
75,75,75,200112030NYK,13.1,17.9,4th quarter,0:31.8,Moochie Norris,HOU,False,2-pointer,17,85-85,'HOU',tied
76,76,76,200112030NYK,17.1,10.7,4th quarter,0:10.5,Cuttino Mobley,HOU,False,2-pointer,9,85-87,'HOU',trails
77,77,77,200112030NYK,6.4,25.0,4th quarter,0:00.3,Cuttino Mobley,HOU,False,3-pointer,27,86-89,'HOU',trails
78,78,78,200112030NYK,11.4,26.5,1st quarter,11:38.0,Latrell Sprewell,NYK,True,3-pointer,25,3-0,'HOU',leads
79,79,79,200112030NYK,39.3,14.3,1st quarter,11:09.0,Allan Houston,NYK,True,2-pointer,18,5-0,'HOU',leads
80,80,80,200112030NYK,28.5,8.6,1st quarter,9:34.0,Mark Jackson,NYK,True,2-pointer,6,7-7,'HOU',tied
81,81,81,200112030NYK,24.0,5.0,1st quarter,9:06.0,Marcus Camby,NYK,True,2-pointer,0,9-7,'HOU',leads
82,82,82,200112030NYK,39.3,5.0,1st quarter,8:29.0,Kurt Thomas,NYK,True,2-pointer,15,12-9,'HOU',leads
83,83,83,200112030NYK,36.9,8.6,1st quarter,8:03.0,Latrell Sprewell,NYK,True,2-pointer,13,14-11,'HOU',leads
84,84,84,200112030NYK,11.4,8.0,1st quarter,7:29.0,Marcus Camby,NYK,False,2-pointer,13,14-13,'HOU',leads
85,85,85,200112030NYK,24.0,5.0,1st quarter,7:00.0,Latrell Sprewell,NYK,True,2-pointer,0,16-13,'HOU',leads
86,86,86,200112030NYK,46.8,5.9,1st quarter,6:22.0,Mark Jackson,NYK,True,3-pointer,23,19-14,'HOU',leads
87,87,87,200112030NYK,14.6,8.0,1st quarter,5:42.0,Latrell Sprewell,NYK,True,2-pointer,10,21-16,'HOU',leads
88,88,88,200112030NYK,25.1,9.5,1st quarter,5:02.0,Othella Harrington,NYK,True,2-pointer,5,23-18,'HOU',leads
89,89,89,200112030NYK,14.6,10.1,1st quarter,4:28.0,Allan Houston,NYK,False,2-pointer,11,23-18,'HOU',leads
90,90,90,200112030NYK,33.6,17.2,1st quarter,3:37.0,Mark Jackson,NYK,False,2-pointer,16,23-18,'HOU',leads
91,91,91,200112030NYK,11.4,6.5,1st quarter,2:42.0,Allan Houston,NYK,True,2-pointer,13,26-18,'HOU',leads
92,92,92,200112030NYK,36.1,23.8,1st quarter,2:14.0,Allan Houston,NYK,False,2-pointer,22,26-18,'HOU',leads
93,93,93,200112030NYK,31.9,10.1,1st quarter,2:04.0,Othella Harrington,NYK,True,2-pointer,9,28-18,'HOU',leads
94,94,94,200112030NYK,24.0,5.0,1st quarter,1:37.0,Shandon Anderson,NYK,False,2-pointer,0,28-18,'HOU',leads
95,95,95,200112030NYK,24.0,5.0,1st quarter,1:08.0,Allan Houston,NYK,False,2-pointer,0,28-21,'HOU',leads
96,96,96,200112030NYK,12.3,12.2,1st quarter,0:30.6,Kurt Thomas,NYK,True,2-pointer,14,30-21,'HOU',leads
97,97,97,200112030NYK,24.0,5.0,2nd quarter,11:24.0,Shandon Anderson,NYK,False,2-pointer,0,30-26,'HOU',leads
98,98,98,200112030NYK,9.7,6.5,2nd quarter,11:15.0,Mark Jackson,NYK,True,2-pointer,14,32-26,'HOU',leads
99,99,99,200112030NYK,37.8,20.8,2nd quarter,10:41.0,Shandon Anderson,NYK,False,2-pointer,21,32-28,'HOU',leads
100,100,100,200112030NYK,47.5,4.6,2nd quarter,10:13.0,Shandon Anderson,NYK,False,3-pointer,24,32-30,'HOU',leads
101,101,101,200112030NYK,24.0,5.0,2nd quarter,9:10.0,Howard Eisley,NYK,False,2-pointer,0,32-30,'HOU',leads
102,102,102,200112030NYK,35.3,14.3,2nd quarter,8:03.0,Latrell Sprewell,NYK,False,2-pointer,15,32-30,'HOU',leads
103,103,103,200112030NYK,24.0,5.0,2nd quarter,7:25.0,Marcus Camby,NYK,True,2-pointer,0,34-32,'HOU',leads
104,104,104,200112030NYK,10.6,26.5,2nd quarter,6:37.0,Howard Eisley,NYK,False,3-pointer,25,34-32,'HOU',leads
105,105,105,200112030NYK,24.0,5.0,2nd quarter,5:26.0,Marcus Camby,NYK,False,2-pointer,0,34-36,'HOU',trails
106,106,106,200112030NYK,35.3,10.7,2nd quarter,5:01.0,Allan Houston,NYK,False,2-pointer,13,34-36,'HOU',trails
107,107,107,200112030NYK,24.0,5.0,2nd quarter,4:34.0,Allan Houston,NYK,False,2-pointer,0,34-36,'HOU',trails
108,108,108,200112030NYK,30.2,10.7,2nd quarter,4:01.0,Othella Harrington,NYK,False,2-pointer,8,34-36,'HOU',trails
109,109,109,200112030NYK,24.0,5.0,2nd quarter,3:58.0,Marcus Camby,NYK,True,2-pointer,0,36-36,'HOU',tied
110,110,110,200112030NYK,24.0,5.0,2nd quarter,2:52.0,Kurt Thomas,NYK,False,2-pointer,0,36-38,'HOU',trails
111,111,111,200112030NYK,24.0,5.0,2nd quarter,2:48.0,Marcus Camby,NYK,False,2-pointer,0,36-38,'HOU',trails
112,112,112,200112030NYK,12.3,18.7,2nd quarter,1:48.0,Allan Houston,NYK,False,2-pointer,18,36-40,'HOU',trails
113,113,113,200112030NYK,38.4,16.6,2nd quarter,1:15.0,Latrell Sprewell,NYK,False,2-pointer,18,36-40,'HOU',trails
114,114,114,200112030NYK,24.0,5.0,2nd quarter,0:45.8,Latrell Sprewell,NYK,True,2-pointer,0,38-42,'HOU',trails
115,115,115,200112030NYK,24.3,26.5,2nd quarter,0:06.3,Allan Houston,NYK,False,2-pointer,22,38-42,'HOU',trails
116,116,116,200112030NYK,31.9,10.1,3rd quarter,11:24.0,Allan Houston,NYK,True,2-pointer,9,40-42,'HOU',trails
117,117,117,200112030NYK,13.1,5.9,3rd quarter,10:15.0,Marcus Camby,NYK,False,2-pointer,11,40-46,'HOU',trails
118,118,118,200112030NYK,11.4,13.0,3rd quarter,9:53.0,Allan Houston,NYK,True,2-pointer,15,42-47,'HOU',trails
119,119,119,200112030NYK,18.0,8.6,3rd quarter,9:09.0,Allan Houston,NYK,True,2-pointer,7,44-49,'HOU',trails
120,120,120,200112030NYK,10.6,23.8,3rd quarter,8:35.0,Allan Houston,NYK,False,2-pointer,23,44-49,'HOU',trails
121,121,121,200112030NYK,8.9,28.0,3rd quarter,7:54.0,Mark Jackson,NYK,False,3-pointer,28,44-49,'HOU',trails
122,122,122,200112030NYK,9.7,5.0,3rd quarter,7:25.0,Latrell Sprewell,NYK,False,2-pointer,14,44-51,'HOU',trails
123,123,123,200112030NYK,39.3,6.5,3rd quarter,6:15.0,Latrell Sprewell,NYK,False,2-pointer,15,45-55,'HOU',trails
124,124,124,200112030NYK,31.0,6.5,3rd quarter,5:48.0,Mark Jackson,NYK,False,2-pointer,7,45-58,'HOU',trails
125,125,125,200112030NYK,24.0,5.0,3rd quarter,5:45.0,Marcus Camby,NYK,True,2-pointer,0,47-58,'HOU',trails
126,126,126,200112030NYK,14.6,13.7,3rd quarter,4:32.0,Marcus Camby,NYK,False,2-pointer,13,47-62,'HOU',trails
127,127,127,200112030NYK,12.3,22.9,3rd quarter,4:08.0,Allan Houston,NYK,True,2-pointer,21,49-64,'HOU',trails
128,128,128,200112030NYK,39.3,25.9,3rd quarter,3:29.0,Latrell Sprewell,NYK,False,3-pointer,26,49-66,'HOU',trails
129,129,129,200112030NYK,3.0,19.4,3rd quarter,2:44.0,Charlie Ward,NYK,True,3-pointer,25,52-66,'HOU',trails
130,130,130,200112030NYK,13.1,8.6,3rd quarter,2:18.0,Latrell Sprewell,NYK,True,2-pointer,11,54-68,'HOU',trails
131,131,131,200112030NYK,32.7,20.8,3rd quarter,1:46.0,Othella Harrington,NYK,True,2-pointer,18,56-68,'HOU',trails
132,132,132,200112030NYK,35.3,20.8,3rd quarter,1:06.0,Allan Houston,NYK,False,2-pointer,19,56-68,'HOU',trails
133,133,133,200112030NYK,11.4,20.8,3rd quarter,0:33.6,Charlie Ward,NYK,True,2-pointer,20,58-68,'HOU',trails
134,134,134,200112030NYK,28.5,9.5,3rd quarter,0:03.4,Allan Houston,NYK,True,2-pointer,6,60-70,'HOU',trails
135,135,135,200112030NYK,23.6,10.1,4th quarter,11:20.0,Othella Harrington,NYK,True,2-pointer,5,62-70,'HOU',trails
136,136,136,200112030NYK,24.0,5.0,4th quarter,10:43.0,Othella Harrington,NYK,True,2-pointer,0,64-70,'HOU',trails
137,137,137,200112030NYK,39.3,24.4,4th quarter,10:08.0,Latrell Sprewell,NYK,True,3-pointer,25,67-72,'HOU',trails
138,138,138,200112030NYK,36.9,8.0,4th quarter,9:34.0,Allan Houston,NYK,False,2-pointer,13,67-72,'HOU',trails
139,139,139,200112030NYK,23.6,24.4,4th quarter,9:02.0,Latrell Sprewell,NYK,True,2-pointer,19,69-72,'HOU',trails
140,140,140,200112030NYK,9.7,15.8,4th quarter,8:23.0,Latrell Sprewell,NYK,False,2-pointer,18,69-72,'HOU',trails
141,141,141,200112030NYK,24.3,9.5,4th quarter,7:49.0,Othella Harrington,NYK,True,2-pointer,5,71-72,'HOU',trails
142,142,142,200112030NYK,24.0,5.0,4th quarter,7:04.0,Othella Harrington,NYK,True,2-pointer,0,73-75,'HOU',trails
143,143,143,200112030NYK,36.1,18.7,4th quarter,6:35.0,Latrell Sprewell,NYK,True,2-pointer,18,75-77,'HOU',trails
144,144,144,200112030NYK,6.4,9.5,4th quarter,5:52.0,Latrell Sprewell,NYK,False,2-pointer,18,75-77,'HOU',trails
145,145,145,200112030NYK,24.0,5.0,4th quarter,5:14.0,Latrell Sprewell,NYK,False,2-pointer,0,75-79,'HOU',trails
146,146,146,200112030NYK,24.0,5.0,4th quarter,5:13.0,Latrell Sprewell,NYK,True,2-pointer,0,77-79,'HOU',trails
147,147,147,200112030NYK,36.1,18.7,4th quarter,4:32.0,Latrell Sprewell,NYK,False,2-pointer,18,77-81,'HOU',trails
148,148,148,200112030NYK,9.7,25.9,4th quarter,3:52.0,Charlie Ward,NYK,False,3-pointer,25,77-83,'HOU',trails
149,149,149,200112030NYK,39.3,24.4,4th quarter,3:34.0,Charlie Ward,NYK,True,3-pointer,25,80-83,'HOU',trails
150,150,150,200112030NYK,3.8,20.2,4th quarter,2:55.0,Latrell Sprewell,NYK,False,3-pointer,25,80-85,'HOU',trails
151,151,151,200112030NYK,8.9,21.5,4th quarter,0:54.2,Allan Houston,NYK,True,2-pointer,22,85-85,'HOU',tied
152,152,152,200112030NYK,10.6,5.9,4th quarter,0:14.2,Allan Houston,NYK,True,2-pointer,13,87-85,'HOU',leads
153,153,153,200112030ORL,25.8,10.5,1st quarter,11:25.0,Rodney Buford,MEM,False,2-pointer,6,0-2,'ORL',trails
154,154,154,200112030ORL,24.0,5.0,1st quarter,10:20.0,Lorenzen Wright,MEM,False,2-pointer,0,0-4,'ORL',trails
155,155,155,200112030ORL,22.4,22.7,1st quarter,9:43.0,Jason Williams,MEM,True,2-pointer,18,2-6,'ORL',trails
156,156,156,200112030ORL,8.9,5.0,1st quarter,9:08.0,Jason Williams,MEM,False,2-pointer,15,2-8,'ORL',trails
157,157,157,200112030ORL,24.3,9.7,1st quarter,8:34.0,Rodney Buford,MEM,False,2-pointer,5,2-11,'ORL',trails
158,158,158,200112030ORL,8.9,7.3,1st quarter,8:13.0,Shane Battier,MEM,True,2-pointer,15,4-11,'ORL',trails
159,159,159,200112030ORL,24.0,5.0,1st quarter,7:10.0,Jason Williams,MEM,False,2-pointer,0,5-13,'ORL',trails
160,160,160,200112030ORL,24.0,5.0,1st quarter,7:03.0,Pau Gasol,MEM,True,2-pointer,0,7-13,'ORL',trails
161,161,161,200112030ORL,24.0,5.0,1st quarter,6:33.0,Rodney Buford,MEM,True,2-pointer,0,9-13,'ORL',trails
162,162,162,200112030ORL,21.1,9.7,1st quarter,6:04.0,Shane Battier,MEM,False,2-pointer,6,9-15,'ORL',trails
163,163,163,200112030ORL,30.2,33.1,1st quarter,5:47.0,Jason Williams,MEM,False,3-pointer,29,10-15,'ORL',trails
164,164,164,200112030ORL,24.0,5.0,1st quarter,5:45.0,Lorenzen Wright,MEM,True,2-pointer,0,12-15,'ORL',trails
165,165,165,200112030ORL,24.0,5.0,1st quarter,5:18.0,Rodney Buford,MEM,False,2-pointer,0,12-17,'ORL',trails
166,166,166,200112030ORL,24.0,5.0,1st quarter,4:08.0,Pau Gasol,MEM,True,2-pointer,0,14-19,'ORL',trails
167,167,167,200112030ORL,24.0,5.0,1st quarter,3:28.0,Lorenzen Wright,MEM,False,2-pointer,0,14-19,'ORL',trails
168,168,168,200112030ORL,6.8,3.7,1st quarter,1:47.0,Isaac Austin,MEM,True,2-pointer,17,18-24,'ORL',trails
169,169,169,200112030ORL,7.4,6.7,1st quarter,0:42.4,Will Solomon,MEM,False,2-pointer,17,19-24,'ORL',trails
170,170,170,200112030ORL,7.4,7.8,1st quarter,0:36.6,Isaac Austin,MEM,False,2-pointer,17,19-24,'ORL',trails
171,171,171,200112030ORL,26.4,20.0,2nd quarter,11:37.0,Will Solomon,MEM,False,2-pointer,15,19-25,'ORL',trails
172,172,172,200112030ORL,24.0,5.0,2nd quarter,10:35.0,Stromile Swift,MEM,True,2-pointer,0,23-30,'ORL',trails
173,173,173,200112030ORL,27.9,7.3,2nd quarter,9:49.0,Stromile Swift,MEM,True,2-pointer,5,25-30,'ORL',trails
174,174,174,200112030ORL,24.0,5.0,2nd quarter,8:58.0,Brevin Knight,MEM,False,2-pointer,0,25-34,'ORL',trails
175,175,175,200112030ORL,24.0,5.0,2nd quarter,8:36.0,Stromile Swift,MEM,True,2-pointer,0,27-34,'ORL',trails
176,176,176,200112030ORL,8.9,10.5,2nd quarter,7:52.0,Stromile Swift,MEM,False,2-pointer,16,27-37,'ORL',trails
177,177,177,200112030ORL,24.0,5.0,2nd quarter,7:02.0,Brevin Knight,MEM,True,2-pointer,0,29-39,'ORL',trails
178,178,178,200112030ORL,40.7,13.9,2nd quarter,6:34.0,Lorenzen Wright,MEM,True,2-pointer,19,32-42,'ORL',trails
179,179,179,200112030ORL,43.7,4.8,2nd quarter,6:11.0,Lorenzen Wright,MEM,False,2-pointer,20,32-44,'ORL',trails
180,180,180,200112030ORL,24.0,5.0,2nd quarter,5:52.0,Shane Battier,MEM,True,2-pointer,0,34-44,'ORL',trails
181,181,181,200112030ORL,24.0,5.0,2nd quarter,5:06.0,Brevin Knight,MEM,True,2-pointer,0,37-44,'ORL',trails
182,182,182,200112030ORL,24.0,5.0,2nd quarter,4:32.0,Pau Gasol,MEM,False,2-pointer,0,37-46,'ORL',trails
183,183,183,200112030ORL,1.1,4.8,2nd quarter,3:58.0,Shane Battier,MEM,True,3-pointer,23,40-49,'ORL',trails
184,184,184,200112030ORL,34.4,16.2,2nd quarter,3:19.0,Lorenzen Wright,MEM,False,2-pointer,15,40-51,'ORL',trails
185,185,185,200112030ORL,6.8,5.0,2nd quarter,3:05.0,Rodney Buford,MEM,False,2-pointer,17,40-52,'ORL',trails
186,186,186,200112030ORL,24.0,5.0,2nd quarter,2:35.0,Shane Battier,MEM,False,2-pointer,0,42-54,'ORL',trails
187,187,187,200112030ORL,17.5,20.4,2nd quarter,1:18.0,Brevin Knight,MEM,False,2-pointer,17,45-59,'ORL',trails
188,188,188,200112030ORL,0.2,9.0,2nd quarter,0:45.9,Jason Williams,MEM,False,3-pointer,24,45-62,'ORL',trails
189,189,189,200112030ORL,24.0,5.0,3rd quarter,11:37.0,Shane Battier,MEM,False,2-pointer,0,45-62,'ORL',trails
190,190,190,200112030ORL,40.7,9.7,3rd quarter,11:01.0,Shane Battier,MEM,False,2-pointer,17,45-62,'ORL',trails
191,191,191,200112030ORL,24.3,10.5,3rd quarter,10:38.0,Rodney Buford,MEM,False,2-pointer,6,45-64,'ORL',trails
192,192,192,200112030ORL,27.2,5.7,3rd quarter,9:40.0,Lorenzen Wright,MEM,False,2-pointer,3,45-64,'ORL',trails
193,193,193,200112030ORL,43.1,4.8,3rd quarter,9:33.0,Jason Williams,MEM,True,2-pointer,19,47-64,'ORL',trails
194,194,194,200112030ORL,32.3,21.5,3rd quarter,9:05.0,Jason Williams,MEM,False,2-pointer,18,47-64,'ORL',trails
195,195,195,200112030ORL,24.0,5.0,3rd quarter,8:54.0,Pau Gasol,MEM,True,2-pointer,0,49-64,'ORL',trails
196,196,196,200112030ORL,24.0,5.0,3rd quarter,8:15.0,Lorenzen Wright,MEM,False,2-pointer,0,49-66,'ORL',trails
197,197,197,200112030ORL,38.6,13.5,3rd quarter,7:49.0,Pau Gasol,MEM,False,2-pointer,17,49-66,'ORL',trails
198,198,198,200112030ORL,23.9,30.7,3rd quarter,7:24.0,Jason Williams,MEM,True,3-pointer,26,52-66,'ORL',trails
199,199,199,200112030ORL,13.1,22.1,3rd quarter,7:02.0,Jason Williams,MEM,False,2-pointer,20,52-69,'ORL',trails
200,200,200,200112030ORL,24.0,5.0,3rd quarter,6:44.0,Stromile Swift,MEM,False,2-pointer,0,52-69,'ORL',trails
201,201,201,200112030ORL,24.0,5.0,3rd quarter,6:41.0,Stromile Swift,MEM,False,2-pointer,0,52-69,'ORL',trails
202,202,202,200112030ORL,24.0,5.0,3rd quarter,6:29.0,Rodney Buford,MEM,True,2-pointer,0,54-69,'ORL',trails
203,203,203,200112030ORL,24.0,5.0,3rd quarter,6:06.0,Stromile Swift,MEM,True,2-pointer,0,56-69,'ORL',trails
204,204,204,200112030ORL,24.0,5.0,3rd quarter,5:40.0,Pau Gasol,MEM,True,2-pointer,0,58-69,'ORL',trails
205,205,205,200112030ORL,15.4,5.7,3rd quarter,5:03.0,Rodney Buford,MEM,False,2-pointer,9,58-72,'ORL',trails
206,206,206,200112030ORL,43.7,21.0,3rd quarter,4:01.0,Jason Williams,MEM,False,3-pointer,25,58-78,'ORL',trails
207,207,207,200112030ORL,24.0,5.0,3rd quarter,2:48.0,Brevin Knight,MEM,False,2-pointer,0,58-82,'ORL',trails
208,208,208,200112030ORL,13.1,5.0,3rd quarter,2:04.0,Shane Battier,MEM,True,2-pointer,11,60-84,'ORL',trails
209,209,209,200112030ORL,3.2,14.3,3rd quarter,1:35.0,Rodney Buford,MEM,False,2-pointer,23,60-84,'ORL',trails
210,210,210,200112030ORL,24.0,5.0,3rd quarter,0:31.6,Stromile Swift,MEM,False,2-pointer,0,60-88,'ORL',trails
211,211,211,200112030ORL,46.6,4.8,3rd quarter,0:00.9,Shane Battier,MEM,False,3-pointer,23,60-91,'ORL',trails
212,212,212,200112030ORL,16.1,21.5,4th quarter,11:18.0,Brevin Knight,MEM,False,2-pointer,18,60-91,'ORL',trails
213,213,213,200112030ORL,0.2,4.2,4th quarter,10:54.0,Will Solomon,MEM,False,3-pointer,24,60-91,'ORL',trails
214,214,214,200112030ORL,24.0,5.0,4th quarter,9:27.0,Brevin Knight,MEM,False,2-pointer,0,61-96,'ORL',trails
215,215,215,200112030ORL,24.0,5.0,4th quarter,8:52.0,Stromile Swift,MEM,True,2-pointer,0,63-99,'ORL',trails
216,216,216,200112030ORL,13.1,7.3,4th quarter,8:28.0,Tony Massenburg,MEM,False,2-pointer,11,63-99,'ORL',trails
217,217,217,200112030ORL,8.3,4.8,4th quarter,8:00.0,Tony Massenburg,MEM,True,2-pointer,16,65-101,'ORL',trails
218,218,218,200112030ORL,11.6,27.6,4th quarter,6:43.0,Rodney Buford,MEM,False,3-pointer,26,66-103,'ORL',trails
219,219,219,200112030ORL,24.0,5.0,4th quarter,3:54.0,Stromile Swift,MEM,False,2-pointer,0,67-109,'ORL',trails
220,220,220,200112030ORL,21.1,32.4,4th quarter,3:26.0,Jason Williams,MEM,False,3-pointer,28,67-109,'ORL',trails
221,221,221,200112030ORL,10.4,22.7,4th quarter,2:42.0,Grant Long,MEM,False,2-pointer,22,67-111,'ORL',trails
222,222,222,200112030ORL,20.3,17.7,4th quarter,2:06.0,Rodney Buford,MEM,False,2-pointer,13,67-113,'ORL',trails
223,223,223,200112030ORL,28.7,32.0,4th quarter,1:18.0,Will Solomon,MEM,False,3-pointer,27,67-113,'ORL',trails
224,224,224,200112030ORL,23.9,9.7,4th quarter,1:00.0,Tony Massenburg,MEM,False,2-pointer,5,67-113,'ORL',trails
225,225,225,200112030ORL,19.0,7.8,4th quarter,0:57.1,Rodney Buford,MEM,False,2-pointer,6,67-113,'ORL',trails
226,226,226,200112030ORL,24.0,5.0,4th quarter,0:55.0,Tony Massenburg,MEM,False,2-pointer,0,67-113,'ORL',trails
227,227,227,200112030ORL,28.7,8.4,4th quarter,0:51.6,Tony Massenburg,MEM,True,2-pointer,6,69-113,'ORL',trails
228,228,228,200112030ORL,24.0,5.0,4th quarter,0:36.4,Grant Long,MEM,True,2-pointer,0,71-113,'ORL',trails
229,229,229,200112030ORL,25.8,25.9,4th quarter,0:02.0,Stromile Swift,MEM,False,2-pointer,21,71-113,'ORL',trails
230,230,230,200112030ORL,24.0,5.0,1st quarter,11:42.0,Steven Hunter,ORL,True,2-pointer,0,2-0,'ORL',leads
231,231,231,200112030ORL,24.3,12.8,1st quarter,11:11.0,Steven Hunter,ORL,False,2-pointer,8,2-0,'ORL',leads
232,232,232,200112030ORL,16.1,24.2,1st quarter,10:35.0,Horace Grant,ORL,True,2-pointer,21,4-0,'ORL',leads
233,233,233,200112030ORL,24.0,5.0,1st quarter,10:07.0,Steven Hunter,ORL,True,2-pointer,0,6-0,'ORL',leads
234,234,234,200112030ORL,38.0,17.7,1st quarter,9:28.0,Mike Miller,ORL,True,2-pointer,19,8-2,'ORL',leads
235,235,235,200112030ORL,2.6,17.2,1st quarter,9:00.0,Darrell Armstrong,ORL,True,3-pointer,25,11-2,'ORL',leads
236,236,236,200112030ORL,36.5,4.2,1st quarter,7:52.0,Steven Hunter,ORL,False,2-pointer,13,11-4,'ORL',leads
237,237,237,200112030ORL,30.8,14.9,1st quarter,7:21.0,Darrell Armstrong,ORL,True,2-pointer,12,13-5,'ORL',leads
238,238,238,200112030ORL,32.3,20.0,1st quarter,6:43.0,Tracy McGrady,ORL,False,2-pointer,17,13-7,'ORL',leads
239,239,239,200112030ORL,16.9,13.5,1st quarter,6:39.0,Darrell Armstrong,ORL,False,2-pointer,11,13-7,'ORL',leads
240,240,240,200112030ORL,24.0,5.0,1st quarter,6:38.0,Steven Hunter,ORL,False,2-pointer,0,13-7,'ORL',leads
241,241,241,200112030ORL,24.0,5.0,1st quarter,5:34.0,Tracy McGrady,ORL,True,2-pointer,0,17-12,'ORL',leads
242,242,242,200112030ORL,31.7,9.7,1st quarter,5:03.0,Tracy McGrady,ORL,True,2-pointer,9,19-12,'ORL',leads
243,243,243,200112030ORL,9.5,5.0,1st quarter,4:26.0,Tracy McGrady,ORL,False,2-pointer,15,19-12,'ORL',leads
244,244,244,200112030ORL,44.5,18.7,1st quarter,3:53.0,Mike Miller,ORL,False,3-pointer,25,19-14,'ORL',leads
245,245,245,200112030ORL,11.6,26.9,1st quarter,3:40.0,Mike Miller,ORL,False,3-pointer,25,19-14,'ORL',leads
246,246,246,200112030ORL,24.0,5.0,1st quarter,3:08.0,Tracy McGrady,ORL,True,2-pointer,0,21-14,'ORL',leads
247,247,247,200112030ORL,24.0,5.0,1st quarter,2:45.0,Tracy McGrady,ORL,True,2-pointer,0,23-14,'ORL',leads
248,248,248,200112030ORL,23.2,23.8,1st quarter,1:35.0,Patrick Ewing,ORL,False,2-pointer,19,24-18,'ORL',leads
249,249,249,200112030ORL,24.0,5.0,1st quarter,1:33.0,Troy Hudson,ORL,False,2-pointer,0,24-18,'ORL',leads
250,250,250,200112030ORL,4.7,4.8,1st quarter,0:19.3,Pat Garrity,ORL,False,2-pointer,19,24-19,'ORL',leads
251,251,251,200112030ORL,24.0,5.0,2nd quarter,11:23.0,Patrick Ewing,ORL,True,2-pointer,0,28-19,'ORL',leads
252,252,252,200112030ORL,11.6,4.8,2nd quarter,10:21.0,Patrick Ewing,ORL,False,2-pointer,12,30-23,'ORL',leads
253,253,253,200112030ORL,23.2,19.4,2nd quarter,10:06.0,Pat Garrity,ORL,False,2-pointer,14,30-23,'ORL',leads
254,254,254,200112030ORL,8.9,14.9,2nd quarter,9:34.0,Pat Garrity,ORL,True,2-pointer,18,32-25,'ORL',leads
255,255,255,200112030ORL,24.0,5.0,2nd quarter,8:53.0,Darrell Armstrong,ORL,False,2-pointer,0,34-25,'ORL',leads
256,256,256,200112030ORL,11.0,27.6,2nd quarter,8:20.0,Pat Garrity,ORL,True,3-pointer,26,37-27,'ORL',leads
257,257,257,200112030ORL,10.4,6.7,2nd quarter,7:39.0,Patrick Ewing,ORL,True,2-pointer,14,39-27,'ORL',leads
258,258,258,200112030ORL,46.6,5.0,2nd quarter,6:48.0,Pat Garrity,ORL,True,3-pointer,23,42-30,'ORL',leads
259,259,259,200112030ORL,14.6,18.3,2nd quarter,6:22.0,Pat Garrity,ORL,True,2-pointer,16,44-32,'ORL',leads
260,260,260,200112030ORL,27.9,9.7,2nd quarter,5:34.0,Patrick Ewing,ORL,False,2-pointer,6,44-34,'ORL',leads
261,261,261,200112030ORL,36.5,10.1,2nd quarter,4:49.0,Mike Miller,ORL,True,2-pointer,14,46-37,'ORL',leads
262,262,262,200112030ORL,7.4,24.8,2nd quarter,4:24.0,Mike Miller,ORL,True,3-pointer,26,49-37,'ORL',leads
263,263,263,200112030ORL,32.9,22.1,2nd quarter,2:54.0,Mike Miller,ORL,True,2-pointer,19,54-42,'ORL',leads
264,264,264,200112030ORL,0.2,5.7,2nd quarter,2:26.0,Pat Garrity,ORL,True,3-pointer,24,57-42,'ORL',leads
265,265,265,200112030ORL,7.4,10.5,2nd quarter,1:33.0,Tracy McGrady,ORL,True,2-pointer,17,59-45,'ORL',leads
266,266,266,200112030ORL,47.3,3.7,2nd quarter,0:59.7,Troy Hudson,ORL,True,3-pointer,23,62-45,'ORL',leads
267,267,267,200112030ORL,8.9,14.3,3rd quarter,11:23.0,Mike Miller,ORL,False,2-pointer,18,62-45,'ORL',leads
268,268,268,200112030ORL,41.6,4.8,3rd quarter,11:17.0,Darrell Armstrong,ORL,False,2-pointer,18,62-45,'ORL',leads
269,269,269,200112030ORL,24.0,5.0,3rd quarter,10:55.0,Tracy McGrady,ORL,True,2-pointer,0,64-45,'ORL',leads
270,270,270,200112030ORL,41.6,4.2,3rd quarter,10:23.0,Tracy McGrady,ORL,False,2-pointer,18,64-45,'ORL',leads
271,271,271,200112030ORL,16.9,28.0,3rd quarter,9:15.0,Tracy McGrady,ORL,False,3-pointer,24,64-47,'ORL',leads
272,272,272,200112030ORL,40.7,6.3,3rd quarter,8:31.0,Darrell Armstrong,ORL,True,2-pointer,17,66-49,'ORL',leads
273,273,273,200112030ORL,24.0,5.0,3rd quarter,8:05.0,Steven Hunter,ORL,False,2-pointer,0,66-49,'ORL',leads
274,274,274,200112030ORL,8.9,14.3,3rd quarter,7:37.0,Horace Grant,ORL,False,2-pointer,18,66-49,'ORL',leads
275,275,275,200112030ORL,24.0,5.0,3rd quarter,7:18.0,Mike Miller,ORL,True,2-pointer,0,68-52,'ORL',leads
276,276,276,200112030ORL,25.8,24.8,3rd quarter,6:11.0,Darrell Armstrong,ORL,False,2-pointer,20,69-54,'ORL',leads
277,277,277,200112030ORL,21.7,10.1,3rd quarter,5:19.0,Mike Miller,ORL,True,2-pointer,6,71-58,'ORL',leads
278,278,278,200112030ORL,47.4,5.4,3rd quarter,4:49.0,Pat Garrity,ORL,False,3-pointer,23,72-58,'ORL',leads
279,279,279,200112030ORL,1.1,5.0,3rd quarter,4:43.0,Darrell Armstrong,ORL,True,3-pointer,23,75-58,'ORL',leads
280,280,280,200112030ORL,13.1,26.5,3rd quarter,4:23.0,Tracy McGrady,ORL,True,3-pointer,24,78-58,'ORL',leads
281,281,281,200112030ORL,3.8,3.1,3rd quarter,3:41.0,Tracy McGrady,ORL,True,2-pointer,20,80-58,'ORL',leads
282,282,282,200112030ORL,11.6,4.8,3rd quarter,3:02.0,Mike Miller,ORL,True,2-pointer,12,82-58,'ORL',leads
283,283,283,200112030ORL,0.2,5.7,3rd quarter,2:37.0,Tracy McGrady,ORL,False,3-pointer,24,82-58,'ORL',leads
284,284,284,200112030ORL,24.0,5.0,3rd quarter,2:25.0,Tracy McGrady,ORL,False,2-pointer,0,82-58,'ORL',leads
285,285,285,200112030ORL,24.0,5.0,3rd quarter,2:23.0,Tracy McGrady,ORL,True,2-pointer,0,84-58,'ORL',leads
286,286,286,200112030ORL,39.3,7.8,3rd quarter,1:44.0,Mike Miller,ORL,False,2-pointer,16,84-60,'ORL',leads
287,287,287,200112030ORL,24.0,5.0,3rd quarter,1:08.0,Horace Grant,ORL,True,2-pointer,0,86-60,'ORL',leads
288,288,288,200112030ORL,24.0,5.0,3rd quarter,0:46.9,Troy Hudson,ORL,True,2-pointer,0,88-60,'ORL',leads
289,289,289,200112030ORL,3.8,18.7,3rd quarter,0:24.2,Mike Miller,ORL,True,3-pointer,24,91-60,'ORL',leads
290,290,290,200112030ORL,35.9,22.1,4th quarter,11:49.0,Mike Miller,ORL,False,2-pointer,21,91-60,'ORL',leads
291,291,291,200112030ORL,5.3,6.7,4th quarter,11:01.0,Jud Buechler,ORL,False,2-pointer,19,91-60,'ORL',leads
292,292,292,200112030ORL,8.3,23.8,4th quarter,10:44.0,Mike Miller,ORL,True,3-pointer,24,94-60,'ORL',leads
293,293,293,200112030ORL,43.7,9.0,4th quarter,10:01.0,Pat Garrity,ORL,True,2-pointer,20,96-61,'ORL',leads
294,294,294,200112030ORL,5.3,22.1,4th quarter,9:16.0,Pat Garrity,ORL,True,3-pointer,25,99-61,'ORL',leads
295,295,295,200112030ORL,24.0,5.0,4th quarter,8:18.0,Troy Hudson,ORL,True,2-pointer,0,101-63,'ORL',leads
296,296,296,200112030ORL,3.2,19.4,4th quarter,7:38.0,Troy Hudson,ORL,False,3-pointer,25,101-66,'ORL',leads
297,297,297,200112030ORL,23.9,9.7,4th quarter,7:12.0,Don Reid,ORL,True,2-pointer,5,103-66,'ORL',leads
298,298,298,200112030ORL,32.3,11.1,4th quarter,6:23.0,Andrew DeClercq,ORL,False,2-pointer,10,103-66,'ORL',leads
299,299,299,200112030ORL,34.4,22.7,4th quarter,5:59.0,Troy Hudson,ORL,False,2-pointer,21,103-66,'ORL',leads
300,300,300,200112030ORL,16.9,8.4,4th quarter,5:47.0,Don Reid,ORL,True,2-pointer,8,105-66,'ORL',leads
301,301,301,200112030ORL,25.8,10.1,4th quarter,5:08.0,Don Reid,ORL,True,2-pointer,5,107-66,'ORL',leads
302,302,302,200112030ORL,24.0,5.0,4th quarter,4:33.0,Steven Hunter,ORL,True,2-pointer,0,109-66,'ORL',leads
303,303,303,200112030ORL,16.1,8.4,4th quarter,2:58.0,Don Reid,ORL,True,2-pointer,9,111-67,'ORL',leads
304,304,304,200112030ORL,17.5,8.4,4th quarter,2:29.0,Andrew DeClercq,ORL,True,2-pointer,7,113-67,'ORL',leads
305,305,305,200112030ORL,40.7,24.8,4th quarter,1:37.0,Jud Buechler,ORL,False,3-pointer,26,113-67,'ORL',leads
306,306,306,200112030ORL,20.3,25.9,4th quarter,0:12.9,Troy Hudson,ORL,False,2-pointer,21,113-71,'ORL',leads
307,307,307,200112030PHO,24.0,5.0,1st quarter,11:45.0,Antawn Jamison,GSW,False,2-pointer,0,0-0,'PHO',tied
308,308,308,200112030PHO,36.5,6.9,1st quarter,11:33.0,Erick Dampier,GSW,False,2-pointer,13,0-0,'PHO',tied
309,309,309,200112030PHO,24.0,5.0,1st quarter,11:12.0,Larry Hughes,GSW,True,2-pointer,0,2-0,'PHO',leads
310,310,310,200112030PHO,35.0,16.8,1st quarter,10:35.0,Danny Fortson,GSW,True,2-pointer,16,4-2,'PHO',leads
311,311,311,200112030PHO,4.7,21.3,1st quarter,9:54.0,Larry Hughes,GSW,False,3-pointer,25,4-2,'PHO',leads
312,312,312,200112030PHO,36.5,17.9,1st quarter,9:26.0,Jason Richardson,GSW,False,2-pointer,18,4-4,'PHO',tied
313,313,313,200112030PHO,24.0,5.0,1st quarter,9:20.0,Jason Richardson,GSW,False,2-pointer,0,4-4,'PHO',tied
314,314,314,200112030PHO,24.0,5.0,1st quarter,9:16.0,Jason Richardson,GSW,True,2-pointer,0,6-4,'PHO',leads
315,315,315,200112030PHO,33.8,28.0,1st quarter,8:54.0,Larry Hughes,GSW,True,3-pointer,25,9-7,'PHO',leads
316,316,316,200112030PHO,24.0,5.0,1st quarter,8:09.0,Danny Fortson,GSW,False,2-pointer,0,9-8,'PHO',leads
317,317,317,200112030PHO,24.0,5.0,1st quarter,7:39.0,Larry Hughes,GSW,False,2-pointer,0,9-10,'PHO',trails
318,318,318,200112030PHO,24.0,5.0,1st quarter,7:29.0,Larry Hughes,GSW,True,2-pointer,0,11-10,'PHO',leads
319,319,319,200112030PHO,17.5,15.8,1st quarter,6:57.0,Antawn Jamison,GSW,False,2-pointer,13,11-10,'PHO',leads
320,320,320,200112030PHO,32.9,16.4,1st quarter,6:41.0,Larry Hughes,GSW,True,2-pointer,14,13-10,'PHO',leads
321,321,321,200112030PHO,36.5,7.3,1st quarter,6:18.0,Jason Richardson,GSW,False,2-pointer,13,13-10,'PHO',leads
322,322,322,200112030PHO,25.1,30.7,1st quarter,5:22.0,Larry Hughes,GSW,False,3-pointer,26,13-13,'PHO',tied
323,323,323,200112030PHO,44.5,19.8,1st quarter,5:03.0,Antawn Jamison,GSW,False,3-pointer,25,13-13,'PHO',tied
324,324,324,200112030PHO,24.3,15.1,1st quarter,4:42.0,Antawn Jamison,GSW,False,2-pointer,10,13-15,'PHO',trails
325,325,325,200112030PHO,19.6,21.3,1st quarter,4:17.0,Erick Dampier,GSW,True,2-pointer,17,15-15,'PHO',tied
326,326,326,200112030PHO,13.9,8.4,1st quarter,3:49.0,Antawn Jamison,GSW,False,2-pointer,11,15-15,'PHO',tied
327,327,327,200112030PHO,8.9,13.5,1st quarter,2:50.0,Chris Mills,GSW,False,2-pointer,17,15-18,'PHO',trails
328,328,328,200112030PHO,8.9,14.7,1st quarter,2:14.0,Danny Fortson,GSW,True,2-pointer,18,17-18,'PHO',trails
329,329,329,200112030PHO,9.5,17.5,1st quarter,1:31.0,Mookie Blaylock,GSW,False,2-pointer,19,17-20,'PHO',trails
330,330,330,200112030PHO,8.3,12.4,1st quarter,0:58.1,Danny Fortson,GSW,False,2-pointer,17,17-20,'PHO',trails
331,331,331,200112030PHO,38.6,14.1,1st quarter,0:00.1,Jason Richardson,GSW,False,2-pointer,17,17-24,'PHO',trails
332,332,332,200112030PHO,39.3,11.8,2nd quarter,10:55.0,Chris Mills,GSW,False,2-pointer,17,18-26,'PHO',trails
333,333,333,200112030PHO,24.0,5.0,2nd quarter,10:50.0,Adonal Foyle,GSW,False,2-pointer,0,18-26,'PHO',trails
334,334,334,200112030PHO,24.0,5.0,2nd quarter,10:45.0,Troy Murphy,GSW,False,2-pointer,0,18-26,'PHO',trails
335,335,335,200112030PHO,24.0,5.0,2nd quarter,10:34.0,Adonal Foyle,GSW,True,2-pointer,0,20-28,'PHO',trails
336,336,336,200112030PHO,33.8,6.9,2nd quarter,9:51.0,Adonal Foyle,GSW,True,2-pointer,10,22-30,'PHO',trails
337,337,337,200112030PHO,38.0,9.7,2nd quarter,8:34.0,Chris Mills,GSW,False,2-pointer,15,22-34,'PHO',trails
338,338,338,200112030PHO,37.2,19.1,2nd quarter,7:43.0,Larry Hughes,GSW,False,2-pointer,19,22-38,'PHO',trails
339,339,339,200112030PHO,24.0,5.0,2nd quarter,7:30.0,Erick Dampier,GSW,True,2-pointer,0,24-38,'PHO',trails
340,340,340,200112030PHO,24.0,5.0,2nd quarter,6:46.0,Larry Hughes,GSW,False,2-pointer,0,24-38,'PHO',trails
341,341,341,200112030PHO,9.5,19.8,2nd quarter,6:37.0,Troy Murphy,GSW,False,2-pointer,21,24-38,'PHO',trails
342,342,342,200112030PHO,7.4,12.4,2nd quarter,6:01.0,Bob Sura,GSW,False,2-pointer,18,26-38,'PHO',trails
343,343,343,200112030PHO,40.1,15.8,2nd quarter,5:06.0,Antawn Jamison,GSW,False,2-pointer,19,28-42,'PHO',trails
344,344,344,200112030PHO,24.0,5.0,2nd quarter,4:46.0,Antawn Jamison,GSW,True,2-pointer,0,30-43,'PHO',trails
345,345,345,200112030PHO,15.4,19.8,2nd quarter,3:46.0,Jason Richardson,GSW,False,2-pointer,17,33-46,'PHO',trails
346,346,346,200112030PHO,17.5,17.5,2nd quarter,3:11.0,Danny Fortson,GSW,False,2-pointer,14,33-48,'PHO',trails
347,347,347,200112030PHO,8.9,16.4,2nd quarter,2:23.0,Marc Jackson,GSW,False,2-pointer,19,33-48,'PHO',trails
348,348,348,200112030PHO,24.0,5.0,2nd quarter,2:22.0,Antawn Jamison,GSW,True,2-pointer,0,35-48,'PHO',trails
349,349,349,200112030PHO,24.0,5.0,2nd quarter,1:50.0,Marc Jackson,GSW,False,2-pointer,0,36-50,'PHO',trails
350,350,350,200112030PHO,24.0,5.0,3rd quarter,11:13.0,Larry Hughes,GSW,True,2-pointer,0,43-56,'PHO',trails
351,351,351,200112030PHO,24.0,5.0,3rd quarter,10:56.0,Antawn Jamison,GSW,True,2-pointer,0,45-56,'PHO',trails
352,352,352,200112030PHO,44.5,19.1,3rd quarter,10:40.0,Jason Richardson,GSW,False,3-pointer,25,45-56,'PHO',trails
353,353,353,200112030PHO,24.0,5.0,3rd quarter,10:34.0,Danny Fortson,GSW,False,2-pointer,0,45-56,'PHO',trails
354,354,354,200112030PHO,24.0,5.0,3rd quarter,10:10.0,Larry Hughes,GSW,False,2-pointer,0,45-58,'PHO',trails
355,355,355,200112030PHO,24.0,5.0,3rd quarter,9:42.0,Antawn Jamison,GSW,True,2-pointer,0,47-60,'PHO',trails
356,356,356,200112030PHO,38.0,9.0,3rd quarter,8:38.0,Antawn Jamison,GSW,False,2-pointer,15,47-60,'PHO',trails
357,357,357,200112030PHO,34.4,19.1,3rd quarter,8:27.0,Jason Richardson,GSW,False,2-pointer,18,47-60,'PHO',trails
358,358,358,200112030PHO,24.0,5.0,3rd quarter,8:26.0,Antawn Jamison,GSW,True,2-pointer,0,49-60,'PHO',trails
359,359,359,200112030PHO,39.3,8.0,3rd quarter,7:56.0,Troy Murphy,GSW,False,2-pointer,16,50-63,'PHO',trails
360,360,360,200112030PHO,24.0,5.0,3rd quarter,7:53.0,Danny Fortson,GSW,False,2-pointer,0,50-63,'PHO',trails
361,361,361,200112030PHO,24.0,5.0,3rd quarter,7:52.0,Jason Richardson,GSW,False,2-pointer,0,50-63,'PHO',trails
362,362,362,200112030PHO,36.5,19.1,3rd quarter,7:25.0,Larry Hughes,GSW,False,2-pointer,19,50-67,'PHO',trails
363,363,363,200112030PHO,23.2,13.5,3rd quarter,6:49.0,Larry Hughes,GSW,False,2-pointer,9,50-69,'PHO',trails
364,364,364,200112030PHO,6.8,8.0,3rd quarter,6:06.0,Larry Hughes,GSW,True,2-pointer,17,52-73,'PHO',trails
365,365,365,200112030PHO,35.9,16.8,3rd quarter,5:35.0,Danny Fortson,GSW,True,2-pointer,17,54-75,'PHO',trails
366,366,366,200112030PHO,24.0,5.0,3rd quarter,4:53.0,Danny Fortson,GSW,False,2-pointer,0,54-77,'PHO',trails
367,367,367,200112030PHO,11.0,15.1,3rd quarter,4:45.0,Danny Fortson,GSW,False,2-pointer,16,54-77,'PHO',trails
368,368,368,200112030PHO,35.0,10.1,3rd quarter,4:18.0,Troy Murphy,GSW,False,2-pointer,12,54-79,'PHO',trails
369,369,369,200112030PHO,27.9,15.1,3rd quarter,3:55.0,Antawn Jamison,GSW,False,2-pointer,11,54-79,'PHO',trails
370,370,370,200112030PHO,34.4,12.4,3rd quarter,3:47.0,Antawn Jamison,GSW,False,2-pointer,13,54-79,'PHO',trails
371,371,371,200112030PHO,46.6,18.5,3rd quarter,3:06.0,Chris Mills,GSW,True,3-pointer,26,57-81,'PHO',trails
372,372,372,200112030PHO,3.8,21.3,3rd quarter,2:37.0,Mookie Blaylock,GSW,False,3-pointer,26,57-81,'PHO',trails
373,373,373,200112030PHO,37.2,14.1,3rd quarter,2:17.0,Antawn Jamison,GSW,True,2-pointer,16,59-83,'PHO',trails
374,374,374,200112030PHO,36.5,17.5,3rd quarter,1:39.0,Chris Mills,GSW,True,2-pointer,18,61-85,'PHO',trails
375,375,375,200112030PHO,9.5,18.5,3rd quarter,1:05.0,Chris Mills,GSW,False,2-pointer,20,61-85,'PHO',trails
376,376,376,200112030PHO,14.6,18.5,3rd quarter,0:38.1,Danny Fortson,GSW,True,2-pointer,16,63-85,'PHO',trails
377,377,377,200112030PHO,26.4,13.0,3rd quarter,0:01.8,Mookie Blaylock,GSW,False,2-pointer,8,63-87,'PHO',trails
378,378,378,200112030PHO,22.4,10.1,3rd quarter,0:00.0,Danny Fortson,GSW,True,2-pointer,5,65-87,'PHO',trails
379,379,379,200112030PHO,33.8,18.5,4th quarter,11:49.0,Cedric Henderson,GSW,False,2-pointer,17,65-87,'PHO',trails
380,380,380,200112030PHO,13.9,18.5,4th quarter,10:42.0,Cedric Henderson,GSW,False,2-pointer,17,65-90,'PHO',trails
381,381,381,200112030PHO,24.0,5.0,4th quarter,10:05.0,Adonal Foyle,GSW,True,2-pointer,0,67-90,'PHO',trails
382,382,382,200112030PHO,24.0,5.0,4th quarter,9:23.0,Cedric Henderson,GSW,True,2-pointer,0,69-92,'PHO',trails
383,383,383,200112030PHO,12.5,10.1,4th quarter,8:33.0,Troy Murphy,GSW,False,2-pointer,13,69-95,'PHO',trails
384,384,384,200112030PHO,35.0,5.0,4th quarter,7:49.0,Adonal Foyle,GSW,True,2-pointer,11,72-95,'PHO',trails
385,385,385,200112030PHO,6.8,13.0,4th quarter,7:23.0,Chris Mills,GSW,False,2-pointer,19,72-97,'PHO',trails
386,386,386,200112030PHO,41.6,15.8,4th quarter,7:18.0,Cedric Henderson,GSW,False,2-pointer,21,72-97,'PHO',trails
387,387,387,200112030PHO,24.0,5.0,4th quarter,7:14.0,Adonal Foyle,GSW,False,2-pointer,0,72-97,'PHO',trails
388,388,388,200112030PHO,24.3,9.7,4th quarter,6:55.0,Adonal Foyle,GSW,False,2-pointer,5,72-99,'PHO',trails
389,389,389,200112030PHO,3.2,20.2,4th quarter,6:11.0,Chris Mills,GSW,True,3-pointer,26,77-101,'PHO',trails
390,390,390,200112030PHO,13.1,14.1,4th quarter,5:23.0,Marc Jackson,GSW,False,2-pointer,14,77-101,'PHO',trails
391,391,391,200112030PHO,37.2,18.5,4th quarter,4:48.0,Troy Murphy,GSW,False,2-pointer,19,77-104,'PHO',trails
392,392,392,200112030PHO,24.0,5.0,4th quarter,4:43.0,Marc Jackson,GSW,True,2-pointer,0,79-104,'PHO',trails
393,393,393,200112030PHO,24.0,5.0,4th quarter,3:32.0,Cedric Henderson,GSW,True,2-pointer,0,81-108,'PHO',trails
394,394,394,200112030PHO,23.9,24.8,4th quarter,3:13.0,Troy Murphy,GSW,False,2-pointer,20,82-108,'PHO',trails
395,395,395,200112030PHO,24.0,5.0,4th quarter,2:54.0,Cedric Henderson,GSW,True,2-pointer,0,84-108,'PHO',trails
396,396,396,200112030PHO,24.0,5.0,4th quarter,1:43.0,Cedric Henderson,GSW,False,2-pointer,0,86-108,'PHO',trails
397,397,397,200112030PHO,17.5,15.8,4th quarter,1:15.0,Cedric Henderson,GSW,True,2-pointer,13,88-110,'PHO',trails
398,398,398,200112030PHO,21.1,12.4,4th quarter,0:48.4,Marc Jackson,GSW,True,2-pointer,8,90-110,'PHO',trails
399,399,399,200112030PHO,24.0,5.0,4th quarter,0:21.2,Cedric Henderson,GSW,True,2-pointer,0,93-110,'PHO',trails
400,400,400,200112030PHO,25.8,20.2,1st quarter,11:17.0,Tom Gugliotta,PHO,False,2-pointer,15,0-0,'PHO',tied
401,401,401,200112030PHO,9.5,9.7,1st quarter,10:53.0,Shawn Marion,PHO,True,2-pointer,15,2-2,'PHO',tied
402,402,402,200112030PHO,13.9,13.5,1st quarter,10:09.0,Jake Tsakalidis,PHO,False,2-pointer,13,2-4,'PHO',trails
403,403,403,200112030PHO,24.0,5.0,1st quarter,9:42.0,Jake Tsakalidis,PHO,True,2-pointer,0,4-4,'PHO',tied
404,404,404,200112030PHO,24.0,5.0,1st quarter,9:03.0,Stephon Marbury,PHO,True,2-pointer,0,6-6,'PHO',tied
405,405,405,200112030PHO,24.0,5.0,1st quarter,8:05.0,Stephon Marbury,PHO,True,2-pointer,0,10-9,'PHO',leads
406,406,406,200112030PHO,39.3,6.9,1st quarter,7:16.0,Rodney Rogers,PHO,False,2-pointer,15,10-11,'PHO',trails
407,407,407,200112030PHO,36.5,11.8,1st quarter,7:14.0,Tom Gugliotta,PHO,False,2-pointer,14,10-11,'PHO',trails
408,408,408,200112030PHO,25.8,10.7,1st quarter,6:47.0,Shawn Marion,PHO,False,2-pointer,6,10-11,'PHO',trails
409,409,409,200112030PHO,24.0,5.0,1st quarter,6:25.0,Stephon Marbury,PHO,False,2-pointer,0,10-13,'PHO',trails
410,410,410,200112030PHO,24.0,5.0,1st quarter,6:07.0,Anfernee Hardaway,PHO,False,2-pointer,0,10-13,'PHO',trails
411,411,411,200112030PHO,38.6,15.1,1st quarter,5:38.0,Anfernee Hardaway,PHO,True,2-pointer,18,12-13,'PHO',trails
412,412,412,200112030PHO,18.2,10.7,1st quarter,5:11.0,Stephon Marbury,PHO,False,2-pointer,8,13-13,'PHO',tied
413,413,413,200112030PHO,24.0,5.0,1st quarter,4:57.0,Rodney Rogers,PHO,True,2-pointer,0,15-13,'PHO',leads
414,414,414,200112030PHO,24.0,5.0,1st quarter,3:16.0,Rodney Rogers,PHO,True,2-pointer,0,18-15,'PHO',leads
415,415,415,200112030PHO,32.3,28.6,1st quarter,2:29.0,Dan Majerle,PHO,False,3-pointer,25,18-15,'PHO',leads
416,416,416,200112030PHO,46.6,10.7,1st quarter,2:00.0,Dan Majerle,PHO,False,3-pointer,23,18-17,'PHO',leads
417,417,417,200112030PHO,24.0,5.0,1st quarter,1:55.0,Rodney Rogers,PHO,True,2-pointer,0,20-17,'PHO',leads
418,418,418,200112030PHO,7.4,14.1,1st quarter,0:46.2,Stephon Marbury,PHO,True,2-pointer,19,22-17,'PHO',leads
419,419,419,200112030PHO,1.7,19.8,2nd quarter,11:43.0,Dan Majerle,PHO,False,3-pointer,27,24-17,'PHO',leads
420,420,420,200112030PHO,24.0,5.0,2nd quarter,11:05.0,Bo Outlaw,PHO,True,2-pointer,0,26-18,'PHO',leads
421,421,421,200112030PHO,7.4,16.4,2nd quarter,10:39.0,Shawn Marion,PHO,False,2-pointer,20,26-18,'PHO',leads
422,422,422,200112030PHO,36.5,6.3,2nd quarter,10:18.0,Shawn Marion,PHO,True,2-pointer,13,30-20,'PHO',leads
423,423,423,200112030PHO,38.6,14.7,2nd quarter,9:34.0,Anfernee Hardaway,PHO,False,2-pointer,18,30-22,'PHO',leads
424,424,424,200112030PHO,35.0,14.7,2nd quarter,9:26.0,Anfernee Hardaway,PHO,True,2-pointer,15,32-22,'PHO',leads
425,425,425,200112030PHO,24.0,5.0,2nd quarter,9:12.0,Shawn Marion,PHO,True,2-pointer,0,34-22,'PHO',leads
426,426,426,200112030PHO,10.4,15.8,2nd quarter,8:14.0,Shawn Marion,PHO,True,2-pointer,17,36-22,'PHO',leads
427,427,427,200112030PHO,43.7,21.3,2nd quarter,8:02.0,Anfernee Hardaway,PHO,False,3-pointer,26,36-22,'PHO',leads
428,428,428,200112030PHO,24.0,5.0,2nd quarter,8:00.0,Shawn Marion,PHO,True,2-pointer,0,38-22,'PHO',leads
429,429,429,200112030PHO,46.6,7.3,2nd quarter,7:09.0,Tom Gugliotta,PHO,False,3-pointer,23,38-24,'PHO',leads
430,430,430,200112030PHO,10.4,15.8,2nd quarter,5:53.0,Shawn Marion,PHO,True,2-pointer,17,40-26,'PHO',leads
431,431,431,200112030PHO,24.0,5.0,2nd quarter,5:25.0,Jake Tsakalidis,PHO,True,2-pointer,0,42-28,'PHO',leads
432,432,432,200112030PHO,24.0,5.0,2nd quarter,4:25.0,Tom Gugliotta,PHO,True,2-pointer,0,45-30,'PHO',leads
433,433,433,200112030PHO,24.0,5.0,2nd quarter,4:14.0,Anfernee Hardaway,PHO,False,2-pointer,0,45-31,'PHO',leads
434,434,434,200112030PHO,35.9,17.5,2nd quarter,3:32.0,Shawn Marion,PHO,True,2-pointer,17,48-33,'PHO',leads
435,435,435,200112030PHO,36.5,9.0,2nd quarter,2:43.0,Tom Gugliotta,PHO,False,2-pointer,13,48-33,'PHO',leads
436,436,436,200112030PHO,24.0,5.0,2nd quarter,2:10.0,Anfernee Hardaway,PHO,False,2-pointer,0,48-36,'PHO',leads
437,437,437,200112030PHO,35.0,20.8,2nd quarter,2:07.0,Anfernee Hardaway,PHO,True,2-pointer,19,50-36,'PHO',leads
438,438,438,200112030PHO,44.5,19.8,2nd quarter,1:33.0,Anfernee Hardaway,PHO,False,3-pointer,25,50-36,'PHO',leads
439,439,439,200112030PHO,37.2,14.1,2nd quarter,1:01.0,Anfernee Hardaway,PHO,True,2-pointer,16,52-38,'PHO',leads
440,440,440,200112030PHO,36.5,16.4,2nd quarter,0:30.1,Shawn Marion,PHO,True,2-pointer,17,54-40,'PHO',leads
441,441,441,200112030PHO,24.0,5.0,2nd quarter,0:03.9,Shawn Marion,PHO,True,2-pointer,0,56-40,'PHO',leads
442,442,442,200112030PHO,37.2,6.3,3rd quarter,11:45.0,Tom Gugliotta,PHO,False,2-pointer,13,56-41,'PHO',leads
443,443,443,200112030PHO,8.9,13.0,3rd quarter,11:01.0,Stephon Marbury,PHO,False,2-pointer,17,56-43,'PHO',leads
444,444,444,200112030PHO,38.0,16.8,3rd quarter,10:19.0,Shawn Marion,PHO,True,2-pointer,18,58-45,'PHO',leads
445,445,445,200112030PHO,24.0,5.0,3rd quarter,9:59.0,Stephon Marbury,PHO,True,2-pointer,0,60-45,'PHO',leads
446,446,446,200112030PHO,24.3,14.7,3rd quarter,9:23.0,Shawn Marion,PHO,False,2-pointer,10,60-47,'PHO',leads
447,447,447,200112030PHO,24.3,29.7,3rd quarter,8:16.0,Anfernee Hardaway,PHO,True,3-pointer,25,63-50,'PHO',leads
448,448,448,200112030PHO,24.0,5.0,3rd quarter,7:46.0,Tom Gugliotta,PHO,True,2-pointer,0,65-50,'PHO',leads
449,449,449,200112030PHO,24.0,5.0,3rd quarter,7:33.0,Stephon Marbury,PHO,True,2-pointer,0,67-50,'PHO',leads
450,450,450,200112030PHO,16.9,10.1,3rd quarter,7:07.0,Jake Tsakalidis,PHO,True,2-pointer,9,69-50,'PHO',leads
451,451,451,200112030PHO,24.0,5.0,3rd quarter,6:29.0,Anfernee Hardaway,PHO,True,2-pointer,0,73-50,'PHO',leads
452,452,452,200112030PHO,24.0,5.0,3rd quarter,5:47.0,Stephon Marbury,PHO,True,2-pointer,0,75-52,'PHO',leads
453,453,453,200112030PHO,9.5,10.7,3rd quarter,5:09.0,Tom Gugliotta,PHO,False,2-pointer,16,75-54,'PHO',leads
454,454,454,200112030PHO,23.2,15.8,3rd quarter,5:06.0,Shawn Marion,PHO,False,2-pointer,11,75-54,'PHO',leads
455,455,455,200112030PHO,24.0,5.0,3rd quarter,4:34.0,Stephon Marbury,PHO,True,2-pointer,0,79-54,'PHO',leads
456,456,456,200112030PHO,11.6,16.8,3rd quarter,4:07.0,Anfernee Hardaway,PHO,False,2-pointer,17,79-54,'PHO',leads
457,457,457,200112030PHO,38.0,16.4,3rd quarter,3:28.0,Rodney Rogers,PHO,True,2-pointer,18,81-54,'PHO',leads
458,458,458,200112030PHO,8.9,9.7,3rd quarter,2:48.0,Anfernee Hardaway,PHO,False,2-pointer,16,81-57,'PHO',leads
459,459,459,200112030PHO,24.0,5.0,3rd quarter,2:32.0,Shawn Marion,PHO,True,2-pointer,0,83-57,'PHO',leads
460,460,460,200112030PHO,24.0,5.0,3rd quarter,2:07.0,Bo Outlaw,PHO,True,2-pointer,0,85-59,'PHO',leads
461,461,461,200112030PHO,39.3,12.4,3rd quarter,1:19.0,Rodney Rogers,PHO,False,2-pointer,17,85-61,'PHO',leads
462,462,462,200112030PHO,23.9,21.3,3rd quarter,0:56.2,Shawn Marion,PHO,False,2-pointer,16,85-61,'PHO',leads
463,463,463,200112030PHO,24.0,5.0,3rd quarter,0:26.7,Stephon Marbury,PHO,False,2-pointer,0,85-63,'PHO',leads
464,464,464,200112030PHO,24.0,5.0,3rd quarter,0:25.3,Bo Outlaw,PHO,True,2-pointer,0,87-63,'PHO',leads
465,465,465,200112030PHO,46.6,9.7,4th quarter,11:21.0,Rodney Rogers,PHO,False,3-pointer,23,87-65,'PHO',leads
466,466,466,200112030PHO,44.5,20.2,4th quarter,10:57.0,Rodney Rogers,PHO,True,3-pointer,26,90-65,'PHO',leads
467,467,467,200112030PHO,33.8,20.8,4th quarter,10:33.0,Anfernee Hardaway,PHO,False,2-pointer,19,90-65,'PHO',leads
468,468,468,200112030PHO,35.0,6.3,4th quarter,10:23.0,Anfernee Hardaway,PHO,False,2-pointer,11,90-65,'PHO',leads
469,469,469,200112030PHO,11.6,15.1,4th quarter,10:11.0,Anfernee Hardaway,PHO,False,2-pointer,16,90-65,'PHO',leads
470,470,470,200112030PHO,24.0,5.0,4th quarter,9:46.0,Bo Outlaw,PHO,True,2-pointer,0,92-67,'PHO',leads
471,471,471,200112030PHO,46.6,17.5,4th quarter,9:07.0,Rodney Rogers,PHO,True,3-pointer,26,95-69,'PHO',leads
472,472,472,200112030PHO,21.1,30.3,4th quarter,8:10.0,Rodney Rogers,PHO,False,3-pointer,25,95-69,'PHO',leads
473,473,473,200112030PHO,11.0,17.5,4th quarter,7:35.0,Tom Gugliotta,PHO,True,2-pointer,18,97-72,'PHO',leads
474,474,474,200112030PHO,24.0,5.0,4th quarter,7:10.0,John Wallace,PHO,True,2-pointer,0,99-72,'PHO',leads
475,475,475,200112030PHO,10.4,11.3,4th quarter,6:35.0,John Wallace,PHO,False,2-pointer,15,99-74,'PHO',leads
476,476,476,200112030PHO,24.0,5.0,4th quarter,6:22.0,Dan Majerle,PHO,True,2-pointer,0,101-74,'PHO',leads
477,477,477,200112030PHO,24.0,5.0,4th quarter,5:56.0,John Wallace,PHO,False,2-pointer,0,101-77,'PHO',leads
478,478,478,200112030PHO,45.2,17.5,4th quarter,5:42.0,Anfernee Hardaway,PHO,False,3-pointer,25,101-77,'PHO',leads
479,479,479,200112030PHO,21.1,30.7,4th quarter,5:07.0,Dan Majerle,PHO,True,3-pointer,26,104-77,'PHO',leads
480,480,480,200112030PHO,24.0,5.0,4th quarter,4:26.0,John Wallace,PHO,True,2-pointer,0,106-79,'PHO',leads
481,481,481,200112030PHO,8.3,8.4,4th quarter,4:06.0,John Wallace,PHO,True,2-pointer,16,108-79,'PHO',leads
482,482,482,200112030PHO,10.4,14.1,4th quarter,3:21.0,John Wallace,PHO,False,2-pointer,16,108-82,'PHO',leads
483,483,483,200112030PHO,18.2,16.8,4th quarter,2:17.0,John Wallace,PHO,False,2-pointer,13,108-86,'PHO',leads
484,484,484,200112030PHO,45.8,19.8,4th quarter,1:28.0,Dan Majerle,PHO,False,3-pointer,26,108-86,'PHO',leads
485,485,485,200112030PHO,13.1,11.3,4th quarter,0:57.3,Alton Ford,PHO,False,2-pointer,13,110-88,'PHO',leads
