,Unnamed: 0.1,Unnamed: 0,match_id,shotX,shotY,quarter,time_remaining,player,team,made,shot_type,distance,score,opp,status
0,0,0,200111120MEM,24.0,5.0,1st quarter,11:39.0,Erick Dampier,GSW,False,2-pointer,0,0-0,'MEM',tied
1,1,1,200111120MEM,26.8,7.8,1st quarter,11:14.0,Antawn Jamison,GSW,True,2-pointer,4,2-0,'MEM',leads
2,2,2,200111120MEM,24.0,5.0,1st quarter,10:54.0,Jason Richardson,GSW,True,2-pointer,0,4-0,'MEM',leads
3,3,3,200111120MEM,36.5,19.1,1st quarter,10:28.0,Antawn Jamison,GSW,False,2-pointer,19,4-2,'MEM',leads
4,4,4,200111120MEM,24.0,5.0,1st quarter,9:55.0,Larry Hughes,GSW,False,2-pointer,0,4-5,'MEM',trails
5,5,5,200111120MEM,7.2,25.7,1st quarter,9:39.0,Jason Richardson,GSW,False,3-pointer,27,4-5,'MEM',trails
6,6,6,200111120MEM,24.7,19.1,1st quarter,9:28.0,Larry Hughes,GSW,True,2-pointer,14,6-5,'MEM',leads
7,7,7,200111120MEM,9.5,4.4,1st quarter,8:47.0,Larry Hughes,GSW,False,2-pointer,15,6-7,'MEM',trails
8,8,8,200111120MEM,34.0,5.4,1st quarter,8:21.0,Antawn Jamison,GSW,False,2-pointer,10,6-9,'MEM',trails
9,9,9,200111120MEM,24.0,5.0,1st quarter,7:35.0,Erick Dampier,GSW,False,2-pointer,0,6-9,'MEM',trails
10,10,10,200111120MEM,29.1,10.1,1st quarter,7:33.0,Erick Dampier,GSW,False,2-pointer,7,6-9,'MEM',trails
11,11,11,200111120MEM,23.6,6.5,1st quarter,7:21.0,Danny Fortson,GSW,True,2-pointer,2,8-9,'MEM',trails
12,12,12,200111120MEM,38.6,4.4,1st quarter,6:49.0,Antawn Jamison,GSW,False,2-pointer,15,8-11,'MEM',trails
13,13,13,200111120MEM,24.0,5.0,1st quarter,6:22.0,Erick Dampier,GSW,False,2-pointer,0,8-13,'MEM',trails
14,14,14,200111120MEM,24.0,5.0,1st quarter,6:17.0,Danny Fortson,GSW,False,2-pointer,0,8-13,'MEM',trails
15,15,15,200111120MEM,24.0,25.7,1st quarter,5:47.0,Danny Fortson,GSW,True,2-pointer,21,10-13,'MEM',trails
16,16,16,200111120MEM,24.0,5.0,1st quarter,5:23.0,Larry Hughes,GSW,False,2-pointer,0,10-13,'MEM',trails
17,17,17,200111120MEM,24.0,5.0,1st quarter,5:15.0,Danny Fortson,GSW,True,2-pointer,0,12-13,'MEM',trails
18,18,18,200111120MEM,31.3,13.7,1st quarter,4:25.0,Jason Richardson,GSW,False,2-pointer,11,13-13,'MEM',tied
19,19,19,200111120MEM,24.0,25.0,1st quarter,4:03.0,Danny Fortson,GSW,False,2-pointer,20,13-15,'MEM',trails
20,20,20,200111120MEM,28.3,4.4,1st quarter,3:07.0,Adonal Foyle,GSW,False,2-pointer,4,13-15,'MEM',trails
21,21,21,200111120MEM,32.1,5.9,1st quarter,3:00.0,Antawn Jamison,GSW,False,2-pointer,8,13-15,'MEM',trails
22,22,22,200111120MEM,29.8,10.3,1st quarter,1:43.0,Danny Fortson,GSW,True,2-pointer,8,16-15,'MEM',leads
23,23,23,200111120MEM,45.0,6.5,1st quarter,1:06.0,Antawn Jamison,GSW,True,2-pointer,21,18-15,'MEM',leads
24,24,24,200111120MEM,24.0,5.0,1st quarter,0:36.7,Bob Sura,GSW,True,2-pointer,0,20-17,'MEM',leads
25,25,25,200111120MEM,24.0,5.0,1st quarter,0:26.4,Bob Sura,GSW,False,2-pointer,0,20-17,'MEM',leads
26,26,26,200111120MEM,0.5,10.1,2nd quarter,11:02.0,Mookie Blaylock,GSW,True,3-pointer,24,25-17,'MEM',leads
27,27,27,200111120MEM,24.0,5.0,2nd quarter,10:22.0,Bob Sura,GSW,True,2-pointer,0,27-19,'MEM',leads
28,28,28,200111120MEM,18.4,4.4,2nd quarter,9:13.0,Chris Mills,GSW,False,2-pointer,6,28-23,'MEM',leads
29,29,29,200111120MEM,13.9,17.5,2nd quarter,8:39.0,Bob Sura,GSW,False,2-pointer,16,28-25,'MEM',leads
30,30,30,200111120MEM,24.0,5.0,2nd quarter,8:06.0,Bob Sura,GSW,False,2-pointer,0,28-25,'MEM',leads
31,31,31,200111120MEM,24.0,5.0,2nd quarter,7:57.0,Danny Fortson,GSW,False,2-pointer,0,28-25,'MEM',leads
32,32,32,200111120MEM,24.0,5.0,2nd quarter,7:54.0,Danny Fortson,GSW,True,2-pointer,0,30-25,'MEM',leads
33,33,33,200111120MEM,24.0,5.0,2nd quarter,7:21.0,Erick Dampier,GSW,True,2-pointer,0,32-27,'MEM',leads
34,34,34,200111120MEM,24.0,5.0,2nd quarter,6:57.0,Bob Sura,GSW,True,2-pointer,0,34-27,'MEM',leads
35,35,35,200111120MEM,8.0,13.9,2nd quarter,6:23.0,Bob Sura,GSW,False,2-pointer,18,34-29,'MEM',leads
36,36,36,200111120MEM,21.3,10.7,2nd quarter,5:48.0,Erick Dampier,GSW,False,2-pointer,6,34-29,'MEM',leads
37,37,37,200111120MEM,24.0,5.0,2nd quarter,4:36.0,Jason Richardson,GSW,True,2-pointer,0,36-31,'MEM',leads
38,38,38,200111120MEM,44.7,18.1,2nd quarter,3:43.0,Chris Mills,GSW,True,3-pointer,25,39-34,'MEM',leads
39,39,39,200111120MEM,24.0,5.0,2nd quarter,3:14.0,Chris Mills,GSW,True,2-pointer,0,41-34,'MEM',leads
40,40,40,200111120MEM,19.2,25.7,2nd quarter,2:54.0,Larry Hughes,GSW,True,2-pointer,21,43-36,'MEM',leads
41,41,41,200111120MEM,24.0,10.1,2nd quarter,2:16.0,Chris Mills,GSW,False,2-pointer,5,43-36,'MEM',leads
42,42,42,200111120MEM,29.8,4.4,2nd quarter,1:29.0,Chris Mills,GSW,True,2-pointer,6,45-36,'MEM',leads
43,43,43,200111120MEM,24.0,8.4,2nd quarter,0:49.3,Troy Murphy,GSW,False,2-pointer,3,45-38,'MEM',leads
44,44,44,200111120MEM,20.5,9.0,2nd quarter,0:25.1,Larry Hughes,GSW,False,2-pointer,5,45-38,'MEM',leads
45,45,45,200111120MEM,24.0,5.0,2nd quarter,0:20.2,Jason Richardson,GSW,True,2-pointer,0,47-38,'MEM',leads
46,46,46,200111120MEM,38.6,19.8,3rd quarter,10:47.0,Larry Hughes,GSW,False,2-pointer,21,47-42,'MEM',leads
47,47,47,200111120MEM,19.0,9.5,3rd quarter,10:15.0,Erick Dampier,GSW,False,2-pointer,7,47-44,'MEM',leads
48,48,48,200111120MEM,24.0,5.0,3rd quarter,9:42.0,Jason Richardson,GSW,True,2-pointer,0,49-44,'MEM',leads
49,49,49,200111120MEM,24.0,5.0,3rd quarter,8:51.0,Larry Hughes,GSW,False,2-pointer,0,51-48,'MEM',leads
50,50,50,200111120MEM,24.0,5.0,3rd quarter,8:43.0,Larry Hughes,GSW,False,2-pointer,0,51-48,'MEM',leads
51,51,51,200111120MEM,24.0,5.0,3rd quarter,8:14.0,Danny Fortson,GSW,False,2-pointer,0,51-50,'MEM',leads
52,52,52,200111120MEM,38.0,21.0,3rd quarter,7:11.0,Antawn Jamison,GSW,False,2-pointer,21,51-50,'MEM',leads
53,53,53,200111120MEM,27.7,12.6,3rd quarter,5:12.0,Danny Fortson,GSW,True,2-pointer,8,54-53,'MEM',leads
54,54,54,200111120MEM,20.5,20.4,3rd quarter,4:08.0,Mookie Blaylock,GSW,True,2-pointer,16,56-55,'MEM',leads
55,55,55,200111120MEM,24.0,5.0,3rd quarter,3:12.0,Bob Sura,GSW,False,2-pointer,0,56-59,'MEM',trails
56,56,56,200111120MEM,38.0,25.0,3rd quarter,2:00.0,Bob Sura,GSW,True,3-pointer,24,59-60,'MEM',trails
57,57,57,200111120MEM,24.0,19.8,3rd quarter,1:30.0,Danny Fortson,GSW,True,2-pointer,15,61-60,'MEM',leads
58,58,58,200111120MEM,7.2,3.7,3rd quarter,0:56.9,Danny Fortson,GSW,False,2-pointer,17,61-60,'MEM',leads
59,59,59,200111120MEM,8.0,10.7,3rd quarter,0:45.1,Chris Mills,GSW,False,2-pointer,17,61-60,'MEM',leads
60,60,60,200111120MEM,24.0,5.0,3rd quarter,0:40.6,Bob Sura,GSW,False,2-pointer,0,61-60,'MEM',leads
61,61,61,200111120MEM,24.0,5.0,3rd quarter,0:34.2,Adonal Foyle,GSW,True,2-pointer,0,63-60,'MEM',leads
62,62,62,200111120MEM,38.0,18.1,3rd quarter,0:01.0,Chris Mills,GSW,False,2-pointer,19,63-60,'MEM',leads
63,63,63,200111120MEM,24.0,8.4,4th quarter,11:41.0,Adonal Foyle,GSW,True,2-pointer,3,65-60,'MEM',leads
64,64,64,200111120MEM,22.8,8.4,4th quarter,11:03.0,Adonal Foyle,GSW,True,2-pointer,4,67-62,'MEM',leads
65,65,65,200111120MEM,19.8,8.4,4th quarter,10:22.0,Adonal Foyle,GSW,False,2-pointer,5,67-62,'MEM',leads
66,66,66,200111120MEM,47.1,4.8,4th quarter,9:42.0,Chris Mills,GSW,False,3-pointer,23,67-64,'MEM',leads
67,67,67,200111120MEM,28.3,10.7,4th quarter,9:15.0,Chris Mills,GSW,True,2-pointer,7,69-64,'MEM',leads
68,68,68,200111120MEM,8.7,13.2,4th quarter,8:34.0,Chris Mills,GSW,True,2-pointer,17,71-64,'MEM',leads
69,69,69,200111120MEM,24.0,5.0,4th quarter,7:54.0,Adonal Foyle,GSW,True,2-pointer,0,73-67,'MEM',leads
70,70,70,200111120MEM,40.3,22.7,4th quarter,7:08.0,Bob Sura,GSW,False,3-pointer,24,73-67,'MEM',leads
71,71,71,200111120MEM,24.0,7.1,4th quarter,5:54.0,Adonal Foyle,GSW,False,2-pointer,2,73-67,'MEM',leads
72,72,72,200111120MEM,24.0,5.0,4th quarter,5:52.0,Danny Fortson,GSW,False,2-pointer,0,73-67,'MEM',leads
73,73,73,200111120MEM,0.5,10.1,4th quarter,5:19.0,Chris Mills,GSW,True,3-pointer,24,76-68,'MEM',leads
74,74,74,200111120MEM,25.4,22.7,4th quarter,4:30.0,Chris Mills,GSW,True,2-pointer,18,78-70,'MEM',leads
75,75,75,200111120MEM,39.5,12.0,4th quarter,3:25.0,Troy Murphy,GSW,True,2-pointer,17,80-72,'MEM',leads
76,76,76,200111120MEM,9.9,26.3,4th quarter,2:14.0,Mookie Blaylock,GSW,False,3-pointer,26,80-72,'MEM',leads
77,77,77,200111120MEM,39.5,10.7,4th quarter,1:11.0,Troy Murphy,GSW,False,2-pointer,17,81-75,'MEM',leads
78,78,78,200111120MEM,24.0,5.0,1st quarter,11:23.0,Lorenzen Wright,MEM,False,2-pointer,0,0-0,'MEM',tied
79,79,79,200111120MEM,24.0,5.0,1st quarter,10:42.0,Pau Gasol,MEM,True,2-pointer,0,2-4,'MEM',trails
80,80,80,200111120MEM,1.3,12.0,1st quarter,10:16.0,Jason Williams,MEM,True,3-pointer,24,5-4,'MEM',leads
81,81,81,200111120MEM,15.6,17.9,1st quarter,9:34.0,Pau Gasol,MEM,False,2-pointer,15,5-4,'MEM',leads
82,82,82,200111120MEM,13.9,19.8,1st quarter,9:11.0,Jason Williams,MEM,True,2-pointer,18,7-6,'MEM',leads
83,83,83,200111120MEM,24.0,5.0,1st quarter,8:41.0,Lorenzen Wright,MEM,True,2-pointer,0,9-6,'MEM',leads
84,84,84,200111120MEM,32.7,27.6,1st quarter,8:14.0,Jason Williams,MEM,False,3-pointer,24,9-6,'MEM',leads
85,85,85,200111120MEM,34.2,23.4,1st quarter,7:55.0,Jason Williams,MEM,False,2-pointer,21,9-6,'MEM',leads
86,86,86,200111120MEM,25.4,8.4,1st quarter,7:04.0,Lorenzen Wright,MEM,True,2-pointer,4,11-8,'MEM',leads
87,87,87,200111120MEM,24.0,5.0,1st quarter,6:43.0,Lorenzen Wright,MEM,True,2-pointer,0,13-8,'MEM',leads
88,88,88,200111120MEM,27.0,6.9,1st quarter,6:08.0,Shane Battier,MEM,False,2-pointer,4,13-8,'MEM',leads
89,89,89,200111120MEM,24.0,5.0,1st quarter,6:05.0,Lorenzen Wright,MEM,False,2-pointer,0,13-8,'MEM',leads
90,90,90,200111120MEM,24.0,5.0,1st quarter,4:53.0,Jason Williams,MEM,False,2-pointer,0,13-12,'MEM',leads
91,91,91,200111120MEM,24.0,5.0,1st quarter,4:51.0,Lorenzen Wright,MEM,False,2-pointer,0,13-12,'MEM',leads
92,92,92,200111120MEM,24.0,5.0,1st quarter,4:18.0,Stromile Swift,MEM,True,2-pointer,0,15-13,'MEM',leads
93,93,93,200111120MEM,24.0,5.0,1st quarter,3:56.0,Tony Massenburg,MEM,False,2-pointer,0,15-13,'MEM',leads
94,94,94,200111120MEM,29.1,6.5,1st quarter,2:53.0,Stromile Swift,MEM,False,2-pointer,5,15-13,'MEM',leads
95,95,95,200111120MEM,37.2,25.7,1st quarter,2:22.0,Nick Anderson,MEM,False,3-pointer,25,15-14,'MEM',leads
96,96,96,200111120MEM,28.3,10.7,1st quarter,1:59.0,Stromile Swift,MEM,False,2-pointer,7,15-14,'MEM',leads
97,97,97,200111120MEM,28.3,9.0,1st quarter,1:30.0,Tony Massenburg,MEM,False,2-pointer,6,15-16,'MEM',trails
98,98,98,200111120MEM,26.8,7.1,1st quarter,1:15.0,Stromile Swift,MEM,False,2-pointer,4,15-16,'MEM',trails
99,99,99,200111120MEM,34.8,20.8,1st quarter,0:49.3,Stromile Swift,MEM,True,2-pointer,19,17-18,'MEM',trails
100,100,100,200111120MEM,14.6,5.9,2nd quarter,11:14.0,Stromile Swift,MEM,False,2-pointer,9,17-22,'MEM',trails
101,101,101,200111120MEM,33.6,19.8,2nd quarter,10:36.0,Lorenzen Wright,MEM,True,2-pointer,18,19-25,'MEM',trails
102,102,102,200111120MEM,24.0,5.0,2nd quarter,10:06.0,Stromile Swift,MEM,True,2-pointer,0,21-27,'MEM',trails
103,103,103,200111120MEM,4.9,14.7,2nd quarter,9:33.0,Brevin Knight,MEM,False,2-pointer,21,21-28,'MEM',trails
104,104,104,200111120MEM,24.0,5.0,2nd quarter,9:26.0,Shane Battier,MEM,True,2-pointer,0,23-28,'MEM',trails
105,105,105,200111120MEM,32.7,16.8,2nd quarter,9:02.0,Lorenzen Wright,MEM,True,2-pointer,15,25-28,'MEM',trails
106,106,106,200111120MEM,19.2,6.9,2nd quarter,8:28.0,Stromile Swift,MEM,False,2-pointer,5,25-28,'MEM',trails
107,107,107,200111120MEM,34.0,12.6,2nd quarter,7:35.0,Lorenzen Wright,MEM,True,2-pointer,13,27-30,'MEM',trails
108,108,108,200111120MEM,7.0,15.1,2nd quarter,6:37.0,Jason Williams,MEM,True,2-pointer,20,29-34,'MEM',trails
109,109,109,200111120MEM,19.2,9.7,2nd quarter,6:04.0,Pau Gasol,MEM,False,2-pointer,7,29-34,'MEM',trails
110,110,110,200111120MEM,24.0,5.0,2nd quarter,5:35.0,Brevin Knight,MEM,False,2-pointer,0,29-34,'MEM',trails
111,111,111,200111120MEM,24.0,5.0,2nd quarter,5:30.0,Lorenzen Wright,MEM,True,2-pointer,0,31-34,'MEM',trails
112,112,112,200111120MEM,31.3,12.0,2nd quarter,5:04.0,Lorenzen Wright,MEM,False,2-pointer,10,31-34,'MEM',trails
113,113,113,200111120MEM,24.0,5.0,2nd quarter,4:47.0,Jason Williams,MEM,False,2-pointer,0,31-34,'MEM',trails
114,114,114,200111120MEM,24.0,29.3,2nd quarter,4:27.0,Jason Williams,MEM,False,3-pointer,24,31-36,'MEM',trails
115,115,115,200111120MEM,0.5,12.6,2nd quarter,3:58.0,Shane Battier,MEM,True,3-pointer,25,34-36,'MEM',trails
116,116,116,200111120MEM,24.0,5.0,2nd quarter,1:50.0,Brevin Knight,MEM,False,2-pointer,0,36-43,'MEM',trails
117,117,117,200111120MEM,26.2,9.2,2nd quarter,1:16.0,Pau Gasol,MEM,True,2-pointer,5,38-45,'MEM',trails
118,118,118,200111120MEM,29.8,7.8,2nd quarter,0:39.4,Pau Gasol,MEM,False,2-pointer,6,38-45,'MEM',trails
119,119,119,200111120MEM,24.7,25.0,2nd quarter,0:04.7,Jason Williams,MEM,False,2-pointer,20,38-47,'MEM',trails
120,120,120,200111120MEM,27.7,18.5,3rd quarter,11:40.0,Grant Long,MEM,True,2-pointer,14,40-47,'MEM',trails
121,121,121,200111120MEM,32.1,26.3,3rd quarter,11:14.0,Jason Williams,MEM,False,2-pointer,23,40-47,'MEM',trails
122,122,122,200111120MEM,30.6,23.4,3rd quarter,10:58.0,Grant Long,MEM,True,2-pointer,20,42-47,'MEM',trails
123,123,123,200111120MEM,18.4,7.1,3rd quarter,10:33.0,Pau Gasol,MEM,True,2-pointer,6,44-47,'MEM',trails
124,124,124,200111120MEM,24.7,11.3,3rd quarter,9:50.0,Shane Battier,MEM,False,2-pointer,6,44-47,'MEM',trails
125,125,125,200111120MEM,29.1,20.4,3rd quarter,9:23.0,Lorenzen Wright,MEM,True,2-pointer,16,46-49,'MEM',trails
126,126,126,200111120MEM,24.0,5.0,3rd quarter,8:30.0,Jason Williams,MEM,True,2-pointer,0,50-51,'MEM',trails
127,127,127,200111120MEM,24.0,5.0,3rd quarter,7:59.0,Grant Long,MEM,False,2-pointer,0,50-51,'MEM',trails
128,128,128,200111120MEM,43.5,19.1,3rd quarter,7:20.0,Jason Williams,MEM,False,3-pointer,24,50-51,'MEM',trails
129,129,129,200111120MEM,24.0,5.0,3rd quarter,6:10.0,Shane Battier,MEM,True,2-pointer,0,53-52,'MEM',leads
130,130,130,200111120MEM,23.6,24.0,3rd quarter,5:36.0,Lorenzen Wright,MEM,False,2-pointer,19,53-52,'MEM',leads
131,131,131,200111120MEM,32.1,20.4,3rd quarter,4:41.0,Grant Long,MEM,False,2-pointer,17,54-54,'MEM',tied
132,132,132,200111120MEM,24.0,5.0,3rd quarter,3:51.0,Pau Gasol,MEM,True,2-pointer,0,57-56,'MEM',leads
133,133,133,200111120MEM,24.0,5.0,3rd quarter,3:27.0,Grant Long,MEM,True,2-pointer,0,59-56,'MEM',leads
134,134,134,200111120MEM,24.0,5.0,3rd quarter,2:25.0,Lorenzen Wright,MEM,False,2-pointer,0,60-56,'MEM',leads
135,135,135,200111120MEM,19.8,5.9,3rd quarter,1:42.0,Pau Gasol,MEM,False,2-pointer,4,60-59,'MEM',leads
136,136,136,200111120MEM,24.0,5.0,3rd quarter,0:24.5,Jason Williams,MEM,False,2-pointer,0,60-63,'MEM',trails
137,137,137,200111120MEM,36.5,9.5,4th quarter,11:28.0,Stromile Swift,MEM,True,2-pointer,13,62-65,'MEM',trails
138,138,138,200111120MEM,24.0,8.4,4th quarter,10:42.0,Lorenzen Wright,MEM,False,2-pointer,3,62-67,'MEM',trails
139,139,139,200111120MEM,24.0,5.0,4th quarter,8:53.0,Lorenzen Wright,MEM,False,2-pointer,0,64-69,'MEM',trails
140,140,140,200111120MEM,24.0,5.0,4th quarter,8:09.0,Stromile Swift,MEM,True,2-pointer,0,66-71,'MEM',trails
141,141,141,200111120MEM,11.0,4.8,4th quarter,7:34.0,Brevin Knight,MEM,False,2-pointer,13,67-73,'MEM',trails
142,142,142,200111120MEM,27.7,4.8,4th quarter,6:45.0,Lorenzen Wright,MEM,False,2-pointer,4,67-73,'MEM',trails
143,143,143,200111120MEM,22.0,19.1,4th quarter,4:10.0,Lorenzen Wright,MEM,False,2-pointer,14,70-78,'MEM',trails
144,144,144,200111120MEM,41.4,8.0,4th quarter,3:09.0,Brevin Knight,MEM,False,2-pointer,18,72-80,'MEM',trails
145,145,145,200111120MEM,23.4,32.4,4th quarter,2:38.0,Jason Williams,MEM,False,3-pointer,27,72-80,'MEM',trails
146,146,146,200111120MEM,25.4,5.2,4th quarter,1:36.0,Pau Gasol,MEM,True,2-pointer,1,75-81,'MEM',trails
147,147,147,200111120MEM,24.0,5.0,4th quarter,0:40.7,Lorenzen Wright,MEM,False,2-pointer,0,75-81,'MEM',trails
148,148,148,200111120MEM,24.0,5.0,4th quarter,0:39.2,Pau Gasol,MEM,True,2-pointer,0,77-81,'MEM',trails
149,149,149,200111120MEM,5.7,22.7,4th quarter,0:28.5,Shane Battier,MEM,False,3-pointer,25,77-82,'MEM',trails
150,150,150,200111120MEM,24.0,5.0,4th quarter,0:19.9,Jason Williams,MEM,False,2-pointer,0,77-83,'MEM',trails
151,151,151,200111120MEM,24.0,5.0,4th quarter,0:18.9,Lorenzen Wright,MEM,True,2-pointer,0,79-83,'MEM',trails
152,152,152,200111120MEM,24.0,5.0,4th quarter,0:08.4,Brevin Knight,MEM,False,2-pointer,0,79-84,'MEM',trails
153,153,153,200111120MEM,24.0,29.3,4th quarter,0:00.8,Shane Battier,MEM,False,3-pointer,24,79-86,'MEM',trails
154,154,154,200111120UTA,11.2,20.8,1st quarter,11:24.0,Horace Grant,ORL,False,2-pointer,20,0-2,'UTA',trails
155,155,155,200111120UTA,6.4,7.1,1st quarter,10:56.0,Darrell Armstrong,ORL,True,2-pointer,18,2-2,'UTA',tied
156,156,156,200111120UTA,38.4,18.5,1st quarter,10:22.0,Grant Hill,ORL,False,2-pointer,20,2-4,'UTA',trails
157,157,157,200111120UTA,24.0,5.0,1st quarter,10:19.0,Steven Hunter,ORL,False,2-pointer,0,2-4,'UTA',trails
158,158,158,200111120UTA,12.7,16.2,1st quarter,10:16.0,Tracy McGrady,ORL,True,2-pointer,16,4-4,'UTA',tied
159,159,159,200111120UTA,28.3,8.8,1st quarter,9:52.0,Grant Hill,ORL,False,2-pointer,6,4-4,'UTA',tied
160,160,160,200111120UTA,24.0,5.0,1st quarter,9:40.0,Darrell Armstrong,ORL,True,2-pointer,0,6-4,'UTA',leads
161,161,161,200111120UTA,24.0,5.0,1st quarter,7:40.0,Steven Hunter,ORL,False,2-pointer,0,6-7,'UTA',trails
162,162,162,200111120UTA,39.9,15.8,1st quarter,7:19.0,Grant Hill,ORL,False,2-pointer,19,6-9,'UTA',trails
163,163,163,200111120UTA,23.6,15.8,1st quarter,6:43.0,Tracy McGrady,ORL,False,2-pointer,11,6-11,'UTA',trails
164,164,164,200111120UTA,5.5,5.9,1st quarter,6:21.0,Tracy McGrady,ORL,False,2-pointer,19,6-13,'UTA',trails
165,165,165,200111120UTA,24.0,5.0,1st quarter,6:19.0,Steven Hunter,ORL,True,2-pointer,0,8-13,'UTA',trails
166,166,166,200111120UTA,29.8,9.9,1st quarter,5:34.0,Patrick Ewing,ORL,False,2-pointer,8,9-13,'UTA',trails
167,167,167,200111120UTA,10.6,27.2,1st quarter,4:35.0,Troy Hudson,ORL,False,3-pointer,26,9-17,'UTA',trails
168,168,168,200111120UTA,24.0,5.0,1st quarter,4:31.0,Horace Grant,ORL,False,2-pointer,0,9-17,'UTA',trails
169,169,169,200111120UTA,24.0,5.0,1st quarter,3:53.0,Grant Hill,ORL,True,2-pointer,0,13-17,'UTA',trails
170,170,170,200111120UTA,40.7,19.8,1st quarter,3:28.0,Pat Garrity,ORL,True,2-pointer,22,15-17,'UTA',trails
171,171,171,200111120UTA,41.4,5.9,1st quarter,2:54.0,Grant Hill,ORL,False,2-pointer,17,15-18,'UTA',trails
172,172,172,200111120UTA,24.0,5.0,1st quarter,2:06.0,Mike Miller,ORL,False,2-pointer,0,16-20,'UTA',trails
173,173,173,200111120UTA,20.7,15.8,1st quarter,1:42.0,Grant Hill,ORL,False,2-pointer,11,16-20,'UTA',trails
174,174,174,200111120UTA,28.3,13.5,1st quarter,1:14.0,Grant Hill,ORL,False,2-pointer,10,18-22,'UTA',trails
175,175,175,200111120UTA,17.7,8.8,1st quarter,0:35.5,Grant Hill,ORL,False,2-pointer,7,18-24,'UTA',trails
176,176,176,200111120UTA,26.2,30.1,1st quarter,0:00.9,Tracy McGrady,ORL,False,3-pointer,25,18-24,'UTA',trails
177,177,177,200111120UTA,24.1,8.2,2nd quarter,11:08.0,Patrick Ewing,ORL,False,2-pointer,3,20-26,'UTA',trails
178,178,178,200111120UTA,24.0,5.0,2nd quarter,11:04.0,Patrick Ewing,ORL,True,2-pointer,0,22-26,'UTA',trails
179,179,179,200111120UTA,24.1,17.5,2nd quarter,10:23.0,Pat Garrity,ORL,False,2-pointer,13,22-26,'UTA',trails
180,180,180,200111120UTA,42.0,22.7,2nd quarter,10:18.0,Mike Miller,ORL,True,3-pointer,25,25-26,'UTA',trails
181,181,181,200111120UTA,24.0,5.0,2nd quarter,9:36.0,Tracy McGrady,ORL,False,2-pointer,0,25-26,'UTA',trails
182,182,182,200111120UTA,15.6,29.1,2nd quarter,8:58.0,Pat Garrity,ORL,True,3-pointer,26,28-26,'UTA',leads
183,183,183,200111120UTA,26.2,14.1,2nd quarter,8:25.0,Patrick Ewing,ORL,True,2-pointer,9,30-28,'UTA',leads
184,184,184,200111120UTA,43.5,20.2,2nd quarter,7:56.0,Mike Miller,ORL,False,3-pointer,25,30-28,'UTA',leads
185,185,185,200111120UTA,16.9,9.9,2nd quarter,7:18.0,Patrick Ewing,ORL,False,2-pointer,9,30-30,'UTA',tied
186,186,186,200111120UTA,40.7,14.5,2nd quarter,6:31.0,Mike Miller,ORL,False,2-pointer,19,30-32,'UTA',trails
187,187,187,200111120UTA,42.8,7.1,2nd quarter,5:39.0,Grant Hill,ORL,True,2-pointer,19,34-35,'UTA',trails
188,188,188,200111120UTA,24.0,5.0,2nd quarter,5:12.0,Grant Hill,ORL,False,2-pointer,0,34-35,'UTA',trails
189,189,189,200111120UTA,24.1,20.2,2nd quarter,4:22.0,Pat Garrity,ORL,False,2-pointer,15,34-39,'UTA',trails
190,190,190,200111120UTA,23.6,8.2,2nd quarter,4:11.0,Tracy McGrady,ORL,False,2-pointer,3,34-39,'UTA',trails
191,191,191,200111120UTA,36.3,25.5,2nd quarter,3:32.0,Darrell Armstrong,ORL,True,3-pointer,24,37-40,'UTA',trails
192,192,192,200111120UTA,16.9,11.6,2nd quarter,2:49.0,Grant Hill,ORL,False,2-pointer,10,37-41,'UTA',trails
193,193,193,200111120UTA,41.4,16.2,2nd quarter,1:48.0,Tracy McGrady,ORL,False,2-pointer,21,37-43,'UTA',trails
194,194,194,200111120UTA,40.7,8.2,2nd quarter,1:44.0,Tracy McGrady,ORL,False,2-pointer,17,37-43,'UTA',trails
195,195,195,200111120UTA,24.1,9.9,2nd quarter,1:38.0,Tracy McGrady,ORL,False,2-pointer,5,37-43,'UTA',trails
196,196,196,200111120UTA,17.7,25.5,2nd quarter,1:00.0,Darrell Armstrong,ORL,False,2-pointer,21,39-43,'UTA',trails
197,197,197,200111120UTA,12.1,27.2,2nd quarter,0:35.5,Darrell Armstrong,ORL,True,3-pointer,25,42-43,'UTA',trails
198,198,198,200111120UTA,12.1,26.5,2nd quarter,0:08.4,Darrell Armstrong,ORL,False,3-pointer,25,42-45,'UTA',trails
199,199,199,200111120UTA,8.5,15.8,3rd quarter,11:13.0,Tracy McGrady,ORL,True,2-pointer,19,48-47,'UTA',leads
200,200,200,200111120UTA,7.0,11.1,3rd quarter,10:33.0,Tracy McGrady,ORL,False,2-pointer,18,48-49,'UTA',trails
201,201,201,200111120UTA,33.4,16.2,3rd quarter,10:30.0,Grant Hill,ORL,False,2-pointer,15,48-49,'UTA',trails
202,202,202,200111120UTA,42.8,21.5,3rd quarter,9:46.0,Tracy McGrady,ORL,True,3-pointer,25,51-49,'UTA',leads
203,203,203,200111120UTA,10.6,12.8,3rd quarter,9:12.0,Tracy McGrady,ORL,True,2-pointer,16,53-49,'UTA',leads
204,204,204,200111120UTA,6.4,12.8,3rd quarter,8:23.0,Tracy McGrady,ORL,False,2-pointer,19,53-51,'UTA',leads
205,205,205,200111120UTA,24.7,9.9,3rd quarter,8:19.0,Steven Hunter,ORL,False,2-pointer,5,53-51,'UTA',leads
206,206,206,200111120UTA,24.0,5.0,3rd quarter,7:55.0,Steven Hunter,ORL,True,2-pointer,0,55-51,'UTA',leads
207,207,207,200111120UTA,40.7,23.1,3rd quarter,7:03.0,Darrell Armstrong,ORL,False,3-pointer,25,55-53,'UTA',leads
208,208,208,200111120UTA,7.8,24.4,3rd quarter,6:37.0,Tracy McGrady,ORL,True,3-pointer,25,58-53,'UTA',leads
209,209,209,200111120UTA,24.0,5.0,3rd quarter,6:05.0,Tracy McGrady,ORL,False,2-pointer,0,58-53,'UTA',leads
210,210,210,200111120UTA,4.9,18.5,3rd quarter,5:49.0,Darrell Armstrong,ORL,False,2-pointer,23,58-55,'UTA',leads
211,211,211,200111120UTA,7.0,12.8,3rd quarter,5:15.0,Tracy McGrady,ORL,False,2-pointer,19,58-55,'UTA',leads
212,212,212,200111120UTA,34.0,10.5,3rd quarter,4:51.0,Steven Hunter,ORL,True,2-pointer,11,60-57,'UTA',leads
213,213,213,200111120UTA,11.2,9.9,3rd quarter,4:13.0,Grant Hill,ORL,False,2-pointer,14,60-59,'UTA',leads
214,214,214,200111120UTA,36.9,5.9,3rd quarter,3:46.0,Steven Hunter,ORL,True,2-pointer,13,62-61,'UTA',leads
215,215,215,200111120UTA,24.0,5.0,3rd quarter,3:15.0,Steven Hunter,ORL,False,2-pointer,0,62-61,'UTA',leads
216,216,216,200111120UTA,41.4,23.1,3rd quarter,3:10.0,Mike Miller,ORL,False,3-pointer,25,62-61,'UTA',leads
217,217,217,200111120UTA,11.2,15.1,3rd quarter,2:47.0,Grant Hill,ORL,False,2-pointer,16,62-63,'UTA',trails
218,218,218,200111120UTA,6.4,11.1,3rd quarter,2:07.0,Pat Garrity,ORL,True,2-pointer,19,64-65,'UTA',trails
219,219,219,200111120UTA,4.9,22.7,3rd quarter,1:25.0,Mike Miller,ORL,True,3-pointer,26,67-65,'UTA',leads
220,220,220,200111120UTA,26.2,29.5,3rd quarter,0:53.2,Tracy McGrady,ORL,False,3-pointer,25,67-67,'UTA',tied
221,221,221,200111120UTA,26.2,30.1,3rd quarter,0:27.1,Pat Garrity,ORL,False,3-pointer,25,67-69,'UTA',trails
222,222,222,200111120UTA,24.0,5.0,3rd quarter,0:00.1,Troy Hudson,ORL,False,2-pointer,0,67-71,'UTA',trails
223,223,223,200111120UTA,24.1,29.5,4th quarter,11:28.0,Mike Miller,ORL,False,3-pointer,25,67-73,'UTA',trails
224,224,224,200111120UTA,39.3,19.8,4th quarter,11:24.0,Pat Garrity,ORL,True,2-pointer,21,69-73,'UTA',trails
225,225,225,200111120UTA,9.1,11.1,4th quarter,10:39.0,Patrick Ewing,ORL,False,2-pointer,16,69-75,'UTA',trails
226,226,226,200111120UTA,8.5,12.2,4th quarter,10:08.0,Grant Hill,ORL,False,2-pointer,17,69-75,'UTA',trails
227,227,227,200111120UTA,24.7,25.9,4th quarter,9:35.0,Mike Miller,ORL,False,2-pointer,21,69-75,'UTA',trails
228,228,228,200111120UTA,8.5,5.9,4th quarter,9:12.0,Patrick Ewing,ORL,True,2-pointer,16,71-76,'UTA',trails
229,229,229,200111120UTA,7.0,20.8,4th quarter,8:19.0,Pat Garrity,ORL,False,2-pointer,23,73-78,'UTA',trails
230,230,230,200111120UTA,24.1,9.9,4th quarter,7:50.0,Patrick Ewing,ORL,False,2-pointer,5,73-80,'UTA',trails
231,231,231,200111120UTA,24.0,5.0,4th quarter,6:49.0,Pat Garrity,ORL,False,2-pointer,0,73-83,'UTA',trails
232,232,232,200111120UTA,9.9,17.9,4th quarter,6:21.0,Darrell Armstrong,ORL,False,2-pointer,19,73-85,'UTA',trails
233,233,233,200111120UTA,22.8,17.5,4th quarter,5:30.0,Darrell Armstrong,ORL,True,2-pointer,13,76-88,'UTA',trails
234,234,234,200111120UTA,46.2,9.2,4th quarter,4:38.0,Mike Miller,ORL,True,3-pointer,23,79-90,'UTA',trails
235,235,235,200111120UTA,24.0,5.0,4th quarter,4:14.0,Mike Miller,ORL,True,2-pointer,0,81-90,'UTA',trails
236,236,236,200111120UTA,22.8,12.8,4th quarter,3:33.0,Grant Hill,ORL,True,2-pointer,8,83-93,'UTA',trails
237,237,237,200111120UTA,41.4,22.7,4th quarter,3:01.0,Pat Garrity,ORL,False,3-pointer,25,83-95,'UTA',trails
238,238,238,200111120UTA,21.3,13.5,4th quarter,2:28.0,Darrell Armstrong,ORL,False,2-pointer,9,83-97,'UTA',trails
239,239,239,200111120UTA,24.0,5.0,4th quarter,2:26.0,Bo Outlaw,ORL,True,2-pointer,0,85-97,'UTA',trails
240,240,240,200111120UTA,3.4,18.5,4th quarter,1:58.0,Pat Garrity,ORL,True,3-pointer,25,88-99,'UTA',trails
241,241,241,200111120UTA,24.0,5.0,4th quarter,1:30.0,Bo Outlaw,ORL,True,2-pointer,0,90-99,'UTA',trails
242,242,242,200111120UTA,24.0,5.0,4th quarter,1:09.0,Mike Miller,ORL,True,2-pointer,0,92-101,'UTA',trails
243,243,243,200111120UTA,39.3,24.8,4th quarter,0:47.6,Darrell Armstrong,ORL,True,3-pointer,25,96-102,'UTA',trails
244,244,244,200111120UTA,24.0,5.0,4th quarter,0:34.2,Darrell Armstrong,ORL,True,2-pointer,0,98-102,'UTA',trails
245,245,245,200111120UTA,24.0,5.0,4th quarter,0:28.7,Darrell Armstrong,ORL,False,2-pointer,0,98-104,'UTA',trails
246,246,246,200111120UTA,24.0,5.0,4th quarter,0:16.3,Mike Miller,ORL,False,2-pointer,0,98-105,'UTA',trails
247,247,247,200111120UTA,41.4,8.2,1st quarter,11:40.0,Donyell Marshall,UTA,True,2-pointer,18,2-0,'UTA',leads
248,248,248,200111120UTA,24.0,5.0,1st quarter,11:05.0,John Stockton,UTA,False,2-pointer,0,2-0,'UTA',leads
249,249,249,200111120UTA,32.5,23.1,1st quarter,10:41.0,Karl Malone,UTA,False,2-pointer,20,2-2,'UTA',tied
250,250,250,200111120UTA,24.0,5.0,1st quarter,10:37.0,Donyell Marshall,UTA,True,2-pointer,0,4-2,'UTA',leads
251,251,251,200111120UTA,40.7,4.4,1st quarter,9:44.0,Karl Malone,UTA,False,2-pointer,17,4-4,'UTA',tied
252,252,252,200111120UTA,24.0,5.0,1st quarter,8:58.0,Donyell Marshall,UTA,True,2-pointer,0,6-6,'UTA',tied
253,253,253,200111120UTA,36.3,19.8,1st quarter,8:21.0,John Stockton,UTA,False,2-pointer,19,6-6,'UTA',tied
254,254,254,200111120UTA,24.0,5.0,1st quarter,7:47.0,Donyell Marshall,UTA,False,2-pointer,0,7-6,'UTA',leads
255,255,255,200111120UTA,24.0,5.0,1st quarter,7:33.0,Quincy Lewis,UTA,True,2-pointer,0,9-6,'UTA',leads
256,256,256,200111120UTA,12.7,22.1,1st quarter,7:03.0,Karl Malone,UTA,True,2-pointer,21,11-6,'UTA',leads
257,257,257,200111120UTA,36.3,16.8,1st quarter,5:59.0,Karl Malone,UTA,False,2-pointer,17,13-8,'UTA',leads
258,258,258,200111120UTA,28.3,16.2,1st quarter,5:55.0,Greg Ostertag,UTA,False,2-pointer,12,13-8,'UTA',leads
259,259,259,200111120UTA,24.7,21.5,1st quarter,5:22.0,John Crotty,UTA,False,2-pointer,17,13-9,'UTA',leads
260,260,260,200111120UTA,35.5,20.2,1st quarter,5:16.0,John Crotty,UTA,True,2-pointer,19,15-9,'UTA',leads
261,261,261,200111120UTA,24.0,5.0,1st quarter,4:02.0,Greg Ostertag,UTA,False,2-pointer,0,17-11,'UTA',leads
262,262,262,200111120UTA,24.0,5.0,1st quarter,3:43.0,Greg Ostertag,UTA,False,2-pointer,0,17-13,'UTA',leads
263,263,263,200111120UTA,24.0,5.0,1st quarter,3:40.0,Greg Ostertag,UTA,False,2-pointer,0,17-13,'UTA',leads
264,264,264,200111120UTA,24.0,5.0,1st quarter,3:37.0,Donyell Marshall,UTA,False,2-pointer,0,17-13,'UTA',leads
265,265,265,200111120UTA,35.5,14.5,1st quarter,3:08.0,Donyell Marshall,UTA,False,2-pointer,15,17-15,'UTA',leads
266,266,266,200111120UTA,24.0,5.0,1st quarter,2:48.0,Greg Ostertag,UTA,False,2-pointer,0,18-15,'UTA',leads
267,267,267,200111120UTA,24.0,5.0,1st quarter,2:45.0,Karl Malone,UTA,False,2-pointer,0,18-15,'UTA',leads
268,268,268,200111120UTA,7.6,21.0,1st quarter,2:20.0,Quincy Lewis,UTA,True,2-pointer,23,20-16,'UTA',leads
269,269,269,200111120UTA,34.0,22.7,1st quarter,1:30.0,Karl Malone,UTA,True,2-pointer,20,22-18,'UTA',leads
270,270,270,200111120UTA,27.0,19.8,1st quarter,1:07.0,John Crotty,UTA,False,2-pointer,15,22-18,'UTA',leads
271,271,271,200111120UTA,43.5,5.9,1st quarter,0:51.7,John Crotty,UTA,True,2-pointer,20,24-18,'UTA',leads
272,272,272,200111120UTA,29.8,5.4,1st quarter,0:16.0,John Amaechi,UTA,False,2-pointer,6,24-18,'UTA',leads
273,273,273,200111120UTA,3.4,8.2,2nd quarter,11:30.0,John Starks,UTA,True,2-pointer,21,26-20,'UTA',leads
274,274,274,200111120UTA,31.9,9.9,2nd quarter,9:12.0,Donyell Marshall,UTA,False,2-pointer,9,26-25,'UTA',leads
275,275,275,200111120UTA,31.9,17.5,2nd quarter,8:06.0,Andrei Kirilenko,UTA,False,2-pointer,15,28-30,'UTA',trails
276,276,276,200111120UTA,24.0,5.0,2nd quarter,7:35.0,Andrei Kirilenko,UTA,True,2-pointer,0,30-30,'UTA',tied
277,277,277,200111120UTA,6.4,13.5,2nd quarter,6:49.0,Karl Malone,UTA,True,2-pointer,20,32-30,'UTA',leads
278,278,278,200111120UTA,24.0,5.0,2nd quarter,5:52.0,John Stockton,UTA,True,2-pointer,0,34-32,'UTA',leads
279,279,279,200111120UTA,39.3,9.2,2nd quarter,5:03.0,Karl Malone,UTA,True,2-pointer,16,37-34,'UTA',leads
280,280,280,200111120UTA,4.9,21.5,2nd quarter,3:08.0,Bryon Russell,UTA,False,3-pointer,25,40-37,'UTA',leads
281,281,281,200111120UTA,7.8,17.9,2nd quarter,2:25.0,Karl Malone,UTA,False,2-pointer,21,41-37,'UTA',leads
282,282,282,200111120UTA,36.3,22.7,2nd quarter,2:20.0,John Stockton,UTA,True,2-pointer,22,43-37,'UTA',leads
283,283,283,200111120UTA,31.9,22.7,2nd quarter,0:28.1,Karl Malone,UTA,True,2-pointer,19,45-42,'UTA',leads
284,284,284,200111120UTA,24.0,5.0,3rd quarter,11:34.0,Donyell Marshall,UTA,True,2-pointer,0,47-46,'UTA',leads
285,285,285,200111120UTA,40.7,7.1,3rd quarter,10:51.0,Karl Malone,UTA,True,2-pointer,17,49-48,'UTA',leads
286,286,286,200111120UTA,24.0,5.0,3rd quarter,10:04.0,Donyell Marshall,UTA,False,2-pointer,0,49-48,'UTA',leads
287,287,287,200111120UTA,37.8,14.1,3rd quarter,9:51.0,Karl Malone,UTA,False,2-pointer,17,49-48,'UTA',leads
288,288,288,200111120UTA,9.9,16.2,3rd quarter,8:51.0,Karl Malone,UTA,False,2-pointer,18,49-53,'UTA',trails
289,289,289,200111120UTA,24.0,5.0,3rd quarter,8:41.0,Donyell Marshall,UTA,False,2-pointer,0,49-53,'UTA',trails
290,290,290,200111120UTA,24.0,5.0,3rd quarter,8:39.0,Karl Malone,UTA,True,2-pointer,0,51-53,'UTA',trails
291,291,291,200111120UTA,39.9,5.4,3rd quarter,8:03.0,John Stockton,UTA,False,2-pointer,16,51-53,'UTA',trails
292,292,292,200111120UTA,24.0,5.0,3rd quarter,7:24.0,Greg Ostertag,UTA,True,2-pointer,0,53-55,'UTA',trails
293,293,293,200111120UTA,24.0,5.0,3rd quarter,6:55.0,Karl Malone,UTA,False,2-pointer,0,53-55,'UTA',trails
294,294,294,200111120UTA,24.1,8.8,3rd quarter,6:51.0,Donyell Marshall,UTA,False,2-pointer,4,53-55,'UTA',trails
295,295,295,200111120UTA,22.2,9.9,3rd quarter,6:47.0,Donyell Marshall,UTA,False,2-pointer,5,53-55,'UTA',trails
296,296,296,200111120UTA,16.9,11.6,3rd quarter,6:20.0,Karl Malone,UTA,False,2-pointer,10,53-58,'UTA',trails
297,297,297,200111120UTA,24.0,5.0,3rd quarter,6:00.0,Karl Malone,UTA,True,2-pointer,0,55-58,'UTA',trails
298,298,298,200111120UTA,24.0,5.0,3rd quarter,5:09.0,Bryon Russell,UTA,True,2-pointer,0,57-58,'UTA',trails
299,299,299,200111120UTA,8.5,15.1,3rd quarter,4:31.0,John Crotty,UTA,True,2-pointer,19,59-60,'UTA',trails
300,300,300,200111120UTA,24.0,5.0,3rd quarter,4:06.0,Andrei Kirilenko,UTA,True,2-pointer,0,61-60,'UTA',leads
301,301,301,200111120UTA,36.9,17.9,3rd quarter,3:31.0,Karl Malone,UTA,False,2-pointer,18,61-62,'UTA',trails
302,302,302,200111120UTA,11.2,19.8,3rd quarter,3:03.0,Karl Malone,UTA,True,2-pointer,20,63-62,'UTA',leads
303,303,303,200111120UTA,24.0,5.0,3rd quarter,2:27.0,Greg Ostertag,UTA,True,2-pointer,0,65-62,'UTA',leads
304,304,304,200111120UTA,19.2,10.5,3rd quarter,1:44.0,Karl Malone,UTA,False,2-pointer,7,65-64,'UTA',leads
305,305,305,200111120UTA,14.2,28.4,3rd quarter,1:38.0,Andrei Kirilenko,UTA,False,3-pointer,25,65-64,'UTA',leads
306,306,306,200111120UTA,16.9,27.2,3rd quarter,1:11.0,John Crotty,UTA,True,2-pointer,23,67-67,'UTA',tied
307,307,307,200111120UTA,22.8,9.9,3rd quarter,0:09.8,John Amaechi,UTA,False,2-pointer,5,69-67,'UTA',leads
308,308,308,200111120UTA,24.0,5.0,3rd quarter,0:07.3,John Amaechi,UTA,True,2-pointer,0,71-67,'UTA',leads
309,309,309,200111120UTA,24.0,5.0,4th quarter,11:42.0,Greg Ostertag,UTA,True,2-pointer,0,73-67,'UTA',leads
310,310,310,200111120UTA,22.8,12.2,4th quarter,11:00.0,John Amaechi,UTA,True,2-pointer,7,75-69,'UTA',leads
311,311,311,200111120UTA,4.0,5.9,4th quarter,10:18.0,John Amaechi,UTA,False,2-pointer,20,75-69,'UTA',leads
312,312,312,200111120UTA,31.5,29.5,4th quarter,9:44.0,John Crotty,UTA,False,3-pointer,26,75-69,'UTA',leads
313,313,313,200111120UTA,24.0,5.0,4th quarter,8:59.0,Andrei Kirilenko,UTA,True,2-pointer,0,78-71,'UTA',leads
314,314,314,200111120UTA,22.8,22.1,4th quarter,8:27.0,Bryon Russell,UTA,False,2-pointer,17,78-73,'UTA',leads
315,315,315,200111120UTA,39.9,15.8,4th quarter,8:12.0,Bryon Russell,UTA,True,2-pointer,19,80-73,'UTA',leads
316,316,316,200111120UTA,24.0,5.0,4th quarter,5:41.0,Andrei Kirilenko,UTA,False,2-pointer,0,86-74,'UTA',leads
317,317,317,200111120UTA,24.0,5.0,4th quarter,5:38.0,Greg Ostertag,UTA,True,2-pointer,0,88-74,'UTA',leads
318,318,318,200111120UTA,44.1,19.1,4th quarter,3:48.0,Bryon Russell,UTA,True,3-pointer,25,93-81,'UTA',leads
319,319,319,200111120UTA,24.0,5.0,4th quarter,3:17.0,Karl Malone,UTA,True,2-pointer,0,95-83,'UTA',leads
320,320,320,200111120UTA,24.0,5.0,4th quarter,2:41.0,Donyell Marshall,UTA,True,2-pointer,0,97-83,'UTA',leads
321,321,321,200111120UTA,24.0,5.0,4th quarter,2:06.0,John Stockton,UTA,True,2-pointer,0,99-85,'UTA',leads
322,322,322,200111120UTA,22.9,7.1,4th quarter,1:51.0,Karl Malone,UTA,False,2-pointer,2,99-88,'UTA',leads
323,323,323,200111120UTA,24.0,5.0,4th quarter,1:37.0,Karl Malone,UTA,False,2-pointer,0,99-88,'UTA',leads
