,Unnamed: 0.1,Unnamed: 0,match_id,shotX,shotY,quarter,time_remaining,player,team,made,shot_type,distance,score,opp,status
0,0,0,200103100ATL,11.0,5.4,1st quarter,11:44.0,Elton Brand,CHI,True,2-pointer,13,2-0,'CHI',leads
1,1,1,200103100ATL,32.3,22.1,1st quarter,11:07.0,Metta World,CHI,False,2-pointer,19,2-2,'CHI',tied
2,2,2,200103100ATL,16.9,23.8,1st quarter,10:43.0,Bryce Drew,CHI,True,2-pointer,20,4-2,'CHI',leads
3,3,3,200103100ATL,14.6,28.2,1st quarter,10:02.0,Bryce Drew,CHI,False,3-pointer,25,4-4,'CHI',tied
4,4,4,200103100ATL,39.3,13.9,1st quarter,9:46.0,Metta World,CHI,False,2-pointer,18,4-6,'CHI',trails
5,5,5,200103100ATL,23.2,9.5,1st quarter,9:16.0,Michael Ruffin,CHI,True,2-pointer,5,6-8,'CHI',trails
6,6,6,200103100ATL,11.6,5.4,1st quarter,8:36.0,Elton Brand,CHI,False,2-pointer,12,6-10,'CHI',trails
7,7,7,200103100ATL,10.4,14.9,1st quarter,7:52.0,Elton Brand,CHI,False,2-pointer,17,6-13,'CHI',trails
8,8,8,200103100ATL,23.2,21.0,1st quarter,7:18.0,Metta World,CHI,True,2-pointer,16,8-13,'CHI',trails
9,9,9,200103100ATL,6.2,22.7,1st quarter,6:39.0,Fred Hoiberg,CHI,False,3-pointer,25,8-13,'CHI',trails
10,10,10,200103100ATL,19.0,10.5,1st quarter,5:49.0,Elton Brand,CHI,False,2-pointer,7,10-15,'CHI',trails
11,11,11,200103100ATL,8.3,24.8,1st quarter,4:58.0,Metta World,CHI,True,3-pointer,25,13-15,'CHI',trails
12,12,12,200103100ATL,8.9,24.8,1st quarter,4:42.0,Fred Hoiberg,CHI,True,3-pointer,25,16-15,'CHI',leads
13,13,13,200103100ATL,24.0,5.0,1st quarter,2:22.0,Metta World,CHI,True,2-pointer,0,18-18,'CHI',tied
14,14,14,200103100ATL,16.1,19.4,1st quarter,1:26.0,Marcus Fizer,CHI,False,2-pointer,16,18-20,'CHI',trails
15,15,15,200103100ATL,24.0,5.0,1st quarter,0:44.2,Elton Brand,CHI,True,2-pointer,0,21-22,'CHI',trails
16,16,16,200103100ATL,24.0,5.0,2nd quarter,10:50.0,Brad Miller,CHI,True,2-pointer,0,24-26,'CHI',trails
17,17,17,200103100ATL,1.7,17.2,2nd quarter,10:10.0,Corey Benjamin,CHI,False,3-pointer,25,24-28,'CHI',trails
18,18,18,200103100ATL,24.0,5.0,2nd quarter,10:07.0,Corey Benjamin,CHI,True,2-pointer,0,26-28,'CHI',trails
19,19,19,200103100ATL,16.9,8.4,2nd quarter,8:23.0,Metta World,CHI,False,2-pointer,8,26-33,'CHI',trails
20,20,20,200103100ATL,16.1,5.4,2nd quarter,7:42.0,Marcus Fizer,CHI,False,2-pointer,8,26-33,'CHI',trails
21,21,21,200103100ATL,31.7,3.5,2nd quarter,7:37.0,Marcus Fizer,CHI,False,2-pointer,8,26-33,'CHI',trails
22,22,22,200103100ATL,18.2,6.1,2nd quarter,7:30.0,Marcus Fizer,CHI,False,2-pointer,6,26-33,'CHI',trails
23,23,23,200103100ATL,24.0,5.0,2nd quarter,7:28.0,Brad Miller,CHI,False,2-pointer,0,26-33,'CHI',trails
24,24,24,200103100ATL,24.0,5.0,2nd quarter,7:26.0,Brad Miller,CHI,True,2-pointer,0,28-33,'CHI',trails
25,25,25,200103100ATL,8.3,24.8,2nd quarter,7:06.0,Bryce Drew,CHI,True,3-pointer,25,31-33,'CHI',trails
26,26,26,200103100ATL,24.0,5.0,2nd quarter,6:45.0,Brad Miller,CHI,True,2-pointer,0,33-33,'CHI',tied
27,27,27,200103100ATL,42.2,5.0,2nd quarter,6:16.0,Fred Hoiberg,CHI,False,2-pointer,18,34-36,'CHI',trails
28,28,28,200103100ATL,24.0,5.0,2nd quarter,5:24.0,Elton Brand,CHI,True,2-pointer,0,36-36,'CHI',tied
29,29,29,200103100ATL,24.0,5.0,2nd quarter,4:57.0,Metta World,CHI,False,2-pointer,0,36-38,'CHI',trails
30,30,30,200103100ATL,24.0,5.0,2nd quarter,4:53.0,Elton Brand,CHI,False,2-pointer,0,36-38,'CHI',trails
31,31,31,200103100ATL,1.7,15.6,2nd quarter,4:46.0,Metta World,CHI,False,3-pointer,25,36-38,'CHI',trails
32,32,32,200103100ATL,24.0,5.0,2nd quarter,4:10.0,Elton Brand,CHI,False,2-pointer,0,37-40,'CHI',trails
33,33,33,200103100ATL,40.7,7.8,2nd quarter,3:19.0,Fred Hoiberg,CHI,True,2-pointer,17,39-41,'CHI',trails
34,34,34,200103100ATL,24.0,5.0,2nd quarter,2:35.0,Elton Brand,CHI,True,2-pointer,0,41-41,'CHI',tied
35,35,35,200103100ATL,13.9,5.4,2nd quarter,2:09.0,Elton Brand,CHI,False,2-pointer,10,41-41,'CHI',tied
36,36,36,200103100ATL,30.2,6.1,2nd quarter,1:42.0,Fred Hoiberg,CHI,False,2-pointer,6,41-42,'CHI',trails
37,37,37,200103100ATL,24.0,5.0,2nd quarter,1:42.0,Metta World,CHI,False,2-pointer,0,41-42,'CHI',trails
38,38,38,200103100ATL,7.4,6.5,2nd quarter,1:08.0,Bryce Drew,CHI,True,2-pointer,17,43-44,'CHI',trails
39,39,39,200103100ATL,14.6,4.2,2nd quarter,0:09.5,Marcus Fizer,CHI,True,2-pointer,9,46-48,'CHI',trails
40,40,40,200103100ATL,13.1,14.9,3rd quarter,11:17.0,Elton Brand,CHI,False,2-pointer,15,48-48,'CHI',tied
41,41,41,200103100ATL,15.4,7.8,3rd quarter,10:20.0,Metta World,CHI,False,2-pointer,9,48-51,'CHI',trails
42,42,42,200103100ATL,9.5,5.0,3rd quarter,9:45.0,Fred Hoiberg,CHI,False,2-pointer,15,48-51,'CHI',trails
43,43,43,200103100ATL,34.4,17.2,3rd quarter,9:10.0,Metta World,CHI,True,2-pointer,16,50-51,'CHI',trails
44,44,44,200103100ATL,13.9,13.9,3rd quarter,8:32.0,Elton Brand,CHI,True,2-pointer,13,52-53,'CHI',trails
45,45,45,200103100ATL,24.0,5.0,3rd quarter,7:37.0,Fred Hoiberg,CHI,True,2-pointer,0,54-55,'CHI',trails
46,46,46,200103100ATL,37.2,9.9,3rd quarter,7:01.0,Fred Hoiberg,CHI,True,2-pointer,14,56-55,'CHI',leads
47,47,47,200103100ATL,37.2,17.7,3rd quarter,6:32.0,Metta World,CHI,True,2-pointer,18,58-55,'CHI',leads
48,48,48,200103100ATL,25.1,12.8,3rd quarter,5:13.0,Elton Brand,CHI,False,2-pointer,8,58-59,'CHI',trails
49,49,49,200103100ATL,39.3,9.5,3rd quarter,4:44.0,Fred Hoiberg,CHI,False,2-pointer,16,58-59,'CHI',trails
50,50,50,200103100ATL,10.4,25.9,3rd quarter,4:29.0,Fred Hoiberg,CHI,True,3-pointer,25,61-59,'CHI',leads
51,51,51,200103100ATL,30.8,14.3,3rd quarter,3:59.0,Elton Brand,CHI,False,2-pointer,12,61-59,'CHI',leads
52,52,52,200103100ATL,36.5,14.9,3rd quarter,2:53.0,Brad Miller,CHI,False,2-pointer,16,62-61,'CHI',leads
53,53,53,200103100ATL,45.2,16.6,3rd quarter,2:23.0,Bryce Drew,CHI,False,3-pointer,24,62-61,'CHI',leads
54,54,54,200103100ATL,24.0,5.0,3rd quarter,2:02.0,Michael Ruffin,CHI,False,2-pointer,0,62-61,'CHI',leads
55,55,55,200103100ATL,9.5,12.2,3rd quarter,1:45.0,Brad Miller,CHI,False,2-pointer,16,62-61,'CHI',leads
56,56,56,200103100ATL,25.8,12.2,3rd quarter,0:46.8,Brad Miller,CHI,False,2-pointer,7,62-63,'CHI',trails
57,57,57,200103100ATL,19.0,6.1,4th quarter,11:40.0,Metta World,CHI,True,2-pointer,5,64-68,'CHI',trails
58,58,58,200103100ATL,45.8,17.2,4th quarter,10:52.0,Jamal Crawford,CHI,True,3-pointer,25,67-71,'CHI',trails
59,59,59,200103100ATL,27.2,12.2,4th quarter,9:58.0,Metta World,CHI,False,2-pointer,8,67-71,'CHI',trails
60,60,60,200103100ATL,24.0,5.0,4th quarter,9:56.0,Michael Ruffin,CHI,True,2-pointer,0,69-71,'CHI',trails
61,61,61,200103100ATL,12.5,16.2,4th quarter,9:08.0,Metta World,CHI,False,2-pointer,16,69-73,'CHI',trails
62,62,62,200103100ATL,25.8,12.8,4th quarter,8:44.0,Elton Brand,CHI,True,2-pointer,8,71-73,'CHI',trails
63,63,63,200103100ATL,36.5,8.8,4th quarter,8:07.0,Elton Brand,CHI,False,2-pointer,13,71-73,'CHI',trails
64,64,64,200103100ATL,1.1,17.2,4th quarter,7:56.0,Jamal Crawford,CHI,True,3-pointer,26,74-73,'CHI',leads
65,65,65,200103100ATL,8.3,17.7,4th quarter,7:00.0,Fred Hoiberg,CHI,False,2-pointer,20,74-73,'CHI',leads
66,66,66,200103100ATL,25.1,26.5,4th quarter,6:27.0,Fred Hoiberg,CHI,True,2-pointer,22,76-76,'CHI',tied
67,67,67,200103100ATL,24.0,5.0,4th quarter,5:48.0,Michael Ruffin,CHI,False,2-pointer,0,76-78,'CHI',trails
68,68,68,200103100ATL,24.0,5.0,4th quarter,5:46.0,Elton Brand,CHI,True,2-pointer,0,78-78,'CHI',tied
69,69,69,200103100ATL,24.0,5.0,4th quarter,5:15.0,Michael Ruffin,CHI,True,2-pointer,0,80-81,'CHI',trails
70,70,70,200103100ATL,38.6,8.4,4th quarter,4:43.0,Fred Hoiberg,CHI,False,2-pointer,15,80-84,'CHI',trails
71,71,71,200103100ATL,13.9,7.1,4th quarter,4:06.0,Elton Brand,CHI,True,2-pointer,10,82-84,'CHI',trails
72,72,72,200103100ATL,39.3,10.5,4th quarter,3:45.0,Metta World,CHI,False,2-pointer,16,82-84,'CHI',trails
73,73,73,200103100ATL,40.1,25.5,4th quarter,3:03.0,Metta World,CHI,False,3-pointer,26,82-84,'CHI',trails
74,74,74,200103100ATL,24.0,5.0,4th quarter,2:30.0,Elton Brand,CHI,True,2-pointer,0,84-87,'CHI',trails
75,75,75,200103100ATL,10.4,6.5,4th quarter,1:55.0,Elton Brand,CHI,False,2-pointer,14,84-87,'CHI',trails
76,76,76,200103100ATL,23.9,29.3,4th quarter,1:19.0,Fred Hoiberg,CHI,False,3-pointer,24,84-87,'CHI',trails
77,77,77,200103100ATL,22.4,12.2,4th quarter,0:14.5,Elton Brand,CHI,False,2-pointer,7,87-91,'CHI',trails
78,78,78,200103100ATL,43.7,20.4,4th quarter,0:03.5,Fred Hoiberg,CHI,False,3-pointer,25,87-93,'CHI',trails
79,79,79,200103100ATL,47.3,5.0,4th quarter,0:00.3,Metta World,CHI,True,3-pointer,23,90-93,'CHI',trails
80,80,80,200103100ATL,24.0,5.0,1st quarter,11:23.0,Nazr Mohammed,ATL,True,2-pointer,0,2-2,'CHI',tied
81,81,81,200103100ATL,7.4,16.6,1st quarter,10:57.0,Toni Kukoč,ATL,False,2-pointer,20,2-2,'CHI',tied
82,82,82,200103100ATL,27.9,16.6,1st quarter,10:29.0,Chris Crawford,ATL,True,2-pointer,12,4-4,'CHI',tied
83,83,83,200103100ATL,24.0,5.0,1st quarter,9:56.0,Nazr Mohammed,ATL,True,2-pointer,0,6-4,'CHI',leads
84,84,84,200103100ATL,11.6,7.1,1st quarter,9:38.0,Jason Terry,ATL,True,2-pointer,13,8-4,'CHI',leads
85,85,85,200103100ATL,35.0,5.0,1st quarter,8:56.0,Chris Crawford,ATL,True,2-pointer,11,10-6,'CHI',leads
86,86,86,200103100ATL,24.3,29.9,1st quarter,8:22.0,Chris Crawford,ATL,True,3-pointer,25,13-6,'CHI',leads
87,87,87,200103100ATL,41.6,23.4,1st quarter,7:30.0,Jason Terry,ATL,False,3-pointer,25,13-6,'CHI',leads
88,88,88,200103100ATL,30.8,18.7,1st quarter,6:50.0,Nazr Mohammed,ATL,False,2-pointer,15,13-8,'CHI',leads
89,89,89,200103100ATL,23.9,10.5,1st quarter,6:12.0,Toni Kukoč,ATL,False,2-pointer,6,13-10,'CHI',leads
90,90,90,200103100ATL,24.0,5.0,1st quarter,6:06.0,Toni Kukoč,ATL,True,2-pointer,0,15-10,'CHI',leads
91,91,91,200103100ATL,20.3,6.5,1st quarter,5:34.0,Jason Terry,ATL,False,2-pointer,4,15-10,'CHI',leads
92,92,92,200103100ATL,12.5,16.2,1st quarter,4:49.0,Jason Terry,ATL,False,2-pointer,16,15-13,'CHI',leads
93,93,93,200103100ATL,24.0,5.0,1st quarter,3:33.0,Dion Glover,ATL,True,2-pointer,0,17-16,'CHI',leads
94,94,94,200103100ATL,34.4,27.2,1st quarter,2:46.0,Toni Kukoč,ATL,False,3-pointer,25,17-16,'CHI',leads
95,95,95,200103100ATL,18.2,6.5,1st quarter,2:38.0,Alan Henderson,ATL,False,2-pointer,6,17-16,'CHI',leads
96,96,96,200103100ATL,24.0,5.0,1st quarter,2:35.0,Alan Henderson,ATL,False,2-pointer,0,17-16,'CHI',leads
97,97,97,200103100ATL,15.4,10.5,1st quarter,2:02.0,Dion Glover,ATL,False,2-pointer,10,18-18,'CHI',tied
98,98,98,200103100ATL,30.8,17.2,1st quarter,1:56.0,Alan Henderson,ATL,True,2-pointer,14,20-18,'CHI',leads
99,99,99,200103100ATL,46.6,12.2,1st quarter,0:57.7,Toni Kukoč,ATL,False,3-pointer,24,20-19,'CHI',leads
100,100,100,200103100ATL,24.0,5.0,1st quarter,0:55.7,Dion Glover,ATL,True,2-pointer,0,22-19,'CHI',leads
101,101,101,200103100ATL,23.9,20.4,1st quarter,0:24.8,Dion Glover,ATL,False,2-pointer,15,22-21,'CHI',leads
102,102,102,200103100ATL,24.0,5.0,1st quarter,0:00.6,Brevin Knight,ATL,True,2-pointer,0,24-21,'CHI',leads
103,103,103,200103100ATL,24.0,5.0,2nd quarter,11:40.0,Hanno Möttölä,ATL,True,2-pointer,0,26-21,'CHI',leads
104,104,104,200103100ATL,13.1,7.8,2nd quarter,11:09.0,Hanno Möttölä,ATL,False,2-pointer,11,26-22,'CHI',leads
105,105,105,200103100ATL,12.5,12.8,2nd quarter,10:32.0,Dion Glover,ATL,True,2-pointer,14,28-24,'CHI',leads
106,106,106,200103100ATL,24.0,5.0,2nd quarter,9:55.0,Dion Glover,ATL,True,2-pointer,0,30-26,'CHI',leads
107,107,107,200103100ATL,24.0,5.0,2nd quarter,9:29.0,Jason Terry,ATL,False,2-pointer,0,31-26,'CHI',leads
108,108,108,200103100ATL,30.8,20.0,2nd quarter,9:19.0,DerMarr Johnson,ATL,True,2-pointer,16,33-26,'CHI',leads
109,109,109,200103100ATL,19.6,7.8,2nd quarter,7:18.0,Nazr Mohammed,ATL,False,2-pointer,5,33-28,'CHI',leads
110,110,110,200103100ATL,23.9,7.1,2nd quarter,7:13.0,Hanno Möttölä,ATL,False,2-pointer,2,33-28,'CHI',leads
111,111,111,200103100ATL,24.0,5.0,2nd quarter,7:12.0,Dion Glover,ATL,False,2-pointer,0,33-28,'CHI',leads
112,112,112,200103100ATL,19.0,20.4,2nd quarter,6:54.0,Jason Terry,ATL,False,2-pointer,16,33-31,'CHI',leads
113,113,113,200103100ATL,2.6,17.2,2nd quarter,6:34.0,Toni Kukoč,ATL,True,3-pointer,25,36-34,'CHI',leads
114,114,114,200103100ATL,23.9,29.3,2nd quarter,6:08.0,Jason Terry,ATL,False,3-pointer,24,36-34,'CHI',leads
115,115,115,200103100ATL,4.7,21.0,2nd quarter,5:31.0,Toni Kukoč,ATL,False,3-pointer,25,36-34,'CHI',leads
116,116,116,200103100ATL,40.7,5.0,2nd quarter,5:14.0,Jason Terry,ATL,True,2-pointer,17,38-36,'CHI',leads
117,117,117,200103100ATL,24.0,5.0,2nd quarter,4:40.0,Chris Crawford,ATL,True,2-pointer,0,40-36,'CHI',leads
118,118,118,200103100ATL,40.7,23.8,2nd quarter,3:38.0,Jason Terry,ATL,False,2-pointer,25,41-37,'CHI',leads
119,119,119,200103100ATL,28.7,6.1,2nd quarter,3:25.0,Brevin Knight,ATL,False,2-pointer,5,41-37,'CHI',leads
120,120,120,200103100ATL,33.8,9.9,2nd quarter,2:49.0,Chris Crawford,ATL,False,2-pointer,11,41-39,'CHI',leads
121,121,121,200103100ATL,32.9,17.2,2nd quarter,2:21.0,Chris Crawford,ATL,False,2-pointer,15,41-41,'CHI',tied
122,122,122,200103100ATL,24.0,5.0,2nd quarter,1:29.0,Alan Henderson,ATL,True,2-pointer,0,44-41,'CHI',leads
123,123,123,200103100ATL,31.7,18.7,2nd quarter,0:59.2,Brevin Knight,ATL,True,2-pointer,16,46-43,'CHI',leads
124,124,124,200103100ATL,13.1,27.2,2nd quarter,0:02.2,Toni Kukoč,ATL,False,3-pointer,25,48-46,'CHI',leads
125,125,125,200103100ATL,13.9,8.4,3rd quarter,11:37.0,Nazr Mohammed,ATL,False,2-pointer,11,48-48,'CHI',tied
126,126,126,200103100ATL,43.1,22.1,3rd quarter,11:03.0,Jason Terry,ATL,True,3-pointer,26,51-48,'CHI',leads
127,127,127,200103100ATL,3.2,17.7,3rd quarter,10:41.0,Jason Terry,ATL,False,3-pointer,24,51-48,'CHI',leads
128,128,128,200103100ATL,30.2,12.8,3rd quarter,9:30.0,Toni Kukoč,ATL,False,2-pointer,10,51-48,'CHI',leads
129,129,129,200103100ATL,24.0,5.0,3rd quarter,8:53.0,Chris Crawford,ATL,True,2-pointer,0,53-50,'CHI',leads
130,130,130,200103100ATL,32.3,20.4,3rd quarter,8:22.0,Toni Kukoč,ATL,True,2-pointer,17,55-52,'CHI',leads
131,131,131,200103100ATL,36.5,15.6,3rd quarter,7:54.0,Jason Terry,ATL,False,2-pointer,16,55-52,'CHI',leads
132,132,132,200103100ATL,20.3,13.2,3rd quarter,7:44.0,Toni Kukoč,ATL,False,2-pointer,9,55-52,'CHI',leads
133,133,133,200103100ATL,20.3,10.5,3rd quarter,6:15.0,Nazr Mohammed,ATL,True,2-pointer,7,57-58,'CHI',trails
134,134,134,200103100ATL,14.6,20.0,3rd quarter,5:36.0,Jason Terry,ATL,True,2-pointer,18,59-58,'CHI',leads
135,135,135,200103100ATL,24.0,5.0,3rd quarter,5:05.0,Jason Terry,ATL,False,2-pointer,0,59-58,'CHI',leads
136,136,136,200103100ATL,24.0,5.0,3rd quarter,4:59.0,Nazr Mohammed,ATL,False,2-pointer,0,59-58,'CHI',leads
137,137,137,200103100ATL,12.5,6.5,3rd quarter,4:36.0,Nazr Mohammed,ATL,False,2-pointer,12,59-58,'CHI',leads
138,138,138,200103100ATL,11.6,19.4,3rd quarter,4:13.0,Jason Terry,ATL,False,2-pointer,19,59-61,'CHI',trails
139,139,139,200103100ATL,27.9,12.8,3rd quarter,3:48.0,Dion Glover,ATL,False,2-pointer,9,59-61,'CHI',trails
140,140,140,200103100ATL,11.0,16.2,3rd quarter,2:36.0,Toni Kukoč,ATL,False,2-pointer,17,61-62,'CHI',trails
141,141,141,200103100ATL,38.6,24.4,3rd quarter,1:25.0,DerMarr Johnson,ATL,False,3-pointer,24,61-62,'CHI',trails
142,142,142,200103100ATL,24.0,5.0,3rd quarter,1:19.0,Alan Henderson,ATL,False,2-pointer,0,61-62,'CHI',trails
143,143,143,200103100ATL,17.5,13.2,3rd quarter,1:13.0,DerMarr Johnson,ATL,False,2-pointer,10,61-62,'CHI',trails
144,144,144,200103100ATL,24.0,5.0,3rd quarter,1:10.0,Alan Henderson,ATL,False,2-pointer,0,61-62,'CHI',trails
145,145,145,200103100ATL,35.0,20.4,3rd quarter,0:23.5,Dion Glover,ATL,True,2-pointer,19,65-62,'CHI',leads
146,146,146,200103100ATL,30.8,28.2,3rd quarter,0:02.0,Dion Glover,ATL,True,3-pointer,24,68-62,'CHI',leads
147,147,147,200103100ATL,6.2,23.4,4th quarter,11:15.0,Jason Terry,ATL,True,3-pointer,26,71-64,'CHI',leads
148,148,148,200103100ATL,11.6,7.8,4th quarter,10:24.0,Alan Henderson,ATL,False,2-pointer,13,71-67,'CHI',leads
149,149,149,200103100ATL,24.0,5.0,4th quarter,9:47.0,Jason Terry,ATL,False,2-pointer,0,71-69,'CHI',leads
150,150,150,200103100ATL,24.0,5.0,4th quarter,9:37.0,Alan Henderson,ATL,True,2-pointer,0,73-69,'CHI',leads
151,151,151,200103100ATL,13.9,12.8,4th quarter,8:54.0,Chris Crawford,ATL,False,2-pointer,13,73-69,'CHI',leads
152,152,152,200103100ATL,4.7,20.4,4th quarter,7:37.0,Toni Kukoč,ATL,False,3-pointer,25,73-74,'CHI',trails
153,153,153,200103100ATL,19.6,12.8,4th quarter,6:45.0,Dion Glover,ATL,False,2-pointer,9,73-74,'CHI',trails
154,154,154,200103100ATL,25.8,14.9,4th quarter,6:37.0,Toni Kukoč,ATL,True,2-pointer,10,75-74,'CHI',leads
155,155,155,200103100ATL,35.0,17.2,4th quarter,6:10.0,Jason Terry,ATL,True,2-pointer,16,78-76,'CHI',leads
156,156,156,200103100ATL,5.3,23.8,4th quarter,5:32.0,Jason Terry,ATL,True,3-pointer,27,81-78,'CHI',leads
157,157,157,200103100ATL,0.2,15.6,4th quarter,4:56.0,Toni Kukoč,ATL,True,3-pointer,26,84-80,'CHI',leads
158,158,158,200103100ATL,32.3,7.1,4th quarter,4:36.0,Dion Glover,ATL,False,2-pointer,9,84-80,'CHI',leads
159,159,159,200103100ATL,24.0,5.0,4th quarter,4:21.0,Dion Glover,ATL,False,2-pointer,0,84-80,'CHI',leads
160,160,160,200103100ATL,11.0,9.5,4th quarter,3:24.0,Brevin Knight,ATL,False,2-pointer,14,84-82,'CHI',leads
161,161,161,200103100ATL,4.7,21.0,4th quarter,2:46.0,Toni Kukoč,ATL,True,3-pointer,25,87-82,'CHI',leads
162,162,162,200103100ATL,9.5,14.9,4th quarter,2:13.0,Jason Terry,ATL,False,2-pointer,18,87-84,'CHI',leads
163,163,163,200103100ATL,12.5,21.0,4th quarter,1:37.0,Jason Terry,ATL,False,2-pointer,20,87-84,'CHI',leads
164,164,164,200103100ATL,5.3,13.2,4th quarter,0:52.0,Brevin Knight,ATL,True,2-pointer,20,89-85,'CHI',leads
165,165,165,200103100ATL,24.0,5.0,4th quarter,0:20.8,Jason Terry,ATL,True,2-pointer,0,91-87,'CHI',leads
166,166,166,200103100CHH,12.1,16.8,1st quarter,11:35.0,Ray Allen,MIL,False,2-pointer,17,0-0,'CHH',tied
167,167,167,200103100CHH,14.8,19.1,1st quarter,11:13.0,Ray Allen,MIL,True,2-pointer,17,2-0,'CHH',leads
168,168,168,200103100CHH,47.1,10.7,1st quarter,10:36.0,Sam Cassell,MIL,False,3-pointer,24,2-0,'CHH',leads
169,169,169,200103100CHH,37.8,8.0,1st quarter,10:10.0,Ray Allen,MIL,False,2-pointer,14,2-1,'CHH',leads
170,170,170,200103100CHH,29.1,22.3,1st quarter,10:06.0,Sam Cassell,MIL,True,2-pointer,18,4-1,'CHH',leads
171,171,171,200103100CHH,29.1,21.9,1st quarter,9:36.0,Ray Allen,MIL,True,2-pointer,18,6-3,'CHH',leads
172,172,172,200103100CHH,9.9,11.3,1st quarter,9:04.0,Sam Cassell,MIL,False,2-pointer,15,6-3,'CHH',leads
173,173,173,200103100CHH,8.5,9.7,1st quarter,7:28.0,Glenn Robinson,MIL,False,2-pointer,16,6-7,'CHH',trails
174,174,174,200103100CHH,39.9,25.0,1st quarter,6:59.0,Glenn Robinson,MIL,True,3-pointer,26,9-9,'CHH',tied
175,175,175,200103100CHH,9.9,27.4,1st quarter,6:35.0,Ray Allen,MIL,True,3-pointer,26,12-11,'CHH',leads
176,176,176,200103100CHH,36.9,28.4,1st quarter,6:04.0,Ray Allen,MIL,False,3-pointer,27,12-11,'CHH',leads
177,177,177,200103100CHH,24.0,5.0,1st quarter,5:27.0,Ray Allen,MIL,True,2-pointer,0,14-11,'CHH',leads
178,178,178,200103100CHH,21.3,21.3,1st quarter,4:54.0,Glenn Robinson,MIL,False,2-pointer,17,14-13,'CHH',leads
179,179,179,200103100CHH,8.5,10.3,1st quarter,4:22.0,Glenn Robinson,MIL,False,2-pointer,16,14-13,'CHH',leads
180,180,180,200103100CHH,35.5,6.9,1st quarter,3:56.0,Sam Cassell,MIL,True,2-pointer,12,16-13,'CHH',leads
181,181,181,200103100CHH,24.0,5.0,1st quarter,3:40.0,Glenn Robinson,MIL,True,2-pointer,0,18-13,'CHH',leads
182,182,182,200103100CHH,24.0,5.0,1st quarter,2:43.0,Sam Cassell,MIL,False,2-pointer,0,18-14,'CHH',leads
183,183,183,200103100CHH,24.0,5.0,1st quarter,2:16.0,Jason Caffey,MIL,False,2-pointer,0,18-14,'CHH',leads
184,184,184,200103100CHH,8.5,8.0,1st quarter,1:57.0,Tim Thomas,MIL,False,2-pointer,16,18-16,'CHH',leads
185,185,185,200103100CHH,24.0,5.0,1st quarter,1:44.0,Glenn Robinson,MIL,True,2-pointer,0,20-16,'CHH',leads
186,186,186,200103100CHH,-0.2,5.0,1st quarter,0:52.0,Lindsey Hunter,MIL,False,3-pointer,24,20-19,'CHH',leads
187,187,187,200103100CHH,1.1,17.5,1st quarter,0:03.1,Lindsey Hunter,MIL,True,3-pointer,26,23-21,'CHH',leads
188,188,188,200103100CHH,11.2,18.5,2nd quarter,11:35.0,Tim Thomas,MIL,False,2-pointer,19,23-21,'CHH',leads
189,189,189,200103100CHH,15.6,20.8,2nd quarter,11:02.0,Lindsey Hunter,MIL,False,2-pointer,18,23-23,'CHH',tied
190,190,190,200103100CHH,47.1,6.9,2nd quarter,10:55.0,Ray Allen,MIL,True,3-pointer,23,26-23,'CHH',leads
191,191,191,200103100CHH,24.0,5.0,2nd quarter,9:18.0,Tim Thomas,MIL,False,2-pointer,0,29-29,'CHH',tied
192,192,192,200103100CHH,9.1,8.6,2nd quarter,8:56.0,Tim Thomas,MIL,False,2-pointer,15,29-29,'CHH',tied
193,193,193,200103100CHH,24.0,5.0,2nd quarter,8:44.0,Ray Allen,MIL,True,2-pointer,0,31-29,'CHH',leads
194,194,194,200103100CHH,1.1,7.6,2nd quarter,8:13.0,Tim Thomas,MIL,False,3-pointer,23,31-31,'CHH',tied
195,195,195,200103100CHH,34.8,20.2,2nd quarter,7:50.0,Ray Allen,MIL,True,2-pointer,19,33-33,'CHH',tied
196,196,196,200103100CHH,4.0,21.3,2nd quarter,7:24.0,Ray Allen,MIL,True,3-pointer,26,36-33,'CHH',leads
197,197,197,200103100CHH,24.0,5.0,2nd quarter,6:43.0,Sam Cassell,MIL,False,2-pointer,0,36-33,'CHH',leads
198,198,198,200103100CHH,39.9,26.3,2nd quarter,6:12.0,Lindsey Hunter,MIL,False,3-pointer,27,36-33,'CHH',leads
199,199,199,200103100CHH,24.0,5.0,2nd quarter,5:35.0,Tim Thomas,MIL,False,2-pointer,0,36-35,'CHH',leads
200,200,200,200103100CHH,11.2,15.8,2nd quarter,5:23.0,Sam Cassell,MIL,False,2-pointer,17,36-35,'CHH',leads
201,201,201,200103100CHH,24.0,5.0,2nd quarter,5:10.0,Tim Thomas,MIL,True,2-pointer,0,38-35,'CHH',leads
202,202,202,200103100CHH,7.8,6.9,2nd quarter,4:14.0,Scott Williams,MIL,True,2-pointer,16,40-37,'CHH',leads
203,203,203,200103100CHH,24.0,5.0,2nd quarter,3:28.0,Glenn Robinson,MIL,False,2-pointer,0,40-39,'CHH',leads
204,204,204,200103100CHH,18.4,10.7,2nd quarter,3:07.0,Ray Allen,MIL,True,2-pointer,8,42-41,'CHH',leads
205,205,205,200103100CHH,3.4,21.3,2nd quarter,2:04.0,Sam Cassell,MIL,False,3-pointer,26,44-41,'CHH',leads
206,206,206,200103100CHH,10.6,13.7,2nd quarter,1:50.0,Glenn Robinson,MIL,False,2-pointer,16,44-41,'CHH',leads
207,207,207,200103100CHH,26.2,31.8,2nd quarter,1:21.0,Ray Allen,MIL,False,3-pointer,27,44-41,'CHH',leads
208,208,208,200103100CHH,7.0,24.6,2nd quarter,0:36.7,Tim Thomas,MIL,False,3-pointer,26,44-43,'CHH',leads
209,209,209,200103100CHH,36.9,13.0,2nd quarter,0:21.5,Sam Cassell,MIL,False,2-pointer,15,44-44,'CHH',tied
210,210,210,200103100CHH,-0.2,9.7,2nd quarter,0:17.7,Ray Allen,MIL,True,3-pointer,25,47-44,'CHH',leads
211,211,211,200103100CHH,37.8,11.3,3rd quarter,11:27.0,Darvin Ham,MIL,False,2-pointer,15,47-46,'CHH',leads
212,212,212,200103100CHH,26.2,16.4,3rd quarter,10:51.0,Sam Cassell,MIL,False,2-pointer,12,47-48,'CHH',trails
213,213,213,200103100CHH,17.7,16.8,3rd quarter,10:34.0,Sam Cassell,MIL,False,2-pointer,13,47-48,'CHH',trails
214,214,214,200103100CHH,24.0,5.0,3rd quarter,10:14.0,Darvin Ham,MIL,True,2-pointer,0,49-48,'CHH',leads
215,215,215,200103100CHH,11.2,8.0,3rd quarter,9:42.0,Sam Cassell,MIL,False,2-pointer,13,49-48,'CHH',leads
216,216,216,200103100CHH,19.8,14.1,3rd quarter,9:25.0,Ray Allen,MIL,True,2-pointer,10,51-48,'CHH',leads
217,217,217,200103100CHH,46.2,16.8,3rd quarter,8:10.0,Glenn Robinson,MIL,True,3-pointer,25,55-52,'CHH',leads
218,218,218,200103100CHH,7.8,7.6,3rd quarter,7:48.0,Glenn Robinson,MIL,False,2-pointer,16,55-54,'CHH',leads
219,219,219,200103100CHH,7.0,8.6,3rd quarter,7:09.0,Ray Allen,MIL,False,2-pointer,17,55-58,'CHH',trails
220,220,220,200103100CHH,29.1,13.0,3rd quarter,6:47.0,Glenn Robinson,MIL,True,2-pointer,9,57-58,'CHH',trails
221,221,221,200103100CHH,7.0,7.6,3rd quarter,5:30.0,Darvin Ham,MIL,False,2-pointer,17,57-58,'CHH',trails
222,222,222,200103100CHH,19.8,15.1,3rd quarter,5:03.0,Sam Cassell,MIL,False,2-pointer,11,57-60,'CHH',trails
223,223,223,200103100CHH,9.1,6.5,3rd quarter,4:40.0,Scott Williams,MIL,True,2-pointer,15,59-62,'CHH',trails
224,224,224,200103100CHH,24.0,5.0,3rd quarter,4:21.0,Tim Thomas,MIL,True,2-pointer,0,61-62,'CHH',trails
225,225,225,200103100CHH,1.9,17.5,3rd quarter,3:42.0,Ray Allen,MIL,False,3-pointer,25,61-64,'CHH',trails
226,226,226,200103100CHH,8.5,7.6,3rd quarter,3:32.0,Darvin Ham,MIL,False,2-pointer,16,61-64,'CHH',trails
227,227,227,200103100CHH,28.3,9.7,3rd quarter,3:13.0,Ray Allen,MIL,True,2-pointer,6,63-66,'CHH',trails
228,228,228,200103100CHH,39.3,10.7,3rd quarter,2:30.0,Ray Allen,MIL,False,2-pointer,16,63-68,'CHH',trails
229,229,229,200103100CHH,24.0,5.0,3rd quarter,2:13.0,Lindsey Hunter,MIL,True,2-pointer,0,65-68,'CHH',trails
230,230,230,200103100CHH,10.6,28.4,3rd quarter,1:32.0,Tim Thomas,MIL,True,3-pointer,27,68-70,'CHH',trails
231,231,231,200103100CHH,12.1,13.0,3rd quarter,0:48.3,Glenn Robinson,MIL,False,2-pointer,14,68-72,'CHH',trails
232,232,232,200103100CHH,24.0,5.0,3rd quarter,0:45.0,Tim Thomas,MIL,False,2-pointer,0,68-72,'CHH',trails
233,233,233,200103100CHH,25.6,31.8,3rd quarter,0:20.1,Lindsey Hunter,MIL,False,3-pointer,27,68-74,'CHH',trails
234,234,234,200103100CHH,39.3,19.1,4th quarter,11:06.0,Glenn Robinson,MIL,False,2-pointer,21,68-76,'CHH',trails
235,235,235,200103100CHH,7.2,24.8,4th quarter,11:00.0,Lindsey Hunter,MIL,True,3-pointer,26,71-76,'CHH',trails
236,236,236,200103100CHH,10.6,7.6,4th quarter,10:25.0,Ray Allen,MIL,False,2-pointer,14,71-78,'CHH',trails
237,237,237,200103100CHH,24.1,12.6,4th quarter,10:01.0,Glenn Robinson,MIL,False,2-pointer,8,71-80,'CHH',trails
238,238,238,200103100CHH,39.3,26.9,4th quarter,9:22.0,Lindsey Hunter,MIL,True,3-pointer,27,74-80,'CHH',trails
239,239,239,200103100CHH,34.8,29.1,4th quarter,9:01.0,Lindsey Hunter,MIL,False,3-pointer,26,74-80,'CHH',trails
240,240,240,200103100CHH,18.4,11.3,4th quarter,8:21.0,Glenn Robinson,MIL,True,2-pointer,8,76-82,'CHH',trails
241,241,241,200103100CHH,37.8,27.4,4th quarter,7:44.0,Lindsey Hunter,MIL,True,3-pointer,26,79-84,'CHH',trails
242,242,242,200103100CHH,45.0,20.8,4th quarter,7:05.0,Lindsey Hunter,MIL,False,3-pointer,26,79-86,'CHH',trails
243,243,243,200103100CHH,42.0,27.4,4th quarter,6:44.0,Ray Allen,MIL,False,3-pointer,29,79-86,'CHH',trails
244,244,244,200103100CHH,11.8,14.9,4th quarter,5:34.0,Glenn Robinson,MIL,True,2-pointer,16,83-88,'CHH',trails
245,245,245,200103100CHH,16.7,6.3,4th quarter,5:03.0,Ray Allen,MIL,True,2-pointer,7,85-90,'CHH',trails
246,246,246,200103100CHH,8.9,27.8,4th quarter,3:53.0,Sam Cassell,MIL,False,3-pointer,27,85-94,'CHH',trails
247,247,247,200103100CHH,23.4,11.1,4th quarter,3:14.0,Glenn Robinson,MIL,True,2-pointer,6,87-96,'CHH',trails
248,248,248,200103100CHH,44.7,22.7,4th quarter,2:49.0,Lindsey Hunter,MIL,False,3-pointer,27,88-96,'CHH',trails
249,249,249,200103100CHH,39.0,28.2,4th quarter,2:21.0,Glenn Robinson,MIL,False,3-pointer,28,88-96,'CHH',trails
250,250,250,200103100CHH,24.0,5.0,4th quarter,1:40.0,Glenn Robinson,MIL,False,2-pointer,0,88-99,'CHH',trails
251,251,251,200103100CHH,24.0,5.0,4th quarter,0:47.7,Ray Allen,MIL,True,2-pointer,0,90-99,'CHH',trails
252,252,252,200103100CHH,0.9,7.8,4th quarter,0:09.1,Glenn Robinson,MIL,False,3-pointer,23,90-100,'CHH',trails
253,253,253,200103100CHH,24.0,5.0,1st quarter,11:22.0,David Wesley,CHH,False,2-pointer,0,0-0,'CHH',tied
254,254,254,200103100CHH,29.8,11.3,1st quarter,10:52.0,Elden Campbell,CHH,False,2-pointer,9,0-2,'CHH',trails
255,255,255,200103100CHH,17.7,15.1,1st quarter,9:19.0,Elden Campbell,CHH,False,2-pointer,12,3-6,'CHH',trails
256,256,256,200103100CHH,39.9,8.0,1st quarter,8:35.0,Jamal Mashburn,CHH,False,2-pointer,16,3-6,'CHH',trails
257,257,257,200103100CHH,24.0,5.0,1st quarter,8:11.0,Jamal Mashburn,CHH,True,2-pointer,0,5-6,'CHH',trails
258,258,258,200103100CHH,24.0,5.0,1st quarter,7:45.0,Baron Davis,CHH,True,2-pointer,0,7-6,'CHH',leads
259,259,259,200103100CHH,7.8,7.6,1st quarter,7:15.0,Jamal Mashburn,CHH,True,2-pointer,16,9-6,'CHH',leads
260,260,260,200103100CHH,38.4,11.3,1st quarter,6:48.0,Jamal Mashburn,CHH,True,2-pointer,16,11-9,'CHH',leads
261,261,261,200103100CHH,9.9,10.7,1st quarter,6:16.0,Jamal Mashburn,CHH,False,2-pointer,15,11-12,'CHH',trails
262,262,262,200103100CHH,13.5,22.3,1st quarter,6:11.0,David Wesley,CHH,False,2-pointer,20,11-12,'CHH',trails
263,263,263,200103100CHH,24.0,5.0,1st quarter,5:55.0,P.J. Brown,CHH,False,2-pointer,0,11-12,'CHH',trails
264,264,264,200103100CHH,24.0,5.0,1st quarter,5:53.0,P.J. Brown,CHH,False,2-pointer,0,11-12,'CHH',trails
265,265,265,200103100CHH,24.0,5.0,1st quarter,5:48.0,Baron Davis,CHH,False,2-pointer,0,11-12,'CHH',trails
266,266,266,200103100CHH,24.0,5.0,1st quarter,5:46.0,P.J. Brown,CHH,False,2-pointer,0,11-12,'CHH',trails
267,267,267,200103100CHH,9.1,12.6,1st quarter,5:08.0,Baron Davis,CHH,True,2-pointer,17,13-14,'CHH',trails
268,268,268,200103100CHH,24.0,5.0,1st quarter,3:49.0,David Wesley,CHH,False,2-pointer,0,13-16,'CHH',trails
269,269,269,200103100CHH,24.0,5.0,1st quarter,3:18.0,Jamaal Magloire,CHH,False,2-pointer,0,13-18,'CHH',trails
270,270,270,200103100CHH,7.8,6.5,1st quarter,2:36.0,Hersey Hawkins,CHH,False,2-pointer,16,14-18,'CHH',trails
271,271,271,200103100CHH,24.0,5.0,1st quarter,1:51.0,Otis Thorpe,CHH,False,2-pointer,0,16-18,'CHH',trails
272,272,272,200103100CHH,9.9,8.0,1st quarter,1:18.0,Jamaal Magloire,CHH,False,2-pointer,14,16-20,'CHH',trails
273,273,273,200103100CHH,24.0,5.0,1st quarter,1:16.0,Otis Thorpe,CHH,True,2-pointer,0,18-20,'CHH',trails
274,274,274,200103100CHH,8.5,9.7,1st quarter,0:34.8,Jamal Mashburn,CHH,False,2-pointer,16,19-20,'CHH',trails
275,275,275,200103100CHH,12.7,29.5,1st quarter,0:29.6,Hersey Hawkins,CHH,False,3-pointer,27,19-20,'CHH',trails
276,276,276,200103100CHH,24.0,5.0,1st quarter,0:19.9,Eddie Robinson,CHH,True,2-pointer,0,21-20,'CHH',leads
277,277,277,200103100CHH,13.5,9.2,2nd quarter,11:44.0,Elden Campbell,CHH,False,2-pointer,11,21-23,'CHH',trails
278,278,278,200103100CHH,8.5,6.5,2nd quarter,11:19.0,Eddie Robinson,CHH,True,2-pointer,16,23-23,'CHH',tied
279,279,279,200103100CHH,24.0,5.0,2nd quarter,10:39.0,Elden Campbell,CHH,True,2-pointer,0,25-26,'CHH',trails
280,280,280,200103100CHH,6.4,10.3,2nd quarter,10:00.0,Eddie Robinson,CHH,False,2-pointer,18,25-27,'CHH',trails
281,281,281,200103100CHH,24.0,5.0,2nd quarter,9:58.0,Otis Thorpe,CHH,True,2-pointer,0,27-27,'CHH',tied
282,282,282,200103100CHH,12.7,5.9,2nd quarter,9:31.0,Eddie Robinson,CHH,True,2-pointer,11,29-29,'CHH',tied
283,283,283,200103100CHH,19.8,14.7,2nd quarter,8:28.0,Eddie Robinson,CHH,True,2-pointer,11,31-31,'CHH',tied
284,284,284,200103100CHH,24.0,5.0,2nd quarter,8:07.0,Eddie Robinson,CHH,True,2-pointer,0,33-31,'CHH',leads
285,285,285,200103100CHH,38.4,6.5,2nd quarter,7:08.0,Eddie Robinson,CHH,False,2-pointer,14,33-36,'CHH',trails
286,286,286,200103100CHH,24.0,5.0,2nd quarter,7:03.0,Elden Campbell,CHH,False,2-pointer,0,33-36,'CHH',trails
287,287,287,200103100CHH,36.9,19.1,2nd quarter,5:49.0,David Wesley,CHH,True,2-pointer,19,35-36,'CHH',trails
288,288,288,200103100CHH,33.4,19.8,2nd quarter,4:51.0,Jamal Mashburn,CHH,False,2-pointer,18,35-38,'CHH',trails
289,289,289,200103100CHH,24.0,5.0,2nd quarter,4:28.0,David Wesley,CHH,True,2-pointer,0,37-38,'CHH',trails
290,290,290,200103100CHH,19.2,12.0,2nd quarter,3:49.0,Hersey Hawkins,CHH,True,2-pointer,8,39-40,'CHH',trails
291,291,291,200103100CHH,39.9,27.4,2nd quarter,2:45.0,Hersey Hawkins,CHH,False,3-pointer,27,41-42,'CHH',trails
292,292,292,200103100CHH,37.8,21.9,2nd quarter,2:13.0,Jamal Mashburn,CHH,False,2-pointer,22,41-44,'CHH',trails
293,293,293,200103100CHH,24.0,5.0,2nd quarter,1:56.0,Hersey Hawkins,CHH,False,2-pointer,0,41-44,'CHH',trails
294,294,294,200103100CHH,43.5,22.3,2nd quarter,1:45.0,David Wesley,CHH,False,3-pointer,26,41-44,'CHH',trails
295,295,295,200103100CHH,44.1,24.0,2nd quarter,0:56.5,Jamal Mashburn,CHH,False,3-pointer,28,41-44,'CHH',trails
296,296,296,200103100CHH,24.0,5.0,3rd quarter,11:45.0,Elden Campbell,CHH,False,2-pointer,0,46-47,'CHH',trails
297,297,297,200103100CHH,39.9,5.9,3rd quarter,11:10.0,Elden Campbell,CHH,True,2-pointer,16,48-47,'CHH',leads
298,298,298,200103100CHH,7.8,8.0,3rd quarter,10:41.0,Jamal Mashburn,CHH,False,2-pointer,16,48-47,'CHH',leads
299,299,299,200103100CHH,8.5,9.7,3rd quarter,10:22.0,P.J. Brown,CHH,False,2-pointer,16,48-47,'CHH',leads
300,300,300,200103100CHH,8.5,10.7,3rd quarter,9:49.0,Jamal Mashburn,CHH,False,2-pointer,17,48-49,'CHH',trails
301,301,301,200103100CHH,13.5,5.9,3rd quarter,9:03.0,Elden Campbell,CHH,True,2-pointer,11,50-51,'CHH',trails
302,302,302,200103100CHH,24.0,5.0,3rd quarter,8:27.0,P.J. Brown,CHH,True,2-pointer,0,52-52,'CHH',tied
303,303,303,200103100CHH,24.0,5.0,3rd quarter,7:43.0,P.J. Brown,CHH,True,2-pointer,0,56-55,'CHH',leads
304,304,304,200103100CHH,24.0,5.0,3rd quarter,7:27.0,Jamal Mashburn,CHH,True,2-pointer,0,58-55,'CHH',leads
305,305,305,200103100CHH,13.5,21.9,3rd quarter,6:59.0,Baron Davis,CHH,False,2-pointer,20,58-55,'CHH',leads
306,306,306,200103100CHH,7.8,11.3,3rd quarter,6:27.0,Jamal Mashburn,CHH,False,2-pointer,17,58-57,'CHH',leads
307,307,307,200103100CHH,42.0,8.0,3rd quarter,6:10.0,Baron Davis,CHH,False,2-pointer,18,58-57,'CHH',leads
308,308,308,200103100CHH,24.0,5.0,3rd quarter,5:24.0,Baron Davis,CHH,True,2-pointer,0,60-57,'CHH',leads
309,309,309,200103100CHH,24.0,5.0,3rd quarter,4:58.0,David Wesley,CHH,True,2-pointer,0,62-57,'CHH',leads
310,310,310,200103100CHH,38.4,8.0,3rd quarter,3:24.0,Eddie Robinson,CHH,True,2-pointer,15,66-61,'CHH',leads
311,311,311,200103100CHH,8.5,9.2,3rd quarter,2:51.0,Jamal Mashburn,CHH,False,2-pointer,16,66-63,'CHH',leads
312,312,312,200103100CHH,24.0,5.0,3rd quarter,2:49.0,P.J. Brown,CHH,True,2-pointer,0,68-63,'CHH',leads
313,313,313,200103100CHH,24.0,5.0,3rd quarter,2:21.0,P.J. Brown,CHH,False,2-pointer,0,68-63,'CHH',leads
314,314,314,200103100CHH,24.0,5.0,3rd quarter,1:52.0,Jamal Mashburn,CHH,False,2-pointer,0,68-65,'CHH',leads
315,315,315,200103100CHH,7.0,7.6,3rd quarter,1:50.0,Baron Davis,CHH,True,2-pointer,17,70-65,'CHH',leads
316,316,316,200103100CHH,29.8,14.7,3rd quarter,1:05.0,Baron Davis,CHH,False,2-pointer,11,70-68,'CHH',leads
317,317,317,200103100CHH,24.0,5.0,3rd quarter,1:02.0,Jamaal Magloire,CHH,True,2-pointer,0,72-68,'CHH',leads
318,318,318,200103100CHH,24.0,5.0,3rd quarter,0:42.1,Eddie Robinson,CHH,True,2-pointer,0,74-68,'CHH',leads
319,319,319,200103100CHH,19.8,12.0,3rd quarter,0:00.3,Baron Davis,CHH,False,2-pointer,8,74-68,'CHH',leads
320,320,320,200103100CHH,24.0,5.0,4th quarter,10:43.0,Eddie Robinson,CHH,True,2-pointer,0,78-71,'CHH',leads
321,321,321,200103100CHH,24.0,5.0,4th quarter,10:19.0,Eddie Robinson,CHH,True,2-pointer,0,80-71,'CHH',leads
322,322,322,200103100CHH,13.5,6.9,4th quarter,9:36.0,Eddie Robinson,CHH,False,2-pointer,11,80-71,'CHH',leads
323,323,323,200103100CHH,10.6,16.8,4th quarter,9:10.0,Tim James,CHH,False,2-pointer,18,80-74,'CHH',leads
324,324,324,200103100CHH,13.5,17.9,4th quarter,8:41.0,Eddie Robinson,CHH,True,2-pointer,17,82-74,'CHH',leads
325,325,325,200103100CHH,24.0,5.0,4th quarter,8:03.0,Elden Campbell,CHH,True,2-pointer,0,84-76,'CHH',leads
326,326,326,200103100CHH,9.1,14.1,4th quarter,7:22.0,David Wesley,CHH,True,2-pointer,17,86-79,'CHH',leads
327,327,327,200103100CHH,24.0,5.0,4th quarter,6:58.0,Tim James,CHH,False,2-pointer,0,86-79,'CHH',leads
328,328,328,200103100CHH,34.0,30.1,4th quarter,6:27.0,David Wesley,CHH,False,3-pointer,27,86-79,'CHH',leads
329,329,329,200103100CHH,7.6,6.3,4th quarter,5:51.0,Jamal Mashburn,CHH,False,2-pointer,16,86-81,'CHH',leads
330,330,330,200103100CHH,24.0,5.0,4th quarter,5:49.0,David Wesley,CHH,True,2-pointer,0,88-81,'CHH',leads
331,331,331,200103100CHH,24.0,5.0,4th quarter,5:15.0,Elden Campbell,CHH,True,2-pointer,0,90-83,'CHH',leads
332,332,332,200103100CHH,11.0,12.4,4th quarter,4:47.0,Jamal Mashburn,CHH,False,2-pointer,15,90-85,'CHH',leads
333,333,333,200103100CHH,10.4,20.6,4th quarter,4:34.0,David Wesley,CHH,True,2-pointer,21,92-85,'CHH',leads
334,334,334,200103100CHH,11.0,18.9,4th quarter,4:06.0,Elden Campbell,CHH,False,2-pointer,19,94-85,'CHH',leads
335,335,335,200103100CHH,16.7,7.8,4th quarter,3:32.0,Elden Campbell,CHH,True,2-pointer,8,96-85,'CHH',leads
336,336,336,200103100CHH,24.0,5.0,4th quarter,2:31.0,P.J. Brown,CHH,False,2-pointer,0,96-88,'CHH',leads
337,337,337,200103100CHH,16.7,29.9,4th quarter,1:58.0,David Wesley,CHH,True,3-pointer,26,99-88,'CHH',leads
338,338,338,200103100CHH,22.6,29.9,4th quarter,1:18.0,David Wesley,CHH,False,3-pointer,25,99-88,'CHH',leads
339,339,339,200103100CHH,26.0,14.9,4th quarter,0:57.5,David Wesley,CHH,False,2-pointer,10,99-88,'CHH',leads
340,340,340,200103100CHH,24.0,5.0,4th quarter,0:17.7,Jamal Mashburn,CHH,False,2-pointer,0,100-90,'CHH',leads
341,341,341,200103100HOU,35.5,21.3,1st quarter,11:44.0,Chris Porter,GSW,False,2-pointer,20,0-0,'HOU',tied
342,342,342,200103100HOU,6.4,22.3,1st quarter,11:27.0,Bob Sura,GSW,True,3-pointer,25,3-0,'HOU',leads
343,343,343,200103100HOU,32.5,5.9,1st quarter,10:56.0,Adonal Foyle,GSW,False,2-pointer,9,3-0,'HOU',leads
344,344,344,200103100HOU,24.0,5.0,1st quarter,10:55.0,Antawn Jamison,GSW,True,2-pointer,0,5-0,'HOU',leads
345,345,345,200103100HOU,25.6,12.0,1st quarter,10:11.0,Antawn Jamison,GSW,False,2-pointer,7,5-0,'HOU',leads
346,346,346,200103100HOU,41.8,22.3,1st quarter,9:49.0,Antawn Jamison,GSW,False,3-pointer,25,5-2,'HOU',leads
347,347,347,200103100HOU,28.3,9.2,1st quarter,9:29.0,Bob Sura,GSW,False,2-pointer,6,5-4,'HOU',leads
348,348,348,200103100HOU,24.0,5.0,1st quarter,8:54.0,Bob Sura,GSW,True,2-pointer,0,7-6,'HOU',leads
349,349,349,200103100HOU,35.5,21.3,1st quarter,8:27.0,Vonteego Cummings,GSW,False,2-pointer,20,8-8,'HOU',tied
350,350,350,200103100HOU,33.1,5.9,1st quarter,8:02.0,Antawn Jamison,GSW,True,2-pointer,9,10-10,'HOU',tied
351,351,351,200103100HOU,24.0,5.0,1st quarter,7:29.0,Adonal Foyle,GSW,True,2-pointer,0,12-10,'HOU',leads
352,352,352,200103100HOU,36.9,5.0,1st quarter,6:51.0,Antawn Jamison,GSW,False,2-pointer,13,12-12,'HOU',tied
353,353,353,200103100HOU,34.8,26.9,1st quarter,6:26.0,Bob Sura,GSW,False,3-pointer,24,12-14,'HOU',trails
354,354,354,200103100HOU,24.0,5.0,1st quarter,6:19.0,Vonteego Cummings,GSW,True,2-pointer,0,14-14,'HOU',tied
355,355,355,200103100HOU,18.6,25.0,1st quarter,5:38.0,Vonteego Cummings,GSW,True,2-pointer,21,16-14,'HOU',leads
356,356,356,200103100HOU,33.1,15.8,1st quarter,5:04.0,Chris Porter,GSW,True,2-pointer,14,18-14,'HOU',leads
357,357,357,200103100HOU,24.0,5.0,1st quarter,4:32.0,Adonal Foyle,GSW,True,2-pointer,0,20-14,'HOU',leads
358,358,358,200103100HOU,43.1,5.9,1st quarter,3:08.0,Chris Porter,GSW,False,2-pointer,19,22-16,'HOU',leads
359,359,359,200103100HOU,9.3,21.9,1st quarter,2:40.0,Vonteego Cummings,GSW,True,2-pointer,22,26-18,'HOU',leads
360,360,360,200103100HOU,27.7,9.7,1st quarter,2:05.0,Erick Dampier,GSW,True,2-pointer,6,28-19,'HOU',leads
361,361,361,200103100HOU,24.0,5.0,1st quarter,1:33.0,Erick Dampier,GSW,True,2-pointer,0,30-21,'HOU',leads
362,362,362,200103100HOU,5.7,18.5,1st quarter,1:09.0,Vonteego Cummings,GSW,False,2-pointer,23,30-21,'HOU',leads
363,363,363,200103100HOU,9.3,7.6,1st quarter,0:39.7,Antawn Jamison,GSW,False,2-pointer,15,30-23,'HOU',leads
364,364,364,200103100HOU,31.0,21.9,1st quarter,0:10.9,Antawn Jamison,GSW,False,2-pointer,18,30-25,'HOU',leads
365,365,365,200103100HOU,0.9,5.9,2nd quarter,11:24.0,Vonteego Cummings,GSW,False,3-pointer,23,30-25,'HOU',leads
366,366,366,200103100HOU,24.0,5.0,2nd quarter,10:31.0,Antawn Jamison,GSW,True,2-pointer,0,32-29,'HOU',leads
367,367,367,200103100HOU,30.4,6.5,2nd quarter,8:57.0,Bob Sura,GSW,False,2-pointer,7,32-34,'HOU',trails
368,368,368,200103100HOU,41.8,5.4,2nd quarter,8:22.0,Antawn Jamison,GSW,False,2-pointer,18,32-36,'HOU',trails
369,369,369,200103100HOU,25.6,17.5,2nd quarter,8:02.0,Bob Sura,GSW,False,2-pointer,13,32-36,'HOU',trails
370,370,370,200103100HOU,24.0,5.0,2nd quarter,7:53.0,Chris Porter,GSW,False,2-pointer,0,32-36,'HOU',trails
371,371,371,200103100HOU,17.7,6.5,2nd quarter,7:19.0,Antawn Jamison,GSW,False,2-pointer,6,32-38,'HOU',trails
372,372,372,200103100HOU,26.2,10.3,2nd quarter,6:43.0,Corie Blount,GSW,False,2-pointer,6,32-40,'HOU',trails
373,373,373,200103100HOU,19.8,7.6,2nd quarter,6:40.0,Adonal Foyle,GSW,False,2-pointer,5,32-40,'HOU',trails
374,374,374,200103100HOU,34.0,16.4,2nd quarter,5:20.0,Chris Porter,GSW,True,2-pointer,15,36-42,'HOU',trails
375,375,375,200103100HOU,7.2,13.0,2nd quarter,4:08.0,Corie Blount,GSW,False,2-pointer,19,36-42,'HOU',trails
376,376,376,200103100HOU,24.0,5.0,2nd quarter,3:50.0,Antawn Jamison,GSW,True,2-pointer,0,38-42,'HOU',trails
377,377,377,200103100HOU,15.0,5.4,2nd quarter,3:00.0,Antawn Jamison,GSW,False,2-pointer,9,38-42,'HOU',trails
378,378,378,200103100HOU,33.1,14.7,2nd quarter,2:05.0,Antawn Jamison,GSW,True,2-pointer,13,40-44,'HOU',trails
379,379,379,200103100HOU,33.1,17.9,2nd quarter,1:32.0,Chris Porter,GSW,True,2-pointer,16,42-44,'HOU',trails
380,380,380,200103100HOU,14.4,5.9,2nd quarter,0:58.0,Erick Dampier,GSW,False,2-pointer,10,42-44,'HOU',trails
381,381,381,200103100HOU,24.0,5.0,2nd quarter,0:40.8,Corie Blount,GSW,False,2-pointer,0,42-44,'HOU',trails
382,382,382,200103100HOU,16.5,6.9,2nd quarter,0:11.8,Erick Dampier,GSW,False,2-pointer,8,42-44,'HOU',trails
383,383,383,200103100HOU,24.0,5.0,2nd quarter,0:10.4,Corie Blount,GSW,True,2-pointer,0,44-44,'HOU',tied
384,384,384,200103100HOU,24.0,5.0,2nd quarter,0:00.0,Antawn Jamison,GSW,True,2-pointer,0,46-44,'HOU',leads
385,385,385,200103100HOU,5.7,5.4,3rd quarter,11:28.0,Chris Porter,GSW,False,2-pointer,18,46-44,'HOU',leads
386,386,386,200103100HOU,19.2,22.3,3rd quarter,11:07.0,Vonteego Cummings,GSW,False,2-pointer,18,46-44,'HOU',leads
387,387,387,200103100HOU,24.0,5.0,3rd quarter,11:06.0,Antawn Jamison,GSW,True,2-pointer,0,48-44,'HOU',leads
388,388,388,200103100HOU,16.5,5.9,3rd quarter,10:33.0,Adonal Foyle,GSW,False,2-pointer,8,48-44,'HOU',leads
389,389,389,200103100HOU,38.2,7.6,3rd quarter,9:36.0,Antawn Jamison,GSW,False,2-pointer,14,48-46,'HOU',leads
390,390,390,200103100HOU,26.2,10.3,3rd quarter,9:32.0,Adonal Foyle,GSW,True,2-pointer,6,50-46,'HOU',leads
391,391,391,200103100HOU,17.7,6.5,3rd quarter,8:17.0,Antawn Jamison,GSW,True,2-pointer,6,53-51,'HOU',leads
392,392,392,200103100HOU,24.0,5.0,3rd quarter,7:05.0,Bob Sura,GSW,False,2-pointer,0,55-51,'HOU',leads
393,393,393,200103100HOU,24.0,5.0,3rd quarter,7:02.0,Bob Sura,GSW,True,2-pointer,0,57-51,'HOU',leads
394,394,394,200103100HOU,12.3,27.4,3rd quarter,6:37.0,Bob Sura,GSW,False,3-pointer,25,57-51,'HOU',leads
395,395,395,200103100HOU,14.4,17.9,3rd quarter,6:27.0,Chris Porter,GSW,False,2-pointer,16,57-51,'HOU',leads
396,396,396,200103100HOU,30.4,14.1,3rd quarter,5:12.0,Vonteego Cummings,GSW,True,2-pointer,11,59-55,'HOU',leads
397,397,397,200103100HOU,42.4,21.9,3rd quarter,4:33.0,Vonteego Cummings,GSW,False,3-pointer,25,59-56,'HOU',leads
398,398,398,200103100HOU,24.7,23.6,3rd quarter,4:06.0,Corie Blount,GSW,False,2-pointer,19,59-56,'HOU',leads
399,399,399,200103100HOU,14.4,5.4,3rd quarter,3:16.0,Erick Dampier,GSW,False,2-pointer,10,59-59,'HOU',tied
400,400,400,200103100HOU,39.0,14.7,3rd quarter,2:36.0,Chris Porter,GSW,False,2-pointer,18,59-61,'HOU',trails
401,401,401,200103100HOU,24.0,5.0,3rd quarter,2:23.0,Erick Dampier,GSW,True,2-pointer,0,61-61,'HOU',tied
402,402,402,200103100HOU,24.0,5.0,3rd quarter,1:58.0,Erick Dampier,GSW,False,2-pointer,0,61-61,'HOU',tied
403,403,403,200103100HOU,8.7,25.7,3rd quarter,1:18.0,Bob Sura,GSW,False,3-pointer,26,61-64,'HOU',trails
404,404,404,200103100HOU,43.9,5.9,3rd quarter,0:53.6,Chris Porter,GSW,False,2-pointer,20,61-64,'HOU',trails
405,405,405,200103100HOU,24.0,5.0,4th quarter,11:15.0,Erick Dampier,GSW,False,2-pointer,0,63-68,'HOU',trails
406,406,406,200103100HOU,7.8,6.5,4th quarter,10:36.0,Antawn Jamison,GSW,False,2-pointer,16,63-70,'HOU',trails
407,407,407,200103100HOU,31.0,25.7,4th quarter,10:00.0,Vonteego Cummings,GSW,False,2-pointer,22,63-70,'HOU',trails
408,408,408,200103100HOU,24.0,5.0,4th quarter,9:44.0,Corie Blount,GSW,True,2-pointer,0,65-70,'HOU',trails
409,409,409,200103100HOU,31.0,8.6,4th quarter,9:12.0,Adonal Foyle,GSW,False,2-pointer,8,65-72,'HOU',trails
410,410,410,200103100HOU,31.0,9.7,4th quarter,8:51.0,Antawn Jamison,GSW,True,2-pointer,8,67-72,'HOU',trails
411,411,411,200103100HOU,24.0,5.0,4th quarter,7:59.0,Antawn Jamison,GSW,True,2-pointer,0,69-72,'HOU',trails
412,412,412,200103100HOU,40.3,23.6,4th quarter,7:10.0,Antawn Jamison,GSW,False,3-pointer,25,69-75,'HOU',trails
413,413,413,200103100HOU,18.6,7.6,4th quarter,6:35.0,Corie Blount,GSW,False,2-pointer,6,69-75,'HOU',trails
414,414,414,200103100HOU,29.8,22.3,4th quarter,4:59.0,Antawn Jamison,GSW,True,2-pointer,18,71-77,'HOU',trails
415,415,415,200103100HOU,24.1,12.0,4th quarter,4:19.0,Vonteego Cummings,GSW,False,2-pointer,7,71-79,'HOU',trails
416,416,416,200103100HOU,36.1,23.6,4th quarter,2:52.0,Antawn Jamison,GSW,True,2-pointer,22,75-79,'HOU',trails
417,417,417,200103100HOU,33.1,10.3,4th quarter,2:13.0,Chris Porter,GSW,False,2-pointer,11,75-80,'HOU',trails
418,418,418,200103100HOU,15.6,5.9,4th quarter,1:42.0,Antawn Jamison,GSW,True,2-pointer,8,77-82,'HOU',trails
419,419,419,200103100HOU,16.5,7.6,4th quarter,0:48.1,Antawn Jamison,GSW,True,2-pointer,8,79-82,'HOU',trails
420,420,420,200103100HOU,10.8,27.4,4th quarter,0:05.9,Vonteego Cummings,GSW,False,3-pointer,26,81-84,'HOU',trails
421,421,421,200103100HOU,14.4,19.8,4th quarter,0:00.0,Vonteego Cummings,GSW,False,2-pointer,18,81-86,'HOU',trails
422,422,422,200103100HOU,24.0,5.0,1st quarter,11:37.0,Cuttino Mobley,HOU,False,2-pointer,0,0-0,'HOU',tied
423,423,423,200103100HOU,13.5,10.3,1st quarter,11:10.0,Maurice Taylor,HOU,False,2-pointer,12,0-3,'HOU',trails
424,424,424,200103100HOU,24.0,5.0,1st quarter,10:29.0,Kelvin Cato,HOU,False,2-pointer,0,0-5,'HOU',trails
425,425,425,200103100HOU,15.0,20.8,1st quarter,10:03.0,Steve Francis,HOU,True,2-pointer,18,2-5,'HOU',trails
426,426,426,200103100HOU,12.9,8.0,1st quarter,9:41.0,Shandon Anderson,HOU,True,2-pointer,12,4-5,'HOU',trails
427,427,427,200103100HOU,24.0,5.0,1st quarter,9:22.0,Steve Francis,HOU,True,2-pointer,0,6-5,'HOU',leads
428,428,428,200103100HOU,24.0,5.0,1st quarter,8:41.0,Kelvin Cato,HOU,True,2-pointer,0,8-8,'HOU',tied
429,429,429,200103100HOU,24.0,5.0,1st quarter,8:16.0,Shandon Anderson,HOU,True,2-pointer,0,10-8,'HOU',leads
430,430,430,200103100HOU,46.8,6.9,1st quarter,7:48.0,Cuttino Mobley,HOU,False,3-pointer,23,10-10,'HOU',tied
431,431,431,200103100HOU,24.0,5.0,1st quarter,7:06.0,Maurice Taylor,HOU,True,2-pointer,0,12-12,'HOU',tied
432,432,432,200103100HOU,12.3,15.8,1st quarter,6:41.0,Maurice Taylor,HOU,True,2-pointer,16,14-12,'HOU',leads
433,433,433,200103100HOU,24.0,5.0,1st quarter,6:00.0,Kenny Thomas,HOU,False,2-pointer,0,14-14,'HOU',tied
434,434,434,200103100HOU,10.2,26.3,1st quarter,4:46.0,Shandon Anderson,HOU,False,3-pointer,25,14-18,'HOU',trails
435,435,435,200103100HOU,40.3,19.8,1st quarter,4:11.0,Cuttino Mobley,HOU,False,2-pointer,22,14-20,'HOU',trails
436,436,436,200103100HOU,24.0,5.0,1st quarter,3:31.0,Steve Francis,HOU,False,2-pointer,0,14-22,'HOU',trails
437,437,437,200103100HOU,24.0,5.0,1st quarter,3:30.0,Steve Francis,HOU,True,2-pointer,0,16-22,'HOU',trails
438,438,438,200103100HOU,24.0,5.0,1st quarter,2:23.0,Kenny Thomas,HOU,False,2-pointer,0,18-26,'HOU',trails
439,439,439,200103100HOU,20.7,9.7,1st quarter,1:47.0,Carlos Rogers,HOU,True,2-pointer,6,21-28,'HOU',trails
440,440,440,200103100HOU,11.6,27.4,1st quarter,1:18.0,Walt Williams,HOU,False,3-pointer,26,21-30,'HOU',trails
441,441,441,200103100HOU,24.0,5.0,1st quarter,0:56.8,Carlos Rogers,HOU,True,2-pointer,0,23-30,'HOU',trails
442,442,442,200103100HOU,13.5,20.2,1st quarter,0:29.9,Steve Francis,HOU,True,2-pointer,18,25-30,'HOU',trails
443,443,443,200103100HOU,11.6,22.9,1st quarter,0:00.0,Steve Francis,HOU,False,2-pointer,22,25-30,'HOU',trails
444,444,444,200103100HOU,30.4,22.3,2nd quarter,10:44.0,Kenny Thomas,HOU,True,2-pointer,18,29-30,'HOU',trails
445,445,445,200103100HOU,38.2,5.4,2nd quarter,10:00.0,Cuttino Mobley,HOU,False,2-pointer,14,29-32,'HOU',trails
446,446,446,200103100HOU,24.0,5.0,2nd quarter,9:38.0,Walt Williams,HOU,True,2-pointer,0,32-32,'HOU',tied
447,447,447,200103100HOU,24.0,5.0,2nd quarter,9:14.0,Moochie Norris,HOU,True,2-pointer,0,34-32,'HOU',leads
448,448,448,200103100HOU,24.0,5.0,2nd quarter,8:39.0,Walt Williams,HOU,False,2-pointer,0,34-32,'HOU',leads
449,449,449,200103100HOU,24.0,5.0,2nd quarter,8:38.0,Carlos Rogers,HOU,True,2-pointer,0,36-32,'HOU',leads
450,450,450,200103100HOU,24.0,5.0,2nd quarter,7:35.0,Carlos Rogers,HOU,True,2-pointer,0,38-32,'HOU',leads
451,451,451,200103100HOU,24.0,5.0,2nd quarter,7:04.0,Carlos Rogers,HOU,True,2-pointer,0,40-32,'HOU',leads
452,452,452,200103100HOU,13.5,17.9,2nd quarter,6:27.0,Moochie Norris,HOU,False,2-pointer,17,40-32,'HOU',leads
453,453,453,200103100HOU,8.7,25.7,2nd quarter,5:54.0,Steve Francis,HOU,False,3-pointer,26,40-34,'HOU',leads
454,454,454,200103100HOU,24.0,5.0,2nd quarter,5:45.0,Kenny Thomas,HOU,True,2-pointer,0,42-34,'HOU',leads
455,455,455,200103100HOU,32.5,17.5,2nd quarter,4:54.0,Steve Francis,HOU,False,2-pointer,15,42-36,'HOU',leads
456,456,456,200103100HOU,18.6,14.7,2nd quarter,4:20.0,Maurice Taylor,HOU,False,2-pointer,11,42-36,'HOU',leads
457,457,457,200103100HOU,47.5,12.6,2nd quarter,3:56.0,Walt Williams,HOU,False,3-pointer,25,42-36,'HOU',leads
458,458,458,200103100HOU,46.8,10.7,2nd quarter,3:31.0,Walt Williams,HOU,False,3-pointer,24,42-38,'HOU',leads
459,459,459,200103100HOU,39.0,24.6,2nd quarter,3:26.0,Walt Williams,HOU,False,3-pointer,25,42-38,'HOU',leads
460,460,460,200103100HOU,34.0,19.8,2nd quarter,3:08.0,Maurice Taylor,HOU,False,2-pointer,18,42-38,'HOU',leads
461,461,461,200103100HOU,24.0,5.0,2nd quarter,2:50.0,Steve Francis,HOU,True,2-pointer,0,44-38,'HOU',leads
462,462,462,200103100HOU,31.0,13.0,2nd quarter,1:49.0,Walt Williams,HOU,False,2-pointer,11,44-40,'HOU',leads
463,463,463,200103100HOU,37.6,5.9,2nd quarter,1:15.0,Maurice Taylor,HOU,False,2-pointer,14,44-42,'HOU',leads
464,464,464,200103100HOU,24.0,5.0,2nd quarter,1:13.0,Carlos Rogers,HOU,False,2-pointer,0,44-42,'HOU',leads
465,465,465,200103100HOU,21.3,30.1,2nd quarter,0:51.6,Walt Williams,HOU,False,3-pointer,25,44-42,'HOU',leads
466,466,466,200103100HOU,15.0,28.4,2nd quarter,0:30.3,Steve Francis,HOU,False,3-pointer,25,44-42,'HOU',leads
467,467,467,200103100HOU,28.3,23.6,3rd quarter,10:23.0,Maurice Taylor,HOU,False,2-pointer,19,44-48,'HOU',trails
468,468,468,200103100HOU,24.0,5.0,3rd quarter,9:56.0,Steve Francis,HOU,True,2-pointer,0,46-48,'HOU',trails
469,469,469,200103100HOU,37.6,25.7,3rd quarter,9:11.0,Steve Francis,HOU,True,3-pointer,25,49-50,'HOU',trails
470,470,470,200103100HOU,24.0,5.0,3rd quarter,8:39.0,Shandon Anderson,HOU,True,2-pointer,0,51-51,'HOU',tied
471,471,471,200103100HOU,19.8,10.3,3rd quarter,7:55.0,Shandon Anderson,HOU,False,2-pointer,7,51-53,'HOU',trails
472,472,472,200103100HOU,19.8,8.6,3rd quarter,7:52.0,Shandon Anderson,HOU,False,2-pointer,6,51-53,'HOU',trails
473,473,473,200103100HOU,40.9,9.7,3rd quarter,7:23.0,Maurice Taylor,HOU,False,2-pointer,18,51-55,'HOU',trails
474,474,474,200103100HOU,40.9,10.3,3rd quarter,6:43.0,Maurice Taylor,HOU,False,2-pointer,18,51-57,'HOU',trails
475,475,475,200103100HOU,24.0,5.0,3rd quarter,5:38.0,Cuttino Mobley,HOU,True,2-pointer,0,55-57,'HOU',trails
476,476,476,200103100HOU,8.7,25.0,3rd quarter,3:43.0,Steve Francis,HOU,True,3-pointer,25,59-59,'HOU',tied
477,477,477,200103100HOU,4.5,5.9,3rd quarter,3:00.0,Kenny Thomas,HOU,True,2-pointer,20,61-59,'HOU',leads
478,478,478,200103100HOU,24.0,5.0,3rd quarter,2:07.0,Kenny Thomas,HOU,False,2-pointer,0,61-61,'HOU',tied
479,479,479,200103100HOU,1.5,5.9,3rd quarter,1:38.0,Cuttino Mobley,HOU,True,3-pointer,23,64-61,'HOU',leads
480,480,480,200103100HOU,24.0,5.0,3rd quarter,1:09.0,Shandon Anderson,HOU,False,2-pointer,0,64-61,'HOU',leads
481,481,481,200103100HOU,24.0,5.0,3rd quarter,0:47.2,Steve Francis,HOU,True,2-pointer,0,66-61,'HOU',leads
482,482,482,200103100HOU,11.6,27.4,3rd quarter,0:08.0,Shandon Anderson,HOU,False,3-pointer,26,66-61,'HOU',leads
483,483,483,200103100HOU,17.1,16.8,4th quarter,11:26.0,Cuttino Mobley,HOU,True,2-pointer,14,68-63,'HOU',leads
484,484,484,200103100HOU,24.0,5.0,4th quarter,10:53.0,Shandon Anderson,HOU,True,2-pointer,0,70-63,'HOU',leads
485,485,485,200103100HOU,6.4,5.4,4th quarter,10:09.0,Shandon Anderson,HOU,False,2-pointer,18,70-63,'HOU',leads
486,486,486,200103100HOU,4.5,5.9,4th quarter,9:31.0,Moochie Norris,HOU,True,2-pointer,20,72-65,'HOU',leads
487,487,487,200103100HOU,5.7,21.9,4th quarter,8:24.0,Kenny Thomas,HOU,False,3-pointer,25,72-67,'HOU',leads
488,488,488,200103100HOU,18.6,7.6,4th quarter,8:05.0,Moochie Norris,HOU,False,2-pointer,6,72-67,'HOU',leads
489,489,489,200103100HOU,1.5,10.3,4th quarter,7:32.0,Moochie Norris,HOU,True,3-pointer,23,75-69,'HOU',leads
490,490,490,200103100HOU,0.9,5.9,4th quarter,6:07.0,Steve Francis,HOU,False,3-pointer,23,75-69,'HOU',leads
491,491,491,200103100HOU,21.3,10.3,4th quarter,6:03.0,Steve Francis,HOU,False,2-pointer,6,75-69,'HOU',leads
492,492,492,200103100HOU,17.1,8.6,4th quarter,5:59.0,Kenny Thomas,HOU,False,2-pointer,8,75-69,'HOU',leads
493,493,493,200103100HOU,18.6,7.6,4th quarter,5:35.0,Kenny Thomas,HOU,False,2-pointer,6,75-69,'HOU',leads
494,494,494,200103100HOU,42.4,6.9,4th quarter,5:30.0,Moochie Norris,HOU,True,2-pointer,19,77-69,'HOU',leads
495,495,495,200103100HOU,19.2,12.6,4th quarter,4:40.0,Moochie Norris,HOU,True,2-pointer,9,79-71,'HOU',leads
496,496,496,200103100HOU,23.6,22.3,4th quarter,3:52.0,Kenny Thomas,HOU,False,2-pointer,17,79-73,'HOU',leads
497,497,497,200103100HOU,7.2,22.9,4th quarter,1:20.0,Cuttino Mobley,HOU,False,3-pointer,25,82-77,'HOU',leads
498,498,498,200103100HOU,46.8,6.9,4th quarter,1:03.0,Moochie Norris,HOU,False,3-pointer,23,82-77,'HOU',leads
499,499,499,200103100HOU,7.8,25.0,4th quarter,0:30.6,Steve Francis,HOU,False,3-pointer,26,82-79,'HOU',leads
500,500,500,200103100ORL,17.5,11.1,1st quarter,11:40.0,Kevin Garnett,MIN,True,2-pointer,9,2-0,'ORL',leads
501,501,501,200103100ORL,3.8,14.9,1st quarter,10:36.0,Wally Szczerbiak,MIN,False,2-pointer,23,4-4,'ORL',tied
502,502,502,200103100ORL,17.5,15.6,1st quarter,10:05.0,Terrell Brandon,MIN,True,2-pointer,12,6-4,'ORL',leads
503,503,503,200103100ORL,32.3,21.5,1st quarter,8:55.0,Terrell Brandon,MIN,True,2-pointer,18,10-9,'ORL',leads
504,504,504,200103100ORL,24.0,5.0,1st quarter,8:21.0,Kevin Garnett,MIN,True,2-pointer,0,12-11,'ORL',leads
505,505,505,200103100ORL,23.9,24.8,1st quarter,7:52.0,Wally Szczerbiak,MIN,False,2-pointer,20,12-13,'ORL',trails
506,506,506,200103100ORL,32.9,2.9,1st quarter,7:21.0,Terrell Brandon,MIN,False,2-pointer,9,12-15,'ORL',trails
507,507,507,200103100ORL,24.0,5.0,1st quarter,7:19.0,Wally Szczerbiak,MIN,False,2-pointer,0,12-15,'ORL',trails
508,508,508,200103100ORL,28.7,24.8,1st quarter,6:51.0,Anthony Peeler,MIN,False,2-pointer,20,12-17,'ORL',trails
509,509,509,200103100ORL,24.0,5.0,1st quarter,6:31.0,Reggie Slater,MIN,False,2-pointer,0,12-17,'ORL',trails
510,510,510,200103100ORL,16.9,8.8,1st quarter,6:03.0,Wally Szczerbiak,MIN,False,2-pointer,8,12-18,'ORL',trails
511,511,511,200103100ORL,32.3,3.5,1st quarter,5:50.0,Anthony Peeler,MIN,True,2-pointer,8,14-18,'ORL',trails
512,512,512,200103100ORL,23.9,9.9,1st quarter,5:09.0,Rasho Nesterović,MIN,False,2-pointer,5,14-18,'ORL',trails
513,513,513,200103100ORL,28.7,14.9,1st quarter,4:48.0,Terrell Brandon,MIN,False,2-pointer,11,14-18,'ORL',trails
514,514,514,200103100ORL,24.0,5.0,1st quarter,4:45.0,Kevin Garnett,MIN,False,2-pointer,0,14-18,'ORL',trails
515,515,515,200103100ORL,24.0,5.0,1st quarter,4:44.0,Rasho Nesterović,MIN,True,2-pointer,0,16-18,'ORL',trails
516,516,516,200103100ORL,24.0,5.0,1st quarter,4:41.0,Felipe López,MIN,False,2-pointer,0,16-18,'ORL',trails
517,517,517,200103100ORL,24.0,5.0,1st quarter,4:39.0,Felipe López,MIN,False,2-pointer,0,16-18,'ORL',trails
518,518,518,200103100ORL,24.0,5.0,1st quarter,4:38.0,Rasho Nesterović,MIN,True,2-pointer,0,18-18,'ORL',tied
519,519,519,200103100ORL,24.0,5.0,1st quarter,4:11.0,Felipe López,MIN,False,2-pointer,0,18-18,'ORL',tied
520,520,520,200103100ORL,6.2,17.2,1st quarter,4:06.0,Terrell Brandon,MIN,True,2-pointer,22,20-18,'ORL',leads
521,521,521,200103100ORL,20.3,5.0,1st quarter,3:33.0,Rasho Nesterović,MIN,False,2-pointer,4,20-18,'ORL',leads
522,522,522,200103100ORL,24.0,5.0,1st quarter,3:31.0,Rasho Nesterović,MIN,False,2-pointer,0,20-18,'ORL',leads
523,523,523,200103100ORL,10.4,11.1,1st quarter,2:36.0,Terrell Brandon,MIN,True,2-pointer,15,22-20,'ORL',leads
524,524,524,200103100ORL,6.2,3.5,1st quarter,1:36.0,Kevin Garnett,MIN,True,2-pointer,18,25-22,'ORL',leads
525,525,525,200103100ORL,6.2,12.2,2nd quarter,10:22.0,Anthony Peeler,MIN,True,2-pointer,19,27-28,'ORL',trails
526,526,526,200103100ORL,7.4,11.6,2nd quarter,9:46.0,Terrell Brandon,MIN,False,2-pointer,18,27-28,'ORL',trails
527,527,527,200103100ORL,25.8,9.5,2nd quarter,9:25.0,LaPhonso Ellis,MIN,False,2-pointer,5,27-28,'ORL',trails
528,528,528,200103100ORL,24.0,5.0,2nd quarter,7:28.0,Kevin Garnett,MIN,True,2-pointer,0,29-35,'ORL',trails
529,529,529,200103100ORL,24.0,5.0,2nd quarter,6:52.0,Reggie Slater,MIN,True,2-pointer,0,31-37,'ORL',trails
530,530,530,200103100ORL,6.8,17.2,2nd quarter,6:24.0,Terrell Brandon,MIN,False,2-pointer,21,31-37,'ORL',trails
531,531,531,200103100ORL,7.4,13.2,2nd quarter,6:03.0,Kevin Garnett,MIN,False,2-pointer,19,31-37,'ORL',trails
532,532,532,200103100ORL,24.0,5.0,2nd quarter,5:19.0,Anthony Peeler,MIN,True,2-pointer,0,33-37,'ORL',trails
533,533,533,200103100ORL,24.3,12.8,2nd quarter,4:44.0,LaPhonso Ellis,MIN,False,2-pointer,8,33-39,'ORL',trails
534,534,534,200103100ORL,27.9,10.5,2nd quarter,4:20.0,Kevin Garnett,MIN,True,2-pointer,7,35-41,'ORL',trails
535,535,535,200103100ORL,24.0,5.0,2nd quarter,3:54.0,Wally Szczerbiak,MIN,True,2-pointer,0,37-41,'ORL',trails
536,536,536,200103100ORL,0.2,3.5,2nd quarter,3:20.0,Anthony Peeler,MIN,True,3-pointer,24,40-43,'ORL',trails
537,537,537,200103100ORL,35.0,5.0,2nd quarter,2:39.0,Terrell Brandon,MIN,True,2-pointer,11,42-45,'ORL',trails
538,538,538,200103100ORL,24.0,5.0,2nd quarter,1:05.0,Felipe López,MIN,False,2-pointer,0,45-48,'ORL',trails
539,539,539,200103100ORL,24.0,5.0,2nd quarter,0:46.8,Kevin Garnett,MIN,True,2-pointer,0,47-50,'ORL',trails
540,540,540,200103100ORL,15.4,2.9,2nd quarter,0:24.0,Terrell Brandon,MIN,False,2-pointer,9,47-51,'ORL',trails
541,541,541,200103100ORL,24.3,8.8,3rd quarter,11:30.0,Reggie Slater,MIN,True,2-pointer,4,49-51,'ORL',trails
542,542,542,200103100ORL,5.3,4.6,3rd quarter,11:03.0,Wally Szczerbiak,MIN,False,2-pointer,19,49-53,'ORL',trails
543,543,543,200103100ORL,24.0,5.0,3rd quarter,11:01.0,Kevin Garnett,MIN,False,2-pointer,0,49-53,'ORL',trails
544,544,544,200103100ORL,43.7,2.3,3rd quarter,10:44.0,Terrell Brandon,MIN,False,2-pointer,20,49-53,'ORL',trails
545,545,545,200103100ORL,13.9,9.5,3rd quarter,10:12.0,Kevin Garnett,MIN,True,2-pointer,11,51-55,'ORL',trails
546,546,546,200103100ORL,11.6,2.9,3rd quarter,8:54.0,Terrell Brandon,MIN,False,2-pointer,13,51-60,'ORL',trails
547,547,547,200103100ORL,23.9,20.0,3rd quarter,8:48.0,Wally Szczerbiak,MIN,True,2-pointer,15,53-60,'ORL',trails
548,548,548,200103100ORL,24.0,5.0,3rd quarter,8:23.0,Terrell Brandon,MIN,True,2-pointer,0,55-60,'ORL',trails
549,549,549,200103100ORL,16.9,2.9,3rd quarter,8:10.0,Anthony Peeler,MIN,False,2-pointer,7,55-62,'ORL',trails
550,550,550,200103100ORL,14.6,10.5,3rd quarter,7:40.0,Terrell Brandon,MIN,False,2-pointer,11,55-64,'ORL',trails
551,551,551,200103100ORL,46.6,2.3,3rd quarter,7:18.0,Chauncey Billups,MIN,True,3-pointer,23,58-66,'ORL',trails
552,552,552,200103100ORL,24.0,5.0,3rd quarter,6:54.0,Wally Szczerbiak,MIN,True,2-pointer,0,60-66,'ORL',trails
553,553,553,200103100ORL,19.0,7.8,3rd quarter,6:20.0,Anthony Peeler,MIN,True,2-pointer,6,62-68,'ORL',trails
554,554,554,200103100ORL,30.2,5.4,3rd quarter,5:47.0,Reggie Slater,MIN,False,2-pointer,6,63-68,'ORL',trails
555,555,555,200103100ORL,17.7,4.2,3rd quarter,5:37.0,Chauncey Billups,MIN,False,2-pointer,6,63-68,'ORL',trails
556,556,556,200103100ORL,24.0,5.0,3rd quarter,4:59.0,Kevin Garnett,MIN,True,2-pointer,0,65-69,'ORL',trails
557,557,557,200103100ORL,25.8,23.8,3rd quarter,4:21.0,Wally Szczerbiak,MIN,False,2-pointer,19,65-71,'ORL',trails
558,558,558,200103100ORL,24.0,5.0,3rd quarter,4:20.0,Kevin Garnett,MIN,False,2-pointer,0,65-71,'ORL',trails
559,559,559,200103100ORL,13.1,4.2,3rd quarter,3:51.0,Kevin Garnett,MIN,False,2-pointer,11,65-74,'ORL',trails
560,560,560,200103100ORL,24.0,5.0,3rd quarter,2:47.0,Felipe López,MIN,False,2-pointer,0,66-76,'ORL',trails
561,561,561,200103100ORL,43.1,21.0,3rd quarter,2:19.0,Chauncey Billups,MIN,False,3-pointer,25,66-79,'ORL',trails
562,562,562,200103100ORL,24.0,5.0,3rd quarter,2:15.0,Kevin Garnett,MIN,True,2-pointer,0,68-79,'ORL',trails
563,563,563,200103100ORL,23.9,12.8,3rd quarter,1:40.0,LaPhonso Ellis,MIN,True,2-pointer,8,70-81,'ORL',trails
564,564,564,200103100ORL,24.0,5.0,3rd quarter,0:27.7,Chauncey Billups,MIN,False,2-pointer,0,72-81,'ORL',trails
565,565,565,200103100ORL,43.1,35.6,3rd quarter,0:00.0,Felipe López,MIN,False,3-pointer,36,72-85,'ORL',trails
566,566,566,200103100ORL,19.0,4.6,4th quarter,11:18.0,LaPhonso Ellis,MIN,True,2-pointer,5,74-86,'ORL',trails
567,567,567,200103100ORL,19.6,23.4,4th quarter,10:47.0,LaPhonso Ellis,MIN,False,2-pointer,19,75-86,'ORL',trails
568,568,568,200103100ORL,24.0,5.0,4th quarter,10:21.0,Wally Szczerbiak,MIN,True,2-pointer,0,77-86,'ORL',trails
569,569,569,200103100ORL,24.0,5.0,4th quarter,9:43.0,Felipe López,MIN,True,2-pointer,0,79-86,'ORL',trails
570,570,570,200103100ORL,24.0,5.0,4th quarter,9:09.0,Felipe López,MIN,False,2-pointer,0,79-88,'ORL',trails
571,571,571,200103100ORL,17.5,11.1,4th quarter,8:38.0,Wally Szczerbiak,MIN,True,2-pointer,9,81-90,'ORL',trails
572,572,572,200103100ORL,23.2,9.9,4th quarter,7:29.0,LaPhonso Ellis,MIN,False,2-pointer,5,81-90,'ORL',trails
573,573,573,200103100ORL,43.7,1.8,4th quarter,6:53.0,Anthony Peeler,MIN,False,2-pointer,20,81-90,'ORL',trails
574,574,574,200103100ORL,42.2,2.9,4th quarter,6:49.0,Terrell Brandon,MIN,False,2-pointer,18,81-90,'ORL',trails
575,575,575,200103100ORL,23.9,8.4,4th quarter,6:12.0,LaPhonso Ellis,MIN,False,2-pointer,3,81-90,'ORL',trails
576,576,576,200103100ORL,36.5,20.0,4th quarter,5:47.0,Anthony Peeler,MIN,False,2-pointer,20,81-90,'ORL',trails
577,577,577,200103100ORL,24.3,12.2,4th quarter,5:20.0,Kevin Garnett,MIN,False,2-pointer,7,81-92,'ORL',trails
578,578,578,200103100ORL,42.2,4.2,4th quarter,4:46.0,Wally Szczerbiak,MIN,False,2-pointer,18,81-95,'ORL',trails
579,579,579,200103100ORL,20.3,7.8,4th quarter,3:56.0,Wally Szczerbiak,MIN,True,2-pointer,5,85-98,'ORL',trails
580,580,580,200103100ORL,16.9,3.5,4th quarter,3:31.0,Anthony Peeler,MIN,True,2-pointer,7,87-100,'ORL',trails
581,581,581,200103100ORL,24.0,5.0,4th quarter,2:30.0,LaPhonso Ellis,MIN,False,2-pointer,0,89-103,'ORL',trails
582,582,582,200103100ORL,3.8,3.5,4th quarter,1:50.0,Terrell Brandon,MIN,False,2-pointer,20,89-105,'ORL',trails
583,583,583,200103100ORL,24.0,5.0,4th quarter,1:21.0,Anthony Peeler,MIN,False,2-pointer,0,91-105,'ORL',trails
584,584,584,200103100ORL,43.1,20.4,4th quarter,0:32.9,Wally Szczerbiak,MIN,False,3-pointer,25,91-105,'ORL',trails
585,585,585,200103100ORL,24.0,5.0,4th quarter,0:15.2,Terrell Brandon,MIN,True,2-pointer,0,93-105,'ORL',trails
586,586,586,200103100ORL,6.8,3.5,1st quarter,11:20.0,Tracy McGrady,ORL,True,2-pointer,17,2-2,'ORL',tied
587,587,587,200103100ORL,3.2,18.3,1st quarter,11:04.0,Mike Miller,ORL,False,3-pointer,25,2-4,'ORL',trails
588,588,588,200103100ORL,24.0,5.0,1st quarter,10:25.0,Tracy McGrady,ORL,False,2-pointer,0,4-4,'ORL',tied
589,589,589,200103100ORL,21.1,6.5,1st quarter,10:23.0,Tracy McGrady,ORL,False,2-pointer,3,4-4,'ORL',tied
590,590,590,200103100ORL,13.9,27.8,1st quarter,9:43.0,Mike Miller,ORL,True,3-pointer,25,7-6,'ORL',leads
591,591,591,200103100ORL,24.0,5.0,1st quarter,8:35.0,Darrell Armstrong,ORL,False,2-pointer,0,9-10,'ORL',trails
592,592,592,200103100ORL,24.0,5.0,1st quarter,8:34.0,Tracy McGrady,ORL,False,2-pointer,0,9-10,'ORL',trails
593,593,593,200103100ORL,25.8,10.5,1st quarter,8:31.0,Darrell Armstrong,ORL,True,2-pointer,6,11-10,'ORL',leads
594,594,594,200103100ORL,10.4,18.3,1st quarter,8:08.0,Tracy McGrady,ORL,True,2-pointer,19,13-12,'ORL',leads
595,595,595,200103100ORL,24.0,5.0,1st quarter,7:42.0,Tracy McGrady,ORL,True,2-pointer,0,15-12,'ORL',leads
596,596,596,200103100ORL,24.0,5.0,1st quarter,7:15.0,Mike Miller,ORL,True,2-pointer,0,17-12,'ORL',leads
597,597,597,200103100ORL,39.3,18.3,1st quarter,6:43.0,Tracy McGrady,ORL,False,2-pointer,20,17-12,'ORL',leads
598,598,598,200103100ORL,24.0,5.0,1st quarter,5:58.0,Tracy McGrady,ORL,False,2-pointer,0,18-12,'ORL',leads
599,599,599,200103100ORL,28.7,5.4,1st quarter,5:34.0,John Amaechi,ORL,False,2-pointer,5,18-14,'ORL',leads
600,600,600,200103100ORL,6.8,9.5,1st quarter,4:58.0,Darrell Armstrong,ORL,False,2-pointer,18,18-14,'ORL',leads
601,601,601,200103100ORL,4.7,20.4,1st quarter,4:20.0,Darrell Armstrong,ORL,False,3-pointer,25,18-18,'ORL',tied
602,602,602,200103100ORL,24.0,5.0,1st quarter,3:47.0,Monty Williams,ORL,False,2-pointer,0,18-20,'ORL',trails
603,603,603,200103100ORL,24.0,5.0,1st quarter,3:10.0,Bo Outlaw,ORL,True,2-pointer,0,20-20,'ORL',tied
604,604,604,200103100ORL,10.4,25.5,1st quarter,2:22.0,Mike Miller,ORL,False,3-pointer,25,20-22,'ORL',trails
605,605,605,200103100ORL,19.0,7.8,1st quarter,2:00.0,Tracy McGrady,ORL,True,2-pointer,6,22-23,'ORL',trails
606,606,606,200103100ORL,10.4,18.3,1st quarter,0:39.5,Cory Alexander,ORL,False,2-pointer,19,23-25,'ORL',trails
607,607,607,200103100ORL,24.0,5.0,1st quarter,0:05.6,Tracy McGrady,ORL,False,2-pointer,0,23-25,'ORL',trails
608,608,608,200103100ORL,24.0,5.0,1st quarter,0:03.4,Bo Outlaw,ORL,False,2-pointer,0,23-25,'ORL',trails
609,609,609,200103100ORL,24.0,5.0,1st quarter,0:02.3,Bo Outlaw,ORL,False,2-pointer,0,23-25,'ORL',trails
610,610,610,200103100ORL,24.0,5.0,2nd quarter,11:21.0,Tracy McGrady,ORL,False,2-pointer,0,24-25,'ORL',trails
611,611,611,200103100ORL,29.6,5.0,2nd quarter,11:18.0,Monty Williams,ORL,True,2-pointer,6,26-25,'ORL',leads
612,612,612,200103100ORL,24.0,5.0,2nd quarter,11:05.0,Tracy McGrady,ORL,True,2-pointer,0,28-25,'ORL',leads
613,613,613,200103100ORL,16.9,20.0,2nd quarter,10:10.0,Cory Alexander,ORL,False,2-pointer,17,28-27,'ORL',leads
614,614,614,200103100ORL,41.6,15.6,2nd quarter,9:09.0,Tracy McGrady,ORL,False,2-pointer,21,28-27,'ORL',leads
615,615,615,200103100ORL,24.0,5.0,2nd quarter,8:55.0,Cory Alexander,ORL,False,2-pointer,0,28-27,'ORL',leads
616,616,616,200103100ORL,24.0,5.0,2nd quarter,8:53.0,Don Reid,ORL,True,2-pointer,0,30-27,'ORL',leads
617,617,617,200103100ORL,24.0,5.0,2nd quarter,8:28.0,Tracy McGrady,ORL,True,2-pointer,0,32-27,'ORL',leads
618,618,618,200103100ORL,16.9,4.2,2nd quarter,8:04.0,Tracy McGrady,ORL,False,2-pointer,7,32-27,'ORL',leads
619,619,619,200103100ORL,21.1,6.1,2nd quarter,8:02.0,Tracy McGrady,ORL,True,2-pointer,3,34-27,'ORL',leads
620,620,620,200103100ORL,29.6,16.6,2nd quarter,5:43.0,Tracy McGrady,ORL,False,2-pointer,13,37-31,'ORL',leads
621,621,621,200103100ORL,23.9,24.8,2nd quarter,5:27.0,Cory Alexander,ORL,False,2-pointer,20,37-31,'ORL',leads
622,622,622,200103100ORL,24.0,5.0,2nd quarter,4:33.0,Don Reid,ORL,True,2-pointer,0,41-33,'ORL',leads
623,623,623,200103100ORL,7.4,9.9,2nd quarter,4:09.0,Tracy McGrady,ORL,False,2-pointer,17,41-35,'ORL',leads
624,624,624,200103100ORL,8.9,10.5,2nd quarter,3:39.0,Darrell Armstrong,ORL,True,2-pointer,16,43-37,'ORL',leads
625,625,625,200103100ORL,37.2,12.8,2nd quarter,2:20.0,Tracy McGrady,ORL,False,2-pointer,15,45-42,'ORL',leads
626,626,626,200103100ORL,11.6,12.8,2nd quarter,1:55.0,Darrell Armstrong,ORL,True,2-pointer,15,47-44,'ORL',leads
627,627,627,200103100ORL,8.3,7.1,2nd quarter,0:58.8,Mike Miller,ORL,True,2-pointer,16,50-45,'ORL',leads
628,628,628,200103100ORL,24.3,11.1,2nd quarter,0:03.3,Bo Outlaw,ORL,False,2-pointer,6,51-47,'ORL',leads
629,629,629,200103100ORL,16.9,4.2,2nd quarter,0:01.1,Monty Williams,ORL,False,2-pointer,7,51-47,'ORL',leads
630,630,630,200103100ORL,23.2,24.8,3rd quarter,11:50.0,Mike Miller,ORL,False,2-pointer,20,51-47,'ORL',leads
631,631,631,200103100ORL,6.2,5.0,3rd quarter,11:18.0,Darrell Armstrong,ORL,True,2-pointer,18,53-49,'ORL',leads
632,632,632,200103100ORL,23.2,23.4,3rd quarter,10:56.0,Tracy McGrady,ORL,False,2-pointer,18,53-49,'ORL',leads
633,633,633,200103100ORL,19.0,12.8,3rd quarter,10:34.0,Tracy McGrady,ORL,True,2-pointer,9,55-49,'ORL',leads
634,634,634,200103100ORL,23.2,11.1,3rd quarter,9:52.0,Andrew DeClercq,ORL,True,2-pointer,6,57-51,'ORL',leads
635,635,635,200103100ORL,5.3,20.4,3rd quarter,9:19.0,Darrell Armstrong,ORL,True,3-pointer,24,60-51,'ORL',leads
636,636,636,200103100ORL,24.0,5.0,3rd quarter,8:17.0,Andrew DeClercq,ORL,True,2-pointer,0,62-55,'ORL',leads
637,637,637,200103100ORL,6.2,4.6,3rd quarter,7:58.0,Mike Miller,ORL,True,2-pointer,18,64-55,'ORL',leads
638,638,638,200103100ORL,24.0,5.0,3rd quarter,7:34.0,Mike Miller,ORL,True,2-pointer,0,66-55,'ORL',leads
639,639,639,200103100ORL,24.0,5.0,3rd quarter,6:59.0,Mike Miller,ORL,False,2-pointer,0,66-58,'ORL',leads
640,640,640,200103100ORL,23.9,11.1,3rd quarter,6:38.0,Tracy McGrady,ORL,True,2-pointer,6,68-60,'ORL',leads
641,641,641,200103100ORL,3.2,20.0,3rd quarter,5:30.0,Darrell Armstrong,ORL,False,3-pointer,26,68-63,'ORL',leads
642,642,642,200103100ORL,24.0,5.0,3rd quarter,5:29.0,Mike Miller,ORL,False,2-pointer,0,68-63,'ORL',leads
643,643,643,200103100ORL,1.7,14.9,3rd quarter,5:16.0,Mike Miller,ORL,False,3-pointer,24,69-63,'ORL',leads
644,644,644,200103100ORL,24.0,5.0,3rd quarter,4:36.0,Bo Outlaw,ORL,True,2-pointer,0,71-65,'ORL',leads
645,645,645,200103100ORL,24.0,5.0,3rd quarter,4:02.0,Tracy McGrady,ORL,True,2-pointer,0,73-65,'ORL',leads
646,646,646,200103100ORL,7.4,6.1,3rd quarter,3:43.0,Tracy McGrady,ORL,True,2-pointer,17,76-65,'ORL',leads
647,647,647,200103100ORL,38.6,11.1,3rd quarter,3:05.0,Pat Garrity,ORL,False,2-pointer,16,76-66,'ORL',leads
648,648,648,200103100ORL,3.2,17.2,3rd quarter,2:41.0,Mike Miller,ORL,True,3-pointer,24,79-66,'ORL',leads
649,649,649,200103100ORL,7.4,12.8,3rd quarter,1:24.0,Tracy McGrady,ORL,False,2-pointer,18,81-70,'ORL',leads
650,650,650,200103100ORL,24.0,5.0,3rd quarter,1:01.0,Mike Miller,ORL,False,2-pointer,0,81-70,'ORL',leads
651,651,651,200103100ORL,42.2,20.4,3rd quarter,0:22.5,Pat Garrity,ORL,False,3-pointer,24,81-72,'ORL',leads
652,652,652,200103100ORL,24.0,5.0,3rd quarter,0:19.5,Monty Williams,ORL,True,2-pointer,0,83-72,'ORL',leads
653,653,653,200103100ORL,24.0,5.0,3rd quarter,0:02.4,Monty Williams,ORL,True,2-pointer,0,85-72,'ORL',leads
654,654,654,200103100ORL,24.0,5.0,4th quarter,11:06.0,Don Reid,ORL,False,2-pointer,0,86-75,'ORL',leads
655,655,655,200103100ORL,40.1,22.7,4th quarter,10:27.0,Mike Miller,ORL,False,3-pointer,24,86-75,'ORL',leads
656,656,656,200103100ORL,22.4,29.9,4th quarter,9:57.0,Mike Miller,ORL,False,3-pointer,25,86-77,'ORL',leads
657,657,657,200103100ORL,24.0,5.0,4th quarter,9:27.0,Monty Williams,ORL,True,2-pointer,0,88-79,'ORL',leads
658,658,658,200103100ORL,24.0,5.0,4th quarter,9:00.0,Don Reid,ORL,True,2-pointer,0,90-79,'ORL',leads
659,659,659,200103100ORL,18.2,21.0,4th quarter,8:21.0,Cory Alexander,ORL,False,2-pointer,17,90-81,'ORL',leads
660,660,660,200103100ORL,24.3,12.8,4th quarter,7:51.0,Tracy McGrady,ORL,False,2-pointer,8,90-81,'ORL',leads
661,661,661,200103100ORL,32.3,7.1,4th quarter,6:23.0,Darrell Armstrong,ORL,False,2-pointer,9,90-81,'ORL',leads
662,662,662,200103100ORL,24.0,5.0,4th quarter,5:03.0,Monty Williams,ORL,True,2-pointer,0,94-81,'ORL',leads
663,663,663,200103100ORL,24.0,5.0,4th quarter,4:30.0,Monty Williams,ORL,False,2-pointer,0,95-81,'ORL',leads
664,664,664,200103100ORL,41.6,22.1,4th quarter,4:09.0,Pat Garrity,ORL,True,3-pointer,25,98-83,'ORL',leads
665,665,665,200103100ORL,25.1,7.8,4th quarter,3:45.0,Don Reid,ORL,True,2-pointer,3,100-85,'ORL',leads
666,666,666,200103100ORL,41.6,22.7,4th quarter,3:03.0,Tracy McGrady,ORL,True,3-pointer,25,103-87,'ORL',leads
667,667,667,200103100ORL,6.2,7.8,4th quarter,2:40.0,Tracy McGrady,ORL,False,2-pointer,18,103-89,'ORL',leads
668,668,668,200103100ORL,24.0,5.0,4th quarter,2:11.0,Don Reid,ORL,True,2-pointer,0,105-89,'ORL',leads
669,669,669,200103100ORL,25.1,8.8,4th quarter,1:26.0,Darrell Armstrong,ORL,False,2-pointer,4,105-91,'ORL',leads
670,670,670,200103100ORL,30.8,2.9,4th quarter,0:54.0,Monty Williams,ORL,False,2-pointer,7,105-91,'ORL',leads
671,671,671,200103100WAS,27.2,7.6,1st quarter,11:16.0,Keith Van,NJN,False,2-pointer,4,0-0,'NJN',tied
672,672,672,200103100WAS,40.7,24.0,1st quarter,11:11.0,Stephon Marbury,NJN,True,3-pointer,25,3-0,'NJN',leads
673,673,673,200103100WAS,23.9,4.4,1st quarter,10:41.0,Kenyon Martin,NJN,True,2-pointer,1,5-0,'NJN',leads
674,674,674,200103100WAS,41.6,19.8,1st quarter,9:57.0,Kenyon Martin,NJN,True,2-pointer,23,7-1,'NJN',leads
675,675,675,200103100WAS,23.2,5.9,1st quarter,9:22.0,Johnny Newman,NJN,True,2-pointer,1,9-1,'NJN',leads
676,676,676,200103100WAS,36.5,18.5,1st quarter,8:57.0,Stephon Marbury,NJN,True,2-pointer,18,11-1,'NJN',leads
677,677,677,200103100WAS,15.4,4.4,1st quarter,8:15.0,Kenyon Martin,NJN,True,2-pointer,9,13-1,'NJN',leads
678,678,678,200103100WAS,41.6,4.4,1st quarter,7:47.0,Kenyon Martin,NJN,True,2-pointer,18,15-3,'NJN',leads
679,679,679,200103100WAS,25.8,5.0,1st quarter,7:26.0,Keith Van,NJN,True,2-pointer,2,17-5,'NJN',leads
680,680,680,200103100WAS,19.6,5.9,1st quarter,7:01.0,Johnny Newman,NJN,False,2-pointer,4,17-7,'NJN',leads
681,681,681,200103100WAS,25.8,5.0,1st quarter,6:57.0,Johnny Newman,NJN,False,2-pointer,2,17-7,'NJN',leads
682,682,682,200103100WAS,33.8,7.6,1st quarter,6:24.0,Kenyon Martin,NJN,False,2-pointer,10,18-7,'NJN',leads
683,683,683,200103100WAS,23.9,5.9,1st quarter,5:54.0,Stephon Marbury,NJN,True,2-pointer,1,20-9,'NJN',leads
684,684,684,200103100WAS,24.3,5.9,1st quarter,5:27.0,Johnny Newman,NJN,True,2-pointer,1,22-9,'NJN',leads
685,685,685,200103100WAS,13.9,5.4,1st quarter,4:42.0,Keith Van,NJN,True,2-pointer,10,24-11,'NJN',leads
686,686,686,200103100WAS,6.2,24.6,1st quarter,4:04.0,Stephon Marbury,NJN,False,3-pointer,26,24-11,'NJN',leads
687,687,687,200103100WAS,40.1,13.0,1st quarter,3:06.0,Johnny Newman,NJN,True,2-pointer,18,28-15,'NJN',leads
688,688,688,200103100WAS,32.9,15.1,1st quarter,2:23.0,Stephen Jackson,NJN,False,2-pointer,13,28-17,'NJN',leads
689,689,689,200103100WAS,31.7,7.6,1st quarter,1:55.0,Aaron Williams,NJN,False,2-pointer,8,28-19,'NJN',leads
690,690,690,200103100WAS,24.3,6.5,1st quarter,1:52.0,Kenyon Martin,NJN,True,2-pointer,2,30-19,'NJN',leads
691,691,691,200103100WAS,15.4,12.0,1st quarter,0:50.9,Aaron Williams,NJN,True,2-pointer,11,32-20,'NJN',leads
692,692,692,200103100WAS,21.1,37.3,1st quarter,0:00.3,Stephen Jackson,NJN,False,3-pointer,32,33-22,'NJN',leads
693,693,693,200103100WAS,35.0,29.1,2nd quarter,11:41.0,Sherman Douglas,NJN,False,3-pointer,26,33-22,'NJN',leads
694,694,694,200103100WAS,35.0,5.0,2nd quarter,10:58.0,Aaron Williams,NJN,False,2-pointer,11,33-24,'NJN',leads
695,695,695,200103100WAS,23.9,4.4,2nd quarter,10:37.0,Keith Van,NJN,False,2-pointer,1,33-25,'NJN',leads
696,696,696,200103100WAS,25.1,4.4,2nd quarter,10:35.0,Aaron Williams,NJN,False,2-pointer,1,33-25,'NJN',leads
697,697,697,200103100WAS,24.3,6.9,2nd quarter,10:28.0,Aaron Williams,NJN,True,2-pointer,2,35-25,'NJN',leads
698,698,698,200103100WAS,30.8,30.7,2nd quarter,10:00.0,Keith Van,NJN,True,3-pointer,27,38-25,'NJN',leads
699,699,699,200103100WAS,23.9,6.9,2nd quarter,9:28.0,Aaron Williams,NJN,True,2-pointer,2,40-27,'NJN',leads
700,700,700,200103100WAS,40.7,18.5,2nd quarter,8:57.0,Stephon Marbury,NJN,False,2-pointer,21,41-29,'NJN',leads
701,701,701,200103100WAS,25.8,5.9,2nd quarter,8:35.0,Sherman Douglas,NJN,True,2-pointer,2,43-32,'NJN',leads
702,702,702,200103100WAS,8.3,24.6,2nd quarter,7:12.0,Stephon Marbury,NJN,False,3-pointer,25,45-36,'NJN',leads
703,703,703,200103100WAS,25.1,5.4,2nd quarter,7:08.0,Evan Eschmeyer,NJN,False,2-pointer,1,45-36,'NJN',leads
704,704,704,200103100WAS,25.1,6.5,2nd quarter,6:43.0,Stephen Jackson,NJN,True,2-pointer,2,47-38,'NJN',leads
705,705,705,200103100WAS,23.9,5.9,2nd quarter,5:28.0,Evan Eschmeyer,NJN,True,2-pointer,1,49-45,'NJN',leads
706,706,706,200103100WAS,7.4,28.0,2nd quarter,4:20.0,Johnny Newman,NJN,False,3-pointer,28,49-47,'NJN',leads
707,707,707,200103100WAS,27.2,30.7,2nd quarter,3:55.0,Keith Van,NJN,True,3-pointer,26,52-47,'NJN',leads
708,708,708,200103100WAS,43.1,2.3,2nd quarter,2:54.0,Kenyon Martin,NJN,False,2-pointer,19,54-49,'NJN',leads
709,709,709,200103100WAS,25.1,6.5,2nd quarter,2:22.0,Johnny Newman,NJN,False,2-pointer,2,54-51,'NJN',leads
710,710,710,200103100WAS,27.2,4.4,2nd quarter,2:19.0,Johnny Newman,NJN,False,2-pointer,3,54-51,'NJN',leads
711,711,711,200103100WAS,26.4,5.4,2nd quarter,2:16.0,Soumaila Samake,NJN,False,2-pointer,2,54-51,'NJN',leads
712,712,712,200103100WAS,8.3,25.7,2nd quarter,1:38.0,Stephon Marbury,NJN,True,3-pointer,26,57-53,'NJN',leads
713,713,713,200103100WAS,19.0,8.0,2nd quarter,0:57.5,Stephon Marbury,NJN,True,2-pointer,6,59-55,'NJN',leads
714,714,714,200103100WAS,12.5,26.3,2nd quarter,0:30.9,Stephon Marbury,NJN,False,3-pointer,24,59-55,'NJN',leads
715,715,715,200103100WAS,45.2,19.1,2nd quarter,0:02.9,Keith Van,NJN,False,3-pointer,25,59-57,'NJN',leads
716,716,716,200103100WAS,11.6,3.7,3rd quarter,11:47.0,Kenyon Martin,NJN,False,2-pointer,12,59-57,'NJN',leads
717,717,717,200103100WAS,46.6,8.0,3rd quarter,11:17.0,Stephon Marbury,NJN,False,3-pointer,23,59-57,'NJN',leads
718,718,718,200103100WAS,38.0,18.5,3rd quarter,10:41.0,Johnny Newman,NJN,False,2-pointer,19,59-59,'NJN',tied
719,719,719,200103100WAS,29.6,7.6,3rd quarter,10:38.0,Keith Van,NJN,False,2-pointer,6,59-59,'NJN',tied
720,720,720,200103100WAS,24.3,5.4,3rd quarter,10:35.0,Evan Eschmeyer,NJN,True,2-pointer,1,61-59,'NJN',leads
721,721,721,200103100WAS,24.3,5.9,3rd quarter,10:15.0,Kenyon Martin,NJN,False,2-pointer,1,61-59,'NJN',leads
722,722,722,200103100WAS,25.8,15.8,3rd quarter,9:40.0,Johnny Newman,NJN,False,2-pointer,11,61-61,'NJN',tied
723,723,723,200103100WAS,25.1,5.9,3rd quarter,9:37.0,Keith Van,NJN,True,2-pointer,1,63-61,'NJN',leads
724,724,724,200103100WAS,27.9,14.7,3rd quarter,8:56.0,Johnny Newman,NJN,True,2-pointer,10,65-61,'NJN',leads
725,725,725,200103100WAS,24.3,5.4,3rd quarter,8:24.0,Evan Eschmeyer,NJN,True,2-pointer,1,67-61,'NJN',leads
726,726,726,200103100WAS,25.1,9.2,3rd quarter,7:34.0,Kenyon Martin,NJN,True,2-pointer,4,69-61,'NJN',leads
727,727,727,200103100WAS,47.9,3.7,3rd quarter,6:57.0,Johnny Newman,NJN,False,3-pointer,24,69-63,'NJN',leads
728,728,728,200103100WAS,15.4,5.0,3rd quarter,6:18.0,Stephon Marbury,NJN,False,2-pointer,9,69-65,'NJN',leads
729,729,729,200103100WAS,32.3,4.4,3rd quarter,6:06.0,Stephon Marbury,NJN,False,2-pointer,8,69-65,'NJN',leads
730,730,730,200103100WAS,28.7,7.6,3rd quarter,5:35.0,Stephen Jackson,NJN,False,2-pointer,5,69-67,'NJN',leads
731,731,731,200103100WAS,24.3,11.3,3rd quarter,4:58.0,Johnny Newman,NJN,False,2-pointer,6,69-69,'NJN',tied
732,732,732,200103100WAS,34.4,5.0,3rd quarter,4:43.0,Stephon Marbury,NJN,False,2-pointer,10,69-69,'NJN',tied
733,733,733,200103100WAS,10.4,5.9,3rd quarter,3:58.0,Kenyon Martin,NJN,True,2-pointer,14,72-71,'NJN',leads
734,734,734,200103100WAS,23.9,5.9,3rd quarter,3:35.0,Stephon Marbury,NJN,True,2-pointer,1,74-73,'NJN',leads
735,735,735,200103100WAS,30.2,4.4,3rd quarter,2:26.0,Stephen Jackson,NJN,False,2-pointer,6,75-73,'NJN',leads
736,736,736,200103100WAS,28.7,5.0,3rd quarter,0:57.9,Johnny Newman,NJN,False,2-pointer,5,78-78,'NJN',tied
737,737,737,200103100WAS,26.4,10.7,3rd quarter,0:27.9,Stephon Marbury,NJN,True,2-pointer,6,80-80,'NJN',tied
738,738,738,200103100WAS,23.2,6.9,4th quarter,11:09.0,Johnny Newman,NJN,False,2-pointer,2,81-82,'NJN',trails
739,739,739,200103100WAS,8.9,14.1,4th quarter,11:05.0,Johnny Newman,NJN,False,2-pointer,18,81-83,'NJN',trails
740,740,740,200103100WAS,25.1,6.5,4th quarter,10:57.0,Johnny Newman,NJN,False,2-pointer,2,81-83,'NJN',trails
741,741,741,200103100WAS,9.5,19.8,4th quarter,10:48.0,Keith Van,NJN,True,2-pointer,21,83-83,'NJN',tied
742,742,742,200103100WAS,19.0,4.4,4th quarter,10:06.0,Keith Van,NJN,False,2-pointer,5,83-83,'NJN',tied
743,743,743,200103100WAS,39.3,14.7,4th quarter,9:39.0,Sherman Douglas,NJN,False,2-pointer,18,83-83,'NJN',tied
744,744,744,200103100WAS,25.1,11.3,4th quarter,9:11.0,Keith Van,NJN,False,2-pointer,6,83-83,'NJN',tied
745,745,745,200103100WAS,23.2,5.0,4th quarter,9:08.0,Aaron Williams,NJN,True,2-pointer,1,85-83,'NJN',leads
746,746,746,200103100WAS,24.3,5.0,4th quarter,8:11.0,Kenyon Martin,NJN,True,2-pointer,0,87-85,'NJN',leads
747,747,747,200103100WAS,29.6,3.3,4th quarter,7:35.0,Sherman Douglas,NJN,False,2-pointer,6,87-87,'NJN',tied
748,748,748,200103100WAS,25.1,5.9,4th quarter,7:31.0,Sherman Douglas,NJN,False,2-pointer,1,87-87,'NJN',tied
749,749,749,200103100WAS,15.4,5.9,4th quarter,7:02.0,Keith Van,NJN,True,2-pointer,9,89-90,'NJN',trails
750,750,750,200103100WAS,35.9,24.0,4th quarter,6:20.0,Kenyon Martin,NJN,True,2-pointer,22,91-92,'NJN',trails
751,751,751,200103100WAS,24.3,6.9,4th quarter,5:39.0,Sherman Douglas,NJN,True,2-pointer,2,93-94,'NJN',trails
752,752,752,200103100WAS,14.6,19.8,4th quarter,5:05.0,Sherman Douglas,NJN,True,2-pointer,18,96-94,'NJN',leads
753,753,753,200103100WAS,24.3,5.0,4th quarter,4:17.0,Sherman Douglas,NJN,True,2-pointer,0,98-94,'NJN',leads
754,754,754,200103100WAS,9.5,15.1,4th quarter,3:28.0,Sherman Douglas,NJN,False,2-pointer,18,98-94,'NJN',leads
755,755,755,200103100WAS,5.3,23.6,4th quarter,2:55.0,Stephon Marbury,NJN,False,3-pointer,26,98-94,'NJN',leads
756,756,756,200103100WAS,40.7,11.3,4th quarter,1:03.0,Johnny Newman,NJN,False,2-pointer,18,99-99,'NJN',tied
757,757,757,200103100WAS,43.7,4.4,4th quarter,0:46.9,Kenyon Martin,NJN,False,2-pointer,20,99-101,'NJN',trails
758,758,758,200103100WAS,17.5,16.8,4th quarter,0:19.9,Kenyon Martin,NJN,True,2-pointer,13,101-103,'NJN',trails
759,759,759,200103100WAS,27.9,5.9,4th quarter,0:12.9,Stephon Marbury,NJN,False,2-pointer,4,101-105,'NJN',trails
760,760,760,200103100WAS,39.3,26.3,4th quarter,0:01.9,Stephon Marbury,NJN,False,3-pointer,26,101-107,'NJN',trails
761,761,761,200103100WAS,23.2,5.9,1st quarter,11:38.0,Jahidi White,WAS,False,2-pointer,1,0-0,'NJN',tied
762,762,762,200103100WAS,1.1,19.8,1st quarter,10:45.0,Richard Hamilton,WAS,False,3-pointer,27,0-3,'NJN',trails
763,763,763,200103100WAS,21.7,6.9,1st quarter,9:37.0,Jahidi White,WAS,False,2-pointer,3,1-7,'NJN',trails
764,764,764,200103100WAS,3.8,20.2,1st quarter,9:04.0,Mitch Richmond,WAS,False,3-pointer,25,1-9,'NJN',trails
765,765,765,200103100WAS,38.6,25.7,1st quarter,8:32.0,Hubert Davis,WAS,False,3-pointer,25,1-11,'NJN',trails
766,766,766,200103100WAS,19.6,5.0,1st quarter,8:01.0,Hubert Davis,WAS,True,2-pointer,4,3-13,'NJN',trails
767,767,767,200103100WAS,25.1,6.5,1st quarter,7:34.0,Richard Hamilton,WAS,True,2-pointer,2,5-15,'NJN',trails
768,768,768,200103100WAS,23.2,31.2,1st quarter,6:51.0,Hubert Davis,WAS,False,3-pointer,26,7-17,'NJN',trails
769,769,769,200103100WAS,27.2,5.0,1st quarter,6:42.0,Richard Hamilton,WAS,False,2-pointer,3,7-17,'NJN',trails
770,770,770,200103100WAS,22.4,4.4,1st quarter,6:39.0,Jahidi White,WAS,False,2-pointer,2,7-17,'NJN',trails
771,771,771,200103100WAS,25.8,4.4,1st quarter,6:10.0,Michael Smith,WAS,True,2-pointer,2,9-18,'NJN',trails
772,772,772,200103100WAS,25.1,12.6,1st quarter,5:40.0,Richard Hamilton,WAS,False,2-pointer,8,9-20,'NJN',trails
773,773,773,200103100WAS,24.3,6.9,1st quarter,5:36.0,Jahidi White,WAS,False,2-pointer,2,9-20,'NJN',trails
774,774,774,200103100WAS,22.4,6.5,1st quarter,5:06.0,Mitch Richmond,WAS,False,2-pointer,2,9-22,'NJN',trails
775,775,775,200103100WAS,16.1,15.8,1st quarter,4:22.0,Richard Hamilton,WAS,False,2-pointer,13,11-24,'NJN',trails
776,776,776,200103100WAS,24.3,5.9,1st quarter,3:56.0,David Vanterpool,WAS,True,2-pointer,1,13-24,'NJN',trails
777,777,777,200103100WAS,35.0,22.3,1st quarter,3:27.0,Courtney Alexander,WAS,True,2-pointer,21,15-26,'NJN',trails
778,778,778,200103100WAS,9.5,15.1,1st quarter,2:13.0,Christian Laettner,WAS,True,2-pointer,18,19-28,'NJN',trails
779,779,779,200103100WAS,32.3,7.6,1st quarter,0:03.7,David Vanterpool,WAS,True,2-pointer,9,22-33,'NJN',trails
780,780,780,200103100WAS,25.1,5.0,2nd quarter,10:52.0,Richard Hamilton,WAS,False,2-pointer,1,24-33,'NJN',trails
781,781,781,200103100WAS,38.6,3.7,2nd quarter,9:37.0,Richard Hamilton,WAS,True,2-pointer,15,27-38,'NJN',trails
782,782,782,200103100WAS,6.2,2.3,2nd quarter,9:16.0,Christian Laettner,WAS,False,2-pointer,18,27-41,'NJN',trails
783,783,783,200103100WAS,26.4,6.5,2nd quarter,9:13.0,Michael Smith,WAS,True,2-pointer,3,29-41,'NJN',trails
784,784,784,200103100WAS,24.3,4.4,2nd quarter,8:47.0,Christian Laettner,WAS,True,2-pointer,1,31-41,'NJN',trails
785,785,785,200103100WAS,21.1,15.8,2nd quarter,8:21.0,Richard Hamilton,WAS,True,2-pointer,11,34-43,'NJN',trails
786,786,786,200103100WAS,33.8,19.1,2nd quarter,7:48.0,Christian Laettner,WAS,False,2-pointer,17,34-45,'NJN',trails
787,787,787,200103100WAS,24.3,5.9,2nd quarter,7:26.0,Christian Laettner,WAS,True,2-pointer,1,36-45,'NJN',trails
788,788,788,200103100WAS,23.9,5.9,2nd quarter,7:00.0,Christian Laettner,WAS,True,2-pointer,1,38-45,'NJN',trails
789,789,789,200103100WAS,39.3,14.7,2nd quarter,6:31.0,Mitch Richmond,WAS,False,2-pointer,18,38-47,'NJN',trails
790,790,790,200103100WAS,44.5,2.3,2nd quarter,6:23.0,Mitch Richmond,WAS,True,2-pointer,21,40-47,'NJN',trails
791,791,791,200103100WAS,23.9,5.9,2nd quarter,6:02.0,Christian Laettner,WAS,True,2-pointer,1,42-47,'NJN',trails
792,792,792,200103100WAS,25.1,4.4,2nd quarter,5:41.0,Mitch Richmond,WAS,True,2-pointer,1,45-47,'NJN',trails
793,793,793,200103100WAS,6.2,11.3,2nd quarter,5:07.0,Mitch Richmond,WAS,True,2-pointer,19,47-49,'NJN',trails
794,794,794,200103100WAS,39.3,12.0,2nd quarter,4:11.0,Mitch Richmond,WAS,False,2-pointer,17,47-49,'NJN',trails
795,795,795,200103100WAS,35.0,4.4,2nd quarter,3:37.0,Michael Smith,WAS,False,2-pointer,11,47-52,'NJN',trails
796,796,796,200103100WAS,22.4,5.9,2nd quarter,2:42.0,Jahidi White,WAS,False,2-pointer,2,49-54,'NJN',trails
797,797,797,200103100WAS,23.9,5.0,2nd quarter,2:39.0,Christian Laettner,WAS,True,2-pointer,0,51-54,'NJN',trails
798,798,798,200103100WAS,25.8,19.8,2nd quarter,1:20.0,Christian Laettner,WAS,True,2-pointer,15,55-57,'NJN',trails
799,799,799,200103100WAS,21.7,5.4,2nd quarter,0:48.9,Richard Hamilton,WAS,False,2-pointer,2,55-59,'NJN',trails
800,800,800,200103100WAS,15.4,22.9,2nd quarter,0:17.9,Mitch Richmond,WAS,True,2-pointer,20,57-59,'NJN',trails
801,801,801,200103100WAS,3.8,22.9,3rd quarter,11:37.0,Hubert Davis,WAS,False,3-pointer,27,57-59,'NJN',trails
802,802,802,200103100WAS,6.8,2.7,3rd quarter,11:07.0,Mitch Richmond,WAS,True,2-pointer,17,59-59,'NJN',tied
803,803,803,200103100WAS,11.6,19.8,3rd quarter,10:20.0,Hubert Davis,WAS,False,2-pointer,19,59-61,'NJN',trails
804,804,804,200103100WAS,22.4,5.4,3rd quarter,10:05.0,Hubert Davis,WAS,True,2-pointer,2,61-61,'NJN',tied
805,805,805,200103100WAS,47.9,15.1,3rd quarter,9:19.0,Mitch Richmond,WAS,False,3-pointer,26,61-63,'NJN',trails
806,806,806,200103100WAS,44.5,3.3,3rd quarter,8:38.0,Richard Hamilton,WAS,False,2-pointer,21,61-65,'NJN',trails
807,807,807,200103100WAS,26.4,8.0,3rd quarter,6:39.0,Christian Laettner,WAS,False,2-pointer,4,63-69,'NJN',trails
808,808,808,200103100WAS,4.7,2.7,3rd quarter,6:33.0,Mitch Richmond,WAS,True,2-pointer,19,65-69,'NJN',trails
809,809,809,200103100WAS,41.6,5.4,3rd quarter,5:57.0,Mitch Richmond,WAS,True,2-pointer,18,67-69,'NJN',trails
810,810,810,200103100WAS,9.5,3.7,3rd quarter,5:21.0,Mitch Richmond,WAS,True,2-pointer,15,69-69,'NJN',tied
811,811,811,200103100WAS,41.6,5.9,3rd quarter,4:51.0,Mitch Richmond,WAS,False,2-pointer,18,69-69,'NJN',tied
812,812,812,200103100WAS,7.4,5.0,3rd quarter,3:44.0,Richard Hamilton,WAS,True,2-pointer,17,73-72,'NJN',leads
813,813,813,200103100WAS,42.2,12.0,3rd quarter,2:44.0,Christian Laettner,WAS,False,2-pointer,20,73-75,'NJN',trails
814,814,814,200103100WAS,42.2,22.3,3rd quarter,2:38.0,Christian Laettner,WAS,False,3-pointer,25,73-75,'NJN',trails
815,815,815,200103100WAS,25.1,8.6,3rd quarter,1:13.0,Christian Laettner,WAS,True,2-pointer,4,78-78,'NJN',tied
816,816,816,200103100WAS,24.3,15.1,3rd quarter,0:47.9,Courtney Alexander,WAS,False,2-pointer,10,78-78,'NJN',tied
817,817,817,200103100WAS,22.4,5.0,3rd quarter,0:44.9,Christian Laettner,WAS,False,2-pointer,2,78-78,'NJN',tied
818,818,818,200103100WAS,40.7,4.4,3rd quarter,0:41.3,Richard Hamilton,WAS,True,2-pointer,17,80-78,'NJN',leads
819,819,819,200103100WAS,21.1,4.4,3rd quarter,0:02.9,Christian Laettner,WAS,False,2-pointer,3,80-80,'NJN',tied
820,820,820,200103100WAS,23.2,5.0,3rd quarter,0:00.6,Richard Hamilton,WAS,True,2-pointer,1,82-80,'NJN',leads
821,821,821,200103100WAS,27.2,28.0,4th quarter,11:35.0,David Vanterpool,WAS,False,2-pointer,23,82-80,'NJN',leads
822,822,822,200103100WAS,40.1,6.9,4th quarter,10:34.0,David Vanterpool,WAS,False,2-pointer,16,83-83,'NJN',tied
823,823,823,200103100WAS,45.8,17.9,4th quarter,9:26.0,Mitch Richmond,WAS,False,3-pointer,25,83-83,'NJN',tied
824,824,824,200103100WAS,43.1,10.3,4th quarter,9:02.0,Courtney Alexander,WAS,False,2-pointer,20,83-85,'NJN',trails
825,825,825,200103100WAS,23.9,7.6,4th quarter,8:32.0,Jahidi White,WAS,False,2-pointer,3,83-85,'NJN',trails
826,826,826,200103100WAS,40.1,25.7,4th quarter,7:20.0,Hubert Davis,WAS,True,3-pointer,26,90-87,'NJN',leads
827,827,827,200103100WAS,16.1,5.9,4th quarter,6:43.0,Hubert Davis,WAS,False,2-pointer,8,90-89,'NJN',leads
828,828,828,200103100WAS,24.3,5.9,4th quarter,6:40.0,Hubert Davis,WAS,True,2-pointer,1,92-89,'NJN',leads
829,829,829,200103100WAS,23.2,4.4,4th quarter,5:56.0,Richard Hamilton,WAS,False,2-pointer,1,92-91,'NJN',leads
830,830,830,200103100WAS,24.3,3.3,4th quarter,5:54.0,Christian Laettner,WAS,True,2-pointer,2,94-91,'NJN',leads
831,831,831,200103100WAS,27.2,30.7,4th quarter,5:23.0,Hubert Davis,WAS,False,3-pointer,26,94-94,'NJN',tied
832,832,832,200103100WAS,8.9,10.3,4th quarter,4:35.0,Mitch Richmond,WAS,False,2-pointer,16,94-96,'NJN',trails
833,833,833,200103100WAS,23.2,5.0,4th quarter,4:02.0,Christian Laettner,WAS,False,2-pointer,1,94-98,'NJN',trails
834,834,834,200103100WAS,11.6,3.3,4th quarter,3:44.0,Richard Hamilton,WAS,False,2-pointer,13,94-98,'NJN',trails
835,835,835,200103100WAS,38.6,27.4,4th quarter,3:12.0,Mitch Richmond,WAS,False,3-pointer,27,94-98,'NJN',trails
836,836,836,200103100WAS,25.8,5.0,4th quarter,2:48.0,Richard Hamilton,WAS,True,2-pointer,2,96-98,'NJN',trails
837,837,837,200103100WAS,25.8,31.2,4th quarter,2:00.0,Hubert Davis,WAS,False,3-pointer,26,96-98,'NJN',trails
838,838,838,200103100WAS,17.5,5.0,4th quarter,1:49.0,Hubert Davis,WAS,False,2-pointer,7,96-98,'NJN',trails
839,839,839,200103100WAS,32.9,11.3,4th quarter,1:44.0,Richard Hamilton,WAS,True,2-pointer,11,98-98,'NJN',tied
840,840,840,200103100WAS,24.3,6.5,4th quarter,0:59.9,Richard Hamilton,WAS,True,2-pointer,2,101-99,'NJN',leads
841,841,841,200103100WAS,26.4,5.0,4th quarter,0:23.9,Hubert Davis,WAS,False,2-pointer,2,101-99,'NJN',leads
842,842,842,200103100WAS,24.3,3.7,4th quarter,0:23.6,Jahidi White,WAS,True,2-pointer,1,103-99,'NJN',leads
