,Unnamed: 0.1,Unnamed: 0,match_id,shotX,shotY,quarter,time_remaining,player,team,made,shot_type,distance,score,opp,status
0,0,0,200102190CLE,22.8,7.8,1st quarter,11:23.0,Metta World,CHI,False,2-pointer,3,0-0,'CLE',tied
1,1,1,200102190CLE,41.4,12.8,1st quarter,10:44.0,Bryce Drew,CHI,True,2-pointer,19,4-2,'CLE',leads
2,2,2,200102190CLE,42.0,23.1,1st quarter,10:13.0,Fred Hoiberg,CHI,True,3-pointer,26,7-4,'CLE',leads
3,3,3,200102190CLE,24.1,6.7,1st quarter,9:57.0,Bryce Drew,CHI,False,2-pointer,2,7-4,'CLE',leads
4,4,4,200102190CLE,14.8,18.3,1st quarter,9:21.0,Brad Miller,CHI,True,2-pointer,16,9-4,'CLE',leads
5,5,5,200102190CLE,24.7,7.3,1st quarter,8:50.0,Brad Miller,CHI,False,2-pointer,2,9-4,'CLE',leads
6,6,6,200102190CLE,43.5,21.5,1st quarter,8:16.0,Bryce Drew,CHI,False,3-pointer,26,11-4,'CLE',leads
7,7,7,200102190CLE,0.5,7.8,1st quarter,7:41.0,Fred Hoiberg,CHI,True,3-pointer,24,14-6,'CLE',leads
8,8,8,200102190CLE,14.2,21.5,1st quarter,7:14.0,Fred Hoiberg,CHI,False,2-pointer,19,14-6,'CLE',leads
9,9,9,200102190CLE,7.8,7.8,1st quarter,6:34.0,Metta World,CHI,True,2-pointer,16,16-8,'CLE',leads
10,10,10,200102190CLE,32.5,18.7,1st quarter,6:02.0,Elton Brand,CHI,True,2-pointer,16,18-8,'CLE',leads
11,11,11,200102190CLE,29.8,14.7,1st quarter,5:36.0,Elton Brand,CHI,True,2-pointer,11,20-8,'CLE',leads
12,12,12,200102190CLE,11.2,18.5,1st quarter,5:07.0,Fred Hoiberg,CHI,False,2-pointer,19,20-10,'CLE',leads
13,13,13,200102190CLE,24.1,4.4,1st quarter,5:03.0,Elton Brand,CHI,True,2-pointer,1,22-10,'CLE',leads
14,14,14,200102190CLE,40.7,15.1,1st quarter,3:59.0,Khalid El-Amin,CHI,False,2-pointer,20,22-12,'CLE',leads
15,15,15,200102190CLE,11.2,19.1,1st quarter,3:20.0,Khalid El-Amin,CHI,False,2-pointer,19,22-14,'CLE',leads
16,16,16,200102190CLE,31.3,5.0,1st quarter,2:49.0,Elton Brand,CHI,False,2-pointer,7,22-17,'CLE',leads
17,17,17,200102190CLE,12.1,26.3,1st quarter,2:18.0,Fred Hoiberg,CHI,False,3-pointer,24,22-19,'CLE',leads
18,18,18,200102190CLE,45.0,19.8,1st quarter,1:50.0,Khalid El-Amin,CHI,False,3-pointer,26,22-19,'CLE',leads
19,19,19,200102190CLE,33.4,9.2,1st quarter,1:32.0,Elton Brand,CHI,False,2-pointer,10,22-19,'CLE',leads
20,20,20,200102190CLE,34.0,10.7,1st quarter,1:26.0,Elton Brand,CHI,False,2-pointer,12,22-19,'CLE',leads
21,21,21,200102190CLE,43.5,21.3,1st quarter,0:28.6,Marcus Fizer,CHI,True,3-pointer,25,25-21,'CLE',leads
22,22,22,200102190CLE,24.7,5.4,2nd quarter,11:46.0,Metta World,CHI,True,2-pointer,1,27-21,'CLE',leads
23,23,23,200102190CLE,5.5,21.9,2nd quarter,11:02.0,Corey Benjamin,CHI,False,3-pointer,25,27-21,'CLE',leads
24,24,24,200102190CLE,16.3,16.8,2nd quarter,10:30.0,Elton Brand,CHI,True,2-pointer,14,29-21,'CLE',leads
25,25,25,200102190CLE,29.8,5.0,2nd quarter,9:38.0,Marcus Fizer,CHI,False,2-pointer,6,29-21,'CLE',leads
26,26,26,200102190CLE,36.9,5.0,2nd quarter,8:48.0,Marcus Fizer,CHI,True,2-pointer,13,31-23,'CLE',leads
27,27,27,200102190CLE,31.9,21.9,2nd quarter,8:17.0,Marcus Fizer,CHI,False,2-pointer,19,31-25,'CLE',leads
28,28,28,200102190CLE,26.2,5.9,2nd quarter,7:51.0,Marcus Fizer,CHI,True,2-pointer,2,33-27,'CLE',leads
29,29,29,200102190CLE,24.1,5.4,2nd quarter,7:32.0,Marcus Fizer,CHI,True,2-pointer,0,36-27,'CLE',leads
30,30,30,200102190CLE,26.2,20.2,2nd quarter,6:56.0,Metta World,CHI,False,2-pointer,15,36-27,'CLE',leads
31,31,31,200102190CLE,31.9,21.9,2nd quarter,6:15.0,Metta World,CHI,False,2-pointer,19,36-29,'CLE',leads
32,32,32,200102190CLE,4.9,5.4,2nd quarter,5:47.0,Bryce Drew,CHI,True,2-pointer,19,38-29,'CLE',leads
33,33,33,200102190CLE,23.6,6.9,2nd quarter,4:12.0,Elton Brand,CHI,False,2-pointer,2,41-31,'CLE',leads
34,34,34,200102190CLE,26.2,30.7,2nd quarter,3:37.0,Metta World,CHI,True,3-pointer,26,44-33,'CLE',leads
35,35,35,200102190CLE,41.4,11.3,2nd quarter,2:12.0,Metta World,CHI,False,2-pointer,19,44-37,'CLE',leads
36,36,36,200102190CLE,27.0,5.9,2nd quarter,1:38.0,Marcus Fizer,CHI,True,2-pointer,3,46-39,'CLE',leads
37,37,37,200102190CLE,27.0,13.0,2nd quarter,0:48.9,Elton Brand,CHI,False,2-pointer,9,46-39,'CLE',leads
38,38,38,200102190CLE,11.2,31.2,2nd quarter,0:00.0,Marcus Fizer,CHI,False,3-pointer,29,46-44,'CLE',leads
39,39,39,200102190CLE,47.7,8.0,3rd quarter,11:42.0,Fred Hoiberg,CHI,True,3-pointer,24,49-44,'CLE',leads
40,40,40,200102190CLE,3.4,20.2,3rd quarter,11:08.0,Fred Hoiberg,CHI,False,3-pointer,26,49-44,'CLE',leads
41,41,41,200102190CLE,24.1,5.9,3rd quarter,11:04.0,Fred Hoiberg,CHI,True,2-pointer,1,51-44,'CLE',leads
42,42,42,200102190CLE,24.7,5.9,3rd quarter,10:43.0,Elton Brand,CHI,False,2-pointer,1,51-44,'CLE',leads
43,43,43,200102190CLE,22.8,30.1,3rd quarter,10:38.0,Bryce Drew,CHI,True,3-pointer,25,54-44,'CLE',leads
44,44,44,200102190CLE,31.3,16.8,3rd quarter,9:54.0,Brad Miller,CHI,False,2-pointer,14,54-44,'CLE',leads
45,45,45,200102190CLE,32.5,17.9,3rd quarter,9:24.0,Metta World,CHI,True,2-pointer,15,56-46,'CLE',leads
46,46,46,200102190CLE,14.2,18.5,3rd quarter,8:51.0,Fred Hoiberg,CHI,False,2-pointer,17,56-48,'CLE',leads
47,47,47,200102190CLE,39.9,6.5,3rd quarter,8:12.0,Brad Miller,CHI,False,2-pointer,16,56-48,'CLE',leads
48,48,48,200102190CLE,42.0,22.9,3rd quarter,7:37.0,Fred Hoiberg,CHI,True,3-pointer,25,61-48,'CLE',leads
49,49,49,200102190CLE,42.0,22.3,3rd quarter,6:52.0,Bryce Drew,CHI,False,3-pointer,25,61-48,'CLE',leads
50,50,50,200102190CLE,31.3,22.3,3rd quarter,6:05.0,Metta World,CHI,True,2-pointer,19,63-52,'CLE',leads
51,51,51,200102190CLE,13.5,19.8,3rd quarter,5:25.0,Metta World,CHI,False,2-pointer,18,63-54,'CLE',leads
52,52,52,200102190CLE,25.6,11.3,3rd quarter,4:58.0,Elton Brand,CHI,False,2-pointer,7,63-54,'CLE',leads
53,53,53,200102190CLE,24.1,5.0,3rd quarter,4:55.0,Brad Miller,CHI,True,2-pointer,0,65-54,'CLE',leads
54,54,54,200102190CLE,24.7,5.4,3rd quarter,3:21.0,Brad Miller,CHI,True,2-pointer,1,68-56,'CLE',leads
55,55,55,200102190CLE,47.7,4.4,3rd quarter,2:47.0,Fred Hoiberg,CHI,False,3-pointer,24,69-56,'CLE',leads
56,56,56,200102190CLE,38.4,19.8,3rd quarter,2:12.0,Fred Hoiberg,CHI,False,2-pointer,21,69-59,'CLE',leads
57,57,57,200102190CLE,34.0,17.9,3rd quarter,2:08.0,Fred Hoiberg,CHI,False,2-pointer,16,69-59,'CLE',leads
58,58,58,200102190CLE,39.9,5.4,3rd quarter,1:34.0,Marcus Fizer,CHI,True,2-pointer,16,71-62,'CLE',leads
59,59,59,200102190CLE,24.7,9.7,3rd quarter,0:49.9,Elton Brand,CHI,False,2-pointer,5,71-62,'CLE',leads
60,60,60,200102190CLE,2.6,17.9,3rd quarter,0:05.9,Marcus Fizer,CHI,False,3-pointer,25,71-62,'CLE',leads
61,61,61,200102190CLE,16.3,14.7,4th quarter,10:39.0,Marcus Fizer,CHI,False,2-pointer,12,71-66,'CLE',leads
62,62,62,200102190CLE,24.7,5.4,4th quarter,10:03.0,Brad Miller,CHI,True,2-pointer,1,73-66,'CLE',leads
63,63,63,200102190CLE,34.0,19.1,4th quarter,9:34.0,Corey Benjamin,CHI,False,2-pointer,17,73-66,'CLE',leads
64,64,64,200102190CLE,9.1,15.8,4th quarter,8:11.0,Fred Hoiberg,CHI,False,2-pointer,18,73-69,'CLE',leads
65,65,65,200102190CLE,23.6,10.7,4th quarter,6:56.0,Elton Brand,CHI,False,2-pointer,6,75-74,'CLE',leads
66,66,66,200102190CLE,4.9,23.6,4th quarter,6:12.0,Bryce Drew,CHI,False,3-pointer,27,75-74,'CLE',leads
67,67,67,200102190CLE,14.8,19.8,4th quarter,5:38.0,Elton Brand,CHI,True,2-pointer,17,77-76,'CLE',leads
68,68,68,200102190CLE,6.4,7.6,4th quarter,4:29.0,Elton Brand,CHI,False,2-pointer,18,79-78,'CLE',leads
69,69,69,200102190CLE,25.6,6.9,4th quarter,3:55.0,Metta World,CHI,False,2-pointer,2,79-80,'CLE',trails
70,70,70,200102190CLE,20.7,32.2,4th quarter,3:23.0,Bryce Drew,CHI,True,3-pointer,27,82-80,'CLE',leads
71,71,71,200102190CLE,44.1,21.3,4th quarter,1:48.0,Bryce Drew,CHI,False,3-pointer,26,82-82,'CLE',tied
72,72,72,200102190CLE,24.1,12.0,4th quarter,1:01.0,Elton Brand,CHI,False,2-pointer,7,82-84,'CLE',trails
73,73,73,200102190CLE,24.1,5.4,4th quarter,0:38.9,Elton Brand,CHI,True,2-pointer,0,84-84,'CLE',tied
74,74,74,200102190CLE,47.1,5.4,4th quarter,0:03.9,Fred Hoiberg,CHI,False,3-pointer,23,84-85,'CLE',trails
75,75,75,200102190CLE,26.2,6.3,1st quarter,11:43.0,Clarence Weatherspoon,CLE,False,2-pointer,3,0-0,'CLE',tied
76,76,76,200102190CLE,12.7,4.8,1st quarter,11:07.0,Chris Mihm,CLE,True,2-pointer,11,2-2,'CLE',tied
77,77,77,200102190CLE,24.1,7.3,1st quarter,10:29.0,Chris Mihm,CLE,True,2-pointer,2,4-4,'CLE',tied
78,78,78,200102190CLE,4.9,4.8,1st quarter,9:38.0,Lamond Murray,CLE,False,2-pointer,19,4-7,'CLE',trails
79,79,79,200102190CLE,34.8,19.4,1st quarter,9:08.0,Cedric Henderson,CLE,False,2-pointer,18,4-9,'CLE',trails
80,80,80,200102190CLE,31.3,30.7,1st quarter,8:22.0,Lamond Murray,CLE,False,3-pointer,27,4-11,'CLE',trails
81,81,81,200102190CLE,25.6,11.1,1st quarter,6:52.0,Chris Mihm,CLE,True,2-pointer,6,8-14,'CLE',trails
82,82,82,200102190CLE,37.8,17.2,1st quarter,6:15.0,Chris Mihm,CLE,False,2-pointer,18,8-16,'CLE',trails
83,83,83,200102190CLE,24.1,5.9,1st quarter,5:22.0,Clarence Weatherspoon,CLE,True,2-pointer,1,10-20,'CLE',trails
84,84,84,200102190CLE,9.1,9.7,1st quarter,4:08.0,Jim Jackson,CLE,False,2-pointer,16,12-22,'CLE',trails
85,85,85,200102190CLE,0.5,10.7,1st quarter,3:52.0,Trajan Langdon,CLE,False,3-pointer,24,12-22,'CLE',trails
86,86,86,200102190CLE,12.1,13.7,1st quarter,3:50.0,Chris Mihm,CLE,True,2-pointer,15,14-22,'CLE',trails
87,87,87,200102190CLE,24.7,5.4,1st quarter,3:10.0,Jim Jackson,CLE,True,2-pointer,1,16-22,'CLE',trails
88,88,88,200102190CLE,23.6,6.5,1st quarter,2:41.0,Andre Miller,CLE,True,2-pointer,2,19-22,'CLE',trails
89,89,89,200102190CLE,32.5,5.9,1st quarter,2:05.0,Jim Jackson,CLE,False,2-pointer,9,19-22,'CLE',trails
90,90,90,200102190CLE,24.1,10.7,1st quarter,0:14.9,Chris Gatling,CLE,False,2-pointer,6,21-25,'CLE',trails
91,91,91,200102190CLE,7.8,15.1,2nd quarter,11:25.0,Jim Jackson,CLE,False,2-pointer,19,21-27,'CLE',trails
92,92,92,200102190CLE,15.6,9.2,2nd quarter,10:49.0,Chris Gatling,CLE,False,2-pointer,9,21-27,'CLE',trails
93,93,93,200102190CLE,23.6,16.4,2nd quarter,8:36.0,Bimbo Coles,CLE,True,2-pointer,11,25-31,'CLE',trails
94,94,94,200102190CLE,33.4,19.8,2nd quarter,8:10.0,Bimbo Coles,CLE,False,2-pointer,18,25-31,'CLE',trails
95,95,95,200102190CLE,24.1,12.0,2nd quarter,8:04.0,Trajan Langdon,CLE,True,2-pointer,7,27-31,'CLE',trails
96,96,96,200102190CLE,32.5,19.8,2nd quarter,7:17.0,Cedric Henderson,CLE,False,2-pointer,17,27-36,'CLE',trails
97,97,97,200102190CLE,10.6,19.1,2nd quarter,6:41.0,Chris Mihm,CLE,True,2-pointer,19,29-36,'CLE',trails
98,98,98,200102190CLE,36.9,17.9,2nd quarter,5:29.0,Trajan Langdon,CLE,True,2-pointer,18,31-38,'CLE',trails
99,99,99,200102190CLE,22.2,7.6,2nd quarter,5:05.0,Trajan Langdon,CLE,False,2-pointer,3,31-40,'CLE',trails
100,100,100,200102190CLE,19.8,13.0,2nd quarter,4:48.0,Andre Miller,CLE,False,2-pointer,9,31-40,'CLE',trails
101,101,101,200102190CLE,24.1,6.5,2nd quarter,3:58.0,Clarence Weatherspoon,CLE,True,2-pointer,2,33-41,'CLE',trails
102,102,102,200102190CLE,9.1,14.1,2nd quarter,3:25.0,Trajan Langdon,CLE,True,2-pointer,17,35-44,'CLE',trails
103,103,103,200102190CLE,41.4,5.9,2nd quarter,2:42.0,Chris Gatling,CLE,True,2-pointer,17,37-44,'CLE',trails
104,104,104,200102190CLE,24.1,6.9,2nd quarter,1:57.0,Chris Gatling,CLE,True,2-pointer,2,39-44,'CLE',trails
105,105,105,200102190CLE,24.7,15.1,2nd quarter,1:21.0,Jim Jackson,CLE,False,2-pointer,10,39-46,'CLE',trails
106,106,106,200102190CLE,25.6,6.5,2nd quarter,1:02.0,Jim Jackson,CLE,False,2-pointer,2,39-46,'CLE',trails
107,107,107,200102190CLE,47.1,8.0,2nd quarter,0:40.9,Chris Gatling,CLE,True,3-pointer,23,42-46,'CLE',trails
108,108,108,200102190CLE,4.9,5.0,3rd quarter,11:17.0,Cedric Henderson,CLE,False,2-pointer,19,44-49,'CLE',trails
109,109,109,200102190CLE,27.0,14.7,3rd quarter,10:50.0,Trajan Langdon,CLE,False,2-pointer,10,44-51,'CLE',trails
110,110,110,200102190CLE,14.2,6.9,3rd quarter,10:14.0,Chris Mihm,CLE,False,2-pointer,10,44-54,'CLE',trails
111,111,111,200102190CLE,15.6,19.1,3rd quarter,9:47.0,Andre Miller,CLE,True,2-pointer,16,46-54,'CLE',trails
112,112,112,200102190CLE,24.7,5.4,3rd quarter,9:05.0,Andre Miller,CLE,True,2-pointer,1,48-56,'CLE',trails
113,113,113,200102190CLE,24.2,6.0,3rd quarter,8:34.0,Chris Mihm,CLE,False,2-pointer,1,48-56,'CLE',trails
114,114,114,200102190CLE,5.5,22.3,3rd quarter,7:53.0,Trajan Langdon,CLE,False,3-pointer,25,48-58,'CLE',trails
115,115,115,200102190CLE,41.4,14.1,3rd quarter,7:44.0,Chris Gatling,CLE,False,2-pointer,20,48-58,'CLE',trails
116,116,116,200102190CLE,20.7,6.5,3rd quarter,7:20.0,Trajan Langdon,CLE,False,2-pointer,4,48-61,'CLE',trails
117,117,117,200102190CLE,21.3,6.9,3rd quarter,7:14.0,Clarence Weatherspoon,CLE,False,2-pointer,3,48-61,'CLE',trails
118,118,118,200102190CLE,41.4,14.1,3rd quarter,6:45.0,Trajan Langdon,CLE,True,2-pointer,20,50-61,'CLE',trails
119,119,119,200102190CLE,24.1,6.9,3rd quarter,6:28.0,Cedric Henderson,CLE,False,2-pointer,2,50-61,'CLE',trails
120,120,120,200102190CLE,11.2,18.5,3rd quarter,6:19.0,Andre Miller,CLE,True,2-pointer,19,52-61,'CLE',trails
121,121,121,200102190CLE,25.6,5.9,3rd quarter,5:51.0,Chris Gatling,CLE,True,2-pointer,2,54-63,'CLE',trails
122,122,122,200102190CLE,35.5,19.1,3rd quarter,5:09.0,Chris Gatling,CLE,False,2-pointer,18,54-63,'CLE',trails
123,123,123,200102190CLE,7.8,11.3,3rd quarter,4:02.0,Andre Miller,CLE,False,2-pointer,17,54-65,'CLE',trails
124,124,124,200102190CLE,33.4,20.2,3rd quarter,3:38.0,Jim Jackson,CLE,True,2-pointer,18,56-66,'CLE',trails
125,125,125,200102190CLE,34.8,22.3,3rd quarter,2:58.0,Jim Jackson,CLE,False,2-pointer,20,56-69,'CLE',trails
126,126,126,200102190CLE,24.7,8.0,3rd quarter,2:31.0,Chris Gatling,CLE,True,2-pointer,3,59-69,'CLE',trails
127,127,127,200102190CLE,47.1,14.7,3rd quarter,2:00.0,Wesley Person,CLE,True,3-pointer,25,62-69,'CLE',trails
128,128,128,200102190CLE,27.7,19.1,3rd quarter,1:15.0,Andre Miller,CLE,False,2-pointer,15,62-71,'CLE',trails
129,129,129,200102190CLE,28.3,23.6,3rd quarter,0:28.9,Bimbo Coles,CLE,False,2-pointer,19,62-71,'CLE',trails
130,130,130,200102190CLE,15.6,18.5,4th quarter,11:38.0,Wesley Person,CLE,True,2-pointer,16,64-71,'CLE',trails
131,131,131,200102190CLE,24.7,6.9,4th quarter,11:08.0,Jim Jackson,CLE,False,2-pointer,2,64-71,'CLE',trails
132,132,132,200102190CLE,37.8,5.9,4th quarter,11:02.0,Jim Jackson,CLE,True,2-pointer,14,66-71,'CLE',trails
133,133,133,200102190CLE,12.1,16.4,4th quarter,10:19.0,Clarence Weatherspoon,CLE,False,2-pointer,16,66-71,'CLE',trails
134,134,134,200102190CLE,7.0,5.4,4th quarter,10:14.0,Bimbo Coles,CLE,False,2-pointer,17,66-71,'CLE',trails
135,135,135,200102190CLE,32.5,19.1,4th quarter,9:49.0,Wesley Person,CLE,False,2-pointer,16,66-73,'CLE',trails
136,136,136,200102190CLE,7.0,25.0,4th quarter,9:13.0,Wesley Person,CLE,True,3-pointer,26,69-73,'CLE',trails
137,137,137,200102190CLE,27.0,13.0,4th quarter,8:31.0,Chris Gatling,CLE,False,2-pointer,9,69-73,'CLE',trails
138,138,138,200102190CLE,18.4,8.0,4th quarter,8:24.0,Robert Traylor,CLE,False,2-pointer,6,69-73,'CLE',trails
139,139,139,200102190CLE,24.1,10.7,4th quarter,7:35.0,Jim Jackson,CLE,True,2-pointer,6,71-75,'CLE',trails
140,140,140,200102190CLE,46.2,15.1,4th quarter,7:11.0,Wesley Person,CLE,True,3-pointer,24,74-75,'CLE',trails
141,141,141,200102190CLE,11.2,6.9,4th quarter,6:30.0,Chris Gatling,CLE,False,2-pointer,13,74-75,'CLE',trails
142,142,142,200102190CLE,38.4,15.8,4th quarter,5:22.0,Wesley Person,CLE,True,2-pointer,18,78-77,'CLE',leads
143,143,143,200102190CLE,29.1,12.6,4th quarter,4:48.0,Bimbo Coles,CLE,False,2-pointer,9,78-79,'CLE',trails
144,144,144,200102190CLE,9.9,17.5,4th quarter,4:09.0,Chris Gatling,CLE,True,2-pointer,19,80-79,'CLE',leads
145,145,145,200102190CLE,14.2,21.9,4th quarter,2:57.0,Andre Miller,CLE,True,2-pointer,20,82-82,'CLE',tied
146,146,146,200102190CLE,24.1,6.5,4th quarter,1:54.0,Andre Miller,CLE,False,2-pointer,2,82-82,'CLE',tied
147,147,147,200102190CLE,32.5,3.7,4th quarter,1:26.0,Jim Jackson,CLE,True,2-pointer,9,84-82,'CLE',leads
148,148,148,200102190CLE,31.9,18.5,4th quarter,0:44.9,Wesley Person,CLE,False,2-pointer,16,84-82,'CLE',leads
149,149,149,200102190DET,38.0,6.9,1st quarter,11:29.0,Michael Olowokandi,LAC,True,2-pointer,14,2-0,'DET',leads
150,150,150,200102190DET,41.6,9.2,1st quarter,10:59.0,Eric Piatkowski,LAC,True,2-pointer,18,4-2,'DET',leads
151,151,151,200102190DET,27.2,20.6,1st quarter,10:22.0,Darius Miles,LAC,False,2-pointer,16,4-4,'DET',tied
152,152,152,200102190DET,9.5,29.1,1st quarter,9:51.0,Eric Piatkowski,LAC,True,3-pointer,28,7-4,'DET',leads
153,153,153,200102190DET,11.0,11.6,1st quarter,9:12.0,Jeff McInnis,LAC,False,2-pointer,15,7-7,'DET',tied
154,154,154,200102190DET,24.0,5.0,1st quarter,7:44.0,Darius Miles,LAC,True,2-pointer,0,9-11,'DET',trails
155,155,155,200102190DET,23.9,25.0,1st quarter,7:29.0,Eric Piatkowski,LAC,False,2-pointer,20,9-13,'DET',trails
156,156,156,200102190DET,32.3,5.4,1st quarter,7:21.0,Corey Maggette,LAC,False,2-pointer,8,9-13,'DET',trails
157,157,157,200102190DET,14.6,5.4,1st quarter,6:52.0,Michael Olowokandi,LAC,False,2-pointer,9,9-15,'DET',trails
158,158,158,200102190DET,16.1,21.0,1st quarter,6:33.0,Jeff McInnis,LAC,False,2-pointer,18,9-15,'DET',trails
159,159,159,200102190DET,39.3,26.1,1st quarter,6:06.0,Eric Piatkowski,LAC,True,3-pointer,26,12-17,'DET',trails
160,160,160,200102190DET,6.8,10.5,1st quarter,5:28.0,Darius Miles,LAC,False,2-pointer,18,12-19,'DET',trails
161,161,161,200102190DET,11.0,5.0,1st quarter,4:56.0,Michael Olowokandi,LAC,True,2-pointer,13,14-19,'DET',trails
162,162,162,200102190DET,17.5,8.6,1st quarter,4:22.0,Michael Olowokandi,LAC,True,2-pointer,7,16-19,'DET',trails
163,163,163,200102190DET,24.0,5.0,1st quarter,3:35.0,Darius Miles,LAC,True,2-pointer,0,18-19,'DET',trails
164,164,164,200102190DET,24.0,5.0,1st quarter,3:06.0,Darius Miles,LAC,True,2-pointer,0,20-19,'DET',leads
165,165,165,200102190DET,8.9,11.6,1st quarter,2:08.0,Jeff McInnis,LAC,False,2-pointer,16,24-19,'DET',leads
166,166,166,200102190DET,20.3,10.5,1st quarter,1:59.0,Eric Piatkowski,LAC,False,2-pointer,7,24-19,'DET',leads
167,167,167,200102190DET,24.0,5.0,1st quarter,1:39.0,Darius Miles,LAC,True,2-pointer,0,26-19,'DET',leads
168,168,168,200102190DET,24.0,5.0,1st quarter,0:23.4,Corey Maggette,LAC,True,2-pointer,0,30-21,'DET',leads
169,169,169,200102190DET,23.9,20.6,2nd quarter,11:39.0,Jeff McInnis,LAC,True,2-pointer,16,32-21,'DET',leads
170,170,170,200102190DET,24.0,5.0,2nd quarter,11:17.0,Corey Maggette,LAC,True,2-pointer,0,34-21,'DET',leads
171,171,171,200102190DET,11.6,4.4,2nd quarter,10:22.0,Darius Miles,LAC,True,2-pointer,12,36-24,'DET',leads
172,172,172,200102190DET,16.9,8.6,2nd quarter,9:30.0,Michael Olowokandi,LAC,False,2-pointer,8,36-27,'DET',leads
173,173,173,200102190DET,1.7,17.0,2nd quarter,9:14.0,Eric Piatkowski,LAC,True,3-pointer,25,39-27,'DET',leads
174,174,174,200102190DET,25.8,14.3,2nd quarter,8:32.0,Jeff McInnis,LAC,True,2-pointer,9,41-29,'DET',leads
175,175,175,200102190DET,8.9,5.4,2nd quarter,7:46.0,Corey Maggette,LAC,False,2-pointer,15,41-32,'DET',leads
176,176,176,200102190DET,16.9,6.9,2nd quarter,7:29.0,Quentin Richardson,LAC,False,2-pointer,7,41-32,'DET',leads
177,177,177,200102190DET,8.3,5.0,2nd quarter,7:01.0,Quentin Richardson,LAC,True,2-pointer,16,45-35,'DET',leads
178,178,178,200102190DET,11.6,30.7,2nd quarter,6:32.0,Quentin Richardson,LAC,False,3-pointer,29,45-35,'DET',leads
179,179,179,200102190DET,8.9,5.9,2nd quarter,6:11.0,Sean Rooks,LAC,True,2-pointer,15,47-37,'DET',leads
180,180,180,200102190DET,24.0,5.0,2nd quarter,5:44.0,Quentin Richardson,LAC,True,2-pointer,0,49-37,'DET',leads
181,181,181,200102190DET,16.9,12.0,2nd quarter,4:06.0,Quentin Richardson,LAC,True,2-pointer,10,53-40,'DET',leads
182,182,182,200102190DET,24.0,5.0,2nd quarter,3:21.0,Brian Skinner,LAC,False,2-pointer,0,54-40,'DET',leads
183,183,183,200102190DET,24.0,5.0,2nd quarter,3:17.0,Sean Rooks,LAC,True,2-pointer,0,56-40,'DET',leads
184,184,184,200102190DET,38.0,12.0,2nd quarter,2:18.0,Corey Maggette,LAC,False,2-pointer,16,57-40,'DET',leads
185,185,185,200102190DET,11.0,9.2,2nd quarter,2:13.0,Brian Skinner,LAC,True,2-pointer,14,59-40,'DET',leads
186,186,186,200102190DET,40.1,6.9,2nd quarter,1:35.0,Sean Rooks,LAC,False,2-pointer,16,59-42,'DET',leads
187,187,187,200102190DET,34.4,5.9,2nd quarter,0:56.3,Brian Skinner,LAC,False,2-pointer,10,60-44,'DET',leads
188,188,188,200102190DET,8.9,5.9,2nd quarter,0:34.8,Sean Rooks,LAC,False,2-pointer,15,60-46,'DET',leads
189,189,189,200102190DET,30.8,5.9,2nd quarter,0:14.9,Brian Skinner,LAC,False,2-pointer,7,60-46,'DET',leads
190,190,190,200102190DET,6.2,27.2,2nd quarter,0:11.8,Quentin Richardson,LAC,False,3-pointer,28,60-46,'DET',leads
191,191,191,200102190DET,42.2,5.9,2nd quarter,0:04.2,Eric Piatkowski,LAC,False,2-pointer,18,60-46,'DET',leads
192,192,192,200102190DET,37.2,5.4,3rd quarter,11:34.0,Darius Miles,LAC,False,2-pointer,13,60-46,'DET',leads
193,193,193,200102190DET,32.9,5.0,3rd quarter,11:03.0,Michael Olowokandi,LAC,False,2-pointer,9,60-46,'DET',leads
194,194,194,200102190DET,24.0,5.0,3rd quarter,9:47.0,Michael Olowokandi,LAC,True,2-pointer,0,62-48,'DET',leads
195,195,195,200102190DET,24.0,5.0,3rd quarter,9:16.0,Darius Miles,LAC,False,2-pointer,0,62-50,'DET',leads
196,196,196,200102190DET,37.2,15.6,3rd quarter,8:30.0,Eric Piatkowski,LAC,False,2-pointer,17,62-53,'DET',leads
197,197,197,200102190DET,8.3,12.6,3rd quarter,7:56.0,Lamar Odom,LAC,True,2-pointer,17,64-55,'DET',leads
198,198,198,200102190DET,16.9,9.9,3rd quarter,7:19.0,Jeff McInnis,LAC,False,2-pointer,9,64-56,'DET',leads
199,199,199,200102190DET,8.3,26.7,3rd quarter,6:34.0,Eric Piatkowski,LAC,True,3-pointer,27,67-58,'DET',leads
200,200,200,200102190DET,47.3,7.6,3rd quarter,6:04.0,Eric Piatkowski,LAC,False,3-pointer,23,67-58,'DET',leads
201,201,201,200102190DET,30.2,8.6,3rd quarter,4:52.0,Lamar Odom,LAC,False,2-pointer,7,67-58,'DET',leads
202,202,202,200102190DET,46.6,15.6,3rd quarter,3:36.0,Eric Piatkowski,LAC,True,3-pointer,25,72-62,'DET',leads
203,203,203,200102190DET,32.9,6.9,3rd quarter,2:59.0,Michael Olowokandi,LAC,True,2-pointer,9,74-62,'DET',leads
204,204,204,200102190DET,34.4,21.0,3rd quarter,0:52.1,Sean Rooks,LAC,False,2-pointer,19,74-62,'DET',leads
205,205,205,200102190DET,32.3,16.6,3rd quarter,0:24.1,Sean Rooks,LAC,True,2-pointer,14,76-64,'DET',leads
206,206,206,200102190DET,40.1,26.1,3rd quarter,0:01.3,Jeff McInnis,LAC,False,3-pointer,27,76-66,'DET',leads
207,207,207,200102190DET,35.9,6.5,4th quarter,11:11.0,Jeff McInnis,LAC,True,2-pointer,12,78-66,'DET',leads
208,208,208,200102190DET,24.0,5.0,4th quarter,10:48.0,Corey Maggette,LAC,True,2-pointer,0,81-68,'DET',leads
209,209,209,200102190DET,10.4,13.2,4th quarter,10:17.0,Sean Rooks,LAC,True,2-pointer,16,83-70,'DET',leads
210,210,210,200102190DET,24.0,5.0,4th quarter,9:37.0,Darius Miles,LAC,False,2-pointer,0,83-70,'DET',leads
211,211,211,200102190DET,2.6,21.7,4th quarter,8:28.0,Corey Maggette,LAC,False,3-pointer,27,84-75,'DET',leads
212,212,212,200102190DET,24.0,5.0,4th quarter,8:06.0,Keyon Dooling,LAC,False,2-pointer,0,84-77,'DET',leads
213,213,213,200102190DET,12.5,17.0,4th quarter,7:34.0,Keyon Dooling,LAC,False,2-pointer,17,84-79,'DET',leads
214,214,214,200102190DET,24.0,5.0,4th quarter,6:30.0,Darius Miles,LAC,True,2-pointer,0,87-81,'DET',leads
215,215,215,200102190DET,13.1,18.7,4th quarter,5:54.0,Jeff McInnis,LAC,False,2-pointer,18,87-83,'DET',leads
216,216,216,200102190DET,33.8,17.0,4th quarter,5:21.0,Sean Rooks,LAC,False,2-pointer,15,87-85,'DET',leads
217,217,217,200102190DET,8.9,26.1,4th quarter,4:58.0,Lamar Odom,LAC,False,3-pointer,26,87-88,'DET',trails
218,218,218,200102190DET,13.1,14.9,4th quarter,4:31.0,Jeff McInnis,LAC,True,2-pointer,15,89-90,'DET',trails
219,219,219,200102190DET,47.3,14.9,4th quarter,3:56.0,Eric Piatkowski,LAC,False,3-pointer,25,89-90,'DET',trails
220,220,220,200102190DET,24.0,5.0,4th quarter,3:51.0,Lamar Odom,LAC,True,2-pointer,0,91-90,'DET',leads
221,221,221,200102190DET,24.0,5.0,4th quarter,3:24.0,Lamar Odom,LAC,True,2-pointer,0,93-90,'DET',leads
222,222,222,200102190DET,32.9,9.2,4th quarter,0:25.4,Lamar Odom,LAC,False,2-pointer,10,96-96,'DET',tied
223,223,223,200102190DET,8.9,14.9,4th quarter,0:00.5,Lamar Odom,LAC,False,2-pointer,18,96-96,'DET',tied
224,224,224,200102190DET,1.1,5.0,1st overtime,3:40.0,Eric Piatkowski,LAC,True,3-pointer,23,99-100,'DET',trails
225,225,225,200102190DET,9.5,11.6,1st overtime,3:07.0,Lamar Odom,LAC,True,2-pointer,16,101-100,'DET',leads
226,226,226,200102190DET,36.5,13.2,1st overtime,2:33.0,Jeff McInnis,LAC,True,2-pointer,15,103-102,'DET',leads
227,227,227,200102190DET,24.0,5.0,1st overtime,1:16.0,Darius Miles,LAC,True,2-pointer,0,105-104,'DET',leads
228,228,228,200102190DET,40.7,5.4,1st overtime,0:33.9,Sean Rooks,LAC,True,2-pointer,17,107-104,'DET',leads
229,229,229,200102190DET,29.6,7.6,1st quarter,11:43.0,Joe Smith,DET,False,2-pointer,6,0-0,'DET',tied
230,230,230,200102190DET,24.0,5.0,1st quarter,11:17.0,Michael Curry,DET,True,2-pointer,0,2-2,'DET',tied
231,231,231,200102190DET,24.0,5.0,1st quarter,10:43.0,Joe Smith,DET,True,2-pointer,0,4-4,'DET',tied
232,232,232,200102190DET,47.3,4.4,1st quarter,10:00.0,Michael Curry,DET,False,3-pointer,23,4-4,'DET',tied
233,233,233,200102190DET,47.3,14.3,1st quarter,9:38.0,Jerry Stackhouse,DET,True,3-pointer,25,7-7,'DET',tied
234,234,234,200102190DET,24.0,5.0,1st quarter,8:59.0,Jerry Stackhouse,DET,True,2-pointer,0,9-7,'DET',leads
235,235,235,200102190DET,11.0,16.6,1st quarter,8:32.0,Michael Curry,DET,True,2-pointer,17,11-7,'DET',leads
236,236,236,200102190DET,47.3,10.5,1st quarter,8:06.0,Jerry Stackhouse,DET,False,3-pointer,24,11-7,'DET',leads
237,237,237,200102190DET,24.0,5.0,1st quarter,7:14.0,Michael Curry,DET,True,2-pointer,0,15-9,'DET',leads
238,238,238,200102190DET,24.0,5.0,1st quarter,6:44.0,Ben Wallace,DET,False,2-pointer,0,15-9,'DET',leads
239,239,239,200102190DET,24.0,5.0,1st quarter,6:40.0,Joe Smith,DET,False,2-pointer,0,15-9,'DET',leads
240,240,240,200102190DET,24.0,5.0,1st quarter,6:25.0,Joe Smith,DET,True,2-pointer,0,17-9,'DET',leads
241,241,241,200102190DET,1.1,5.4,1st quarter,4:40.0,Jerry Stackhouse,DET,False,3-pointer,23,19-14,'DET',leads
242,242,242,200102190DET,39.3,6.5,1st quarter,4:09.0,Chucky Atkins,DET,False,2-pointer,15,19-16,'DET',leads
243,243,243,200102190DET,13.1,18.7,1st quarter,3:54.0,Jerry Stackhouse,DET,False,2-pointer,18,19-16,'DET',leads
244,244,244,200102190DET,40.1,5.4,1st quarter,3:18.0,Michael Curry,DET,False,2-pointer,16,19-18,'DET',leads
245,245,245,200102190DET,30.2,22.7,1st quarter,3:12.0,Joe Smith,DET,False,2-pointer,19,19-18,'DET',leads
246,246,246,200102190DET,11.0,12.0,1st quarter,2:48.0,Joe Smith,DET,False,2-pointer,15,19-20,'DET',trails
247,247,247,200102190DET,24.0,5.0,1st quarter,2:27.0,Jerome Williams,DET,False,2-pointer,0,19-22,'DET',trails
248,248,248,200102190DET,24.0,5.0,1st quarter,2:25.0,Jerome Williams,DET,False,2-pointer,0,19-22,'DET',trails
249,249,249,200102190DET,19.0,8.0,1st quarter,1:46.0,John Wallace,DET,False,2-pointer,6,19-24,'DET',trails
250,250,250,200102190DET,8.3,13.2,1st quarter,1:28.0,John Wallace,DET,True,2-pointer,18,21-26,'DET',trails
251,251,251,200102190DET,34.4,5.9,1st quarter,0:53.0,Eric Montross,DET,False,2-pointer,10,21-27,'DET',trails
252,252,252,200102190DET,6.2,5.0,1st quarter,0:01.0,Jerome Williams,DET,False,2-pointer,18,21-30,'DET',trails
253,253,253,200102190DET,33.8,20.6,2nd quarter,11:28.0,Dana Barros,DET,False,2-pointer,18,21-32,'DET',trails
254,254,254,200102190DET,38.6,18.3,2nd quarter,10:59.0,Jud Buechler,DET,False,2-pointer,20,21-34,'DET',trails
255,255,255,200102190DET,47.3,7.6,2nd quarter,10:50.0,Jerry Stackhouse,DET,True,3-pointer,23,24-34,'DET',trails
256,256,256,200102190DET,47.9,11.6,2nd quarter,9:55.0,Jud Buechler,DET,True,3-pointer,25,27-36,'DET',trails
257,257,257,200102190DET,24.0,5.0,2nd quarter,9:25.0,Dana Barros,DET,False,2-pointer,0,27-36,'DET',trails
258,258,258,200102190DET,24.0,5.0,2nd quarter,9:22.0,Jerome Williams,DET,False,2-pointer,0,27-36,'DET',trails
259,259,259,200102190DET,36.5,8.0,2nd quarter,8:49.0,Jerry Stackhouse,DET,True,2-pointer,13,29-39,'DET',trails
260,260,260,200102190DET,44.5,23.4,2nd quarter,8:20.0,Dana Barros,DET,True,3-pointer,28,32-41,'DET',trails
261,261,261,200102190DET,24.0,5.0,2nd quarter,7:17.0,Jerry Stackhouse,DET,True,2-pointer,0,34-43,'DET',trails
262,262,262,200102190DET,35.9,6.9,2nd quarter,6:45.0,Joe Smith,DET,False,2-pointer,12,35-45,'DET',trails
263,263,263,200102190DET,40.1,5.9,2nd quarter,5:49.0,Joe Smith,DET,False,2-pointer,16,37-47,'DET',trails
264,264,264,200102190DET,4.7,23.4,2nd quarter,4:59.0,Jud Buechler,DET,False,3-pointer,27,40-51,'DET',trails
265,265,265,200102190DET,28.7,9.9,2nd quarter,3:49.0,John Wallace,DET,False,2-pointer,7,40-53,'DET',trails
266,266,266,200102190DET,33.8,10.9,2nd quarter,3:09.0,Chucky Atkins,DET,False,2-pointer,11,40-56,'DET',trails
267,267,267,200102190DET,13.9,18.3,2nd quarter,2:00.0,Joe Smith,DET,True,2-pointer,17,42-59,'DET',trails
268,268,268,200102190DET,42.2,5.9,2nd quarter,1:17.0,Jerome Williams,DET,True,2-pointer,18,44-60,'DET',trails
269,269,269,200102190DET,36.5,8.6,2nd quarter,0:00.7,Jerry Stackhouse,DET,False,2-pointer,13,46-60,'DET',trails
270,270,270,200102190DET,5.3,5.0,3rd quarter,11:19.0,Joe Smith,DET,False,2-pointer,19,46-60,'DET',trails
271,271,271,200102190DET,24.0,5.0,3rd quarter,10:58.0,Chucky Atkins,DET,False,2-pointer,0,46-60,'DET',trails
272,272,272,200102190DET,19.0,6.5,3rd quarter,10:53.0,Ben Wallace,DET,False,2-pointer,5,46-60,'DET',trails
273,273,273,200102190DET,33.8,17.7,3rd quarter,10:11.0,Jerry Stackhouse,DET,False,2-pointer,16,46-60,'DET',trails
274,274,274,200102190DET,6.8,25.7,3rd quarter,10:06.0,Chucky Atkins,DET,False,3-pointer,27,46-60,'DET',trails
275,275,275,200102190DET,24.0,5.0,3rd quarter,10:03.0,Ben Wallace,DET,True,2-pointer,0,48-60,'DET',trails
276,276,276,200102190DET,24.0,5.0,3rd quarter,9:31.0,Joe Smith,DET,False,2-pointer,0,48-62,'DET',trails
277,277,277,200102190DET,41.6,9.2,3rd quarter,9:24.0,Michael Curry,DET,True,2-pointer,18,50-62,'DET',trails
278,278,278,200102190DET,24.0,5.0,3rd quarter,8:46.0,Ben Wallace,DET,True,2-pointer,0,53-62,'DET',trails
279,279,279,200102190DET,16.9,6.9,3rd quarter,8:15.0,Joe Smith,DET,True,2-pointer,7,55-62,'DET',trails
280,280,280,200102190DET,16.9,6.5,3rd quarter,7:36.0,Joe Smith,DET,False,2-pointer,7,55-64,'DET',trails
281,281,281,200102190DET,8.3,13.2,3rd quarter,7:05.0,Jerry Stackhouse,DET,False,2-pointer,18,56-64,'DET',trails
282,282,282,200102190DET,14.6,10.5,3rd quarter,6:58.0,Ben Wallace,DET,True,2-pointer,11,58-64,'DET',trails
283,283,283,200102190DET,6.8,10.9,3rd quarter,6:15.0,Chucky Atkins,DET,False,2-pointer,18,58-67,'DET',trails
284,284,284,200102190DET,11.6,10.9,3rd quarter,5:48.0,Jerry Stackhouse,DET,False,2-pointer,14,58-67,'DET',trails
285,285,285,200102190DET,24.0,5.0,3rd quarter,5:17.0,Jerry Stackhouse,DET,False,2-pointer,0,58-67,'DET',trails
286,286,286,200102190DET,24.0,5.0,3rd quarter,5:14.0,Jerry Stackhouse,DET,False,2-pointer,0,58-67,'DET',trails
287,287,287,200102190DET,20.3,7.6,3rd quarter,4:31.0,Joe Smith,DET,True,2-pointer,5,60-67,'DET',trails
288,288,288,200102190DET,7.4,4.4,3rd quarter,3:55.0,Joe Smith,DET,True,2-pointer,17,62-69,'DET',trails
289,289,289,200102190DET,3.8,21.0,3rd quarter,3:21.0,Jerry Stackhouse,DET,False,3-pointer,26,62-72,'DET',trails
290,290,290,200102190DET,37.2,6.9,3rd quarter,2:45.0,Michael Curry,DET,False,2-pointer,13,62-74,'DET',trails
291,291,291,200102190DET,3.8,21.0,3rd quarter,2:06.0,Chucky Atkins,DET,False,3-pointer,26,62-74,'DET',trails
292,292,292,200102190DET,9.5,4.4,3rd quarter,1:33.0,Jerome Williams,DET,False,2-pointer,15,62-74,'DET',trails
293,293,293,200102190DET,24.0,5.0,3rd quarter,0:38.4,Chucky Atkins,DET,True,2-pointer,0,64-74,'DET',trails
294,294,294,200102190DET,40.7,9.2,3rd quarter,0:07.6,Chucky Atkins,DET,True,2-pointer,17,66-76,'DET',trails
295,295,295,200102190DET,0.2,3.7,4th quarter,11:45.0,Jud Buechler,DET,False,3-pointer,24,66-76,'DET',trails
296,296,296,200102190DET,41.6,5.0,4th quarter,11:35.0,John Wallace,DET,False,2-pointer,18,66-76,'DET',trails
297,297,297,200102190DET,24.0,5.0,4th quarter,10:54.0,Chucky Atkins,DET,True,2-pointer,0,68-78,'DET',trails
298,298,298,200102190DET,6.8,10.9,4th quarter,10:36.0,Joe Smith,DET,True,2-pointer,18,70-81,'DET',trails
299,299,299,200102190DET,24.0,5.0,4th quarter,9:27.0,John Wallace,DET,False,2-pointer,0,70-83,'DET',trails
300,300,300,200102190DET,47.9,14.3,4th quarter,9:14.0,Jerry Stackhouse,DET,False,3-pointer,26,70-84,'DET',trails
301,301,301,200102190DET,24.0,5.0,4th quarter,9:12.0,John Wallace,DET,True,2-pointer,0,72-84,'DET',trails
302,302,302,200102190DET,30.2,18.7,4th quarter,8:48.0,John Wallace,DET,True,2-pointer,15,75-84,'DET',trails
303,303,303,200102190DET,35.9,20.0,4th quarter,7:51.0,Dana Barros,DET,True,2-pointer,19,79-84,'DET',trails
304,304,304,200102190DET,13.1,21.0,4th quarter,7:24.0,Joe Smith,DET,True,2-pointer,19,81-84,'DET',trails
305,305,305,200102190DET,32.3,20.6,4th quarter,6:17.0,Joe Smith,DET,False,2-pointer,18,81-87,'DET',trails
306,306,306,200102190DET,7.4,6.5,4th quarter,6:12.0,Jerry Stackhouse,DET,True,2-pointer,17,83-87,'DET',trails
307,307,307,200102190DET,24.0,5.0,4th quarter,5:47.0,John Wallace,DET,True,2-pointer,0,85-87,'DET',trails
308,308,308,200102190DET,24.0,5.0,4th quarter,5:16.0,Jerry Stackhouse,DET,True,2-pointer,0,87-87,'DET',tied
309,309,309,200102190DET,24.0,5.0,4th quarter,4:51.0,Jerry Stackhouse,DET,False,2-pointer,0,88-87,'DET',leads
310,310,310,200102190DET,42.2,7.6,4th quarter,4:43.0,Jerry Stackhouse,DET,True,2-pointer,18,90-87,'DET',leads
311,311,311,200102190DET,40.1,11.6,4th quarter,4:13.0,John Wallace,DET,False,2-pointer,17,90-89,'DET',leads
312,312,312,200102190DET,24.0,5.0,4th quarter,2:02.0,John Wallace,DET,True,2-pointer,0,94-96,'DET',trails
313,313,313,200102190DET,35.0,28.4,4th quarter,1:18.0,Jerry Stackhouse,DET,False,3-pointer,26,94-96,'DET',trails
314,314,314,200102190DET,36.5,20.6,4th quarter,0:35.7,Jerry Stackhouse,DET,True,2-pointer,20,96-96,'DET',tied
315,315,315,200102190DET,24.0,5.0,1st overtime,4:35.0,Ben Wallace,DET,True,2-pointer,0,98-96,'DET',leads
316,316,316,200102190DET,8.3,3.7,1st overtime,4:05.0,Jerry Stackhouse,DET,False,2-pointer,16,98-96,'DET',leads
317,317,317,200102190DET,10.4,5.0,1st overtime,3:19.0,John Wallace,DET,False,2-pointer,14,100-99,'DET',leads
318,318,318,200102190DET,24.0,5.0,1st overtime,2:56.0,Ben Wallace,DET,True,2-pointer,0,102-101,'DET',leads
319,319,319,200102190DET,4.7,9.2,1st overtime,2:16.0,Chucky Atkins,DET,True,2-pointer,20,104-103,'DET',leads
320,320,320,200102190DET,11.6,14.3,1st overtime,1:35.0,Chucky Atkins,DET,False,2-pointer,16,104-103,'DET',leads
321,321,321,200102190DET,12.5,30.1,1st overtime,0:54.5,John Wallace,DET,False,3-pointer,28,104-105,'DET',trails
322,322,322,200102190DET,36.5,5.0,1st overtime,0:24.5,Jerry Stackhouse,DET,False,2-pointer,13,104-107,'DET',trails
323,323,323,200102190DET,10.4,26.1,1st overtime,0:18.0,Jerry Stackhouse,DET,False,3-pointer,25,104-107,'DET',trails
324,324,324,200102190DET,35.0,18.7,1st overtime,0:00.5,Dana Barros,DET,True,2-pointer,18,106-111,'DET',trails
325,325,325,200102190MIL,12.5,4.4,1st quarter,11:30.0,Antonio Daniels,SAS,True,2-pointer,12,2-0,'SAS',leads
326,326,326,200102190MIL,16.1,9.2,1st quarter,10:51.0,Tim Duncan,SAS,True,2-pointer,9,4-0,'SAS',leads
327,327,327,200102190MIL,47.3,5.4,1st quarter,10:06.0,Derek Anderson,SAS,True,3-pointer,23,7-0,'SAS',leads
328,328,328,200102190MIL,1.1,5.0,1st quarter,9:29.0,Antonio Daniels,SAS,True,3-pointer,23,10-2,'SAS',leads
329,329,329,200102190MIL,20.3,5.9,1st quarter,9:00.0,David Robinson,SAS,False,2-pointer,4,10-2,'SAS',leads
330,330,330,200102190MIL,3.8,20.6,1st quarter,8:26.0,Antonio Daniels,SAS,True,3-pointer,26,13-4,'SAS',leads
331,331,331,200102190MIL,14.6,10.9,1st quarter,7:59.0,Tim Duncan,SAS,False,2-pointer,11,13-7,'SAS',leads
332,332,332,200102190MIL,35.0,13.7,1st quarter,7:51.0,Derek Anderson,SAS,False,2-pointer,14,13-7,'SAS',leads
333,333,333,200102190MIL,24.0,5.0,1st quarter,7:25.0,Tim Duncan,SAS,True,2-pointer,0,15-9,'SAS',leads
334,334,334,200102190MIL,32.3,16.6,1st quarter,7:03.0,David Robinson,SAS,False,2-pointer,14,15-9,'SAS',leads
335,335,335,200102190MIL,8.9,13.2,1st quarter,6:42.0,Terry Porter,SAS,True,2-pointer,17,17-12,'SAS',leads
336,336,336,200102190MIL,30.2,6.9,1st quarter,6:06.0,David Robinson,SAS,False,2-pointer,6,18-14,'SAS',leads
337,337,337,200102190MIL,8.9,26.1,1st quarter,5:44.0,Derek Anderson,SAS,False,3-pointer,26,18-14,'SAS',leads
338,338,338,200102190MIL,47.3,5.4,1st quarter,5:20.0,Derek Anderson,SAS,False,3-pointer,23,18-14,'SAS',leads
339,339,339,200102190MIL,24.0,5.0,1st quarter,5:18.0,David Robinson,SAS,False,2-pointer,0,18-14,'SAS',leads
340,340,340,200102190MIL,24.0,5.0,1st quarter,5:12.0,Tim Duncan,SAS,False,2-pointer,0,18-14,'SAS',leads
341,341,341,200102190MIL,24.0,5.0,1st quarter,5:10.0,Tim Duncan,SAS,True,2-pointer,0,20-14,'SAS',leads
342,342,342,200102190MIL,24.0,5.0,1st quarter,4:10.0,David Robinson,SAS,False,2-pointer,0,20-16,'SAS',leads
343,343,343,200102190MIL,24.0,5.0,1st quarter,4:08.0,Tim Duncan,SAS,False,2-pointer,0,20-16,'SAS',leads
344,344,344,200102190MIL,24.0,5.0,1st quarter,3:58.0,Derek Anderson,SAS,False,2-pointer,0,20-16,'SAS',leads
345,345,345,200102190MIL,24.0,5.0,1st quarter,3:30.0,Tim Duncan,SAS,True,2-pointer,0,22-19,'SAS',leads
346,346,346,200102190MIL,33.8,13.2,1st quarter,2:49.0,Tim Duncan,SAS,False,2-pointer,13,22-21,'SAS',leads
347,347,347,200102190MIL,47.9,4.4,1st quarter,1:58.0,Derek Anderson,SAS,True,3-pointer,24,25-24,'SAS',leads
348,348,348,200102190MIL,37.2,29.1,1st quarter,1:29.0,Antonio Daniels,SAS,True,3-pointer,27,28-24,'SAS',leads
349,349,349,200102190MIL,23.9,22.7,1st quarter,0:42.0,Derek Anderson,SAS,True,2-pointer,18,30-26,'SAS',leads
350,350,350,200102190MIL,11.0,4.4,1st quarter,0:04.5,Derek Anderson,SAS,True,2-pointer,13,32-26,'SAS',leads
351,351,351,200102190MIL,26.4,26.7,2nd quarter,11:40.0,Danny Ferry,SAS,False,2-pointer,22,32-26,'SAS',leads
352,352,352,200102190MIL,24.0,5.0,2nd quarter,10:16.0,Tim Duncan,SAS,False,2-pointer,0,32-30,'SAS',leads
353,353,353,200102190MIL,37.2,4.4,2nd quarter,9:50.0,Derek Anderson,SAS,True,2-pointer,13,34-30,'SAS',leads
354,354,354,200102190MIL,24.0,5.0,2nd quarter,9:22.0,Derek Anderson,SAS,True,2-pointer,0,36-30,'SAS',leads
355,355,355,200102190MIL,24.0,5.0,2nd quarter,8:44.0,Antonio Daniels,SAS,False,2-pointer,0,36-30,'SAS',leads
356,356,356,200102190MIL,24.0,5.0,2nd quarter,8:12.0,Tim Duncan,SAS,False,2-pointer,0,36-33,'SAS',leads
357,357,357,200102190MIL,24.0,5.0,2nd quarter,7:55.0,Avery Johnson,SAS,True,2-pointer,0,38-35,'SAS',leads
358,358,358,200102190MIL,12.5,3.7,2nd quarter,6:17.0,David Robinson,SAS,False,2-pointer,12,38-38,'SAS',tied
359,359,359,200102190MIL,24.0,5.0,2nd quarter,5:17.0,David Robinson,SAS,False,2-pointer,0,38-40,'SAS',trails
360,360,360,200102190MIL,24.0,5.0,2nd quarter,5:15.0,David Robinson,SAS,False,2-pointer,0,38-40,'SAS',trails
361,361,361,200102190MIL,47.3,4.4,2nd quarter,4:52.0,Terry Porter,SAS,True,3-pointer,23,41-40,'SAS',leads
362,362,362,200102190MIL,24.0,5.0,2nd quarter,4:30.0,Derrick Dial,SAS,True,2-pointer,0,43-40,'SAS',leads
363,363,363,200102190MIL,21.1,7.6,2nd quarter,4:03.0,Avery Johnson,SAS,False,2-pointer,4,43-42,'SAS',leads
364,364,364,200102190MIL,39.3,15.6,2nd quarter,3:21.0,David Robinson,SAS,True,2-pointer,19,45-45,'SAS',tied
365,365,365,200102190MIL,7.4,8.0,2nd quarter,2:41.0,Avery Johnson,SAS,False,2-pointer,17,45-47,'SAS',trails
366,366,366,200102190MIL,24.0,5.0,2nd quarter,1:35.0,Tim Duncan,SAS,False,2-pointer,0,45-51,'SAS',trails
367,367,367,200102190MIL,34.4,29.1,2nd quarter,1:00.0,Terry Porter,SAS,False,3-pointer,26,45-54,'SAS',trails
368,368,368,200102190MIL,1.1,3.7,2nd quarter,0:49.5,Derek Anderson,SAS,True,3-pointer,23,48-54,'SAS',trails
369,369,369,200102190MIL,35.9,14.3,2nd quarter,0:22.7,Derek Anderson,SAS,False,2-pointer,15,48-54,'SAS',trails
370,370,370,200102190MIL,24.0,5.0,2nd quarter,0:00.3,Terry Porter,SAS,True,2-pointer,0,50-54,'SAS',trails
371,371,371,200102190MIL,24.0,5.0,3rd quarter,11:47.0,Tim Duncan,SAS,False,2-pointer,0,50-54,'SAS',trails
372,372,372,200102190MIL,24.0,5.0,3rd quarter,11:31.0,Antonio Daniels,SAS,True,2-pointer,0,52-54,'SAS',trails
373,373,373,200102190MIL,47.9,5.4,3rd quarter,10:55.0,Terry Porter,SAS,False,3-pointer,24,52-54,'SAS',trails
374,374,374,200102190MIL,43.1,2.7,3rd quarter,9:48.0,Derek Anderson,SAS,False,2-pointer,19,52-56,'SAS',trails
375,375,375,200102190MIL,24.0,5.0,3rd quarter,9:14.0,David Robinson,SAS,True,2-pointer,0,54-56,'SAS',trails
376,376,376,200102190MIL,24.0,5.0,3rd quarter,8:41.0,Terry Porter,SAS,False,2-pointer,0,54-56,'SAS',trails
377,377,377,200102190MIL,24.0,5.0,3rd quarter,8:40.0,Tim Duncan,SAS,True,2-pointer,0,56-56,'SAS',tied
378,378,378,200102190MIL,24.0,5.0,3rd quarter,8:19.0,Antonio Daniels,SAS,True,2-pointer,0,58-56,'SAS',leads
379,379,379,200102190MIL,21.7,10.5,3rd quarter,7:45.0,Tim Duncan,SAS,False,2-pointer,6,58-58,'SAS',tied
380,380,380,200102190MIL,24.0,5.0,3rd quarter,7:05.0,Derek Anderson,SAS,False,2-pointer,0,58-60,'SAS',trails
381,381,381,200102190MIL,13.1,9.2,3rd quarter,5:40.0,Tim Duncan,SAS,True,2-pointer,12,64-64,'SAS',tied
382,382,382,200102190MIL,12.5,10.5,3rd quarter,5:08.0,Tim Duncan,SAS,True,2-pointer,13,66-66,'SAS',tied
383,383,383,200102190MIL,37.2,5.9,3rd quarter,4:41.0,Tim Duncan,SAS,False,2-pointer,13,66-66,'SAS',tied
384,384,384,200102190MIL,31.7,21.7,3rd quarter,4:15.0,David Robinson,SAS,False,2-pointer,18,66-68,'SAS',trails
385,385,385,200102190MIL,11.0,29.1,3rd quarter,3:43.0,Derek Anderson,SAS,True,3-pointer,27,69-70,'SAS',trails
386,386,386,200102190MIL,40.1,5.9,3rd quarter,3:02.0,Tim Duncan,SAS,False,2-pointer,16,69-70,'SAS',trails
387,387,387,200102190MIL,37.2,4.4,3rd quarter,2:16.0,David Robinson,SAS,True,2-pointer,13,71-72,'SAS',trails
388,388,388,200102190MIL,18.2,17.0,3rd quarter,1:48.0,Derek Anderson,SAS,True,2-pointer,13,73-72,'SAS',leads
389,389,389,200102190MIL,11.6,13.7,3rd quarter,0:41.3,Avery Johnson,SAS,True,2-pointer,15,77-74,'SAS',leads
390,390,390,200102190MIL,40.1,6.5,3rd quarter,0:12.2,Antonio Daniels,SAS,True,2-pointer,16,79-76,'SAS',leads
391,391,391,200102190MIL,23.2,9.9,4th quarter,11:24.0,Tim Duncan,SAS,False,2-pointer,5,79-79,'SAS',tied
392,392,392,200102190MIL,37.2,17.0,4th quarter,11:08.0,Derek Anderson,SAS,True,2-pointer,18,81-79,'SAS',leads
393,393,393,200102190MIL,9.5,5.0,4th quarter,10:09.0,Tim Duncan,SAS,False,2-pointer,15,81-81,'SAS',tied
394,394,394,200102190MIL,7.4,7.6,4th quarter,8:24.0,Terry Porter,SAS,False,2-pointer,17,81-82,'SAS',trails
395,395,395,200102190MIL,32.3,4.4,4th quarter,8:00.0,Tim Duncan,SAS,False,2-pointer,8,81-85,'SAS',trails
396,396,396,200102190MIL,28.7,18.7,4th quarter,7:53.0,Derek Anderson,SAS,False,2-pointer,14,81-85,'SAS',trails
397,397,397,200102190MIL,35.0,10.5,4th quarter,6:50.0,David Robinson,SAS,True,2-pointer,12,83-85,'SAS',trails
398,398,398,200102190MIL,37.2,13.2,4th quarter,6:12.0,Derek Anderson,SAS,False,2-pointer,16,84-88,'SAS',trails
399,399,399,200102190MIL,24.0,5.0,4th quarter,4:56.0,David Robinson,SAS,True,2-pointer,0,88-90,'SAS',trails
400,400,400,200102190MIL,32.3,3.7,4th quarter,4:17.0,Tim Duncan,SAS,True,2-pointer,8,91-90,'SAS',leads
401,401,401,200102190MIL,25.8,20.6,4th quarter,3:41.0,Tim Duncan,SAS,False,2-pointer,16,91-93,'SAS',trails
402,402,402,200102190MIL,25.8,17.0,4th quarter,3:02.0,Tim Duncan,SAS,True,2-pointer,12,93-93,'SAS',tied
403,403,403,200102190MIL,19.6,8.6,4th quarter,2:26.0,Tim Duncan,SAS,True,2-pointer,6,95-95,'SAS',tied
404,404,404,200102190MIL,16.1,6.9,4th quarter,1:42.0,David Robinson,SAS,False,2-pointer,8,95-98,'SAS',trails
405,405,405,200102190MIL,31.7,29.5,4th quarter,1:10.0,Terry Porter,SAS,True,3-pointer,26,98-98,'SAS',tied
406,406,406,200102190MIL,11.0,26.7,4th quarter,0:03.9,Derek Anderson,SAS,False,3-pointer,25,98-101,'SAS',trails
407,407,407,200102190MIL,33.8,29.9,4th quarter,0:01.8,Tim Duncan,SAS,False,3-pointer,27,98-102,'SAS',trails
408,408,408,200102190MIL,24.0,5.0,1st quarter,11:10.0,Jason Caffey,MIL,False,2-pointer,0,0-2,'SAS',trails
409,409,409,200102190MIL,35.9,13.2,1st quarter,9:51.0,Sam Cassell,MIL,True,2-pointer,14,2-7,'SAS',trails
410,410,410,200102190MIL,24.0,5.0,1st quarter,9:15.0,Sam Cassell,MIL,False,2-pointer,0,2-10,'SAS',trails
411,411,411,200102190MIL,13.9,5.0,1st quarter,8:44.0,Glenn Robinson,MIL,True,2-pointer,10,4-10,'SAS',trails
412,412,412,200102190MIL,39.3,3.7,1st quarter,8:15.0,Sam Cassell,MIL,False,2-pointer,15,4-13,'SAS',trails
413,413,413,200102190MIL,24.0,5.0,1st quarter,8:12.0,Jason Caffey,MIL,True,2-pointer,0,6-13,'SAS',trails
414,414,414,200102190MIL,11.0,8.6,1st quarter,7:42.0,Glenn Robinson,MIL,True,2-pointer,13,9-13,'SAS',trails
415,415,415,200102190MIL,43.1,24.4,1st quarter,6:56.0,Ray Allen,MIL,True,3-pointer,27,12-15,'SAS',trails
416,416,416,200102190MIL,22.4,26.1,1st quarter,6:32.0,Glenn Robinson,MIL,False,2-pointer,21,12-18,'SAS',trails
417,417,417,200102190MIL,23.2,10.5,1st quarter,6:28.0,Jason Caffey,MIL,True,2-pointer,6,14-18,'SAS',trails
418,418,418,200102190MIL,24.0,5.0,1st quarter,4:32.0,Ray Allen,MIL,False,2-pointer,0,14-20,'SAS',trails
419,419,419,200102190MIL,11.0,27.8,1st quarter,3:52.0,Glenn Robinson,MIL,True,3-pointer,26,19-20,'SAS',trails
420,420,420,200102190MIL,40.1,3.1,1st quarter,3:07.0,Tim Thomas,MIL,True,2-pointer,16,21-22,'SAS',trails
421,421,421,200102190MIL,47.9,4.4,1st quarter,2:31.0,Ray Allen,MIL,True,3-pointer,24,24-22,'SAS',leads
422,422,422,200102190MIL,16.9,10.5,1st quarter,1:37.0,Lindsey Hunter,MIL,False,2-pointer,9,24-25,'SAS',trails
423,423,423,200102190MIL,24.0,5.0,1st quarter,1:09.0,Tim Thomas,MIL,True,2-pointer,0,26-28,'SAS',trails
424,424,424,200102190MIL,13.9,4.4,1st quarter,0:31.4,Glenn Robinson,MIL,False,2-pointer,10,26-30,'SAS',trails
425,425,425,200102190MIL,23.9,30.7,1st quarter,0:00.0,Ray Allen,MIL,False,3-pointer,26,26-32,'SAS',trails
426,426,426,200102190MIL,38.6,13.2,2nd quarter,11:10.0,Ray Allen,MIL,True,2-pointer,17,28-32,'SAS',trails
427,427,427,200102190MIL,21.7,10.9,2nd quarter,10:36.0,Glenn Robinson,MIL,True,2-pointer,6,30-32,'SAS',trails
428,428,428,200102190MIL,34.4,11.6,2nd quarter,9:31.0,Lindsey Hunter,MIL,False,2-pointer,12,30-34,'SAS',trails
429,429,429,200102190MIL,11.6,6.5,2nd quarter,8:58.0,Glenn Robinson,MIL,False,2-pointer,12,30-36,'SAS',trails
430,430,430,200102190MIL,8.3,25.0,2nd quarter,8:33.0,Lindsey Hunter,MIL,True,3-pointer,25,33-36,'SAS',trails
431,431,431,200102190MIL,24.0,5.0,2nd quarter,8:06.0,Ray Allen,MIL,True,2-pointer,0,35-36,'SAS',trails
432,432,432,200102190MIL,47.9,12.6,2nd quarter,7:29.0,Ray Allen,MIL,True,3-pointer,25,38-38,'SAS',tied
433,433,433,200102190MIL,13.9,18.3,2nd quarter,7:00.0,Sam Cassell,MIL,False,2-pointer,17,38-38,'SAS',tied
434,434,434,200102190MIL,4.7,3.7,2nd quarter,6:31.0,Lindsey Hunter,MIL,False,2-pointer,19,38-38,'SAS',tied
435,435,435,200102190MIL,23.2,14.9,2nd quarter,6:06.0,Sam Cassell,MIL,True,2-pointer,10,40-38,'SAS',leads
436,436,436,200102190MIL,8.3,9.9,2nd quarter,4:21.0,Sam Cassell,MIL,True,2-pointer,16,42-43,'SAS',trails
437,437,437,200102190MIL,47.3,12.6,2nd quarter,3:50.0,Lindsey Hunter,MIL,False,3-pointer,25,42-43,'SAS',trails
438,438,438,200102190MIL,35.0,27.8,2nd quarter,3:43.0,Tim Thomas,MIL,True,3-pointer,25,45-43,'SAS',leads
439,439,439,200102190MIL,38.6,8.0,2nd quarter,3:02.0,Lindsey Hunter,MIL,True,2-pointer,15,47-45,'SAS',leads
440,440,440,200102190MIL,24.0,5.0,2nd quarter,2:34.0,Sam Cassell,MIL,True,2-pointer,0,49-45,'SAS',leads
441,441,441,200102190MIL,35.0,18.7,2nd quarter,2:02.0,Sam Cassell,MIL,True,2-pointer,18,51-45,'SAS',leads
442,442,442,200102190MIL,16.9,30.7,2nd quarter,1:26.0,Tim Thomas,MIL,True,3-pointer,27,54-45,'SAS',leads
443,443,443,200102190MIL,14.6,3.7,2nd quarter,0:34.7,Glenn Robinson,MIL,False,2-pointer,9,54-48,'SAS',leads
444,444,444,200102190MIL,24.0,5.0,2nd quarter,0:06.0,Tim Thomas,MIL,False,2-pointer,0,54-48,'SAS',leads
445,445,445,200102190MIL,10.4,8.6,3rd quarter,11:39.0,Sam Cassell,MIL,False,2-pointer,14,54-50,'SAS',leads
446,446,446,200102190MIL,9.5,5.0,3rd quarter,11:15.0,Ray Allen,MIL,False,2-pointer,15,54-52,'SAS',leads
447,447,447,200102190MIL,8.3,3.1,3rd quarter,10:43.0,Sam Cassell,MIL,False,2-pointer,16,54-52,'SAS',leads
448,448,448,200102190MIL,24.0,5.0,3rd quarter,10:27.0,Ray Allen,MIL,True,2-pointer,0,56-52,'SAS',leads
449,449,449,200102190MIL,40.7,3.7,3rd quarter,9:30.0,Scott Williams,MIL,False,2-pointer,17,56-52,'SAS',leads
450,450,450,200102190MIL,11.0,3.7,3rd quarter,9:01.0,Scott Williams,MIL,False,2-pointer,13,56-54,'SAS',leads
451,451,451,200102190MIL,27.2,11.6,3rd quarter,8:22.0,Glenn Robinson,MIL,False,2-pointer,7,56-56,'SAS',tied
452,452,452,200102190MIL,10.4,8.0,3rd quarter,8:03.0,Glenn Robinson,MIL,True,2-pointer,14,58-58,'SAS',tied
453,453,453,200102190MIL,16.9,9.2,3rd quarter,7:25.0,Glenn Robinson,MIL,True,2-pointer,8,60-58,'SAS',leads
454,454,454,200102190MIL,24.0,5.0,3rd quarter,6:47.0,Scott Williams,MIL,True,2-pointer,0,62-58,'SAS',leads
455,455,455,200102190MIL,8.9,4.4,3rd quarter,6:20.0,Ray Allen,MIL,True,2-pointer,15,64-60,'SAS',leads
456,456,456,200102190MIL,8.9,4.4,3rd quarter,5:54.0,Glenn Robinson,MIL,False,2-pointer,15,64-62,'SAS',leads
457,457,457,200102190MIL,24.0,5.0,3rd quarter,5:23.0,Sam Cassell,MIL,True,2-pointer,0,66-64,'SAS',leads
458,458,458,200102190MIL,11.6,5.4,3rd quarter,4:30.0,Sam Cassell,MIL,True,2-pointer,12,68-66,'SAS',leads
459,459,459,200102190MIL,8.3,5.0,3rd quarter,4:08.0,Sam Cassell,MIL,True,2-pointer,16,70-66,'SAS',leads
460,460,460,200102190MIL,41.6,9.2,3rd quarter,3:19.0,Sam Cassell,MIL,False,2-pointer,18,70-69,'SAS',leads
461,461,461,200102190MIL,11.6,4.4,3rd quarter,2:41.0,Glenn Robinson,MIL,True,2-pointer,12,72-69,'SAS',leads
462,462,462,200102190MIL,12.5,2.7,3rd quarter,2:10.0,Ray Allen,MIL,False,2-pointer,12,72-71,'SAS',leads
463,463,463,200102190MIL,13.1,4.4,3rd quarter,1:42.0,Glenn Robinson,MIL,True,2-pointer,11,74-74,'SAS',tied
464,464,464,200102190MIL,32.3,13.2,3rd quarter,0:59.7,Tim Thomas,MIL,False,2-pointer,12,74-75,'SAS',trails
465,465,465,200102190MIL,11.6,8.0,3rd quarter,0:33.1,Sam Cassell,MIL,True,2-pointer,13,76-77,'SAS',trails
466,466,466,200102190MIL,35.9,27.8,3rd quarter,0:02.0,Lindsey Hunter,MIL,False,3-pointer,26,76-79,'SAS',trails
467,467,467,200102190MIL,11.6,27.8,4th quarter,11:44.0,Tim Thomas,MIL,True,3-pointer,26,79-79,'SAS',tied
468,468,468,200102190MIL,12.5,5.4,4th quarter,10:54.0,Lindsey Hunter,MIL,True,2-pointer,12,81-81,'SAS',tied
469,469,469,200102190MIL,14.6,18.7,4th quarter,10:28.0,Lindsey Hunter,MIL,False,2-pointer,17,81-81,'SAS',tied
470,470,470,200102190MIL,27.2,17.7,4th quarter,9:42.0,Lindsey Hunter,MIL,False,2-pointer,13,81-81,'SAS',tied
471,471,471,200102190MIL,47.9,5.4,4th quarter,9:20.0,Tim Thomas,MIL,False,3-pointer,24,82-81,'SAS',leads
472,472,472,200102190MIL,1.1,15.6,4th quarter,8:52.0,Tim Thomas,MIL,False,3-pointer,25,82-81,'SAS',leads
473,473,473,200102190MIL,25.1,16.0,4th quarter,8:18.0,Sam Cassell,MIL,True,2-pointer,11,84-81,'SAS',leads
474,474,474,200102190MIL,35.9,27.8,4th quarter,6:37.0,Ray Allen,MIL,True,3-pointer,26,88-84,'SAS',leads
475,475,475,200102190MIL,38.6,3.7,4th quarter,5:58.0,Tim Thomas,MIL,False,2-pointer,15,88-84,'SAS',leads
476,476,476,200102190MIL,14.6,10.9,4th quarter,5:36.0,Glenn Robinson,MIL,False,2-pointer,11,88-85,'SAS',leads
477,477,477,200102190MIL,24.3,24.4,4th quarter,5:10.0,Tim Thomas,MIL,True,2-pointer,19,90-86,'SAS',leads
478,478,478,200102190MIL,24.0,5.0,4th quarter,4:34.0,Sam Cassell,MIL,False,2-pointer,0,90-89,'SAS',leads
479,479,479,200102190MIL,46.6,16.0,4th quarter,4:00.0,Ray Allen,MIL,True,3-pointer,25,93-91,'SAS',leads
480,480,480,200102190MIL,47.3,5.4,4th quarter,3:25.0,Tim Thomas,MIL,False,3-pointer,23,93-91,'SAS',leads
481,481,481,200102190MIL,39.3,25.7,4th quarter,3:19.0,Glenn Robinson,MIL,False,3-pointer,26,93-91,'SAS',leads
482,482,482,200102190MIL,38.6,5.4,4th quarter,2:43.0,Glenn Robinson,MIL,True,2-pointer,15,95-93,'SAS',leads
483,483,483,200102190MIL,0.2,3.7,4th quarter,2:00.0,Tim Thomas,MIL,True,3-pointer,24,98-95,'SAS',leads
484,484,484,200102190MIL,34.4,29.5,4th quarter,1:19.0,Tim Thomas,MIL,False,3-pointer,27,98-95,'SAS',leads
485,485,485,200102190MIL,36.5,9.9,4th quarter,0:49.9,Glenn Robinson,MIL,True,2-pointer,13,100-98,'SAS',leads
486,486,486,200102190MIL,16.9,16.0,4th quarter,0:17.9,Glenn Robinson,MIL,False,2-pointer,13,100-98,'SAS',leads
487,487,487,200102190UTA,17.7,22.9,1st quarter,11:14.0,Kenny Anderson,BOS,False,2-pointer,19,1-1,'UTA',tied
488,488,488,200102190UTA,26.6,11.3,1st quarter,10:47.0,Bryant Stith,BOS,False,2-pointer,7,1-4,'UTA',trails
489,489,489,200102190UTA,4.0,18.7,1st quarter,10:42.0,Paul Pierce,BOS,True,3-pointer,24,4-4,'UTA',tied
490,490,490,200102190UTA,37.2,3.5,1st quarter,10:03.0,Mark Blount,BOS,False,2-pointer,13,4-4,'UTA',tied
491,491,491,200102190UTA,19.2,9.7,1st quarter,8:55.0,Antoine Walker,BOS,False,2-pointer,7,4-6,'UTA',trails
492,492,492,200102190UTA,44.7,18.7,1st quarter,8:22.0,Antoine Walker,BOS,False,3-pointer,25,4-6,'UTA',trails
493,493,493,200102190UTA,1.9,3.9,1st quarter,7:50.0,Paul Pierce,BOS,False,3-pointer,22,4-8,'UTA',trails
494,494,494,200102190UTA,24.3,6.1,1st quarter,7:26.0,Bryant Stith,BOS,False,2-pointer,1,4-9,'UTA',trails
495,495,495,200102190UTA,24.0,5.0,1st quarter,6:04.0,Eric Williams,BOS,False,2-pointer,0,4-16,'UTA',trails
496,496,496,200102190UTA,47.9,5.0,1st quarter,5:24.0,Eric Williams,BOS,False,3-pointer,24,4-16,'UTA',trails
497,497,497,200102190UTA,29.6,6.7,1st quarter,4:55.0,Vitaly Potapenko,BOS,True,2-pointer,6,6-16,'UTA',trails
498,498,498,200102190UTA,25.1,7.8,1st quarter,3:54.0,Vitaly Potapenko,BOS,True,2-pointer,3,8-16,'UTA',trails
499,499,499,200102190UTA,26.6,6.7,1st quarter,3:02.0,Chris Carr,BOS,False,2-pointer,3,10-19,'UTA',trails
500,500,500,200102190UTA,20.1,10.7,1st quarter,2:01.0,Antoine Walker,BOS,False,2-pointer,7,13-21,'UTA',trails
501,501,501,200102190UTA,24.0,5.0,1st quarter,0:44.7,Antoine Walker,BOS,True,2-pointer,0,17-25,'UTA',trails
502,502,502,200102190UTA,35.0,10.1,1st quarter,0:15.9,Chris Carr,BOS,False,2-pointer,12,17-27,'UTA',trails
503,503,503,200102190UTA,30.4,7.8,2nd quarter,11:13.0,Antoine Walker,BOS,False,2-pointer,7,18-27,'UTA',trails
504,504,504,200102190UTA,40.3,18.3,2nd quarter,10:40.0,Bryant Stith,BOS,True,2-pointer,21,20-28,'UTA',trails
505,505,505,200102190UTA,24.0,5.0,2nd quarter,9:33.0,Eric Williams,BOS,True,2-pointer,0,22-31,'UTA',trails
506,506,506,200102190UTA,6.4,22.3,2nd quarter,8:43.0,Antoine Walker,BOS,True,3-pointer,25,26-31,'UTA',trails
507,507,507,200102190UTA,28.1,6.1,2nd quarter,7:58.0,Mark Blount,BOS,False,2-pointer,4,26-33,'UTA',trails
508,508,508,200102190UTA,18.6,28.0,2nd quarter,7:40.0,Antoine Walker,BOS,True,3-pointer,24,29-35,'UTA',trails
509,509,509,200102190UTA,44.7,17.7,2nd quarter,7:11.0,Antoine Walker,BOS,True,3-pointer,24,33-35,'UTA',trails
510,510,510,200102190UTA,24.0,5.0,2nd quarter,5:44.0,Antoine Walker,BOS,False,2-pointer,0,35-40,'UTA',trails
511,511,511,200102190UTA,26.6,29.3,2nd quarter,5:14.0,Bryant Stith,BOS,False,3-pointer,24,35-42,'UTA',trails
512,512,512,200102190UTA,42.4,5.0,2nd quarter,4:52.0,Kenny Anderson,BOS,False,2-pointer,18,35-44,'UTA',trails
513,513,513,200102190UTA,8.7,13.0,2nd quarter,4:24.0,Paul Pierce,BOS,False,2-pointer,17,35-46,'UTA',trails
514,514,514,200102190UTA,24.0,5.0,2nd quarter,3:37.0,Paul Pierce,BOS,False,2-pointer,0,35-50,'UTA',trails
515,515,515,200102190UTA,37.2,26.9,2nd quarter,2:08.0,Antoine Walker,BOS,False,3-pointer,26,39-50,'UTA',trails
516,516,516,200102190UTA,28.1,6.7,2nd quarter,1:54.0,Antoine Walker,BOS,True,2-pointer,4,41-50,'UTA',trails
517,517,517,200102190UTA,0.2,3.9,3rd quarter,11:18.0,Paul Pierce,BOS,False,3-pointer,24,44-59,'UTA',trails
518,518,518,200102190UTA,15.4,6.7,3rd quarter,9:57.0,Paul Pierce,BOS,False,2-pointer,9,44-61,'UTA',trails
519,519,519,200102190UTA,1.1,5.0,3rd quarter,9:09.0,Bryant Stith,BOS,False,3-pointer,23,45-63,'UTA',trails
520,520,520,200102190UTA,24.0,5.0,3rd quarter,8:58.0,Paul Pierce,BOS,False,2-pointer,0,45-63,'UTA',trails
521,521,521,200102190UTA,12.5,26.3,3rd quarter,8:25.0,Antoine Walker,BOS,False,3-pointer,24,45-65,'UTA',trails
522,522,522,200102190UTA,44.1,20.0,3rd quarter,8:14.0,Paul Pierce,BOS,True,3-pointer,25,48-65,'UTA',trails
523,523,523,200102190UTA,24.0,5.0,3rd quarter,7:53.0,Milt Palacio,BOS,False,2-pointer,0,48-65,'UTA',trails
524,524,524,200102190UTA,24.0,5.0,3rd quarter,7:51.0,Chris Carr,BOS,False,2-pointer,0,48-65,'UTA',trails
525,525,525,200102190UTA,24.0,5.0,3rd quarter,7:50.0,Chris Carr,BOS,False,2-pointer,0,48-65,'UTA',trails
526,526,526,200102190UTA,44.1,19.4,3rd quarter,7:23.0,Paul Pierce,BOS,False,3-pointer,25,48-68,'UTA',trails
527,527,527,200102190UTA,20.1,5.4,3rd quarter,7:20.0,Vitaly Potapenko,BOS,True,2-pointer,4,50-68,'UTA',trails
528,528,528,200102190UTA,40.3,17.7,3rd quarter,6:49.0,Paul Pierce,BOS,True,2-pointer,21,52-71,'UTA',trails
529,529,529,200102190UTA,10.2,25.9,3rd quarter,6:14.0,Antoine Walker,BOS,False,3-pointer,25,52-71,'UTA',trails
530,530,530,200102190UTA,24.0,5.0,3rd quarter,5:46.0,Antoine Walker,BOS,True,2-pointer,0,54-73,'UTA',trails
531,531,531,200102190UTA,1.1,5.0,3rd quarter,5:23.0,Chris Carr,BOS,True,3-pointer,23,58-73,'UTA',trails
532,532,532,200102190UTA,11.0,16.0,3rd quarter,5:04.0,Paul Pierce,BOS,True,2-pointer,17,60-75,'UTA',trails
533,533,533,200102190UTA,39.5,24.6,3rd quarter,4:00.0,Chris Herren,BOS,False,3-pointer,25,62-78,'UTA',trails
534,534,534,200102190UTA,4.9,7.1,3rd quarter,2:49.0,Paul Pierce,BOS,True,2-pointer,19,64-82,'UTA',trails
535,535,535,200102190UTA,24.0,5.0,3rd quarter,2:19.0,Antoine Walker,BOS,True,2-pointer,0,66-82,'UTA',trails
536,536,536,200102190UTA,23.9,14.3,3rd quarter,0:39.0,Vitaly Potapenko,BOS,True,2-pointer,9,70-86,'UTA',trails
537,537,537,200102190UTA,38.8,16.6,3rd quarter,0:13.9,Vitaly Potapenko,BOS,False,2-pointer,19,70-89,'UTA',trails
538,538,538,200102190UTA,34.2,8.4,4th quarter,11:42.0,Vitaly Potapenko,BOS,False,2-pointer,11,70-89,'UTA',trails
539,539,539,200102190UTA,7.8,8.4,4th quarter,11:13.0,Paul Pierce,BOS,False,2-pointer,17,70-89,'UTA',trails
540,540,540,200102190UTA,24.0,5.0,4th quarter,10:42.0,Kenny Anderson,BOS,False,2-pointer,0,71-91,'UTA',trails
541,541,541,200102190UTA,47.1,4.6,4th quarter,10:13.0,Bryant Stith,BOS,True,3-pointer,23,74-91,'UTA',trails
542,542,542,200102190UTA,24.0,5.0,4th quarter,9:20.0,Antoine Walker,BOS,False,2-pointer,0,74-94,'UTA',trails
543,543,543,200102190UTA,24.3,30.5,4th quarter,8:46.0,Antoine Walker,BOS,False,3-pointer,26,74-97,'UTA',trails
544,544,544,200102190UTA,11.0,25.3,4th quarter,8:37.0,Chris Carr,BOS,True,3-pointer,24,77-97,'UTA',trails
545,545,545,200102190UTA,47.9,5.0,4th quarter,7:52.0,Chris Carr,BOS,True,3-pointer,24,80-97,'UTA',trails
546,546,546,200102190UTA,24.0,5.0,4th quarter,7:18.0,Antoine Walker,BOS,False,2-pointer,0,80-99,'UTA',trails
547,547,547,200102190UTA,11.0,25.9,4th quarter,7:03.0,Antoine Walker,BOS,True,3-pointer,25,83-99,'UTA',trails
548,548,548,200102190UTA,35.7,26.3,4th quarter,6:29.0,Chris Herren,BOS,False,3-pointer,24,83-99,'UTA',trails
549,549,549,200102190UTA,35.7,26.3,4th quarter,5:59.0,Antoine Walker,BOS,True,3-pointer,24,86-99,'UTA',trails
550,550,550,200102190UTA,24.0,5.0,4th quarter,5:11.0,Paul Pierce,BOS,True,2-pointer,0,88-101,'UTA',trails
551,551,551,200102190UTA,7.8,22.9,4th quarter,4:33.0,Paul Pierce,BOS,True,3-pointer,24,91-103,'UTA',trails
552,552,552,200102190UTA,32.7,5.4,4th quarter,4:00.0,Chris Carr,BOS,False,2-pointer,9,91-103,'UTA',trails
553,553,553,200102190UTA,8.7,28.6,4th quarter,3:21.0,Antoine Walker,BOS,False,3-pointer,28,91-107,'UTA',trails
554,554,554,200102190UTA,47.9,3.9,4th quarter,2:56.0,Eric Williams,BOS,True,3-pointer,24,94-108,'UTA',trails
555,555,555,200102190UTA,35.0,28.0,4th quarter,2:27.0,Chris Herren,BOS,False,3-pointer,26,94-110,'UTA',trails
556,556,556,200102190UTA,19.2,16.0,4th quarter,0:56.9,Walter McCarty,BOS,False,2-pointer,12,97-114,'UTA',trails
557,557,557,200102190UTA,5.5,3.5,4th quarter,0:15.0,Jérôme Moïso,BOS,True,2-pointer,19,99-114,'UTA',trails
558,558,558,200102190UTA,38.8,24.6,1st quarter,11:00.0,John Starks,UTA,True,3-pointer,25,4-1,'UTA',leads
559,559,559,200102190UTA,14.8,3.5,1st quarter,9:39.0,John Stockton,UTA,False,2-pointer,9,4-4,'UTA',tied
560,560,560,200102190UTA,24.0,5.0,1st quarter,9:17.0,Karl Malone,UTA,True,2-pointer,0,6-4,'UTA',leads
561,561,561,200102190UTA,34.2,25.3,1st quarter,8:34.0,Karl Malone,UTA,False,2-pointer,23,6-4,'UTA',leads
562,562,562,200102190UTA,23.9,7.8,1st quarter,8:31.0,Olden Polynice,UTA,False,2-pointer,3,6-4,'UTA',leads
563,563,563,200102190UTA,7.8,18.3,1st quarter,8:06.0,Karl Malone,UTA,True,2-pointer,21,8-4,'UTA',leads
564,564,564,200102190UTA,24.0,5.0,1st quarter,7:43.0,Donyell Marshall,UTA,False,2-pointer,0,8-4,'UTA',leads
565,565,565,200102190UTA,35.0,26.9,1st quarter,7:19.0,John Stockton,UTA,True,3-pointer,25,12-4,'UTA',leads
566,566,566,200102190UTA,24.0,5.0,1st quarter,6:47.0,Olden Polynice,UTA,True,2-pointer,0,14-4,'UTA',leads
567,567,567,200102190UTA,24.0,5.0,1st quarter,6:21.0,DeShawn Stevenson,UTA,True,2-pointer,0,16-4,'UTA',leads
568,568,568,200102190UTA,34.2,21.9,1st quarter,5:53.0,Karl Malone,UTA,False,2-pointer,20,16-4,'UTA',leads
569,569,569,200102190UTA,42.4,4.6,1st quarter,5:32.0,Bryon Russell,UTA,False,2-pointer,18,16-4,'UTA',leads
570,570,570,200102190UTA,38.0,11.3,1st quarter,5:07.0,Karl Malone,UTA,False,2-pointer,15,16-4,'UTA',leads
571,571,571,200102190UTA,38.8,21.3,1st quarter,5:03.0,Karl Malone,UTA,False,2-pointer,22,16-4,'UTA',leads
572,572,572,200102190UTA,45.6,17.0,1st quarter,4:30.0,Bryon Russell,UTA,False,3-pointer,25,16-6,'UTA',leads
573,573,573,200102190UTA,17.7,24.2,1st quarter,4:07.0,Jacque Vaughn,UTA,False,2-pointer,20,16-6,'UTA',leads
574,574,574,200102190UTA,24.0,5.0,1st quarter,4:02.0,Karl Malone,UTA,False,2-pointer,0,16-6,'UTA',leads
575,575,575,200102190UTA,24.0,5.0,1st quarter,3:35.0,DeShawn Stevenson,UTA,True,2-pointer,0,18-8,'UTA',leads
576,576,576,200102190UTA,24.0,5.0,1st quarter,2:45.0,Karl Malone,UTA,False,2-pointer,0,19-11,'UTA',leads
577,577,577,200102190UTA,24.0,5.0,1st quarter,2:42.0,Jacque Vaughn,UTA,True,2-pointer,0,21-11,'UTA',leads
578,578,578,200102190UTA,34.2,4.6,1st quarter,1:48.0,Danny Manning,UTA,True,2-pointer,10,23-13,'UTA',leads
579,579,579,200102190UTA,19.2,12.0,1st quarter,1:18.0,Greg Ostertag,UTA,False,2-pointer,8,23-13,'UTA',leads
580,580,580,200102190UTA,24.0,5.0,1st quarter,0:59.9,Greg Ostertag,UTA,True,2-pointer,0,25-15,'UTA',leads
581,581,581,200102190UTA,24.0,5.0,1st quarter,0:33.8,Jacque Vaughn,UTA,True,2-pointer,0,27-17,'UTA',leads
582,582,582,200102190UTA,1.1,7.1,1st quarter,0:02.9,Bryon Russell,UTA,False,3-pointer,23,27-17,'UTA',leads
583,583,583,200102190UTA,35.7,12.0,2nd quarter,11:40.0,Danny Manning,UTA,False,2-pointer,14,27-17,'UTA',leads
584,584,584,200102190UTA,24.0,5.0,2nd quarter,11:37.0,Greg Ostertag,UTA,False,2-pointer,0,27-17,'UTA',leads
585,585,585,200102190UTA,46.2,13.0,2nd quarter,10:26.0,Bryon Russell,UTA,True,3-pointer,24,31-20,'UTA',leads
586,586,586,200102190UTA,5.5,2.3,2nd quarter,9:55.0,Jacque Vaughn,UTA,False,2-pointer,19,31-20,'UTA',leads
587,587,587,200102190UTA,31.3,22.3,2nd quarter,9:06.0,Danny Manning,UTA,False,2-pointer,19,31-22,'UTA',leads
588,588,588,200102190UTA,24.0,5.0,2nd quarter,8:20.0,Danny Manning,UTA,False,2-pointer,0,31-26,'UTA',leads
589,589,589,200102190UTA,24.0,5.0,2nd quarter,8:19.0,Greg Ostertag,UTA,True,2-pointer,0,33-26,'UTA',leads
590,590,590,200102190UTA,24.0,5.0,2nd quarter,7:52.0,Danny Manning,UTA,True,2-pointer,0,35-26,'UTA',leads
591,591,591,200102190UTA,24.0,5.0,2nd quarter,6:54.0,Karl Malone,UTA,True,2-pointer,0,37-33,'UTA',leads
592,592,592,200102190UTA,24.0,5.0,2nd quarter,6:37.0,Bryon Russell,UTA,True,2-pointer,0,39-33,'UTA',leads
593,593,593,200102190UTA,24.0,5.0,2nd quarter,6:07.0,Karl Malone,UTA,False,2-pointer,0,39-35,'UTA',leads
594,594,594,200102190UTA,24.0,5.0,2nd quarter,5:40.0,Karl Malone,UTA,True,2-pointer,0,42-35,'UTA',leads
595,595,595,200102190UTA,21.5,28.6,2nd quarter,3:28.0,John Stockton,UTA,False,3-pointer,24,50-35,'UTA',leads
596,596,596,200102190UTA,35.7,26.9,2nd quarter,3:02.0,Scott Padgett,UTA,False,3-pointer,25,50-37,'UTA',leads
597,597,597,200102190UTA,35.7,20.0,2nd quarter,2:55.0,John Crotty,UTA,False,2-pointer,19,50-37,'UTA',leads
598,598,598,200102190UTA,24.0,5.0,2nd quarter,2:53.0,Karl Malone,UTA,False,2-pointer,0,50-37,'UTA',leads
599,599,599,200102190UTA,28.9,9.0,2nd quarter,1:06.0,John Stockton,UTA,False,2-pointer,6,51-43,'UTA',leads
600,600,600,200102190UTA,24.0,5.0,2nd quarter,0:35.9,Scott Padgett,UTA,True,2-pointer,0,55-43,'UTA',leads
601,601,601,200102190UTA,47.9,5.4,2nd quarter,0:04.2,John Crotty,UTA,True,3-pointer,24,58-44,'UTA',leads
602,602,602,200102190UTA,25.8,10.7,3rd quarter,11:29.0,John Stockton,UTA,False,2-pointer,6,59-44,'UTA',leads
603,603,603,200102190UTA,24.0,5.0,3rd quarter,10:50.0,John Starks,UTA,True,2-pointer,0,61-44,'UTA',leads
604,604,604,200102190UTA,24.0,5.0,3rd quarter,10:04.0,Donyell Marshall,UTA,False,2-pointer,0,61-44,'UTA',leads
605,605,605,200102190UTA,37.2,3.9,3rd quarter,9:44.0,Karl Malone,UTA,False,2-pointer,13,61-44,'UTA',leads
606,606,606,200102190UTA,24.0,5.0,3rd quarter,8:49.0,Karl Malone,UTA,True,2-pointer,0,65-45,'UTA',leads
607,607,607,200102190UTA,24.0,5.0,3rd quarter,7:40.0,Donyell Marshall,UTA,True,2-pointer,0,67-48,'UTA',leads
608,608,608,200102190UTA,26.6,20.6,3rd quarter,6:35.0,John Starks,UTA,False,2-pointer,16,71-52,'UTA',leads
609,609,609,200102190UTA,24.0,5.0,3rd quarter,6:08.0,Donyell Marshall,UTA,True,2-pointer,0,73-52,'UTA',leads
610,610,610,200102190UTA,24.0,5.0,3rd quarter,4:50.0,Olden Polynice,UTA,True,2-pointer,0,78-60,'UTA',leads
611,611,611,200102190UTA,36.5,18.7,3rd quarter,4:09.0,Karl Malone,UTA,False,2-pointer,19,78-62,'UTA',leads
612,612,612,200102190UTA,8.7,4.6,3rd quarter,3:44.0,Karl Malone,UTA,False,2-pointer,15,78-62,'UTA',leads
613,613,613,200102190UTA,24.0,5.0,3rd quarter,3:42.0,Olden Polynice,UTA,True,2-pointer,0,80-62,'UTA',leads
614,614,614,200102190UTA,24.0,5.0,3rd quarter,3:12.0,Karl Malone,UTA,True,2-pointer,0,82-62,'UTA',leads
615,615,615,200102190UTA,22.2,27.6,3rd quarter,1:53.0,Jacque Vaughn,UTA,False,2-pointer,23,82-66,'UTA',leads
616,616,616,200102190UTA,24.0,5.0,3rd quarter,1:28.0,Jacque Vaughn,UTA,True,2-pointer,0,84-66,'UTA',leads
617,617,617,200102190UTA,15.4,26.3,3rd quarter,0:55.7,Bryon Russell,UTA,True,2-pointer,23,86-68,'UTA',leads
618,618,618,200102190UTA,9.3,24.2,3rd quarter,0:29.9,Bryon Russell,UTA,True,3-pointer,24,89-70,'UTA',leads
619,619,619,200102190UTA,13.9,9.7,3rd quarter,0:00.1,Jacque Vaughn,UTA,False,2-pointer,11,89-70,'UTA',leads
620,620,620,200102190UTA,36.5,22.3,4th quarter,10:53.0,Jacque Vaughn,UTA,True,2-pointer,21,91-70,'UTA',leads
621,621,621,200102190UTA,38.8,26.9,4th quarter,9:47.0,Bryon Russell,UTA,True,3-pointer,26,94-74,'UTA',leads
622,622,622,200102190UTA,24.0,5.0,4th quarter,9:00.0,Greg Ostertag,UTA,True,2-pointer,0,97-74,'UTA',leads
623,623,623,200102190UTA,24.0,5.0,4th quarter,8:01.0,Donyell Marshall,UTA,False,2-pointer,0,97-77,'UTA',leads
624,624,624,200102190UTA,24.0,5.0,4th quarter,7:12.0,Donyell Marshall,UTA,False,2-pointer,0,99-80,'UTA',leads
625,625,625,200102190UTA,18.6,5.4,4th quarter,6:06.0,Danny Manning,UTA,False,2-pointer,5,99-83,'UTA',leads
626,626,626,200102190UTA,39.5,13.0,4th quarter,5:39.0,Karl Malone,UTA,False,2-pointer,17,99-86,'UTA',leads
627,627,627,200102190UTA,38.8,12.6,4th quarter,4:47.0,Karl Malone,UTA,True,2-pointer,17,103-88,'UTA',leads
628,628,628,200102190UTA,47.1,5.4,4th quarter,4:10.0,John Starks,UTA,False,3-pointer,23,103-91,'UTA',leads
629,629,629,200102190UTA,35.7,20.0,4th quarter,3:41.0,Karl Malone,UTA,True,2-pointer,19,107-91,'UTA',leads
630,630,630,200102190UTA,37.2,20.0,4th quarter,2:41.0,Karl Malone,UTA,True,2-pointer,20,110-94,'UTA',leads
631,631,631,200102190UTA,26.6,11.3,4th quarter,2:03.0,Bryon Russell,UTA,False,2-pointer,7,110-94,'UTA',leads
632,632,632,200102190UTA,38.8,11.3,4th quarter,0:31.9,Scott Padgett,UTA,False,2-pointer,16,114-97,'UTA',leads
