,Unnamed: 0.1,Unnamed: 0,match_id,shotX,shotY,quarter,time_remaining,player,team,made,shot_type,distance,score,opp,status
0,0,0,200103190ATL,24.0,5.0,1st quarter,11:45.0,Shaquille O'Neal,LAL,False,2-pointer,0,0-0,'LAL',tied
1,1,1,200103190ATL,8.9,13.9,1st quarter,11:10.0,Derek Fisher,LAL,True,2-pointer,18,2-2,'LAL',tied
2,2,2,200103190ATL,24.0,5.0,1st quarter,10:32.0,Shaquille O'Neal,LAL,True,2-pointer,0,4-2,'LAL',leads
3,3,3,200103190ATL,24.0,5.0,1st quarter,9:52.0,Rick Fox,LAL,True,2-pointer,0,6-4,'LAL',leads
4,4,4,200103190ATL,24.0,5.0,1st quarter,8:56.0,Shaquille O'Neal,LAL,True,2-pointer,0,10-4,'LAL',leads
5,5,5,200103190ATL,31.7,7.3,1st quarter,8:43.0,Rick Fox,LAL,True,2-pointer,8,12-4,'LAL',leads
6,6,6,200103190ATL,37.2,11.1,1st quarter,7:58.0,Kobe Bryant,LAL,False,2-pointer,15,12-7,'LAL',leads
7,7,7,200103190ATL,18.2,6.3,1st quarter,6:55.0,Shaquille O'Neal,LAL,False,2-pointer,6,12-9,'LAL',leads
8,8,8,200103190ATL,24.0,5.0,1st quarter,6:15.0,Rick Fox,LAL,True,2-pointer,0,14-11,'LAL',leads
9,9,9,200103190ATL,24.0,5.0,1st quarter,5:47.0,Rick Fox,LAL,True,2-pointer,0,16-14,'LAL',leads
10,10,10,200103190ATL,7.4,5.0,1st quarter,5:15.0,Horace Grant,LAL,True,2-pointer,17,18-16,'LAL',leads
11,11,11,200103190ATL,19.0,17.2,1st quarter,4:42.0,Kobe Bryant,LAL,True,2-pointer,13,20-18,'LAL',leads
12,12,12,200103190ATL,7.4,5.0,1st quarter,4:21.0,Horace Grant,LAL,True,2-pointer,17,23-18,'LAL',leads
13,13,13,200103190ATL,32.3,21.0,1st quarter,3:41.0,Horace Grant,LAL,True,2-pointer,18,25-20,'LAL',leads
14,14,14,200103190ATL,34.4,21.0,1st quarter,3:00.0,Horace Grant,LAL,True,2-pointer,19,27-20,'LAL',leads
15,15,15,200103190ATL,31.7,20.4,1st quarter,1:48.0,Horace Grant,LAL,False,2-pointer,17,27-26,'LAL',leads
16,16,16,200103190ATL,5.3,22.1,1st quarter,1:13.0,Robert Horry,LAL,True,3-pointer,25,30-28,'LAL',leads
17,17,17,200103190ATL,47.3,3.7,2nd quarter,11:30.0,Robert Horry,LAL,False,3-pointer,23,32-35,'LAL',trails
18,18,18,200103190ATL,5.3,4.2,2nd quarter,11:14.0,Tyronn Lue,LAL,False,2-pointer,19,32-35,'LAL',trails
19,19,19,200103190ATL,24.0,5.0,2nd quarter,11:10.0,Kobe Bryant,LAL,True,2-pointer,0,34-35,'LAL',trails
20,20,20,200103190ATL,30.8,10.5,2nd quarter,10:38.0,Kobe Bryant,LAL,False,2-pointer,9,34-37,'LAL',trails
21,21,21,200103190ATL,24.0,5.0,2nd quarter,10:20.0,Mark Madsen,LAL,True,2-pointer,0,36-37,'LAL',trails
22,22,22,200103190ATL,24.0,5.0,2nd quarter,9:03.0,Brian Shaw,LAL,False,2-pointer,0,36-39,'LAL',trails
23,23,23,200103190ATL,24.0,5.0,2nd quarter,8:39.0,Kobe Bryant,LAL,False,2-pointer,0,36-39,'LAL',trails
24,24,24,200103190ATL,24.0,5.0,2nd quarter,8:05.0,Kobe Bryant,LAL,True,2-pointer,0,38-39,'LAL',trails
25,25,25,200103190ATL,24.0,5.0,2nd quarter,5:59.0,Shaquille O'Neal,LAL,False,2-pointer,0,38-43,'LAL',trails
26,26,26,200103190ATL,24.0,5.0,2nd quarter,5:54.0,Shaquille O'Neal,LAL,True,2-pointer,0,40-43,'LAL',trails
27,27,27,200103190ATL,8.9,4.8,2nd quarter,5:32.0,Tyronn Lue,LAL,False,2-pointer,15,40-43,'LAL',trails
28,28,28,200103190ATL,24.0,5.0,2nd quarter,5:16.0,Kobe Bryant,LAL,True,2-pointer,0,42-43,'LAL',trails
29,29,29,200103190ATL,23.9,10.1,2nd quarter,4:31.0,Kobe Bryant,LAL,True,2-pointer,5,44-45,'LAL',trails
30,30,30,200103190ATL,6.2,22.7,2nd quarter,3:47.0,Rick Fox,LAL,False,3-pointer,25,44-47,'LAL',trails
31,31,31,200103190ATL,13.9,5.0,2nd quarter,3:34.0,Kobe Bryant,LAL,False,2-pointer,10,44-47,'LAL',trails
32,32,32,200103190ATL,7.4,17.2,2nd quarter,3:07.0,Derek Fisher,LAL,True,2-pointer,21,46-47,'LAL',trails
33,33,33,200103190ATL,21.1,7.3,2nd quarter,2:34.0,Shaquille O'Neal,LAL,False,2-pointer,4,46-50,'LAL',trails
34,34,34,200103190ATL,24.0,5.0,2nd quarter,2:33.0,Horace Grant,LAL,False,2-pointer,0,46-50,'LAL',trails
35,35,35,200103190ATL,20.3,9.0,2nd quarter,1:57.0,Shaquille O'Neal,LAL,True,2-pointer,5,48-50,'LAL',trails
36,36,36,200103190ATL,27.2,5.7,2nd quarter,1:31.0,Shaquille O'Neal,LAL,False,2-pointer,3,48-50,'LAL',trails
37,37,37,200103190ATL,24.0,5.0,2nd quarter,1:29.0,Brian Shaw,LAL,False,2-pointer,0,48-50,'LAL',trails
38,38,38,200103190ATL,4.7,11.6,2nd quarter,1:02.0,Kobe Bryant,LAL,True,2-pointer,20,50-53,'LAL',trails
39,39,39,200103190ATL,24.0,5.0,3rd quarter,10:56.0,Kobe Bryant,LAL,True,2-pointer,0,54-59,'LAL',trails
40,40,40,200103190ATL,24.0,5.0,3rd quarter,10:26.0,Rick Fox,LAL,True,2-pointer,0,56-59,'LAL',trails
41,41,41,200103190ATL,16.9,6.7,3rd quarter,10:02.0,Kobe Bryant,LAL,False,2-pointer,7,56-59,'LAL',trails
42,42,42,200103190ATL,16.9,5.7,3rd quarter,9:38.0,Shaquille O'Neal,LAL,True,2-pointer,7,58-62,'LAL',trails
43,43,43,200103190ATL,31.7,13.5,3rd quarter,8:19.0,Shaquille O'Neal,LAL,True,2-pointer,11,60-64,'LAL',trails
44,44,44,200103190ATL,24.0,5.0,3rd quarter,6:56.0,Kobe Bryant,LAL,True,2-pointer,0,64-68,'LAL',trails
45,45,45,200103190ATL,15.4,4.8,3rd quarter,6:21.0,Shaquille O'Neal,LAL,False,2-pointer,9,64-68,'LAL',trails
46,46,46,200103190ATL,3.8,11.1,3rd quarter,6:17.0,Robert Horry,LAL,True,2-pointer,21,66-68,'LAL',trails
47,47,47,200103190ATL,6.8,7.8,3rd quarter,5:44.0,Horace Grant,LAL,True,2-pointer,17,68-69,'LAL',trails
48,48,48,200103190ATL,27.9,8.4,3rd quarter,5:16.0,Kobe Bryant,LAL,False,2-pointer,5,68-71,'LAL',trails
49,49,49,200103190ATL,40.1,13.5,3rd quarter,4:43.0,Derek Fisher,LAL,True,2-pointer,18,70-71,'LAL',trails
50,50,50,200103190ATL,39.3,9.0,3rd quarter,4:03.0,Kobe Bryant,LAL,False,2-pointer,16,70-73,'LAL',trails
51,51,51,200103190ATL,18.2,18.3,3rd quarter,3:36.0,Derek Fisher,LAL,False,2-pointer,15,70-73,'LAL',trails
52,52,52,200103190ATL,22.4,10.5,3rd quarter,3:32.0,Kobe Bryant,LAL,False,2-pointer,6,70-73,'LAL',trails
53,53,53,200103190ATL,24.0,5.0,3rd quarter,3:30.0,Shaquille O'Neal,LAL,True,2-pointer,0,72-73,'LAL',trails
54,54,54,200103190ATL,24.0,5.0,3rd quarter,2:35.0,Shaquille O'Neal,LAL,True,2-pointer,0,75-77,'LAL',trails
55,55,55,200103190ATL,25.1,27.6,3rd quarter,1:55.0,Derek Fisher,LAL,False,2-pointer,23,75-80,'LAL',trails
56,56,56,200103190ATL,24.0,5.0,3rd quarter,1:54.0,Horace Grant,LAL,False,2-pointer,0,75-80,'LAL',trails
57,57,57,200103190ATL,43.1,21.0,3rd quarter,0:45.1,Derek Fisher,LAL,True,3-pointer,25,82-84,'LAL',trails
58,58,58,200103190ATL,38.6,3.7,3rd quarter,0:09.4,Mark Madsen,LAL,False,2-pointer,15,82-84,'LAL',trails
59,59,59,200103190ATL,26.4,6.3,3rd quarter,0:06.2,Horace Grant,LAL,False,2-pointer,3,82-84,'LAL',trails
60,60,60,200103190ATL,14.6,16.6,4th quarter,10:59.0,Robert Horry,LAL,False,2-pointer,15,84-86,'LAL',trails
61,61,61,200103190ATL,25.1,29.7,4th quarter,10:09.0,Tyronn Lue,LAL,False,3-pointer,25,84-86,'LAL',trails
62,62,62,200103190ATL,23.9,7.8,4th quarter,9:20.0,Shaquille O'Neal,LAL,False,2-pointer,3,84-89,'LAL',trails
63,63,63,200103190ATL,19.6,5.7,4th quarter,9:18.0,Kobe Bryant,LAL,True,2-pointer,4,86-89,'LAL',trails
64,64,64,200103190ATL,24.0,5.0,4th quarter,8:33.0,Shaquille O'Neal,LAL,True,2-pointer,0,89-91,'LAL',trails
65,65,65,200103190ATL,21.1,7.3,4th quarter,6:04.0,Shaquille O'Neal,LAL,False,2-pointer,4,94-95,'LAL',trails
66,66,66,200103190ATL,24.0,5.0,4th quarter,4:10.0,Shaquille O'Neal,LAL,False,2-pointer,0,95-100,'LAL',trails
67,67,67,200103190ATL,31.7,7.8,4th quarter,3:36.0,Shaquille O'Neal,LAL,False,2-pointer,8,96-100,'LAL',trails
68,68,68,200103190ATL,24.0,5.0,4th quarter,3:13.0,Rick Fox,LAL,True,2-pointer,0,99-100,'LAL',trails
69,69,69,200103190ATL,1.7,17.7,4th quarter,2:32.0,Rick Fox,LAL,True,3-pointer,26,102-100,'LAL',leads
70,70,70,200103190ATL,24.0,5.0,4th quarter,1:42.0,Kobe Bryant,LAL,False,2-pointer,0,102-102,'LAL',tied
71,71,71,200103190ATL,24.0,5.0,4th quarter,1:36.0,Kobe Bryant,LAL,False,2-pointer,0,102-102,'LAL',tied
72,72,72,200103190ATL,38.0,6.3,4th quarter,1:14.0,Kobe Bryant,LAL,False,2-pointer,14,102-104,'LAL',trails
73,73,73,200103190ATL,27.2,29.7,4th quarter,0:40.2,Derek Fisher,LAL,False,3-pointer,25,102-107,'LAL',trails
74,74,74,200103190ATL,24.0,5.0,4th quarter,0:38.3,Kobe Bryant,LAL,True,2-pointer,0,104-107,'LAL',trails
75,75,75,200103190ATL,24.0,5.0,4th quarter,0:07.6,Rick Fox,LAL,True,2-pointer,0,106-107,'LAL',trails
76,76,76,200103190ATL,25.1,20.0,4th quarter,0:00.6,Kobe Bryant,LAL,False,2-pointer,15,106-108,'LAL',trails
77,77,77,200103190ATL,16.9,18.3,1st quarter,11:31.0,Nazr Mohammed,ATL,True,2-pointer,15,2-0,'LAL',leads
78,78,78,200103190ATL,6.2,5.0,1st quarter,10:50.0,Toni Kukoč,ATL,False,2-pointer,18,2-2,'LAL',tied
79,79,79,200103190ATL,31.7,5.7,1st quarter,9:33.0,Nazr Mohammed,ATL,False,2-pointer,8,4-6,'LAL',trails
80,80,80,200103190ATL,19.6,29.3,1st quarter,9:07.0,Jason Terry,ATL,False,3-pointer,25,4-8,'LAL',trails
81,81,81,200103190ATL,36.5,26.5,1st quarter,8:23.0,Toni Kukoč,ATL,False,3-pointer,25,4-12,'LAL',trails
82,82,82,200103190ATL,39.3,24.8,1st quarter,8:19.0,Jason Terry,ATL,True,3-pointer,25,7-12,'LAL',trails
83,83,83,200103190ATL,40.7,5.0,1st quarter,7:43.0,Jason Terry,ATL,True,2-pointer,17,9-12,'LAL',trails
84,84,84,200103190ATL,46.6,16.6,1st quarter,7:12.0,Toni Kukoč,ATL,False,3-pointer,25,9-12,'LAL',trails
85,85,85,200103190ATL,19.0,21.0,1st quarter,6:36.0,Jason Terry,ATL,False,2-pointer,17,9-12,'LAL',trails
86,86,86,200103190ATL,15.4,13.9,1st quarter,6:34.0,Jason Terry,ATL,True,2-pointer,12,11-12,'LAL',trails
87,87,87,200103190ATL,6.2,22.7,1st quarter,6:03.0,Jason Terry,ATL,True,3-pointer,25,14-14,'LAL',tied
88,88,88,200103190ATL,23.9,16.6,1st quarter,4:59.0,Alan Henderson,ATL,True,2-pointer,12,18-18,'LAL',tied
89,89,89,200103190ATL,11.0,16.6,1st quarter,4:28.0,Brevin Knight,ATL,False,2-pointer,17,18-21,'LAL',trails
90,90,90,200103190ATL,38.0,5.7,1st quarter,3:20.0,Toni Kukoč,ATL,False,2-pointer,14,20-25,'LAL',trails
91,91,91,200103190ATL,24.0,5.0,1st quarter,2:47.0,Alan Henderson,ATL,True,2-pointer,0,22-27,'LAL',trails
92,92,92,200103190ATL,13.1,20.0,1st quarter,2:06.0,Hanno Möttölä,ATL,True,2-pointer,19,26-27,'LAL',trails
93,93,93,200103190ATL,35.0,16.6,1st quarter,1:30.0,Hanno Möttölä,ATL,True,2-pointer,16,28-27,'LAL',leads
94,94,94,200103190ATL,24.3,10.1,1st quarter,0:54.2,Hanno Möttölä,ATL,True,2-pointer,5,30-30,'LAL',tied
95,95,95,200103190ATL,8.3,17.2,1st quarter,0:21.0,Matt Maloney,ATL,False,2-pointer,20,30-32,'LAL',trails
96,96,96,200103190ATL,38.0,9.7,1st quarter,0:02.1,Toni Kukoč,ATL,True,2-pointer,15,32-32,'LAL',tied
97,97,97,200103190ATL,24.0,5.0,2nd quarter,11:49.0,Jason Terry,ATL,True,2-pointer,0,35-32,'LAL',leads
98,98,98,200103190ATL,23.9,10.1,2nd quarter,10:56.0,Lorenzen Wright,ATL,True,2-pointer,5,37-34,'LAL',leads
99,99,99,200103190ATL,34.4,5.0,2nd quarter,10:27.0,Lorenzen Wright,ATL,False,2-pointer,10,37-34,'LAL',leads
100,100,100,200103190ATL,26.4,7.8,2nd quarter,9:50.0,Toni Kukoč,ATL,True,2-pointer,4,39-36,'LAL',leads
101,101,101,200103190ATL,28.7,8.4,2nd quarter,8:46.0,Toni Kukoč,ATL,False,2-pointer,6,39-36,'LAL',leads
102,102,102,200103190ATL,45.2,17.7,2nd quarter,7:10.0,Toni Kukoč,ATL,False,3-pointer,25,39-38,'LAL',leads
103,103,103,200103190ATL,35.0,13.9,2nd quarter,6:56.0,Jason Terry,ATL,True,2-pointer,14,41-38,'LAL',leads
104,104,104,200103190ATL,25.8,9.0,2nd quarter,6:20.0,Hanno Möttölä,ATL,False,2-pointer,4,41-38,'LAL',leads
105,105,105,200103190ATL,24.0,5.0,2nd quarter,6:16.0,Nazr Mohammed,ATL,False,2-pointer,0,41-38,'LAL',leads
106,106,106,200103190ATL,24.0,5.0,2nd quarter,6:16.0,Nazr Mohammed,ATL,False,2-pointer,0,41-38,'LAL',leads
107,107,107,200103190ATL,24.0,5.0,2nd quarter,6:13.0,Toni Kukoč,ATL,True,2-pointer,0,43-38,'LAL',leads
108,108,108,200103190ATL,20.3,7.8,2nd quarter,5:42.0,Nazr Mohammed,ATL,False,2-pointer,5,43-40,'LAL',leads
109,109,109,200103190ATL,11.0,18.7,2nd quarter,4:51.0,Jason Terry,ATL,True,2-pointer,19,45-42,'LAL',leads
110,110,110,200103190ATL,15.4,13.5,2nd quarter,4:22.0,Jason Terry,ATL,False,2-pointer,12,45-44,'LAL',leads
111,111,111,200103190ATL,24.0,5.0,2nd quarter,4:21.0,Alan Henderson,ATL,False,2-pointer,0,45-44,'LAL',leads
112,112,112,200103190ATL,21.1,5.7,2nd quarter,4:18.0,Nazr Mohammed,ATL,False,2-pointer,3,45-44,'LAL',leads
113,113,113,200103190ATL,24.0,5.0,2nd quarter,4:10.0,Alan Henderson,ATL,True,2-pointer,0,47-44,'LAL',leads
114,114,114,200103190ATL,7.4,24.2,2nd quarter,2:51.0,Jason Terry,ATL,True,3-pointer,25,50-46,'LAL',leads
115,115,115,200103190ATL,26.4,10.1,2nd quarter,2:14.0,Toni Kukoč,ATL,False,2-pointer,6,50-46,'LAL',leads
116,116,116,200103190ATL,16.9,17.7,2nd quarter,1:43.0,Lorenzen Wright,ATL,False,2-pointer,15,50-48,'LAL',leads
117,117,117,200103190ATL,6.8,24.8,2nd quarter,1:23.0,Jason Terry,ATL,True,3-pointer,26,53-48,'LAL',leads
118,118,118,200103190ATL,25.8,9.7,2nd quarter,0:47.4,Lorenzen Wright,ATL,False,2-pointer,5,53-50,'LAL',leads
119,119,119,200103190ATL,24.0,5.0,2nd quarter,0:32.0,Brevin Knight,ATL,True,2-pointer,0,55-51,'LAL',leads
120,120,120,200103190ATL,19.6,29.3,2nd quarter,0:02.1,Jason Terry,ATL,False,3-pointer,25,55-52,'LAL',leads
121,121,121,200103190ATL,29.6,6.7,3rd quarter,11:40.0,Alan Henderson,ATL,False,2-pointer,6,55-52,'LAL',leads
122,122,122,200103190ATL,40.1,23.8,3rd quarter,11:25.0,Toni Kukoč,ATL,True,3-pointer,25,59-52,'LAL',leads
123,123,123,200103190ATL,23.2,16.6,3rd quarter,10:40.0,Nazr Mohammed,ATL,False,2-pointer,12,59-54,'LAL',leads
124,124,124,200103190ATL,3.8,20.4,3rd quarter,10:15.0,Jason Terry,ATL,False,3-pointer,25,59-56,'LAL',leads
125,125,125,200103190ATL,1.6,7.7,3rd quarter,9:54.0,Toni Kukoč,ATL,True,3-pointer,23,62-56,'LAL',leads
126,126,126,200103190ATL,24.0,5.0,3rd quarter,9:21.0,Nazr Mohammed,ATL,True,2-pointer,0,64-58,'LAL',leads
127,127,127,200103190ATL,20.3,7.8,3rd quarter,9:00.0,Nazr Mohammed,ATL,False,2-pointer,5,64-58,'LAL',leads
128,128,128,200103190ATL,46.6,5.0,3rd quarter,8:45.0,Toni Kukoč,ATL,False,3-pointer,23,64-58,'LAL',leads
129,129,129,200103190ATL,1.1,10.1,3rd quarter,8:39.0,Jason Terry,ATL,False,3-pointer,23,64-58,'LAL',leads
130,130,130,200103190ATL,34.4,16.6,3rd quarter,7:58.0,Jason Terry,ATL,True,2-pointer,16,66-60,'LAL',leads
131,131,131,200103190ATL,24.0,5.0,3rd quarter,7:09.0,Toni Kukoč,ATL,False,2-pointer,0,68-62,'LAL',leads
132,132,132,200103190ATL,34.4,6.7,3rd quarter,6:36.0,Jason Terry,ATL,False,2-pointer,11,68-64,'LAL',leads
133,133,133,200103190ATL,3.2,9.0,3rd quarter,5:34.0,Toni Kukoč,ATL,True,2-pointer,21,71-68,'LAL',leads
134,134,134,200103190ATL,37.2,26.5,3rd quarter,5:00.0,DerMarr Johnson,ATL,False,3-pointer,25,71-68,'LAL',leads
135,135,135,200103190ATL,23.2,10.1,3rd quarter,4:27.0,Lorenzen Wright,ATL,True,2-pointer,5,73-70,'LAL',leads
136,136,136,200103190ATL,24.0,5.0,3rd quarter,3:43.0,Lorenzen Wright,ATL,False,2-pointer,0,73-70,'LAL',leads
137,137,137,200103190ATL,42.2,9.0,3rd quarter,2:55.0,Toni Kukoč,ATL,True,2-pointer,19,77-73,'LAL',leads
138,138,138,200103190ATL,12.5,26.9,3rd quarter,2:20.0,Jason Terry,ATL,True,3-pointer,25,80-75,'LAL',leads
139,139,139,200103190ATL,8.9,18.7,3rd quarter,1:38.0,Hanno Möttölä,ATL,True,2-pointer,20,82-77,'LAL',leads
140,140,140,200103190ATL,16.1,17.2,3rd quarter,0:59.7,Hanno Möttölä,ATL,True,2-pointer,15,84-79,'LAL',leads
141,141,141,200103190ATL,25.1,8.4,4th quarter,11:25.0,Alan Henderson,ATL,True,2-pointer,4,86-84,'LAL',leads
142,142,142,200103190ATL,10.4,25.9,4th quarter,10:42.0,DerMarr Johnson,ATL,False,3-pointer,25,86-84,'LAL',leads
143,143,143,200103190ATL,19.6,5.7,4th quarter,9:55.0,Brevin Knight,ATL,False,2-pointer,4,86-84,'LAL',leads
144,144,144,200103190ATL,3.8,20.4,4th quarter,9:48.0,Toni Kukoč,ATL,True,3-pointer,25,89-84,'LAL',leads
145,145,145,200103190ATL,9.5,9.7,4th quarter,9:02.0,Jason Terry,ATL,True,2-pointer,15,91-86,'LAL',leads
146,146,146,200103190ATL,20.3,6.3,4th quarter,7:39.0,Jason Terry,ATL,False,2-pointer,4,93-91,'LAL',leads
147,147,147,200103190ATL,21.1,7.3,4th quarter,7:10.0,Brevin Knight,ATL,False,2-pointer,4,93-92,'LAL',leads
148,148,148,200103190ATL,36.5,14.9,4th quarter,6:44.0,Brevin Knight,ATL,True,2-pointer,16,95-94,'LAL',leads
149,149,149,200103190ATL,25.1,24.8,4th quarter,6:19.0,Jason Terry,ATL,False,2-pointer,20,95-94,'LAL',leads
150,150,150,200103190ATL,24.0,5.0,4th quarter,6:17.0,Alan Henderson,ATL,False,2-pointer,0,95-94,'LAL',leads
151,151,151,200103190ATL,23.9,10.5,4th quarter,5:50.0,Alan Henderson,ATL,True,2-pointer,6,97-94,'LAL',leads
152,152,152,200103190ATL,38.6,18.3,4th quarter,5:22.0,Brevin Knight,ATL,True,2-pointer,20,100-94,'LAL',leads
153,153,153,200103190ATL,6.2,5.0,4th quarter,4:33.0,Brevin Knight,ATL,False,2-pointer,18,100-95,'LAL',leads
154,154,154,200103190ATL,23.2,22.7,4th quarter,3:54.0,Jason Terry,ATL,False,2-pointer,18,100-96,'LAL',leads
155,155,155,200103190ATL,8.3,12.8,4th quarter,3:17.0,Jason Terry,ATL,False,2-pointer,18,100-97,'LAL',leads
156,156,156,200103190ATL,26.4,15.6,4th quarter,2:54.0,Lorenzen Wright,ATL,False,2-pointer,11,100-99,'LAL',leads
157,157,157,200103190ATL,7.4,12.2,4th quarter,1:59.0,Jason Terry,ATL,True,2-pointer,18,102-102,'LAL',tied
158,158,158,200103190ATL,23.2,17.7,4th quarter,1:30.0,Brevin Knight,ATL,True,2-pointer,13,104-102,'LAL',leads
159,159,159,200103190ATL,43.7,22.1,4th quarter,0:56.7,Toni Kukoč,ATL,True,3-pointer,26,107-102,'LAL',leads
160,160,160,200103190ATL,12.5,17.2,4th quarter,0:14.2,Jason Terry,ATL,False,2-pointer,17,107-104,'LAL',leads
161,161,161,200103190SAS,39.3,5.4,1st quarter,11:41.0,Arvydas Sabonis,POR,False,2-pointer,15,0-0,'POR',tied
162,162,162,200103190SAS,23.2,29.5,1st quarter,11:28.0,Rasheed Wallace,POR,False,3-pointer,25,0-0,'POR',tied
163,163,163,200103190SAS,9.5,10.5,1st quarter,11:23.0,Bonzi Wells,POR,False,2-pointer,16,0-0,'POR',tied
164,164,164,200103190SAS,38.0,5.4,1st quarter,10:46.0,Rasheed Wallace,POR,False,2-pointer,14,0-1,'POR',trails
165,165,165,200103190SAS,12.5,16.0,1st quarter,10:23.0,Rasheed Wallace,POR,False,2-pointer,16,0-1,'POR',trails
166,166,166,200103190SAS,24.3,5.0,1st quarter,9:52.0,Bonzi Wells,POR,True,2-pointer,0,2-1,'POR',leads
167,167,167,200103190SAS,39.3,6.5,1st quarter,9:20.0,Arvydas Sabonis,POR,True,2-pointer,15,4-3,'POR',leads
168,168,168,200103190SAS,47.3,10.5,1st quarter,8:38.0,Bonzi Wells,POR,False,3-pointer,24,4-3,'POR',leads
169,169,169,200103190SAS,33.8,6.5,1st quarter,8:02.0,Rasheed Wallace,POR,False,2-pointer,10,4-6,'POR',trails
170,170,170,200103190SAS,25.8,5.9,1st quarter,8:00.0,Arvydas Sabonis,POR,True,2-pointer,2,6-6,'POR',tied
171,171,171,200103190SAS,23.9,5.0,1st quarter,7:18.0,Damon Stoudamire,POR,False,2-pointer,0,7-8,'POR',trails
172,172,172,200103190SAS,19.6,11.6,1st quarter,6:26.0,Damon Stoudamire,POR,True,2-pointer,8,10-10,'POR',tied
173,173,173,200103190SAS,10.4,5.4,1st quarter,5:49.0,Arvydas Sabonis,POR,False,2-pointer,14,10-13,'POR',trails
174,174,174,200103190SAS,9.5,5.4,1st quarter,5:14.0,Rasheed Wallace,POR,False,2-pointer,15,10-15,'POR',trails
175,175,175,200103190SAS,24.3,4.4,1st quarter,4:53.0,Bonzi Wells,POR,False,2-pointer,1,10-15,'POR',trails
176,176,176,200103190SAS,24.3,6.9,1st quarter,3:44.0,Scottie Pippen,POR,False,2-pointer,2,10-23,'POR',trails
177,177,177,200103190SAS,15.4,8.0,1st quarter,3:28.0,Steve Smith,POR,False,2-pointer,9,10-24,'POR',trails
178,178,178,200103190SAS,12.5,6.9,1st quarter,3:05.0,Rasheed Wallace,POR,True,2-pointer,12,12-24,'POR',trails
179,179,179,200103190SAS,8.3,5.0,1st quarter,2:02.0,Rasheed Wallace,POR,True,2-pointer,16,14-29,'POR',trails
180,180,180,200103190SAS,30.8,17.0,1st quarter,1:27.0,Scottie Pippen,POR,True,2-pointer,14,16-29,'POR',trails
181,181,181,200103190SAS,42.2,21.7,1st quarter,0:19.1,Scottie Pippen,POR,False,3-pointer,25,18-29,'POR',trails
182,182,182,200103190SAS,11.0,17.0,2nd quarter,11:34.0,Rasheed Wallace,POR,False,2-pointer,18,18-29,'POR',trails
183,183,183,200103190SAS,23.9,6.5,2nd quarter,11:31.0,Dale Davis,POR,False,2-pointer,2,18-29,'POR',trails
184,184,184,200103190SAS,40.7,7.6,2nd quarter,10:23.0,Rasheed Wallace,POR,False,2-pointer,17,20-33,'POR',trails
185,185,185,200103190SAS,23.9,5.0,2nd quarter,10:14.0,Arvydas Sabonis,POR,False,2-pointer,0,20-33,'POR',trails
186,186,186,200103190SAS,16.1,6.9,2nd quarter,9:48.0,Steve Smith,POR,True,2-pointer,8,22-35,'POR',trails
187,187,187,200103190SAS,25.1,5.4,2nd quarter,9:21.0,Rod Strickland,POR,True,2-pointer,1,24-35,'POR',trails
188,188,188,200103190SAS,8.9,13.2,2nd quarter,8:08.0,Rod Strickland,POR,False,2-pointer,17,26-37,'POR',trails
189,189,189,200103190SAS,35.9,8.6,2nd quarter,7:31.0,Bonzi Wells,POR,False,2-pointer,12,26-37,'POR',trails
190,190,190,200103190SAS,23.9,5.0,2nd quarter,6:51.0,Rod Strickland,POR,True,2-pointer,0,28-39,'POR',trails
191,191,191,200103190SAS,40.1,5.4,2nd quarter,6:17.0,Detlef Schrempf,POR,False,2-pointer,16,28-41,'POR',trails
192,192,192,200103190SAS,11.0,22.7,2nd quarter,5:26.0,Steve Smith,POR,True,2-pointer,22,31-43,'POR',trails
193,193,193,200103190SAS,19.6,6.9,2nd quarter,4:58.0,Bonzi Wells,POR,False,2-pointer,5,31-45,'POR',trails
194,194,194,200103190SAS,24.3,5.0,2nd quarter,4:01.0,Bonzi Wells,POR,True,2-pointer,0,34-47,'POR',trails
195,195,195,200103190SAS,23.2,10.9,2nd quarter,3:15.0,Bonzi Wells,POR,True,2-pointer,6,37-49,'POR',trails
196,196,196,200103190SAS,40.7,6.9,2nd quarter,2:47.0,Damon Stoudamire,POR,False,2-pointer,17,37-49,'POR',trails
197,197,197,200103190SAS,15.4,6.9,2nd quarter,2:23.0,Rasheed Wallace,POR,False,2-pointer,9,37-50,'POR',trails
198,198,198,200103190SAS,0.2,13.7,2nd quarter,2:04.0,Steve Smith,POR,True,3-pointer,25,40-50,'POR',trails
199,199,199,200103190SAS,10.4,25.7,2nd quarter,1:23.0,Steve Smith,POR,False,3-pointer,25,40-52,'POR',trails
200,200,200,200103190SAS,27.9,6.9,2nd quarter,1:20.0,Bonzi Wells,POR,False,2-pointer,4,40-52,'POR',trails
201,201,201,200103190SAS,25.8,5.9,2nd quarter,1:17.0,Steve Smith,POR,True,2-pointer,2,42-52,'POR',trails
202,202,202,200103190SAS,39.3,6.5,2nd quarter,0:53.5,Damon Stoudamire,POR,False,2-pointer,15,42-54,'POR',trails
203,203,203,200103190SAS,23.9,9.2,3rd quarter,11:18.0,Scottie Pippen,POR,False,2-pointer,4,42-56,'POR',trails
204,204,204,200103190SAS,11.6,5.4,3rd quarter,11:05.0,Dale Davis,POR,True,2-pointer,12,44-56,'POR',trails
205,205,205,200103190SAS,32.9,23.4,3rd quarter,10:30.0,Damon Stoudamire,POR,True,2-pointer,20,47-56,'POR',trails
206,206,206,200103190SAS,21.1,29.1,3rd quarter,9:21.0,Damon Stoudamire,POR,False,3-pointer,24,47-58,'POR',trails
207,207,207,200103190SAS,7.4,6.9,3rd quarter,8:14.0,Bonzi Wells,POR,True,2-pointer,17,49-63,'POR',trails
208,208,208,200103190SAS,10.4,8.6,3rd quarter,7:35.0,Rasheed Wallace,POR,True,2-pointer,14,51-63,'POR',trails
209,209,209,200103190SAS,15.4,13.7,3rd quarter,6:21.0,Rasheed Wallace,POR,True,2-pointer,12,53-66,'POR',trails
210,210,210,200103190SAS,23.9,5.4,3rd quarter,5:48.0,Rasheed Wallace,POR,True,2-pointer,0,55-66,'POR',trails
211,211,211,200103190SAS,23.2,5.0,3rd quarter,5:29.0,Scottie Pippen,POR,False,2-pointer,1,55-66,'POR',trails
212,212,212,200103190SAS,10.4,8.6,3rd quarter,5:14.0,Rasheed Wallace,POR,False,2-pointer,14,55-66,'POR',trails
213,213,213,200103190SAS,25.1,5.9,3rd quarter,5:13.0,Dale Davis,POR,False,2-pointer,1,55-66,'POR',trails
214,214,214,200103190SAS,16.1,30.1,3rd quarter,3:57.0,Damon Stoudamire,POR,False,3-pointer,26,55-70,'POR',trails
215,215,215,200103190SAS,9.5,19.4,3rd quarter,3:00.0,Shawn Kemp,POR,True,2-pointer,20,59-73,'POR',trails
216,216,216,200103190SAS,0.2,6.5,3rd quarter,2:23.0,Bonzi Wells,POR,False,3-pointer,24,59-73,'POR',trails
217,217,217,200103190SAS,31.7,10.5,3rd quarter,1:29.0,Steve Smith,POR,True,2-pointer,9,61-73,'POR',trails
218,218,218,200103190SAS,9.5,30.1,3rd quarter,0:00.0,Dale Davis,POR,False,3-pointer,29,65-78,'POR',trails
219,219,219,200103190SAS,23.9,6.5,4th quarter,11:48.0,Shawn Kemp,POR,False,2-pointer,2,65-78,'POR',trails
220,220,220,200103190SAS,41.6,22.1,4th quarter,11:14.0,Steve Smith,POR,True,3-pointer,25,68-78,'POR',trails
221,221,221,200103190SAS,8.3,12.0,4th quarter,10:05.0,Shawn Kemp,POR,False,2-pointer,17,68-81,'POR',trails
222,222,222,200103190SAS,41.6,22.7,4th quarter,8:12.0,Steve Smith,POR,True,3-pointer,25,71-83,'POR',trails
223,223,223,200103190SAS,18.2,30.1,4th quarter,7:43.0,Rasheed Wallace,POR,True,3-pointer,26,74-84,'POR',trails
224,224,224,200103190SAS,42.2,17.0,4th quarter,7:06.0,Shawn Kemp,POR,False,2-pointer,22,74-86,'POR',trails
225,225,225,200103190SAS,27.9,6.5,4th quarter,6:09.0,Scottie Pippen,POR,False,2-pointer,4,74-88,'POR',trails
226,226,226,200103190SAS,40.7,22.7,4th quarter,4:57.0,Scottie Pippen,POR,False,3-pointer,24,75-89,'POR',trails
227,227,227,200103190SAS,0.2,3.7,4th quarter,4:49.0,Steve Smith,POR,False,3-pointer,24,75-89,'POR',trails
228,228,228,200103190SAS,32.9,28.4,4th quarter,4:04.0,Rasheed Wallace,POR,True,3-pointer,25,78-91,'POR',trails
229,229,229,200103190SAS,0.2,3.7,4th quarter,3:07.0,Steve Smith,POR,True,3-pointer,24,81-91,'POR',trails
230,230,230,200103190SAS,9.5,9.9,4th quarter,2:25.0,Scottie Pippen,POR,False,2-pointer,15,81-93,'POR',trails
231,231,231,200103190SAS,7.4,23.4,4th quarter,1:38.0,Rasheed Wallace,POR,False,3-pointer,25,81-95,'POR',trails
232,232,232,200103190SAS,18.2,14.9,4th quarter,1:09.0,Damon Stoudamire,POR,True,2-pointer,11,83-96,'POR',trails
233,233,233,200103190SAS,24.3,5.0,4th quarter,0:36.3,Rod Strickland,POR,True,2-pointer,0,85-96,'POR',trails
234,234,234,200103190SAS,8.3,24.4,4th quarter,0:06.7,Dale Davis,POR,False,3-pointer,25,85-98,'POR',trails
235,235,235,200103190SAS,39.3,5.4,1st quarter,10:31.0,David Robinson,SAS,False,2-pointer,15,1-0,'POR',leads
236,236,236,200103190SAS,31.7,7.6,1st quarter,10:08.0,Tim Duncan,SAS,False,2-pointer,8,1-0,'POR',leads
237,237,237,200103190SAS,32.3,8.0,1st quarter,10:02.0,Tim Duncan,SAS,False,2-pointer,9,1-0,'POR',leads
238,238,238,200103190SAS,22.4,5.0,1st quarter,9:34.0,David Robinson,SAS,False,2-pointer,2,1-2,'POR',trails
239,239,239,200103190SAS,26.4,5.4,1st quarter,9:33.0,Tim Duncan,SAS,True,2-pointer,2,3-2,'POR',leads
240,240,240,200103190SAS,9.5,19.4,1st quarter,8:54.0,Danny Ferry,SAS,False,2-pointer,20,3-4,'POR',trails
241,241,241,200103190SAS,32.9,20.0,1st quarter,8:25.0,Derek Anderson,SAS,False,2-pointer,17,3-4,'POR',trails
242,242,242,200103190SAS,24.3,5.0,1st quarter,8:21.0,David Robinson,SAS,True,2-pointer,0,5-4,'POR',leads
243,243,243,200103190SAS,44.5,4.4,1st quarter,7:10.0,Danny Ferry,SAS,True,2-pointer,21,10-7,'POR',leads
244,244,244,200103190SAS,22.4,29.1,1st quarter,6:38.0,Danny Ferry,SAS,False,3-pointer,24,10-8,'POR',leads
245,245,245,200103190SAS,23.9,29.1,1st quarter,6:12.0,Derek Anderson,SAS,True,3-pointer,24,13-10,'POR',leads
246,246,246,200103190SAS,29.6,8.0,1st quarter,5:32.0,Tim Duncan,SAS,True,2-pointer,6,15-10,'POR',leads
247,247,247,200103190SAS,38.6,23.8,1st quarter,4:48.0,Terry Porter,SAS,True,3-pointer,24,18-10,'POR',leads
248,248,248,200103190SAS,23.9,6.5,1st quarter,4:16.0,Samaki Walker,SAS,True,2-pointer,2,20-10,'POR',leads
249,249,249,200103190SAS,38.6,25.0,1st quarter,2:39.0,Tim Duncan,SAS,True,3-pointer,25,27-12,'POR',leads
250,250,250,200103190SAS,8.3,12.0,1st quarter,2:17.0,Derek Anderson,SAS,True,2-pointer,17,29-12,'POR',leads
251,251,251,200103190SAS,39.3,9.9,1st quarter,1:48.0,Malik Rose,SAS,False,2-pointer,16,29-14,'POR',leads
252,252,252,200103190SAS,7.4,6.5,1st quarter,1:37.0,Tim Duncan,SAS,False,2-pointer,17,29-14,'POR',leads
253,253,253,200103190SAS,47.3,8.6,1st quarter,1:00.0,Malik Rose,SAS,False,3-pointer,24,29-16,'POR',leads
254,254,254,200103190SAS,46.6,11.6,1st quarter,0:00.6,Malik Rose,SAS,False,3-pointer,24,29-18,'POR',leads
255,255,255,200103190SAS,20.3,9.9,2nd quarter,11:48.0,Tim Duncan,SAS,False,2-pointer,6,29-18,'POR',leads
256,256,256,200103190SAS,46.6,4.4,2nd quarter,11:15.0,Antonio Daniels,SAS,False,3-pointer,23,29-18,'POR',leads
257,257,257,200103190SAS,7.4,7.6,2nd quarter,11:06.0,Tim Duncan,SAS,True,2-pointer,17,31-18,'POR',leads
258,258,258,200103190SAS,24.3,5.0,2nd quarter,10:06.0,Derek Anderson,SAS,True,2-pointer,0,35-20,'POR',leads
259,259,259,200103190SAS,27.9,6.5,2nd quarter,9:05.0,Samaki Walker,SAS,False,2-pointer,4,35-24,'POR',leads
260,260,260,200103190SAS,39.3,12.0,2nd quarter,8:17.0,Avery Johnson,SAS,True,2-pointer,17,37-26,'POR',leads
261,261,261,200103190SAS,28.7,9.9,2nd quarter,7:52.0,Samaki Walker,SAS,False,2-pointer,7,37-26,'POR',leads
262,262,262,200103190SAS,25.8,21.0,2nd quarter,7:13.0,Tim Duncan,SAS,True,2-pointer,16,39-26,'POR',leads
263,263,263,200103190SAS,23.2,5.4,2nd quarter,6:39.0,Malik Rose,SAS,True,2-pointer,1,41-28,'POR',leads
264,264,264,200103190SAS,23.9,24.4,2nd quarter,6:08.0,Tim Duncan,SAS,True,2-pointer,19,43-28,'POR',leads
265,265,265,200103190SAS,23.9,6.5,2nd quarter,5:36.0,Tim Duncan,SAS,False,2-pointer,2,43-29,'POR',leads
266,266,266,200103190SAS,11.0,18.3,2nd quarter,4:25.0,Derek Anderson,SAS,True,2-pointer,19,47-31,'POR',leads
267,267,267,200103190SAS,38.6,19.4,2nd quarter,3:40.0,Derek Anderson,SAS,False,2-pointer,21,47-35,'POR',leads
268,268,268,200103190SAS,24.3,3.7,2nd quarter,3:33.0,Malik Rose,SAS,True,2-pointer,1,49-35,'POR',leads
269,269,269,200103190SAS,19.0,13.7,2nd quarter,2:55.0,Tim Duncan,SAS,False,2-pointer,10,49-37,'POR',leads
270,270,270,200103190SAS,30.8,22.1,2nd quarter,1:00.0,Tim Duncan,SAS,True,2-pointer,18,54-42,'POR',leads
271,271,271,200103190SAS,8.3,11.6,2nd quarter,0:40.5,Derek Anderson,SAS,False,2-pointer,17,54-42,'POR',leads
272,272,272,200103190SAS,47.3,4.4,2nd quarter,0:01.0,Danny Ferry,SAS,False,3-pointer,23,54-42,'POR',leads
273,273,273,200103190SAS,38.6,16.6,3rd quarter,11:41.0,Danny Ferry,SAS,True,2-pointer,19,56-42,'POR',leads
274,274,274,200103190SAS,16.9,29.1,3rd quarter,10:48.0,Terry Porter,SAS,False,3-pointer,25,56-45,'POR',leads
275,275,275,200103190SAS,47.3,9.2,3rd quarter,10:07.0,Danny Ferry,SAS,False,3-pointer,24,56-47,'POR',leads
276,276,276,200103190SAS,14.6,20.0,3rd quarter,9:46.0,Terry Porter,SAS,True,2-pointer,18,58-47,'POR',leads
277,277,277,200103190SAS,44.5,17.7,3rd quarter,9:07.0,Derek Anderson,SAS,True,3-pointer,24,61-47,'POR',leads
278,278,278,200103190SAS,19.6,7.6,3rd quarter,7:57.0,Terry Porter,SAS,False,2-pointer,5,63-49,'POR',leads
279,279,279,200103190SAS,43.1,21.0,3rd quarter,7:52.0,Danny Ferry,SAS,False,3-pointer,25,63-49,'POR',leads
280,280,280,200103190SAS,25.1,10.5,3rd quarter,7:08.0,Tim Duncan,SAS,False,2-pointer,6,64-51,'POR',leads
281,281,281,200103190SAS,30.2,21.7,3rd quarter,6:41.0,David Robinson,SAS,True,2-pointer,18,66-51,'POR',leads
282,282,282,200103190SAS,20.3,12.6,3rd quarter,6:04.0,David Robinson,SAS,False,2-pointer,8,66-53,'POR',leads
283,283,283,200103190SAS,21.7,22.1,3rd quarter,5:01.0,Terry Porter,SAS,True,2-pointer,17,68-55,'POR',leads
284,284,284,200103190SAS,23.2,5.4,3rd quarter,4:26.0,David Robinson,SAS,True,2-pointer,1,70-55,'POR',leads
285,285,285,200103190SAS,3.3,2.7,3rd quarter,3:40.0,Danny Ferry,SAS,False,2-pointer,21,70-55,'POR',leads
286,286,286,200103190SAS,22.4,8.6,3rd quarter,3:21.0,Tim Duncan,SAS,False,2-pointer,4,70-57,'POR',leads
287,287,287,200103190SAS,24.3,5.0,3rd quarter,3:20.0,David Robinson,SAS,True,2-pointer,0,72-57,'POR',leads
288,288,288,200103190SAS,1.1,5.0,3rd quarter,2:34.0,Terry Porter,SAS,False,3-pointer,23,73-59,'POR',leads
289,289,289,200103190SAS,46.6,3.7,3rd quarter,2:14.0,Terry Porter,SAS,False,3-pointer,23,73-59,'POR',leads
290,290,290,200103190SAS,36.5,5.4,3rd quarter,1:43.0,Terry Porter,SAS,False,2-pointer,13,73-59,'POR',leads
291,291,291,200103190SAS,42.2,20.6,3rd quarter,1:09.0,Derek Anderson,SAS,True,3-pointer,24,76-61,'POR',leads
292,292,292,200103190SAS,24.3,23.4,3rd quarter,0:33.6,Derek Anderson,SAS,False,2-pointer,18,76-63,'POR',leads
293,293,293,200103190SAS,25.1,10.9,4th quarter,11:24.0,Antonio Daniels,SAS,False,2-pointer,6,78-65,'POR',leads
294,294,294,200103190SAS,25.8,14.3,4th quarter,10:23.0,Tim Duncan,SAS,True,2-pointer,9,81-68,'POR',leads
295,295,295,200103190SAS,11.6,26.7,4th quarter,9:46.0,Antonio Daniels,SAS,False,3-pointer,25,81-68,'POR',leads
296,296,296,200103190SAS,15.4,19.4,4th quarter,9:28.0,David Robinson,SAS,False,2-pointer,17,81-68,'POR',leads
297,297,297,200103190SAS,23.2,6.5,4th quarter,9:14.0,Derek Anderson,SAS,True,2-pointer,2,83-68,'POR',leads
298,298,298,200103190SAS,23.9,8.0,4th quarter,8:35.0,Tim Duncan,SAS,False,2-pointer,3,83-68,'POR',leads
299,299,299,200103190SAS,23.9,5.0,4th quarter,8:34.0,Tim Duncan,SAS,False,2-pointer,0,83-68,'POR',leads
300,300,300,200103190SAS,21.7,23.4,4th quarter,7:23.0,Avery Johnson,SAS,True,2-pointer,19,86-74,'POR',leads
301,301,301,200103190SAS,25.8,10.5,4th quarter,6:54.0,Derek Anderson,SAS,True,2-pointer,6,88-74,'POR',leads
302,302,302,200103190SAS,26.4,21.7,4th quarter,6:22.0,Tim Duncan,SAS,False,2-pointer,17,88-74,'POR',leads
303,303,303,200103190SAS,6.8,9.9,4th quarter,5:06.0,Derek Anderson,SAS,False,2-pointer,18,89-75,'POR',leads
304,304,304,200103190SAS,7.4,23.8,4th quarter,4:39.0,Derek Anderson,SAS,False,3-pointer,25,89-75,'POR',leads
305,305,305,200103190SAS,23.2,5.4,4th quarter,4:24.0,David Robinson,SAS,True,2-pointer,1,91-75,'POR',leads
306,306,306,200103190SAS,47.3,5.0,4th quarter,3:39.0,Danny Ferry,SAS,False,3-pointer,23,91-78,'POR',leads
307,307,307,200103190SAS,43.7,5.0,4th quarter,2:41.0,Danny Ferry,SAS,True,2-pointer,20,93-81,'POR',leads
308,308,308,200103190SAS,17.5,21.7,4th quarter,0:50.4,Avery Johnson,SAS,False,2-pointer,18,96-83,'POR',leads
309,309,309,200103190SAS,40.7,7.6,4th quarter,0:17.1,Samaki Walker,SAS,True,2-pointer,17,98-85,'POR',leads
310,310,310,200103190SEA,11.6,10.7,1st quarter,11:43.0,Eric Snow,PHI,False,2-pointer,14,0-0,'SEA',tied
311,311,311,200103190SEA,19.2,5.0,1st quarter,11:27.0,Tyrone Hill,PHI,False,2-pointer,5,0-0,'SEA',tied
312,312,312,200103190SEA,19.8,5.9,1st quarter,11:19.0,Aaron McKie,PHI,False,2-pointer,4,0-0,'SEA',tied
313,313,313,200103190SEA,25.6,8.6,1st quarter,10:51.0,Tyrone Hill,PHI,False,2-pointer,4,0-0,'SEA',tied
314,314,314,200103190SEA,24.0,5.0,1st quarter,10:47.0,Dikembe Mutombo,PHI,True,2-pointer,0,2-0,'SEA',leads
315,315,315,200103190SEA,16.5,5.0,1st quarter,10:06.0,Dikembe Mutombo,PHI,True,2-pointer,8,4-2,'SEA',leads
316,316,316,200103190SEA,24.0,5.0,1st quarter,9:10.0,Aaron McKie,PHI,True,2-pointer,0,6-4,'SEA',leads
317,317,317,200103190SEA,21.3,5.9,1st quarter,8:33.0,Eric Snow,PHI,False,2-pointer,3,6-6,'SEA',tied
318,318,318,200103190SEA,24.0,5.0,1st quarter,8:29.0,Tyrone Hill,PHI,False,2-pointer,0,6-6,'SEA',tied
319,319,319,200103190SEA,31.0,9.2,1st quarter,7:50.0,Dikembe Mutombo,PHI,False,2-pointer,8,6-6,'SEA',tied
320,320,320,200103190SEA,14.4,6.5,1st quarter,7:05.0,Dikembe Mutombo,PHI,True,2-pointer,10,8-8,'SEA',tied
321,321,321,200103190SEA,8.7,17.9,1st quarter,6:34.0,Aaron McKie,PHI,False,2-pointer,20,8-8,'SEA',tied
322,322,322,200103190SEA,26.2,16.4,1st quarter,5:31.0,Eric Snow,PHI,True,2-pointer,12,10-8,'SEA',leads
323,323,323,200103190SEA,26.2,18.5,1st quarter,4:17.0,Aaron McKie,PHI,False,2-pointer,14,11-9,'SEA',leads
324,324,324,200103190SEA,24.0,5.0,1st quarter,2:46.0,Eric Snow,PHI,True,2-pointer,0,13-14,'SEA',trails
325,325,325,200103190SEA,15.6,19.1,1st quarter,1:40.0,George Lynch,PHI,True,2-pointer,16,16-14,'SEA',leads
326,326,326,200103190SEA,35.5,27.4,1st quarter,0:49.5,Jumaine Jones,PHI,True,3-pointer,25,19-17,'SEA',leads
327,327,327,200103190SEA,0.9,8.6,1st quarter,0:07.8,Jumaine Jones,PHI,True,3-pointer,23,22-19,'SEA',leads
328,328,328,200103190SEA,35.5,17.9,2nd quarter,11:19.0,Jumaine Jones,PHI,False,2-pointer,17,22-21,'SEA',leads
329,329,329,200103190SEA,11.6,8.6,2nd quarter,10:54.0,Matt Geiger,PHI,True,2-pointer,13,24-23,'SEA',leads
330,330,330,200103190SEA,26.2,11.3,2nd quarter,9:40.0,Rodney Buford,PHI,False,2-pointer,7,24-25,'SEA',trails
331,331,331,200103190SEA,37.6,5.0,2nd quarter,9:37.0,George Lynch,PHI,False,2-pointer,14,24-25,'SEA',trails
332,332,332,200103190SEA,24.0,5.0,2nd quarter,9:01.0,Aaron McKie,PHI,True,2-pointer,0,26-27,'SEA',trails
333,333,333,200103190SEA,24.0,5.0,2nd quarter,8:22.0,Kevin Ollie,PHI,False,2-pointer,0,26-29,'SEA',trails
334,334,334,200103190SEA,19.2,7.6,2nd quarter,7:40.0,Rodney Buford,PHI,False,2-pointer,5,26-31,'SEA',trails
335,335,335,200103190SEA,24.0,5.0,2nd quarter,7:37.0,George Lynch,PHI,False,2-pointer,0,26-31,'SEA',trails
336,336,336,200103190SEA,26.2,5.4,2nd quarter,7:10.0,George Lynch,PHI,False,2-pointer,2,26-33,'SEA',trails
337,337,337,200103190SEA,24.0,5.0,2nd quarter,6:58.0,Eric Snow,PHI,True,2-pointer,0,28-33,'SEA',trails
338,338,338,200103190SEA,27.7,8.0,2nd quarter,6:16.0,Tyrone Hill,PHI,True,2-pointer,5,30-36,'SEA',trails
339,339,339,200103190SEA,40.3,5.9,2nd quarter,5:56.0,Tyrone Hill,PHI,False,2-pointer,16,31-36,'SEA',trails
340,340,340,200103190SEA,23.6,12.0,2nd quarter,5:34.0,Rodney Buford,PHI,True,2-pointer,7,33-36,'SEA',trails
341,341,341,200103190SEA,6.4,13.0,2nd quarter,4:37.0,Rodney Buford,PHI,True,2-pointer,19,35-38,'SEA',trails
342,342,342,200103190SEA,28.9,5.0,2nd quarter,4:14.0,Kevin Ollie,PHI,False,2-pointer,5,35-38,'SEA',trails
343,343,343,200103190SEA,24.0,5.0,2nd quarter,4:12.0,Tyrone Hill,PHI,True,2-pointer,0,37-38,'SEA',trails
344,344,344,200103190SEA,2.4,17.5,2nd quarter,3:40.0,Rodney Buford,PHI,True,3-pointer,25,40-38,'SEA',leads
345,345,345,200103190SEA,12.3,18.5,2nd quarter,2:48.0,Rodney Buford,PHI,False,2-pointer,18,40-40,'SEA',tied
346,346,346,200103190SEA,3.6,20.8,2nd quarter,2:38.0,Jumaine Jones,PHI,False,3-pointer,26,40-40,'SEA',tied
347,347,347,200103190SEA,16.5,22.9,2nd quarter,1:14.0,Aaron McKie,PHI,True,2-pointer,19,44-42,'SEA',leads
348,348,348,200103190SEA,24.7,8.0,2nd quarter,0:32.1,Dikembe Mutombo,PHI,True,2-pointer,3,48-45,'SEA',leads
349,349,349,200103190SEA,12.3,3.7,2nd quarter,0:02.2,George Lynch,PHI,False,2-pointer,12,48-45,'SEA',leads
350,350,350,200103190SEA,14.4,8.6,3rd quarter,11:31.0,Aaron McKie,PHI,True,2-pointer,10,50-45,'SEA',leads
351,351,351,200103190SEA,26.8,18.5,3rd quarter,10:52.0,Aaron McKie,PHI,True,2-pointer,14,52-45,'SEA',leads
352,352,352,200103190SEA,34.8,20.8,3rd quarter,10:16.0,Aaron McKie,PHI,False,2-pointer,19,52-45,'SEA',leads
353,353,353,200103190SEA,24.0,5.0,3rd quarter,10:00.0,Aaron McKie,PHI,True,2-pointer,0,54-45,'SEA',leads
354,354,354,200103190SEA,13.5,20.2,3rd quarter,8:52.0,Aaron McKie,PHI,False,2-pointer,18,55-47,'SEA',leads
355,355,355,200103190SEA,39.0,12.6,3rd quarter,8:21.0,George Lynch,PHI,True,2-pointer,17,57-49,'SEA',leads
356,356,356,200103190SEA,24.1,6.9,3rd quarter,6:39.0,Eric Snow,PHI,False,2-pointer,2,59-51,'SEA',leads
357,357,357,200103190SEA,21.3,22.3,3rd quarter,5:13.0,Eric Snow,PHI,False,2-pointer,18,59-57,'SEA',leads
358,358,358,200103190SEA,24.0,5.0,3rd quarter,5:10.0,George Lynch,PHI,True,2-pointer,0,61-57,'SEA',leads
359,359,359,200103190SEA,39.0,25.0,3rd quarter,3:40.0,Aaron McKie,PHI,True,3-pointer,25,65-60,'SEA',leads
360,360,360,200103190SEA,26.8,8.6,3rd quarter,2:20.0,Dikembe Mutombo,PHI,False,2-pointer,5,65-62,'SEA',leads
361,361,361,200103190SEA,26.2,5.9,4th quarter,11:21.0,Jumaine Jones,PHI,False,2-pointer,2,66-69,'SEA',trails
362,362,362,200103190SEA,24.0,5.0,4th quarter,11:18.0,Tyrone Hill,PHI,False,2-pointer,0,66-69,'SEA',trails
363,363,363,200103190SEA,17.7,18.5,4th quarter,11:11.0,Rodney Buford,PHI,True,2-pointer,15,68-69,'SEA',trails
364,364,364,200103190SEA,29.8,3.7,4th quarter,10:40.0,Rodney Buford,PHI,False,2-pointer,6,68-69,'SEA',trails
365,365,365,200103190SEA,28.9,14.1,4th quarter,10:11.0,Eric Snow,PHI,False,2-pointer,10,68-71,'SEA',trails
366,366,366,200103190SEA,28.9,5.9,4th quarter,9:03.0,Tyrone Hill,PHI,False,2-pointer,5,68-73,'SEA',trails
367,367,367,200103190SEA,24.0,5.0,4th quarter,8:56.0,Kevin Ollie,PHI,True,2-pointer,0,70-73,'SEA',trails
368,368,368,200103190SEA,35.5,8.6,4th quarter,8:22.0,Kevin Ollie,PHI,True,2-pointer,12,73-73,'SEA',tied
369,369,369,200103190SEA,37.6,3.7,4th quarter,7:41.0,Aaron McKie,PHI,False,2-pointer,14,73-73,'SEA',tied
370,370,370,200103190SEA,29.8,5.9,4th quarter,7:26.0,Dikembe Mutombo,PHI,False,2-pointer,6,73-73,'SEA',tied
371,371,371,200103190SEA,17.1,17.9,4th quarter,6:24.0,Rodney Buford,PHI,False,2-pointer,15,73-75,'SEA',trails
372,372,372,200103190SEA,32.5,8.0,4th quarter,5:00.0,Dikembe Mutombo,PHI,True,2-pointer,9,76-77,'SEA',trails
373,373,373,200103190SEA,15.6,28.0,4th quarter,3:35.0,Rodney Buford,PHI,True,3-pointer,24,79-79,'SEA',tied
374,374,374,200103190SEA,3.0,17.9,4th quarter,2:07.0,Rodney Buford,PHI,False,3-pointer,25,79-81,'SEA',trails
375,375,375,200103190SEA,0.2,12.6,4th quarter,1:31.0,Aaron McKie,PHI,False,3-pointer,25,79-84,'SEA',trails
376,376,376,200103190SEA,0.9,11.3,4th quarter,1:21.0,Aaron McKie,PHI,True,3-pointer,24,82-84,'SEA',trails
377,377,377,200103190SEA,21.3,9.2,4th quarter,0:54.8,George Lynch,PHI,False,2-pointer,5,82-86,'SEA',trails
378,378,378,200103190SEA,26.2,29.5,4th quarter,0:25.4,Eric Snow,PHI,True,3-pointer,25,85-88,'SEA',trails
379,379,379,200103190SEA,24.0,5.0,4th quarter,0:13.9,Eric Snow,PHI,True,2-pointer,0,87-89,'SEA',trails
380,380,380,200103190SEA,21.3,19.1,4th quarter,0:06.5,Eric Snow,PHI,False,2-pointer,14,87-91,'SEA',trails
381,381,381,200103190SEA,23.6,30.1,4th quarter,0:00.7,Rodney Buford,PHI,False,3-pointer,25,89-93,'SEA',trails
382,382,382,200103190SEA,7.8,6.5,1st quarter,11:05.0,Gary Payton,SEA,False,2-pointer,16,0-0,'SEA',tied
383,383,383,200103190SEA,21.3,20.2,1st quarter,10:23.0,Rashard Lewis,SEA,True,2-pointer,15,2-2,'SEA',tied
384,384,384,200103190SEA,21.3,6.5,1st quarter,9:52.0,Jelani McCoy,SEA,False,2-pointer,3,2-4,'SEA',trails
385,385,385,200103190SEA,17.7,5.0,1st quarter,9:33.0,Patrick Ewing,SEA,True,2-pointer,6,4-4,'SEA',tied
386,386,386,200103190SEA,16.5,12.6,1st quarter,8:08.0,Gary Payton,SEA,False,2-pointer,11,6-6,'SEA',tied
387,387,387,200103190SEA,11.6,16.4,1st quarter,7:29.0,Gary Payton,SEA,True,2-pointer,17,8-6,'SEA',leads
388,388,388,200103190SEA,15.0,15.1,1st quarter,6:50.0,Rashard Lewis,SEA,False,2-pointer,14,8-8,'SEA',tied
389,389,389,200103190SEA,24.0,5.0,1st quarter,6:03.0,Jelani McCoy,SEA,False,2-pointer,0,8-8,'SEA',tied
390,390,390,200103190SEA,24.7,19.1,1st quarter,4:37.0,Gary Payton,SEA,False,2-pointer,14,8-11,'SEA',trails
391,391,391,200103190SEA,24.0,5.0,1st quarter,4:10.0,Ruben Patterson,SEA,True,2-pointer,0,11-11,'SEA',tied
392,392,392,200103190SEA,46.8,5.0,1st quarter,3:26.0,Gary Payton,SEA,True,3-pointer,23,14-11,'SEA',leads
393,393,393,200103190SEA,17.1,20.8,1st quarter,2:55.0,Patrick Ewing,SEA,False,2-pointer,17,14-11,'SEA',leads
394,394,394,200103190SEA,15.0,7.6,1st quarter,2:24.0,Patrick Ewing,SEA,False,2-pointer,9,14-14,'SEA',tied
395,395,395,200103190SEA,18.6,25.0,1st quarter,2:01.0,Vin Baker,SEA,False,2-pointer,21,14-14,'SEA',tied
396,396,396,200103190SEA,9.3,24.6,1st quarter,1:14.0,Gary Payton,SEA,True,3-pointer,25,17-16,'SEA',leads
397,397,397,200103190SEA,15.6,23.6,1st quarter,0:01.2,Emanual Davis,SEA,False,2-pointer,20,19-22,'SEA',trails
398,398,398,200103190SEA,24.0,5.0,1st quarter,0:00.4,Vin Baker,SEA,False,2-pointer,0,19-22,'SEA',trails
399,399,399,200103190SEA,36.1,21.9,2nd quarter,11:40.0,Desmond Mason,SEA,False,2-pointer,21,19-22,'SEA',trails
400,400,400,200103190SEA,24.0,5.0,2nd quarter,11:37.0,Ruben Patterson,SEA,True,2-pointer,0,21-22,'SEA',trails
401,401,401,200103190SEA,31.0,18.5,2nd quarter,11:12.0,Gary Payton,SEA,False,2-pointer,15,21-22,'SEA',trails
402,402,402,200103190SEA,24.0,5.0,2nd quarter,11:08.0,Desmond Mason,SEA,True,2-pointer,0,23-22,'SEA',leads
403,403,403,200103190SEA,13.5,3.7,2nd quarter,10:31.0,Gary Payton,SEA,False,2-pointer,11,23-24,'SEA',trails
404,404,404,200103190SEA,17.1,4.4,2nd quarter,9:21.0,Gary Payton,SEA,True,2-pointer,7,27-24,'SEA',leads
405,405,405,200103190SEA,24.0,5.0,2nd quarter,8:42.0,Vin Baker,SEA,True,2-pointer,0,29-26,'SEA',leads
406,406,406,200103190SEA,24.0,5.0,2nd quarter,8:02.0,Vin Baker,SEA,False,2-pointer,0,29-26,'SEA',leads
407,407,407,200103190SEA,24.0,5.0,2nd quarter,7:59.0,Ruben Patterson,SEA,False,2-pointer,0,29-26,'SEA',leads
408,408,408,200103190SEA,24.0,5.0,2nd quarter,7:56.0,Desmond Mason,SEA,True,2-pointer,0,31-26,'SEA',leads
409,409,409,200103190SEA,12.9,14.7,2nd quarter,7:24.0,Vin Baker,SEA,True,2-pointer,15,33-26,'SEA',leads
410,410,410,200103190SEA,41.8,23.6,2nd quarter,6:40.0,Gary Payton,SEA,True,3-pointer,26,36-28,'SEA',leads
411,411,411,200103190SEA,7.2,4.4,2nd quarter,6:08.0,Gary Payton,SEA,False,2-pointer,17,36-31,'SEA',leads
412,412,412,200103190SEA,9.3,15.8,2nd quarter,5:11.0,Vin Baker,SEA,True,2-pointer,18,38-33,'SEA',leads
413,413,413,200103190SEA,44.5,8.0,2nd quarter,4:22.0,Rashard Lewis,SEA,False,2-pointer,21,38-35,'SEA',leads
414,414,414,200103190SEA,27.7,6.5,2nd quarter,3:50.0,Vin Baker,SEA,False,2-pointer,4,38-37,'SEA',leads
415,415,415,200103190SEA,43.1,11.3,2nd quarter,3:10.0,Desmond Mason,SEA,True,2-pointer,20,40-40,'SEA',tied
416,416,416,200103190SEA,9.3,16.8,2nd quarter,2:12.0,Desmond Mason,SEA,False,2-pointer,19,40-40,'SEA',tied
417,417,417,200103190SEA,20.7,6.9,2nd quarter,1:58.0,Gary Payton,SEA,False,2-pointer,4,40-40,'SEA',tied
418,418,418,200103190SEA,43.1,14.7,2nd quarter,1:37.0,Desmond Mason,SEA,True,2-pointer,21,42-42,'SEA',tied
419,419,419,200103190SEA,46.8,7.6,2nd quarter,0:55.5,Desmond Mason,SEA,True,3-pointer,23,45-44,'SEA',leads
420,420,420,200103190SEA,5.1,20.8,2nd quarter,0:08.7,Gary Payton,SEA,False,3-pointer,25,45-48,'SEA',trails
421,421,421,200103190SEA,15.6,15.1,3rd quarter,11:46.0,Rashard Lewis,SEA,False,2-pointer,13,45-48,'SEA',trails
422,422,422,200103190SEA,26.2,6.9,3rd quarter,11:05.0,Vin Baker,SEA,False,2-pointer,3,45-50,'SEA',trails
423,423,423,200103190SEA,40.9,24.6,3rd quarter,10:25.0,Emanual Davis,SEA,False,3-pointer,26,45-52,'SEA',trails
424,424,424,200103190SEA,23.6,18.5,3rd quarter,10:08.0,Emanual Davis,SEA,False,2-pointer,14,45-52,'SEA',trails
425,425,425,200103190SEA,35.5,28.0,3rd quarter,9:41.0,Emanual Davis,SEA,False,3-pointer,26,45-55,'SEA',trails
426,426,426,200103190SEA,23.6,24.0,3rd quarter,9:15.0,Vin Baker,SEA,True,2-pointer,19,47-55,'SEA',trails
427,427,427,200103190SEA,24.7,8.0,3rd quarter,8:43.0,Gary Payton,SEA,True,2-pointer,3,49-55,'SEA',trails
428,428,428,200103190SEA,24.0,5.0,3rd quarter,8:01.0,Vin Baker,SEA,True,2-pointer,0,51-57,'SEA',trails
429,429,429,200103190SEA,7.8,15.1,3rd quarter,7:28.0,Vin Baker,SEA,False,2-pointer,19,51-57,'SEA',trails
430,430,430,200103190SEA,12.3,3.7,3rd quarter,6:48.0,Emanual Davis,SEA,False,2-pointer,12,51-59,'SEA',trails
431,431,431,200103190SEA,39.0,4.4,3rd quarter,6:30.0,Rashard Lewis,SEA,True,2-pointer,15,53-59,'SEA',trails
432,432,432,200103190SEA,24.0,5.0,3rd quarter,6:14.0,Gary Payton,SEA,True,2-pointer,0,55-59,'SEA',trails
433,433,433,200103190SEA,31.7,9.2,3rd quarter,5:43.0,Gary Payton,SEA,True,2-pointer,9,57-59,'SEA',trails
434,434,434,200103190SEA,5.1,21.3,3rd quarter,4:53.0,Gary Payton,SEA,False,3-pointer,25,57-61,'SEA',trails
435,435,435,200103190SEA,46.8,10.7,3rd quarter,4:42.0,Rashard Lewis,SEA,True,3-pointer,24,60-61,'SEA',trails
436,436,436,200103190SEA,24.1,9.7,3rd quarter,3:15.0,Gary Payton,SEA,False,2-pointer,5,60-65,'SEA',trails
437,437,437,200103190SEA,24.0,5.0,3rd quarter,2:51.0,Gary Payton,SEA,True,2-pointer,0,62-65,'SEA',trails
438,438,438,200103190SEA,24.1,9.2,3rd quarter,1:37.0,Ruben Patterson,SEA,True,2-pointer,4,65-65,'SEA',tied
439,439,439,200103190SEA,21.3,5.4,3rd quarter,1:18.0,Desmond Mason,SEA,False,2-pointer,3,65-65,'SEA',tied
440,440,440,200103190SEA,24.0,5.0,3rd quarter,1:14.0,Ruben Patterson,SEA,True,2-pointer,0,67-65,'SEA',leads
441,441,441,200103190SEA,24.0,5.0,3rd quarter,0:38.9,Gary Payton,SEA,False,2-pointer,0,67-65,'SEA',leads
442,442,442,200103190SEA,17.7,6.9,3rd quarter,0:03.5,Shammond Williams,SEA,True,2-pointer,7,69-66,'SEA',leads
443,443,443,200103190SEA,5.7,16.4,4th quarter,11:34.0,Rashard Lewis,SEA,False,2-pointer,22,69-66,'SEA',leads
444,444,444,200103190SEA,18.6,4.4,4th quarter,10:53.0,Shammond Williams,SEA,False,2-pointer,5,69-68,'SEA',leads
445,445,445,200103190SEA,24.0,5.0,4th quarter,10:28.0,Desmond Mason,SEA,True,2-pointer,0,71-68,'SEA',leads
446,446,446,200103190SEA,17.7,12.0,4th quarter,9:52.0,Ruben Patterson,SEA,False,2-pointer,9,71-68,'SEA',leads
447,447,447,200103190SEA,16.5,17.9,4th quarter,9:23.0,Shammond Williams,SEA,True,2-pointer,15,73-68,'SEA',leads
448,448,448,200103190SEA,46.8,12.0,4th quarter,8:43.0,Brent Barry,SEA,False,3-pointer,24,73-71,'SEA',leads
449,449,449,200103190SEA,36.9,25.7,4th quarter,7:58.0,Brent Barry,SEA,False,3-pointer,24,73-73,'SEA',tied
450,450,450,200103190SEA,22.8,8.6,4th quarter,7:09.0,Vin Baker,SEA,True,2-pointer,4,75-73,'SEA',leads
451,451,451,200103190SEA,20.7,20.2,4th quarter,6:03.0,Gary Payton,SEA,True,2-pointer,16,77-73,'SEA',leads
452,452,452,200103190SEA,25.6,30.1,4th quarter,4:43.0,Shammond Williams,SEA,False,3-pointer,25,77-76,'SEA',leads
453,453,453,200103190SEA,27.7,5.9,4th quarter,3:46.0,Vin Baker,SEA,False,2-pointer,4,79-76,'SEA',leads
454,454,454,200103190SEA,28.3,4.4,4th quarter,3:22.0,Brent Barry,SEA,False,2-pointer,4,79-79,'SEA',tied
455,455,455,200103190SEA,28.9,5.0,4th quarter,3:00.0,Gary Payton,SEA,False,2-pointer,5,79-79,'SEA',tied
456,456,456,200103190SEA,8.7,8.6,4th quarter,2:27.0,Vin Baker,SEA,True,2-pointer,16,81-79,'SEA',leads
457,457,457,200103190SEA,17.7,29.5,4th quarter,1:47.0,Gary Payton,SEA,True,3-pointer,25,84-79,'SEA',leads
458,458,458,200103190SEA,24.0,5.0,4th quarter,1:00.0,Ruben Patterson,SEA,True,2-pointer,0,86-82,'SEA',leads
459,459,459,200103190SEA,17.1,23.6,4th quarter,0:29.3,Vin Baker,SEA,True,2-pointer,20,88-82,'SEA',leads
