,Unnamed: 0.1,Unnamed: 0,match_id,shotX,shotY,quarter,time_remaining,player,team,made,shot_type,distance,score,opp,status
0,0,0,200104290PHO,24.0,5.0,1st quarter,11:55.0,Doug Christie,SAC,True,2-pointer,0,2-0,'SAC',leads
1,1,1,200104290PHO,24.0,5.0,1st quarter,11:15.0,Jason Williams,SAC,False,2-pointer,0,2-0,'SAC',leads
2,2,2,200104290PHO,24.0,5.0,1st quarter,11:00.0,Jason Williams,SAC,False,2-pointer,0,2-2,'SAC',tied
3,3,3,200104290PHO,24.0,5.0,1st quarter,10:36.0,Vlade Divac,SAC,False,2-pointer,0,2-2,'SAC',tied
4,4,4,200104290PHO,17.7,25.9,1st quarter,10:09.0,Jason Williams,SAC,True,2-pointer,22,4-2,'SAC',leads
5,5,5,200104290PHO,42.8,22.7,1st quarter,9:44.0,Jason Williams,SAC,True,3-pointer,26,7-2,'SAC',leads
6,6,6,200104290PHO,29.8,17.7,1st quarter,8:43.0,Peja Stojaković,SAC,False,2-pointer,14,9-4,'SAC',leads
7,7,7,200104290PHO,38.4,14.3,1st quarter,7:16.0,Chris Webber,SAC,False,2-pointer,17,13-10,'SAC',leads
8,8,8,200104290PHO,14.8,11.1,1st quarter,6:23.0,Peja Stojaković,SAC,True,2-pointer,11,15-14,'SAC',leads
9,9,9,200104290PHO,24.7,15.6,1st quarter,5:24.0,Peja Stojaković,SAC,False,2-pointer,11,16-17,'SAC',trails
10,10,10,200104290PHO,47.1,12.2,1st quarter,3:08.0,Peja Stojaković,SAC,False,3-pointer,24,17-24,'SAC',trails
11,11,11,200104290PHO,24.0,5.0,1st quarter,1:18.0,Vlade Divac,SAC,False,2-pointer,0,19-29,'SAC',trails
12,12,12,200104290PHO,24.7,21.5,1st quarter,0:43.0,Vlade Divac,SAC,False,2-pointer,17,19-32,'SAC',trails
13,13,13,200104290PHO,34.8,20.0,1st quarter,0:30.9,Hedo Türkoğlu,SAC,False,2-pointer,18,19-32,'SAC',trails
14,14,14,200104290PHO,24.7,9.5,1st quarter,0:09.7,Vlade Divac,SAC,False,2-pointer,5,19-34,'SAC',trails
15,15,15,200104290PHO,24.0,5.0,2nd quarter,11:37.0,Scot Pollard,SAC,True,2-pointer,0,21-36,'SAC',trails
16,16,16,200104290PHO,24.1,11.6,2nd quarter,11:25.0,Chris Webber,SAC,False,2-pointer,7,21-36,'SAC',trails
17,17,17,200104290PHO,37.8,5.0,2nd quarter,10:45.0,Hedo Türkoğlu,SAC,False,2-pointer,14,21-38,'SAC',trails
18,18,18,200104290PHO,24.0,5.0,2nd quarter,10:44.0,Scot Pollard,SAC,True,2-pointer,0,23-38,'SAC',trails
19,19,19,200104290PHO,20.7,9.9,2nd quarter,10:09.0,Chris Webber,SAC,False,2-pointer,6,23-38,'SAC',trails
20,20,20,200104290PHO,24.0,5.0,2nd quarter,9:54.0,Jon Barry,SAC,True,2-pointer,0,25-38,'SAC',trails
21,21,21,200104290PHO,27.0,25.9,2nd quarter,9:12.0,Chris Webber,SAC,False,2-pointer,21,26-38,'SAC',trails
22,22,22,200104290PHO,24.0,5.0,2nd quarter,9:08.0,Chris Webber,SAC,True,2-pointer,0,28-38,'SAC',trails
23,23,23,200104290PHO,24.0,5.0,2nd quarter,8:22.0,Chris Webber,SAC,False,2-pointer,0,28-40,'SAC',trails
24,24,24,200104290PHO,43.5,6.1,2nd quarter,8:01.0,Bobby Jackson,SAC,False,2-pointer,20,28-42,'SAC',trails
25,25,25,200104290PHO,33.4,20.0,2nd quarter,7:32.0,Jon Barry,SAC,True,2-pointer,18,30-42,'SAC',trails
26,26,26,200104290PHO,24.7,23.4,2nd quarter,6:56.0,Chris Webber,SAC,True,2-pointer,18,32-44,'SAC',trails
27,27,27,200104290PHO,24.0,5.0,2nd quarter,6:10.0,Chris Webber,SAC,False,2-pointer,0,34-44,'SAC',trails
28,28,28,200104290PHO,24.0,5.0,2nd quarter,6:08.0,Scot Pollard,SAC,True,2-pointer,0,36-44,'SAC',trails
29,29,29,200104290PHO,24.0,5.0,2nd quarter,5:36.0,Chris Webber,SAC,True,2-pointer,0,38-44,'SAC',trails
30,30,30,200104290PHO,24.0,5.0,2nd quarter,5:01.0,Scot Pollard,SAC,True,2-pointer,0,40-46,'SAC',trails
31,31,31,200104290PHO,39.9,21.5,2nd quarter,3:33.0,Peja Stojaković,SAC,False,2-pointer,23,42-50,'SAC',trails
32,32,32,200104290PHO,36.3,16.6,2nd quarter,3:08.0,Chris Webber,SAC,False,2-pointer,17,42-50,'SAC',trails
33,33,33,200104290PHO,24.0,5.0,2nd quarter,2:42.0,Doug Christie,SAC,True,2-pointer,0,44-50,'SAC',trails
34,34,34,200104290PHO,24.0,5.0,2nd quarter,2:25.0,Peja Stojaković,SAC,True,2-pointer,0,46-50,'SAC',trails
35,35,35,200104290PHO,7.0,7.8,2nd quarter,1:27.0,Peja Stojaković,SAC,True,2-pointer,17,48-52,'SAC',trails
36,36,36,200104290PHO,24.0,5.0,2nd quarter,0:54.2,Chris Webber,SAC,True,2-pointer,0,50-53,'SAC',trails
37,37,37,200104290PHO,24.0,5.0,2nd quarter,0:28.7,Peja Stojaković,SAC,True,2-pointer,0,53-55,'SAC',trails
38,38,38,200104290PHO,43.5,6.5,3rd quarter,11:25.0,Peja Stojaković,SAC,False,2-pointer,20,53-55,'SAC',trails
39,39,39,200104290PHO,38.4,11.6,3rd quarter,10:55.0,Vlade Divac,SAC,False,2-pointer,16,53-57,'SAC',trails
40,40,40,200104290PHO,24.0,5.0,3rd quarter,10:22.0,Vlade Divac,SAC,False,2-pointer,0,53-57,'SAC',trails
41,41,41,200104290PHO,22.2,20.4,3rd quarter,8:58.0,Chris Webber,SAC,False,2-pointer,16,55-61,'SAC',trails
42,42,42,200104290PHO,24.0,5.0,3rd quarter,8:25.0,Doug Christie,SAC,False,2-pointer,0,55-61,'SAC',trails
43,43,43,200104290PHO,33.4,8.4,3rd quarter,8:22.0,Vlade Divac,SAC,True,2-pointer,10,57-61,'SAC',trails
44,44,44,200104290PHO,14.2,18.3,3rd quarter,7:37.0,Chris Webber,SAC,False,2-pointer,17,57-61,'SAC',trails
45,45,45,200104290PHO,24.0,5.0,3rd quarter,7:07.0,Vlade Divac,SAC,False,2-pointer,0,59-61,'SAC',trails
46,46,46,200104290PHO,1.9,5.0,3rd quarter,6:50.0,Jason Williams,SAC,True,3-pointer,22,62-64,'SAC',trails
47,47,47,200104290PHO,24.0,5.0,3rd quarter,6:11.0,Peja Stojaković,SAC,False,2-pointer,0,62-64,'SAC',trails
48,48,48,200104290PHO,24.0,5.0,3rd quarter,6:10.0,Vlade Divac,SAC,False,2-pointer,0,62-64,'SAC',trails
49,49,49,200104290PHO,4.9,20.4,3rd quarter,5:48.0,Jason Williams,SAC,True,3-pointer,25,65-66,'SAC',trails
50,50,50,200104290PHO,10.6,17.7,3rd quarter,5:15.0,Jason Williams,SAC,True,2-pointer,18,67-66,'SAC',leads
51,51,51,200104290PHO,24.0,5.0,3rd quarter,4:55.0,Chris Webber,SAC,False,2-pointer,0,68-66,'SAC',leads
52,52,52,200104290PHO,36.9,10.5,3rd quarter,4:27.0,Doug Christie,SAC,True,2-pointer,14,70-66,'SAC',leads
53,53,53,200104290PHO,35.5,25.9,3rd quarter,3:45.0,Vlade Divac,SAC,True,3-pointer,24,73-66,'SAC',leads
54,54,54,200104290PHO,39.9,16.2,3rd quarter,3:16.0,Peja Stojaković,SAC,False,2-pointer,19,73-66,'SAC',leads
55,55,55,200104290PHO,7.0,22.1,3rd quarter,2:54.0,Jason Williams,SAC,False,3-pointer,24,73-66,'SAC',leads
56,56,56,200104290PHO,24.0,5.0,3rd quarter,2:25.0,Doug Christie,SAC,False,2-pointer,0,73-66,'SAC',leads
57,57,57,200104290PHO,24.0,5.0,3rd quarter,2:24.0,Peja Stojaković,SAC,True,2-pointer,0,75-66,'SAC',leads
58,58,58,200104290PHO,38.4,13.9,3rd quarter,1:48.0,Chris Webber,SAC,False,2-pointer,17,75-68,'SAC',leads
59,59,59,200104290PHO,18.4,28.8,3rd quarter,1:27.0,Peja Stojaković,SAC,False,3-pointer,24,75-70,'SAC',leads
60,60,60,200104290PHO,24.1,12.2,3rd quarter,0:50.2,Jason Williams,SAC,False,2-pointer,7,75-72,'SAC',leads
61,61,61,200104290PHO,24.1,44.4,3rd quarter,0:01.0,Doug Christie,SAC,False,3-pointer,39,75-73,'SAC',leads
62,62,62,200104290PHO,22.8,20.0,4th quarter,11:41.0,Bobby Jackson,SAC,False,2-pointer,15,75-73,'SAC',leads
63,63,63,200104290PHO,8.5,8.8,4th quarter,11:13.0,Hedo Türkoğlu,SAC,False,2-pointer,16,75-73,'SAC',leads
64,64,64,200104290PHO,15.6,20.0,4th quarter,10:38.0,Chris Webber,SAC,True,2-pointer,17,77-75,'SAC',leads
65,65,65,200104290PHO,24.0,5.0,4th quarter,9:59.0,Vlade Divac,SAC,True,2-pointer,0,79-77,'SAC',leads
66,66,66,200104290PHO,1.9,6.1,4th quarter,9:04.0,Doug Christie,SAC,False,3-pointer,22,79-77,'SAC',leads
67,67,67,200104290PHO,36.3,25.5,4th quarter,8:15.0,Doug Christie,SAC,True,3-pointer,24,82-77,'SAC',leads
68,68,68,200104290PHO,47.1,5.0,4th quarter,7:39.0,Hedo Türkoğlu,SAC,False,3-pointer,23,82-78,'SAC',leads
69,69,69,200104290PHO,1.9,4.6,4th quarter,6:15.0,Bobby Jackson,SAC,False,3-pointer,22,84-80,'SAC',leads
70,70,70,200104290PHO,24.0,5.0,4th quarter,6:07.0,Chris Webber,SAC,True,2-pointer,0,86-80,'SAC',leads
71,71,71,200104290PHO,24.7,19.4,4th quarter,5:35.0,Peja Stojaković,SAC,False,2-pointer,14,86-80,'SAC',leads
72,72,72,200104290PHO,34.0,21.0,4th quarter,5:29.0,Chris Webber,SAC,True,2-pointer,19,88-80,'SAC',leads
73,73,73,200104290PHO,14.8,8.4,4th quarter,4:15.0,Chris Webber,SAC,False,2-pointer,10,88-84,'SAC',leads
74,74,74,200104290PHO,29.1,16.2,4th quarter,2:46.0,Peja Stojaković,SAC,False,2-pointer,12,90-90,'SAC',tied
75,75,75,200104290PHO,1.1,6.1,4th quarter,1:37.0,Doug Christie,SAC,False,3-pointer,23,92-90,'SAC',leads
76,76,76,200104290PHO,24.0,5.0,4th quarter,1:33.0,Vlade Divac,SAC,True,2-pointer,0,94-90,'SAC',leads
77,77,77,200104290PHO,24.7,29.3,4th quarter,1:03.0,Doug Christie,SAC,True,3-pointer,24,97-92,'SAC',leads
78,78,78,200104290PHO,3.4,19.4,1st quarter,11:33.0,Clifford Robinson,PHO,False,3-pointer,25,0-2,'SAC',trails
79,79,79,200104290PHO,24.0,5.0,1st quarter,11:09.0,Jason Kidd,PHO,True,2-pointer,0,2-2,'SAC',tied
80,80,80,200104290PHO,23.6,10.5,1st quarter,10:50.0,Shawn Marion,PHO,False,2-pointer,6,2-2,'SAC',tied
81,81,81,200104290PHO,9.9,25.9,1st quarter,10:20.0,Jason Kidd,PHO,False,3-pointer,25,2-2,'SAC',tied
82,82,82,200104290PHO,24.1,19.4,1st quarter,9:52.0,Shawn Marion,PHO,False,2-pointer,14,2-4,'SAC',trails
83,83,83,200104290PHO,44.1,5.0,1st quarter,9:27.0,Shawn Marion,PHO,False,2-pointer,20,2-7,'SAC',trails
84,84,84,200104290PHO,34.0,6.5,1st quarter,8:58.0,Clifford Robinson,PHO,True,2-pointer,10,4-9,'SAC',trails
85,85,85,200104290PHO,17.7,30.9,1st quarter,8:33.0,Mario Elie,PHO,False,3-pointer,27,4-9,'SAC',trails
86,86,86,200104290PHO,24.0,5.0,1st quarter,8:27.0,Jake Tsakalidis,PHO,True,2-pointer,0,6-9,'SAC',trails
87,87,87,200104290PHO,13.5,6.1,1st quarter,7:55.0,Jake Tsakalidis,PHO,True,2-pointer,11,8-11,'SAC',trails
88,88,88,200104290PHO,16.3,19.4,1st quarter,7:08.0,Jason Kidd,PHO,True,2-pointer,16,12-13,'SAC',trails
89,89,89,200104290PHO,24.0,5.0,1st quarter,6:37.0,Mario Elie,PHO,True,2-pointer,0,14-13,'SAC',leads
90,90,90,200104290PHO,47.1,5.0,1st quarter,6:00.0,Clifford Robinson,PHO,True,3-pointer,23,17-15,'SAC',leads
91,91,91,200104290PHO,24.7,14.9,1st quarter,5:41.0,Shawn Marion,PHO,False,2-pointer,10,17-16,'SAC',leads
92,92,92,200104290PHO,34.8,6.5,1st quarter,5:15.0,Jason Kidd,PHO,False,2-pointer,11,17-16,'SAC',leads
93,93,93,200104290PHO,24.0,5.0,1st quarter,5:06.0,Rodney Rogers,PHO,False,2-pointer,0,17-16,'SAC',leads
94,94,94,200104290PHO,24.0,5.0,1st quarter,4:48.0,Rodney Rogers,PHO,False,2-pointer,0,17-16,'SAC',leads
95,95,95,200104290PHO,24.0,5.0,1st quarter,4:26.0,Rodney Rogers,PHO,True,2-pointer,0,19-17,'SAC',leads
96,96,96,200104290PHO,0.5,4.6,1st quarter,3:55.0,Tony Delk,PHO,False,3-pointer,24,19-17,'SAC',leads
97,97,97,200104290PHO,1.9,16.2,1st quarter,3:48.0,Rodney Rogers,PHO,True,3-pointer,25,22-17,'SAC',leads
98,98,98,200104290PHO,14.2,8.4,1st quarter,3:25.0,Tony Delk,PHO,True,2-pointer,10,24-17,'SAC',leads
99,99,99,200104290PHO,24.0,5.0,1st quarter,2:32.0,Jason Kidd,PHO,True,2-pointer,0,26-17,'SAC',leads
100,100,100,200104290PHO,24.7,20.4,1st quarter,2:02.0,Tom Gugliotta,PHO,False,2-pointer,15,26-19,'SAC',leads
101,101,101,200104290PHO,6.4,23.4,1st quarter,0:57.8,Tony Delk,PHO,True,3-pointer,25,32-19,'SAC',leads
102,102,102,200104290PHO,24.1,20.0,1st quarter,0:00.0,Elliot Perry,PHO,True,2-pointer,15,36-19,'SAC',leads
103,103,103,200104290PHO,14.2,8.8,2nd quarter,11:45.0,Jason Kidd,PHO,False,2-pointer,11,36-19,'SAC',leads
104,104,104,200104290PHO,5.5,20.0,2nd quarter,10:27.0,Tony Delk,PHO,False,3-pointer,24,38-23,'SAC',leads
105,105,105,200104290PHO,24.0,5.0,2nd quarter,10:01.0,Jason Kidd,PHO,False,2-pointer,0,38-23,'SAC',leads
106,106,106,200104290PHO,24.0,5.0,2nd quarter,9:31.0,Jason Kidd,PHO,False,2-pointer,0,38-25,'SAC',leads
107,107,107,200104290PHO,35.5,15.6,2nd quarter,8:42.0,Vinny Del,PHO,True,2-pointer,16,40-28,'SAC',leads
108,108,108,200104290PHO,44.1,5.4,2nd quarter,8:15.0,Tony Delk,PHO,True,2-pointer,20,42-28,'SAC',leads
109,109,109,200104290PHO,24.0,5.0,2nd quarter,7:47.0,Rodney Rogers,PHO,False,2-pointer,0,42-28,'SAC',leads
110,110,110,200104290PHO,12.1,9.5,2nd quarter,7:13.0,Tony Delk,PHO,True,2-pointer,13,44-30,'SAC',leads
111,111,111,200104290PHO,40.7,20.0,2nd quarter,6:28.0,Tom Gugliotta,PHO,False,2-pointer,22,44-34,'SAC',leads
112,112,112,200104290PHO,41.4,18.3,2nd quarter,5:24.0,Jason Kidd,PHO,True,2-pointer,22,46-38,'SAC',leads
113,113,113,200104290PHO,37.8,20.4,2nd quarter,4:39.0,Tom Gugliotta,PHO,True,2-pointer,21,48-40,'SAC',leads
114,114,114,200104290PHO,41.4,17.2,2nd quarter,4:10.0,Tom Gugliotta,PHO,True,2-pointer,21,50-40,'SAC',leads
115,115,115,200104290PHO,24.0,5.0,2nd quarter,3:39.0,Jason Kidd,PHO,False,2-pointer,0,50-42,'SAC',leads
116,116,116,200104290PHO,1.1,5.0,2nd quarter,3:21.0,Tony Delk,PHO,False,3-pointer,23,50-42,'SAC',leads
117,117,117,200104290PHO,24.0,5.0,2nd quarter,3:15.0,Tony Delk,PHO,False,2-pointer,0,50-42,'SAC',leads
118,118,118,200104290PHO,22.8,18.3,2nd quarter,2:30.0,Jason Kidd,PHO,False,2-pointer,13,50-44,'SAC',leads
119,119,119,200104290PHO,24.0,5.0,2nd quarter,1:39.0,Mario Elie,PHO,True,2-pointer,0,52-46,'SAC',leads
120,120,120,200104290PHO,24.0,5.0,2nd quarter,0:42.3,Mario Elie,PHO,True,2-pointer,0,55-51,'SAC',leads
121,121,121,200104290PHO,34.8,22.7,2nd quarter,0:04.6,Tom Gugliotta,PHO,False,2-pointer,21,55-53,'SAC',leads
122,122,122,200104290PHO,42.8,5.4,3rd quarter,11:42.0,Clifford Robinson,PHO,False,2-pointer,19,55-53,'SAC',leads
123,123,123,200104290PHO,40.7,10.5,3rd quarter,11:10.0,Jason Kidd,PHO,True,2-pointer,18,57-53,'SAC',leads
124,124,124,200104290PHO,12.1,19.4,3rd quarter,10:38.0,Jason Kidd,PHO,False,2-pointer,19,57-53,'SAC',leads
125,125,125,200104290PHO,1.1,5.0,3rd quarter,10:08.0,Mario Elie,PHO,False,3-pointer,23,57-53,'SAC',leads
126,126,126,200104290PHO,24.0,5.0,3rd quarter,10:06.0,Jake Tsakalidis,PHO,True,2-pointer,0,59-53,'SAC',leads
127,127,127,200104290PHO,23.6,10.5,3rd quarter,9:35.0,Shawn Marion,PHO,True,2-pointer,6,61-55,'SAC',leads
128,128,128,200104290PHO,40.7,8.4,3rd quarter,7:45.0,Shawn Marion,PHO,False,2-pointer,17,61-57,'SAC',leads
129,129,129,200104290PHO,24.0,5.0,3rd quarter,7:01.0,Jason Kidd,PHO,True,2-pointer,0,63-59,'SAC',leads
130,130,130,200104290PHO,24.0,5.0,3rd quarter,6:30.0,Chris Dudley,PHO,False,2-pointer,0,64-62,'SAC',leads
131,131,131,200104290PHO,24.0,5.0,3rd quarter,6:26.0,Shawn Marion,PHO,False,2-pointer,0,64-62,'SAC',leads
132,132,132,200104290PHO,24.0,5.0,3rd quarter,5:55.0,Shawn Marion,PHO,True,2-pointer,0,66-62,'SAC',leads
133,133,133,200104290PHO,37.8,17.7,3rd quarter,5:31.0,Tom Gugliotta,PHO,False,2-pointer,19,66-65,'SAC',leads
134,134,134,200104290PHO,39.9,23.8,3rd quarter,4:37.0,Mario Elie,PHO,False,3-pointer,25,66-68,'SAC',trails
135,135,135,200104290PHO,39.3,14.3,3rd quarter,4:09.0,Shawn Marion,PHO,False,2-pointer,18,66-70,'SAC',trails
136,136,136,200104290PHO,36.9,19.4,3rd quarter,3:28.0,Tony Delk,PHO,False,2-pointer,19,66-73,'SAC',trails
137,137,137,200104290PHO,10.6,6.1,3rd quarter,2:43.0,Shawn Marion,PHO,False,2-pointer,13,66-73,'SAC',trails
138,138,138,200104290PHO,24.0,5.0,3rd quarter,1:41.0,Jason Kidd,PHO,True,2-pointer,0,70-75,'SAC',trails
139,139,139,200104290PHO,24.0,5.0,3rd quarter,1:07.0,Tony Delk,PHO,True,2-pointer,0,72-75,'SAC',trails
140,140,140,200104290PHO,42.8,8.8,3rd quarter,0:03.0,Tom Gugliotta,PHO,False,2-pointer,19,73-75,'SAC',trails
141,141,141,200104290PHO,38.4,18.3,4th quarter,10:24.0,Tom Gugliotta,PHO,True,2-pointer,20,77-77,'SAC',tied
142,142,142,200104290PHO,12.7,26.5,4th quarter,9:44.0,Clifford Robinson,PHO,False,3-pointer,24,77-79,'SAC',trails
143,143,143,200104290PHO,41.4,22.1,4th quarter,9:25.0,Rodney Rogers,PHO,False,3-pointer,24,77-79,'SAC',trails
144,144,144,200104290PHO,24.0,5.0,4th quarter,8:57.0,Jason Kidd,PHO,False,2-pointer,0,77-79,'SAC',trails
145,145,145,200104290PHO,24.0,5.0,4th quarter,8:28.0,Jason Kidd,PHO,False,2-pointer,0,77-79,'SAC',trails
146,146,146,200104290PHO,38.4,9.9,4th quarter,7:25.0,Shawn Marion,PHO,False,2-pointer,15,78-82,'SAC',trails
147,147,147,200104290PHO,37.8,15.6,4th quarter,7:08.0,Jason Kidd,PHO,True,2-pointer,17,80-82,'SAC',trails
148,148,148,200104290PHO,39.3,12.8,4th quarter,6:35.0,Tom Gugliotta,PHO,False,2-pointer,17,80-84,'SAC',trails
149,149,149,200104290PHO,14.2,27.2,4th quarter,5:06.0,Jason Kidd,PHO,False,3-pointer,24,80-88,'SAC',trails
150,150,150,200104290PHO,33.4,6.1,4th quarter,4:58.0,Tony Delk,PHO,True,2-pointer,9,82-88,'SAC',trails
151,151,151,200104290PHO,30.4,6.1,4th quarter,4:37.0,Shawn Marion,PHO,True,2-pointer,6,84-88,'SAC',trails
152,152,152,200104290PHO,16.3,27.8,4th quarter,4:05.0,Tony Delk,PHO,True,3-pointer,24,87-88,'SAC',trails
153,153,153,200104290PHO,27.0,11.6,4th quarter,3:30.0,Shawn Marion,PHO,False,2-pointer,7,87-88,'SAC',trails
154,154,154,200104290PHO,26.2,11.6,4th quarter,3:03.0,Clifford Robinson,PHO,True,2-pointer,7,90-90,'SAC',tied
155,155,155,200104290PHO,24.0,5.0,4th quarter,2:22.0,Tom Gugliotta,PHO,False,2-pointer,0,90-92,'SAC',trails
156,156,156,200104290PHO,42.8,22.1,4th quarter,1:57.0,Jason Kidd,PHO,False,3-pointer,25,90-92,'SAC',trails
157,157,157,200104290PHO,15.6,20.4,4th quarter,1:22.0,Tony Delk,PHO,True,2-pointer,18,92-94,'SAC',trails
158,158,158,200104290PHO,12.7,25.9,4th quarter,0:52.0,Clifford Robinson,PHO,False,3-pointer,24,92-97,'SAC',trails
159,159,159,200104290PHO,37.8,24.4,4th quarter,0:35.5,Tony Delk,PHO,False,3-pointer,24,92-97,'SAC',trails
160,160,160,200104290PHO,24.0,5.0,4th quarter,0:33.3,Shawn Marion,PHO,False,2-pointer,0,92-97,'SAC',trails
161,161,161,200104290PHO,19.2,29.3,4th quarter,0:22.1,Clifford Robinson,PHO,False,3-pointer,25,93-99,'SAC',trails
162,162,162,200104290PHO,36.9,26.5,4th quarter,0:15.8,Jason Kidd,PHO,False,3-pointer,25,93-101,'SAC',trails
163,163,163,200104290PHO,34.0,27.2,4th quarter,0:04.9,Shawn Marion,PHO,True,3-pointer,24,96-102,'SAC',trails
164,164,164,200104290PHO,14.2,27.2,4th quarter,0:00.0,Jason Kidd,PHO,False,3-pointer,24,96-104,'SAC',trails
165,165,165,200104290POR,25.8,29.1,1st quarter,10:27.0,Kobe Bryant,LAL,False,3-pointer,24,0-2,'POR',trails
166,166,166,200104290POR,24.0,5.0,1st quarter,10:00.0,Rick Fox,LAL,True,2-pointer,0,2-2,'POR',tied
167,167,167,200104290POR,24.0,5.0,1st quarter,9:16.0,Kobe Bryant,LAL,True,2-pointer,0,4-4,'POR',tied
168,168,168,200104290POR,4.5,3.7,1st quarter,8:38.0,Horace Grant,LAL,False,2-pointer,20,4-6,'POR',trails
169,169,169,200104290POR,44.5,8.0,1st quarter,8:30.0,Derek Fisher,LAL,True,2-pointer,21,6-6,'POR',tied
170,170,170,200104290POR,24.0,5.0,1st quarter,7:56.0,Kobe Bryant,LAL,False,2-pointer,0,6-9,'POR',trails
171,171,171,200104290POR,13.3,23.8,1st quarter,7:50.0,Kobe Bryant,LAL,False,2-pointer,22,6-9,'POR',trails
172,172,172,200104290POR,24.0,5.0,1st quarter,7:47.0,Shaquille O'Neal,LAL,True,2-pointer,0,8-9,'POR',trails
173,173,173,200104290POR,40.7,13.2,1st quarter,7:15.0,Kobe Bryant,LAL,False,2-pointer,19,8-9,'POR',trails
174,174,174,200104290POR,13.3,4.4,1st quarter,6:50.0,Shaquille O'Neal,LAL,False,2-pointer,11,8-9,'POR',trails
175,175,175,200104290POR,12.7,18.3,1st quarter,6:23.0,Kobe Bryant,LAL,False,2-pointer,17,8-11,'POR',trails
176,176,176,200104290POR,46.8,4.4,1st quarter,5:55.0,Rick Fox,LAL,False,3-pointer,23,8-11,'POR',trails
177,177,177,200104290POR,34.8,5.4,1st quarter,5:33.0,Kobe Bryant,LAL,True,2-pointer,11,10-11,'POR',trails
178,178,178,200104290POR,39.3,17.0,1st quarter,4:55.0,Horace Grant,LAL,False,2-pointer,19,10-13,'POR',trails
179,179,179,200104290POR,39.3,23.8,1st quarter,4:20.0,Brian Shaw,LAL,True,3-pointer,24,13-13,'POR',tied
180,180,180,200104290POR,24.0,5.0,1st quarter,4:08.0,Brian Shaw,LAL,True,2-pointer,0,15-13,'POR',leads
181,181,181,200104290POR,16.3,27.8,1st quarter,3:07.0,Brian Shaw,LAL,False,3-pointer,24,15-17,'POR',trails
182,182,182,200104290POR,41.6,24.4,1st quarter,1:39.0,Brian Shaw,LAL,False,3-pointer,26,16-21,'POR',trails
183,183,183,200104290POR,37.8,20.0,1st quarter,1:14.0,Horace Grant,LAL,True,2-pointer,20,18-21,'POR',trails
184,184,184,200104290POR,27.2,8.6,1st quarter,0:44.4,Horace Grant,LAL,True,2-pointer,5,20-24,'POR',trails
185,185,185,200104290POR,24.3,29.1,1st quarter,0:27.8,Derek Fisher,LAL,False,3-pointer,24,20-26,'POR',trails
186,186,186,200104290POR,24.3,29.5,1st quarter,0:00.3,Devean George,LAL,True,3-pointer,25,23-26,'POR',trails
187,187,187,200104290POR,46.8,3.7,2nd quarter,11:39.0,Rick Fox,LAL,False,3-pointer,23,23-26,'POR',trails
188,188,188,200104290POR,24.0,5.0,2nd quarter,11:37.0,Robert Horry,LAL,True,2-pointer,0,25-26,'POR',trails
189,189,189,200104290POR,24.0,5.0,2nd quarter,10:42.0,Kobe Bryant,LAL,False,2-pointer,0,26-28,'POR',trails
190,190,190,200104290POR,23.0,21.0,2nd quarter,10:19.0,Robert Horry,LAL,False,2-pointer,16,26-30,'POR',trails
191,191,191,200104290POR,6.8,13.7,2nd quarter,9:46.0,Kobe Bryant,LAL,False,2-pointer,19,26-30,'POR',trails
192,192,192,200104290POR,25.1,7.6,2nd quarter,8:06.0,Shaquille O'Neal,LAL,True,2-pointer,3,31-32,'POR',trails
193,193,193,200104290POR,29.6,6.9,2nd quarter,7:32.0,Shaquille O'Neal,LAL,False,2-pointer,6,31-35,'POR',trails
194,194,194,200104290POR,24.0,5.0,2nd quarter,7:04.0,Shaquille O'Neal,LAL,True,2-pointer,0,33-37,'POR',trails
195,195,195,200104290POR,24.0,5.0,2nd quarter,6:40.0,Rick Fox,LAL,True,2-pointer,0,35-37,'POR',trails
196,196,196,200104290POR,15.6,3.1,2nd quarter,6:07.0,Kobe Bryant,LAL,False,2-pointer,9,35-39,'POR',trails
197,197,197,200104290POR,24.0,5.0,2nd quarter,6:02.0,Kobe Bryant,LAL,True,2-pointer,0,37-39,'POR',trails
198,198,198,200104290POR,42.2,21.7,2nd quarter,5:40.0,Rick Fox,LAL,False,3-pointer,25,37-39,'POR',trails
199,199,199,200104290POR,17.1,25.7,2nd quarter,5:36.0,Kobe Bryant,LAL,True,2-pointer,22,39-39,'POR',tied
200,200,200,200104290POR,24.0,5.0,2nd quarter,5:13.0,Kobe Bryant,LAL,False,2-pointer,0,39-39,'POR',tied
201,201,201,200104290POR,24.0,5.0,2nd quarter,5:10.0,Kobe Bryant,LAL,True,2-pointer,0,41-39,'POR',leads
202,202,202,200104290POR,27.2,29.1,2nd quarter,4:01.0,Brian Shaw,LAL,False,3-pointer,24,42-39,'POR',leads
203,203,203,200104290POR,24.0,5.0,2nd quarter,3:21.0,Kobe Bryant,LAL,False,2-pointer,0,44-41,'POR',leads
204,204,204,200104290POR,46.8,5.4,2nd quarter,2:54.0,Rick Fox,LAL,False,3-pointer,23,44-41,'POR',leads
205,205,205,200104290POR,24.0,5.0,2nd quarter,2:23.0,Rick Fox,LAL,True,2-pointer,0,46-41,'POR',leads
206,206,206,200104290POR,28.1,5.9,2nd quarter,1:28.0,Kobe Bryant,LAL,True,2-pointer,4,50-43,'POR',leads
207,207,207,200104290POR,46.8,3.1,2nd quarter,0:48.5,Rick Fox,LAL,False,3-pointer,23,50-45,'POR',leads
208,208,208,200104290POR,15.6,13.2,2nd quarter,0:25.6,Derek Fisher,LAL,False,2-pointer,12,50-45,'POR',leads
209,209,209,200104290POR,24.0,5.0,2nd quarter,0:13.0,Shaquille O'Neal,LAL,True,2-pointer,0,52-45,'POR',leads
210,210,210,200104290POR,31.0,12.6,3rd quarter,11:44.0,Shaquille O'Neal,LAL,False,2-pointer,10,54-47,'POR',leads
211,211,211,200104290POR,13.3,10.5,3rd quarter,10:58.0,Kobe Bryant,LAL,False,2-pointer,12,54-49,'POR',leads
212,212,212,200104290POR,6.8,23.4,3rd quarter,10:18.0,Derek Fisher,LAL,False,3-pointer,25,54-49,'POR',leads
213,213,213,200104290POR,3.8,9.9,3rd quarter,9:44.0,Kobe Bryant,LAL,False,2-pointer,21,54-49,'POR',leads
214,214,214,200104290POR,3.0,3.1,3rd quarter,8:57.0,Derek Fisher,LAL,False,2-pointer,21,54-52,'POR',leads
215,215,215,200104290POR,19.4,5.0,3rd quarter,8:53.0,Horace Grant,LAL,True,2-pointer,5,56-52,'POR',leads
216,216,216,200104290POR,5.3,18.3,3rd quarter,7:46.0,Derek Fisher,LAL,True,2-pointer,23,61-56,'POR',leads
217,217,217,200104290POR,24.0,5.0,3rd quarter,7:11.0,Kobe Bryant,LAL,True,2-pointer,0,63-59,'POR',leads
218,218,218,200104290POR,5.3,5.9,3rd quarter,6:46.0,Horace Grant,LAL,False,2-pointer,19,63-59,'POR',leads
219,219,219,200104290POR,34.8,21.0,3rd quarter,6:16.0,Kobe Bryant,LAL,True,2-pointer,19,65-61,'POR',leads
220,220,220,200104290POR,25.1,8.0,3rd quarter,5:38.0,Shaquille O'Neal,LAL,True,2-pointer,3,67-63,'POR',leads
221,221,221,200104290POR,28.1,31.2,3rd quarter,4:27.0,Derek Fisher,LAL,True,3-pointer,27,70-66,'POR',leads
222,222,222,200104290POR,23.0,11.6,3rd quarter,3:56.0,Shaquille O'Neal,LAL,False,2-pointer,7,70-66,'POR',leads
223,223,223,200104290POR,24.0,5.0,3rd quarter,3:37.0,Shaquille O'Neal,LAL,True,2-pointer,0,73-66,'POR',leads
224,224,224,200104290POR,26.6,29.1,3rd quarter,2:56.0,Robert Horry,LAL,False,3-pointer,24,73-67,'POR',leads
225,225,225,200104290POR,22.4,20.0,3rd quarter,2:30.0,Horace Grant,LAL,True,2-pointer,15,75-67,'POR',leads
226,226,226,200104290POR,24.0,5.0,3rd quarter,2:08.0,Derek Fisher,LAL,False,2-pointer,0,75-67,'POR',leads
227,227,227,200104290POR,42.2,5.0,3rd quarter,1:06.0,Brian Shaw,LAL,True,2-pointer,18,77-70,'POR',leads
228,228,228,200104290POR,4.5,5.4,3rd quarter,0:33.7,Kobe Bryant,LAL,False,2-pointer,20,77-72,'POR',leads
229,229,229,200104290POR,31.0,5.4,4th quarter,11:24.0,Shaquille O'Neal,LAL,False,2-pointer,7,79-72,'POR',leads
230,230,230,200104290POR,16.3,5.0,4th quarter,11:21.0,Robert Horry,LAL,False,2-pointer,8,79-72,'POR',leads
231,231,231,200104290POR,18.0,6.5,4th quarter,10:42.0,Shaquille O'Neal,LAL,True,2-pointer,6,81-74,'POR',leads
232,232,232,200104290POR,30.2,5.4,4th quarter,10:13.0,Shaquille O'Neal,LAL,True,2-pointer,6,83-74,'POR',leads
233,233,233,200104290POR,36.9,25.7,4th quarter,9:01.0,Derek Fisher,LAL,True,3-pointer,24,87-74,'POR',leads
234,234,234,200104290POR,7.4,13.7,4th quarter,7:37.0,Kobe Bryant,LAL,True,2-pointer,19,89-76,'POR',leads
235,235,235,200104290POR,24.3,9.2,4th quarter,6:49.0,Shaquille O'Neal,LAL,False,2-pointer,4,91-78,'POR',leads
236,236,236,200104290POR,10.4,26.1,4th quarter,5:14.0,Robert Horry,LAL,False,3-pointer,25,93-80,'POR',leads
237,237,237,200104290POR,39.3,25.0,4th quarter,5:01.0,Kobe Bryant,LAL,False,3-pointer,25,93-80,'POR',leads
238,238,238,200104290POR,8.9,20.0,4th quarter,4:16.0,Derek Fisher,LAL,True,2-pointer,21,95-80,'POR',leads
239,239,239,200104290POR,14.2,6.9,4th quarter,3:21.0,Derek Fisher,LAL,False,2-pointer,10,95-82,'POR',leads
240,240,240,200104290POR,24.0,5.0,4th quarter,3:15.0,Rick Fox,LAL,True,2-pointer,0,97-82,'POR',leads
241,241,241,200104290POR,24.0,5.0,4th quarter,2:39.0,Shaquille O'Neal,LAL,False,2-pointer,0,97-82,'POR',leads
242,242,242,200104290POR,32.5,5.4,4th quarter,1:50.0,Shaquille O'Neal,LAL,False,2-pointer,9,97-82,'POR',leads
243,243,243,200104290POR,24.0,5.0,4th quarter,1:31.0,Shaquille O'Neal,LAL,True,2-pointer,0,99-84,'POR',leads
244,244,244,200104290POR,9.7,27.2,4th quarter,0:48.8,Derek Fisher,LAL,False,3-pointer,26,99-86,'POR',leads
245,245,245,200104290POR,5.3,5.0,4th quarter,0:14.0,Mark Madsen,LAL,False,2-pointer,19,99-86,'POR',leads
246,246,246,200104290POR,30.2,28.4,1st quarter,11:40.0,Steve Smith,POR,False,3-pointer,24,0-0,'POR',tied
247,247,247,200104290POR,42.2,16.0,1st quarter,11:10.0,Damon Stoudamire,POR,False,2-pointer,21,0-0,'POR',tied
248,248,248,200104290POR,24.0,5.0,1st quarter,10:42.0,Steve Smith,POR,True,2-pointer,0,2-0,'POR',leads
249,249,249,200104290POR,27.2,7.6,1st quarter,10:12.0,Rasheed Wallace,POR,False,2-pointer,4,2-0,'POR',leads
250,250,250,200104290POR,33.4,4.4,1st quarter,9:38.0,Rasheed Wallace,POR,True,2-pointer,9,4-2,'POR',leads
251,251,251,200104290POR,24.0,5.0,1st quarter,8:55.0,Arvydas Sabonis,POR,True,2-pointer,0,6-4,'POR',leads
252,252,252,200104290POR,23.9,11.6,1st quarter,8:09.0,Scottie Pippen,POR,True,2-pointer,7,8-6,'POR',leads
253,253,253,200104290POR,24.0,5.0,1st quarter,7:22.0,Scottie Pippen,POR,False,2-pointer,0,9-8,'POR',leads
254,254,254,200104290POR,6.8,7.6,1st quarter,7:07.0,Rasheed Wallace,POR,False,2-pointer,17,9-8,'POR',leads
255,255,255,200104290POR,14.2,5.9,1st quarter,6:10.0,Rasheed Wallace,POR,False,2-pointer,10,11-8,'POR',leads
256,256,256,200104290POR,24.0,5.0,1st quarter,6:09.0,Rasheed Wallace,POR,False,2-pointer,0,11-8,'POR',leads
257,257,257,200104290POR,5.3,10.1,1st quarter,6:06.0,Steve Smith,POR,False,2-pointer,19,11-8,'POR',leads
258,258,258,200104290POR,46.8,3.7,1st quarter,5:44.0,Scottie Pippen,POR,False,3-pointer,23,11-8,'POR',leads
259,259,259,200104290POR,35.5,13.7,1st quarter,4:44.0,Rasheed Wallace,POR,False,2-pointer,14,13-10,'POR',leads
260,260,260,200104290POR,15.6,4.4,1st quarter,3:52.0,Steve Smith,POR,True,2-pointer,8,15-15,'POR',tied
261,261,261,200104290POR,23.9,27.2,1st quarter,2:54.0,Arvydas Sabonis,POR,True,2-pointer,22,19-15,'POR',leads
262,262,262,200104290POR,24.0,5.0,1st quarter,2:02.0,Scottie Pippen,POR,True,2-pointer,0,21-16,'POR',leads
263,263,263,200104290POR,7.4,20.0,1st quarter,1:25.0,Arvydas Sabonis,POR,False,2-pointer,22,21-16,'POR',leads
264,264,264,200104290POR,29.6,29.1,1st quarter,0:57.6,Damon Stoudamire,POR,True,3-pointer,25,24-18,'POR',leads
265,265,265,200104290POR,43.1,17.0,1st quarter,0:37.1,Damon Stoudamire,POR,True,2-pointer,23,26-20,'POR',leads
266,266,266,200104290POR,39.3,24.4,1st quarter,0:09.0,Damon Stoudamire,POR,False,3-pointer,25,26-20,'POR',leads
267,267,267,200104290POR,20.1,11.6,2nd quarter,11:21.0,Damon Stoudamire,POR,True,2-pointer,8,28-25,'POR',leads
268,268,268,200104290POR,24.0,5.0,2nd quarter,10:38.0,Damon Stoudamire,POR,True,2-pointer,0,30-26,'POR',leads
269,269,269,200104290POR,2.4,4.4,2nd quarter,10:11.0,Rasheed Wallace,POR,False,2-pointer,22,30-26,'POR',leads
270,270,270,200104290POR,24.3,27.8,2nd quarter,9:37.0,Damon Stoudamire,POR,True,2-pointer,23,32-26,'POR',leads
271,271,271,200104290POR,11.2,4.4,2nd quarter,9:03.0,Rasheed Wallace,POR,False,2-pointer,13,32-28,'POR',leads
272,272,272,200104290POR,24.3,8.0,2nd quarter,8:27.0,Rasheed Wallace,POR,False,2-pointer,3,32-29,'POR',leads
273,273,273,200104290POR,46.8,3.7,2nd quarter,7:50.0,Greg Anthony,POR,True,3-pointer,23,35-31,'POR',leads
274,274,274,200104290POR,24.0,5.0,2nd quarter,7:26.0,Damon Stoudamire,POR,True,2-pointer,0,37-31,'POR',leads
275,275,275,200104290POR,42.2,11.6,2nd quarter,6:47.0,Damon Stoudamire,POR,False,2-pointer,19,37-33,'POR',leads
276,276,276,200104290POR,24.0,5.0,2nd quarter,6:18.0,Steve Smith,POR,True,2-pointer,0,39-35,'POR',leads
277,277,277,200104290POR,31.9,6.5,2nd quarter,4:59.0,Scottie Pippen,POR,False,2-pointer,8,39-41,'POR',trails
278,278,278,200104290POR,4.5,18.3,2nd quarter,4:44.0,Greg Anthony,POR,False,2-pointer,24,39-41,'POR',trails
279,279,279,200104290POR,24.0,5.0,2nd quarter,3:49.0,Scottie Pippen,POR,False,2-pointer,0,39-42,'POR',trails
280,280,280,200104290POR,31.9,23.8,2nd quarter,3:34.0,Damon Stoudamire,POR,True,2-pointer,20,41-44,'POR',trails
281,281,281,200104290POR,34.0,27.2,2nd quarter,3:02.0,Damon Stoudamire,POR,False,3-pointer,24,41-44,'POR',trails
282,282,282,200104290POR,24.3,27.2,2nd quarter,2:29.0,Steve Smith,POR,False,2-pointer,22,41-44,'POR',trails
283,283,283,200104290POR,38.4,5.0,2nd quarter,2:08.0,Damon Stoudamire,POR,False,2-pointer,14,41-46,'POR',trails
284,284,284,200104290POR,24.0,5.0,2nd quarter,2:06.0,Steve Smith,POR,True,2-pointer,0,43-46,'POR',trails
285,285,285,200104290POR,24.0,5.0,2nd quarter,1:34.0,Scottie Pippen,POR,False,2-pointer,0,43-48,'POR',trails
286,286,286,200104290POR,9.7,16.6,2nd quarter,1:08.0,Rasheed Wallace,POR,False,2-pointer,18,43-50,'POR',trails
287,287,287,200104290POR,24.0,5.0,2nd quarter,1:06.0,Arvydas Sabonis,POR,True,2-pointer,0,45-50,'POR',trails
288,288,288,200104290POR,5.9,6.9,2nd quarter,0:37.6,Arvydas Sabonis,POR,False,2-pointer,18,45-50,'POR',trails
289,289,289,200104290POR,19.4,6.9,3rd quarter,11:25.0,Rasheed Wallace,POR,False,2-pointer,5,47-54,'POR',trails
290,290,290,200104290POR,20.1,5.4,3rd quarter,11:23.0,Rasheed Wallace,POR,False,2-pointer,4,47-54,'POR',trails
291,291,291,200104290POR,24.0,5.0,3rd quarter,11:21.0,Arvydas Sabonis,POR,True,2-pointer,0,49-54,'POR',trails
292,292,292,200104290POR,40.7,19.4,3rd quarter,10:40.0,Arvydas Sabonis,POR,False,2-pointer,22,49-54,'POR',trails
293,293,293,200104290POR,11.2,26.7,3rd quarter,9:31.0,Scottie Pippen,POR,False,3-pointer,25,49-54,'POR',trails
294,294,294,200104290POR,7.4,23.8,3rd quarter,9:16.0,Steve Smith,POR,True,3-pointer,25,52-54,'POR',trails
295,295,295,200104290POR,39.3,20.6,3rd quarter,8:43.0,Scottie Pippen,POR,True,2-pointer,22,54-56,'POR',trails
296,296,296,200104290POR,16.3,5.4,3rd quarter,8:00.0,Rasheed Wallace,POR,True,2-pointer,8,56-59,'POR',trails
297,297,297,200104290POR,46.8,3.7,3rd quarter,7:22.0,Detlef Schrempf,POR,True,3-pointer,23,59-61,'POR',trails
298,298,298,200104290POR,36.3,26.1,3rd quarter,6:54.0,Rasheed Wallace,POR,False,3-pointer,24,59-63,'POR',trails
299,299,299,200104290POR,8.3,20.6,3rd quarter,6:05.0,Steve Smith,POR,False,2-pointer,22,61-65,'POR',trails
300,300,300,200104290POR,19.4,20.0,3rd quarter,6:00.0,Detlef Schrempf,POR,True,2-pointer,16,63-65,'POR',trails
301,301,301,200104290POR,15.6,27.8,3rd quarter,5:24.0,Damon Stoudamire,POR,False,3-pointer,24,63-67,'POR',trails
302,302,302,200104290POR,0.0,12.0,3rd quarter,4:49.0,Steve Smith,POR,True,3-pointer,25,66-67,'POR',trails
303,303,303,200104290POR,9.7,25.0,3rd quarter,4:09.0,Steve Smith,POR,False,3-pointer,25,66-70,'POR',trails
304,304,304,200104290POR,47.5,4.4,3rd quarter,2:46.0,Detlef Schrempf,POR,False,3-pointer,24,67-73,'POR',trails
305,305,305,200104290POR,38.4,24.4,3rd quarter,1:59.0,Steve Smith,POR,True,3-pointer,24,70-75,'POR',trails
306,306,306,200104290POR,46.8,4.4,3rd quarter,1:23.0,Greg Anthony,POR,False,3-pointer,23,70-75,'POR',trails
307,307,307,200104290POR,23.9,9.9,3rd quarter,0:45.3,Rasheed Wallace,POR,True,2-pointer,5,72-77,'POR',trails
308,308,308,200104290POR,9.7,5.9,3rd quarter,0:26.0,Detlef Schrempf,POR,False,2-pointer,14,72-77,'POR',trails
309,309,309,200104290POR,7.4,10.5,3rd quarter,0:02.3,Rasheed Wallace,POR,False,2-pointer,17,72-79,'POR',trails
310,310,310,200104290POR,9.7,5.0,4th quarter,11:43.0,Rasheed Wallace,POR,False,2-pointer,14,72-79,'POR',trails
311,311,311,200104290POR,24.3,29.1,4th quarter,11:04.0,Scottie Pippen,POR,False,3-pointer,24,72-79,'POR',trails
312,312,312,200104290POR,25.1,9.2,4th quarter,11:01.0,Arvydas Sabonis,POR,True,2-pointer,4,74-79,'POR',trails
313,313,313,200104290POR,18.6,29.1,4th quarter,10:24.0,Greg Anthony,POR,False,3-pointer,25,74-81,'POR',trails
314,314,314,200104290POR,25.8,29.5,4th quarter,9:52.0,Damon Stoudamire,POR,False,3-pointer,25,74-83,'POR',trails
315,315,315,200104290POR,41.6,18.3,4th quarter,9:15.0,Steve Smith,POR,False,2-pointer,22,74-84,'POR',trails
316,316,316,200104290POR,24.0,5.0,4th quarter,8:33.0,Damon Stoudamire,POR,False,2-pointer,0,74-87,'POR',trails
317,317,317,200104290POR,24.0,5.0,4th quarter,8:30.0,Arvydas Sabonis,POR,True,2-pointer,0,76-87,'POR',trails
318,318,318,200104290POR,33.4,9.9,4th quarter,7:51.0,Rasheed Wallace,POR,False,2-pointer,11,76-87,'POR',trails
319,319,319,200104290POR,3.8,20.6,4th quarter,7:20.0,Scottie Pippen,POR,False,3-pointer,26,76-89,'POR',trails
320,320,320,200104290POR,34.8,4.4,4th quarter,7:05.0,Rasheed Wallace,POR,True,2-pointer,11,78-91,'POR',trails
321,321,321,200104290POR,34.8,21.7,4th quarter,6:35.0,Damon Stoudamire,POR,False,2-pointer,20,78-91,'POR',trails
322,322,322,200104290POR,24.0,5.0,4th quarter,6:21.0,Damon Stoudamire,POR,True,2-pointer,0,80-91,'POR',trails
323,323,323,200104290POR,16.3,29.1,4th quarter,6:01.0,Scottie Pippen,POR,False,3-pointer,25,80-91,'POR',trails
324,324,324,200104290POR,31.9,5.0,4th quarter,5:38.0,Arvydas Sabonis,POR,False,2-pointer,8,80-93,'POR',trails
325,325,325,200104290POR,17.1,29.1,4th quarter,4:42.0,Scottie Pippen,POR,False,3-pointer,25,80-93,'POR',trails
326,326,326,200104290POR,18.6,13.7,4th quarter,4:06.0,Damon Stoudamire,POR,True,2-pointer,10,82-95,'POR',trails
327,327,327,200104290POR,24.0,5.0,4th quarter,3:40.0,Damon Stoudamire,POR,False,2-pointer,0,82-95,'POR',trails
328,328,328,200104290POR,38.4,18.7,4th quarter,3:03.0,Damon Stoudamire,POR,False,2-pointer,20,82-97,'POR',trails
329,329,329,200104290POR,24.0,5.0,4th quarter,2:15.0,Steve Smith,POR,False,2-pointer,0,82-97,'POR',trails
330,330,330,200104290POR,24.0,5.0,4th quarter,1:40.0,Damon Stoudamire,POR,True,2-pointer,0,84-97,'POR',trails
331,331,331,200104290POR,12.7,7.6,4th quarter,1:11.0,Steve Smith,POR,True,2-pointer,12,86-99,'POR',trails
332,332,332,200104290POR,24.0,5.0,4th quarter,0:40.3,Steve Smith,POR,False,2-pointer,0,86-99,'POR',trails
333,333,333,200104290POR,15.6,28.4,4th quarter,0:04.6,Damon Stoudamire,POR,False,3-pointer,25,86-99,'POR',trails
334,334,334,200104290TOR,24.0,5.0,1st quarter,11:35.0,Latrell Sprewell,NYK,False,2-pointer,0,0-0,'NYK',tied
335,335,335,200104290TOR,13.5,9.2,1st quarter,11:20.0,Allan Houston,NYK,False,2-pointer,11,0-0,'NYK',tied
336,336,336,200104290TOR,13.5,8.6,1st quarter,10:49.0,Kurt Thomas,NYK,True,2-pointer,11,2-0,'NYK',leads
337,337,337,200104290TOR,26.2,17.9,1st quarter,10:13.0,Latrell Sprewell,NYK,True,2-pointer,13,4-2,'NYK',leads
338,338,338,200104290TOR,36.9,3.7,1st quarter,9:10.0,Othella Harrington,NYK,True,2-pointer,13,6-2,'NYK',leads
339,339,339,200104290TOR,24.0,5.0,1st quarter,7:44.0,Latrell Sprewell,NYK,True,2-pointer,0,8-3,'NYK',leads
340,340,340,200104290TOR,5.5,5.4,1st quarter,7:20.0,Latrell Sprewell,NYK,False,2-pointer,19,8-3,'NYK',leads
341,341,341,200104290TOR,7.8,5.9,1st quarter,6:50.0,Allan Houston,NYK,True,2-pointer,16,10-3,'NYK',leads
342,342,342,200104290TOR,24.0,5.0,1st quarter,6:15.0,Kurt Thomas,NYK,True,2-pointer,0,13-5,'NYK',leads
343,343,343,200104290TOR,26.2,10.7,1st quarter,5:48.0,Latrell Sprewell,NYK,False,2-pointer,6,14-5,'NYK',leads
344,344,344,200104290TOR,24.0,5.0,1st quarter,5:24.0,Mark Jackson,NYK,False,2-pointer,0,14-5,'NYK',leads
345,345,345,200104290TOR,9.1,9.2,1st quarter,4:51.0,Allan Houston,NYK,True,2-pointer,15,16-7,'NYK',leads
346,346,346,200104290TOR,34.0,6.5,1st quarter,3:29.0,Othella Harrington,NYK,False,2-pointer,10,16-12,'NYK',leads
347,347,347,200104290TOR,9.9,8.6,1st quarter,2:22.0,Allan Houston,NYK,True,2-pointer,15,18-14,'NYK',leads
348,348,348,200104290TOR,12.1,6.9,1st quarter,1:49.0,Allan Houston,NYK,False,2-pointer,12,18-14,'NYK',leads
349,349,349,200104290TOR,38.4,14.7,1st quarter,1:24.0,Latrell Sprewell,NYK,False,2-pointer,17,18-14,'NYK',leads
350,350,350,200104290TOR,11.2,5.4,1st quarter,0:51.9,Othella Harrington,NYK,True,2-pointer,13,20-14,'NYK',leads
351,351,351,200104290TOR,24.7,10.7,1st quarter,0:20.9,Kurt Thomas,NYK,False,2-pointer,6,20-16,'NYK',leads
352,352,352,200104290TOR,35.5,7.6,2nd quarter,11:18.0,Kurt Thomas,NYK,True,2-pointer,12,22-16,'NYK',leads
353,353,353,200104290TOR,22.8,30.1,2nd quarter,10:29.0,Allan Houston,NYK,True,3-pointer,25,25-18,'NYK',leads
354,354,354,200104290TOR,35.5,5.0,2nd quarter,9:46.0,Glen Rice,NYK,True,2-pointer,12,27-18,'NYK',leads
355,355,355,200104290TOR,24.0,5.0,2nd quarter,9:04.0,Mark Jackson,NYK,True,2-pointer,0,29-20,'NYK',leads
356,356,356,200104290TOR,38.4,6.5,2nd quarter,8:23.0,Latrell Sprewell,NYK,False,2-pointer,14,30-20,'NYK',leads
357,357,357,200104290TOR,24.0,5.0,2nd quarter,7:44.0,Kurt Thomas,NYK,False,2-pointer,0,30-23,'NYK',leads
358,358,358,200104290TOR,16.9,5.9,2nd quarter,7:21.0,Latrell Sprewell,NYK,False,2-pointer,7,30-23,'NYK',leads
359,359,359,200104290TOR,24.0,5.0,2nd quarter,7:03.0,Glen Rice,NYK,True,2-pointer,0,32-23,'NYK',leads
360,360,360,200104290TOR,24.0,5.0,2nd quarter,6:34.0,Glen Rice,NYK,True,2-pointer,0,34-24,'NYK',leads
361,361,361,200104290TOR,3.4,17.5,2nd quarter,5:56.0,Glen Rice,NYK,False,3-pointer,24,34-24,'NYK',leads
362,362,362,200104290TOR,24.0,5.0,2nd quarter,5:33.0,Charlie Ward,NYK,False,2-pointer,0,34-25,'NYK',leads
363,363,363,200104290TOR,7.0,4.4,2nd quarter,4:32.0,Glen Rice,NYK,True,2-pointer,17,38-29,'NYK',leads
364,364,364,200104290TOR,1.9,17.5,2nd quarter,3:47.0,Charlie Ward,NYK,False,3-pointer,25,38-31,'NYK',leads
365,365,365,200104290TOR,24.0,5.0,2nd quarter,3:09.0,Charlie Ward,NYK,False,2-pointer,0,38-32,'NYK',leads
366,366,366,200104290TOR,24.0,5.0,2nd quarter,3:06.0,Kurt Thomas,NYK,False,2-pointer,0,38-32,'NYK',leads
367,367,367,200104290TOR,35.5,17.9,2nd quarter,0:48.9,Latrell Sprewell,NYK,True,2-pointer,17,43-36,'NYK',leads
368,368,368,200104290TOR,36.9,5.0,3rd quarter,11:22.0,Kurt Thomas,NYK,False,2-pointer,13,45-41,'NYK',leads
369,369,369,200104290TOR,40.7,16.8,3rd quarter,10:38.0,Latrell Sprewell,NYK,False,2-pointer,20,45-43,'NYK',leads
370,370,370,200104290TOR,24.1,11.3,3rd quarter,10:32.0,Mark Jackson,NYK,True,2-pointer,6,47-43,'NYK',leads
371,371,371,200104290TOR,0.5,3.7,3rd quarter,9:51.0,Mark Jackson,NYK,True,3-pointer,24,50-45,'NYK',leads
372,372,372,200104290TOR,24.7,9.7,3rd quarter,8:58.0,Othella Harrington,NYK,True,2-pointer,5,52-47,'NYK',leads
373,373,373,200104290TOR,24.0,5.0,3rd quarter,8:25.0,Latrell Sprewell,NYK,True,2-pointer,0,54-47,'NYK',leads
374,374,374,200104290TOR,12.1,5.9,3rd quarter,7:47.0,Allan Houston,NYK,False,2-pointer,12,54-49,'NYK',leads
375,375,375,200104290TOR,19.8,9.2,3rd quarter,7:14.0,Kurt Thomas,NYK,False,2-pointer,6,54-52,'NYK',leads
376,376,376,200104290TOR,47.1,3.3,3rd quarter,7:08.0,Allan Houston,NYK,False,3-pointer,23,54-52,'NYK',leads
377,377,377,200104290TOR,4.0,5.4,3rd quarter,6:03.0,Allan Houston,NYK,True,2-pointer,20,56-54,'NYK',leads
378,378,378,200104290TOR,24.0,5.0,3rd quarter,5:30.0,Mark Jackson,NYK,True,2-pointer,0,58-54,'NYK',leads
379,379,379,200104290TOR,7.0,17.5,3rd quarter,4:51.0,Glen Rice,NYK,True,2-pointer,21,60-54,'NYK',leads
380,380,380,200104290TOR,38.4,5.4,3rd quarter,4:03.0,Allan Houston,NYK,False,2-pointer,14,60-56,'NYK',leads
381,381,381,200104290TOR,39.3,25.0,3rd quarter,3:21.0,Glen Rice,NYK,False,3-pointer,25,60-56,'NYK',leads
382,382,382,200104290TOR,24.1,31.2,3rd quarter,2:09.0,Latrell Sprewell,NYK,False,3-pointer,26,62-60,'NYK',leads
383,383,383,200104290TOR,24.0,5.0,3rd quarter,2:06.0,Glen Rice,NYK,True,2-pointer,0,64-60,'NYK',leads
384,384,384,200104290TOR,36.3,5.0,3rd quarter,1:28.0,Allan Houston,NYK,True,2-pointer,12,66-62,'NYK',leads
385,385,385,200104290TOR,24.0,5.0,3rd quarter,0:18.0,Glen Rice,NYK,True,2-pointer,0,68-64,'NYK',leads
386,386,386,200104290TOR,3.4,31.8,3rd quarter,0:00.1,Latrell Sprewell,NYK,False,3-pointer,34,68-67,'NYK',leads
387,387,387,200104290TOR,31.3,8.0,4th quarter,11:39.0,Othella Harrington,NYK,True,2-pointer,8,70-67,'NYK',leads
388,388,388,200104290TOR,1.1,17.5,4th quarter,10:58.0,Mark Jackson,NYK,False,3-pointer,26,70-69,'NYK',leads
389,389,389,200104290TOR,35.5,6.5,4th quarter,10:02.0,Latrell Sprewell,NYK,False,2-pointer,12,70-72,'NYK',trails
390,390,390,200104290TOR,36.3,5.4,4th quarter,9:38.0,Othella Harrington,NYK,False,2-pointer,12,70-72,'NYK',trails
391,391,391,200104290TOR,45.0,18.5,4th quarter,9:10.0,Charlie Ward,NYK,True,3-pointer,25,73-72,'NYK',leads
392,392,392,200104290TOR,11.2,5.4,4th quarter,8:36.0,Glen Rice,NYK,True,2-pointer,13,75-72,'NYK',leads
393,393,393,200104290TOR,24.0,5.0,4th quarter,7:58.0,Charlie Ward,NYK,True,2-pointer,0,77-72,'NYK',leads
394,394,394,200104290TOR,43.5,14.7,4th quarter,7:01.0,Glen Rice,NYK,False,2-pointer,22,77-72,'NYK',leads
395,395,395,200104290TOR,33.4,22.9,4th quarter,6:31.0,Latrell Sprewell,NYK,True,2-pointer,20,79-74,'NYK',leads
396,396,396,200104290TOR,25.6,26.9,4th quarter,5:42.0,Latrell Sprewell,NYK,False,2-pointer,22,79-74,'NYK',leads
397,397,397,200104290TOR,24.7,29.5,4th quarter,5:21.0,Allan Houston,NYK,True,3-pointer,25,82-74,'NYK',leads
398,398,398,200104290TOR,7.8,12.0,4th quarter,4:20.0,Glen Rice,NYK,False,2-pointer,18,82-78,'NYK',leads
399,399,399,200104290TOR,24.0,5.0,4th quarter,3:46.0,Charlie Ward,NYK,True,2-pointer,0,84-80,'NYK',leads
400,400,400,200104290TOR,24.0,5.0,4th quarter,3:10.0,Latrell Sprewell,NYK,True,2-pointer,0,86-82,'NYK',leads
401,401,401,200104290TOR,28.3,29.1,4th quarter,2:35.0,Latrell Sprewell,NYK,False,3-pointer,24,86-84,'NYK',leads
402,402,402,200104290TOR,6.4,8.6,4th quarter,2:02.0,Allan Houston,NYK,True,2-pointer,18,88-84,'NYK',leads
403,403,403,200104290TOR,9.9,9.7,4th quarter,1:06.0,Allan Houston,NYK,True,2-pointer,15,92-86,'NYK',leads
404,404,404,200104290TOR,24.1,26.3,1st quarter,11:04.0,Vince Carter,TOR,False,2-pointer,21,0-0,'NYK',tied
405,405,405,200104290TOR,24.0,5.0,1st quarter,10:29.0,Antonio Davis,TOR,True,2-pointer,0,2-2,'NYK',tied
406,406,406,200104290TOR,42.0,15.8,1st quarter,9:24.0,Vince Carter,TOR,False,2-pointer,21,2-4,'NYK',trails
407,407,407,200104290TOR,24.0,5.0,1st quarter,8:12.0,Chris Childs,TOR,False,2-pointer,0,3-6,'NYK',trails
408,408,408,200104290TOR,3.4,5.9,1st quarter,8:07.0,Alvin Williams,TOR,False,2-pointer,21,3-6,'NYK',trails
409,409,409,200104290TOR,42.0,2.7,1st quarter,7:09.0,Charles Oakley,TOR,False,2-pointer,18,3-8,'NYK',trails
410,410,410,200104290TOR,22.2,10.3,1st quarter,6:32.0,Antonio Davis,TOR,True,2-pointer,6,5-11,'NYK',trails
411,411,411,200104290TOR,43.5,5.4,1st quarter,5:40.0,Alvin Williams,TOR,False,2-pointer,20,5-14,'NYK',trails
412,412,412,200104290TOR,8.5,5.9,1st quarter,5:07.0,Antonio Davis,TOR,True,2-pointer,16,7-14,'NYK',trails
413,413,413,200104290TOR,24.0,5.0,1st quarter,4:30.0,Antonio Davis,TOR,False,2-pointer,0,7-16,'NYK',trails
414,414,414,200104290TOR,34.8,27.4,1st quarter,4:25.0,Chris Childs,TOR,True,3-pointer,25,10-16,'NYK',trails
415,415,415,200104290TOR,24.1,12.0,1st quarter,3:52.0,Vince Carter,TOR,True,2-pointer,7,12-16,'NYK',trails
416,416,416,200104290TOR,11.2,5.0,1st quarter,2:48.0,Antonio Davis,TOR,True,2-pointer,13,14-16,'NYK',trails
417,417,417,200104290TOR,36.3,18.5,1st quarter,2:02.0,Alvin Williams,TOR,False,2-pointer,18,14-18,'NYK',trails
418,418,418,200104290TOR,24.0,5.0,1st quarter,1:38.0,Chris Childs,TOR,False,2-pointer,0,14-18,'NYK',trails
419,419,419,200104290TOR,7.0,5.9,1st quarter,1:06.0,Vince Carter,TOR,False,2-pointer,17,14-18,'NYK',trails
420,420,420,200104290TOR,33.4,9.2,1st quarter,0:36.9,Vince Carter,TOR,True,2-pointer,10,16-20,'NYK',trails
421,421,421,200104290TOR,4.0,25.0,1st quarter,0:03.9,Vince Carter,TOR,False,3-pointer,28,16-20,'NYK',trails
422,422,422,200104290TOR,11.2,8.6,2nd quarter,11:35.0,Antonio Davis,TOR,False,2-pointer,13,16-20,'NYK',trails
423,423,423,200104290TOR,24.0,5.0,2nd quarter,11:31.0,Jerome Williams,TOR,False,2-pointer,0,16-20,'NYK',trails
424,424,424,200104290TOR,36.3,9.7,2nd quarter,11:04.0,Vince Carter,TOR,False,2-pointer,13,16-22,'NYK',trails
425,425,425,200104290TOR,5.5,16.8,2nd quarter,10:48.0,Chris Childs,TOR,True,2-pointer,22,18-22,'NYK',trails
426,426,426,200104290TOR,39.9,23.6,2nd quarter,10:03.0,Chris Childs,TOR,False,3-pointer,24,18-25,'NYK',trails
427,427,427,200104290TOR,24.0,5.0,2nd quarter,9:25.0,Antonio Davis,TOR,True,2-pointer,0,20-27,'NYK',trails
428,428,428,200104290TOR,39.3,5.0,2nd quarter,8:33.0,Antonio Davis,TOR,False,2-pointer,15,20-30,'NYK',trails
429,429,429,200104290TOR,24.0,5.0,2nd quarter,8:13.0,Jerome Williams,TOR,False,2-pointer,0,20-30,'NYK',trails
430,430,430,200104290TOR,24.0,5.0,2nd quarter,7:54.0,Antonio Davis,TOR,True,2-pointer,0,22-30,'NYK',trails
431,431,431,200104290TOR,24.1,25.7,2nd quarter,7:35.0,Alvin Williams,TOR,False,2-pointer,21,23-30,'NYK',trails
432,432,432,200104290TOR,24.0,5.0,2nd quarter,7:32.0,Antonio Davis,TOR,False,2-pointer,0,23-30,'NYK',trails
433,433,433,200104290TOR,24.0,5.0,2nd quarter,6:12.0,Keon Clark,TOR,False,2-pointer,0,24-34,'NYK',trails
434,434,434,200104290TOR,24.7,26.9,2nd quarter,5:16.0,Dell Curry,TOR,True,2-pointer,22,27-34,'NYK',trails
435,435,435,200104290TOR,34.8,22.9,2nd quarter,4:46.0,Dell Curry,TOR,True,2-pointer,21,29-36,'NYK',trails
436,436,436,200104290TOR,12.7,21.3,2nd quarter,4:10.0,Chris Childs,TOR,True,2-pointer,20,31-38,'NYK',trails
437,437,437,200104290TOR,15.6,8.6,2nd quarter,2:58.0,Antonio Davis,TOR,False,2-pointer,9,32-38,'NYK',trails
438,438,438,200104290TOR,24.0,5.0,2nd quarter,2:23.0,Dell Curry,TOR,True,2-pointer,0,34-39,'NYK',trails
439,439,439,200104290TOR,32.5,17.9,2nd quarter,1:43.0,Dell Curry,TOR,False,2-pointer,15,34-39,'NYK',trails
440,440,440,200104290TOR,24.0,5.0,2nd quarter,1:06.0,Jerome Williams,TOR,True,2-pointer,0,36-41,'NYK',trails
441,441,441,200104290TOR,2.6,17.5,2nd quarter,0:37.9,Alvin Williams,TOR,True,3-pointer,25,39-43,'NYK',trails
442,442,442,200104290TOR,22.2,13.0,2nd quarter,0:00.9,Alvin Williams,TOR,True,2-pointer,8,41-45,'NYK',trails
443,443,443,200104290TOR,22.8,24.6,3rd quarter,11:47.0,Vince Carter,TOR,False,2-pointer,20,41-45,'NYK',trails
444,444,444,200104290TOR,14.2,8.6,3rd quarter,10:58.0,Chris Childs,TOR,True,2-pointer,10,43-45,'NYK',trails
445,445,445,200104290TOR,9.1,5.4,3rd quarter,10:08.0,Antonio Davis,TOR,True,2-pointer,15,45-47,'NYK',trails
446,446,446,200104290TOR,42.0,5.4,3rd quarter,9:32.0,Charles Oakley,TOR,True,2-pointer,18,47-50,'NYK',trails
447,447,447,200104290TOR,43.5,19.8,3rd quarter,9:13.0,Vince Carter,TOR,False,3-pointer,24,47-50,'NYK',trails
448,448,448,200104290TOR,7.0,3.7,3rd quarter,8:31.0,Chris Childs,TOR,False,2-pointer,17,47-52,'NYK',trails
449,449,449,200104290TOR,24.1,29.5,3rd quarter,7:30.0,Vince Carter,TOR,True,3-pointer,25,52-54,'NYK',trails
450,450,450,200104290TOR,39.9,16.4,3rd quarter,6:51.0,Alvin Williams,TOR,False,2-pointer,20,52-54,'NYK',trails
451,451,451,200104290TOR,6.4,14.1,3rd quarter,6:43.0,Charles Oakley,TOR,False,2-pointer,20,52-54,'NYK',trails
452,452,452,200104290TOR,24.0,5.0,3rd quarter,6:27.0,Antonio Davis,TOR,True,2-pointer,0,54-54,'NYK',tied
453,453,453,200104290TOR,24.0,5.0,3rd quarter,5:38.0,Chris Childs,TOR,False,2-pointer,0,54-56,'NYK',trails
454,454,454,200104290TOR,24.7,10.3,3rd quarter,5:09.0,Vince Carter,TOR,False,2-pointer,5,54-58,'NYK',trails
455,455,455,200104290TOR,24.7,10.3,3rd quarter,5:06.0,Vince Carter,TOR,False,2-pointer,5,54-58,'NYK',trails
456,456,456,200104290TOR,24.0,5.0,3rd quarter,5:04.0,Antonio Davis,TOR,False,2-pointer,0,54-58,'NYK',trails
457,457,457,200104290TOR,38.4,5.0,3rd quarter,4:25.0,Charles Oakley,TOR,True,2-pointer,14,56-60,'NYK',trails
458,458,458,200104290TOR,11.2,6.9,3rd quarter,3:42.0,Vince Carter,TOR,False,2-pointer,13,56-60,'NYK',trails
459,459,459,200104290TOR,34.8,21.9,3rd quarter,3:08.0,Charles Oakley,TOR,True,2-pointer,20,58-60,'NYK',trails
460,460,460,200104290TOR,11.2,5.9,3rd quarter,2:29.0,Antonio Davis,TOR,True,2-pointer,13,60-62,'NYK',trails
461,461,461,200104290TOR,34.8,20.2,3rd quarter,1:16.0,Charles Oakley,TOR,True,2-pointer,19,64-66,'NYK',trails
462,462,462,200104290TOR,41.4,8.6,3rd quarter,0:34.9,Alvin Williams,TOR,False,2-pointer,18,64-66,'NYK',trails
463,463,463,200104290TOR,31.3,9.7,3rd quarter,0:03.1,Vince Carter,TOR,True,2-pointer,9,66-68,'NYK',trails
464,464,464,200104290TOR,4.9,12.0,4th quarter,10:33.0,Alvin Williams,TOR,True,2-pointer,20,72-70,'NYK',leads
465,465,465,200104290TOR,41.4,5.4,4th quarter,9:54.0,Alvin Williams,TOR,False,2-pointer,17,72-70,'NYK',leads
466,466,466,200104290TOR,29.8,25.0,4th quarter,9:27.0,Chris Childs,TOR,False,2-pointer,21,72-70,'NYK',leads
467,467,467,200104290TOR,24.7,30.1,4th quarter,7:25.0,Vince Carter,TOR,False,3-pointer,25,72-77,'NYK',trails
468,468,468,200104290TOR,8.5,6.9,4th quarter,6:06.0,Keon Clark,TOR,False,2-pointer,16,74-79,'NYK',trails
469,469,469,200104290TOR,13.5,18.5,4th quarter,5:57.0,Dell Curry,TOR,False,2-pointer,17,74-79,'NYK',trails
470,470,470,200104290TOR,23.6,11.3,4th quarter,4:35.0,Keon Clark,TOR,False,2-pointer,6,76-82,'NYK',trails
471,471,471,200104290TOR,24.0,5.0,4th quarter,4:07.0,Keon Clark,TOR,True,2-pointer,0,80-82,'NYK',trails
472,472,472,200104290TOR,30.4,5.9,4th quarter,3:29.0,Vince Carter,TOR,False,2-pointer,6,80-84,'NYK',trails
473,473,473,200104290TOR,34.8,20.8,4th quarter,2:50.0,Chris Childs,TOR,False,2-pointer,19,82-86,'NYK',trails
474,474,474,200104290TOR,24.0,5.0,4th quarter,2:48.0,Vince Carter,TOR,True,2-pointer,0,84-86,'NYK',trails
475,475,475,200104290TOR,39.9,15.8,4th quarter,2:21.0,Vince Carter,TOR,False,2-pointer,19,84-86,'NYK',trails
476,476,476,200104290TOR,9.1,5.9,4th quarter,1:47.0,Antonio Davis,TOR,True,2-pointer,15,86-88,'NYK',trails
477,477,477,200104290TOR,24.0,5.0,4th quarter,1:24.0,Vince Carter,TOR,False,2-pointer,0,86-90,'NYK',trails
478,478,478,200104290TOR,24.0,5.0,4th quarter,0:54.9,Vince Carter,TOR,False,2-pointer,0,86-92,'NYK',trails
479,479,479,200104290TOR,24.0,5.0,4th quarter,0:52.9,Vince Carter,TOR,False,2-pointer,0,86-92,'NYK',trails
480,480,480,200104290TOR,16.9,19.1,4th quarter,0:24.7,Alvin Williams,TOR,True,2-pointer,16,89-95,'NYK',trails
