,Unnamed: 0.1,Unnamed: 0,match_id,shotX,shotY,quarter,time_remaining,player,team,made,shot_type,distance,score,opp,status
0,0,0,200102080CHH,7.8,7.6,1st quarter,11:22.0,Lorenzen Wright,ATL,False,2-pointer,16,0-2,'CHH',trails
1,1,1,200102080CHH,22.2,11.3,1st quarter,11:08.0,Lorenzen Wright,ATL,True,2-pointer,7,2-2,'CHH',tied
2,2,2,200102080CHH,22.8,11.3,1st quarter,10:45.0,Brevin Knight,ATL,False,2-pointer,6,2-4,'CHH',trails
3,3,3,200102080CHH,15.6,30.1,1st quarter,10:39.0,DerMarr Johnson,ATL,False,3-pointer,26,2-4,'CHH',trails
4,4,4,200102080CHH,14.8,20.2,1st quarter,10:13.0,Jason Terry,ATL,True,2-pointer,18,4-4,'CHH',tied
5,5,5,200102080CHH,11.2,8.6,1st quarter,9:41.0,Lorenzen Wright,ATL,True,2-pointer,13,6-4,'CHH',leads
6,6,6,200102080CHH,24.7,11.3,1st quarter,9:06.0,Jason Terry,ATL,True,2-pointer,6,8-4,'CHH',leads
7,7,7,200102080CHH,24.0,5.0,1st quarter,8:48.0,DerMarr Johnson,ATL,True,2-pointer,0,10-4,'CHH',leads
8,8,8,200102080CHH,31.3,8.0,1st quarter,8:16.0,Dikembe Mutombo,ATL,False,2-pointer,8,10-4,'CHH',leads
9,9,9,200102080CHH,17.7,12.0,1st quarter,7:43.0,Dikembe Mutombo,ATL,False,2-pointer,9,10-7,'CHH',leads
10,10,10,200102080CHH,24.0,5.0,1st quarter,6:51.0,Lorenzen Wright,ATL,True,2-pointer,0,12-11,'CHH',leads
11,11,11,200102080CHH,10.6,28.0,1st quarter,5:39.0,Jason Terry,ATL,False,3-pointer,27,12-13,'CHH',trails
12,12,12,200102080CHH,24.0,5.0,1st quarter,5:35.0,Lorenzen Wright,ATL,False,2-pointer,0,12-13,'CHH',trails
13,13,13,200102080CHH,19.8,13.7,1st quarter,5:11.0,Alan Henderson,ATL,False,2-pointer,10,12-14,'CHH',trails
14,14,14,200102080CHH,13.5,20.2,1st quarter,4:40.0,Brevin Knight,ATL,True,2-pointer,18,16-14,'CHH',leads
15,15,15,200102080CHH,9.9,8.6,1st quarter,4:18.0,Alan Henderson,ATL,False,2-pointer,15,16-14,'CHH',leads
16,16,16,200102080CHH,36.9,8.0,1st quarter,3:51.0,Alan Henderson,ATL,False,2-pointer,13,16-16,'CHH',tied
17,17,17,200102080CHH,24.0,5.0,1st quarter,3:24.0,Jason Terry,ATL,False,2-pointer,0,16-16,'CHH',tied
18,18,18,200102080CHH,7.8,11.3,1st quarter,2:50.0,Dion Glover,ATL,True,2-pointer,17,18-18,'CHH',tied
19,19,19,200102080CHH,22.8,13.0,1st quarter,2:13.0,Jason Terry,ATL,False,2-pointer,8,18-18,'CHH',tied
20,20,20,200102080CHH,35.5,8.6,1st quarter,1:44.0,Lorenzen Wright,ATL,False,2-pointer,12,18-21,'CHH',trails
21,21,21,200102080CHH,24.0,5.0,1st quarter,1:17.0,Alan Henderson,ATL,False,2-pointer,0,18-23,'CHH',trails
22,22,22,200102080CHH,24.0,5.0,1st quarter,1:04.0,Dion Glover,ATL,False,2-pointer,0,18-23,'CHH',trails
23,23,23,200102080CHH,36.3,17.5,1st quarter,0:02.1,Jason Terry,ATL,False,2-pointer,18,18-25,'CHH',trails
24,24,24,200102080CHH,24.0,5.0,2nd quarter,11:40.0,Dikembe Mutombo,ATL,False,2-pointer,0,18-25,'CHH',trails
25,25,25,200102080CHH,11.2,20.2,2nd quarter,11:06.0,Hanno Möttölä,ATL,True,2-pointer,20,20-25,'CHH',trails
26,26,26,200102080CHH,9.1,8.6,2nd quarter,10:31.0,Roshown McLeod,ATL,False,2-pointer,15,20-25,'CHH',trails
27,27,27,200102080CHH,28.3,22.9,2nd quarter,9:31.0,Brevin Knight,ATL,False,2-pointer,18,21-29,'CHH',trails
28,28,28,200102080CHH,24.0,5.0,2nd quarter,9:16.0,Brevin Knight,ATL,False,2-pointer,0,21-29,'CHH',trails
29,29,29,200102080CHH,24.0,5.0,2nd quarter,9:12.0,DerMarr Johnson,ATL,False,2-pointer,0,21-29,'CHH',trails
30,30,30,200102080CHH,8.5,14.7,2nd quarter,8:47.0,Roshown McLeod,ATL,False,2-pointer,18,21-32,'CHH',trails
31,31,31,200102080CHH,24.0,5.0,2nd quarter,8:44.0,DerMarr Johnson,ATL,False,2-pointer,0,21-32,'CHH',trails
32,32,32,200102080CHH,24.0,5.0,2nd quarter,8:21.0,DerMarr Johnson,ATL,False,2-pointer,0,21-32,'CHH',trails
33,33,33,200102080CHH,31.3,23.6,2nd quarter,8:02.0,Hanno Möttölä,ATL,True,2-pointer,20,23-34,'CHH',trails
34,34,34,200102080CHH,30.4,8.0,2nd quarter,7:33.0,Jason Terry,ATL,True,2-pointer,7,25-36,'CHH',trails
35,35,35,200102080CHH,12.7,20.2,2nd quarter,6:51.0,DerMarr Johnson,ATL,False,2-pointer,19,25-38,'CHH',trails
36,36,36,200102080CHH,34.8,8.0,2nd quarter,6:24.0,Jason Terry,ATL,False,2-pointer,11,25-38,'CHH',trails
37,37,37,200102080CHH,24.0,5.0,2nd quarter,5:35.0,DerMarr Johnson,ATL,True,2-pointer,0,29-40,'CHH',trails
38,38,38,200102080CHH,9.9,8.6,2nd quarter,4:46.0,Lorenzen Wright,ATL,False,2-pointer,15,29-42,'CHH',trails
39,39,39,200102080CHH,24.0,5.0,2nd quarter,4:25.0,Jason Terry,ATL,True,2-pointer,0,31-42,'CHH',trails
40,40,40,200102080CHH,24.0,5.0,2nd quarter,3:32.0,Dikembe Mutombo,ATL,True,2-pointer,0,33-44,'CHH',trails
41,41,41,200102080CHH,21.3,12.6,2nd quarter,2:30.0,Dikembe Mutombo,ATL,True,2-pointer,8,37-44,'CHH',trails
42,42,42,200102080CHH,35.5,18.5,2nd quarter,1:57.0,Chris Crawford,ATL,True,2-pointer,18,39-46,'CHH',trails
43,43,43,200102080CHH,12.7,20.2,3rd quarter,11:13.0,Jason Terry,ATL,False,2-pointer,19,41-56,'CHH',trails
44,44,44,200102080CHH,8.5,10.3,3rd quarter,11:08.0,Jason Terry,ATL,True,2-pointer,16,43-56,'CHH',trails
45,45,45,200102080CHH,5.5,23.6,3rd quarter,9:02.0,DerMarr Johnson,ATL,True,3-pointer,26,46-60,'CHH',trails
46,46,46,200102080CHH,9.9,25.7,3rd quarter,8:35.0,Jason Terry,ATL,True,3-pointer,25,49-62,'CHH',trails
47,47,47,200102080CHH,42.8,22.9,3rd quarter,7:53.0,DerMarr Johnson,ATL,False,3-pointer,26,49-64,'CHH',trails
48,48,48,200102080CHH,27.0,31.8,3rd quarter,7:34.0,Jason Terry,ATL,False,3-pointer,27,49-64,'CHH',trails
49,49,49,200102080CHH,24.0,5.0,3rd quarter,7:23.0,Jason Terry,ATL,False,2-pointer,0,49-64,'CHH',trails
50,50,50,200102080CHH,24.0,5.0,3rd quarter,6:35.0,Brevin Knight,ATL,True,2-pointer,0,51-66,'CHH',trails
51,51,51,200102080CHH,36.9,19.1,3rd quarter,6:13.0,Jason Terry,ATL,True,2-pointer,19,54-66,'CHH',trails
52,52,52,200102080CHH,24.0,5.0,3rd quarter,5:44.0,Lorenzen Wright,ATL,True,2-pointer,0,56-69,'CHH',trails
53,53,53,200102080CHH,27.7,22.3,3rd quarter,5:13.0,Brevin Knight,ATL,True,2-pointer,18,58-69,'CHH',trails
54,54,54,200102080CHH,7.0,10.3,3rd quarter,4:46.0,Jason Terry,ATL,False,2-pointer,18,58-69,'CHH',trails
55,55,55,200102080CHH,24.0,5.0,3rd quarter,3:55.0,Dikembe Mutombo,ATL,True,2-pointer,0,60-69,'CHH',trails
56,56,56,200102080CHH,36.3,12.6,3rd quarter,3:12.0,Jason Terry,ATL,False,2-pointer,14,60-69,'CHH',trails
57,57,57,200102080CHH,6.4,26.9,3rd quarter,3:06.0,DerMarr Johnson,ATL,False,3-pointer,28,60-69,'CHH',trails
58,58,58,200102080CHH,24.0,5.0,3rd quarter,3:04.0,Lorenzen Wright,ATL,True,2-pointer,0,62-69,'CHH',trails
59,59,59,200102080CHH,15.6,24.6,3rd quarter,2:00.0,Brevin Knight,ATL,False,2-pointer,21,62-71,'CHH',trails
60,60,60,200102080CHH,35.5,19.8,3rd quarter,1:23.0,Brevin Knight,ATL,False,2-pointer,19,62-73,'CHH',trails
61,61,61,200102080CHH,41.4,25.0,3rd quarter,0:35.9,Jason Terry,ATL,False,3-pointer,27,63-75,'CHH',trails
62,62,62,200102080CHH,24.0,5.0,3rd quarter,0:01.5,Brevin Knight,ATL,False,2-pointer,0,63-76,'CHH',trails
63,63,63,200102080CHH,8.5,6.9,4th quarter,11:29.0,Alan Henderson,ATL,True,2-pointer,16,65-78,'CHH',trails
64,64,64,200102080CHH,41.4,9.2,4th quarter,10:29.0,Jason Terry,ATL,True,2-pointer,18,68-80,'CHH',trails
65,65,65,200102080CHH,24.0,5.0,4th quarter,9:59.0,Brevin Knight,ATL,False,2-pointer,0,68-80,'CHH',trails
66,66,66,200102080CHH,24.0,5.0,4th quarter,9:29.0,Alan Henderson,ATL,True,2-pointer,0,70-81,'CHH',trails
67,67,67,200102080CHH,37.8,6.9,4th quarter,8:52.0,Jason Terry,ATL,True,2-pointer,14,72-83,'CHH',trails
68,68,68,200102080CHH,34.8,17.9,4th quarter,8:08.0,Brevin Knight,ATL,False,2-pointer,17,72-85,'CHH',trails
69,69,69,200102080CHH,35.5,7.6,4th quarter,7:00.0,Roshown McLeod,ATL,False,2-pointer,12,73-88,'CHH',trails
70,70,70,200102080CHH,12.1,6.5,4th quarter,6:20.0,Alan Henderson,ATL,False,2-pointer,12,73-91,'CHH',trails
71,71,71,200102080CHH,28.3,14.1,4th quarter,5:23.0,Chris Crawford,ATL,False,2-pointer,10,73-93,'CHH',trails
72,72,72,200102080CHH,24.7,20.8,4th quarter,5:01.0,Brevin Knight,ATL,True,2-pointer,16,75-93,'CHH',trails
73,73,73,200102080CHH,39.9,25.7,4th quarter,4:15.0,DerMarr Johnson,ATL,True,3-pointer,26,78-95,'CHH',trails
74,74,74,200102080CHH,24.0,5.0,4th quarter,3:03.0,Cal Bowdler,ATL,True,2-pointer,0,80-97,'CHH',trails
75,75,75,200102080CHH,18.4,10.7,4th quarter,1:56.0,Chris Crawford,ATL,False,2-pointer,8,80-97,'CHH',trails
76,76,76,200102080CHH,24.0,5.0,4th quarter,1:52.0,DerMarr Johnson,ATL,True,2-pointer,0,82-97,'CHH',trails
77,77,77,200102080CHH,38.4,14.7,4th quarter,1:25.0,Dion Glover,ATL,False,2-pointer,17,82-97,'CHH',trails
78,78,78,200102080CHH,24.0,5.0,4th quarter,1:05.0,Cal Bowdler,ATL,True,2-pointer,0,84-97,'CHH',trails
79,79,79,200102080CHH,26.2,30.7,4th quarter,0:36.4,Cal Bowdler,ATL,False,3-pointer,26,84-99,'CHH',trails
80,80,80,200102080CHH,17.7,6.9,1st quarter,11:43.0,Elden Campbell,CHH,False,2-pointer,7,0-0,'CHH',tied
81,81,81,200102080CHH,35.5,8.0,1st quarter,11:37.0,Elden Campbell,CHH,True,2-pointer,12,2-0,'CHH',leads
82,82,82,200102080CHH,23.6,12.6,1st quarter,10:59.0,Baron Davis,CHH,True,2-pointer,8,4-2,'CHH',leads
83,83,83,200102080CHH,0.5,8.6,1st quarter,10:30.0,Jamal Mashburn,CHH,False,3-pointer,24,4-2,'CHH',leads
84,84,84,200102080CHH,39.9,15.1,1st quarter,9:54.0,David Wesley,CHH,False,2-pointer,19,4-4,'CHH',tied
85,85,85,200102080CHH,25.6,32.2,1st quarter,9:13.0,Baron Davis,CHH,False,3-pointer,27,4-6,'CHH',trails
86,86,86,200102080CHH,24.0,5.0,1st quarter,8:30.0,David Wesley,CHH,False,2-pointer,0,4-10,'CHH',trails
87,87,87,200102080CHH,0.5,6.5,1st quarter,8:04.0,David Wesley,CHH,True,3-pointer,24,7-10,'CHH',trails
88,88,88,200102080CHH,24.0,5.0,1st quarter,7:34.0,P.J. Brown,CHH,False,2-pointer,0,7-10,'CHH',trails
89,89,89,200102080CHH,24.0,5.0,1st quarter,7:31.0,Baron Davis,CHH,True,2-pointer,0,9-10,'CHH',trails
90,90,90,200102080CHH,24.0,5.0,1st quarter,7:12.0,David Wesley,CHH,True,2-pointer,0,11-10,'CHH',leads
91,91,91,200102080CHH,28.3,10.3,1st quarter,6:32.0,Jamal Mashburn,CHH,True,2-pointer,7,13-12,'CHH',leads
92,92,92,200102080CHH,39.3,9.2,1st quarter,5:52.0,Derrick Coleman,CHH,False,2-pointer,16,13-12,'CHH',leads
93,93,93,200102080CHH,17.7,12.6,1st quarter,4:51.0,Jamal Mashburn,CHH,False,2-pointer,10,14-14,'CHH',tied
94,94,94,200102080CHH,19.2,14.1,1st quarter,4:30.0,Baron Davis,CHH,False,2-pointer,10,14-16,'CHH',trails
95,95,95,200102080CHH,24.0,5.0,1st quarter,4:25.0,Baron Davis,CHH,False,2-pointer,0,14-16,'CHH',trails
96,96,96,200102080CHH,14.2,24.0,1st quarter,4:09.0,Derrick Coleman,CHH,True,2-pointer,21,16-16,'CHH',tied
97,97,97,200102080CHH,24.0,5.0,1st quarter,3:29.0,Jamal Mashburn,CHH,False,2-pointer,0,16-16,'CHH',tied
98,98,98,200102080CHH,22.2,13.7,1st quarter,2:27.0,Otis Thorpe,CHH,False,2-pointer,9,18-18,'CHH',tied
99,99,99,200102080CHH,22.2,31.8,1st quarter,2:06.0,David Wesley,CHH,True,3-pointer,27,21-18,'CHH',leads
100,100,100,200102080CHH,36.9,14.7,1st quarter,1:36.0,David Wesley,CHH,True,2-pointer,16,23-18,'CHH',leads
101,101,101,200102080CHH,24.0,5.0,1st quarter,0:44.5,Otis Thorpe,CHH,True,2-pointer,0,25-18,'CHH',leads
102,102,102,200102080CHH,14.8,21.3,1st quarter,0:23.1,David Wesley,CHH,False,2-pointer,19,25-18,'CHH',leads
103,103,103,200102080CHH,12.7,6.9,2nd quarter,11:23.0,Jamal Mashburn,CHH,False,2-pointer,11,25-18,'CHH',leads
104,104,104,200102080CHH,12.1,22.3,2nd quarter,10:09.0,Eldridge Recasner,CHH,True,2-pointer,21,27-20,'CHH',leads
105,105,105,200102080CHH,15.6,21.3,2nd quarter,9:42.0,Elden Campbell,CHH,True,2-pointer,18,29-21,'CHH',leads
106,106,106,200102080CHH,7.0,6.9,2nd quarter,9:03.0,Tim James,CHH,False,2-pointer,17,29-21,'CHH',leads
107,107,107,200102080CHH,26.2,30.7,2nd quarter,8:56.0,Eldridge Recasner,CHH,True,3-pointer,26,32-21,'CHH',leads
108,108,108,200102080CHH,10.6,6.9,2nd quarter,8:35.0,P.J. Brown,CHH,False,2-pointer,14,32-21,'CHH',leads
109,109,109,200102080CHH,40.7,13.0,2nd quarter,8:14.0,Eddie Robinson,CHH,True,2-pointer,19,34-21,'CHH',leads
110,110,110,200102080CHH,24.0,5.0,2nd quarter,7:49.0,Eddie Robinson,CHH,True,2-pointer,0,36-23,'CHH',leads
111,111,111,200102080CHH,10.6,8.0,2nd quarter,7:12.0,Elden Campbell,CHH,True,2-pointer,14,38-25,'CHH',leads
112,112,112,200102080CHH,24.0,5.0,2nd quarter,6:34.0,Eldridge Recasner,CHH,False,2-pointer,0,38-25,'CHH',leads
113,113,113,200102080CHH,39.3,7.6,2nd quarter,6:17.0,Eddie Robinson,CHH,True,2-pointer,16,40-25,'CHH',leads
114,114,114,200102080CHH,41.4,10.7,2nd quarter,5:51.0,Eddie Robinson,CHH,False,2-pointer,18,40-27,'CHH',leads
115,115,115,200102080CHH,13.5,19.8,2nd quarter,5:20.0,Jamal Mashburn,CHH,False,2-pointer,18,40-29,'CHH',leads
116,116,116,200102080CHH,10.6,6.5,2nd quarter,5:14.0,Elden Campbell,CHH,False,2-pointer,13,40-29,'CHH',leads
117,117,117,200102080CHH,24.0,5.0,2nd quarter,5:11.0,P.J. Brown,CHH,True,2-pointer,0,42-29,'CHH',leads
118,118,118,200102080CHH,39.9,8.6,2nd quarter,3:55.0,Jamal Mashburn,CHH,True,2-pointer,16,44-31,'CHH',leads
119,119,119,200102080CHH,26.2,30.7,2nd quarter,3:18.0,Baron Davis,CHH,False,3-pointer,26,44-33,'CHH',leads
120,120,120,200102080CHH,31.3,29.1,2nd quarter,2:53.0,Jamal Mashburn,CHH,False,3-pointer,25,44-35,'CHH',leads
121,121,121,200102080CHH,24.0,5.0,2nd quarter,2:07.0,Baron Davis,CHH,True,2-pointer,0,46-37,'CHH',leads
122,122,122,200102080CHH,24.0,5.0,2nd quarter,1:41.0,Baron Davis,CHH,False,2-pointer,0,46-39,'CHH',leads
123,123,123,200102080CHH,24.0,5.0,2nd quarter,1:30.0,Baron Davis,CHH,True,2-pointer,0,48-39,'CHH',leads
124,124,124,200102080CHH,24.0,5.0,2nd quarter,1:15.0,Baron Davis,CHH,False,2-pointer,0,49-39,'CHH',leads
125,125,125,200102080CHH,24.0,5.0,2nd quarter,1:10.0,David Wesley,CHH,True,2-pointer,0,51-39,'CHH',leads
126,126,126,200102080CHH,24.0,5.0,2nd quarter,0:46.1,Derrick Coleman,CHH,False,2-pointer,0,51-39,'CHH',leads
127,127,127,200102080CHH,8.5,25.0,2nd quarter,0:28.4,David Wesley,CHH,True,3-pointer,25,54-39,'CHH',leads
128,128,128,200102080CHH,24.0,5.0,2nd quarter,0:00.3,Baron Davis,CHH,True,2-pointer,0,56-41,'CHH',leads
129,129,129,200102080CHH,17.7,30.1,3rd quarter,11:26.0,Baron Davis,CHH,False,3-pointer,26,56-41,'CHH',leads
130,130,130,200102080CHH,35.5,20.2,3rd quarter,10:59.0,David Wesley,CHH,False,2-pointer,19,56-43,'CHH',leads
131,131,131,200102080CHH,32.5,22.9,3rd quarter,10:07.0,Jamal Mashburn,CHH,False,2-pointer,20,58-43,'CHH',leads
132,132,132,200102080CHH,29.8,10.7,3rd quarter,9:58.0,P.J. Brown,CHH,True,2-pointer,8,60-43,'CHH',leads
133,133,133,200102080CHH,24.0,5.0,3rd quarter,8:45.0,Elden Campbell,CHH,True,2-pointer,0,62-46,'CHH',leads
134,134,134,200102080CHH,17.7,13.0,3rd quarter,8:16.0,Elden Campbell,CHH,True,2-pointer,10,64-49,'CHH',leads
135,135,135,200102080CHH,24.0,5.0,3rd quarter,7:41.0,P.J. Brown,CHH,False,2-pointer,0,64-49,'CHH',leads
136,136,136,200102080CHH,24.0,5.0,3rd quarter,7:14.0,Baron Davis,CHH,True,2-pointer,0,66-49,'CHH',leads
137,137,137,200102080CHH,36.3,20.2,3rd quarter,6:41.0,David Wesley,CHH,False,2-pointer,20,66-49,'CHH',leads
138,138,138,200102080CHH,40.7,25.7,3rd quarter,6:24.0,Jamal Mashburn,CHH,False,3-pointer,27,66-52,'CHH',leads
139,139,139,200102080CHH,4.0,21.9,3rd quarter,6:04.0,David Wesley,CHH,True,3-pointer,26,69-54,'CHH',leads
140,140,140,200102080CHH,24.0,5.0,3rd quarter,5:31.0,Jamal Mashburn,CHH,False,2-pointer,0,69-56,'CHH',leads
141,141,141,200102080CHH,10.6,13.7,3rd quarter,4:54.0,Derrick Coleman,CHH,False,2-pointer,16,69-58,'CHH',leads
142,142,142,200102080CHH,32.5,30.1,3rd quarter,4:26.0,Baron Davis,CHH,False,3-pointer,27,69-58,'CHH',leads
143,143,143,200102080CHH,11.2,19.1,3rd quarter,4:13.0,P.J. Brown,CHH,False,2-pointer,19,69-58,'CHH',leads
144,144,144,200102080CHH,8.5,8.0,3rd quarter,3:32.0,Jamal Mashburn,CHH,False,2-pointer,16,69-60,'CHH',leads
145,145,145,200102080CHH,23.6,15.1,3rd quarter,2:46.0,Eddie Robinson,CHH,False,2-pointer,10,69-62,'CHH',leads
146,146,146,200102080CHH,19.8,22.3,3rd quarter,2:28.0,Eldridge Recasner,CHH,True,2-pointer,18,71-62,'CHH',leads
147,147,147,200102080CHH,14.8,19.8,3rd quarter,1:46.0,P.J. Brown,CHH,True,2-pointer,17,73-62,'CHH',leads
148,148,148,200102080CHH,24.0,5.0,3rd quarter,1:00.0,Derrick Coleman,CHH,True,2-pointer,0,75-63,'CHH',leads
149,149,149,200102080CHH,22.2,21.9,4th quarter,11:09.0,Tim James,CHH,False,2-pointer,17,78-65,'CHH',leads
150,150,150,200102080CHH,24.0,5.0,4th quarter,10:43.0,Eddie Robinson,CHH,True,2-pointer,0,80-66,'CHH',leads
151,151,151,200102080CHH,39.9,8.0,4th quarter,10:08.0,Eddie Robinson,CHH,False,2-pointer,16,80-68,'CHH',leads
152,152,152,200102080CHH,24.0,5.0,4th quarter,9:09.0,Elden Campbell,CHH,True,2-pointer,0,83-70,'CHH',leads
153,153,153,200102080CHH,30.4,20.8,4th quarter,8:27.0,Baron Davis,CHH,True,2-pointer,17,85-72,'CHH',leads
154,154,154,200102080CHH,12.7,17.9,4th quarter,7:24.0,David Wesley,CHH,True,2-pointer,17,88-73,'CHH',leads
155,155,155,200102080CHH,19.2,14.7,4th quarter,6:40.0,David Wesley,CHH,True,2-pointer,11,90-73,'CHH',leads
156,156,156,200102080CHH,19.2,15.1,4th quarter,5:32.0,Jamal Mashburn,CHH,False,2-pointer,11,93-73,'CHH',leads
157,157,157,200102080CHH,24.0,5.0,4th quarter,5:13.0,Elden Campbell,CHH,False,2-pointer,0,93-73,'CHH',leads
158,158,158,200102080CHH,4.9,10.3,4th quarter,4:42.0,David Wesley,CHH,True,2-pointer,20,95-75,'CHH',leads
159,159,159,200102080CHH,7.0,14.1,4th quarter,3:55.0,David Wesley,CHH,True,2-pointer,19,97-78,'CHH',leads
160,160,160,200102080CHH,24.0,5.0,4th quarter,3:29.0,David Wesley,CHH,False,2-pointer,0,97-78,'CHH',leads
161,161,161,200102080CHH,47.1,13.7,4th quarter,3:12.0,David Wesley,CHH,False,3-pointer,25,97-78,'CHH',leads
162,162,162,200102080CHH,24.0,5.0,4th quarter,2:36.0,Tim James,CHH,False,2-pointer,0,97-80,'CHH',leads
163,163,163,200102080CHH,24.0,5.0,4th quarter,2:32.0,P.J. Brown,CHH,False,2-pointer,0,97-80,'CHH',leads
164,164,164,200102080CHH,18.4,11.3,4th quarter,2:10.0,Jamaal Magloire,CHH,False,2-pointer,8,97-80,'CHH',leads
165,165,165,200102080CHH,29.1,26.3,4th quarter,1:34.0,Eldridge Recasner,CHH,False,2-pointer,22,97-82,'CHH',leads
166,166,166,200102080CHH,29.8,21.9,4th quarter,1:12.0,Jamaal Magloire,CHH,False,2-pointer,18,97-82,'CHH',leads
167,167,167,200102080CHH,32.5,6.5,4th quarter,0:44.9,Tim James,CHH,True,2-pointer,9,99-84,'CHH',leads
168,168,168,200102080DET,41.6,9.9,1st quarter,11:28.0,Maurice Taylor,HOU,True,2-pointer,18,2-0,'HOU',leads
169,169,169,200102080DET,34.4,18.7,1st quarter,10:50.0,Hakeem Olajuwon,HOU,False,2-pointer,17,2-2,'HOU',tied
170,170,170,200102080DET,43.1,10.5,1st quarter,10:30.0,Cuttino Mobley,HOU,True,2-pointer,20,4-2,'HOU',leads
171,171,171,200102080DET,10.4,10.5,1st quarter,9:59.0,Hakeem Olajuwon,HOU,False,2-pointer,15,4-2,'HOU',leads
172,172,172,200102080DET,43.7,10.5,1st quarter,9:33.0,Maurice Taylor,HOU,False,2-pointer,20,4-2,'HOU',leads
173,173,173,200102080DET,24.0,5.0,1st quarter,9:08.0,Cuttino Mobley,HOU,True,2-pointer,0,6-2,'HOU',leads
174,174,174,200102080DET,11.0,27.2,1st quarter,8:41.0,Cuttino Mobley,HOU,True,3-pointer,26,9-2,'HOU',leads
175,175,175,200102080DET,24.0,5.0,1st quarter,7:37.0,Hakeem Olajuwon,HOU,True,2-pointer,0,11-4,'HOU',leads
176,176,176,200102080DET,11.6,29.9,1st quarter,7:02.0,Cuttino Mobley,HOU,True,3-pointer,28,14-4,'HOU',leads
177,177,177,200102080DET,29.6,9.5,1st quarter,6:16.0,Hakeem Olajuwon,HOU,True,2-pointer,7,16-6,'HOU',leads
178,178,178,200102080DET,45.2,20.0,1st quarter,5:46.0,Cuttino Mobley,HOU,False,3-pointer,26,16-6,'HOU',leads
179,179,179,200102080DET,24.0,5.0,1st quarter,5:05.0,Hakeem Olajuwon,HOU,True,2-pointer,0,18-9,'HOU',leads
180,180,180,200102080DET,8.3,12.2,1st quarter,4:32.0,Maurice Taylor,HOU,True,2-pointer,17,20-9,'HOU',leads
181,181,181,200102080DET,30.8,18.7,1st quarter,3:51.0,Cuttino Mobley,HOU,True,2-pointer,15,22-12,'HOU',leads
182,182,182,200102080DET,24.0,5.0,1st quarter,3:20.0,Maurice Taylor,HOU,True,2-pointer,0,24-12,'HOU',leads
183,183,183,200102080DET,35.0,18.7,1st quarter,2:53.0,Maurice Taylor,HOU,True,2-pointer,18,27-12,'HOU',leads
184,184,184,200102080DET,1.1,9.9,1st quarter,2:32.0,Cuttino Mobley,HOU,True,3-pointer,23,30-12,'HOU',leads
185,185,185,200102080DET,8.3,14.3,1st quarter,1:33.0,Steve Francis,HOU,False,2-pointer,18,30-14,'HOU',leads
186,186,186,200102080DET,3.8,21.5,1st quarter,1:03.0,Steve Francis,HOU,False,3-pointer,26,30-16,'HOU',leads
187,187,187,200102080DET,44.5,22.1,1st quarter,0:06.1,Cuttino Mobley,HOU,True,3-pointer,27,34-18,'HOU',leads
188,188,188,200102080DET,42.2,13.2,2nd quarter,11:42.0,Walt Williams,HOU,False,2-pointer,20,34-18,'HOU',leads
189,189,189,200102080DET,47.3,5.4,2nd quarter,11:06.0,Steve Francis,HOU,True,3-pointer,23,37-21,'HOU',leads
190,190,190,200102080DET,15.4,7.1,2nd quarter,10:37.0,Kenny Thomas,HOU,True,2-pointer,9,39-21,'HOU',leads
191,191,191,200102080DET,24.0,5.0,2nd quarter,9:31.0,Walt Williams,HOU,True,2-pointer,0,42-21,'HOU',leads
192,192,192,200102080DET,24.0,5.0,2nd quarter,8:17.0,Cuttino Mobley,HOU,True,2-pointer,0,44-26,'HOU',leads
193,193,193,200102080DET,9.5,29.3,2nd quarter,7:58.0,Matt Bullard,HOU,False,3-pointer,28,44-27,'HOU',leads
194,194,194,200102080DET,0.2,3.5,2nd quarter,7:09.0,Walt Williams,HOU,False,3-pointer,24,44-27,'HOU',leads
195,195,195,200102080DET,46.6,17.2,2nd quarter,6:48.0,Matt Bullard,HOU,False,3-pointer,26,44-27,'HOU',leads
196,196,196,200102080DET,40.7,11.6,2nd quarter,6:24.0,Moochie Norris,HOU,True,2-pointer,18,46-29,'HOU',leads
197,197,197,200102080DET,24.0,5.0,2nd quarter,5:32.0,Hakeem Olajuwon,HOU,False,2-pointer,0,46-33,'HOU',leads
198,198,198,200102080DET,24.0,5.0,2nd quarter,5:03.0,Hakeem Olajuwon,HOU,False,2-pointer,0,46-33,'HOU',leads
199,199,199,200102080DET,40.1,5.0,2nd quarter,4:25.0,Maurice Taylor,HOU,False,2-pointer,16,47-33,'HOU',leads
200,200,200,200102080DET,43.1,23.8,2nd quarter,4:18.0,Steve Francis,HOU,True,3-pointer,27,50-33,'HOU',leads
201,201,201,200102080DET,11.0,18.7,2nd quarter,2:17.0,Moochie Norris,HOU,False,2-pointer,19,50-41,'HOU',leads
202,202,202,200102080DET,45.8,20.4,2nd quarter,1:33.0,Steve Francis,HOU,True,3-pointer,27,53-45,'HOU',leads
203,203,203,200102080DET,10.4,9.9,2nd quarter,0:57.7,Maurice Taylor,HOU,True,2-pointer,14,55-45,'HOU',leads
204,204,204,200102080DET,38.6,5.4,2nd quarter,0:01.4,Moochie Norris,HOU,False,2-pointer,15,57-47,'HOU',leads
205,205,205,200102080DET,30.2,6.5,3rd quarter,11:34.0,Maurice Taylor,HOU,False,2-pointer,6,57-47,'HOU',leads
206,206,206,200102080DET,3.8,20.0,3rd quarter,10:59.0,Steve Francis,HOU,False,3-pointer,25,57-49,'HOU',leads
207,207,207,200102080DET,24.0,5.0,3rd quarter,9:51.0,Steve Francis,HOU,False,2-pointer,0,58-51,'HOU',leads
208,208,208,200102080DET,24.0,5.0,3rd quarter,9:20.0,Maurice Taylor,HOU,True,2-pointer,0,60-51,'HOU',leads
209,209,209,200102080DET,21.7,20.4,3rd quarter,8:46.0,Maurice Taylor,HOU,False,2-pointer,16,60-51,'HOU',leads
210,210,210,200102080DET,24.0,5.0,3rd quarter,8:37.0,Steve Francis,HOU,True,2-pointer,0,62-51,'HOU',leads
211,211,211,200102080DET,1.7,5.4,3rd quarter,7:50.0,Steve Francis,HOU,True,3-pointer,22,65-53,'HOU',leads
212,212,212,200102080DET,-0.4,13.9,3rd quarter,7:10.0,Steve Francis,HOU,False,3-pointer,26,65-55,'HOU',leads
213,213,213,200102080DET,18.2,21.5,3rd quarter,6:47.0,Hakeem Olajuwon,HOU,False,2-pointer,17,65-55,'HOU',leads
214,214,214,200102080DET,8.3,12.2,3rd quarter,6:20.0,Maurice Taylor,HOU,True,2-pointer,17,67-58,'HOU',leads
215,215,215,200102080DET,35.0,21.5,3rd quarter,5:34.0,Cuttino Mobley,HOU,True,2-pointer,20,69-58,'HOU',leads
216,216,216,200102080DET,37.2,18.7,3rd quarter,5:06.0,Cuttino Mobley,HOU,False,2-pointer,19,69-58,'HOU',leads
217,217,217,200102080DET,0.2,2.9,3rd quarter,4:09.0,Steve Francis,HOU,False,3-pointer,24,69-59,'HOU',leads
218,218,218,200102080DET,47.3,4.6,3rd quarter,3:41.0,Walt Williams,HOU,True,3-pointer,23,72-59,'HOU',leads
219,219,219,200102080DET,24.0,5.0,3rd quarter,2:54.0,Cuttino Mobley,HOU,False,2-pointer,0,74-61,'HOU',leads
220,220,220,200102080DET,0.2,5.4,3rd quarter,2:34.0,Walt Williams,HOU,True,3-pointer,24,77-61,'HOU',leads
221,221,221,200102080DET,8.9,8.4,3rd quarter,2:02.0,Maurice Taylor,HOU,False,2-pointer,15,78-61,'HOU',leads
222,222,222,200102080DET,11.6,9.9,3rd quarter,0:44.3,Maurice Taylor,HOU,False,2-pointer,13,79-63,'HOU',leads
223,223,223,200102080DET,35.0,9.9,3rd quarter,0:23.0,Maurice Taylor,HOU,False,2-pointer,12,79-65,'HOU',leads
224,224,224,200102080DET,24.0,5.0,4th quarter,11:31.0,Steve Francis,HOU,False,2-pointer,0,79-70,'HOU',leads
225,225,225,200102080DET,7.4,9.5,4th quarter,10:05.0,Maurice Taylor,HOU,False,2-pointer,17,81-70,'HOU',leads
226,226,226,200102080DET,15.4,6.5,4th quarter,9:25.0,Maurice Taylor,HOU,False,2-pointer,9,81-72,'HOU',leads
227,227,227,200102080DET,24.0,5.0,4th quarter,8:15.0,Cuttino Mobley,HOU,True,2-pointer,0,83-72,'HOU',leads
228,228,228,200102080DET,14.6,12.2,4th quarter,7:27.0,Hakeem Olajuwon,HOU,True,2-pointer,12,85-74,'HOU',leads
229,229,229,200102080DET,30.2,7.8,4th quarter,5:36.0,Hakeem Olajuwon,HOU,True,2-pointer,7,89-80,'HOU',leads
230,230,230,200102080DET,9.5,4.6,4th quarter,4:58.0,Hakeem Olajuwon,HOU,True,2-pointer,15,91-80,'HOU',leads
231,231,231,200102080DET,10.4,7.8,4th quarter,3:54.0,Hakeem Olajuwon,HOU,True,2-pointer,14,93-83,'HOU',leads
232,232,232,200102080DET,24.0,5.0,4th quarter,3:28.0,Maurice Taylor,HOU,False,2-pointer,0,93-83,'HOU',leads
233,233,233,200102080DET,38.0,13.9,4th quarter,2:24.0,Maurice Taylor,HOU,True,2-pointer,17,97-83,'HOU',leads
234,234,234,200102080DET,8.3,7.1,4th quarter,1:49.0,Steve Francis,HOU,True,2-pointer,16,99-83,'HOU',leads
235,235,235,200102080DET,8.3,8.8,4th quarter,1:19.0,Hakeem Olajuwon,HOU,True,2-pointer,16,101-85,'HOU',leads
236,236,236,200102080DET,11.0,16.2,4th quarter,0:49.8,Cuttino Mobley,HOU,False,2-pointer,17,102-87,'HOU',leads
237,237,237,200102080DET,42.2,6.1,1st quarter,11:42.0,Michael Curry,DET,False,2-pointer,18,0-0,'HOU',tied
238,238,238,200102080DET,6.2,6.5,1st quarter,11:17.0,Jerry Stackhouse,DET,True,2-pointer,18,2-2,'HOU',tied
239,239,239,200102080DET,10.4,17.7,1st quarter,10:41.0,Joe Smith,DET,False,2-pointer,19,2-2,'HOU',tied
240,240,240,200102080DET,39.3,9.9,1st quarter,10:13.0,Jerry Stackhouse,DET,False,2-pointer,16,2-4,'HOU',trails
241,241,241,200102080DET,1.1,18.3,1st quarter,9:48.0,Jerry Stackhouse,DET,False,3-pointer,26,2-4,'HOU',trails
242,242,242,200102080DET,14.6,4.2,1st quarter,9:16.0,Joe Smith,DET,False,2-pointer,9,2-4,'HOU',trails
243,243,243,200102080DET,39.3,12.2,1st quarter,8:48.0,Ben Wallace,DET,False,2-pointer,17,2-6,'HOU',trails
244,244,244,200102080DET,6.8,25.5,1st quarter,8:23.0,Chucky Atkins,DET,False,3-pointer,27,2-9,'HOU',trails
245,245,245,200102080DET,6.8,5.0,1st quarter,7:55.0,Jerry Stackhouse,DET,True,2-pointer,17,4-9,'HOU',trails
246,246,246,200102080DET,40.7,9.9,1st quarter,7:26.0,Jerry Stackhouse,DET,False,2-pointer,17,4-11,'HOU',trails
247,247,247,200102080DET,10.4,16.2,1st quarter,6:39.0,Chucky Atkins,DET,True,2-pointer,18,6-14,'HOU',trails
248,248,248,200102080DET,3.2,21.5,1st quarter,5:32.0,Chucky Atkins,DET,True,3-pointer,27,9-16,'HOU',trails
249,249,249,200102080DET,0.2,12.2,1st quarter,4:18.0,Jerry Stackhouse,DET,True,3-pointer,25,12-20,'HOU',trails
250,250,250,200102080DET,38.6,27.8,1st quarter,3:37.0,Chucky Atkins,DET,False,3-pointer,27,12-22,'HOU',trails
251,251,251,200102080DET,38.6,13.9,1st quarter,3:09.0,Michael Curry,DET,False,2-pointer,17,12-25,'HOU',trails
252,252,252,200102080DET,24.0,5.0,1st quarter,2:42.0,Jerry Stackhouse,DET,False,2-pointer,0,12-27,'HOU',trails
253,253,253,200102080DET,7.4,11.6,1st quarter,2:00.0,Jerry Stackhouse,DET,False,2-pointer,18,14-30,'HOU',trails
254,254,254,200102080DET,24.0,5.0,1st quarter,1:57.0,Jerome Williams,DET,False,2-pointer,0,14-30,'HOU',trails
255,255,255,200102080DET,8.9,26.5,1st quarter,1:47.0,Jerry Stackhouse,DET,False,3-pointer,26,14-30,'HOU',trails
256,256,256,200102080DET,24.0,5.0,1st quarter,1:27.0,Jud Buechler,DET,False,2-pointer,0,14-30,'HOU',trails
257,257,257,200102080DET,24.0,5.0,1st quarter,1:23.0,Jerry Stackhouse,DET,True,2-pointer,0,16-30,'HOU',trails
258,258,258,200102080DET,5.3,4.6,1st quarter,0:42.8,Dana Barros,DET,False,2-pointer,19,16-31,'HOU',trails
259,259,259,200102080DET,24.0,5.0,1st quarter,0:28.6,Dana Barros,DET,True,2-pointer,0,18-31,'HOU',trails
260,260,260,200102080DET,24.0,5.0,2nd quarter,11:31.0,Jerome Williams,DET,True,2-pointer,0,21-34,'HOU',trails
261,261,261,200102080DET,38.6,13.2,2nd quarter,10:54.0,Mikki Moore,DET,False,2-pointer,17,21-37,'HOU',trails
262,262,262,200102080DET,8.9,14.3,2nd quarter,10:15.0,Dana Barros,DET,False,2-pointer,18,21-39,'HOU',trails
263,263,263,200102080DET,6.2,10.5,2nd quarter,9:56.0,Mateen Cleaves,DET,False,2-pointer,19,21-40,'HOU',trails
264,264,264,200102080DET,39.3,12.2,2nd quarter,9:14.0,Mateen Cleaves,DET,True,2-pointer,17,24-42,'HOU',trails
265,265,265,200102080DET,24.0,5.0,2nd quarter,8:36.0,Joe Smith,DET,True,2-pointer,0,26-42,'HOU',trails
266,266,266,200102080DET,8.9,5.4,2nd quarter,7:44.0,Mateen Cleaves,DET,False,2-pointer,15,27-44,'HOU',trails
267,267,267,200102080DET,24.0,5.0,2nd quarter,7:32.0,Mateen Cleaves,DET,False,2-pointer,0,27-44,'HOU',trails
268,268,268,200102080DET,2.6,16.2,2nd quarter,6:57.0,Dana Barros,DET,False,3-pointer,24,27-44,'HOU',trails
269,269,269,200102080DET,25.8,20.4,2nd quarter,6:40.0,Mateen Cleaves,DET,True,2-pointer,16,29-44,'HOU',trails
270,270,270,200102080DET,24.0,5.0,2nd quarter,6:12.0,Jerome Williams,DET,True,2-pointer,0,31-46,'HOU',trails
271,271,271,200102080DET,25.8,29.9,2nd quarter,5:20.0,Dana Barros,DET,False,3-pointer,25,33-46,'HOU',trails
272,272,272,200102080DET,6.2,3.5,2nd quarter,4:46.0,Joe Smith,DET,False,2-pointer,18,33-46,'HOU',trails
273,273,273,200102080DET,13.1,5.4,2nd quarter,3:29.0,Jerry Stackhouse,DET,True,2-pointer,11,37-50,'HOU',trails
274,274,274,200102080DET,24.0,5.0,2nd quarter,2:41.0,Mateen Cleaves,DET,True,2-pointer,0,41-50,'HOU',trails
275,275,275,200102080DET,41.6,25.9,2nd quarter,2:05.0,Chucky Atkins,DET,True,3-pointer,27,44-50,'HOU',trails
276,276,276,200102080DET,6.2,9.9,2nd quarter,1:20.0,Jerry Stackhouse,DET,False,2-pointer,18,45-53,'HOU',trails
277,277,277,200102080DET,24.0,5.0,2nd quarter,0:38.0,Jerry Stackhouse,DET,True,2-pointer,0,47-55,'HOU',trails
278,278,278,200102080DET,24.0,5.0,2nd quarter,0:22.4,Jerry Stackhouse,DET,False,2-pointer,0,47-57,'HOU',trails
279,279,279,200102080DET,24.0,5.0,3rd quarter,10:44.0,Ben Wallace,DET,False,2-pointer,0,49-57,'HOU',trails
280,280,280,200102080DET,24.0,5.0,3rd quarter,10:41.0,Joe Smith,DET,True,2-pointer,0,51-57,'HOU',trails
281,281,281,200102080DET,6.8,24.8,3rd quarter,10:09.0,Chucky Atkins,DET,False,3-pointer,26,51-58,'HOU',trails
282,282,282,200102080DET,24.0,5.0,3rd quarter,9:32.0,Jerry Stackhouse,DET,False,2-pointer,0,51-58,'HOU',trails
283,283,283,200102080DET,30.8,9.5,3rd quarter,9:03.0,Jerry Stackhouse,DET,False,2-pointer,8,51-60,'HOU',trails
284,284,284,200102080DET,35.0,5.0,3rd quarter,8:17.0,Chucky Atkins,DET,True,2-pointer,11,53-62,'HOU',trails
285,285,285,200102080DET,24.0,5.0,3rd quarter,7:37.0,Michael Curry,DET,False,2-pointer,0,53-65,'HOU',trails
286,286,286,200102080DET,24.0,5.0,3rd quarter,7:33.0,Ben Wallace,DET,True,2-pointer,0,55-65,'HOU',trails
287,287,287,200102080DET,24.0,5.0,3rd quarter,7:03.0,Chucky Atkins,DET,False,2-pointer,0,55-65,'HOU',trails
288,288,288,200102080DET,24.0,5.0,3rd quarter,6:39.0,Joe Smith,DET,True,2-pointer,0,57-65,'HOU',trails
289,289,289,200102080DET,24.0,5.0,3rd quarter,6:05.0,Ben Wallace,DET,False,2-pointer,0,58-67,'HOU',trails
290,290,290,200102080DET,47.9,8.8,3rd quarter,6:00.0,Chucky Atkins,DET,False,3-pointer,24,58-67,'HOU',trails
291,291,291,200102080DET,45.8,20.0,3rd quarter,5:53.0,Chucky Atkins,DET,False,3-pointer,26,58-67,'HOU',trails
292,292,292,200102080DET,11.0,9.9,3rd quarter,5:27.0,Jerry Stackhouse,DET,False,2-pointer,14,58-69,'HOU',trails
293,293,293,200102080DET,38.0,19.4,3rd quarter,4:29.0,Joe Smith,DET,False,2-pointer,20,59-69,'HOU',trails
294,294,294,200102080DET,4.7,11.1,3rd quarter,3:57.0,Jerry Stackhouse,DET,False,2-pointer,20,59-69,'HOU',trails
295,295,295,200102080DET,24.0,5.0,3rd quarter,3:34.0,Chucky Atkins,DET,True,2-pointer,0,61-72,'HOU',trails
296,296,296,200102080DET,24.0,5.0,3rd quarter,2:44.0,Mateen Cleaves,DET,False,2-pointer,0,61-74,'HOU',trails
297,297,297,200102080DET,24.0,5.0,3rd quarter,2:25.0,Jerry Stackhouse,DET,False,2-pointer,0,61-77,'HOU',trails
298,298,298,200102080DET,41.6,5.0,3rd quarter,1:42.0,Mateen Cleaves,DET,True,2-pointer,18,63-78,'HOU',trails
299,299,299,200102080DET,24.0,5.0,3rd quarter,1:06.0,Mateen Cleaves,DET,False,2-pointer,0,63-79,'HOU',trails
300,300,300,200102080DET,24.0,5.0,3rd quarter,1:02.0,Mikki Moore,DET,False,2-pointer,0,63-79,'HOU',trails
301,301,301,200102080DET,39.3,10.5,3rd quarter,0:36.5,Dana Barros,DET,True,2-pointer,16,65-79,'HOU',trails
302,302,302,200102080DET,11.0,29.9,3rd quarter,0:00.1,Dana Barros,DET,True,3-pointer,28,68-79,'HOU',trails
303,303,303,200102080DET,13.9,8.8,4th quarter,11:47.0,Jerry Stackhouse,DET,True,2-pointer,11,70-79,'HOU',trails
304,304,304,200102080DET,6.8,8.8,4th quarter,11:13.0,Jerry Stackhouse,DET,False,2-pointer,18,70-79,'HOU',trails
305,305,305,200102080DET,24.0,5.0,4th quarter,11:04.0,Jerry Stackhouse,DET,False,2-pointer,0,70-79,'HOU',trails
306,306,306,200102080DET,24.0,5.0,4th quarter,10:28.0,Dana Barros,DET,False,2-pointer,0,70-81,'HOU',trails
307,307,307,200102080DET,41.6,8.8,4th quarter,9:46.0,Mateen Cleaves,DET,True,2-pointer,18,72-81,'HOU',trails
308,308,308,200102080DET,24.0,5.0,4th quarter,8:31.0,Joe Smith,DET,False,2-pointer,0,72-81,'HOU',trails
309,309,309,200102080DET,43.1,9.9,4th quarter,7:55.0,Dana Barros,DET,True,2-pointer,20,74-83,'HOU',trails
310,310,310,200102080DET,24.0,5.0,4th quarter,7:21.0,Mateen Cleaves,DET,True,2-pointer,0,76-85,'HOU',trails
311,311,311,200102080DET,24.0,5.0,4th quarter,6:54.0,Mateen Cleaves,DET,False,2-pointer,0,76-85,'HOU',trails
312,312,312,200102080DET,24.0,5.0,4th quarter,6:36.0,Mateen Cleaves,DET,True,2-pointer,0,78-85,'HOU',trails
313,313,313,200102080DET,11.6,7.1,4th quarter,6:03.0,Jerry Stackhouse,DET,False,2-pointer,13,78-87,'HOU',trails
314,314,314,200102080DET,24.0,5.0,4th quarter,5:57.0,Ben Wallace,DET,True,2-pointer,0,80-87,'HOU',trails
315,315,315,200102080DET,24.0,5.0,4th quarter,5:19.0,Mateen Cleaves,DET,False,2-pointer,0,80-89,'HOU',trails
316,316,316,200102080DET,9.5,16.6,4th quarter,4:41.0,Dana Barros,DET,False,2-pointer,19,80-91,'HOU',trails
317,317,317,200102080DET,8.3,25.5,4th quarter,4:22.0,Jerry Stackhouse,DET,True,3-pointer,26,83-91,'HOU',trails
318,318,318,200102080DET,47.9,13.9,4th quarter,3:45.0,Jerry Stackhouse,DET,False,3-pointer,26,83-93,'HOU',trails
319,319,319,200102080DET,24.0,5.0,4th quarter,2:47.0,Mikki Moore,DET,False,2-pointer,0,83-95,'HOU',trails
320,320,320,200102080DET,24.0,5.0,4th quarter,2:44.0,Mikki Moore,DET,False,2-pointer,0,83-95,'HOU',trails
321,321,321,200102080DET,27.0,31.7,4th quarter,2:40.0,Chucky Atkins,DET,False,3-pointer,27,83-95,'HOU',trails
322,322,322,200102080DET,24.0,5.0,4th quarter,2:14.0,Jerry Stackhouse,DET,False,2-pointer,0,83-97,'HOU',trails
323,323,323,200102080DET,24.0,5.0,4th quarter,2:07.0,Chucky Atkins,DET,False,2-pointer,0,83-97,'HOU',trails
324,324,324,200102080DET,24.0,5.0,4th quarter,1:36.0,Ben Wallace,DET,True,2-pointer,0,85-99,'HOU',trails
325,325,325,200102080DET,24.0,5.0,4th quarter,1:10.0,Dana Barros,DET,True,2-pointer,0,87-102,'HOU',trails
326,326,326,200102080DET,40.7,14.9,4th quarter,0:15.9,Chucky Atkins,DET,False,2-pointer,19,87-103,'HOU',trails
327,327,327,200102080DET,6.8,25.5,4th quarter,0:11.7,Dana Barros,DET,True,3-pointer,27,90-103,'HOU',trails
328,328,328,200102080NJN,27.7,7.1,1st quarter,11:44.0,Tim Duncan,SAS,False,2-pointer,4,0-0,'SAS',tied
329,329,329,200102080NJN,24.0,5.0,1st quarter,11:41.0,Tim Duncan,SAS,True,2-pointer,0,2-0,'SAS',leads
330,330,330,200102080NJN,9.9,7.8,1st quarter,10:57.0,Tim Duncan,SAS,True,2-pointer,14,4-0,'SAS',leads
331,331,331,200102080NJN,24.0,5.0,1st quarter,10:32.0,Terry Porter,SAS,False,2-pointer,0,4-0,'SAS',leads
332,332,332,200102080NJN,24.0,5.0,1st quarter,10:29.0,David Robinson,SAS,False,2-pointer,0,4-0,'SAS',leads
333,333,333,200102080NJN,24.0,5.0,1st quarter,10:26.0,David Robinson,SAS,False,2-pointer,0,4-0,'SAS',leads
334,334,334,200102080NJN,21.3,16.2,1st quarter,9:16.0,Derek Anderson,SAS,True,2-pointer,12,6-4,'SAS',leads
335,335,335,200102080NJN,35.5,13.7,1st quarter,8:54.0,David Robinson,SAS,False,2-pointer,14,6-4,'SAS',leads
336,336,336,200102080NJN,22.8,11.3,1st quarter,8:23.0,Tim Duncan,SAS,True,2-pointer,6,8-4,'SAS',leads
337,337,337,200102080NJN,34.0,21.0,1st quarter,7:42.0,Derek Anderson,SAS,False,2-pointer,19,8-4,'SAS',leads
338,338,338,200102080NJN,24.0,5.0,1st quarter,7:01.0,Tim Duncan,SAS,True,2-pointer,0,10-6,'SAS',leads
339,339,339,200102080NJN,24.0,5.0,1st quarter,6:29.0,David Robinson,SAS,True,2-pointer,0,13-8,'SAS',leads
340,340,340,200102080NJN,39.3,8.4,1st quarter,5:55.0,Malik Rose,SAS,False,2-pointer,16,13-8,'SAS',leads
341,341,341,200102080NJN,26.2,13.7,1st quarter,5:12.0,David Robinson,SAS,False,2-pointer,9,13-8,'SAS',leads
342,342,342,200102080NJN,16.9,6.5,1st quarter,4:47.0,Samaki Walker,SAS,False,2-pointer,7,13-11,'SAS',leads
343,343,343,200102080NJN,18.4,12.6,1st quarter,4:14.0,Tim Duncan,SAS,True,2-pointer,9,15-14,'SAS',leads
344,344,344,200102080NJN,16.3,16.2,1st quarter,3:38.0,Tim Duncan,SAS,False,2-pointer,14,15-14,'SAS',leads
345,345,345,200102080NJN,30.4,10.7,1st quarter,3:11.0,Samaki Walker,SAS,True,2-pointer,9,17-17,'SAS',tied
346,346,346,200102080NJN,14.8,16.6,1st quarter,2:43.0,Tim Duncan,SAS,False,2-pointer,15,17-20,'SAS',trails
347,347,347,200102080NJN,30.4,12.6,1st quarter,2:09.0,Derek Anderson,SAS,True,2-pointer,10,19-22,'SAS',trails
348,348,348,200102080NJN,33.4,9.0,1st quarter,1:40.0,Samaki Walker,SAS,True,2-pointer,10,21-24,'SAS',trails
349,349,349,200102080NJN,23.6,10.1,2nd quarter,10:57.0,Samaki Walker,SAS,False,2-pointer,5,23-32,'SAS',trails
350,350,350,200102080NJN,24.0,5.0,2nd quarter,10:54.0,Danny Ferry,SAS,False,2-pointer,0,23-32,'SAS',trails
351,351,351,200102080NJN,16.3,11.3,2nd quarter,10:38.0,Tim Duncan,SAS,False,2-pointer,10,23-32,'SAS',trails
352,352,352,200102080NJN,40.7,7.8,2nd quarter,9:59.0,Danny Ferry,SAS,False,2-pointer,17,23-34,'SAS',trails
353,353,353,200102080NJN,35.5,7.8,2nd quarter,9:11.0,Antonio Daniels,SAS,False,2-pointer,12,23-36,'SAS',trails
354,354,354,200102080NJN,11.2,28.2,2nd quarter,7:56.0,Derek Anderson,SAS,True,3-pointer,27,28-36,'SAS',trails
355,355,355,200102080NJN,6.4,14.9,2nd quarter,7:13.0,Derek Anderson,SAS,False,2-pointer,20,28-36,'SAS',trails
356,356,356,200102080NJN,14.2,19.8,2nd quarter,6:41.0,David Robinson,SAS,False,2-pointer,18,28-38,'SAS',trails
357,357,357,200102080NJN,1.1,12.6,2nd quarter,6:37.0,Terry Porter,SAS,True,3-pointer,24,31-38,'SAS',trails
358,358,358,200102080NJN,30.4,29.5,2nd quarter,6:01.0,Terry Porter,SAS,False,3-pointer,25,31-40,'SAS',trails
359,359,359,200102080NJN,24.0,5.0,2nd quarter,5:17.0,Tim Duncan,SAS,True,2-pointer,0,33-43,'SAS',trails
360,360,360,200102080NJN,24.1,9.7,2nd quarter,4:38.0,Tim Duncan,SAS,True,2-pointer,5,35-44,'SAS',trails
361,361,361,200102080NJN,22.8,10.1,2nd quarter,4:09.0,David Robinson,SAS,False,2-pointer,5,36-44,'SAS',trails
362,362,362,200102080NJN,27.0,25.3,2nd quarter,3:42.0,Tim Duncan,SAS,False,2-pointer,21,36-46,'SAS',trails
363,363,363,200102080NJN,32.5,27.6,2nd quarter,3:28.0,Derek Anderson,SAS,False,3-pointer,24,36-46,'SAS',trails
364,364,364,200102080NJN,9.9,18.5,2nd quarter,3:05.0,Danny Ferry,SAS,False,2-pointer,20,36-49,'SAS',trails
365,365,365,200102080NJN,15.6,11.3,2nd quarter,2:15.0,Tim Duncan,SAS,False,2-pointer,11,36-54,'SAS',trails
366,366,366,200102080NJN,30.4,9.7,2nd quarter,0:56.2,Samaki Walker,SAS,True,2-pointer,8,40-54,'SAS',trails
367,367,367,200102080NJN,24.0,5.0,2nd quarter,0:02.3,David Robinson,SAS,True,2-pointer,0,44-55,'SAS',trails
368,368,368,200102080NJN,18.4,7.8,3rd quarter,11:19.0,Tim Duncan,SAS,False,2-pointer,6,44-55,'SAS',trails
369,369,369,200102080NJN,0.5,6.5,3rd quarter,10:44.0,Danny Ferry,SAS,False,3-pointer,24,44-55,'SAS',trails
370,370,370,200102080NJN,24.0,5.0,3rd quarter,10:14.0,David Robinson,SAS,False,2-pointer,0,46-55,'SAS',trails
371,371,371,200102080NJN,8.5,10.7,3rd quarter,9:16.0,Danny Ferry,SAS,False,2-pointer,17,46-57,'SAS',trails
372,372,372,200102080NJN,24.0,5.0,3rd quarter,8:57.0,David Robinson,SAS,True,2-pointer,0,48-57,'SAS',trails
373,373,373,200102080NJN,24.1,10.1,3rd quarter,8:17.0,Tim Duncan,SAS,True,2-pointer,5,50-59,'SAS',trails
374,374,374,200102080NJN,27.7,29.5,3rd quarter,7:51.0,Derek Anderson,SAS,True,3-pointer,25,53-59,'SAS',trails
375,375,375,200102080NJN,28.3,29.5,3rd quarter,7:13.0,Derek Anderson,SAS,False,3-pointer,25,53-59,'SAS',trails
376,376,376,200102080NJN,31.3,12.0,3rd quarter,7:04.0,David Robinson,SAS,False,2-pointer,10,53-59,'SAS',trails
377,377,377,200102080NJN,24.0,5.0,3rd quarter,6:58.0,David Robinson,SAS,True,2-pointer,0,55-59,'SAS',trails
378,378,378,200102080NJN,24.0,5.0,3rd quarter,6:24.0,Tim Duncan,SAS,True,2-pointer,0,57-59,'SAS',trails
379,379,379,200102080NJN,3.4,6.1,3rd quarter,5:49.0,Danny Ferry,SAS,True,2-pointer,21,59-61,'SAS',trails
380,380,380,200102080NJN,31.3,21.7,3rd quarter,5:16.0,David Robinson,SAS,False,2-pointer,18,59-63,'SAS',trails
381,381,381,200102080NJN,6.4,22.1,3rd quarter,4:58.0,Derek Anderson,SAS,False,3-pointer,25,59-66,'SAS',trails
382,382,382,200102080NJN,24.0,5.0,3rd quarter,4:33.0,Tim Duncan,SAS,True,2-pointer,0,61-66,'SAS',trails
383,383,383,200102080NJN,24.0,5.0,3rd quarter,3:23.0,Derek Anderson,SAS,False,2-pointer,0,61-66,'SAS',trails
384,384,384,200102080NJN,24.0,5.0,3rd quarter,2:53.0,Tim Duncan,SAS,False,2-pointer,0,61-68,'SAS',trails
385,385,385,200102080NJN,24.0,5.0,3rd quarter,2:01.0,Antonio Daniels,SAS,False,2-pointer,0,62-69,'SAS',trails
386,386,386,200102080NJN,24.0,5.0,3rd quarter,1:56.0,Tim Duncan,SAS,True,2-pointer,0,64-69,'SAS',trails
387,387,387,200102080NJN,22.8,10.7,3rd quarter,1:17.0,Samaki Walker,SAS,False,2-pointer,6,64-69,'SAS',trails
388,388,388,200102080NJN,27.0,29.5,3rd quarter,1:13.0,Derek Anderson,SAS,False,3-pointer,25,64-69,'SAS',trails
389,389,389,200102080NJN,46.2,11.3,3rd quarter,1:01.0,Danny Ferry,SAS,False,3-pointer,23,64-69,'SAS',trails
390,390,390,200102080NJN,47.1,7.1,3rd quarter,0:57.0,Danny Ferry,SAS,True,3-pointer,23,67-69,'SAS',trails
391,391,391,200102080NJN,24.7,11.3,3rd quarter,0:30.3,Samaki Walker,SAS,False,2-pointer,6,67-71,'SAS',trails
392,392,392,200102080NJN,33.4,21.7,3rd quarter,0:02.8,Derek Anderson,SAS,False,2-pointer,19,67-74,'SAS',trails
393,393,393,200102080NJN,24.0,5.0,4th quarter,11:28.0,David Robinson,SAS,True,2-pointer,0,69-74,'SAS',trails
394,394,394,200102080NJN,27.0,12.6,4th quarter,10:41.0,Tim Duncan,SAS,False,2-pointer,8,69-74,'SAS',trails
395,395,395,200102080NJN,31.9,20.4,4th quarter,9:36.0,Tim Duncan,SAS,False,2-pointer,17,71-74,'SAS',trails
396,396,396,200102080NJN,24.0,5.0,4th quarter,9:32.0,Danny Ferry,SAS,False,2-pointer,0,71-74,'SAS',trails
397,397,397,200102080NJN,47.1,14.3,4th quarter,9:03.0,Antonio Daniels,SAS,True,3-pointer,25,74-76,'SAS',trails
398,398,398,200102080NJN,36.3,28.2,4th quarter,8:29.0,Antonio Daniels,SAS,False,3-pointer,26,74-79,'SAS',trails
399,399,399,200102080NJN,9.9,10.7,4th quarter,7:51.0,Terry Porter,SAS,True,2-pointer,15,76-79,'SAS',trails
400,400,400,200102080NJN,38.4,25.3,4th quarter,7:13.0,Antonio Daniels,SAS,False,3-pointer,25,76-81,'SAS',trails
401,401,401,200102080NJN,18.4,23.4,4th quarter,6:55.0,Derek Anderson,SAS,True,2-pointer,19,78-83,'SAS',trails
402,402,402,200102080NJN,42.8,22.1,4th quarter,6:26.0,Terry Porter,SAS,True,3-pointer,25,81-83,'SAS',trails
403,403,403,200102080NJN,21.3,10.7,4th quarter,5:46.0,David Robinson,SAS,False,2-pointer,6,81-83,'SAS',trails
404,404,404,200102080NJN,24.0,5.0,4th quarter,5:43.0,David Robinson,SAS,True,2-pointer,0,83-83,'SAS',tied
405,405,405,200102080NJN,36.9,27.6,4th quarter,4:03.0,Terry Porter,SAS,False,3-pointer,26,84-87,'SAS',trails
406,406,406,200102080NJN,24.0,5.0,4th quarter,3:29.0,David Robinson,SAS,True,2-pointer,0,86-90,'SAS',trails
407,407,407,200102080NJN,36.3,7.1,4th quarter,2:27.0,Tim Duncan,SAS,True,2-pointer,12,88-92,'SAS',trails
408,408,408,200102080NJN,0.5,9.7,4th quarter,1:41.0,Terry Porter,SAS,True,3-pointer,24,91-94,'SAS',trails
409,409,409,200102080NJN,47.1,5.4,4th quarter,0:49.9,Derek Anderson,SAS,False,3-pointer,23,93-98,'SAS',trails
410,410,410,200102080NJN,22.8,30.7,4th quarter,0:45.5,Terry Porter,SAS,True,3-pointer,26,96-98,'SAS',trails
411,411,411,200102080NJN,33.4,18.5,4th quarter,0:06.6,Derek Anderson,SAS,False,2-pointer,16,97-99,'SAS',trails
412,412,412,200102080NJN,24.0,5.0,4th quarter,0:02.9,David Robinson,SAS,False,2-pointer,0,97-99,'SAS',trails
413,413,413,200102080NJN,24.0,5.0,4th quarter,0:01.3,Tim Duncan,SAS,False,2-pointer,0,97-99,'SAS',trails
414,414,414,200102080NJN,20.7,22.7,1st quarter,10:42.0,Lucious Harris,NJN,False,2-pointer,18,0-4,'SAS',trails
415,415,415,200102080NJN,10.6,21.0,1st quarter,10:15.0,Stephon Marbury,NJN,True,2-pointer,21,2-4,'SAS',trails
416,416,416,200102080NJN,30.4,10.1,1st quarter,9:41.0,Kenyon Martin,NJN,True,2-pointer,8,4-4,'SAS',tied
417,417,417,200102080NJN,42.0,9.0,1st quarter,9:08.0,Keith Van,NJN,False,2-pointer,18,4-6,'SAS',trails
418,418,418,200102080NJN,41.4,6.1,1st quarter,8:41.0,Stephon Marbury,NJN,False,2-pointer,17,4-6,'SAS',trails
419,419,419,200102080NJN,24.0,5.0,1st quarter,7:58.0,Kenyon Martin,NJN,False,2-pointer,0,4-8,'SAS',trails
420,420,420,200102080NJN,24.0,5.0,1st quarter,7:24.0,Keith Van,NJN,True,2-pointer,0,6-8,'SAS',trails
421,421,421,200102080NJN,4.9,16.2,1st quarter,6:49.0,Stephon Marbury,NJN,True,2-pointer,22,8-11,'SAS',trails
422,422,422,200102080NJN,34.8,10.7,1st quarter,6:13.0,Kenyon Martin,NJN,False,2-pointer,12,8-13,'SAS',trails
423,423,423,200102080NJN,33.4,9.7,1st quarter,5:34.0,Stephon Marbury,NJN,False,2-pointer,11,8-13,'SAS',trails
424,424,424,200102080NJN,24.0,5.0,1st quarter,5:30.0,Evan Eschmeyer,NJN,False,2-pointer,0,8-13,'SAS',trails
425,425,425,200102080NJN,24.0,5.0,1st quarter,5:28.0,Kenyon Martin,NJN,False,2-pointer,0,8-13,'SAS',trails
426,426,426,200102080NJN,24.0,5.0,1st quarter,5:02.0,Kenyon Martin,NJN,True,2-pointer,0,10-13,'SAS',trails
427,427,427,200102080NJN,12.1,28.2,1st quarter,4:33.0,Stephon Marbury,NJN,True,3-pointer,26,14-13,'SAS',leads
428,428,428,200102080NJN,34.8,26.9,1st quarter,3:32.0,Stephon Marbury,NJN,True,3-pointer,24,17-15,'SAS',leads
429,429,429,200102080NJN,14.2,28.2,1st quarter,3:01.0,Stephon Marbury,NJN,True,3-pointer,25,20-17,'SAS',leads
430,430,430,200102080NJN,31.9,22.1,1st quarter,2:30.0,Lucious Harris,NJN,True,2-pointer,19,22-17,'SAS',leads
431,431,431,200102080NJN,9.1,26.9,1st quarter,1:27.0,Stephon Marbury,NJN,False,3-pointer,26,24-21,'SAS',leads
432,432,432,200102080NJN,24.0,5.0,1st quarter,0:59.5,Johnny Newman,NJN,False,2-pointer,0,24-23,'SAS',leads
433,433,433,200102080NJN,24.0,5.0,1st quarter,0:57.4,Aaron Williams,NJN,False,2-pointer,0,24-23,'SAS',leads
434,434,434,200102080NJN,24.0,5.0,1st quarter,0:26.6,Jamie Feick,NJN,False,2-pointer,0,26-23,'SAS',leads
435,435,435,200102080NJN,40.7,6.5,1st quarter,0:01.1,Johnny Newman,NJN,True,2-pointer,17,28-23,'SAS',leads
436,436,436,200102080NJN,24.0,5.0,2nd quarter,10:16.0,Johnny Newman,NJN,True,2-pointer,0,34-23,'SAS',leads
437,437,437,200102080NJN,38.4,10.7,2nd quarter,9:35.0,Stephen Jackson,NJN,True,2-pointer,15,36-23,'SAS',leads
438,438,438,200102080NJN,36.9,6.5,2nd quarter,8:47.0,Sherman Douglas,NJN,False,2-pointer,13,36-23,'SAS',leads
439,439,439,200102080NJN,24.0,5.0,2nd quarter,8:44.0,Jamie Feick,NJN,False,2-pointer,0,36-23,'SAS',leads
440,440,440,200102080NJN,24.0,5.0,2nd quarter,8:06.0,Stephen Jackson,NJN,False,2-pointer,0,36-25,'SAS',leads
441,441,441,200102080NJN,39.3,12.6,2nd quarter,6:57.0,Stephen Jackson,NJN,True,2-pointer,17,38-28,'SAS',leads
442,442,442,200102080NJN,42.8,8.4,2nd quarter,6:18.0,Stephen Jackson,NJN,True,2-pointer,19,40-31,'SAS',leads
443,443,443,200102080NJN,1.1,13.7,2nd quarter,5:53.0,Stephen Jackson,NJN,True,3-pointer,25,43-31,'SAS',leads
444,444,444,200102080NJN,36.9,7.1,2nd quarter,4:22.0,Stephen Jackson,NJN,False,2-pointer,13,44-36,'SAS',leads
445,445,445,200102080NJN,24.0,5.0,2nd quarter,4:03.0,Stephon Marbury,NJN,True,2-pointer,0,46-36,'SAS',leads
446,446,446,200102080NJN,44.1,19.8,2nd quarter,3:20.0,Stephon Marbury,NJN,True,3-pointer,25,49-36,'SAS',leads
447,447,447,200102080NJN,24.0,5.0,2nd quarter,2:54.0,Stephon Marbury,NJN,True,2-pointer,0,51-36,'SAS',leads
448,448,448,200102080NJN,24.0,5.0,2nd quarter,2:35.0,Stephon Marbury,NJN,True,2-pointer,0,54-36,'SAS',leads
449,449,449,200102080NJN,46.2,13.7,2nd quarter,2:06.0,Stephon Marbury,NJN,False,3-pointer,24,54-36,'SAS',leads
450,450,450,200102080NJN,24.0,5.0,2nd quarter,1:34.0,Jamie Feick,NJN,False,2-pointer,0,54-37,'SAS',leads
451,451,451,200102080NJN,27.0,30.7,2nd quarter,1:20.0,Stephon Marbury,NJN,False,3-pointer,26,54-37,'SAS',leads
452,452,452,200102080NJN,34.0,8.4,2nd quarter,0:36.3,Kenyon Martin,NJN,False,2-pointer,11,54-40,'SAS',leads
453,453,453,200102080NJN,42.0,27.6,2nd quarter,0:01.0,Lucious Harris,NJN,False,3-pointer,29,55-44,'SAS',leads
454,454,454,200102080NJN,3.4,4.4,3rd quarter,11:45.0,Keith Van,NJN,False,2-pointer,21,55-44,'SAS',leads
455,455,455,200102080NJN,24.7,22.7,3rd quarter,11:04.0,Kenyon Martin,NJN,False,2-pointer,18,55-44,'SAS',leads
456,456,456,200102080NJN,33.4,16.2,3rd quarter,10:26.0,Kenyon Martin,NJN,False,2-pointer,15,55-46,'SAS',leads
457,457,457,200102080NJN,24.0,5.0,3rd quarter,9:56.0,Evan Eschmeyer,NJN,False,2-pointer,0,55-46,'SAS',leads
458,458,458,200102080NJN,24.0,5.0,3rd quarter,9:48.0,Stephon Marbury,NJN,False,2-pointer,0,55-46,'SAS',leads
459,459,459,200102080NJN,4.9,13.7,3rd quarter,9:36.0,Stephon Marbury,NJN,True,2-pointer,21,57-46,'SAS',leads
460,460,460,200102080NJN,24.0,5.0,3rd quarter,9:08.0,Stephon Marbury,NJN,False,2-pointer,0,57-46,'SAS',leads
461,461,461,200102080NJN,29.8,22.7,3rd quarter,8:33.0,Lucious Harris,NJN,True,2-pointer,19,59-48,'SAS',leads
462,462,462,200102080NJN,14.8,7.1,3rd quarter,7:59.0,Kenyon Martin,NJN,False,2-pointer,9,59-50,'SAS',leads
463,463,463,200102080NJN,29.8,26.9,3rd quarter,7:31.0,Lucious Harris,NJN,False,2-pointer,23,59-53,'SAS',leads
464,464,464,200102080NJN,15.6,7.8,3rd quarter,6:09.0,Kenyon Martin,NJN,True,2-pointer,9,61-57,'SAS',leads
465,465,465,200102080NJN,39.9,6.5,3rd quarter,5:32.0,Kenyon Martin,NJN,True,2-pointer,16,63-59,'SAS',leads
466,466,466,200102080NJN,24.0,5.0,3rd quarter,5:07.0,Stephon Marbury,NJN,True,2-pointer,0,65-59,'SAS',leads
467,467,467,200102080NJN,24.0,5.0,3rd quarter,4:44.0,Stephon Marbury,NJN,False,2-pointer,0,66-59,'SAS',leads
468,468,468,200102080NJN,24.1,23.4,3rd quarter,4:14.0,Kenyon Martin,NJN,False,2-pointer,18,66-61,'SAS',leads
469,469,469,200102080NJN,15.6,6.1,3rd quarter,3:43.0,Aaron Williams,NJN,False,2-pointer,8,66-61,'SAS',leads
470,470,470,200102080NJN,7.8,5.4,3rd quarter,1:43.0,Jamie Feick,NJN,False,2-pointer,16,69-64,'SAS',leads
471,471,471,200102080NJN,24.0,5.0,3rd quarter,0:46.0,Stephon Marbury,NJN,True,2-pointer,0,71-67,'SAS',leads
472,472,472,200102080NJN,16.9,6.1,3rd quarter,0:21.3,Stephon Marbury,NJN,True,2-pointer,7,73-67,'SAS',leads
473,473,473,200102080NJN,1.9,16.2,4th quarter,10:59.0,Stephon Marbury,NJN,False,3-pointer,25,74-69,'SAS',leads
474,474,474,200102080NJN,32.5,9.7,4th quarter,10:27.0,Stephon Marbury,NJN,False,2-pointer,10,74-69,'SAS',leads
475,475,475,200102080NJN,34.8,22.7,4th quarter,9:23.0,Johnny Newman,NJN,True,2-pointer,21,76-71,'SAS',leads
476,476,476,200102080NJN,36.9,26.5,4th quarter,8:51.0,Johnny Newman,NJN,True,3-pointer,25,79-74,'SAS',leads
477,477,477,200102080NJN,24.1,18.5,4th quarter,8:08.0,Aaron Williams,NJN,False,2-pointer,14,79-74,'SAS',leads
478,478,478,200102080NJN,24.0,5.0,4th quarter,8:03.0,Aaron Williams,NJN,False,2-pointer,0,79-74,'SAS',leads
479,479,479,200102080NJN,24.0,5.0,4th quarter,8:00.0,Aaron Williams,NJN,False,2-pointer,0,79-74,'SAS',leads
480,480,480,200102080NJN,24.0,5.0,4th quarter,6:34.0,Aaron Williams,NJN,False,2-pointer,0,83-78,'SAS',leads
481,481,481,200102080NJN,33.4,19.1,4th quarter,6:04.0,Aaron Williams,NJN,False,2-pointer,17,83-81,'SAS',leads
482,482,482,200102080NJN,20.7,9.7,4th quarter,5:25.0,Keith Van,NJN,False,2-pointer,6,83-83,'SAS',tied
483,483,483,200102080NJN,24.0,5.0,4th quarter,4:50.0,Johnny Newman,NJN,True,2-pointer,0,85-84,'SAS',leads
484,484,484,200102080NJN,-0.2,6.5,4th quarter,3:43.0,Johnny Newman,NJN,True,3-pointer,24,90-84,'SAS',leads
485,485,485,200102080NJN,24.0,5.0,4th quarter,3:10.0,Johnny Newman,NJN,False,2-pointer,0,90-86,'SAS',leads
486,486,486,200102080NJN,24.0,5.0,4th quarter,3:08.0,Jamie Feick,NJN,True,2-pointer,0,92-86,'SAS',leads
487,487,487,200102080NJN,13.5,13.7,4th quarter,2:40.0,Keith Van,NJN,False,2-pointer,14,92-86,'SAS',leads
488,488,488,200102080NJN,24.0,5.0,4th quarter,2:00.0,Stephon Marbury,NJN,True,2-pointer,0,94-88,'SAS',leads
489,489,489,200102080NJN,15.6,14.9,4th quarter,1:22.0,Keith Van,NJN,True,2-pointer,13,96-91,'SAS',leads
490,490,490,200102080NJN,9.1,5.4,4th quarter,0:52.1,Johnny Newman,NJN,True,2-pointer,15,98-93,'SAS',leads
491,491,491,200102080NJN,6.4,12.0,4th quarter,0:30.0,Stephon Marbury,NJN,False,2-pointer,19,98-96,'SAS',leads
492,492,492,200102080TOR,8.5,9.7,1st quarter,11:05.0,Antonio McDyess,DEN,True,2-pointer,16,2-0,'TOR',leads
493,493,493,200102080TOR,0.5,9.2,1st quarter,10:40.0,Voshon Lenard,DEN,True,3-pointer,24,5-0,'TOR',leads
494,494,494,200102080TOR,44.1,20.2,1st quarter,10:12.0,Voshon Lenard,DEN,True,3-pointer,25,8-0,'TOR',leads
495,495,495,200102080TOR,8.5,11.3,1st quarter,9:41.0,Antonio McDyess,DEN,False,2-pointer,17,8-3,'TOR',leads
496,496,496,200102080TOR,34.0,28.0,1st quarter,8:41.0,Nick Van,DEN,True,3-pointer,25,12-8,'TOR',leads
497,497,497,200102080TOR,42.8,5.9,1st quarter,8:06.0,Nick Van,DEN,True,2-pointer,19,14-10,'TOR',leads
498,498,498,200102080TOR,31.3,8.0,1st quarter,7:34.0,James Posey,DEN,False,2-pointer,8,14-10,'TOR',leads
499,499,499,200102080TOR,45.6,17.5,1st quarter,7:21.0,Voshon Lenard,DEN,False,3-pointer,25,14-10,'TOR',leads
500,500,500,200102080TOR,45.0,19.1,1st quarter,7:17.0,Voshon Lenard,DEN,False,3-pointer,25,14-10,'TOR',leads
501,501,501,200102080TOR,40.7,9.7,1st quarter,6:48.0,Antonio McDyess,DEN,False,2-pointer,17,14-10,'TOR',leads
502,502,502,200102080TOR,0.5,12.6,1st quarter,6:33.0,Voshon Lenard,DEN,False,3-pointer,25,14-10,'TOR',leads
503,503,503,200102080TOR,24.0,5.0,1st quarter,6:29.0,Antonio McDyess,DEN,True,2-pointer,0,16-10,'TOR',leads
504,504,504,200102080TOR,24.0,5.0,1st quarter,5:58.0,Nick Van,DEN,False,2-pointer,0,16-10,'TOR',leads
505,505,505,200102080TOR,24.0,5.0,1st quarter,5:52.0,Antonio McDyess,DEN,True,2-pointer,0,18-10,'TOR',leads
506,506,506,200102080TOR,38.4,25.7,1st quarter,5:29.0,Nick Van,DEN,True,3-pointer,25,21-10,'TOR',leads
507,507,507,200102080TOR,24.0,5.0,1st quarter,4:49.0,Raef LaFrentz,DEN,True,2-pointer,0,23-10,'TOR',leads
508,508,508,200102080TOR,24.0,5.0,1st quarter,3:50.0,James Posey,DEN,True,2-pointer,0,26-10,'TOR',leads
509,509,509,200102080TOR,23.6,23.6,1st quarter,1:21.0,Kevin Willis,DEN,False,2-pointer,19,28-15,'TOR',leads
510,510,510,200102080TOR,24.1,13.7,1st quarter,0:49.9,Antonio McDyess,DEN,True,2-pointer,9,30-17,'TOR',leads
511,511,511,200102080TOR,11.2,22.9,1st quarter,0:00.1,Nick Van,DEN,False,2-pointer,22,30-21,'TOR',leads
512,512,512,200102080TOR,24.0,5.0,2nd quarter,11:45.0,George McCloud,DEN,False,2-pointer,0,30-21,'TOR',leads
513,513,513,200102080TOR,33.4,27.4,2nd quarter,11:20.0,George McCloud,DEN,True,3-pointer,24,33-21,'TOR',leads
514,514,514,200102080TOR,24.0,5.0,2nd quarter,10:10.0,Kevin Willis,DEN,False,2-pointer,0,33-23,'TOR',leads
515,515,515,200102080TOR,4.9,5.0,2nd quarter,9:34.0,George McCloud,DEN,True,2-pointer,19,35-23,'TOR',leads
516,516,516,200102080TOR,24.0,5.0,2nd quarter,9:07.0,Voshon Lenard,DEN,True,2-pointer,0,37-23,'TOR',leads
517,517,517,200102080TOR,24.0,5.0,2nd quarter,8:40.0,Antonio McDyess,DEN,False,2-pointer,0,37-26,'TOR',leads
518,518,518,200102080TOR,24.1,30.1,2nd quarter,8:21.0,George McCloud,DEN,False,3-pointer,25,37-28,'TOR',leads
519,519,519,200102080TOR,1.9,16.4,2nd quarter,8:00.0,Anthony Goldwire,DEN,True,3-pointer,25,40-28,'TOR',leads
520,520,520,200102080TOR,24.0,5.0,2nd quarter,6:56.0,Kevin Willis,DEN,False,2-pointer,0,40-30,'TOR',leads
521,521,521,200102080TOR,22.6,13.3,2nd quarter,6:39.0,Nick Van,DEN,False,2-pointer,8,40-30,'TOR',leads
522,522,522,200102080TOR,24.0,5.0,2nd quarter,6:16.0,Raef LaFrentz,DEN,True,2-pointer,0,42-32,'TOR',leads
523,523,523,200102080TOR,23.6,15.1,2nd quarter,5:42.0,George McCloud,DEN,False,2-pointer,10,42-34,'TOR',leads
524,524,524,200102080TOR,7.0,6.9,2nd quarter,5:10.0,Antonio McDyess,DEN,False,2-pointer,17,42-37,'TOR',leads
525,525,525,200102080TOR,29.8,7.6,2nd quarter,4:43.0,Antonio McDyess,DEN,True,2-pointer,6,44-37,'TOR',leads
526,526,526,200102080TOR,24.0,5.0,2nd quarter,4:03.0,Raef LaFrentz,DEN,True,2-pointer,0,46-39,'TOR',leads
527,527,527,200102080TOR,15.6,5.9,2nd quarter,3:31.0,Antonio McDyess,DEN,False,2-pointer,8,46-41,'TOR',leads
528,528,528,200102080TOR,24.0,5.0,2nd quarter,3:12.0,Raef LaFrentz,DEN,True,2-pointer,0,48-41,'TOR',leads
529,529,529,200102080TOR,24.0,5.0,2nd quarter,2:37.0,Antonio McDyess,DEN,True,2-pointer,0,50-41,'TOR',leads
530,530,530,200102080TOR,43.5,21.3,2nd quarter,1:59.0,Nick Van,DEN,True,3-pointer,25,53-41,'TOR',leads
531,531,531,200102080TOR,24.0,5.0,2nd quarter,1:10.0,Raef LaFrentz,DEN,True,2-pointer,0,56-41,'TOR',leads
532,532,532,200102080TOR,4.0,5.9,2nd quarter,0:42.9,Voshon Lenard,DEN,False,2-pointer,20,56-43,'TOR',leads
533,533,533,200102080TOR,24.1,10.3,2nd quarter,0:19.9,Antonio McDyess,DEN,False,2-pointer,5,56-45,'TOR',leads
534,534,534,200102080TOR,24.0,5.0,2nd quarter,0:00.9,James Posey,DEN,True,2-pointer,0,58-47,'TOR',leads
535,535,535,200102080TOR,31.9,10.3,3rd quarter,11:44.0,Nick Van,DEN,False,2-pointer,10,58-47,'TOR',leads
536,536,536,200102080TOR,14.2,5.4,3rd quarter,11:11.0,Antonio McDyess,DEN,False,2-pointer,10,58-49,'TOR',leads
537,537,537,200102080TOR,37.8,5.4,3rd quarter,10:50.0,Raef LaFrentz,DEN,True,2-pointer,14,60-49,'TOR',leads
538,538,538,200102080TOR,45.0,19.8,3rd quarter,10:07.0,James Posey,DEN,True,3-pointer,26,63-49,'TOR',leads
539,539,539,200102080TOR,24.1,13.0,3rd quarter,9:20.0,Voshon Lenard,DEN,False,2-pointer,8,63-51,'TOR',leads
540,540,540,200102080TOR,24.0,5.0,3rd quarter,9:17.0,Antonio McDyess,DEN,False,2-pointer,0,63-51,'TOR',leads
541,541,541,200102080TOR,24.1,11.3,3rd quarter,8:46.0,Nick Van,DEN,False,2-pointer,6,63-53,'TOR',leads
542,542,542,200102080TOR,12.7,5.9,3rd quarter,8:13.0,Antonio McDyess,DEN,True,2-pointer,11,65-55,'TOR',leads
543,543,543,200102080TOR,37.8,5.4,3rd quarter,6:18.0,Raef LaFrentz,DEN,True,2-pointer,14,67-59,'TOR',leads
544,544,544,200102080TOR,37.8,9.7,3rd quarter,5:51.0,Nick Van,DEN,False,2-pointer,15,68-61,'TOR',leads
545,545,545,200102080TOR,9.9,10.7,3rd quarter,5:26.0,Voshon Lenard,DEN,False,2-pointer,15,68-61,'TOR',leads
546,546,546,200102080TOR,17.7,7.6,3rd quarter,4:18.0,Kevin Willis,DEN,True,2-pointer,7,70-64,'TOR',leads
547,547,547,200102080TOR,10.6,6.5,3rd quarter,3:29.0,Kevin Willis,DEN,False,2-pointer,13,70-66,'TOR',leads
548,548,548,200102080TOR,37.8,3.7,3rd quarter,2:57.0,Nick Van,DEN,False,2-pointer,14,70-66,'TOR',leads
549,549,549,200102080TOR,24.0,5.0,3rd quarter,2:30.0,George McCloud,DEN,True,2-pointer,0,72-68,'TOR',leads
550,550,550,200102080TOR,10.6,17.5,3rd quarter,1:17.0,Nick Van,DEN,True,2-pointer,18,74-70,'TOR',leads
551,551,551,200102080TOR,41.4,24.6,3rd quarter,0:27.9,Nick Van,DEN,False,3-pointer,26,75-72,'TOR',leads
552,552,552,200102080TOR,22.8,30.1,4th quarter,11:17.0,James Posey,DEN,False,3-pointer,25,75-72,'TOR',leads
553,553,553,200102080TOR,16.3,9.2,4th quarter,10:06.0,Kevin Willis,DEN,False,2-pointer,9,75-75,'TOR',tied
554,554,554,200102080TOR,0.5,12.6,4th quarter,9:37.0,Nick Van,DEN,False,3-pointer,25,75-78,'TOR',trails
555,555,555,200102080TOR,46.2,5.0,4th quarter,9:04.0,George McCloud,DEN,False,3-pointer,22,75-78,'TOR',trails
556,556,556,200102080TOR,24.0,5.0,4th quarter,8:36.0,Antonio McDyess,DEN,True,2-pointer,0,77-78,'TOR',trails
557,557,557,200102080TOR,46.2,6.5,4th quarter,6:52.0,Nick Van,DEN,True,3-pointer,22,80-82,'TOR',trails
558,558,558,200102080TOR,24.0,5.0,4th quarter,6:05.0,George McCloud,DEN,False,2-pointer,0,80-84,'TOR',trails
559,559,559,200102080TOR,44.1,20.2,4th quarter,5:59.0,Nick Van,DEN,False,3-pointer,25,80-84,'TOR',trails
560,560,560,200102080TOR,16.3,6.5,4th quarter,5:34.0,Nick Van,DEN,False,2-pointer,8,80-84,'TOR',trails
561,561,561,200102080TOR,3.4,22.9,4th quarter,4:26.0,Nick Van,DEN,True,3-pointer,27,85-87,'TOR',trails
562,562,562,200102080TOR,14.8,10.7,4th quarter,3:52.0,Nick Van,DEN,True,2-pointer,11,87-87,'TOR',tied
563,563,563,200102080TOR,10.6,7.6,4th quarter,3:04.0,Antonio McDyess,DEN,False,2-pointer,14,87-89,'TOR',trails
564,564,564,200102080TOR,45.6,19.1,4th quarter,2:13.0,Nick Van,DEN,False,3-pointer,26,88-93,'TOR',trails
565,565,565,200102080TOR,15.6,12.6,4th quarter,1:32.0,Nick Van,DEN,False,2-pointer,11,88-93,'TOR',trails
566,566,566,200102080TOR,24.0,5.0,4th quarter,1:31.0,Antonio McDyess,DEN,True,2-pointer,0,90-93,'TOR',trails
567,567,567,200102080TOR,45.6,17.9,4th quarter,1:04.0,Raef LaFrentz,DEN,False,3-pointer,25,90-95,'TOR',trails
568,568,568,200102080TOR,16.3,5.9,4th quarter,0:34.1,Nick Van,DEN,True,2-pointer,8,92-95,'TOR',trails
569,569,569,200102080TOR,39.3,25.0,4th quarter,0:24.9,Nick Van,DEN,False,3-pointer,25,92-97,'TOR',trails
570,570,570,200102080TOR,-0.2,5.4,4th quarter,0:20.9,James Posey,DEN,False,3-pointer,24,92-97,'TOR',trails
571,571,571,200102080TOR,1.9,17.5,4th quarter,0:10.9,George McCloud,DEN,False,3-pointer,25,92-99,'TOR',trails
572,572,572,200102080TOR,24.0,5.0,1st quarter,11:46.0,Antonio Davis,TOR,False,2-pointer,0,0-0,'TOR',tied
573,573,573,200102080TOR,9.1,8.0,1st quarter,11:31.0,Morris Peterson,TOR,False,2-pointer,15,0-0,'TOR',tied
574,574,574,200102080TOR,9.9,6.5,1st quarter,10:49.0,Charles Oakley,TOR,False,2-pointer,14,0-2,'TOR',trails
575,575,575,200102080TOR,4.9,6.5,1st quarter,10:21.0,Charles Oakley,TOR,False,2-pointer,19,0-5,'TOR',trails
576,576,576,200102080TOR,4.9,20.8,1st quarter,9:56.0,Vince Carter,TOR,True,3-pointer,25,3-8,'TOR',trails
577,577,577,200102080TOR,4.9,21.3,1st quarter,9:31.0,Vince Carter,TOR,True,3-pointer,25,6-8,'TOR',trails
578,578,578,200102080TOR,24.0,5.0,1st quarter,8:55.0,Antonio Davis,TOR,True,2-pointer,0,8-9,'TOR',trails
579,579,579,200102080TOR,24.0,5.0,1st quarter,8:15.0,Vince Carter,TOR,True,2-pointer,0,10-12,'TOR',trails
580,580,580,200102080TOR,31.9,5.4,1st quarter,7:47.0,Morris Peterson,TOR,False,2-pointer,8,10-14,'TOR',trails
581,581,581,200102080TOR,43.5,5.4,1st quarter,6:57.0,Morris Peterson,TOR,False,2-pointer,20,10-14,'TOR',trails
582,582,582,200102080TOR,24.0,5.0,1st quarter,6:41.0,Vince Carter,TOR,False,2-pointer,0,10-14,'TOR',trails
583,583,583,200102080TOR,34.0,20.2,1st quarter,6:11.0,Charles Oakley,TOR,False,2-pointer,18,10-16,'TOR',trails
584,584,584,200102080TOR,30.4,7.6,1st quarter,5:36.0,Vince Carter,TOR,False,2-pointer,7,10-18,'TOR',trails
585,585,585,200102080TOR,34.0,5.4,1st quarter,5:07.0,Mark Jackson,TOR,False,2-pointer,10,10-21,'TOR',trails
586,586,586,200102080TOR,38.4,18.5,1st quarter,4:15.0,Vince Carter,TOR,False,2-pointer,20,10-23,'TOR',trails
587,587,587,200102080TOR,35.5,18.5,1st quarter,3:34.0,Vince Carter,TOR,True,2-pointer,18,12-26,'TOR',trails
588,588,588,200102080TOR,8.5,10.3,1st quarter,3:06.0,Antonio Davis,TOR,False,2-pointer,16,12-26,'TOR',trails
589,589,589,200102080TOR,19.8,8.6,1st quarter,2:34.0,Antonio Davis,TOR,False,2-pointer,6,12-28,'TOR',trails
590,590,590,200102080TOR,24.0,5.0,1st quarter,2:29.0,Antonio Davis,TOR,True,2-pointer,0,14-28,'TOR',trails
591,591,591,200102080TOR,9.9,10.3,1st quarter,1:13.0,Antonio Davis,TOR,True,2-pointer,15,17-28,'TOR',trails
592,592,592,200102080TOR,9.1,18.5,1st quarter,0:32.9,Vince Carter,TOR,False,2-pointer,20,17-30,'TOR',trails
593,593,593,200102080TOR,24.0,5.0,1st quarter,0:30.8,Keon Clark,TOR,True,2-pointer,0,19-30,'TOR',trails
594,594,594,200102080TOR,24.0,5.0,1st quarter,0:09.0,Vince Carter,TOR,True,2-pointer,0,21-30,'TOR',trails
595,595,595,200102080TOR,2.6,17.9,2nd quarter,11:29.0,Vince Carter,TOR,False,3-pointer,25,21-30,'TOR',trails
596,596,596,200102080TOR,5.5,5.9,2nd quarter,10:57.0,Vince Carter,TOR,False,2-pointer,19,21-33,'TOR',trails
597,597,597,200102080TOR,24.0,5.0,2nd quarter,10:33.0,Keon Clark,TOR,True,2-pointer,0,23-33,'TOR',trails
598,598,598,200102080TOR,4.0,5.4,2nd quarter,9:56.0,Dell Curry,TOR,False,2-pointer,20,23-33,'TOR',trails
599,599,599,200102080TOR,36.9,26.9,2nd quarter,8:52.0,Dell Curry,TOR,True,3-pointer,25,26-37,'TOR',trails
600,600,600,200102080TOR,24.0,5.0,2nd quarter,8:32.0,Charles Oakley,TOR,True,2-pointer,0,28-37,'TOR',trails
601,601,601,200102080TOR,46.2,17.9,2nd quarter,7:44.0,Tracy Murray,TOR,False,3-pointer,26,28-40,'TOR',trails
602,602,602,200102080TOR,23.6,30.1,2nd quarter,7:39.0,Tracy Murray,TOR,False,3-pointer,25,28-40,'TOR',trails
603,603,603,200102080TOR,39.9,10.7,2nd quarter,7:18.0,Keon Clark,TOR,True,2-pointer,17,30-40,'TOR',trails
604,604,604,200102080TOR,7.0,15.1,2nd quarter,6:47.0,Alvin Williams,TOR,False,2-pointer,20,30-40,'TOR',trails
605,605,605,200102080TOR,24.0,5.0,2nd quarter,6:34.0,Keon Clark,TOR,True,2-pointer,0,32-40,'TOR',trails
606,606,606,200102080TOR,24.0,5.0,2nd quarter,6:03.0,Dell Curry,TOR,True,2-pointer,0,34-42,'TOR',trails
607,607,607,200102080TOR,44.1,19.8,2nd quarter,5:35.0,Dell Curry,TOR,True,3-pointer,25,37-42,'TOR',trails
608,608,608,200102080TOR,32.5,28.0,2nd quarter,4:52.0,Mark Jackson,TOR,False,3-pointer,25,37-42,'TOR',trails
609,609,609,200102080TOR,24.0,5.0,2nd quarter,4:22.0,Keon Clark,TOR,True,2-pointer,0,39-44,'TOR',trails
610,610,610,200102080TOR,30.4,17.9,2nd quarter,3:47.0,Dell Curry,TOR,True,2-pointer,14,41-46,'TOR',trails
611,611,611,200102080TOR,4.0,5.4,2nd quarter,3:21.0,Dell Curry,TOR,False,2-pointer,20,41-46,'TOR',trails
612,612,612,200102080TOR,35.5,17.9,2nd quarter,2:49.0,Dell Curry,TOR,False,2-pointer,17,41-48,'TOR',trails
613,613,613,200102080TOR,13.5,20.8,2nd quarter,2:19.0,Charles Oakley,TOR,False,2-pointer,19,41-50,'TOR',trails
614,614,614,200102080TOR,38.4,13.7,2nd quarter,1:43.0,Keon Clark,TOR,False,2-pointer,17,41-53,'TOR',trails
615,615,615,200102080TOR,8.5,5.9,2nd quarter,1:17.0,Vince Carter,TOR,False,2-pointer,16,41-54,'TOR',trails
616,616,616,200102080TOR,24.0,5.0,2nd quarter,0:59.8,Vince Carter,TOR,True,2-pointer,0,43-56,'TOR',trails
617,617,617,200102080TOR,10.6,13.0,3rd quarter,11:27.0,Antonio Davis,TOR,True,2-pointer,16,49-58,'TOR',trails
618,618,618,200102080TOR,10.6,6.5,3rd quarter,11:01.0,Antonio Davis,TOR,False,2-pointer,13,49-58,'TOR',trails
619,619,619,200102080TOR,40.7,10.3,3rd quarter,10:35.0,Charles Oakley,TOR,False,2-pointer,18,49-60,'TOR',trails
620,620,620,200102080TOR,13.5,6.5,3rd quarter,10:16.0,Mark Jackson,TOR,False,2-pointer,11,49-60,'TOR',trails
621,621,621,200102080TOR,17.7,11.3,3rd quarter,10:13.0,Antonio Davis,TOR,False,2-pointer,9,49-60,'TOR',trails
622,622,622,200102080TOR,24.0,5.0,3rd quarter,9:41.0,Vince Carter,TOR,True,2-pointer,0,51-63,'TOR',trails
623,623,623,200102080TOR,10.6,5.9,3rd quarter,9:04.0,Vince Carter,TOR,True,2-pointer,13,53-63,'TOR',trails
624,624,624,200102080TOR,7.8,6.9,3rd quarter,8:37.0,Charles Oakley,TOR,True,2-pointer,16,55-63,'TOR',trails
625,625,625,200102080TOR,4.0,4.4,3rd quarter,7:55.0,Morris Peterson,TOR,True,2-pointer,20,57-65,'TOR',trails
626,626,626,200102080TOR,37.8,16.8,3rd quarter,7:18.0,Charles Oakley,TOR,False,2-pointer,18,57-65,'TOR',trails
627,627,627,200102080TOR,39.3,5.9,3rd quarter,6:35.0,Antonio Davis,TOR,True,2-pointer,15,59-65,'TOR',trails
628,628,628,200102080TOR,39.3,25.0,3rd quarter,5:42.0,Mark Jackson,TOR,False,3-pointer,25,61-68,'TOR',trails
629,629,629,200102080TOR,34.8,27.4,3rd quarter,5:13.0,Mark Jackson,TOR,True,3-pointer,25,64-68,'TOR',trails
630,630,630,200102080TOR,9.1,8.6,3rd quarter,3:52.0,Antonio Davis,TOR,True,2-pointer,15,66-70,'TOR',trails
631,631,631,200102080TOR,24.0,5.0,3rd quarter,3:22.0,Morris Peterson,TOR,False,2-pointer,0,66-70,'TOR',trails
632,632,632,200102080TOR,47.1,14.7,3rd quarter,3:17.0,Morris Peterson,TOR,False,3-pointer,25,66-70,'TOR',trails
633,633,633,200102080TOR,39.3,5.9,3rd quarter,1:33.0,Vince Carter,TOR,True,2-pointer,15,70-72,'TOR',trails
634,634,634,200102080TOR,48.5,5.0,3rd quarter,0:04.9,Mark Jackson,TOR,False,3-pointer,25,72-75,'TOR',trails
635,635,635,200102080TOR,33.4,17.5,4th quarter,11:39.0,Alvin Williams,TOR,False,2-pointer,16,72-75,'TOR',trails
636,636,636,200102080TOR,24.0,5.0,4th quarter,10:27.0,Keon Clark,TOR,True,2-pointer,0,75-75,'TOR',tied
637,637,637,200102080TOR,36.3,26.9,4th quarter,9:58.0,Alvin Williams,TOR,True,3-pointer,25,78-75,'TOR',leads
638,638,638,200102080TOR,4.9,20.2,4th quarter,9:21.0,Vince Carter,TOR,False,3-pointer,24,78-75,'TOR',leads
639,639,639,200102080TOR,38.4,7.6,4th quarter,8:52.0,Vince Carter,TOR,False,2-pointer,15,78-75,'TOR',leads
640,640,640,200102080TOR,7.8,8.0,4th quarter,8:09.0,Vince Carter,TOR,True,2-pointer,16,80-77,'TOR',leads
641,641,641,200102080TOR,32.5,6.9,4th quarter,6:29.0,Keon Clark,TOR,False,2-pointer,9,82-80,'TOR',leads
642,642,642,200102080TOR,24.0,5.0,4th quarter,6:26.0,Antonio Davis,TOR,True,2-pointer,0,84-80,'TOR',leads
643,643,643,200102080TOR,24.0,5.0,4th quarter,5:41.0,Vince Carter,TOR,False,2-pointer,0,84-80,'TOR',leads
644,644,644,200102080TOR,24.0,5.0,4th quarter,5:27.0,Alvin Williams,TOR,True,2-pointer,0,86-80,'TOR',leads
645,645,645,200102080TOR,24.1,10.7,4th quarter,4:06.0,Antonio Davis,TOR,False,2-pointer,6,87-85,'TOR',leads
646,646,646,200102080TOR,39.9,15.8,4th quarter,3:29.0,Dell Curry,TOR,True,2-pointer,19,89-87,'TOR',leads
647,647,647,200102080TOR,24.0,5.0,4th quarter,1:17.0,Keon Clark,TOR,True,2-pointer,0,95-90,'TOR',leads
