,Unnamed: 0.1,Unnamed: 0,match_id,shotX,shotY,quarter,time_remaining,player,team,made,shot_type,distance,score,opp,status
0,0,0,200101010MIN,10.6,26.5,1st quarter,11:44.0,Kenny Thomas,HOU,True,3-pointer,25,3-0,'HOU',leads
1,1,1,200101010MIN,12.1,27.2,1st quarter,11:08.0,Steve Francis,HOU,True,3-pointer,25,6-2,'HOU',leads
2,2,2,200101010MIN,18.8,6.1,1st quarter,10:12.0,Kenny Thomas,HOU,False,2-pointer,5,6-2,'HOU',leads
3,3,3,200101010MIN,47.3,5.0,1st quarter,9:33.0,Cuttino Mobley,HOU,False,3-pointer,23,6-2,'HOU',leads
4,4,4,200101010MIN,15.8,19.8,1st quarter,9:06.0,Shandon Anderson,HOU,False,2-pointer,17,6-4,'HOU',leads
5,5,5,200101010MIN,37.8,27.2,1st quarter,8:29.0,Shandon Anderson,HOU,True,3-pointer,26,9-6,'HOU',leads
6,6,6,200101010MIN,36.9,7.8,1st quarter,8:12.0,Moochie Norris,HOU,True,2-pointer,13,11-6,'HOU',leads
7,7,7,200101010MIN,19.4,25.5,1st quarter,7:31.0,Shandon Anderson,HOU,False,2-pointer,21,11-8,'HOU',leads
8,8,8,200101010MIN,24.0,5.0,1st quarter,7:28.0,Kenny Thomas,HOU,True,2-pointer,0,13-8,'HOU',leads
9,9,9,200101010MIN,38.4,11.8,1st quarter,6:58.0,Maurice Taylor,HOU,False,2-pointer,16,13-8,'HOU',leads
10,10,10,200101010MIN,24.0,5.0,1st quarter,6:37.0,Steve Francis,HOU,True,2-pointer,0,15-8,'HOU',leads
11,11,11,200101010MIN,24.0,5.0,1st quarter,6:00.0,Shandon Anderson,HOU,False,2-pointer,0,16-10,'HOU',leads
12,12,12,200101010MIN,24.0,5.0,1st quarter,5:24.0,Maurice Taylor,HOU,False,2-pointer,0,16-12,'HOU',leads
13,13,13,200101010MIN,24.0,5.0,1st quarter,3:55.0,Kenny Thomas,HOU,True,2-pointer,0,18-13,'HOU',leads
14,14,14,200101010MIN,24.0,5.0,1st quarter,3:08.0,Steve Francis,HOU,True,2-pointer,0,20-15,'HOU',leads
15,15,15,200101010MIN,24.0,5.0,1st quarter,2:20.0,Steve Francis,HOU,True,2-pointer,0,24-18,'HOU',leads
16,16,16,200101010MIN,24.0,5.0,1st quarter,1:52.0,Cuttino Mobley,HOU,False,2-pointer,0,24-20,'HOU',leads
17,17,17,200101010MIN,10.6,27.2,1st quarter,1:43.0,Matt Bullard,HOU,True,3-pointer,26,27-20,'HOU',leads
18,18,18,200101010MIN,24.3,21.9,1st quarter,1:21.0,Cuttino Mobley,HOU,True,2-pointer,17,29-22,'HOU',leads
19,19,19,200101010MIN,-0.4,10.1,1st quarter,0:39.9,Steve Francis,HOU,False,3-pointer,25,29-22,'HOU',leads
20,20,20,200101010MIN,18.0,24.2,1st quarter,0:29.9,Steve Francis,HOU,False,2-pointer,20,29-23,'HOU',leads
21,21,21,200101010MIN,24.0,5.0,2nd quarter,11:42.0,Steve Francis,HOU,False,2-pointer,0,29-25,'HOU',leads
22,22,22,200101010MIN,24.0,5.0,2nd quarter,11:23.0,Kenny Thomas,HOU,True,2-pointer,0,31-25,'HOU',leads
23,23,23,200101010MIN,24.0,5.0,2nd quarter,10:49.0,Matt Bullard,HOU,False,2-pointer,0,31-27,'HOU',leads
24,24,24,200101010MIN,5.5,3.9,2nd quarter,9:59.0,Steve Francis,HOU,False,2-pointer,19,33-29,'HOU',leads
25,25,25,200101010MIN,39.0,14.1,2nd quarter,9:20.0,Cuttino Mobley,HOU,False,2-pointer,18,33-31,'HOU',leads
26,26,26,200101010MIN,13.5,28.8,2nd quarter,9:16.0,Matt Bullard,HOU,False,3-pointer,26,33-31,'HOU',leads
27,27,27,200101010MIN,39.9,24.8,2nd quarter,8:58.0,Matt Bullard,HOU,False,3-pointer,25,33-31,'HOU',leads
28,28,28,200101010MIN,24.0,5.0,2nd quarter,8:30.0,Steve Francis,HOU,True,2-pointer,0,35-31,'HOU',leads
29,29,29,200101010MIN,9.9,19.8,2nd quarter,7:18.0,Walt Williams,HOU,False,2-pointer,20,36-33,'HOU',leads
30,30,30,200101010MIN,47.3,16.2,2nd quarter,7:12.0,Steve Francis,HOU,False,3-pointer,26,36-33,'HOU',leads
31,31,31,200101010MIN,36.3,13.5,2nd quarter,6:58.0,Walt Williams,HOU,False,2-pointer,15,36-33,'HOU',leads
32,32,32,200101010MIN,24.0,5.0,2nd quarter,6:50.0,Carlos Rogers,HOU,True,2-pointer,0,38-33,'HOU',leads
33,33,33,200101010MIN,43.2,3.5,2nd quarter,6:15.0,Moochie Norris,HOU,False,2-pointer,19,38-33,'HOU',leads
34,34,34,200101010MIN,24.3,20.8,2nd quarter,5:48.0,Cuttino Mobley,HOU,False,2-pointer,16,38-35,'HOU',leads
35,35,35,200101010MIN,24.0,5.0,2nd quarter,5:14.0,Carlos Rogers,HOU,False,2-pointer,0,38-37,'HOU',leads
36,36,36,200101010MIN,24.0,5.0,2nd quarter,4:44.0,Walt Williams,HOU,False,2-pointer,0,38-37,'HOU',leads
37,37,37,200101010MIN,26.6,20.2,2nd quarter,4:07.0,Maurice Taylor,HOU,False,2-pointer,15,38-37,'HOU',leads
38,38,38,200101010MIN,21.5,20.2,2nd quarter,3:37.0,Cuttino Mobley,HOU,False,2-pointer,15,38-39,'HOU',trails
39,39,39,200101010MIN,-0.4,3.9,2nd quarter,3:07.0,Walt Williams,HOU,True,3-pointer,24,41-39,'HOU',leads
40,40,40,200101010MIN,31.7,21.9,2nd quarter,1:45.0,Cuttino Mobley,HOU,False,2-pointer,19,43-44,'HOU',trails
41,41,41,200101010MIN,47.3,7.1,2nd quarter,0:57.9,Kenny Thomas,HOU,False,3-pointer,23,43-46,'HOU',trails
42,42,42,200101010MIN,24.0,5.0,2nd quarter,0:06.9,Steve Francis,HOU,False,2-pointer,0,45-48,'HOU',trails
43,43,43,200101010MIN,37.8,18.5,3rd quarter,10:48.0,Maurice Taylor,HOU,True,2-pointer,19,48-52,'HOU',trails
44,44,44,200101010MIN,1.1,17.9,3rd quarter,10:12.0,Steve Francis,HOU,False,3-pointer,26,48-54,'HOU',trails
45,45,45,200101010MIN,40.5,15.8,3rd quarter,9:55.0,Moochie Norris,HOU,False,2-pointer,20,48-54,'HOU',trails
46,46,46,200101010MIN,7.8,13.5,3rd quarter,9:31.0,Maurice Taylor,HOU,True,2-pointer,18,50-56,'HOU',trails
47,47,47,200101010MIN,8.5,14.7,3rd quarter,8:49.0,Maurice Taylor,HOU,True,2-pointer,18,52-58,'HOU',trails
48,48,48,200101010MIN,7.8,11.1,3rd quarter,7:15.0,Maurice Taylor,HOU,True,2-pointer,17,57-60,'HOU',trails
49,49,49,200101010MIN,24.0,5.0,3rd quarter,5:26.0,Steve Francis,HOU,False,2-pointer,0,59-64,'HOU',trails
50,50,50,200101010MIN,39.9,8.4,3rd quarter,5:07.0,Maurice Taylor,HOU,False,2-pointer,16,59-64,'HOU',trails
51,51,51,200101010MIN,38.4,10.1,3rd quarter,4:28.0,Shandon Anderson,HOU,False,2-pointer,15,59-66,'HOU',trails
52,52,52,200101010MIN,24.0,5.0,3rd quarter,4:06.0,Shandon Anderson,HOU,True,2-pointer,0,61-69,'HOU',trails
53,53,53,200101010MIN,24.0,5.0,3rd quarter,3:46.0,Cuttino Mobley,HOU,True,2-pointer,0,63-69,'HOU',trails
54,54,54,200101010MIN,24.0,5.0,3rd quarter,3:07.0,Cuttino Mobley,HOU,True,2-pointer,0,65-71,'HOU',trails
55,55,55,200101010MIN,24.0,5.0,3rd quarter,1:52.0,Cuttino Mobley,HOU,True,2-pointer,0,67-75,'HOU',trails
56,56,56,200101010MIN,0.2,3.9,3rd quarter,1:13.0,Steve Francis,HOU,True,3-pointer,24,70-77,'HOU',trails
57,57,57,200101010MIN,24.0,5.0,3rd quarter,0:35.9,Cuttino Mobley,HOU,True,2-pointer,0,72-80,'HOU',trails
58,58,58,200101010MIN,24.0,5.0,3rd quarter,0:11.4,Cuttino Mobley,HOU,True,2-pointer,0,74-80,'HOU',trails
59,59,59,200101010MIN,32.5,39.6,3rd quarter,0:01.0,Steve Francis,HOU,False,3-pointer,36,75-82,'HOU',trails
60,60,60,200101010MIN,23.9,12.2,4th quarter,11:43.0,Walt Williams,HOU,False,2-pointer,7,75-82,'HOU',trails
61,61,61,200101010MIN,24.0,5.0,4th quarter,11:39.0,Steve Francis,HOU,True,2-pointer,0,77-82,'HOU',trails
62,62,62,200101010MIN,16.5,23.1,4th quarter,10:14.0,Walt Williams,HOU,False,2-pointer,20,80-84,'HOU',trails
63,63,63,200101010MIN,12.1,19.8,4th quarter,9:14.0,Cuttino Mobley,HOU,False,2-pointer,19,80-86,'HOU',trails
64,64,64,200101010MIN,24.0,5.0,4th quarter,8:35.0,Steve Francis,HOU,False,2-pointer,0,80-88,'HOU',trails
65,65,65,200101010MIN,6.4,5.0,4th quarter,8:12.0,Maurice Taylor,HOU,False,2-pointer,18,80-90,'HOU',trails
66,66,66,200101010MIN,24.0,5.0,4th quarter,7:28.0,Cuttino Mobley,HOU,True,2-pointer,0,84-92,'HOU',trails
67,67,67,200101010MIN,0.2,14.1,4th quarter,5:51.0,Matt Bullard,HOU,False,3-pointer,25,88-96,'HOU',trails
68,68,68,200101010MIN,24.0,5.0,4th quarter,5:24.0,Cuttino Mobley,HOU,False,2-pointer,0,88-96,'HOU',trails
69,69,69,200101010MIN,24.0,5.0,4th quarter,5:21.0,Kenny Thomas,HOU,False,2-pointer,0,88-96,'HOU',trails
70,70,70,200101010MIN,24.0,5.0,4th quarter,4:50.0,Cuttino Mobley,HOU,False,2-pointer,0,88-99,'HOU',trails
71,71,71,200101010MIN,24.0,5.0,4th quarter,4:33.0,Maurice Taylor,HOU,True,2-pointer,0,90-99,'HOU',trails
72,72,72,200101010MIN,24.0,5.0,4th quarter,3:55.0,Moochie Norris,HOU,False,2-pointer,0,90-101,'HOU',trails
73,73,73,200101010MIN,24.0,5.0,4th quarter,3:09.0,Moochie Norris,HOU,True,2-pointer,0,93-102,'HOU',trails
74,74,74,200101010MIN,6.4,9.0,4th quarter,2:17.0,Cuttino Mobley,HOU,True,2-pointer,18,95-104,'HOU',trails
75,75,75,200101010MIN,1.7,20.2,4th quarter,0:50.9,Cuttino Mobley,HOU,False,3-pointer,27,96-104,'HOU',trails
76,76,76,200101010MIN,2.6,19.1,4th quarter,0:20.9,Moochie Norris,HOU,False,3-pointer,26,96-106,'HOU',trails
77,77,77,200101010MIN,20.9,10.1,1st quarter,11:32.0,Rasho Nesterović,MIN,True,2-pointer,6,2-3,'HOU',trails
78,78,78,200101010MIN,8.5,4.6,1st quarter,10:49.0,Terrell Brandon,MIN,False,2-pointer,16,2-6,'HOU',trails
79,79,79,200101010MIN,9.9,4.6,1st quarter,10:31.0,Wally Szczerbiak,MIN,False,2-pointer,14,2-6,'HOU',trails
80,80,80,200101010MIN,33.1,7.1,1st quarter,9:49.0,Rasho Nesterović,MIN,False,2-pointer,9,2-6,'HOU',trails
81,81,81,200101010MIN,24.0,5.0,1st quarter,9:26.0,Rasho Nesterović,MIN,True,2-pointer,0,4-6,'HOU',trails
82,82,82,200101010MIN,24.0,5.0,1st quarter,8:50.0,Kevin Garnett,MIN,True,2-pointer,0,6-6,'HOU',tied
83,83,83,200101010MIN,47.9,7.8,1st quarter,8:19.0,Sam Mitchell,MIN,False,3-pointer,24,6-9,'HOU',trails
84,84,84,200101010MIN,24.0,5.0,1st quarter,7:55.0,Wally Szczerbiak,MIN,True,2-pointer,0,8-11,'HOU',trails
85,85,85,200101010MIN,8.5,3.5,1st quarter,7:13.0,Kevin Garnett,MIN,False,2-pointer,16,8-13,'HOU',trails
86,86,86,200101010MIN,15.8,21.9,1st quarter,6:28.0,Kevin Garnett,MIN,True,2-pointer,19,10-16,'HOU',trails
87,87,87,200101010MIN,23.9,20.2,1st quarter,5:41.0,Sam Mitchell,MIN,True,2-pointer,15,12-16,'HOU',trails
88,88,88,200101010MIN,8.5,8.4,1st quarter,5:07.0,LaPhonso Ellis,MIN,False,2-pointer,16,12-16,'HOU',trails
89,89,89,200101010MIN,29.6,14.7,1st quarter,3:32.0,Terrell Brandon,MIN,False,2-pointer,11,13-18,'HOU',trails
90,90,90,200101010MIN,24.0,5.0,1st quarter,3:24.0,LaPhonso Ellis,MIN,True,2-pointer,0,15-18,'HOU',trails
91,91,91,200101010MIN,45.0,3.5,1st quarter,2:06.0,Anthony Peeler,MIN,True,2-pointer,21,20-24,'HOU',trails
92,92,92,200101010MIN,24.0,5.0,1st quarter,1:37.0,Anthony Peeler,MIN,True,2-pointer,0,22-27,'HOU',trails
93,93,93,200101010MIN,8.5,3.9,1st quarter,1:03.0,Kevin Garnett,MIN,False,2-pointer,16,22-29,'HOU',trails
94,94,94,200101010MIN,31.7,19.8,1st quarter,0:09.6,Chauncey Billups,MIN,True,2-pointer,17,25-29,'HOU',trails
95,95,95,200101010MIN,3.4,5.0,2nd quarter,11:08.0,Chauncey Billups,MIN,True,2-pointer,21,27-31,'HOU',trails
96,96,96,200101010MIN,24.0,5.0,2nd quarter,10:41.0,Chauncey Billups,MIN,False,2-pointer,0,27-31,'HOU',trails
97,97,97,200101010MIN,30.2,9.5,2nd quarter,10:17.0,LaPhonso Ellis,MIN,True,2-pointer,8,29-33,'HOU',trails
98,98,98,200101010MIN,18.8,23.6,2nd quarter,9:44.0,Wally Szczerbiak,MIN,False,2-pointer,19,29-33,'HOU',trails
99,99,99,200101010MIN,7.8,11.1,2nd quarter,9:36.0,Wally Szczerbiak,MIN,True,2-pointer,17,31-33,'HOU',trails
100,100,100,200101010MIN,5.5,9.0,2nd quarter,9:08.0,LaPhonso Ellis,MIN,False,2-pointer,19,31-33,'HOU',trails
101,101,101,200101010MIN,24.0,5.0,2nd quarter,8:36.0,Chauncey Billups,MIN,False,2-pointer,0,31-33,'HOU',trails
102,102,102,200101010MIN,24.0,5.0,2nd quarter,8:16.0,LaPhonso Ellis,MIN,True,2-pointer,0,33-36,'HOU',trails
103,103,103,200101010MIN,34.8,21.5,2nd quarter,7:34.0,Anthony Peeler,MIN,False,2-pointer,20,33-36,'HOU',trails
104,104,104,200101010MIN,24.0,5.0,2nd quarter,7:04.0,LaPhonso Ellis,MIN,False,2-pointer,0,33-36,'HOU',trails
105,105,105,200101010MIN,22.4,10.7,2nd quarter,6:37.0,Rasho Nesterović,MIN,False,2-pointer,6,33-38,'HOU',trails
106,106,106,200101010MIN,-0.4,7.1,2nd quarter,6:34.0,Terrell Brandon,MIN,False,3-pointer,24,33-38,'HOU',trails
107,107,107,200101010MIN,24.0,5.0,2nd quarter,6:08.0,Wally Szczerbiak,MIN,True,2-pointer,0,35-38,'HOU',trails
108,108,108,200101010MIN,10.6,11.8,2nd quarter,5:32.0,Terrell Brandon,MIN,True,2-pointer,15,37-38,'HOU',trails
109,109,109,200101010MIN,14.4,10.1,2nd quarter,4:53.0,Kevin Garnett,MIN,False,2-pointer,11,37-38,'HOU',trails
110,110,110,200101010MIN,23.9,19.8,2nd quarter,4:34.0,Wally Szczerbiak,MIN,False,2-pointer,15,37-38,'HOU',trails
111,111,111,200101010MIN,11.4,14.7,2nd quarter,3:55.0,Terrell Brandon,MIN,True,2-pointer,16,39-38,'HOU',leads
112,112,112,200101010MIN,24.0,5.0,2nd quarter,3:29.0,Terrell Brandon,MIN,False,2-pointer,0,39-38,'HOU',leads
113,113,113,200101010MIN,24.0,5.0,2nd quarter,2:56.0,Reggie Slater,MIN,True,2-pointer,0,41-41,'HOU',tied
114,114,114,200101010MIN,9.9,6.5,2nd quarter,2:22.0,Kevin Garnett,MIN,False,2-pointer,14,41-41,'HOU',tied
115,115,115,200101010MIN,24.0,5.0,2nd quarter,2:12.0,Anthony Peeler,MIN,True,2-pointer,0,44-41,'HOU',leads
116,116,116,200101010MIN,7.0,9.0,2nd quarter,1:27.0,Kevin Garnett,MIN,False,2-pointer,17,44-43,'HOU',leads
117,117,117,200101010MIN,4.0,5.0,2nd quarter,1:17.0,Terrell Brandon,MIN,True,2-pointer,20,46-43,'HOU',leads
118,118,118,200101010MIN,6.4,9.0,2nd quarter,0:44.9,Reggie Slater,MIN,False,2-pointer,18,46-43,'HOU',leads
119,119,119,200101010MIN,23.0,13.5,2nd quarter,0:17.9,Kevin Garnett,MIN,True,2-pointer,9,48-45,'HOU',leads
120,120,120,200101010MIN,27.2,24.8,3rd quarter,11:45.0,Terrell Brandon,MIN,False,2-pointer,20,48-45,'HOU',leads
121,121,121,200101010MIN,24.0,5.0,3rd quarter,11:17.0,Kevin Garnett,MIN,True,2-pointer,0,52-46,'HOU',leads
122,122,122,200101010MIN,45.8,17.9,3rd quarter,10:06.0,Terrell Brandon,MIN,False,3-pointer,25,54-48,'HOU',leads
123,123,123,200101010MIN,24.0,5.0,3rd quarter,9:49.0,Wally Szczerbiak,MIN,True,2-pointer,0,56-48,'HOU',leads
124,124,124,200101010MIN,9.3,15.8,3rd quarter,9:16.0,Chauncey Billups,MIN,True,2-pointer,18,58-50,'HOU',leads
125,125,125,200101010MIN,-0.4,6.1,3rd quarter,8:35.0,Chauncey Billups,MIN,False,3-pointer,24,58-52,'HOU',leads
126,126,126,200101010MIN,35.5,15.8,3rd quarter,8:08.0,Terrell Brandon,MIN,False,2-pointer,16,58-54,'HOU',leads
127,127,127,200101010MIN,9.3,16.2,3rd quarter,7:38.0,Wally Szczerbiak,MIN,True,2-pointer,18,60-55,'HOU',leads
128,128,128,200101010MIN,24.0,5.0,3rd quarter,7:02.0,LaPhonso Ellis,MIN,True,2-pointer,0,62-57,'HOU',leads
129,129,129,200101010MIN,20.9,20.8,3rd quarter,6:28.0,Terrell Brandon,MIN,False,2-pointer,16,62-59,'HOU',leads
130,130,130,200101010MIN,20.1,24.8,3rd quarter,6:13.0,Wally Szczerbiak,MIN,True,2-pointer,20,64-59,'HOU',leads
131,131,131,200101010MIN,23.0,8.4,3rd quarter,5:39.0,LaPhonso Ellis,MIN,False,2-pointer,4,64-59,'HOU',leads
132,132,132,200101010MIN,7.0,5.4,3rd quarter,4:57.0,Wally Szczerbiak,MIN,False,2-pointer,17,64-59,'HOU',leads
133,133,133,200101010MIN,42.0,5.0,3rd quarter,4:50.0,Wally Szczerbiak,MIN,True,2-pointer,18,66-59,'HOU',leads
134,134,134,200101010MIN,24.0,5.0,3rd quarter,4:23.0,Chauncey Billups,MIN,True,2-pointer,0,68-59,'HOU',leads
135,135,135,200101010MIN,24.0,5.0,3rd quarter,3:54.0,Terrell Brandon,MIN,False,2-pointer,0,69-61,'HOU',leads
136,136,136,200101010MIN,16.5,23.6,3rd quarter,2:41.0,Kevin Garnett,MIN,False,2-pointer,20,71-65,'HOU',leads
137,137,137,200101010MIN,27.2,30.9,3rd quarter,2:09.0,Chauncey Billups,MIN,True,3-pointer,26,75-65,'HOU',leads
138,138,138,200101010MIN,11.4,8.4,3rd quarter,1:33.0,Kevin Garnett,MIN,True,2-pointer,13,77-67,'HOU',leads
139,139,139,200101010MIN,42.0,22.5,3rd quarter,0:54.0,Anthony Peeler,MIN,True,3-pointer,25,80-70,'HOU',leads
140,140,140,200101010MIN,42.0,23.6,3rd quarter,0:17.9,Chauncey Billups,MIN,False,3-pointer,26,80-72,'HOU',leads
141,141,141,200101010MIN,24.0,5.0,4th quarter,11:26.0,Reggie Slater,MIN,False,2-pointer,0,82-77,'HOU',leads
142,142,142,200101010MIN,24.0,5.0,4th quarter,11:03.0,Terrell Brandon,MIN,False,2-pointer,0,82-78,'HOU',leads
143,143,143,200101010MIN,24.0,5.0,4th quarter,10:56.0,Terrell Brandon,MIN,True,2-pointer,0,84-78,'HOU',leads
144,144,144,200101010MIN,18.0,13.5,4th quarter,9:57.0,Terrell Brandon,MIN,True,2-pointer,10,86-80,'HOU',leads
145,145,145,200101010MIN,23.9,24.8,4th quarter,9:26.0,Sam Mitchell,MIN,False,2-pointer,20,86-80,'HOU',leads
146,146,146,200101010MIN,37.8,21.9,4th quarter,8:55.0,Terrell Brandon,MIN,True,2-pointer,22,88-80,'HOU',leads
147,147,147,200101010MIN,24.0,5.0,4th quarter,8:30.0,Wally Szczerbiak,MIN,True,2-pointer,0,90-80,'HOU',leads
148,148,148,200101010MIN,13.5,29.9,4th quarter,7:09.0,Anthony Peeler,MIN,False,3-pointer,27,92-84,'HOU',leads
149,149,149,200101010MIN,21.5,11.8,4th quarter,6:44.0,Kevin Garnett,MIN,True,2-pointer,7,94-86,'HOU',leads
150,150,150,200101010MIN,37.8,13.5,4th quarter,5:35.0,Kevin Garnett,MIN,False,2-pointer,16,96-88,'HOU',leads
151,151,151,200101010MIN,45.0,19.1,4th quarter,5:08.0,Terrell Brandon,MIN,True,3-pointer,25,99-88,'HOU',leads
152,152,152,200101010MIN,36.3,7.8,4th quarter,4:15.0,Terrell Brandon,MIN,True,2-pointer,13,101-90,'HOU',leads
153,153,153,200101010MIN,24.0,5.0,4th quarter,3:49.0,Chauncey Billups,MIN,False,2-pointer,0,101-90,'HOU',leads
154,154,154,200101010MIN,3.4,5.0,4th quarter,2:44.0,Chauncey Billups,MIN,True,2-pointer,21,104-93,'HOU',leads
155,155,155,200101010MIN,6.4,15.1,4th quarter,1:33.0,Chauncey Billups,MIN,False,2-pointer,20,104-96,'HOU',leads
156,156,156,200101010MIN,39.0,13.5,4th quarter,1:18.0,Wally Szczerbiak,MIN,False,2-pointer,17,104-96,'HOU',leads
157,157,157,200101010MIN,12.1,5.0,4th quarter,0:59.9,Kevin Garnett,MIN,False,2-pointer,12,104-96,'HOU',leads
158,158,158,200101010MIN,7.8,14.7,4th quarter,0:33.4,Kevin Garnett,MIN,True,2-pointer,19,106-96,'HOU',leads
159,159,159,200101010POR,14.6,26.5,1st quarter,11:44.0,Jamal Mashburn,CHH,False,2-pointer,23,0-0,'POR',tied
160,160,160,200101010POR,15.4,20.8,1st quarter,11:08.0,Otis Thorpe,CHH,False,2-pointer,18,0-2,'POR',trails
161,161,161,200101010POR,43.1,12.2,1st quarter,11:03.0,Baron Davis,CHH,False,2-pointer,20,0-2,'POR',trails
162,162,162,200101010POR,15.4,20.8,1st quarter,10:23.0,David Wesley,CHH,False,2-pointer,18,0-2,'POR',trails
163,163,163,200101010POR,24.0,5.0,1st quarter,9:35.0,Jamal Mashburn,CHH,True,2-pointer,0,2-4,'POR',trails
164,164,164,200101010POR,37.2,25.5,1st quarter,9:07.0,David Wesley,CHH,True,3-pointer,24,5-4,'POR',leads
165,165,165,200101010POR,31.3,7.8,1st quarter,8:17.0,P.J. Brown,CHH,False,2-pointer,8,6-7,'POR',trails
166,166,166,200101010POR,10.4,3.9,1st quarter,8:13.0,Otis Thorpe,CHH,False,2-pointer,14,6-7,'POR',trails
167,167,167,200101010POR,41.6,3.5,1st quarter,7:38.0,P.J. Brown,CHH,False,2-pointer,18,6-9,'POR',trails
168,168,168,200101010POR,9.5,3.5,1st quarter,6:52.0,Jamal Mashburn,CHH,False,2-pointer,15,6-9,'POR',trails
169,169,169,200101010POR,30.6,5.4,1st quarter,6:49.0,P.J. Brown,CHH,False,2-pointer,7,6-9,'POR',trails
170,170,170,200101010POR,33.6,24.8,1st quarter,6:30.0,David Wesley,CHH,False,2-pointer,22,6-9,'POR',trails
171,171,171,200101010POR,46.6,4.6,1st quarter,6:01.0,Jamal Mashburn,CHH,False,3-pointer,23,6-9,'POR',trails
172,172,172,200101010POR,23.6,17.9,1st quarter,5:31.0,P.J. Brown,CHH,False,2-pointer,13,6-9,'POR',trails
173,173,173,200101010POR,24.0,5.0,1st quarter,5:27.0,P.J. Brown,CHH,False,2-pointer,0,6-9,'POR',trails
174,174,174,200101010POR,21.3,9.5,1st quarter,4:45.0,David Wesley,CHH,False,2-pointer,5,6-9,'POR',trails
175,175,175,200101010POR,19.0,5.0,1st quarter,4:20.0,Derrick Coleman,CHH,True,2-pointer,5,8-9,'POR',trails
176,176,176,200101010POR,46.0,15.1,1st quarter,3:43.0,Derrick Coleman,CHH,False,3-pointer,24,8-11,'POR',trails
177,177,177,200101010POR,10.4,3.9,1st quarter,3:07.0,Baron Davis,CHH,False,2-pointer,14,8-13,'POR',trails
178,178,178,200101010POR,22.8,8.4,1st quarter,2:30.0,Derrick Coleman,CHH,False,2-pointer,4,8-15,'POR',trails
179,179,179,200101010POR,24.0,5.0,1st quarter,1:26.0,Baron Davis,CHH,True,2-pointer,0,10-17,'POR',trails
180,180,180,200101010POR,30.6,5.0,1st quarter,1:03.0,Jamal Mashburn,CHH,False,2-pointer,7,10-17,'POR',trails
181,181,181,200101010POR,30.6,5.4,1st quarter,0:38.1,Hersey Hawkins,CHH,True,2-pointer,7,12-17,'POR',trails
182,182,182,200101010POR,5.9,23.1,1st quarter,0:03.1,Baron Davis,CHH,False,3-pointer,26,12-19,'POR',trails
183,183,183,200101010POR,24.7,8.4,2nd quarter,11:15.0,Lee Nailon,CHH,False,2-pointer,3,12-19,'POR',trails
184,184,184,200101010POR,24.7,8.4,2nd quarter,10:31.0,Lee Nailon,CHH,False,2-pointer,3,12-19,'POR',trails
185,185,185,200101010POR,15.4,5.4,2nd quarter,9:38.0,Hersey Hawkins,CHH,False,2-pointer,9,12-20,'POR',trails
186,186,186,200101010POR,24.0,5.0,2nd quarter,9:12.0,Otis Thorpe,CHH,True,2-pointer,0,14-22,'POR',trails
187,187,187,200101010POR,44.5,7.1,2nd quarter,8:46.0,David Wesley,CHH,True,2-pointer,21,16-24,'POR',trails
188,188,188,200101010POR,35.7,12.2,2nd quarter,8:10.0,Jamal Mashburn,CHH,False,2-pointer,14,16-24,'POR',trails
189,189,189,200101010POR,13.3,24.8,2nd quarter,7:13.0,David Wesley,CHH,False,2-pointer,23,16-26,'POR',trails
190,190,190,200101010POR,13.9,25.5,2nd quarter,6:39.0,Baron Davis,CHH,True,2-pointer,23,18-28,'POR',trails
191,191,191,200101010POR,0.9,4.6,2nd quarter,6:04.0,Jamal Mashburn,CHH,False,3-pointer,23,18-30,'POR',trails
192,192,192,200101010POR,24.0,5.0,2nd quarter,6:03.0,Baron Davis,CHH,True,2-pointer,0,20-30,'POR',trails
193,193,193,200101010POR,24.7,28.8,2nd quarter,5:30.0,Jamal Mashburn,CHH,True,3-pointer,24,24-30,'POR',trails
194,194,194,200101010POR,40.7,5.4,2nd quarter,4:38.0,David Wesley,CHH,True,2-pointer,17,26-32,'POR',trails
195,195,195,200101010POR,24.0,5.0,2nd quarter,3:57.0,Derrick Coleman,CHH,False,2-pointer,0,26-35,'POR',trails
196,196,196,200101010POR,24.0,5.0,2nd quarter,3:56.0,P.J. Brown,CHH,True,2-pointer,0,28-35,'POR',trails
197,197,197,200101010POR,46.6,8.4,2nd quarter,3:28.0,Jamal Mashburn,CHH,False,3-pointer,23,28-35,'POR',trails
198,198,198,200101010POR,24.0,5.0,2nd quarter,3:11.0,David Wesley,CHH,True,2-pointer,0,30-35,'POR',trails
199,199,199,200101010POR,24.0,5.0,2nd quarter,2:34.0,Derrick Coleman,CHH,False,2-pointer,0,30-37,'POR',trails
200,200,200,200101010POR,40.7,14.1,2nd quarter,2:05.0,Derrick Coleman,CHH,False,2-pointer,19,30-40,'POR',trails
201,201,201,200101010POR,9.5,24.8,2nd quarter,1:38.0,Baron Davis,CHH,True,3-pointer,25,33-43,'POR',trails
202,202,202,200101010POR,29.1,7.1,2nd quarter,0:54.6,Derrick Coleman,CHH,False,2-pointer,6,33-45,'POR',trails
203,203,203,200101010POR,26.2,24.2,2nd quarter,0:30.1,P.J. Brown,CHH,True,2-pointer,19,37-45,'POR',trails
204,204,204,200101010POR,24.0,5.0,3rd quarter,11:30.0,Otis Thorpe,CHH,True,2-pointer,0,39-48,'POR',trails
205,205,205,200101010POR,24.0,5.0,3rd quarter,10:55.0,P.J. Brown,CHH,False,2-pointer,0,39-48,'POR',trails
206,206,206,200101010POR,3.2,3.9,3rd quarter,10:25.0,Jamal Mashburn,CHH,True,2-pointer,21,41-48,'POR',trails
207,207,207,200101010POR,31.3,6.5,3rd quarter,9:51.0,David Wesley,CHH,False,2-pointer,7,41-48,'POR',trails
208,208,208,200101010POR,24.0,5.0,3rd quarter,9:49.0,Jamal Mashburn,CHH,True,2-pointer,0,43-48,'POR',trails
209,209,209,200101010POR,24.0,5.0,3rd quarter,9:36.0,Baron Davis,CHH,False,2-pointer,0,43-48,'POR',trails
210,210,210,200101010POR,5.3,3.5,3rd quarter,7:51.0,P.J. Brown,CHH,False,2-pointer,19,43-52,'POR',trails
211,211,211,200101010POR,24.7,12.8,3rd quarter,7:20.0,Jamal Mashburn,CHH,False,2-pointer,8,43-54,'POR',trails
212,212,212,200101010POR,24.7,26.5,3rd quarter,6:43.0,Otis Thorpe,CHH,False,2-pointer,22,43-54,'POR',trails
213,213,213,200101010POR,24.0,5.0,3rd quarter,5:58.0,Jamal Mashburn,CHH,True,2-pointer,0,45-54,'POR',trails
214,214,214,200101010POR,27.7,29.9,3rd quarter,5:09.0,Baron Davis,CHH,False,3-pointer,25,46-56,'POR',trails
215,215,215,200101010POR,36.3,23.1,3rd quarter,4:17.0,David Wesley,CHH,True,2-pointer,22,48-56,'POR',trails
216,216,216,200101010POR,28.5,26.5,3rd quarter,3:44.0,David Wesley,CHH,False,2-pointer,22,48-58,'POR',trails
217,217,217,200101010POR,0.9,14.7,3rd quarter,1:58.0,Hersey Hawkins,CHH,False,3-pointer,25,48-61,'POR',trails
218,218,218,200101010POR,35.7,9.5,3rd quarter,1:36.0,Derrick Coleman,CHH,False,2-pointer,13,48-63,'POR',trails
219,219,219,200101010POR,42.2,14.7,3rd quarter,0:36.5,Eldridge Recasner,CHH,False,2-pointer,21,49-65,'POR',trails
220,220,220,200101010POR,24.0,5.0,3rd quarter,0:34.2,Derrick Coleman,CHH,False,2-pointer,0,49-65,'POR',trails
221,221,221,200101010POR,34.8,22.5,3rd quarter,0:08.4,Eldridge Recasner,CHH,False,2-pointer,21,49-65,'POR',trails
222,222,222,200101010POR,22.8,25.5,4th quarter,11:49.0,Otis Thorpe,CHH,False,2-pointer,21,49-67,'POR',trails
223,223,223,200101010POR,8.9,4.6,4th quarter,11:12.0,Lee Nailon,CHH,False,2-pointer,15,49-67,'POR',trails
224,224,224,200101010POR,24.0,5.0,4th quarter,10:30.0,Otis Thorpe,CHH,False,2-pointer,0,49-67,'POR',trails
225,225,225,200101010POR,16.1,4.6,4th quarter,9:57.0,Eldridge Recasner,CHH,False,2-pointer,8,51-69,'POR',trails
226,226,226,200101010POR,5.9,4.6,4th quarter,9:27.0,P.J. Brown,CHH,False,2-pointer,18,51-70,'POR',trails
227,227,227,200101010POR,9.0,17.9,4th quarter,8:57.0,Hersey Hawkins,CHH,False,2-pointer,20,51-72,'POR',trails
228,228,228,200101010POR,24.0,5.0,4th quarter,8:52.0,Otis Thorpe,CHH,True,2-pointer,0,53-72,'POR',trails
229,229,229,200101010POR,24.0,5.0,4th quarter,7:31.0,Lee Nailon,CHH,True,2-pointer,0,57-74,'POR',trails
230,230,230,200101010POR,13.9,3.9,4th quarter,6:57.0,Tim James,CHH,False,2-pointer,10,57-76,'POR',trails
231,231,231,200101010POR,24.0,5.0,4th quarter,6:52.0,Lee Nailon,CHH,True,2-pointer,0,59-76,'POR',trails
232,232,232,200101010POR,5.3,3.5,4th quarter,4:16.0,Otis Thorpe,CHH,False,2-pointer,19,61-84,'POR',trails
233,233,233,200101010POR,27.7,25.5,4th quarter,3:24.0,Tim James,CHH,False,2-pointer,21,61-84,'POR',trails
234,234,234,200101010POR,24.0,5.0,4th quarter,2:39.0,Otis Thorpe,CHH,True,2-pointer,0,63-86,'POR',trails
235,235,235,200101010POR,28.5,5.4,4th quarter,2:07.0,Lee Nailon,CHH,True,2-pointer,5,65-88,'POR',trails
236,236,236,200101010POR,16.1,4.6,4th quarter,1:27.0,Tim James,CHH,False,2-pointer,8,65-89,'POR',trails
237,237,237,200101010POR,24.1,9.0,4th quarter,0:53.9,Lee Nailon,CHH,True,2-pointer,4,67-89,'POR',trails
238,238,238,200101010POR,24.0,5.0,4th quarter,0:24.9,Tim James,CHH,False,2-pointer,0,67-89,'POR',trails
239,239,239,200101010POR,3.8,3.9,1st quarter,11:25.0,Damon Stoudamire,POR,True,2-pointer,20,2-0,'POR',leads
240,240,240,200101010POR,24.0,5.0,1st quarter,10:44.0,Rasheed Wallace,POR,False,2-pointer,0,2-0,'POR',leads
241,241,241,200101010POR,24.0,5.0,1st quarter,10:09.0,Bonzi Wells,POR,True,2-pointer,0,4-0,'POR',leads
242,242,242,200101010POR,27.0,28.8,1st quarter,9:42.0,Arvydas Sabonis,POR,False,3-pointer,24,4-0,'POR',leads
243,243,243,200101010POR,29.1,5.4,1st quarter,9:20.0,Arvydas Sabonis,POR,False,2-pointer,5,4-2,'POR',leads
244,244,244,200101010POR,24.0,5.0,1st quarter,9:17.0,Rasheed Wallace,POR,False,2-pointer,0,4-2,'POR',leads
245,245,245,200101010POR,27.7,5.4,1st quarter,8:39.0,Bonzi Wells,POR,True,2-pointer,4,6-6,'POR',tied
246,246,246,200101010POR,16.9,21.5,1st quarter,8:07.0,Damon Stoudamire,POR,True,2-pointer,18,9-6,'POR',leads
247,247,247,200101010POR,30.6,27.6,1st quarter,7:23.0,Arvydas Sabonis,POR,False,2-pointer,24,9-6,'POR',leads
248,248,248,200101010POR,24.0,5.0,1st quarter,6:21.0,Damon Stoudamire,POR,False,2-pointer,0,9-6,'POR',leads
249,249,249,200101010POR,32.1,25.9,1st quarter,5:03.0,Bonzi Wells,POR,False,2-pointer,22,9-6,'POR',leads
250,250,250,200101010POR,46.6,5.0,1st quarter,4:36.0,Greg Anthony,POR,False,3-pointer,23,9-6,'POR',leads
251,251,251,200101010POR,19.0,4.8,1st quarter,4:00.0,Bonzi Wells,POR,True,2-pointer,5,11-8,'POR',leads
252,252,252,200101010POR,24.0,5.0,1st quarter,3:36.0,Rasheed Wallace,POR,True,2-pointer,0,13-8,'POR',leads
253,253,253,200101010POR,13.9,13.5,1st quarter,2:46.0,Greg Anthony,POR,True,2-pointer,13,15-8,'POR',leads
254,254,254,200101010POR,24.0,5.0,1st quarter,2:15.0,Rasheed Wallace,POR,False,2-pointer,0,15-8,'POR',leads
255,255,255,200101010POR,24.0,5.0,1st quarter,2:12.0,Rasheed Wallace,POR,True,2-pointer,0,17-8,'POR',leads
256,256,256,200101010POR,34.2,27.2,1st quarter,1:32.0,Greg Anthony,POR,False,3-pointer,24,17-8,'POR',leads
257,257,257,200101010POR,37.8,20.8,1st quarter,0:18.7,Stacey Augmon,POR,True,2-pointer,21,19-12,'POR',leads
258,258,258,200101010POR,37.2,15.1,2nd quarter,11:37.0,Stacey Augmon,POR,False,2-pointer,17,19-12,'POR',leads
259,259,259,200101010POR,8.9,19.1,2nd quarter,10:51.0,Greg Anthony,POR,False,2-pointer,21,19-12,'POR',leads
260,260,260,200101010POR,24.7,8.4,2nd quarter,9:57.0,Dale Davis,POR,False,2-pointer,3,20-12,'POR',leads
261,261,261,200101010POR,41.6,5.0,2nd quarter,9:00.0,Dale Davis,POR,True,2-pointer,18,24-14,'POR',leads
262,262,262,200101010POR,23.9,5.0,2nd quarter,7:46.0,Arvydas Sabonis,POR,False,2-pointer,0,24-16,'POR',leads
263,263,263,200101010POR,3.2,3.9,2nd quarter,6:27.0,Arvydas Sabonis,POR,True,2-pointer,21,30-18,'POR',leads
264,264,264,200101010POR,47.5,5.0,2nd quarter,5:13.0,Steve Smith,POR,False,3-pointer,24,30-24,'POR',leads
265,265,265,200101010POR,24.0,5.0,2nd quarter,5:00.0,Arvydas Sabonis,POR,True,2-pointer,0,32-24,'POR',leads
266,266,266,200101010POR,46.6,3.5,2nd quarter,4:16.0,Damon Stoudamire,POR,True,3-pointer,23,35-26,'POR',leads
267,267,267,200101010POR,24.0,5.0,2nd quarter,3:35.0,Bonzi Wells,POR,False,2-pointer,0,35-28,'POR',leads
268,268,268,200101010POR,8.3,23.1,2nd quarter,2:50.0,Rasheed Wallace,POR,False,3-pointer,24,35-30,'POR',leads
269,269,269,200101010POR,29.1,29.3,2nd quarter,2:20.0,Scottie Pippen,POR,True,3-pointer,25,40-30,'POR',leads
270,270,270,200101010POR,16.1,28.2,2nd quarter,1:51.0,Damon Stoudamire,POR,True,3-pointer,25,43-30,'POR',leads
271,271,271,200101010POR,16.1,19.8,2nd quarter,1:23.0,Damon Stoudamire,POR,False,2-pointer,17,43-33,'POR',leads
272,272,272,200101010POR,24.0,5.0,2nd quarter,1:19.0,Scottie Pippen,POR,True,2-pointer,0,45-33,'POR',leads
273,273,273,200101010POR,29.8,5.0,2nd quarter,0:39.3,Arvydas Sabonis,POR,False,2-pointer,6,45-35,'POR',leads
274,274,274,200101010POR,0.9,15.1,2nd quarter,0:10.3,Scottie Pippen,POR,True,3-pointer,25,48-37,'POR',leads
275,275,275,200101010POR,19.0,10.1,3rd quarter,11:37.0,Bonzi Wells,POR,False,2-pointer,7,48-37,'POR',leads
276,276,276,200101010POR,38.6,4.6,3rd quarter,11:15.0,Bonzi Wells,POR,False,2-pointer,15,48-39,'POR',leads
277,277,277,200101010POR,32.7,5.0,3rd quarter,10:35.0,Arvydas Sabonis,POR,False,2-pointer,9,48-39,'POR',leads
278,278,278,200101010POR,24.0,5.0,3rd quarter,10:00.0,Arvydas Sabonis,POR,False,2-pointer,0,48-41,'POR',leads
279,279,279,200101010POR,14.6,21.5,3rd quarter,9:28.0,Damon Stoudamire,POR,True,2-pointer,19,50-43,'POR',leads
280,280,280,200101010POR,5.9,16.8,3rd quarter,8:50.0,Arvydas Sabonis,POR,False,2-pointer,22,50-43,'POR',leads
281,281,281,200101010POR,24.0,5.0,3rd quarter,8:15.0,Bonzi Wells,POR,True,2-pointer,0,52-43,'POR',leads
282,282,282,200101010POR,10.4,25.9,3rd quarter,7:43.0,Damon Stoudamire,POR,False,3-pointer,25,52-43,'POR',leads
283,283,283,200101010POR,24.0,5.0,3rd quarter,7:41.0,Bonzi Wells,POR,True,2-pointer,0,54-43,'POR',leads
284,284,284,200101010POR,30.6,28.2,3rd quarter,6:59.0,Rasheed Wallace,POR,False,3-pointer,24,54-43,'POR',leads
285,285,285,200101010POR,16.1,28.2,3rd quarter,6:05.0,Damon Stoudamire,POR,False,3-pointer,25,54-43,'POR',leads
286,286,286,200101010POR,24.0,5.0,3rd quarter,5:36.0,Rasheed Wallace,POR,True,2-pointer,0,56-46,'POR',leads
287,287,287,200101010POR,28.5,6.1,3rd quarter,4:34.0,Bonzi Wells,POR,False,2-pointer,5,56-46,'POR',leads
288,288,288,200101010POR,46.0,15.8,3rd quarter,3:26.0,Scottie Pippen,POR,False,3-pointer,25,58-48,'POR',leads
289,289,289,200101010POR,31.3,19.8,3rd quarter,2:26.0,Rasheed Wallace,POR,True,2-pointer,17,61-48,'POR',leads
290,290,290,200101010POR,24.0,5.0,3rd quarter,0:01.8,Dale Davis,POR,True,2-pointer,0,67-49,'POR',leads
291,291,291,200101010POR,26.2,21.5,4th quarter,10:54.0,Rasheed Wallace,POR,False,2-pointer,17,67-49,'POR',leads
292,292,292,200101010POR,27.0,6.5,4th quarter,9:48.0,Dale Davis,POR,False,2-pointer,3,69-51,'POR',leads
293,293,293,200101010POR,24.0,5.0,4th quarter,9:21.0,Stacey Augmon,POR,True,2-pointer,0,72-51,'POR',leads
294,294,294,200101010POR,27.7,22.5,4th quarter,8:33.0,Greg Anthony,POR,False,2-pointer,18,72-53,'POR',leads
295,295,295,200101010POR,38.6,19.1,4th quarter,8:20.0,Stacey Augmon,POR,False,2-pointer,20,72-53,'POR',leads
296,296,296,200101010POR,24.0,5.0,4th quarter,6:36.0,Steve Smith,POR,False,2-pointer,0,76-59,'POR',leads
297,297,297,200101010POR,7.4,8.4,4th quarter,6:15.0,Greg Anthony,POR,True,2-pointer,17,80-59,'POR',leads
298,298,298,200101010POR,24.0,5.0,4th quarter,5:38.0,Greg Anthony,POR,True,2-pointer,0,82-59,'POR',leads
299,299,299,200101010POR,24.0,5.0,4th quarter,4:55.0,Gary Grant,POR,False,2-pointer,0,82-61,'POR',leads
300,300,300,200101010POR,24.0,5.0,4th quarter,4:53.0,Will Perdue,POR,True,2-pointer,0,84-61,'POR',leads
301,301,301,200101010POR,24.1,7.8,4th quarter,4:26.0,Stacey Augmon,POR,False,2-pointer,3,84-61,'POR',leads
302,302,302,200101010POR,23.2,11.6,4th quarter,3:51.0,Steve Smith,POR,False,2-pointer,7,84-61,'POR',leads
303,303,303,200101010POR,13.9,23.6,4th quarter,3:41.0,Gary Grant,POR,False,2-pointer,21,84-61,'POR',leads
304,304,304,200101010POR,44.5,4.6,4th quarter,3:03.0,Steve Smith,POR,True,2-pointer,21,86-61,'POR',leads
305,305,305,200101010POR,16.1,3.9,4th quarter,2:18.0,Dale Davis,POR,True,2-pointer,8,88-63,'POR',leads
306,306,306,200101010POR,15.4,30.5,4th quarter,1:04.0,Steve Smith,POR,False,3-pointer,27,89-65,'POR',leads
307,307,307,200101010POR,7.4,3.9,4th quarter,0:32.5,Steve Smith,POR,False,2-pointer,17,89-67,'POR',leads
