,Unnamed: 0.1,Unnamed: 0,match_id,shotX,shotY,quarter,time_remaining,player,team,made,shot_type,distance,score,opp,status
0,0,0,200101250DAL,34.4,8.0,1st quarter,11:21.0,Michael Dickerson,VAN,False,2-pointer,11,0-0,'DAL',tied
1,1,1,200101250DAL,18.2,20.0,1st quarter,10:54.0,Othella Harrington,VAN,False,2-pointer,16,0-2,'DAL',trails
2,2,2,200101250DAL,46.6,12.0,1st quarter,10:18.0,Shareef Abdur-Rahim,VAN,False,3-pointer,24,0-4,'DAL',trails
3,3,3,200101250DAL,24.0,5.0,1st quarter,9:55.0,Michael Dickerson,VAN,True,2-pointer,0,2-4,'DAL',trails
4,4,4,200101250DAL,30.8,13.2,1st quarter,9:25.0,Mike Bibby,VAN,True,2-pointer,11,4-4,'DAL',tied
5,5,5,200101250DAL,25.1,23.8,1st quarter,8:53.0,Bryant Reeves,VAN,False,2-pointer,19,4-6,'DAL',trails
6,6,6,200101250DAL,30.8,6.5,1st quarter,8:26.0,Bryant Reeves,VAN,True,2-pointer,7,6-8,'DAL',trails
7,7,7,200101250DAL,17.5,25.7,1st quarter,7:39.0,Shareef Abdur-Rahim,VAN,False,2-pointer,22,6-10,'DAL',trails
8,8,8,200101250DAL,21.7,22.1,1st quarter,7:01.0,Mike Bibby,VAN,True,2-pointer,17,8-12,'DAL',trails
9,9,9,200101250DAL,24.0,5.0,1st quarter,6:38.0,Shareef Abdur-Rahim,VAN,True,2-pointer,0,10-14,'DAL',trails
10,10,10,200101250DAL,24.0,5.0,1st quarter,6:05.0,Mike Bibby,VAN,False,2-pointer,0,10-14,'DAL',trails
11,11,11,200101250DAL,34.0,6.5,1st quarter,5:04.0,Othella Harrington,VAN,True,2-pointer,10,14-18,'DAL',trails
12,12,12,200101250DAL,40.1,21.0,1st quarter,4:43.0,Michael Dickerson,VAN,True,2-pointer,23,16-18,'DAL',trails
13,13,13,200101250DAL,35.0,11.6,1st quarter,4:08.0,Michael Dickerson,VAN,False,2-pointer,13,16-20,'DAL',trails
14,14,14,200101250DAL,24.0,5.0,1st quarter,4:03.0,Bryant Reeves,VAN,True,2-pointer,0,18-20,'DAL',trails
15,15,15,200101250DAL,27.9,6.9,1st quarter,3:04.0,Othella Harrington,VAN,True,2-pointer,4,21-23,'DAL',trails
16,16,16,200101250DAL,12.5,26.7,1st quarter,2:39.0,Shareef Abdur-Rahim,VAN,False,3-pointer,25,21-23,'DAL',trails
17,17,17,200101250DAL,1.7,16.6,1st quarter,1:44.0,Michael Dickerson,VAN,False,3-pointer,25,21-28,'DAL',trails
18,18,18,200101250DAL,7.4,12.6,1st quarter,1:10.0,Mike Bibby,VAN,False,2-pointer,18,21-28,'DAL',trails
19,19,19,200101250DAL,3.8,20.0,1st quarter,0:28.5,Damon Jones,VAN,False,3-pointer,25,21-32,'DAL',trails
20,20,20,200101250DAL,24.3,6.9,2nd quarter,11:18.0,Othella Harrington,VAN,True,2-pointer,2,25-34,'DAL',trails
21,21,21,200101250DAL,36.9,8.0,2nd quarter,10:50.0,Damon Jones,VAN,False,2-pointer,13,25-34,'DAL',trails
22,22,22,200101250DAL,17.5,9.2,2nd quarter,10:32.0,Shareef Abdur-Rahim,VAN,False,2-pointer,8,25-34,'DAL',trails
23,23,23,200101250DAL,24.0,5.0,2nd quarter,10:30.0,Othella Harrington,VAN,False,2-pointer,0,25-34,'DAL',trails
24,24,24,200101250DAL,26.4,6.5,2nd quarter,10:14.0,Othella Harrington,VAN,False,2-pointer,3,25-34,'DAL',trails
25,25,25,200101250DAL,6.8,22.1,2nd quarter,9:36.0,Mike Bibby,VAN,False,3-pointer,24,25-36,'DAL',trails
26,26,26,200101250DAL,24.0,5.0,2nd quarter,7:46.0,Bryant Reeves,VAN,True,2-pointer,0,27-43,'DAL',trails
27,27,27,200101250DAL,1.7,5.0,2nd quarter,7:40.0,Damon Jones,VAN,False,3-pointer,22,27-43,'DAL',trails
28,28,28,200101250DAL,37.2,6.5,2nd quarter,6:30.0,Shareef Abdur-Rahim,VAN,False,2-pointer,13,28-48,'DAL',trails
29,29,29,200101250DAL,24.3,25.0,2nd quarter,5:48.0,Grant Long,VAN,False,2-pointer,20,28-50,'DAL',trails
30,30,30,200101250DAL,37.2,26.1,2nd quarter,5:09.0,Mike Bibby,VAN,True,3-pointer,25,31-53,'DAL',trails
31,31,31,200101250DAL,5.3,17.0,2nd quarter,4:37.0,Mahmoud Abdul-Rauf,VAN,False,2-pointer,22,31-56,'DAL',trails
32,32,32,200101250DAL,43.1,6.5,2nd quarter,4:10.0,Mahmoud Abdul-Rauf,VAN,True,2-pointer,19,33-56,'DAL',trails
33,33,33,200101250DAL,8.3,15.6,2nd quarter,3:17.0,Michael Dickerson,VAN,True,2-pointer,19,37-59,'DAL',trails
34,34,34,200101250DAL,35.9,23.8,2nd quarter,2:46.0,Mike Bibby,VAN,True,2-pointer,22,39-61,'DAL',trails
35,35,35,200101250DAL,17.5,24.4,2nd quarter,2:19.0,Grant Long,VAN,False,2-pointer,20,39-63,'DAL',trails
36,36,36,200101250DAL,32.3,26.1,2nd quarter,1:20.0,Shareef Abdur-Rahim,VAN,True,2-pointer,23,43-67,'DAL',trails
37,37,37,200101250DAL,11.6,5.0,2nd quarter,0:49.3,Stromile Swift,VAN,False,2-pointer,12,43-67,'DAL',trails
38,38,38,200101250DAL,11.0,21.7,2nd quarter,0:07.6,Stromile Swift,VAN,False,2-pointer,21,43-69,'DAL',trails
39,39,39,200101250DAL,44.5,6.9,3rd quarter,11:48.0,Michael Dickerson,VAN,False,2-pointer,21,43-71,'DAL',trails
40,40,40,200101250DAL,10.4,25.7,3rd quarter,11:43.0,Mike Bibby,VAN,False,3-pointer,25,43-71,'DAL',trails
41,41,41,200101250DAL,24.0,5.0,3rd quarter,11:40.0,Shareef Abdur-Rahim,VAN,False,2-pointer,0,43-71,'DAL',trails
42,42,42,200101250DAL,46.6,8.6,3rd quarter,9:57.0,Michael Dickerson,VAN,True,3-pointer,23,50-73,'DAL',trails
43,43,43,200101250DAL,10.4,20.0,3rd quarter,7:56.0,Shareef Abdur-Rahim,VAN,False,2-pointer,20,52-77,'DAL',trails
44,44,44,200101250DAL,29.8,8.0,3rd quarter,7:51.0,Michael Dickerson,VAN,False,2-pointer,7,52-77,'DAL',trails
45,45,45,200101250DAL,35.0,5.9,3rd quarter,7:00.0,Mike Bibby,VAN,False,2-pointer,11,52-81,'DAL',trails
46,46,46,200101250DAL,18.2,9.2,3rd quarter,6:05.0,Shareef Abdur-Rahim,VAN,False,2-pointer,7,54-83,'DAL',trails
47,47,47,200101250DAL,23.9,29.5,3rd quarter,5:27.0,Michael Dickerson,VAN,False,3-pointer,25,56-83,'DAL',trails
48,48,48,200101250DAL,37.2,20.6,3rd quarter,5:04.0,Damon Jones,VAN,False,2-pointer,20,56-85,'DAL',trails
49,49,49,200101250DAL,12.5,5.0,3rd quarter,3:40.0,Bryant Reeves,VAN,False,2-pointer,12,58-91,'DAL',trails
50,50,50,200101250DAL,40.7,23.4,3rd quarter,3:12.0,Mike Bibby,VAN,False,3-pointer,25,58-91,'DAL',trails
51,51,51,200101250DAL,24.3,10.9,3rd quarter,2:53.0,Michael Dickerson,VAN,False,2-pointer,6,58-93,'DAL',trails
52,52,52,200101250DAL,27.9,8.6,3rd quarter,2:48.0,Bryant Reeves,VAN,False,2-pointer,5,58-93,'DAL',trails
53,53,53,200101250DAL,47.3,5.4,3rd quarter,2:44.0,Michael Dickerson,VAN,False,3-pointer,23,58-93,'DAL',trails
54,54,54,200101250DAL,40.7,5.4,3rd quarter,2:39.0,Stromile Swift,VAN,True,2-pointer,17,60-93,'DAL',trails
55,55,55,200101250DAL,32.9,7.6,3rd quarter,1:02.0,Bryant Reeves,VAN,True,2-pointer,9,62-95,'DAL',trails
56,56,56,200101250DAL,16.9,6.9,4th quarter,11:23.0,Stromile Swift,VAN,False,2-pointer,7,64-99,'DAL',trails
57,57,57,200101250DAL,35.9,21.7,4th quarter,10:26.0,Mahmoud Abdul-Rauf,VAN,True,2-pointer,21,66-101,'DAL',trails
58,58,58,200101250DAL,16.9,10.9,4th quarter,9:57.0,Tony Massenburg,VAN,False,2-pointer,9,66-101,'DAL',trails
59,59,59,200101250DAL,24.0,5.0,4th quarter,8:56.0,Stromile Swift,VAN,True,2-pointer,0,68-101,'DAL',trails
60,60,60,200101250DAL,24.0,5.0,4th quarter,7:52.0,Tony Massenburg,VAN,True,2-pointer,0,70-103,'DAL',trails
61,61,61,200101250DAL,39.3,19.4,4th quarter,7:28.0,Mahmoud Abdul-Rauf,VAN,False,2-pointer,21,70-103,'DAL',trails
62,62,62,200101250DAL,40.7,6.5,4th quarter,7:02.0,Mahmoud Abdul-Rauf,VAN,False,2-pointer,17,70-106,'DAL',trails
63,63,63,200101250DAL,31.7,16.0,4th quarter,6:22.0,Mahmoud Abdul-Rauf,VAN,True,2-pointer,13,72-106,'DAL',trails
64,64,64,200101250DAL,35.9,21.7,4th quarter,5:37.0,Brent Price,VAN,True,2-pointer,21,74-106,'DAL',trails
65,65,65,200101250DAL,25.1,27.8,4th quarter,5:03.0,Grant Long,VAN,False,2-pointer,23,74-108,'DAL',trails
66,66,66,200101250DAL,40.1,6.9,4th quarter,3:59.0,Grant Long,VAN,False,2-pointer,16,74-112,'DAL',trails
67,67,67,200101250DAL,32.3,25.7,4th quarter,3:36.0,Mahmoud Abdul-Rauf,VAN,True,2-pointer,22,76-114,'DAL',trails
68,68,68,200101250DAL,36.5,25.7,4th quarter,2:58.0,Brent Price,VAN,False,3-pointer,24,76-116,'DAL',trails
69,69,69,200101250DAL,24.0,5.0,4th quarter,2:47.0,Brent Price,VAN,False,2-pointer,0,76-116,'DAL',trails
70,70,70,200101250DAL,40.7,8.6,4th quarter,1:44.0,Mahmoud Abdul-Rauf,VAN,True,2-pointer,17,79-116,'DAL',trails
71,71,71,200101250DAL,19.0,8.0,4th quarter,1:04.0,Tony Massenburg,VAN,False,2-pointer,6,79-118,'DAL',trails
72,72,72,200101250DAL,24.0,5.0,4th quarter,0:40.5,Stromile Swift,VAN,True,2-pointer,0,81-118,'DAL',trails
73,73,73,200101250DAL,24.0,5.0,4th quarter,0:12.7,Mahmoud Abdul-Rauf,VAN,True,2-pointer,0,83-120,'DAL',trails
74,74,74,200101250DAL,34.4,10.9,1st quarter,11:45.0,Dirk Nowitzki,DAL,False,2-pointer,12,0-0,'DAL',tied
75,75,75,200101250DAL,24.0,5.0,1st quarter,11:14.0,Michael Finley,DAL,True,2-pointer,0,2-0,'DAL',leads
76,76,76,200101250DAL,24.0,5.0,1st quarter,10:42.0,Steve Nash,DAL,True,2-pointer,0,4-0,'DAL',leads
77,77,77,200101250DAL,46.6,5.0,1st quarter,9:32.0,Steve Nash,DAL,False,3-pointer,23,4-2,'DAL',leads
78,78,78,200101250DAL,24.0,5.0,1st quarter,9:07.0,Michael Finley,DAL,True,2-pointer,0,6-4,'DAL',leads
79,79,79,200101250DAL,27.9,8.0,1st quarter,8:15.0,Howard Eisley,DAL,False,2-pointer,5,8-6,'DAL',leads
80,80,80,200101250DAL,35.0,9.2,1st quarter,8:02.0,Christian Laettner,DAL,True,2-pointer,12,10-6,'DAL',leads
81,81,81,200101250DAL,40.1,5.9,1st quarter,7:21.0,Christian Laettner,DAL,True,2-pointer,16,12-6,'DAL',leads
82,82,82,200101250DAL,24.0,5.0,1st quarter,6:45.0,Michael Finley,DAL,True,2-pointer,0,14-8,'DAL',leads
83,83,83,200101250DAL,24.0,5.0,1st quarter,5:59.0,Steve Nash,DAL,True,2-pointer,0,16-10,'DAL',leads
84,84,84,200101250DAL,18.2,9.9,1st quarter,5:28.0,Steve Nash,DAL,True,2-pointer,8,18-12,'DAL',leads
85,85,85,200101250DAL,24.0,5.0,1st quarter,4:51.0,Steve Nash,DAL,False,2-pointer,0,18-14,'DAL',leads
86,86,86,200101250DAL,24.0,5.0,1st quarter,4:29.0,Michael Finley,DAL,True,2-pointer,0,20-16,'DAL',leads
87,87,87,200101250DAL,23.9,17.0,1st quarter,3:45.0,Michael Finley,DAL,False,2-pointer,12,20-18,'DAL',leads
88,88,88,200101250DAL,38.6,25.7,1st quarter,3:25.0,Howard Eisley,DAL,True,3-pointer,25,23-19,'DAL',leads
89,89,89,200101250DAL,11.0,26.1,1st quarter,2:56.0,Dirk Nowitzki,DAL,False,3-pointer,25,23-21,'DAL',leads
90,90,90,200101250DAL,28.7,22.7,1st quarter,2:20.0,Christian Laettner,DAL,True,2-pointer,18,25-21,'DAL',leads
91,91,91,200101250DAL,19.6,8.0,1st quarter,1:58.0,Dirk Nowitzki,DAL,True,2-pointer,5,27-21,'DAL',leads
92,92,92,200101250DAL,19.0,16.0,1st quarter,1:01.0,Steve Nash,DAL,False,2-pointer,12,28-21,'DAL',leads
93,93,93,200101250DAL,38.0,6.5,1st quarter,0:57.7,Christian Laettner,DAL,True,2-pointer,14,30-21,'DAL',leads
94,94,94,200101250DAL,31.7,10.5,1st quarter,0:38.8,Gary Trent,DAL,True,2-pointer,9,32-21,'DAL',leads
95,95,95,200101250DAL,15.4,5.0,1st quarter,0:00.9,Gary Trent,DAL,False,2-pointer,9,32-23,'DAL',leads
96,96,96,200101250DAL,29.6,11.6,2nd quarter,11:32.0,Michael Finley,DAL,False,2-pointer,9,32-23,'DAL',leads
97,97,97,200101250DAL,24.0,5.0,2nd quarter,11:29.0,Gary Trent,DAL,True,2-pointer,0,34-23,'DAL',leads
98,98,98,200101250DAL,27.2,21.7,2nd quarter,11:04.0,Shawn Bradley,DAL,False,2-pointer,17,34-25,'DAL',leads
99,99,99,200101250DAL,24.0,5.0,2nd quarter,9:58.0,Shawn Bradley,DAL,True,2-pointer,0,36-25,'DAL',leads
100,100,100,200101250DAL,30.2,25.7,2nd quarter,9:25.0,Hubert Davis,DAL,True,2-pointer,22,38-25,'DAL',leads
101,101,101,200101250DAL,27.9,8.0,2nd quarter,8:37.0,Gary Trent,DAL,True,2-pointer,5,40-25,'DAL',leads
102,102,102,200101250DAL,10.4,25.0,2nd quarter,8:04.0,Hubert Davis,DAL,True,3-pointer,24,43-25,'DAL',leads
103,103,103,200101250DAL,38.4,24.6,2nd quarter,7:29.0,Hubert Davis,DAL,True,3-pointer,24,46-27,'DAL',leads
104,104,104,200101250DAL,30.8,18.3,2nd quarter,6:48.0,Hubert Davis,DAL,True,2-pointer,15,48-28,'DAL',leads
105,105,105,200101250DAL,24.0,5.0,2nd quarter,6:15.0,Steve Nash,DAL,True,2-pointer,0,50-28,'DAL',leads
106,106,106,200101250DAL,46.6,6.5,2nd quarter,5:25.0,Hubert Davis,DAL,True,3-pointer,23,53-28,'DAL',leads
107,107,107,200101250DAL,9.5,24.4,2nd quarter,4:52.0,Dirk Nowitzki,DAL,True,3-pointer,24,56-31,'DAL',leads
108,108,108,200101250DAL,24.0,5.0,2nd quarter,4:26.0,Dirk Nowitzki,DAL,False,2-pointer,0,56-31,'DAL',leads
109,109,109,200101250DAL,8.3,23.8,2nd quarter,4:20.0,Dirk Nowitzki,DAL,False,3-pointer,24,56-31,'DAL',leads
110,110,110,200101250DAL,24.0,5.0,2nd quarter,4:03.0,Dirk Nowitzki,DAL,True,2-pointer,0,58-33,'DAL',leads
111,111,111,200101250DAL,24.0,5.0,2nd quarter,3:27.0,Greg Buckner,DAL,False,2-pointer,0,59-35,'DAL',leads
112,112,112,200101250DAL,24.0,5.0,2nd quarter,3:03.0,Steve Nash,DAL,True,2-pointer,0,61-37,'DAL',leads
113,113,113,200101250DAL,24.0,5.0,2nd quarter,2:30.0,Dirk Nowitzki,DAL,True,2-pointer,0,63-39,'DAL',leads
114,114,114,200101250DAL,28.7,11.6,2nd quarter,2:11.0,Michael Finley,DAL,False,2-pointer,8,63-39,'DAL',leads
115,115,115,200101250DAL,11.6,18.7,2nd quarter,2:04.0,Dirk Nowitzki,DAL,True,2-pointer,18,65-39,'DAL',leads
116,116,116,200101250DAL,24.0,5.0,2nd quarter,1:32.0,Michael Finley,DAL,True,2-pointer,0,67-41,'DAL',leads
117,117,117,200101250DAL,22.4,16.0,2nd quarter,0:56.9,Michael Finley,DAL,False,2-pointer,11,67-43,'DAL',leads
118,118,118,200101250DAL,24.0,5.0,2nd quarter,0:01.1,Michael Finley,DAL,True,2-pointer,0,71-43,'DAL',leads
119,119,119,200101250DAL,5.3,21.0,3rd quarter,11:14.0,Howard Eisley,DAL,False,3-pointer,25,71-45,'DAL',leads
120,120,120,200101250DAL,40.7,22.7,3rd quarter,10:38.0,Dirk Nowitzki,DAL,False,3-pointer,24,71-47,'DAL',leads
121,121,121,200101250DAL,24.0,5.0,3rd quarter,10:11.0,Dirk Nowitzki,DAL,True,2-pointer,0,73-47,'DAL',leads
122,122,122,200101250DAL,24.0,5.0,3rd quarter,9:47.0,Steve Nash,DAL,True,2-pointer,0,75-50,'DAL',leads
123,123,123,200101250DAL,8.3,6.5,3rd quarter,9:07.0,Michael Finley,DAL,False,2-pointer,16,75-52,'DAL',leads
124,124,124,200101250DAL,24.0,5.0,3rd quarter,8:41.0,Howard Eisley,DAL,False,2-pointer,0,75-52,'DAL',leads
125,125,125,200101250DAL,24.0,5.0,3rd quarter,8:24.0,Michael Finley,DAL,True,2-pointer,0,77-52,'DAL',leads
126,126,126,200101250DAL,12.5,6.9,3rd quarter,7:43.0,Steve Nash,DAL,True,2-pointer,12,79-52,'DAL',leads
127,127,127,200101250DAL,24.0,5.0,3rd quarter,7:15.0,Steve Nash,DAL,True,2-pointer,0,81-52,'DAL',leads
128,128,128,200101250DAL,30.2,5.9,3rd quarter,6:50.0,Greg Buckner,DAL,False,2-pointer,6,81-52,'DAL',leads
129,129,129,200101250DAL,35.9,19.4,3rd quarter,6:45.0,Gary Trent,DAL,True,2-pointer,19,83-52,'DAL',leads
130,130,130,200101250DAL,38.6,8.6,3rd quarter,5:39.0,Greg Buckner,DAL,False,2-pointer,15,83-56,'DAL',leads
131,131,131,200101250DAL,24.0,5.0,3rd quarter,5:22.0,Gary Trent,DAL,False,2-pointer,0,83-56,'DAL',leads
132,132,132,200101250DAL,24.0,5.0,3rd quarter,5:20.0,Gary Trent,DAL,True,2-pointer,0,85-56,'DAL',leads
133,133,133,200101250DAL,24.0,5.0,3rd quarter,4:35.0,Greg Buckner,DAL,False,2-pointer,0,87-56,'DAL',leads
134,134,134,200101250DAL,26.4,10.9,3rd quarter,4:23.0,Shawn Bradley,DAL,False,2-pointer,6,87-56,'DAL',leads
135,135,135,200101250DAL,24.0,5.0,3rd quarter,4:20.0,Michael Finley,DAL,True,2-pointer,0,89-56,'DAL',leads
136,136,136,200101250DAL,19.6,5.9,3rd quarter,3:20.0,Gary Trent,DAL,False,2-pointer,4,91-58,'DAL',leads
137,137,137,200101250DAL,24.0,5.0,3rd quarter,3:08.0,Michael Finley,DAL,True,2-pointer,0,93-58,'DAL',leads
138,138,138,200101250DAL,21.7,10.9,3rd quarter,1:33.0,Steve Nash,DAL,False,2-pointer,6,95-60,'DAL',leads
139,139,139,200101250DAL,46.6,6.5,3rd quarter,1:28.0,Hubert Davis,DAL,False,3-pointer,23,95-60,'DAL',leads
140,140,140,200101250DAL,32.9,10.9,3rd quarter,1:14.0,Gary Trent,DAL,False,2-pointer,11,95-60,'DAL',leads
141,141,141,200101250DAL,36.5,5.4,3rd quarter,0:40.0,Mark Bryant,DAL,False,2-pointer,13,95-62,'DAL',leads
142,142,142,200101250DAL,30.8,5.4,4th quarter,11:42.0,Dirk Nowitzki,DAL,False,2-pointer,7,99-64,'DAL',leads
143,143,143,200101250DAL,6.8,5.0,4th quarter,11:04.0,Courtney Alexander,DAL,False,2-pointer,17,99-64,'DAL',leads
144,144,144,200101250DAL,23.9,12.0,4th quarter,10:06.0,Mark Bryant,DAL,False,2-pointer,7,101-66,'DAL',leads
145,145,145,200101250DAL,21.7,21.7,4th quarter,9:42.0,Hubert Davis,DAL,False,2-pointer,17,101-66,'DAL',leads
146,146,146,200101250DAL,19.6,21.7,4th quarter,9:20.0,Loy Vaught,DAL,False,2-pointer,17,101-66,'DAL',leads
147,147,147,200101250DAL,30.8,9.2,4th quarter,8:00.0,Mark Bryant,DAL,False,2-pointer,8,103-68,'DAL',leads
148,148,148,200101250DAL,25.1,12.6,4th quarter,7:39.0,Hubert Davis,DAL,False,2-pointer,8,103-70,'DAL',leads
149,149,149,200101250DAL,24.0,5.0,4th quarter,7:19.0,Courtney Alexander,DAL,True,2-pointer,0,105-70,'DAL',leads
150,150,150,200101250DAL,16.9,17.7,4th quarter,6:37.0,Courtney Alexander,DAL,False,2-pointer,15,106-70,'DAL',leads
151,151,151,200101250DAL,8.3,16.6,4th quarter,6:03.0,Howard Eisley,DAL,False,2-pointer,20,106-72,'DAL',leads
152,152,152,200101250DAL,4.7,5.9,4th quarter,5:21.0,Courtney Alexander,DAL,True,2-pointer,19,108-74,'DAL',leads
153,153,153,200101250DAL,37.2,18.7,4th quarter,4:56.0,Loy Vaught,DAL,False,2-pointer,19,108-74,'DAL',leads
154,154,154,200101250DAL,25.6,21.9,4th quarter,4:51.0,Hubert Davis,DAL,True,2-pointer,17,110-74,'DAL',leads
155,155,155,200101250DAL,9.5,16.6,4th quarter,4:15.0,Courtney Alexander,DAL,True,2-pointer,19,112-74,'DAL',leads
156,156,156,200101250DAL,24.3,18.7,4th quarter,3:48.0,Hubert Davis,DAL,True,2-pointer,14,114-74,'DAL',leads
157,157,157,200101250DAL,7.4,8.0,4th quarter,3:13.0,Courtney Alexander,DAL,False,2-pointer,17,114-76,'DAL',leads
158,158,158,200101250DAL,24.0,5.0,4th quarter,3:05.0,Hubert Davis,DAL,True,2-pointer,0,116-76,'DAL',leads
159,159,159,200101250DAL,4.7,20.0,4th quarter,2:40.0,Hubert Davis,DAL,False,3-pointer,24,116-76,'DAL',leads
160,160,160,200101250DAL,23.9,12.6,4th quarter,0:44.2,Mark Bryant,DAL,False,2-pointer,8,118-79,'DAL',leads
161,161,161,200101250DAL,24.3,9.9,4th quarter,0:25.5,Loy Vaught,DAL,True,2-pointer,5,120-81,'DAL',leads
162,162,162,200101250IND,42.4,4.6,1st quarter,11:21.0,Rasheed Wallace,POR,True,2-pointer,18,2-0,'POR',leads
163,163,163,200101250IND,32.9,20.2,1st quarter,10:53.0,Damon Stoudamire,POR,True,2-pointer,18,4-0,'POR',leads
164,164,164,200101250IND,19.8,7.1,1st quarter,10:10.0,Damon Stoudamire,POR,False,2-pointer,5,4-0,'POR',leads
165,165,165,200101250IND,24.9,6.5,1st quarter,10:09.0,Dale Davis,POR,True,2-pointer,2,6-0,'POR',leads
166,166,166,200101250IND,41.8,5.4,1st quarter,9:44.0,Damon Stoudamire,POR,True,2-pointer,18,8-0,'POR',leads
167,167,167,200101250IND,15.4,5.4,1st quarter,9:10.0,Rasheed Wallace,POR,False,2-pointer,9,8-0,'POR',leads
168,168,168,200101250IND,27.7,24.2,1st quarter,8:44.0,Stacey Augmon,POR,True,2-pointer,20,10-2,'POR',leads
169,169,169,200101250IND,8.7,6.5,1st quarter,8:04.0,Rasheed Wallace,POR,True,2-pointer,15,12-5,'POR',leads
170,170,170,200101250IND,33.6,9.5,1st quarter,7:21.0,Dale Davis,POR,True,2-pointer,11,14-7,'POR',leads
171,171,171,200101250IND,23.6,29.9,1st quarter,6:42.0,Damon Stoudamire,POR,False,3-pointer,25,14-9,'POR',leads
172,172,172,200101250IND,18.4,20.2,1st quarter,5:32.0,Rasheed Wallace,POR,True,2-pointer,16,16-9,'POR',leads
173,173,173,200101250IND,42.4,9.0,1st quarter,4:52.0,Bonzi Wells,POR,True,2-pointer,19,18-9,'POR',leads
174,174,174,200101250IND,38.8,24.8,1st quarter,4:09.0,Damon Stoudamire,POR,True,3-pointer,25,21-9,'POR',leads
175,175,175,200101250IND,-0.2,4.6,1st quarter,3:04.0,Steve Smith,POR,False,3-pointer,24,21-11,'POR',leads
176,176,176,200101250IND,25.6,6.5,1st quarter,2:39.0,Dale Davis,POR,True,2-pointer,2,23-11,'POR',leads
177,177,177,200101250IND,24.9,14.1,1st quarter,2:01.0,Steve Smith,POR,False,2-pointer,9,23-14,'POR',leads
178,178,178,200101250IND,22.8,9.5,1st quarter,1:59.0,Steve Smith,POR,False,2-pointer,5,23-14,'POR',leads
179,179,179,200101250IND,24.9,22.5,1st quarter,1:52.0,Damon Stoudamire,POR,True,2-pointer,18,25-14,'POR',leads
180,180,180,200101250IND,36.5,18.5,1st quarter,1:18.0,Stacey Augmon,POR,False,2-pointer,18,25-16,'POR',leads
181,181,181,200101250IND,22.8,10.7,1st quarter,0:47.5,Rasheed Wallace,POR,True,2-pointer,6,27-18,'POR',leads
182,182,182,200101250IND,23.6,30.5,1st quarter,0:05.9,Damon Stoudamire,POR,False,3-pointer,26,27-18,'POR',leads
183,183,183,200101250IND,30.0,13.5,2nd quarter,11:37.0,Rasheed Wallace,POR,True,2-pointer,10,29-19,'POR',leads
184,184,184,200101250IND,24.9,6.5,2nd quarter,11:14.0,Shawn Kemp,POR,True,2-pointer,2,31-19,'POR',leads
185,185,185,200101250IND,4.3,3.9,2nd quarter,9:51.0,Greg Anthony,POR,True,2-pointer,20,35-19,'POR',leads
186,186,186,200101250IND,24.1,26.5,2nd quarter,9:23.0,Shawn Kemp,POR,False,2-pointer,22,35-19,'POR',leads
187,187,187,200101250IND,24.1,6.1,2nd quarter,9:19.0,Dale Davis,POR,False,2-pointer,1,35-19,'POR',leads
188,188,188,200101250IND,22.2,29.9,2nd quarter,8:55.0,Greg Anthony,POR,False,3-pointer,25,35-21,'POR',leads
189,189,189,200101250IND,22.8,7.1,2nd quarter,8:28.0,Dale Davis,POR,True,2-pointer,2,37-21,'POR',leads
190,190,190,200101250IND,46.2,17.5,2nd quarter,8:07.0,Greg Anthony,POR,False,3-pointer,25,37-21,'POR',leads
191,191,191,200101250IND,43.3,5.4,2nd quarter,6:56.0,Steve Smith,POR,True,2-pointer,19,39-23,'POR',leads
192,192,192,200101250IND,27.0,8.4,2nd quarter,6:34.0,Steve Smith,POR,False,2-pointer,5,39-23,'POR',leads
193,193,193,200101250IND,8.7,20.8,2nd quarter,6:28.0,Shawn Kemp,POR,False,2-pointer,22,39-23,'POR',leads
194,194,194,200101250IND,23.6,10.1,2nd quarter,5:51.0,Steve Smith,POR,True,2-pointer,5,41-25,'POR',leads
195,195,195,200101250IND,43.9,5.4,2nd quarter,5:14.0,Shawn Kemp,POR,False,2-pointer,20,41-25,'POR',leads
196,196,196,200101250IND,25.6,6.1,2nd quarter,5:05.0,Steve Smith,POR,True,2-pointer,2,43-25,'POR',leads
197,197,197,200101250IND,24.9,18.5,2nd quarter,2:44.0,Stacey Augmon,POR,True,2-pointer,14,45-29,'POR',leads
198,198,198,200101250IND,18.4,30.5,2nd quarter,2:02.0,Rasheed Wallace,POR,False,3-pointer,26,45-31,'POR',leads
199,199,199,200101250IND,39.5,12.2,2nd quarter,1:28.0,Stacey Augmon,POR,False,2-pointer,17,45-33,'POR',leads
200,200,200,200101250IND,15.4,6.1,3rd quarter,11:37.0,Rasheed Wallace,POR,True,2-pointer,9,49-33,'POR',leads
201,201,201,200101250IND,18.4,11.1,3rd quarter,10:53.0,Rasheed Wallace,POR,False,2-pointer,8,49-35,'POR',leads
202,202,202,200101250IND,22.2,5.4,3rd quarter,10:21.0,Dale Davis,POR,True,2-pointer,2,51-37,'POR',leads
203,203,203,200101250IND,6.4,9.0,3rd quarter,9:36.0,Bonzi Wells,POR,False,2-pointer,18,51-40,'POR',leads
204,204,204,200101250IND,42.4,5.0,3rd quarter,8:40.0,Rasheed Wallace,POR,False,2-pointer,18,51-40,'POR',leads
205,205,205,200101250IND,23.6,11.1,3rd quarter,8:05.0,Rasheed Wallace,POR,False,2-pointer,6,51-43,'POR',leads
206,206,206,200101250IND,22.8,7.1,3rd quarter,7:37.0,Rasheed Wallace,POR,False,2-pointer,2,51-43,'POR',leads
207,207,207,200101250IND,23.6,8.4,3rd quarter,7:16.0,Bonzi Wells,POR,False,2-pointer,3,51-43,'POR',leads
208,208,208,200101250IND,13.9,20.2,3rd quarter,6:41.0,Damon Stoudamire,POR,True,2-pointer,18,53-45,'POR',leads
209,209,209,200101250IND,27.7,11.8,3rd quarter,5:25.0,Steve Smith,POR,True,2-pointer,8,55-45,'POR',leads
210,210,210,200101250IND,43.9,18.5,3rd quarter,4:49.0,Damon Stoudamire,POR,False,3-pointer,24,55-47,'POR',leads
211,211,211,200101250IND,10.8,23.6,3rd quarter,4:17.0,Shawn Kemp,POR,False,2-pointer,23,55-50,'POR',leads
212,212,212,200101250IND,29.1,17.5,3rd quarter,4:05.0,Dale Davis,POR,True,2-pointer,14,57-50,'POR',leads
213,213,213,200101250IND,-0.2,8.4,3rd quarter,3:47.0,Steve Smith,POR,False,3-pointer,24,57-50,'POR',leads
214,214,214,200101250IND,22.2,8.4,3rd quarter,3:42.0,Stacey Augmon,POR,False,2-pointer,4,57-50,'POR',leads
215,215,215,200101250IND,24.1,27.6,3rd quarter,2:41.0,Rasheed Wallace,POR,True,2-pointer,23,59-54,'POR',leads
216,216,216,200101250IND,12.3,5.4,3rd quarter,2:00.0,Rasheed Wallace,POR,False,2-pointer,12,59-54,'POR',leads
217,217,217,200101250IND,35.0,17.9,3rd quarter,1:24.0,Damon Stoudamire,POR,False,2-pointer,17,59-54,'POR',leads
218,218,218,200101250IND,16.1,5.4,3rd quarter,0:30.9,Rasheed Wallace,POR,False,2-pointer,8,59-54,'POR',leads
219,219,219,200101250IND,5.7,25.5,3rd quarter,0:08.9,Rasheed Wallace,POR,False,3-pointer,27,59-54,'POR',leads
220,220,220,200101250IND,23.6,6.1,4th quarter,11:40.0,Steve Smith,POR,True,2-pointer,1,61-56,'POR',leads
221,221,221,200101250IND,15.4,6.1,4th quarter,10:56.0,Shawn Kemp,POR,False,2-pointer,9,62-56,'POR',leads
222,222,222,200101250IND,18.4,7.1,4th quarter,10:27.0,Rasheed Wallace,POR,True,2-pointer,6,64-56,'POR',leads
223,223,223,200101250IND,37.4,21.5,4th quarter,10:00.0,Shawn Kemp,POR,False,2-pointer,21,65-58,'POR',leads
224,224,224,200101250IND,17.5,21.5,4th quarter,9:30.0,Steve Smith,POR,True,2-pointer,18,67-59,'POR',leads
225,225,225,200101250IND,22.2,14.1,4th quarter,8:53.0,Steve Smith,POR,True,2-pointer,9,69-59,'POR',leads
226,226,226,200101250IND,18.4,5.4,4th quarter,8:15.0,Rasheed Wallace,POR,False,2-pointer,6,69-60,'POR',leads
227,227,227,200101250IND,25.6,8.4,4th quarter,7:26.0,Shawn Kemp,POR,False,2-pointer,4,69-63,'POR',leads
228,228,228,200101250IND,39.5,10.7,4th quarter,6:57.0,Bonzi Wells,POR,False,2-pointer,17,69-65,'POR',leads
229,229,229,200101250IND,24.1,14.7,4th quarter,6:13.0,Steve Smith,POR,True,2-pointer,10,71-65,'POR',leads
230,230,230,200101250IND,38.0,6.1,4th quarter,5:43.0,Steve Smith,POR,True,2-pointer,14,73-65,'POR',leads
231,231,231,200101250IND,32.1,20.2,4th quarter,5:04.0,Steve Smith,POR,True,2-pointer,17,76-65,'POR',leads
232,232,232,200101250IND,10.2,9.5,4th quarter,4:35.0,Rasheed Wallace,POR,True,2-pointer,15,78-65,'POR',leads
233,233,233,200101250IND,24.1,6.5,4th quarter,4:00.0,Dale Davis,POR,True,2-pointer,2,80-67,'POR',leads
234,234,234,200101250IND,15.4,6.1,4th quarter,3:20.0,Dale Davis,POR,False,2-pointer,9,80-69,'POR',leads
235,235,235,200101250IND,43.3,6.5,4th quarter,3:10.0,Rasheed Wallace,POR,True,2-pointer,19,82-69,'POR',leads
236,236,236,200101250IND,-0.2,11.8,4th quarter,2:28.0,Greg Anthony,POR,False,3-pointer,25,84-71,'POR',leads
237,237,237,200101250IND,24.1,6.1,4th quarter,2:25.0,Steve Smith,POR,False,2-pointer,1,84-71,'POR',leads
238,238,238,200101250IND,38.0,5.4,4th quarter,1:35.0,Damon Stoudamire,POR,False,2-pointer,14,85-75,'POR',leads
239,239,239,200101250IND,38.8,5.4,4th quarter,1:06.0,Rasheed Wallace,POR,False,2-pointer,15,85-77,'POR',leads
240,240,240,200101250IND,33.6,5.4,1st quarter,11:04.0,Jermaine O'Neal,IND,False,2-pointer,10,0-2,'POR',trails
241,241,241,200101250IND,14.6,17.9,1st quarter,10:32.0,Reggie Miller,IND,False,2-pointer,16,0-4,'POR',trails
242,242,242,200101250IND,27.0,9.0,1st quarter,9:49.0,Sam Perkins,IND,False,2-pointer,5,0-6,'POR',trails
243,243,243,200101250IND,22.8,9.5,1st quarter,9:24.0,Jermaine O'Neal,IND,False,2-pointer,5,0-8,'POR',trails
244,244,244,200101250IND,22.2,6.1,1st quarter,9:04.0,Jermaine O'Neal,IND,True,2-pointer,2,2-8,'POR',trails
245,245,245,200101250IND,0.5,12.2,1st quarter,8:27.0,Reggie Miller,IND,True,3-pointer,25,5-10,'POR',trails
246,246,246,200101250IND,21.3,21.5,1st quarter,7:41.0,Jermaine O'Neal,IND,True,2-pointer,17,7-12,'POR',trails
247,247,247,200101250IND,24.1,11.1,1st quarter,7:00.0,Sam Perkins,IND,True,2-pointer,6,9-14,'POR',trails
248,248,248,200101250IND,27.0,29.9,1st quarter,6:32.0,Sam Perkins,IND,False,3-pointer,25,9-14,'POR',trails
249,249,249,200101250IND,1.3,17.5,1st quarter,5:49.0,Derrick McKey,IND,False,3-pointer,26,9-14,'POR',trails
250,250,250,200101250IND,32.1,7.8,1st quarter,5:07.0,Jermaine O'Neal,IND,False,2-pointer,9,9-16,'POR',trails
251,251,251,200101250IND,24.9,6.5,1st quarter,4:28.0,Sam Perkins,IND,False,2-pointer,2,9-18,'POR',trails
252,252,252,200101250IND,45.4,17.9,1st quarter,2:20.0,Reggie Miller,IND,True,3-pointer,25,14-23,'POR',trails
253,253,253,200101250IND,2.8,4.6,1st quarter,1:35.0,Austin Croshere,IND,True,2-pointer,21,16-25,'POR',trails
254,254,254,200101250IND,24.9,11.1,1st quarter,1:11.0,Travis Best,IND,True,2-pointer,6,18-25,'POR',trails
255,255,255,200101250IND,29.1,12.2,1st quarter,0:39.9,Al Harrington,IND,False,2-pointer,9,18-27,'POR',trails
256,256,256,200101250IND,10.8,27.6,2nd quarter,11:18.0,Austin Croshere,IND,False,3-pointer,26,19-29,'POR',trails
257,257,257,200101250IND,26.2,7.8,2nd quarter,10:55.0,Travis Best,IND,False,2-pointer,4,19-32,'POR',trails
258,258,258,200101250IND,42.4,6.1,2nd quarter,9:35.0,Travis Best,IND,False,2-pointer,18,19-35,'POR',trails
259,259,259,200101250IND,30.0,6.1,2nd quarter,8:15.0,Jalen Rose,IND,False,2-pointer,6,21-37,'POR',trails
260,260,260,200101250IND,24.9,8.4,2nd quarter,8:14.0,Jeff Foster,IND,False,2-pointer,4,21-37,'POR',trails
261,261,261,200101250IND,18.4,23.6,2nd quarter,7:44.0,Jermaine O'Neal,IND,True,2-pointer,19,23-37,'POR',trails
262,262,262,200101250IND,22.8,7.8,2nd quarter,7:09.0,Jermaine O'Neal,IND,False,2-pointer,3,23-37,'POR',trails
263,263,263,200101250IND,9.3,4.6,2nd quarter,6:06.0,Reggie Miller,IND,True,2-pointer,15,25-39,'POR',trails
264,264,264,200101250IND,24.9,11.8,2nd quarter,5:38.0,Al Harrington,IND,False,2-pointer,7,25-41,'POR',trails
265,265,265,200101250IND,32.1,6.1,2nd quarter,4:42.0,Travis Best,IND,False,2-pointer,8,25-43,'POR',trails
266,266,266,200101250IND,23.6,9.0,2nd quarter,4:12.0,Travis Best,IND,False,2-pointer,4,25-43,'POR',trails
267,267,267,200101250IND,26.2,8.4,2nd quarter,3:41.0,Jalen Rose,IND,False,2-pointer,4,25-43,'POR',trails
268,268,268,200101250IND,24.1,5.4,2nd quarter,3:39.0,Jeff Foster,IND,True,2-pointer,0,27-43,'POR',trails
269,269,269,200101250IND,24.1,19.4,2nd quarter,3:12.0,Travis Best,IND,True,2-pointer,14,29-43,'POR',trails
270,270,270,200101250IND,18.4,23.1,2nd quarter,2:23.0,Reggie Miller,IND,True,2-pointer,19,31-45,'POR',trails
271,271,271,200101250IND,37.4,7.1,2nd quarter,1:50.0,Jalen Rose,IND,True,2-pointer,14,33-45,'POR',trails
272,272,272,200101250IND,13.9,5.4,2nd quarter,1:04.0,Jalen Rose,IND,False,2-pointer,10,33-46,'POR',trails
273,273,273,200101250IND,38.0,5.4,2nd quarter,0:25.9,Jalen Rose,IND,False,2-pointer,14,33-47,'POR',trails
274,274,274,200101250IND,24.9,5.4,3rd quarter,11:16.0,Austin Croshere,IND,True,2-pointer,1,35-49,'POR',trails
275,275,275,200101250IND,40.3,8.4,3rd quarter,10:03.0,Jalen Rose,IND,False,2-pointer,17,37-51,'POR',trails
276,276,276,200101250IND,24.1,6.1,3rd quarter,10:01.0,Austin Croshere,IND,True,2-pointer,1,39-51,'POR',trails
277,277,277,200101250IND,46.2,14.7,3rd quarter,9:16.0,Jalen Rose,IND,False,3-pointer,24,40-51,'POR',trails
278,278,278,200101250IND,21.3,5.4,3rd quarter,8:31.0,Austin Croshere,IND,False,2-pointer,3,40-51,'POR',trails
279,279,279,200101250IND,22.2,10.1,3rd quarter,8:25.0,Jeff Foster,IND,True,2-pointer,5,42-51,'POR',trails
280,280,280,200101250IND,46.8,13.5,3rd quarter,7:25.0,Reggie Miller,IND,False,3-pointer,24,43-51,'POR',trails
281,281,281,200101250IND,25.6,7.8,3rd quarter,7:07.0,Jalen Rose,IND,False,2-pointer,3,43-51,'POR',trails
282,282,282,200101250IND,24.9,7.1,3rd quarter,7:05.0,Jermaine O'Neal,IND,False,2-pointer,2,43-51,'POR',trails
283,283,283,200101250IND,40.9,5.4,3rd quarter,7:02.0,Reggie Miller,IND,False,2-pointer,17,43-51,'POR',trails
284,284,284,200101250IND,23.6,6.1,3rd quarter,7:00.0,Jermaine O'Neal,IND,True,2-pointer,1,45-51,'POR',trails
285,285,285,200101250IND,30.0,14.1,3rd quarter,6:26.0,Jalen Rose,IND,False,2-pointer,11,45-53,'POR',trails
286,286,286,200101250IND,27.0,7.1,3rd quarter,5:56.0,Jermaine O'Neal,IND,False,2-pointer,4,45-53,'POR',trails
287,287,287,200101250IND,30.6,6.1,3rd quarter,5:49.0,Jalen Rose,IND,False,2-pointer,7,45-53,'POR',trails
288,288,288,200101250IND,43.3,22.5,3rd quarter,5:47.0,Reggie Miller,IND,False,3-pointer,26,45-53,'POR',trails
289,289,289,200101250IND,38.8,20.8,3rd quarter,5:11.0,Austin Croshere,IND,False,2-pointer,22,45-55,'POR',trails
290,290,290,200101250IND,23.6,6.5,3rd quarter,5:07.0,Reggie Miller,IND,True,2-pointer,2,47-55,'POR',trails
291,291,291,200101250IND,4.9,21.5,3rd quarter,4:37.0,Austin Croshere,IND,True,3-pointer,25,50-55,'POR',trails
292,292,292,200101250IND,28.5,7.8,3rd quarter,3:55.0,Jalen Rose,IND,False,2-pointer,5,50-57,'POR',trails
293,293,293,200101250IND,4.9,5.0,3rd quarter,3:28.0,Reggie Miller,IND,False,2-pointer,19,50-57,'POR',trails
294,294,294,200101250IND,24.9,5.4,3rd quarter,3:25.0,Austin Croshere,IND,True,2-pointer,1,52-57,'POR',trails
295,295,295,200101250IND,24.9,6.1,3rd quarter,3:01.0,Reggie Miller,IND,True,2-pointer,1,54-57,'POR',trails
296,296,296,200101250IND,30.0,5.0,3rd quarter,1:40.0,Jermaine O'Neal,IND,False,2-pointer,6,54-59,'POR',trails
297,297,297,200101250IND,32.1,6.5,3rd quarter,1:10.0,Austin Croshere,IND,False,2-pointer,8,54-59,'POR',trails
298,298,298,200101250IND,39.5,6.5,3rd quarter,0:56.9,Austin Croshere,IND,False,2-pointer,16,54-59,'POR',trails
299,299,299,200101250IND,10.2,5.0,3rd quarter,0:47.9,Reggie Miller,IND,False,2-pointer,14,54-59,'POR',trails
300,300,300,200101250IND,37.4,16.2,3rd quarter,0:01.3,Jalen Rose,IND,True,2-pointer,17,56-59,'POR',trails
301,301,301,200101250IND,12.3,27.6,4th quarter,11:15.0,Sam Perkins,IND,False,3-pointer,25,56-62,'POR',trails
302,302,302,200101250IND,13.1,17.5,4th quarter,10:49.0,Jalen Rose,IND,False,2-pointer,17,56-62,'POR',trails
303,303,303,200101250IND,4.3,9.0,4th quarter,10:16.0,Austin Croshere,IND,True,2-pointer,20,58-65,'POR',trails
304,304,304,200101250IND,1.3,7.1,4th quarter,8:34.0,Austin Croshere,IND,False,3-pointer,23,59-69,'POR',trails
305,305,305,200101250IND,42.4,21.9,4th quarter,7:47.0,Reggie Miller,IND,True,3-pointer,25,63-69,'POR',trails
306,306,306,200101250IND,24.1,6.1,4th quarter,7:20.0,Austin Croshere,IND,True,2-pointer,1,65-69,'POR',trails
307,307,307,200101250IND,40.3,6.5,4th quarter,5:49.0,Jermaine O'Neal,IND,False,2-pointer,16,65-71,'POR',trails
308,308,308,200101250IND,40.9,24.8,4th quarter,5:24.0,Reggie Miller,IND,False,3-pointer,26,65-73,'POR',trails
309,309,309,200101250IND,46.8,3.9,4th quarter,5:16.0,Jalen Rose,IND,False,3-pointer,23,65-73,'POR',trails
310,310,310,200101250IND,10.2,6.5,4th quarter,4:45.0,Jermaine O'Neal,IND,False,2-pointer,14,65-76,'POR',trails
311,311,311,200101250IND,24.1,7.8,4th quarter,3:44.0,Jalen Rose,IND,True,2-pointer,3,69-80,'POR',trails
312,312,312,200101250IND,38.8,6.5,4th quarter,2:47.0,Travis Best,IND,True,2-pointer,15,71-84,'POR',trails
313,313,313,200101250IND,21.3,6.5,4th quarter,2:15.0,Austin Croshere,IND,True,2-pointer,3,73-84,'POR',trails
314,314,314,200101250IND,19.8,10.1,4th quarter,1:26.0,Travis Best,IND,True,2-pointer,7,77-85,'POR',trails
315,315,315,200101250IND,34.4,7.8,4th quarter,0:44.9,Travis Best,IND,True,2-pointer,11,80-87,'POR',trails
316,316,316,200101250IND,21.3,6.5,4th quarter,0:21.9,Jalen Rose,IND,False,2-pointer,3,80-89,'POR',trails
317,317,317,200101250IND,24.1,6.1,4th quarter,0:19.6,Austin Croshere,IND,True,2-pointer,1,82-89,'POR',trails
318,318,318,200101250IND,22.2,6.1,4th quarter,0:10.9,Travis Best,IND,False,2-pointer,2,82-91,'POR',trails
319,319,319,200101250IND,23.6,6.5,4th quarter,0:07.9,Al Harrington,IND,False,2-pointer,2,82-91,'POR',trails
320,320,320,200101250MIN,24.0,5.0,1st quarter,11:46.0,Andrew DeClercq,ORL,True,2-pointer,0,2-0,'ORL',leads
321,321,321,200101250MIN,25.6,24.2,1st quarter,11:11.0,Mike Miller,ORL,False,2-pointer,19,2-2,'ORL',tied
322,322,322,200101250MIN,8.3,19.1,1st quarter,10:47.0,Tracy McGrady,ORL,True,2-pointer,21,4-2,'ORL',leads
323,323,323,200101250MIN,33.8,28.8,1st quarter,10:17.0,Mike Miller,ORL,True,3-pointer,26,7-2,'ORL',leads
324,324,324,200101250MIN,18.6,6.1,1st quarter,9:44.0,Tracy McGrady,ORL,False,2-pointer,6,7-2,'ORL',leads
325,325,325,200101250MIN,24.0,5.0,1st quarter,9:42.0,Bo Outlaw,ORL,False,2-pointer,0,7-2,'ORL',leads
326,326,326,200101250MIN,34.6,6.1,1st quarter,8:40.0,Tracy McGrady,ORL,False,2-pointer,11,9-5,'ORL',leads
327,327,327,200101250MIN,24.0,5.0,1st quarter,7:30.0,Andrew DeClercq,ORL,True,2-pointer,0,12-8,'ORL',leads
328,328,328,200101250MIN,23.6,26.1,1st quarter,6:59.0,Mike Miller,ORL,False,2-pointer,21,13-11,'ORL',leads
329,329,329,200101250MIN,23.6,11.1,1st quarter,6:15.0,Tracy McGrady,ORL,False,2-pointer,6,13-11,'ORL',leads
330,330,330,200101250MIN,24.0,5.0,1st quarter,6:13.0,Andrew DeClercq,ORL,True,2-pointer,0,15-11,'ORL',leads
331,331,331,200101250MIN,44.1,9.0,1st quarter,5:48.0,Mike Miller,ORL,False,2-pointer,20,15-11,'ORL',leads
332,332,332,200101250MIN,33.8,27.8,1st quarter,5:42.0,Darrell Armstrong,ORL,True,3-pointer,25,18-11,'ORL',leads
333,333,333,200101250MIN,24.0,5.0,1st quarter,5:21.0,Tracy McGrady,ORL,True,2-pointer,0,20-11,'ORL',leads
334,334,334,200101250MIN,10.4,6.7,1st quarter,4:37.0,Tracy McGrady,ORL,False,2-pointer,14,20-13,'ORL',leads
335,335,335,200101250MIN,16.3,30.1,1st quarter,4:07.0,Mike Miller,ORL,False,3-pointer,26,20-15,'ORL',leads
336,336,336,200101250MIN,10.4,27.2,1st quarter,3:51.0,Darrell Armstrong,ORL,False,3-pointer,26,20-15,'ORL',leads
337,337,337,200101250MIN,29.4,11.8,1st quarter,3:19.0,Darrell Armstrong,ORL,False,2-pointer,9,20-17,'ORL',leads
338,338,338,200101250MIN,19.2,9.0,1st quarter,3:00.0,Tracy McGrady,ORL,False,2-pointer,6,20-20,'ORL',tied
339,339,339,200101250MIN,10.4,26.7,1st quarter,2:36.0,Pat Garrity,ORL,True,3-pointer,26,23-22,'ORL',leads
340,340,340,200101250MIN,24.0,5.0,1st quarter,1:15.0,Monty Williams,ORL,True,2-pointer,0,27-28,'ORL',trails
341,341,341,200101250MIN,18.6,7.8,1st quarter,0:37.8,John Amaechi,ORL,True,2-pointer,6,29-28,'ORL',leads
342,342,342,200101250MIN,12.7,31.2,1st quarter,0:00.3,Monty Williams,ORL,False,3-pointer,29,30-32,'ORL',trails
343,343,343,200101250MIN,24.0,5.0,2nd quarter,11:36.0,Monty Williams,ORL,False,2-pointer,0,30-32,'ORL',trails
344,344,344,200101250MIN,14.2,14.7,2nd quarter,11:10.0,James Robinson,ORL,False,2-pointer,14,30-34,'ORL',trails
345,345,345,200101250MIN,24.0,5.0,2nd quarter,10:41.0,Troy Hudson,ORL,True,2-pointer,0,32-34,'ORL',trails
346,346,346,200101250MIN,30.0,7.8,2nd quarter,10:03.0,Monty Williams,ORL,True,2-pointer,7,34-36,'ORL',trails
347,347,347,200101250MIN,32.9,19.1,2nd quarter,8:23.0,Troy Hudson,ORL,True,2-pointer,17,36-40,'ORL',trails
348,348,348,200101250MIN,28.5,10.5,2nd quarter,7:43.0,Pat Garrity,ORL,False,2-pointer,7,36-40,'ORL',trails
349,349,349,200101250MIN,24.0,5.0,2nd quarter,7:21.0,Bo Outlaw,ORL,False,2-pointer,0,36-40,'ORL',trails
350,350,350,200101250MIN,13.3,8.4,2nd quarter,6:59.0,Pat Garrity,ORL,False,2-pointer,11,36-40,'ORL',trails
351,351,351,200101250MIN,24.0,5.0,2nd quarter,6:41.0,Bo Outlaw,ORL,False,2-pointer,0,36-40,'ORL',trails
352,352,352,200101250MIN,24.0,5.0,2nd quarter,6:19.0,Bo Outlaw,ORL,True,2-pointer,0,38-42,'ORL',trails
353,353,353,200101250MIN,24.0,5.0,2nd quarter,5:49.0,John Amaechi,ORL,False,2-pointer,0,39-45,'ORL',trails
354,354,354,200101250MIN,24.0,5.0,2nd quarter,5:24.0,Darrell Armstrong,ORL,True,2-pointer,0,41-47,'ORL',trails
355,355,355,200101250MIN,10.4,12.4,2nd quarter,4:48.0,Tracy McGrady,ORL,False,2-pointer,15,41-47,'ORL',trails
356,356,356,200101250MIN,12.7,14.1,2nd quarter,4:34.0,Mike Miller,ORL,False,2-pointer,15,41-47,'ORL',trails
357,357,357,200101250MIN,8.3,7.3,2nd quarter,3:44.0,Mike Miller,ORL,False,2-pointer,16,43-49,'ORL',trails
358,358,358,200101250MIN,24.0,5.0,2nd quarter,3:05.0,Michael Doleac,ORL,False,2-pointer,0,43-51,'ORL',trails
359,359,359,200101250MIN,23.6,9.0,2nd quarter,2:31.0,Bo Outlaw,ORL,False,2-pointer,4,43-53,'ORL',trails
360,360,360,200101250MIN,33.8,14.7,2nd quarter,2:19.0,Tracy McGrady,ORL,True,2-pointer,14,45-53,'ORL',trails
361,361,361,200101250MIN,32.9,21.5,2nd quarter,1:26.0,Tracy McGrady,ORL,True,2-pointer,19,49-53,'ORL',trails
362,362,362,200101250MIN,11.2,15.1,2nd quarter,0:55.9,Tracy McGrady,ORL,True,2-pointer,16,51-54,'ORL',trails
363,363,363,200101250MIN,0.9,10.1,2nd quarter,0:06.9,Tracy McGrady,ORL,False,3-pointer,24,51-56,'ORL',trails
364,364,364,200101250MIN,25.6,15.1,3rd quarter,11:28.0,Darrell Armstrong,ORL,False,2-pointer,10,51-57,'ORL',trails
365,365,365,200101250MIN,19.2,8.4,3rd quarter,11:25.0,Andrew DeClercq,ORL,False,2-pointer,6,51-57,'ORL',trails
366,366,366,200101250MIN,23.6,19.8,3rd quarter,11:22.0,Darrell Armstrong,ORL,True,2-pointer,15,53-57,'ORL',trails
367,367,367,200101250MIN,13.3,15.8,3rd quarter,10:43.0,Andrew DeClercq,ORL,False,2-pointer,15,53-57,'ORL',trails
368,368,368,200101250MIN,24.0,5.0,3rd quarter,10:21.0,Andrew DeClercq,ORL,False,2-pointer,0,53-59,'ORL',trails
369,369,369,200101250MIN,24.0,5.0,3rd quarter,10:19.0,Andrew DeClercq,ORL,True,2-pointer,0,55-59,'ORL',trails
370,370,370,200101250MIN,38.8,15.8,3rd quarter,9:44.0,Tracy McGrady,ORL,False,2-pointer,18,55-61,'ORL',trails
371,371,371,200101250MIN,24.0,5.0,3rd quarter,9:16.0,Tracy McGrady,ORL,False,2-pointer,0,56-61,'ORL',trails
372,372,372,200101250MIN,24.0,5.0,3rd quarter,8:31.0,Tracy McGrady,ORL,False,2-pointer,0,56-63,'ORL',trails
373,373,373,200101250MIN,25.6,9.5,3rd quarter,8:03.0,Tracy McGrady,ORL,False,2-pointer,5,56-65,'ORL',trails
374,374,374,200101250MIN,25.6,9.0,3rd quarter,7:54.0,Bo Outlaw,ORL,True,2-pointer,4,58-65,'ORL',trails
375,375,375,200101250MIN,24.0,5.0,3rd quarter,6:51.0,Darrell Armstrong,ORL,False,2-pointer,0,59-65,'ORL',trails
376,376,376,200101250MIN,19.2,24.2,3rd quarter,6:21.0,Darrell Armstrong,ORL,True,2-pointer,20,61-67,'ORL',trails
377,377,377,200101250MIN,31.5,28.8,3rd quarter,5:50.0,Mike Miller,ORL,False,3-pointer,25,61-69,'ORL',trails
378,378,378,200101250MIN,37.6,13.5,3rd quarter,5:25.0,Darrell Armstrong,ORL,True,2-pointer,16,63-69,'ORL',trails
379,379,379,200101250MIN,29.4,7.8,3rd quarter,4:31.0,Tracy McGrady,ORL,True,2-pointer,6,68-69,'ORL',trails
380,380,380,200101250MIN,19.8,8.4,3rd quarter,3:47.0,Tracy McGrady,ORL,False,2-pointer,5,68-69,'ORL',trails
381,381,381,200101250MIN,24.0,5.0,3rd quarter,3:43.0,Bo Outlaw,ORL,True,2-pointer,0,70-69,'ORL',leads
382,382,382,200101250MIN,19.2,9.5,3rd quarter,3:03.0,Darrell Armstrong,ORL,True,2-pointer,7,72-71,'ORL',leads
383,383,383,200101250MIN,16.3,24.2,3rd quarter,2:30.0,Darrell Armstrong,ORL,False,2-pointer,21,72-73,'ORL',trails
384,384,384,200101250MIN,10.4,8.4,3rd quarter,2:04.0,Tracy McGrady,ORL,False,2-pointer,14,72-75,'ORL',trails
385,385,385,200101250MIN,23.6,12.4,3rd quarter,1:41.0,Tracy McGrady,ORL,True,2-pointer,7,74-75,'ORL',trails
386,386,386,200101250MIN,14.8,14.1,3rd quarter,1:15.0,Tracy McGrady,ORL,True,2-pointer,13,76-75,'ORL',leads
387,387,387,200101250MIN,13.3,15.1,3rd quarter,0:27.9,Pat Garrity,ORL,False,2-pointer,15,76-76,'ORL',tied
388,388,388,200101250MIN,42.6,28.4,3rd quarter,0:00.2,Tracy McGrady,ORL,False,3-pointer,30,76-78,'ORL',trails
389,389,389,200101250MIN,38.2,26.7,4th quarter,11:49.0,Pat Garrity,ORL,False,3-pointer,26,76-78,'ORL',trails
390,390,390,200101250MIN,23.6,9.0,4th quarter,10:45.0,Monty Williams,ORL,True,2-pointer,4,78-82,'ORL',trails
391,391,391,200101250MIN,36.1,14.1,4th quarter,10:05.0,Tracy McGrady,ORL,True,2-pointer,15,80-82,'ORL',trails
392,392,392,200101250MIN,19.8,9.5,4th quarter,9:39.0,Monty Williams,ORL,False,2-pointer,6,80-84,'ORL',trails
393,393,393,200101250MIN,16.3,30.1,4th quarter,8:53.0,Troy Hudson,ORL,False,3-pointer,26,80-88,'ORL',trails
394,394,394,200101250MIN,24.0,5.0,4th quarter,8:17.0,Tracy McGrady,ORL,False,2-pointer,0,80-88,'ORL',trails
395,395,395,200101250MIN,9.7,19.8,4th quarter,7:49.0,Tracy McGrady,ORL,False,2-pointer,21,80-88,'ORL',trails
396,396,396,200101250MIN,24.9,26.7,4th quarter,7:16.0,Darrell Armstrong,ORL,False,2-pointer,22,80-88,'ORL',trails
397,397,397,200101250MIN,24.0,5.0,4th quarter,7:04.0,Andrew DeClercq,ORL,False,2-pointer,0,80-88,'ORL',trails
398,398,398,200101250MIN,26.4,26.1,4th quarter,6:36.0,Tracy McGrady,ORL,False,2-pointer,21,80-88,'ORL',trails
399,399,399,200101250MIN,22.2,26.7,4th quarter,6:02.0,Mike Miller,ORL,False,2-pointer,22,80-88,'ORL',trails
400,400,400,200101250MIN,14.2,20.4,4th quarter,5:16.0,Darrell Armstrong,ORL,True,2-pointer,18,82-88,'ORL',trails
401,401,401,200101250MIN,35.3,28.4,4th quarter,4:34.0,Darrell Armstrong,ORL,False,3-pointer,26,82-90,'ORL',trails
402,402,402,200101250MIN,36.7,14.1,4th quarter,3:50.0,Tracy McGrady,ORL,False,2-pointer,16,82-92,'ORL',trails
403,403,403,200101250MIN,32.9,9.0,4th quarter,2:52.0,Darrell Armstrong,ORL,True,2-pointer,10,85-95,'ORL',trails
404,404,404,200101250MIN,17.7,29.5,4th quarter,2:10.0,Tracy McGrady,ORL,True,3-pointer,25,88-97,'ORL',trails
405,405,405,200101250MIN,24.0,5.0,4th quarter,1:20.0,Tracy McGrady,ORL,True,2-pointer,0,91-98,'ORL',trails
406,406,406,200101250MIN,24.0,5.0,4th quarter,1:04.0,Troy Hudson,ORL,False,2-pointer,0,91-100,'ORL',trails
407,407,407,200101250MIN,43.3,22.7,4th quarter,0:47.9,Mike Miller,ORL,True,3-pointer,26,94-102,'ORL',trails
408,408,408,200101250MIN,44.7,19.1,4th quarter,0:35.4,Mike Miller,ORL,True,3-pointer,25,97-105,'ORL',trails
409,409,409,200101250MIN,44.7,27.2,4th quarter,0:22.9,Mike Miller,ORL,False,3-pointer,30,97-107,'ORL',trails
410,410,410,200101250MIN,42.6,22.1,4th quarter,0:13.3,Pat Garrity,ORL,True,3-pointer,25,100-107,'ORL',trails
411,411,411,200101250MIN,16.3,26.1,4th quarter,0:05.9,Darrell Armstrong,ORL,False,2-pointer,22,100-109,'ORL',trails
412,412,412,200101250MIN,32.3,21.0,1st quarter,11:23.0,Terrell Brandon,MIN,True,2-pointer,18,2-2,'ORL',tied
413,413,413,200101250MIN,26.4,14.7,1st quarter,11:00.0,Kevin Garnett,MIN,False,2-pointer,10,2-2,'ORL',tied
414,414,414,200101250MIN,39.7,18.9,1st quarter,9:35.0,Anthony Peeler,MIN,False,2-pointer,21,2-7,'ORL',trails
415,415,415,200101250MIN,37.6,13.0,1st quarter,9:16.0,Terrell Brandon,MIN,True,2-pointer,16,4-9,'ORL',trails
416,416,416,200101250MIN,40.3,11.1,1st quarter,8:50.0,Anthony Peeler,MIN,False,2-pointer,17,5-9,'ORL',trails
417,417,417,200101250MIN,15.6,15.1,1st quarter,8:26.0,Kevin Garnett,MIN,False,2-pointer,13,5-9,'ORL',trails
418,418,418,200101250MIN,18.6,30.5,1st quarter,8:20.0,Terrell Brandon,MIN,True,3-pointer,26,8-9,'ORL',trails
419,419,419,200101250MIN,0.0,5.4,1st quarter,7:09.0,Anthony Peeler,MIN,True,3-pointer,24,11-13,'ORL',trails
420,420,420,200101250MIN,17.7,21.0,1st quarter,6:33.0,Terrell Brandon,MIN,False,2-pointer,17,11-13,'ORL',trails
421,421,421,200101250MIN,14.2,13.5,1st quarter,5:58.0,Kevin Garnett,MIN,False,2-pointer,13,11-15,'ORL',trails
422,422,422,200101250MIN,35.3,7.8,1st quarter,5:26.0,Dean Garrett,MIN,False,2-pointer,12,11-18,'ORL',trails
423,423,423,200101250MIN,38.8,8.4,1st quarter,4:56.0,LaPhonso Ellis,MIN,True,2-pointer,15,13-20,'ORL',trails
424,424,424,200101250MIN,30.0,23.8,1st quarter,4:25.0,LaPhonso Ellis,MIN,True,2-pointer,20,15-20,'ORL',trails
425,425,425,200101250MIN,24.0,5.0,1st quarter,3:45.0,Terrell Brandon,MIN,True,2-pointer,0,17-20,'ORL',trails
426,426,426,200101250MIN,24.0,5.0,1st quarter,3:14.0,Wally Szczerbiak,MIN,True,2-pointer,0,19-20,'ORL',trails
427,427,427,200101250MIN,24.0,5.0,1st quarter,2:53.0,Wally Szczerbiak,MIN,True,2-pointer,0,22-20,'ORL',leads
428,428,428,200101250MIN,22.8,17.5,1st quarter,2:15.0,Terrell Brandon,MIN,True,2-pointer,13,24-23,'ORL',leads
429,429,429,200101250MIN,24.0,5.0,1st quarter,1:26.0,Reggie Slater,MIN,True,2-pointer,0,28-25,'ORL',leads
430,430,430,200101250MIN,22.8,9.5,1st quarter,0:53.9,LaPhonso Ellis,MIN,False,2-pointer,5,28-27,'ORL',leads
431,431,431,200101250MIN,17.7,7.3,1st quarter,0:28.7,LaPhonso Ellis,MIN,True,2-pointer,7,30-30,'ORL',tied
432,432,432,200101250MIN,24.0,5.0,1st quarter,0:03.9,LaPhonso Ellis,MIN,True,2-pointer,0,32-30,'ORL',leads
433,433,433,200101250MIN,33.8,6.1,2nd quarter,11:28.0,Wally Szczerbiak,MIN,True,2-pointer,10,34-30,'ORL',leads
434,434,434,200101250MIN,24.9,10.3,2nd quarter,10:51.0,Todd Day,MIN,False,2-pointer,5,34-30,'ORL',leads
435,435,435,200101250MIN,24.0,5.0,2nd quarter,10:50.0,LaPhonso Ellis,MIN,False,2-pointer,0,34-30,'ORL',leads
436,436,436,200101250MIN,22.8,15.1,2nd quarter,10:19.0,Kevin Garnett,MIN,True,2-pointer,10,36-32,'ORL',leads
437,437,437,200101250MIN,30.0,11.1,2nd quarter,9:48.0,Kevin Garnett,MIN,True,2-pointer,9,38-34,'ORL',leads
438,438,438,200101250MIN,12.7,11.1,2nd quarter,9:28.0,Sam Mitchell,MIN,False,2-pointer,13,38-34,'ORL',leads
439,439,439,200101250MIN,21.3,30.5,2nd quarter,9:24.0,William Avery,MIN,False,3-pointer,26,38-34,'ORL',leads
440,440,440,200101250MIN,24.0,5.0,2nd quarter,8:59.0,LaPhonso Ellis,MIN,True,2-pointer,0,40-34,'ORL',leads
441,441,441,200101250MIN,14.8,6.1,2nd quarter,7:30.0,LaPhonso Ellis,MIN,False,2-pointer,9,40-36,'ORL',leads
442,442,442,200101250MIN,24.0,5.0,2nd quarter,6:36.0,William Avery,MIN,True,2-pointer,0,42-36,'ORL',leads
443,443,443,200101250MIN,45.6,17.5,2nd quarter,6:05.0,Todd Day,MIN,True,3-pointer,25,45-39,'ORL',leads
444,444,444,200101250MIN,11.8,13.5,2nd quarter,5:41.0,Sam Mitchell,MIN,True,2-pointer,15,47-39,'ORL',leads
445,445,445,200101250MIN,20.7,21.5,2nd quarter,5:05.0,LaPhonso Ellis,MIN,False,2-pointer,17,47-41,'ORL',leads
446,446,446,200101250MIN,24.9,20.4,2nd quarter,4:00.0,Kevin Garnett,MIN,True,2-pointer,15,49-43,'ORL',leads
447,447,447,200101250MIN,24.0,5.0,2nd quarter,3:31.0,Reggie Slater,MIN,True,2-pointer,0,51-43,'ORL',leads
448,448,448,200101250MIN,34.6,11.8,2nd quarter,2:55.0,Terrell Brandon,MIN,True,2-pointer,13,53-43,'ORL',leads
449,449,449,200101250MIN,24.1,21.0,2nd quarter,2:04.0,Kevin Garnett,MIN,False,2-pointer,16,53-45,'ORL',leads
450,450,450,200101250MIN,32.3,10.5,2nd quarter,1:38.0,Kevin Garnett,MIN,False,2-pointer,10,53-47,'ORL',leads
451,451,451,200101250MIN,30.8,8.4,2nd quarter,0:39.9,Wally Szczerbiak,MIN,False,2-pointer,8,54-51,'ORL',leads
452,452,452,200101250MIN,20.1,21.3,2nd quarter,0:35.9,Wally Szczerbiak,MIN,False,2-pointer,17,54-51,'ORL',leads
453,453,453,200101250MIN,26.4,10.5,2nd quarter,0:24.9,Kevin Garnett,MIN,True,2-pointer,6,56-51,'ORL',leads
454,454,454,200101250MIN,34.6,8.4,3rd quarter,11:01.0,Kevin Garnett,MIN,False,2-pointer,11,57-53,'ORL',leads
455,455,455,200101250MIN,6.8,10.5,3rd quarter,10:36.0,Wally Szczerbiak,MIN,True,2-pointer,18,59-53,'ORL',leads
456,456,456,200101250MIN,22.8,9.5,3rd quarter,10:02.0,Rasho Nesterović,MIN,True,2-pointer,5,61-55,'ORL',leads
457,457,457,200101250MIN,24.1,30.5,3rd quarter,9:24.0,Anthony Peeler,MIN,False,3-pointer,26,61-56,'ORL',leads
458,458,458,200101250MIN,19.2,10.1,3rd quarter,9:06.0,Kevin Garnett,MIN,False,2-pointer,7,61-56,'ORL',leads
459,459,459,200101250MIN,6.2,5.4,3rd quarter,8:47.0,Terrell Brandon,MIN,True,2-pointer,18,63-56,'ORL',leads
460,460,460,200101250MIN,24.0,5.0,3rd quarter,8:15.0,Rasho Nesterović,MIN,True,2-pointer,0,65-56,'ORL',leads
461,461,461,200101250MIN,19.2,14.7,3rd quarter,7:31.0,Kevin Garnett,MIN,False,2-pointer,11,65-58,'ORL',leads
462,462,462,200101250MIN,24.0,5.0,3rd quarter,6:14.0,Terrell Brandon,MIN,False,2-pointer,0,67-61,'ORL',leads
463,463,463,200101250MIN,38.8,15.1,3rd quarter,6:06.0,Wally Szczerbiak,MIN,True,2-pointer,18,69-61,'ORL',leads
464,464,464,200101250MIN,20.7,9.0,3rd quarter,5:32.0,Rasho Nesterović,MIN,False,2-pointer,5,69-61,'ORL',leads
465,465,465,200101250MIN,12.7,15.8,3rd quarter,4:41.0,LaPhonso Ellis,MIN,False,2-pointer,16,69-66,'ORL',leads
466,466,466,200101250MIN,7.6,6.7,3rd quarter,4:10.0,Anthony Peeler,MIN,False,2-pointer,16,69-68,'ORL',leads
467,467,467,200101250MIN,23.6,10.1,3rd quarter,3:20.0,Wally Szczerbiak,MIN,True,2-pointer,5,71-70,'ORL',leads
468,468,468,200101250MIN,20.7,8.4,3rd quarter,2:44.0,LaPhonso Ellis,MIN,True,2-pointer,5,73-72,'ORL',leads
469,469,469,200101250MIN,24.0,5.0,3rd quarter,1:25.0,Anthony Peeler,MIN,False,2-pointer,0,75-74,'ORL',leads
470,470,470,200101250MIN,14.2,15.1,3rd quarter,0:05.5,LaPhonso Ellis,MIN,True,2-pointer,14,78-76,'ORL',leads
471,471,471,200101250MIN,11.8,27.8,4th quarter,11:27.0,William Avery,MIN,False,3-pointer,26,78-76,'ORL',leads
472,472,472,200101250MIN,24.0,5.0,4th quarter,11:03.0,Wally Szczerbiak,MIN,True,2-pointer,0,82-76,'ORL',leads
473,473,473,200101250MIN,17.7,10.5,4th quarter,10:26.0,LaPhonso Ellis,MIN,False,2-pointer,8,82-78,'ORL',leads
474,474,474,200101250MIN,6.2,14.7,4th quarter,9:28.0,Wally Szczerbiak,MIN,True,2-pointer,20,86-80,'ORL',leads
475,475,475,200101250MIN,24.0,5.0,4th quarter,9:04.0,Terrell Brandon,MIN,True,2-pointer,0,88-80,'ORL',leads
476,476,476,200101250MIN,24.0,5.0,4th quarter,7:36.0,Todd Day,MIN,False,2-pointer,0,88-80,'ORL',leads
477,477,477,200101250MIN,19.2,10.1,4th quarter,6:46.0,Kevin Garnett,MIN,False,2-pointer,7,88-80,'ORL',leads
478,478,478,200101250MIN,11.8,11.1,4th quarter,5:39.0,Todd Day,MIN,False,2-pointer,14,88-80,'ORL',leads
479,479,479,200101250MIN,11.8,27.8,4th quarter,5:01.0,Todd Day,MIN,False,3-pointer,26,88-82,'ORL',leads
480,480,480,200101250MIN,9.7,7.3,4th quarter,4:14.0,William Avery,MIN,True,2-pointer,14,92-82,'ORL',leads
481,481,481,200101250MIN,24.0,5.0,4th quarter,3:07.0,Kevin Garnett,MIN,True,2-pointer,0,95-83,'ORL',leads
482,482,482,200101250MIN,26.4,11.1,4th quarter,2:26.0,Wally Szczerbiak,MIN,True,2-pointer,7,97-85,'ORL',leads
483,483,483,200101250MIN,2.4,18.5,4th quarter,1:57.0,Wally Szczerbiak,MIN,False,3-pointer,25,97-88,'ORL',leads
484,484,484,200101250MIN,24.0,5.0,4th quarter,0:54.7,Kevin Garnett,MIN,True,2-pointer,0,102-91,'ORL',leads
485,485,485,200101250MIN,24.0,5.0,4th quarter,0:38.9,LaPhonso Ellis,MIN,True,2-pointer,0,104-94,'ORL',leads
486,486,486,200101250MIN,24.0,5.0,4th quarter,0:26.5,Anthony Peeler,MIN,True,2-pointer,0,107-97,'ORL',leads
487,487,487,200101250SAC,23.9,11.3,1st quarter,11:46.0,Tim Duncan,SAS,True,2-pointer,6,2-0,'SAS',leads
488,488,488,200101250SAC,29.6,3.5,1st quarter,11:15.0,Tim Duncan,SAS,False,2-pointer,6,2-0,'SAS',leads
489,489,489,200101250SAC,26.4,27.4,1st quarter,10:38.0,Antonio Daniels,SAS,False,2-pointer,23,2-0,'SAS',leads
490,490,490,200101250SAC,25.1,13.7,1st quarter,10:29.0,Derek Anderson,SAS,False,2-pointer,9,2-0,'SAS',leads
491,491,491,200101250SAC,25.1,9.2,1st quarter,10:04.0,Tim Duncan,SAS,False,2-pointer,4,2-2,'SAS',tied
492,492,492,200101250SAC,23.0,17.7,1st quarter,10:01.0,David Robinson,SAS,True,2-pointer,13,4-2,'SAS',leads
493,493,493,200101250SAC,32.5,5.7,1st quarter,9:38.0,Tim Duncan,SAS,False,2-pointer,9,4-2,'SAS',leads
494,494,494,200101250SAC,31.7,16.6,1st quarter,8:48.0,David Robinson,SAS,True,2-pointer,14,7-4,'SAS',leads
495,495,495,200101250SAC,3.6,5.0,1st quarter,8:13.0,Derek Anderson,SAS,True,2-pointer,20,9-5,'SAS',leads
496,496,496,200101250SAC,18.2,5.7,1st quarter,7:52.0,Tim Duncan,SAS,True,2-pointer,6,11-5,'SAS',leads
497,497,497,200101250SAC,27.9,8.6,1st quarter,6:40.0,Antonio Daniels,SAS,False,2-pointer,5,13-9,'SAS',leads
498,498,498,200101250SAC,22.4,6.3,1st quarter,6:00.0,Derek Anderson,SAS,False,2-pointer,2,13-9,'SAS',leads
499,499,499,200101250SAC,4.3,11.3,1st quarter,5:34.0,Derek Anderson,SAS,False,2-pointer,21,13-11,'SAS',leads
500,500,500,200101250SAC,36.7,8.0,1st quarter,5:04.0,David Robinson,SAS,True,2-pointer,13,15-13,'SAS',leads
501,501,501,200101250SAC,40.3,5.0,1st quarter,4:07.0,Malik Rose,SAS,False,2-pointer,16,15-16,'SAS',trails
502,502,502,200101250SAC,24.0,5.0,1st quarter,3:48.0,David Robinson,SAS,True,2-pointer,0,17-16,'SAS',leads
503,503,503,200101250SAC,24.0,5.0,1st quarter,3:27.0,Antonio Daniels,SAS,True,2-pointer,0,19-16,'SAS',leads
504,504,504,200101250SAC,18.8,20.0,1st quarter,2:46.0,Tim Duncan,SAS,True,2-pointer,16,21-16,'SAS',leads
505,505,505,200101250SAC,10.2,8.6,1st quarter,1:33.0,Tim Duncan,SAS,True,2-pointer,14,23-20,'SAS',leads
506,506,506,200101250SAC,7.2,8.0,1st quarter,1:02.0,Derek Anderson,SAS,True,2-pointer,17,25-21,'SAS',leads
507,507,507,200101250SAC,24.0,5.0,1st quarter,0:42.9,Tim Duncan,SAS,True,2-pointer,0,27-21,'SAS',leads
508,508,508,200101250SAC,31.7,7.6,1st quarter,0:09.9,Tim Duncan,SAS,False,2-pointer,8,27-23,'SAS',leads
509,509,509,200101250SAC,23.0,12.6,2nd quarter,11:27.0,Antonio Daniels,SAS,True,2-pointer,8,29-27,'SAS',leads
510,510,510,200101250SAC,40.3,7.6,2nd quarter,10:55.0,Antonio Daniels,SAS,False,2-pointer,17,29-27,'SAS',leads
511,511,511,200101250SAC,22.4,10.3,2nd quarter,10:32.0,Terry Porter,SAS,False,2-pointer,6,29-29,'SAS',tied
512,512,512,200101250SAC,5.1,12.6,2nd quarter,10:04.0,Danny Ferry,SAS,True,2-pointer,20,31-31,'SAS',tied
513,513,513,200101250SAC,29.6,8.0,2nd quarter,9:34.0,Samaki Walker,SAS,True,2-pointer,6,33-31,'SAS',leads
514,514,514,200101250SAC,20.9,12.0,2nd quarter,8:21.0,David Robinson,SAS,False,2-pointer,8,33-33,'SAS',tied
515,515,515,200101250SAC,25.8,23.4,2nd quarter,7:55.0,Samaki Walker,SAS,False,2-pointer,18,33-35,'SAS',trails
516,516,516,200101250SAC,1.5,7.6,2nd quarter,7:23.0,Steve Kerr,SAS,True,3-pointer,23,36-37,'SAS',trails
517,517,517,200101250SAC,20.9,12.0,2nd quarter,7:03.0,Terry Porter,SAS,True,2-pointer,8,38-37,'SAS',leads
518,518,518,200101250SAC,39.7,7.6,2nd quarter,6:12.0,Danny Ferry,SAS,False,2-pointer,16,38-37,'SAS',leads
519,519,519,200101250SAC,24.0,5.0,2nd quarter,6:09.0,David Robinson,SAS,False,2-pointer,0,38-37,'SAS',leads
520,520,520,200101250SAC,21.7,12.6,2nd quarter,5:31.0,Tim Duncan,SAS,True,2-pointer,8,40-39,'SAS',leads
521,521,521,200101250SAC,36.1,27.4,2nd quarter,5:08.0,Terry Porter,SAS,False,3-pointer,25,40-39,'SAS',leads
522,522,522,200101250SAC,24.0,5.0,2nd quarter,5:06.0,Tim Duncan,SAS,False,2-pointer,0,40-39,'SAS',leads
523,523,523,200101250SAC,27.2,13.2,2nd quarter,4:32.0,David Robinson,SAS,False,2-pointer,9,42-40,'SAS',leads
524,524,524,200101250SAC,24.0,5.0,2nd quarter,3:51.0,Antonio Daniels,SAS,True,2-pointer,0,45-40,'SAS',leads
525,525,525,200101250SAC,40.9,6.3,2nd quarter,3:33.0,Derek Anderson,SAS,False,2-pointer,17,45-40,'SAS',leads
526,526,526,200101250SAC,18.8,10.3,2nd quarter,3:10.0,Antonio Daniels,SAS,False,2-pointer,7,45-40,'SAS',leads
527,527,527,200101250SAC,24.0,5.0,2nd quarter,3:09.0,David Robinson,SAS,False,2-pointer,0,45-40,'SAS',leads
528,528,528,200101250SAC,24.0,5.0,2nd quarter,2:34.0,Tim Duncan,SAS,True,2-pointer,0,47-43,'SAS',leads
529,529,529,200101250SAC,29.6,8.6,2nd quarter,1:51.0,Malik Rose,SAS,False,2-pointer,7,47-45,'SAS',leads
530,530,530,200101250SAC,9.3,10.7,2nd quarter,1:26.0,Tim Duncan,SAS,True,2-pointer,16,49-47,'SAS',leads
531,531,531,200101250SAC,33.1,23.4,2nd quarter,0:36.9,Antonio Daniels,SAS,False,2-pointer,21,49-47,'SAS',leads
532,532,532,200101250SAC,42.4,6.9,2nd quarter,0:07.9,Derek Anderson,SAS,False,2-pointer,19,49-49,'SAS',tied
533,533,533,200101250SAC,36.1,4.8,3rd quarter,11:19.0,Antonio Daniels,SAS,False,2-pointer,12,49-51,'SAS',trails
534,534,534,200101250SAC,8.7,5.7,3rd quarter,10:13.0,Malik Rose,SAS,True,2-pointer,15,51-53,'SAS',trails
535,535,535,200101250SAC,38.8,18.7,3rd quarter,9:33.0,Malik Rose,SAS,True,2-pointer,20,53-53,'SAS',tied
536,536,536,200101250SAC,40.3,23.4,3rd quarter,8:54.0,Antonio Daniels,SAS,False,3-pointer,25,53-55,'SAS',trails
537,537,537,200101250SAC,38.2,8.0,3rd quarter,8:23.0,David Robinson,SAS,False,2-pointer,15,53-55,'SAS',trails
538,538,538,200101250SAC,15.8,12.0,3rd quarter,7:32.0,Tim Duncan,SAS,True,2-pointer,11,55-55,'SAS',tied
539,539,539,200101250SAC,18.2,18.7,3rd quarter,7:03.0,Tim Duncan,SAS,True,2-pointer,15,57-58,'SAS',trails
540,540,540,200101250SAC,27.9,8.6,3rd quarter,6:22.0,Tim Duncan,SAS,True,2-pointer,5,59-60,'SAS',trails
541,541,541,200101250SAC,24.0,5.0,3rd quarter,5:54.0,David Robinson,SAS,False,2-pointer,0,59-61,'SAS',trails
542,542,542,200101250SAC,24.0,5.0,3rd quarter,5:36.0,David Robinson,SAS,True,2-pointer,0,61-61,'SAS',tied
543,543,543,200101250SAC,20.9,5.7,3rd quarter,5:08.0,Malik Rose,SAS,True,2-pointer,3,63-62,'SAS',leads
544,544,544,200101250SAC,17.3,5.0,3rd quarter,4:17.0,Antonio Daniels,SAS,False,2-pointer,7,63-62,'SAS',leads
545,545,545,200101250SAC,28.7,5.7,3rd quarter,4:14.0,Samaki Walker,SAS,True,2-pointer,5,65-62,'SAS',leads
546,546,546,200101250SAC,11.6,5.0,3rd quarter,3:14.0,Tim Duncan,SAS,False,2-pointer,12,65-66,'SAS',trails
547,547,547,200101250SAC,21.7,20.6,3rd quarter,2:40.0,Derek Anderson,SAS,True,2-pointer,16,67-66,'SAS',leads
548,548,548,200101250SAC,22.4,8.0,3rd quarter,1:32.0,Malik Rose,SAS,False,2-pointer,3,67-68,'SAS',trails
549,549,549,200101250SAC,24.0,5.0,3rd quarter,1:31.0,Tim Duncan,SAS,True,2-pointer,0,69-68,'SAS',leads
550,550,550,200101250SAC,37.4,6.9,3rd quarter,1:03.0,Antonio Daniels,SAS,False,2-pointer,14,69-71,'SAS',trails
551,551,551,200101250SAC,24.3,11.3,3rd quarter,0:55.3,Tim Duncan,SAS,True,2-pointer,6,71-71,'SAS',tied
552,552,552,200101250SAC,21.7,10.7,3rd quarter,0:37.9,Antonio Daniels,SAS,False,2-pointer,6,71-71,'SAS',tied
553,553,553,200101250SAC,24.0,5.0,3rd quarter,0:37.2,Tim Duncan,SAS,True,2-pointer,0,73-71,'SAS',leads
554,554,554,200101250SAC,0.7,5.0,3rd quarter,0:06.7,Derek Anderson,SAS,True,3-pointer,23,76-73,'SAS',leads
555,555,555,200101250SAC,23.0,25.0,4th quarter,11:36.0,Derek Anderson,SAS,False,2-pointer,20,76-73,'SAS',leads
556,556,556,200101250SAC,46.8,8.6,4th quarter,11:25.0,Danny Ferry,SAS,False,3-pointer,23,76-73,'SAS',leads
557,557,557,200101250SAC,13.7,24.4,4th quarter,10:17.0,Derek Anderson,SAS,True,2-pointer,22,78-75,'SAS',leads
558,558,558,200101250SAC,9.3,14.3,4th quarter,9:41.0,Tim Duncan,SAS,False,2-pointer,17,78-75,'SAS',leads
559,559,559,200101250SAC,15.2,24.0,4th quarter,7:41.0,Terry Porter,SAS,True,2-pointer,21,81-77,'SAS',leads
560,560,560,200101250SAC,6.4,16.0,4th quarter,6:55.0,Danny Ferry,SAS,True,2-pointer,21,83-77,'SAS',leads
561,561,561,200101250SAC,6.2,9.0,4th quarter,5:27.0,Derek Anderson,SAS,True,2-pointer,18,86-79,'SAS',leads
562,562,562,200101250SAC,30.8,19.1,4th quarter,4:55.0,Derek Anderson,SAS,True,2-pointer,16,88-80,'SAS',leads
563,563,563,200101250SAC,38.6,10.1,4th quarter,4:18.0,Tim Duncan,SAS,False,2-pointer,15,88-82,'SAS',leads
564,564,564,200101250SAC,18.0,29.5,4th quarter,3:37.0,Terry Porter,SAS,False,3-pointer,25,88-84,'SAS',leads
565,565,565,200101250SAC,22.2,30.1,4th quarter,3:28.0,Terry Porter,SAS,True,3-pointer,25,91-84,'SAS',leads
566,566,566,200101250SAC,24.0,5.0,4th quarter,2:27.0,Derek Anderson,SAS,True,2-pointer,0,93-86,'SAS',leads
567,567,567,200101250SAC,11.4,18.1,4th quarter,1:23.0,Terry Porter,SAS,False,2-pointer,18,93-90,'SAS',leads
568,568,568,200101250SAC,27.7,10.1,4th quarter,0:56.8,Tim Duncan,SAS,True,2-pointer,6,95-91,'SAS',leads
569,569,569,200101250SAC,38.8,16.6,1st quarter,11:27.0,Doug Christie,SAC,False,2-pointer,19,0-2,'SAS',trails
570,570,570,200101250SAC,43.3,6.9,1st quarter,11:00.0,Chris Webber,SAC,False,2-pointer,19,0-2,'SAS',trails
571,571,571,200101250SAC,22.4,7.6,1st quarter,10:22.0,Chris Webber,SAC,True,2-pointer,3,2-2,'SAS',tied
572,572,572,200101250SAC,24.0,5.0,1st quarter,9:33.0,Doug Christie,SAC,True,2-pointer,0,4-4,'SAS',tied
573,573,573,200101250SAC,24.0,5.0,1st quarter,9:01.0,Doug Christie,SAC,False,2-pointer,0,4-5,'SAS',trails
574,574,574,200101250SAC,7.8,24.0,1st quarter,8:06.0,Peja Stojaković,SAC,False,3-pointer,25,5-9,'SAS',trails
575,575,575,200101250SAC,38.2,21.3,1st quarter,7:40.0,Jason Williams,SAC,True,2-pointer,22,7-11,'SAS',trails
576,576,576,200101250SAC,37.4,14.9,1st quarter,7:04.0,Chris Webber,SAC,True,2-pointer,17,9-13,'SAS',trails
577,577,577,200101250SAC,9.3,10.7,1st quarter,6:27.0,Peja Stojaković,SAC,False,2-pointer,16,9-13,'SAS',trails
578,578,578,200101250SAC,20.9,26.3,1st quarter,6:09.0,Chris Webber,SAC,False,2-pointer,22,9-13,'SAS',trails
579,579,579,200101250SAC,24.0,5.0,1st quarter,5:55.0,Jason Williams,SAC,True,2-pointer,0,11-13,'SAS',trails
580,580,580,200101250SAC,25.1,8.6,1st quarter,5:27.0,Peja Stojaković,SAC,True,2-pointer,4,13-13,'SAS',tied
581,581,581,200101250SAC,4.3,20.6,1st quarter,4:56.0,Jason Williams,SAC,False,3-pointer,25,13-15,'SAS',trails
582,582,582,200101250SAC,46.0,17.0,1st quarter,4:33.0,Jason Williams,SAC,True,3-pointer,25,16-15,'SAS',leads
583,583,583,200101250SAC,46.8,5.0,1st quarter,3:33.0,Jason Williams,SAC,False,3-pointer,23,16-17,'SAS',trails
584,584,584,200101250SAC,22.4,5.0,1st quarter,3:09.0,Chris Webber,SAC,False,2-pointer,2,16-19,'SAS',trails
585,585,585,200101250SAC,21.7,10.7,1st quarter,2:36.0,Vlade Divac,SAC,True,2-pointer,6,18-21,'SAS',trails
586,586,586,200101250SAC,24.0,5.0,1st quarter,1:55.0,Jason Williams,SAC,True,2-pointer,0,20-21,'SAS',trails
587,587,587,200101250SAC,12.3,6.9,1st quarter,0:29.9,Peja Stojaković,SAC,True,2-pointer,12,23-27,'SAS',trails
588,588,588,200101250SAC,27.9,12.6,1st quarter,0:01.9,Jason Williams,SAC,False,2-pointer,9,23-27,'SAS',trails
589,589,589,200101250SAC,24.0,5.0,1st quarter,0:00.6,Scot Pollard,SAC,True,2-pointer,0,25-27,'SAS',trails
590,590,590,200101250SAC,40.9,12.0,2nd quarter,11:44.0,Peja Stojaković,SAC,True,2-pointer,18,27-27,'SAS',tied
591,591,591,200101250SAC,4.3,20.6,2nd quarter,11:15.0,Peja Stojaković,SAC,False,3-pointer,25,27-29,'SAS',trails
592,592,592,200101250SAC,24.0,5.0,2nd quarter,10:24.0,Lawrence Funderburke,SAC,True,2-pointer,0,31-29,'SAS',leads
593,593,593,200101250SAC,20.9,8.6,2nd quarter,9:49.0,Scot Pollard,SAC,False,2-pointer,5,31-31,'SAS',tied
594,594,594,200101250SAC,19.4,5.0,2nd quarter,8:43.0,Jon Barry,SAC,True,2-pointer,5,33-33,'SAS',tied
595,595,595,200101250SAC,24.0,5.0,2nd quarter,8:15.0,Lawrence Funderburke,SAC,True,2-pointer,0,35-33,'SAS',leads
596,596,596,200101250SAC,34.6,9.7,2nd quarter,7:45.0,Bobby Jackson,SAC,True,2-pointer,12,37-33,'SAS',leads
597,597,597,200101250SAC,10.2,22.3,2nd quarter,7:10.0,Jon Barry,SAC,False,2-pointer,22,37-36,'SAS',leads
598,598,598,200101250SAC,39.7,7.6,2nd quarter,6:44.0,Hedo Türkoğlu,SAC,False,2-pointer,16,37-38,'SAS',trails
599,599,599,200101250SAC,13.7,5.0,2nd quarter,6:35.0,Vlade Divac,SAC,False,2-pointer,10,37-38,'SAS',trails
600,600,600,200101250SAC,42.4,21.7,2nd quarter,6:22.0,Hedo Türkoğlu,SAC,False,3-pointer,25,37-38,'SAS',trails
601,601,601,200101250SAC,25.1,24.4,2nd quarter,6:03.0,Chris Webber,SAC,False,2-pointer,19,37-38,'SAS',trails
602,602,602,200101250SAC,24.0,5.0,2nd quarter,5:53.0,Chris Webber,SAC,True,2-pointer,0,39-38,'SAS',leads
603,603,603,200101250SAC,24.0,5.0,2nd quarter,5:17.0,Vlade Divac,SAC,False,2-pointer,0,39-40,'SAS',trails
604,604,604,200101250SAC,23.0,12.6,2nd quarter,4:51.0,Chris Webber,SAC,False,2-pointer,8,39-42,'SAS',trails
605,605,605,200101250SAC,27.9,8.6,2nd quarter,4:17.0,Chris Webber,SAC,False,2-pointer,5,40-42,'SAS',trails
606,606,606,200101250SAC,23.0,25.0,2nd quarter,3:40.0,Jason Williams,SAC,False,2-pointer,20,40-45,'SAS',trails
607,607,607,200101250SAC,24.0,5.0,2nd quarter,3:01.0,Vlade Divac,SAC,False,2-pointer,0,40-45,'SAS',trails
608,608,608,200101250SAC,0.7,5.0,2nd quarter,2:57.0,Peja Stojaković,SAC,True,3-pointer,23,43-45,'SAS',trails
609,609,609,200101250SAC,27.2,5.7,2nd quarter,2:12.0,Peja Stojaković,SAC,True,2-pointer,3,45-47,'SAS',trails
610,610,610,200101250SAC,24.0,5.0,2nd quarter,1:47.0,Jason Williams,SAC,True,2-pointer,0,47-47,'SAS',tied
611,611,611,200101250SAC,44.5,18.3,2nd quarter,1:15.0,Peja Stojaković,SAC,False,3-pointer,24,47-49,'SAS',trails
612,612,612,200101250SAC,24.0,5.0,2nd quarter,0:45.9,Vlade Divac,SAC,False,2-pointer,0,47-49,'SAS',trails
613,613,613,200101250SAC,24.0,5.0,2nd quarter,0:31.6,Peja Stojaković,SAC,True,2-pointer,0,49-49,'SAS',tied
614,614,614,200101250SAC,27.2,32.0,2nd quarter,0:01.9,Jason Williams,SAC,False,3-pointer,27,49-49,'SAS',tied
615,615,615,200101250SAC,39.7,6.9,3rd quarter,11:41.0,Doug Christie,SAC,True,2-pointer,16,51-49,'SAS',leads
616,616,616,200101250SAC,43.9,18.3,3rd quarter,11:06.0,Peja Stojaković,SAC,False,3-pointer,24,51-49,'SAS',leads
617,617,617,200101250SAC,20.9,6.3,3rd quarter,10:36.0,Chris Webber,SAC,True,2-pointer,3,53-49,'SAS',leads
618,618,618,200101250SAC,16.7,10.7,3rd quarter,9:12.0,Chris Webber,SAC,True,2-pointer,9,55-53,'SAS',leads
619,619,619,200101250SAC,32.5,22.9,3rd quarter,8:41.0,Chris Webber,SAC,False,2-pointer,20,55-53,'SAS',leads
620,620,620,200101250SAC,11.6,18.3,3rd quarter,8:11.0,Jason Williams,SAC,False,2-pointer,18,55-53,'SAS',leads
621,621,621,200101250SAC,28.7,12.6,3rd quarter,7:55.0,Doug Christie,SAC,False,2-pointer,9,55-53,'SAS',leads
622,622,622,200101250SAC,40.9,22.9,3rd quarter,7:49.0,Doug Christie,SAC,False,3-pointer,25,55-53,'SAS',leads
623,623,623,200101250SAC,43.9,19.4,3rd quarter,7:19.0,Doug Christie,SAC,False,3-pointer,25,55-55,'SAS',tied
624,624,624,200101250SAC,23.0,30.3,3rd quarter,7:17.0,Chris Webber,SAC,False,3-pointer,25,55-55,'SAS',tied
625,625,625,200101250SAC,24.0,5.0,3rd quarter,7:15.0,Doug Christie,SAC,True,2-pointer,0,57-55,'SAS',leads
626,626,626,200101250SAC,24.0,5.0,3rd quarter,6:42.0,Vlade Divac,SAC,True,2-pointer,0,60-57,'SAS',leads
627,627,627,200101250SAC,33.1,22.9,3rd quarter,6:10.0,Peja Stojaković,SAC,False,2-pointer,20,60-59,'SAS',leads
628,628,628,200101250SAC,12.3,27.4,3rd quarter,5:42.0,Jason Williams,SAC,False,3-pointer,25,61-59,'SAS',leads
629,629,629,200101250SAC,4.3,20.0,3rd quarter,4:36.0,Doug Christie,SAC,False,3-pointer,25,62-63,'SAS',trails
630,630,630,200101250SAC,46.8,6.9,3rd quarter,3:31.0,Peja Stojaković,SAC,True,3-pointer,23,66-65,'SAS',leads
631,631,631,200101250SAC,23.0,12.0,3rd quarter,2:53.0,Chris Webber,SAC,False,2-pointer,7,66-65,'SAS',leads
632,632,632,200101250SAC,23.0,9.7,3rd quarter,2:24.0,Chris Webber,SAC,False,2-pointer,5,66-67,'SAS',trails
633,633,633,200101250SAC,24.0,5.0,3rd quarter,1:58.0,Doug Christie,SAC,True,2-pointer,0,68-67,'SAS',leads
634,634,634,200101250SAC,2.1,17.0,3rd quarter,1:19.0,Jason Williams,SAC,True,3-pointer,25,71-69,'SAS',leads
635,635,635,200101250SAC,25.8,13.2,3rd quarter,0:46.9,Jason Williams,SAC,False,2-pointer,8,71-71,'SAS',tied
636,636,636,200101250SAC,24.0,5.0,3rd quarter,0:00.9,Doug Christie,SAC,False,2-pointer,0,73-76,'SAS',trails
637,637,637,200101250SAC,23.0,9.7,4th quarter,11:06.0,Doug Christie,SAC,True,2-pointer,5,75-76,'SAS',trails
638,638,638,200101250SAC,0.7,8.0,4th quarter,10:36.0,Peja Stojaković,SAC,False,3-pointer,23,75-76,'SAS',trails
639,639,639,200101250SAC,13.7,21.3,4th quarter,10:01.0,Chris Webber,SAC,False,2-pointer,19,75-78,'SAS',trails
640,640,640,200101250SAC,22.4,10.3,4th quarter,9:23.0,Scot Pollard,SAC,False,2-pointer,6,75-78,'SAS',trails
641,641,641,200101250SAC,33.8,20.6,4th quarter,8:41.0,Chris Webber,SAC,False,2-pointer,18,75-78,'SAS',trails
642,642,642,200101250SAC,20.9,5.7,4th quarter,8:14.0,Chris Webber,SAC,False,2-pointer,3,75-79,'SAS',trails
643,643,643,200101250SAC,24.0,5.0,4th quarter,8:11.0,Chris Webber,SAC,True,2-pointer,0,77-79,'SAS',trails
644,644,644,200101250SAC,28.7,8.0,4th quarter,7:25.0,Chris Webber,SAC,False,2-pointer,6,77-81,'SAS',trails
645,645,645,200101250SAC,36.7,24.0,4th quarter,7:04.0,Peja Stojaković,SAC,False,2-pointer,23,77-81,'SAS',trails
646,646,646,200101250SAC,7.8,13.7,4th quarter,6:37.0,Chris Webber,SAC,False,2-pointer,18,77-83,'SAS',trails
647,647,647,200101250SAC,21.7,6.3,4th quarter,6:18.0,Chris Webber,SAC,False,2-pointer,3,77-83,'SAS',trails
648,648,648,200101250SAC,24.0,5.0,4th quarter,6:15.0,Chris Webber,SAC,True,2-pointer,0,79-83,'SAS',trails
649,649,649,200101250SAC,24.0,5.0,4th quarter,3:14.0,Vlade Divac,SAC,False,2-pointer,0,84-91,'SAS',trails
650,650,650,200101250SAC,16.5,5.4,4th quarter,1:46.0,Chris Webber,SAC,True,2-pointer,8,90-93,'SAS',trails
651,651,651,200101250SAC,17.1,5.4,4th quarter,0:40.2,Chris Webber,SAC,False,2-pointer,7,91-95,'SAS',trails
652,652,652,200101250SAC,9.9,24.8,4th quarter,0:21.9,Jason Williams,SAC,False,3-pointer,24,91-97,'SAS',trails
653,653,653,200101250SAC,30.0,30.1,4th quarter,0:15.9,Peja Stojaković,SAC,False,3-pointer,26,91-97,'SAS',trails
654,654,654,200101250UTA,6.4,13.0,1st quarter,10:53.0,James Posey,DEN,False,2-pointer,19,0-2,'UTA',trails
655,655,655,200101250UTA,6.4,4.4,1st quarter,10:06.0,Antonio McDyess,DEN,False,2-pointer,18,0-4,'UTA',trails
656,656,656,200101250UTA,24.0,5.0,1st quarter,10:02.0,Raef LaFrentz,DEN,True,2-pointer,0,2-4,'UTA',trails
657,657,657,200101250UTA,1.1,6.1,1st quarter,9:39.0,James Posey,DEN,False,3-pointer,23,2-4,'UTA',trails
658,658,658,200101250UTA,24.0,5.0,1st quarter,8:47.0,James Posey,DEN,False,2-pointer,0,2-9,'UTA',trails
659,659,659,200101250UTA,10.8,28.4,1st quarter,8:40.0,Nick Van,DEN,False,3-pointer,27,2-9,'UTA',trails
660,660,660,200101250UTA,27.9,7.1,1st quarter,8:18.0,Nick Van,DEN,False,2-pointer,4,2-9,'UTA',trails
661,661,661,200101250UTA,8.5,24.2,1st quarter,7:02.0,Voshon Lenard,DEN,True,3-pointer,25,5-11,'UTA',trails
662,662,662,200101250UTA,24.0,5.0,1st quarter,6:16.0,Antonio McDyess,DEN,True,2-pointer,0,7-13,'UTA',trails
663,663,663,200101250UTA,27.9,18.7,1st quarter,5:35.0,Nick Van,DEN,False,2-pointer,14,7-15,'UTA',trails
664,664,664,200101250UTA,24.0,5.0,1st quarter,5:29.0,Nick Van,DEN,True,2-pointer,0,9-15,'UTA',trails
665,665,665,200101250UTA,1.1,6.5,1st quarter,4:28.0,James Posey,DEN,False,3-pointer,23,9-17,'UTA',trails
666,666,666,200101250UTA,44.3,18.3,1st quarter,4:06.0,Voshon Lenard,DEN,True,3-pointer,24,12-17,'UTA',trails
667,667,667,200101250UTA,1.1,5.0,1st quarter,3:34.0,Voshon Lenard,DEN,True,3-pointer,23,16-19,'UTA',trails
668,668,668,200101250UTA,24.1,10.7,1st quarter,2:42.0,Kevin Willis,DEN,True,2-pointer,6,18-23,'UTA',trails
669,669,669,200101250UTA,24.0,5.0,1st quarter,2:01.0,Nick Van,DEN,False,2-pointer,0,18-25,'UTA',trails
670,670,670,200101250UTA,12.3,24.2,1st quarter,1:21.0,Voshon Lenard,DEN,True,2-pointer,22,20-25,'UTA',trails
671,671,671,200101250UTA,24.0,5.0,1st quarter,0:39.9,Voshon Lenard,DEN,False,2-pointer,0,20-27,'UTA',trails
672,672,672,200101250UTA,24.1,7.8,1st quarter,0:03.9,Kevin Willis,DEN,False,2-pointer,3,21-27,'UTA',trails
673,673,673,200101250UTA,24.0,5.0,2nd quarter,11:21.0,Raef LaFrentz,DEN,False,2-pointer,0,21-27,'UTA',trails
674,674,674,200101250UTA,41.4,18.3,2nd quarter,11:00.0,Voshon Lenard,DEN,False,2-pointer,22,21-29,'UTA',trails
675,675,675,200101250UTA,24.0,5.0,2nd quarter,10:56.0,George McCloud,DEN,True,2-pointer,0,23-29,'UTA',trails
676,676,676,200101250UTA,1.1,4.4,2nd quarter,10:31.0,Voshon Lenard,DEN,True,3-pointer,23,26-29,'UTA',trails
677,677,677,200101250UTA,30.0,7.1,2nd quarter,9:28.0,Robert Pack,DEN,True,2-pointer,6,30-30,'UTA',tied
678,678,678,200101250UTA,34.6,5.4,2nd quarter,8:21.0,Raef LaFrentz,DEN,True,2-pointer,11,32-32,'UTA',tied
679,679,679,200101250UTA,22.8,8.8,2nd quarter,7:21.0,Robert Pack,DEN,False,2-pointer,4,32-32,'UTA',tied
680,680,680,200101250UTA,38.4,24.8,2nd quarter,7:16.0,George McCloud,DEN,False,3-pointer,24,32-32,'UTA',tied
681,681,681,200101250UTA,24.0,5.0,2nd quarter,6:47.0,Tariq Abdul-Wahad,DEN,True,2-pointer,0,34-34,'UTA',tied
682,682,682,200101250UTA,11.4,16.0,2nd quarter,5:30.0,Kevin Willis,DEN,True,2-pointer,17,36-34,'UTA',leads
683,683,683,200101250UTA,7.0,16.0,2nd quarter,4:53.0,Antonio McDyess,DEN,True,2-pointer,20,38-35,'UTA',leads
684,684,684,200101250UTA,36.7,20.0,2nd quarter,3:26.0,Nick Van,DEN,False,2-pointer,20,39-39,'UTA',tied
685,685,685,200101250UTA,24.0,5.0,2nd quarter,3:23.0,Antonio McDyess,DEN,True,2-pointer,0,41-39,'UTA',leads
686,686,686,200101250UTA,24.0,5.0,2nd quarter,2:55.0,Voshon Lenard,DEN,False,2-pointer,0,41-42,'UTA',trails
687,687,687,200101250UTA,5.5,5.4,2nd quarter,2:07.0,Voshon Lenard,DEN,True,2-pointer,19,46-44,'UTA',leads
688,688,688,200101250UTA,6.4,4.4,2nd quarter,1:06.0,Voshon Lenard,DEN,False,2-pointer,18,46-46,'UTA',tied
689,689,689,200101250UTA,30.0,16.4,2nd quarter,0:42.0,Nick Van,DEN,True,2-pointer,13,48-48,'UTA',tied
690,690,690,200101250UTA,8.5,18.7,2nd quarter,0:00.9,Antonio McDyess,DEN,False,2-pointer,21,48-50,'UTA',trails
691,691,691,200101250UTA,24.0,5.0,3rd quarter,11:47.0,Raef LaFrentz,DEN,False,2-pointer,0,48-50,'UTA',trails
692,692,692,200101250UTA,24.0,5.0,3rd quarter,11:43.0,Antonio McDyess,DEN,False,2-pointer,0,48-50,'UTA',trails
693,693,693,200101250UTA,38.4,7.8,3rd quarter,11:23.0,Voshon Lenard,DEN,False,2-pointer,15,50-50,'UTA',tied
694,694,694,200101250UTA,24.0,5.0,3rd quarter,11:07.0,Antonio McDyess,DEN,True,2-pointer,0,52-50,'UTA',leads
695,695,695,200101250UTA,13.1,7.8,3rd quarter,10:25.0,James Posey,DEN,True,2-pointer,11,54-50,'UTA',leads
696,696,696,200101250UTA,4.7,13.0,3rd quarter,9:55.0,Antonio McDyess,DEN,True,2-pointer,21,56-53,'UTA',leads
697,697,697,200101250UTA,1.7,16.4,3rd quarter,9:32.0,Voshon Lenard,DEN,False,3-pointer,25,56-53,'UTA',leads
698,698,698,200101250UTA,23.4,11.8,3rd quarter,9:10.0,Nick Van,DEN,False,2-pointer,7,56-53,'UTA',leads
699,699,699,200101250UTA,1.1,3.1,3rd quarter,9:05.0,James Posey,DEN,True,3-pointer,23,59-53,'UTA',leads
700,700,700,200101250UTA,24.0,5.0,3rd quarter,8:22.0,Antonio McDyess,DEN,True,2-pointer,0,61-53,'UTA',leads
701,701,701,200101250UTA,4.0,19.4,3rd quarter,8:17.0,Nick Van,DEN,True,3-pointer,25,64-53,'UTA',leads
702,702,702,200101250UTA,1.1,6.1,3rd quarter,7:44.0,James Posey,DEN,False,3-pointer,23,64-53,'UTA',leads
703,703,703,200101250UTA,30.8,24.8,3rd quarter,7:15.0,Kevin Willis,DEN,False,2-pointer,21,64-55,'UTA',leads
704,704,704,200101250UTA,26.4,11.1,3rd quarter,6:37.0,Nick Van,DEN,False,2-pointer,7,64-57,'UTA',leads
705,705,705,200101250UTA,9.3,5.4,3rd quarter,6:05.0,Antonio McDyess,DEN,True,2-pointer,15,66-57,'UTA',leads
706,706,706,200101250UTA,24.0,5.0,3rd quarter,5:42.0,Antonio McDyess,DEN,True,2-pointer,0,68-57,'UTA',leads
707,707,707,200101250UTA,29.4,30.7,3rd quarter,4:39.0,Nick Van,DEN,False,3-pointer,26,70-60,'UTA',leads
708,708,708,200101250UTA,1.3,5.0,3rd quarter,4:01.0,Voshon Lenard,DEN,False,3-pointer,23,70-62,'UTA',leads
709,709,709,200101250UTA,9.3,27.2,3rd quarter,3:28.0,George McCloud,DEN,False,3-pointer,27,70-64,'UTA',leads
710,710,710,200101250UTA,9.3,15.4,3rd quarter,2:41.0,Antonio McDyess,DEN,False,2-pointer,18,70-64,'UTA',leads
711,711,711,200101250UTA,24.0,5.0,3rd quarter,2:27.0,Kevin Willis,DEN,False,2-pointer,0,70-64,'UTA',leads
712,712,712,200101250UTA,12.3,18.3,3rd quarter,1:57.0,Nick Van,DEN,False,2-pointer,18,70-66,'UTA',leads
713,713,713,200101250UTA,3.2,10.7,3rd quarter,0:45.9,Voshon Lenard,DEN,True,2-pointer,22,73-68,'UTA',leads
714,714,714,200101250UTA,24.0,5.0,4th quarter,11:11.0,Antonio McDyess,DEN,False,2-pointer,0,75-74,'UTA',leads
715,715,715,200101250UTA,47.3,5.0,4th quarter,11:04.0,George McCloud,DEN,True,3-pointer,23,78-74,'UTA',leads
716,716,716,200101250UTA,13.1,27.2,4th quarter,10:17.0,George McCloud,DEN,False,3-pointer,25,78-76,'UTA',leads
717,717,717,200101250UTA,7.8,6.1,4th quarter,9:31.0,Antonio McDyess,DEN,False,2-pointer,16,78-78,'UTA',tied
718,718,718,200101250UTA,1.7,16.0,4th quarter,8:55.0,George McCloud,DEN,False,3-pointer,25,78-78,'UTA',tied
719,719,719,200101250UTA,24.0,5.0,4th quarter,8:29.0,Robert Pack,DEN,True,2-pointer,0,80-78,'UTA',leads
720,720,720,200101250UTA,10.8,7.1,4th quarter,7:38.0,Kevin Willis,DEN,True,2-pointer,13,82-80,'UTA',leads
721,721,721,200101250UTA,12.3,27.2,4th quarter,7:09.0,Nick Van,DEN,True,3-pointer,25,85-80,'UTA',leads
722,722,722,200101250UTA,27.9,14.7,4th quarter,5:35.0,Nick Van,DEN,True,2-pointer,10,87-83,'UTA',leads
723,723,723,200101250UTA,45.2,18.7,4th quarter,4:54.0,Nick Van,DEN,True,3-pointer,25,90-83,'UTA',leads
724,724,724,200101250UTA,15.2,18.7,4th quarter,4:04.0,Nick Van,DEN,False,2-pointer,16,90-83,'UTA',leads
725,725,725,200101250UTA,26.4,30.7,4th quarter,3:15.0,Nick Van,DEN,False,3-pointer,26,90-86,'UTA',leads
726,726,726,200101250UTA,40.5,7.1,4th quarter,2:27.0,George McCloud,DEN,False,2-pointer,17,90-89,'UTA',leads
727,727,727,200101250UTA,24.0,5.0,4th quarter,1:37.0,Voshon Lenard,DEN,True,2-pointer,0,94-94,'UTA',tied
728,728,728,200101250UTA,47.3,7.8,4th quarter,0:39.9,George McCloud,DEN,False,3-pointer,23,94-96,'UTA',trails
729,729,729,200101250UTA,20.5,9.5,4th quarter,0:26.9,Nick Van,DEN,False,2-pointer,6,94-96,'UTA',trails
730,730,730,200101250UTA,24.0,5.0,4th quarter,0:05.1,Nick Van,DEN,True,2-pointer,0,96-96,'UTA',tied
731,731,731,200101250UTA,43.5,6.1,1st quarter,11:42.0,John Starks,UTA,True,2-pointer,20,2-0,'UTA',leads
732,732,732,200101250UTA,46.6,6.5,1st quarter,11:00.0,John Starks,UTA,False,3-pointer,23,2-0,'UTA',leads
733,733,733,200101250UTA,24.0,5.0,1st quarter,10:47.0,John Starks,UTA,False,2-pointer,0,2-0,'UTA',leads
734,734,734,200101250UTA,24.0,5.0,1st quarter,10:45.0,Donyell Marshall,UTA,False,2-pointer,0,2-0,'UTA',leads
735,735,735,200101250UTA,24.0,5.0,1st quarter,10:26.0,Karl Malone,UTA,True,2-pointer,0,4-0,'UTA',leads
736,736,736,200101250UTA,24.1,16.4,1st quarter,9:50.0,Olden Polynice,UTA,False,2-pointer,11,4-2,'UTA',leads
737,737,737,200101250UTA,39.9,23.6,1st quarter,9:26.0,John Stockton,UTA,True,3-pointer,24,7-2,'UTA',leads
738,738,738,200101250UTA,24.0,5.0,1st quarter,9:08.0,John Stockton,UTA,True,2-pointer,0,9-2,'UTA',leads
739,739,739,200101250UTA,24.0,5.0,1st quarter,8:06.0,Karl Malone,UTA,True,2-pointer,0,11-2,'UTA',leads
740,740,740,200101250UTA,24.0,5.0,1st quarter,6:40.0,John Starks,UTA,True,2-pointer,0,13-5,'UTA',leads
741,741,741,200101250UTA,7.0,16.0,1st quarter,5:56.0,Donyell Marshall,UTA,True,2-pointer,20,15-7,'UTA',leads
742,742,742,200101250UTA,18.4,11.8,1st quarter,5:08.0,Olden Polynice,UTA,False,2-pointer,9,15-9,'UTA',leads
743,743,743,200101250UTA,42.8,21.3,1st quarter,4:52.0,Donyell Marshall,UTA,False,3-pointer,25,15-9,'UTA',leads
744,744,744,200101250UTA,24.0,5.0,1st quarter,4:47.0,Donyell Marshall,UTA,True,2-pointer,0,17-9,'UTA',leads
745,745,745,200101250UTA,24.1,10.1,1st quarter,4:14.0,Karl Malone,UTA,False,2-pointer,5,17-9,'UTA',leads
746,746,746,200101250UTA,2.6,3.1,1st quarter,3:49.0,Jacque Vaughn,UTA,True,2-pointer,21,19-13,'UTA',leads
747,747,747,200101250UTA,44.3,7.8,1st quarter,3:16.0,Donyell Marshall,UTA,True,2-pointer,20,21-16,'UTA',leads
748,748,748,200101250UTA,24.0,5.0,1st quarter,3:02.0,Donyell Marshall,UTA,True,2-pointer,0,23-16,'UTA',leads
749,749,749,200101250UTA,24.0,5.0,1st quarter,2:23.0,Karl Malone,UTA,True,2-pointer,0,25-18,'UTA',leads
750,750,750,200101250UTA,40.5,17.7,1st quarter,1:41.0,Bryon Russell,UTA,False,2-pointer,21,25-18,'UTA',leads
751,751,751,200101250UTA,42.0,5.4,1st quarter,0:54.4,Bryon Russell,UTA,True,2-pointer,18,27-20,'UTA',leads
752,752,752,200101250UTA,41.4,19.4,1st quarter,0:30.9,Jacque Vaughn,UTA,False,2-pointer,23,27-20,'UTA',leads
753,753,753,200101250UTA,24.0,5.0,2nd quarter,11:11.0,Bryon Russell,UTA,True,2-pointer,0,29-21,'UTA',leads
754,754,754,200101250UTA,46.6,7.1,2nd quarter,10:03.0,Donyell Marshall,UTA,False,3-pointer,23,30-26,'UTA',leads
755,755,755,200101250UTA,34.6,20.6,2nd quarter,9:09.0,Jacque Vaughn,UTA,True,2-pointer,19,32-30,'UTA',leads
756,756,756,200101250UTA,25.6,18.7,2nd quarter,8:40.0,Danny Manning,UTA,False,2-pointer,14,32-30,'UTA',leads
757,757,757,200101250UTA,24.0,5.0,2nd quarter,7:57.0,Bryon Russell,UTA,False,2-pointer,0,32-32,'UTA',tied
758,758,758,200101250UTA,23.4,10.7,2nd quarter,7:34.0,Greg Ostertag,UTA,False,2-pointer,6,32-32,'UTA',tied
759,759,759,200101250UTA,5.5,14.1,2nd quarter,6:26.0,Donyell Marshall,UTA,False,2-pointer,21,34-34,'UTA',tied
760,760,760,200101250UTA,41.4,5.0,2nd quarter,6:06.0,John Stockton,UTA,False,2-pointer,17,34-34,'UTA',tied
761,761,761,200101250UTA,24.0,5.0,2nd quarter,5:48.0,Greg Ostertag,UTA,False,2-pointer,0,34-34,'UTA',tied
762,762,762,200101250UTA,34.6,27.8,2nd quarter,5:09.0,Donyell Marshall,UTA,False,3-pointer,25,35-36,'UTA',trails
763,763,763,200101250UTA,36.1,18.3,2nd quarter,4:36.0,Karl Malone,UTA,False,2-pointer,18,35-38,'UTA',trails
764,764,764,200101250UTA,24.0,5.0,2nd quarter,4:15.0,Karl Malone,UTA,False,2-pointer,0,35-39,'UTA',trails
765,765,765,200101250UTA,24.0,5.0,2nd quarter,3:52.0,Karl Malone,UTA,False,2-pointer,0,37-39,'UTA',trails
766,766,766,200101250UTA,24.0,5.0,2nd quarter,3:49.0,Olden Polynice,UTA,True,2-pointer,0,39-39,'UTA',tied
767,767,767,200101250UTA,47.3,6.5,2nd quarter,3:08.0,John Starks,UTA,True,3-pointer,23,42-41,'UTA',leads
768,768,768,200101250UTA,9.3,16.4,2nd quarter,2:36.0,Karl Malone,UTA,True,2-pointer,19,44-43,'UTA',leads
769,769,769,200101250UTA,6.4,7.8,2nd quarter,1:47.0,John Starks,UTA,False,2-pointer,18,44-46,'UTA',trails
770,770,770,200101250UTA,24.0,5.0,2nd quarter,1:31.0,Karl Malone,UTA,True,2-pointer,0,46-46,'UTA',tied
771,771,771,200101250UTA,4.0,5.0,2nd quarter,0:59.9,John Starks,UTA,True,2-pointer,20,48-46,'UTA',leads
772,772,772,200101250UTA,46.6,6.1,2nd quarter,0:31.9,John Starks,UTA,False,3-pointer,23,48-48,'UTA',tied
773,773,773,200101250UTA,13.7,21.3,2nd quarter,0:05.9,Karl Malone,UTA,False,2-pointer,19,48-48,'UTA',tied
774,774,774,200101250UTA,24.0,5.0,2nd quarter,0:03.8,Olden Polynice,UTA,True,2-pointer,0,50-48,'UTA',leads
775,775,775,200101250UTA,5.5,16.4,3rd quarter,11:29.0,John Starks,UTA,False,2-pointer,22,50-50,'UTA',tied
776,776,776,200101250UTA,6.4,13.7,3rd quarter,10:44.0,John Starks,UTA,False,2-pointer,20,50-52,'UTA',trails
777,777,777,200101250UTA,31.7,20.0,3rd quarter,10:14.0,Karl Malone,UTA,True,2-pointer,17,52-54,'UTA',trails
778,778,778,200101250UTA,29.4,22.9,3rd quarter,9:39.0,Donyell Marshall,UTA,False,2-pointer,19,53-56,'UTA',trails
779,779,779,200101250UTA,24.0,5.0,3rd quarter,9:17.0,John Stockton,UTA,False,2-pointer,0,53-56,'UTA',trails
780,780,780,200101250UTA,24.0,5.0,3rd quarter,9:15.0,Olden Polynice,UTA,False,2-pointer,0,53-56,'UTA',trails
781,781,781,200101250UTA,7.0,6.5,3rd quarter,8:45.0,Karl Malone,UTA,False,2-pointer,17,53-59,'UTA',trails
782,782,782,200101250UTA,24.0,5.0,3rd quarter,7:37.0,Donyell Marshall,UTA,True,2-pointer,0,55-64,'UTA',trails
783,783,783,200101250UTA,24.0,5.0,3rd quarter,7:04.0,Karl Malone,UTA,True,2-pointer,0,57-64,'UTA',trails
784,784,784,200101250UTA,10.8,16.4,3rd quarter,6:20.0,Karl Malone,UTA,False,2-pointer,17,57-64,'UTA',trails
785,785,785,200101250UTA,23.4,22.3,3rd quarter,5:48.0,Karl Malone,UTA,False,2-pointer,17,57-66,'UTA',trails
786,786,786,200101250UTA,34.6,20.6,3rd quarter,5:28.0,John Starks,UTA,False,2-pointer,19,57-68,'UTA',trails
787,787,787,200101250UTA,24.0,5.0,3rd quarter,5:26.0,Greg Ostertag,UTA,False,2-pointer,0,57-68,'UTA',trails
788,788,788,200101250UTA,24.0,5.0,3rd quarter,5:23.0,Donyell Marshall,UTA,False,2-pointer,0,57-68,'UTA',trails
789,789,789,200101250UTA,39.9,24.8,3rd quarter,4:58.0,Donyell Marshall,UTA,True,3-pointer,25,60-70,'UTA',trails
790,790,790,200101250UTA,18.4,28.8,3rd quarter,3:06.0,Bryon Russell,UTA,False,3-pointer,24,64-70,'UTA',trails
791,791,791,200101250UTA,24.0,5.0,3rd quarter,2:34.0,Jacque Vaughn,UTA,False,2-pointer,0,64-70,'UTA',trails
792,792,792,200101250UTA,24.0,5.0,3rd quarter,1:51.0,Bryon Russell,UTA,False,2-pointer,0,66-70,'UTA',trails
793,793,793,200101250UTA,8.5,5.4,3rd quarter,1:28.0,Karl Malone,UTA,True,2-pointer,16,68-70,'UTA',trails
794,794,794,200101250UTA,7.0,24.8,3rd quarter,0:53.9,Jacque Vaughn,UTA,False,3-pointer,26,68-71,'UTA',trails
795,795,795,200101250UTA,27.9,8.4,3rd quarter,0:32.1,Donyell Marshall,UTA,True,2-pointer,5,70-73,'UTA',trails
796,796,796,200101250UTA,11.4,7.8,3rd quarter,0:00.3,Olden Polynice,UTA,False,2-pointer,13,70-75,'UTA',trails
797,797,797,200101250UTA,5.5,14.1,4th quarter,11:25.0,Jacque Vaughn,UTA,True,2-pointer,21,74-75,'UTA',trails
798,798,798,200101250UTA,24.1,8.4,4th quarter,10:40.0,Donyell Marshall,UTA,True,2-pointer,3,76-78,'UTA',trails
799,799,799,200101250UTA,24.0,5.0,4th quarter,9:56.0,Danny Manning,UTA,True,2-pointer,0,78-78,'UTA',tied
800,800,800,200101250UTA,4.0,20.0,4th quarter,9:18.0,Danny Manning,UTA,False,3-pointer,25,78-78,'UTA',tied
801,801,801,200101250UTA,8.5,10.1,4th quarter,8:35.0,Jacque Vaughn,UTA,False,2-pointer,16,78-78,'UTA',tied
802,802,802,200101250UTA,24.0,5.0,4th quarter,8:05.0,Donyell Marshall,UTA,True,2-pointer,0,80-80,'UTA',tied
803,803,803,200101250UTA,22.8,10.7,4th quarter,7:17.0,Donyell Marshall,UTA,False,2-pointer,6,80-82,'UTA',trails
804,804,804,200101250UTA,24.0,5.0,4th quarter,6:48.0,Greg Ostertag,UTA,False,2-pointer,0,80-85,'UTA',trails
805,805,805,200101250UTA,43.5,20.6,4th quarter,6:07.0,John Stockton,UTA,True,3-pointer,25,83-85,'UTA',trails
806,806,806,200101250UTA,9.9,8.4,4th quarter,5:12.0,Karl Malone,UTA,False,2-pointer,15,83-87,'UTA',trails
807,807,807,200101250UTA,1.7,6.5,4th quarter,3:44.0,John Starks,UTA,True,3-pointer,22,86-90,'UTA',trails
808,808,808,200101250UTA,41.4,24.2,4th quarter,2:52.0,John Stockton,UTA,True,3-pointer,26,89-90,'UTA',trails
809,809,809,200101250UTA,24.0,5.0,4th quarter,2:20.0,Bryon Russell,UTA,True,2-pointer,0,91-90,'UTA',leads
810,810,810,200101250UTA,19.8,28.8,4th quarter,1:48.0,Donyell Marshall,UTA,True,3-pointer,24,94-92,'UTA',leads
811,811,811,200101250UTA,6.4,22.9,4th quarter,1:22.0,Bryon Russell,UTA,False,3-pointer,25,94-94,'UTA',tied
812,812,812,200101250UTA,24.0,5.0,4th quarter,1:01.0,Karl Malone,UTA,True,2-pointer,0,96-94,'UTA',leads
813,813,813,200101250UTA,27.9,8.4,4th quarter,0:01.9,John Stockton,UTA,False,2-pointer,5,96-96,'UTA',tied
