,Unnamed: 0.1,Unnamed: 0,match_id,shotX,shotY,quarter,time_remaining,player,team,made,shot_type,distance,score,opp,status
0,0,0,200104140ATL,27.0,22.1,1st quarter,11:22.0,Chucky Atkins,DET,False,2-pointer,17,2-0,'DET',leads
1,1,1,200104140ATL,34.8,5.7,1st quarter,10:20.0,Corliss Williamson,DET,True,2-pointer,11,6-4,'DET',leads
2,2,2,200104140ATL,36.9,7.3,1st quarter,9:56.0,Joe Smith,DET,True,2-pointer,13,8-6,'DET',leads
3,3,3,200104140ATL,0.5,4.2,1st quarter,9:25.0,Chucky Atkins,DET,False,3-pointer,24,8-6,'DET',leads
4,4,4,200104140ATL,21.3,31.4,1st quarter,8:58.0,Jerry Stackhouse,DET,False,3-pointer,27,8-8,'DET',tied
5,5,5,200104140ATL,9.9,4.8,1st quarter,8:36.0,Jerry Stackhouse,DET,False,2-pointer,14,8-8,'DET',tied
6,6,6,200104140ATL,24.0,5.0,1st quarter,8:34.0,Joe Smith,DET,True,2-pointer,0,10-8,'DET',leads
7,7,7,200104140ATL,43.5,20.4,1st quarter,8:10.0,Jerry Stackhouse,DET,False,3-pointer,25,10-8,'DET',leads
8,8,8,200104140ATL,24.0,5.0,1st quarter,7:52.0,Chucky Atkins,DET,True,2-pointer,0,12-8,'DET',leads
9,9,9,200104140ATL,34.8,5.0,1st quarter,7:31.0,Chucky Atkins,DET,False,2-pointer,11,12-8,'DET',leads
10,10,10,200104140ATL,11.2,17.2,1st quarter,7:00.0,Corliss Williamson,DET,False,2-pointer,18,12-10,'DET',leads
11,11,11,200104140ATL,25.6,21.5,1st quarter,6:35.0,Joe Smith,DET,False,2-pointer,17,12-12,'DET',tied
12,12,12,200104140ATL,39.3,4.2,1st quarter,6:33.0,Jerry Stackhouse,DET,False,2-pointer,15,12-12,'DET',tied
13,13,13,200104140ATL,27.0,7.3,1st quarter,6:11.0,Corliss Williamson,DET,False,2-pointer,4,12-14,'DET',trails
14,14,14,200104140ATL,39.3,18.7,1st quarter,5:52.0,Chucky Atkins,DET,False,2-pointer,21,12-16,'DET',trails
15,15,15,200104140ATL,24.0,5.0,1st quarter,5:36.0,Chucky Atkins,DET,True,2-pointer,0,14-16,'DET',trails
16,16,16,200104140ATL,40.7,5.7,1st quarter,5:02.0,Jerry Stackhouse,DET,True,2-pointer,17,16-18,'DET',trails
17,17,17,200104140ATL,24.0,5.0,1st quarter,4:42.0,Joe Smith,DET,True,2-pointer,0,18-18,'DET',tied
18,18,18,200104140ATL,20.7,9.7,1st quarter,4:11.0,Chucky Atkins,DET,False,2-pointer,6,19-20,'DET',trails
19,19,19,200104140ATL,24.0,5.0,1st quarter,3:32.0,Corliss Williamson,DET,True,2-pointer,0,21-22,'DET',trails
20,20,20,200104140ATL,24.0,5.0,1st quarter,2:11.0,Jerry Stackhouse,DET,True,2-pointer,0,25-22,'DET',leads
21,21,21,200104140ATL,36.9,4.8,1st quarter,0:57.4,Jerry Stackhouse,DET,False,2-pointer,13,28-22,'DET',leads
22,22,22,200104140ATL,46.2,5.0,1st quarter,0:34.8,Jerry Stackhouse,DET,False,3-pointer,22,28-22,'DET',leads
23,23,23,200104140ATL,33.4,22.7,1st quarter,0:03.4,Kornél Dávid,DET,False,2-pointer,20,28-22,'DET',leads
24,24,24,200104140ATL,24.0,5.0,2nd quarter,11:29.0,Kornél Dávid,DET,True,2-pointer,0,31-22,'DET',leads
25,25,25,200104140ATL,11.2,10.1,2nd quarter,10:17.0,Kornél Dávid,DET,False,2-pointer,14,33-24,'DET',leads
26,26,26,200104140ATL,29.8,6.3,2nd quarter,9:58.0,Mateen Cleaves,DET,False,2-pointer,6,33-24,'DET',leads
27,27,27,200104140ATL,24.0,5.0,2nd quarter,9:41.0,Kornél Dávid,DET,True,2-pointer,0,35-25,'DET',leads
28,28,28,200104140ATL,22.8,10.1,2nd quarter,8:51.0,Mateen Cleaves,DET,False,2-pointer,5,35-29,'DET',leads
29,29,29,200104140ATL,24.0,5.0,2nd quarter,8:48.0,Mateen Cleaves,DET,False,2-pointer,0,35-29,'DET',leads
30,30,30,200104140ATL,24.0,5.0,2nd quarter,8:46.0,Kornél Dávid,DET,True,2-pointer,0,37-29,'DET',leads
31,31,31,200104140ATL,39.3,5.0,2nd quarter,8:31.0,Jerry Stackhouse,DET,True,2-pointer,15,39-29,'DET',leads
32,32,32,200104140ATL,24.0,5.0,2nd quarter,7:55.0,Mikki Moore,DET,True,2-pointer,0,41-29,'DET',leads
33,33,33,200104140ATL,34.0,22.1,2nd quarter,7:30.0,Dana Barros,DET,True,2-pointer,20,43-30,'DET',leads
34,34,34,200104140ATL,27.7,5.7,2nd quarter,6:51.0,Ben Wallace,DET,False,2-pointer,4,43-32,'DET',leads
35,35,35,200104140ATL,30.4,5.0,2nd quarter,6:07.0,Corliss Williamson,DET,False,2-pointer,6,43-34,'DET',leads
36,36,36,200104140ATL,33.4,7.3,2nd quarter,6:03.0,Mateen Cleaves,DET,True,2-pointer,10,45-34,'DET',leads
37,37,37,200104140ATL,24.0,5.0,2nd quarter,5:33.0,Ben Wallace,DET,True,2-pointer,0,47-35,'DET',leads
38,38,38,200104140ATL,39.3,5.0,2nd quarter,4:58.0,Joe Smith,DET,False,2-pointer,15,47-37,'DET',leads
39,39,39,200104140ATL,5.5,9.0,2nd quarter,4:35.0,Dana Barros,DET,False,2-pointer,19,47-39,'DET',leads
40,40,40,200104140ATL,24.0,5.0,2nd quarter,4:22.0,Corliss Williamson,DET,True,2-pointer,0,49-39,'DET',leads
41,41,41,200104140ATL,43.5,5.7,2nd quarter,3:22.0,Chucky Atkins,DET,True,2-pointer,20,52-43,'DET',leads
42,42,42,200104140ATL,9.1,6.3,2nd quarter,2:55.0,Jerry Stackhouse,DET,False,2-pointer,15,52-45,'DET',leads
43,43,43,200104140ATL,13.5,28.0,2nd quarter,2:32.0,Chucky Atkins,DET,False,3-pointer,25,52-45,'DET',leads
44,44,44,200104140ATL,46.2,5.7,2nd quarter,2:24.0,Jerry Stackhouse,DET,True,3-pointer,22,55-45,'DET',leads
45,45,45,200104140ATL,43.5,10.5,2nd quarter,1:56.0,Dana Barros,DET,False,2-pointer,20,55-45,'DET',leads
46,46,46,200104140ATL,23.6,9.7,2nd quarter,0:36.8,Jerry Stackhouse,DET,False,2-pointer,5,57-49,'DET',leads
47,47,47,200104140ATL,24.0,5.0,2nd quarter,0:25.2,Jerry Stackhouse,DET,True,2-pointer,0,59-51,'DET',leads
48,48,48,200104140ATL,24.7,21.5,3rd quarter,11:23.0,Joe Smith,DET,False,2-pointer,17,59-53,'DET',leads
49,49,49,200104140ATL,24.0,5.0,3rd quarter,10:53.0,Corliss Williamson,DET,True,2-pointer,0,61-53,'DET',leads
50,50,50,200104140ATL,0.5,5.7,3rd quarter,10:24.0,Chucky Atkins,DET,False,3-pointer,24,61-53,'DET',leads
51,51,51,200104140ATL,39.9,5.7,3rd quarter,9:54.0,Joe Smith,DET,True,2-pointer,16,63-56,'DET',leads
52,52,52,200104140ATL,9.9,25.5,3rd quarter,8:52.0,Jerry Stackhouse,DET,True,3-pointer,25,66-62,'DET',leads
53,53,53,200104140ATL,1.1,16.6,3rd quarter,8:32.0,Jerry Stackhouse,DET,True,3-pointer,26,69-62,'DET',leads
54,54,54,200104140ATL,2.6,4.8,3rd quarter,8:04.0,Jerry Stackhouse,DET,True,2-pointer,21,71-64,'DET',leads
55,55,55,200104140ATL,24.0,5.0,3rd quarter,7:29.0,Ben Wallace,DET,True,2-pointer,0,73-66,'DET',leads
56,56,56,200104140ATL,8.5,5.7,3rd quarter,7:05.0,Jerry Stackhouse,DET,True,2-pointer,16,75-66,'DET',leads
57,57,57,200104140ATL,24.0,5.0,3rd quarter,6:40.0,Jerry Stackhouse,DET,True,2-pointer,0,77-66,'DET',leads
58,58,58,200104140ATL,22.8,9.7,3rd quarter,5:07.0,Mikki Moore,DET,False,2-pointer,5,79-72,'DET',leads
59,59,59,200104140ATL,46.2,17.7,3rd quarter,4:47.0,Jerry Stackhouse,DET,False,3-pointer,26,79-74,'DET',leads
60,60,60,200104140ATL,3.4,4.8,3rd quarter,4:07.0,Jerry Stackhouse,DET,True,2-pointer,21,81-74,'DET',leads
61,61,61,200104140ATL,24.1,7.3,3rd quarter,3:26.0,Ben Wallace,DET,False,2-pointer,2,81-76,'DET',leads
62,62,62,200104140ATL,24.0,5.0,3rd quarter,3:25.0,Mikki Moore,DET,False,2-pointer,0,81-76,'DET',leads
63,63,63,200104140ATL,31.3,21.5,3rd quarter,1:50.0,Mateen Cleaves,DET,True,2-pointer,18,87-82,'DET',leads
64,64,64,200104140ATL,28.3,5.0,3rd quarter,0:53.4,Corliss Williamson,DET,False,2-pointer,4,88-84,'DET',leads
65,65,65,200104140ATL,24.0,5.0,3rd quarter,0:51.7,Mikki Moore,DET,False,2-pointer,0,88-84,'DET',leads
66,66,66,200104140ATL,24.0,5.0,3rd quarter,0:51.7,Brian Cardinal,DET,True,2-pointer,0,90-84,'DET',leads
67,67,67,200104140ATL,8.5,3.7,4th quarter,11:43.0,Mateen Cleaves,DET,False,2-pointer,16,91-85,'DET',leads
68,68,68,200104140ATL,45.0,21.5,4th quarter,11:36.0,Brian Cardinal,DET,False,3-pointer,27,91-85,'DET',leads
69,69,69,200104140ATL,24.1,9.7,4th quarter,11:06.0,Mateen Cleaves,DET,False,2-pointer,5,91-85,'DET',leads
70,70,70,200104140ATL,33.0,19.0,4th quarter,11:02.0,Joe Smith,DET,False,2-pointer,17,91-85,'DET',leads
71,71,71,200104140ATL,19.2,7.8,4th quarter,10:20.0,Joe Smith,DET,True,2-pointer,6,93-87,'DET',leads
72,72,72,200104140ATL,39.3,9.0,4th quarter,9:14.0,Jerry Stackhouse,DET,False,2-pointer,16,93-89,'DET',leads
73,73,73,200104140ATL,24.0,5.0,4th quarter,8:16.0,Dana Barros,DET,True,2-pointer,0,95-92,'DET',leads
74,74,74,200104140ATL,23.6,10.5,4th quarter,7:08.0,Joe Smith,DET,False,2-pointer,6,96-94,'DET',leads
75,75,75,200104140ATL,24.1,10.5,4th quarter,6:20.0,Chucky Atkins,DET,True,2-pointer,6,100-98,'DET',leads
76,76,76,200104140ATL,16.3,17.2,4th quarter,5:54.0,Chucky Atkins,DET,False,2-pointer,14,100-98,'DET',leads
77,77,77,200104140ATL,23.6,10.5,4th quarter,5:20.0,Chucky Atkins,DET,True,2-pointer,6,102-100,'DET',leads
78,78,78,200104140ATL,34.8,7.3,4th quarter,4:39.0,Jerry Stackhouse,DET,True,2-pointer,11,104-102,'DET',leads
79,79,79,200104140ATL,19.8,29.3,4th quarter,4:07.0,Chucky Atkins,DET,False,3-pointer,25,104-102,'DET',leads
80,80,80,200104140ATL,16.3,19.4,4th quarter,3:30.0,Jerry Stackhouse,DET,False,2-pointer,16,104-104,'DET',tied
81,81,81,200104140ATL,29.8,6.3,4th quarter,2:33.0,Corliss Williamson,DET,False,2-pointer,6,106-108,'DET',trails
82,82,82,200104140ATL,36.9,4.8,4th quarter,2:29.0,Joe Smith,DET,True,2-pointer,13,108-108,'DET',tied
83,83,83,200104140ATL,37.8,4.8,4th quarter,1:18.0,Corliss Williamson,DET,True,2-pointer,14,110-108,'DET',leads
84,84,84,200104140ATL,42.0,3.1,4th quarter,0:19.3,Jerry Stackhouse,DET,False,2-pointer,18,112-113,'DET',trails
85,85,85,200104140ATL,24.0,5.0,1st overtime,4:36.0,Chucky Atkins,DET,True,2-pointer,0,117-115,'DET',leads
86,86,86,200104140ATL,24.0,5.0,1st overtime,4:10.0,Corliss Williamson,DET,True,2-pointer,0,119-115,'DET',leads
87,87,87,200104140ATL,24.0,5.0,1st overtime,3:40.0,Corliss Williamson,DET,True,2-pointer,0,121-117,'DET',leads
88,88,88,200104140ATL,38.4,7.3,1st overtime,3:16.0,Jerry Stackhouse,DET,False,2-pointer,15,122-119,'DET',leads
89,89,89,200104140ATL,35.5,14.9,1st overtime,2:10.0,Chucky Atkins,DET,True,2-pointer,15,125-122,'DET',leads
90,90,90,200104140ATL,22.8,8.4,1st overtime,1:37.0,Chucky Atkins,DET,False,2-pointer,4,125-122,'DET',leads
91,91,91,200104140ATL,24.0,5.0,1st overtime,0:39.1,Corliss Williamson,DET,False,2-pointer,0,127-122,'DET',leads
92,92,92,200104140ATL,12.7,14.9,1st overtime,0:08.9,Jerry Stackhouse,DET,False,2-pointer,15,127-124,'DET',leads
93,93,93,200104140ATL,7.0,24.8,1st quarter,11:32.0,Jason Terry,ATL,False,3-pointer,26,0-2,'DET',trails
94,94,94,200104140ATL,35.5,17.2,1st quarter,11:14.0,Dion Glover,ATL,True,2-pointer,17,2-2,'DET',tied
95,95,95,200104140ATL,24.1,9.7,1st quarter,10:43.0,Lorenzen Wright,ATL,True,2-pointer,5,4-4,'DET',tied
96,96,96,200104140ATL,10.6,12.8,1st quarter,10:11.0,Lorenzen Wright,ATL,True,2-pointer,16,6-6,'DET',tied
97,97,97,200104140ATL,39.3,13.9,1st quarter,9:43.0,Dion Glover,ATL,False,2-pointer,18,6-8,'DET',trails
98,98,98,200104140ATL,31.9,5.0,1st quarter,8:17.0,Dion Glover,ATL,False,2-pointer,8,8-10,'DET',trails
99,99,99,200104140ATL,24.7,9.0,1st quarter,7:59.0,Lorenzen Wright,ATL,False,2-pointer,4,8-10,'DET',trails
100,100,100,200104140ATL,24.0,5.0,1st quarter,7:40.0,Lorenzen Wright,ATL,False,2-pointer,0,8-12,'DET',trails
101,101,101,200104140ATL,24.0,5.0,1st quarter,7:12.0,Lorenzen Wright,ATL,True,2-pointer,0,10-12,'DET',trails
102,102,102,200104140ATL,24.0,5.0,1st quarter,6:56.0,Dion Glover,ATL,True,2-pointer,0,12-12,'DET',tied
103,103,103,200104140ATL,34.8,17.7,1st quarter,6:27.0,Jason Terry,ATL,True,2-pointer,17,14-12,'DET',leads
104,104,104,200104140ATL,24.0,5.0,1st quarter,6:04.0,Lorenzen Wright,ATL,True,2-pointer,0,16-12,'DET',leads
105,105,105,200104140ATL,42.0,22.1,1st quarter,5:42.0,Jason Terry,ATL,False,3-pointer,25,16-12,'DET',leads
106,106,106,200104140ATL,8.5,14.3,1st quarter,5:17.0,Brevin Knight,ATL,True,2-pointer,18,18-14,'DET',leads
107,107,107,200104140ATL,21.3,7.8,1st quarter,4:44.0,Cal Bowdler,ATL,False,2-pointer,4,18-16,'DET',leads
108,108,108,200104140ATL,8.5,5.0,1st quarter,4:29.0,Jason Terry,ATL,True,2-pointer,16,20-19,'DET',leads
109,109,109,200104140ATL,7.8,7.3,1st quarter,3:56.0,Cal Bowdler,ATL,True,2-pointer,16,22-19,'DET',leads
110,110,110,200104140ATL,32.5,11.1,1st quarter,3:14.0,Cal Bowdler,ATL,False,2-pointer,10,22-21,'DET',leads
111,111,111,200104140ATL,21.3,7.8,1st quarter,3:08.0,Dion Glover,ATL,False,2-pointer,4,22-21,'DET',leads
112,112,112,200104140ATL,19.8,7.3,1st quarter,2:52.0,Lorenzen Wright,ATL,False,2-pointer,5,22-23,'DET',trails
113,113,113,200104140ATL,0.5,3.7,1st quarter,2:16.0,DerMarr Johnson,ATL,False,3-pointer,24,22-23,'DET',trails
114,114,114,200104140ATL,34.8,7.8,1st quarter,1:50.0,Alan Henderson,ATL,False,2-pointer,11,22-25,'DET',trails
115,115,115,200104140ATL,24.0,5.0,1st quarter,1:23.0,Cal Bowdler,ATL,False,2-pointer,0,22-26,'DET',trails
116,116,116,200104140ATL,24.1,13.5,1st quarter,1:06.0,Jason Terry,ATL,False,2-pointer,9,22-28,'DET',trails
117,117,117,200104140ATL,-0.2,4.8,1st quarter,0:47.7,Jason Terry,ATL,False,3-pointer,24,22-28,'DET',trails
118,118,118,200104140ATL,34.8,16.2,1st quarter,0:28.5,Matt Maloney,ATL,False,2-pointer,16,22-28,'DET',trails
119,119,119,200104140ATL,41.4,14.3,1st quarter,0:00.1,Cal Bowdler,ATL,False,2-pointer,20,22-29,'DET',trails
120,120,120,200104140ATL,12.1,11.1,2nd quarter,11:44.0,Brevin Knight,ATL,False,2-pointer,13,22-29,'DET',trails
121,121,121,200104140ATL,9.1,9.7,2nd quarter,11:13.0,Alan Henderson,ATL,False,2-pointer,16,22-31,'DET',trails
122,122,122,200104140ATL,12.1,10.1,2nd quarter,10:51.0,Hanno Möttölä,ATL,False,2-pointer,13,22-31,'DET',trails
123,123,123,200104140ATL,14.8,6.3,2nd quarter,10:29.0,Alan Henderson,ATL,True,2-pointer,9,24-33,'DET',trails
124,124,124,200104140ATL,23.6,11.1,2nd quarter,9:24.0,Alan Henderson,ATL,True,2-pointer,6,27-35,'DET',trails
125,125,125,200104140ATL,24.0,5.0,2nd quarter,9:10.0,Hanno Möttölä,ATL,True,2-pointer,0,29-35,'DET',trails
126,126,126,200104140ATL,19.2,21.5,2nd quarter,8:12.0,Brevin Knight,ATL,False,2-pointer,17,29-39,'DET',trails
127,127,127,200104140ATL,24.0,5.0,2nd quarter,8:09.0,DerMarr Johnson,ATL,False,2-pointer,0,29-39,'DET',trails
128,128,128,200104140ATL,39.3,9.0,2nd quarter,7:10.0,Lorenzen Wright,ATL,True,2-pointer,16,32-43,'DET',trails
129,129,129,200104140ATL,24.0,5.0,2nd quarter,6:40.0,Nazr Mohammed,ATL,False,2-pointer,0,32-43,'DET',trails
130,130,130,200104140ATL,38.4,16.6,2nd quarter,6:25.0,Dion Glover,ATL,True,2-pointer,18,34-43,'DET',trails
131,131,131,200104140ATL,24.0,5.0,2nd quarter,5:46.0,Nazr Mohammed,ATL,False,2-pointer,0,34-45,'DET',trails
132,132,132,200104140ATL,4.0,11.6,2nd quarter,5:17.0,Dion Glover,ATL,True,2-pointer,21,37-47,'DET',trails
133,133,133,200104140ATL,24.0,5.0,2nd quarter,4:52.0,Nazr Mohammed,ATL,True,2-pointer,0,39-47,'DET',trails
134,134,134,200104140ATL,24.0,5.0,2nd quarter,4:01.0,Nazr Mohammed,ATL,True,2-pointer,0,41-49,'DET',trails
135,135,135,200104140ATL,31.3,5.0,2nd quarter,3:36.0,Lorenzen Wright,ATL,True,2-pointer,7,43-50,'DET',trails
136,136,136,200104140ATL,11.2,5.0,2nd quarter,3:06.0,Jason Terry,ATL,False,2-pointer,13,43-52,'DET',trails
137,137,137,200104140ATL,24.0,5.0,2nd quarter,3:04.0,Lorenzen Wright,ATL,True,2-pointer,0,45-52,'DET',trails
138,138,138,200104140ATL,24.1,10.1,2nd quarter,2:43.0,Nazr Mohammed,ATL,False,2-pointer,5,45-52,'DET',trails
139,139,139,200104140ATL,31.3,5.0,2nd quarter,1:44.0,Hanno Möttölä,ATL,True,2-pointer,7,47-55,'DET',trails
140,140,140,200104140ATL,24.0,5.0,2nd quarter,0:43.5,Jason Terry,ATL,True,2-pointer,0,49-57,'DET',trails
141,141,141,200104140ATL,31.9,5.7,2nd quarter,0:03.2,Jason Terry,ATL,True,2-pointer,8,53-59,'DET',trails
142,142,142,200104140ATL,24.0,5.0,3rd quarter,11:03.0,Brevin Knight,ATL,False,2-pointer,0,53-59,'DET',trails
143,143,143,200104140ATL,34.0,27.6,3rd quarter,10:41.0,Dion Glover,ATL,False,3-pointer,25,53-61,'DET',trails
144,144,144,200104140ATL,23.6,8.4,3rd quarter,10:16.0,Jason Terry,ATL,False,2-pointer,3,53-61,'DET',trails
145,145,145,200104140ATL,-0.2,4.8,3rd quarter,10:08.0,Jason Terry,ATL,True,3-pointer,24,56-61,'DET',trails
146,146,146,200104140ATL,38.4,4.8,3rd quarter,9:44.0,Jason Terry,ATL,False,2-pointer,14,56-63,'DET',trails
147,147,147,200104140ATL,13.5,5.7,3rd quarter,9:40.0,Nazr Mohammed,ATL,True,2-pointer,11,58-63,'DET',trails
148,148,148,200104140ATL,24.0,5.0,3rd quarter,9:08.0,Dion Glover,ATL,True,2-pointer,0,62-63,'DET',trails
149,149,149,200104140ATL,38.4,5.7,3rd quarter,7:45.0,Lorenzen Wright,ATL,True,2-pointer,14,66-71,'DET',trails
150,150,150,200104140ATL,9.9,5.0,3rd quarter,7:12.0,Lorenzen Wright,ATL,False,2-pointer,14,66-73,'DET',trails
151,151,151,200104140ATL,35.5,5.7,3rd quarter,5:54.0,Nazr Mohammed,ATL,True,2-pointer,12,70-78,'DET',trails
152,152,152,200104140ATL,24.0,5.0,3rd quarter,5:03.0,Jason Terry,ATL,True,2-pointer,0,74-79,'DET',trails
153,153,153,200104140ATL,10.6,16.6,3rd quarter,4:28.0,Brevin Knight,ATL,False,2-pointer,18,74-79,'DET',trails
154,154,154,200104140ATL,6.4,4.8,3rd quarter,3:58.0,Lorenzen Wright,ATL,False,2-pointer,18,74-81,'DET',trails
155,155,155,200104140ATL,47.1,5.0,3rd quarter,3:37.0,Dion Glover,ATL,False,3-pointer,23,74-81,'DET',trails
156,156,156,200104140ATL,24.0,5.0,3rd quarter,3:33.0,Lorenzen Wright,ATL,True,2-pointer,0,76-81,'DET',trails
157,157,157,200104140ATL,24.0,5.0,3rd quarter,3:10.0,Dion Glover,ATL,False,2-pointer,0,76-81,'DET',trails
158,158,158,200104140ATL,36.9,5.0,3rd quarter,2:35.0,Cal Bowdler,ATL,False,2-pointer,13,78-83,'DET',trails
159,159,159,200104140ATL,19.8,6.7,3rd quarter,2:26.0,Jason Terry,ATL,True,2-pointer,5,80-85,'DET',trails
160,160,160,200104140ATL,24.0,5.0,3rd quarter,2:06.0,Jason Terry,ATL,True,2-pointer,0,82-85,'DET',trails
161,161,161,200104140ATL,3.4,19.4,3rd quarter,1:00.0,Jason Terry,ATL,False,3-pointer,25,84-88,'DET',trails
162,162,162,200104140ATL,3.4,21.0,3rd quarter,0:00.4,Cal Bowdler,ATL,False,3-pointer,26,85-91,'DET',trails
163,163,163,200104140ATL,24.0,5.0,4th quarter,10:53.0,Nazr Mohammed,ATL,True,2-pointer,0,87-91,'DET',trails
164,164,164,200104140ATL,24.0,5.0,4th quarter,10:07.0,Brevin Knight,ATL,False,2-pointer,0,87-93,'DET',trails
165,165,165,200104140ATL,32.5,18.3,4th quarter,9:27.0,Brevin Knight,ATL,True,2-pointer,16,89-93,'DET',trails
166,166,166,200104140ATL,0.5,4.8,4th quarter,8:53.0,DerMarr Johnson,ATL,True,3-pointer,24,92-93,'DET',trails
167,167,167,200104140ATL,19.8,5.7,4th quarter,7:52.0,DerMarr Johnson,ATL,False,2-pointer,4,92-96,'DET',trails
168,168,168,200104140ATL,24.0,5.0,4th quarter,7:23.0,Dion Glover,ATL,True,2-pointer,0,94-96,'DET',trails
169,169,169,200104140ATL,24.0,5.0,4th quarter,7:03.0,DerMarr Johnson,ATL,True,2-pointer,0,96-96,'DET',tied
170,170,170,200104140ATL,12.1,14.3,4th quarter,6:35.0,Brevin Knight,ATL,True,2-pointer,15,98-98,'DET',tied
171,171,171,200104140ATL,24.0,5.0,4th quarter,5:45.0,Jason Terry,ATL,True,2-pointer,0,100-100,'DET',tied
172,172,172,200104140ATL,28.3,7.3,4th quarter,4:54.0,Lorenzen Wright,ATL,True,2-pointer,5,102-102,'DET',tied
173,173,173,200104140ATL,12.7,5.7,4th quarter,4:27.0,Nazr Mohammed,ATL,False,2-pointer,11,102-104,'DET',trails
174,174,174,200104140ATL,4.9,24.2,4th quarter,3:56.0,Jason Terry,ATL,False,3-pointer,27,102-104,'DET',trails
175,175,175,200104140ATL,14.8,12.8,4th quarter,3:52.0,Brevin Knight,ATL,True,2-pointer,12,104-104,'DET',tied
176,176,176,200104140ATL,24.0,5.0,4th quarter,2:55.0,Lorenzen Wright,ATL,True,2-pointer,0,108-106,'DET',leads
177,177,177,200104140ATL,29.8,6.7,4th quarter,2:08.0,Lorenzen Wright,ATL,False,2-pointer,6,108-108,'DET',tied
178,178,178,200104140ATL,45.6,17.2,4th quarter,0:57.7,DerMarr Johnson,ATL,True,3-pointer,25,111-110,'DET',leads
179,179,179,200104140ATL,32.5,19.4,4th quarter,0:32.5,Brevin Knight,ATL,True,2-pointer,17,113-112,'DET',leads
180,180,180,200104140ATL,12.1,4.2,1st overtime,4:42.0,Lorenzen Wright,ATL,False,2-pointer,12,115-115,'DET',tied
181,181,181,200104140ATL,24.0,5.0,1st overtime,4:41.0,DerMarr Johnson,ATL,False,2-pointer,0,115-115,'DET',tied
182,182,182,200104140ATL,14.8,14.9,1st overtime,3:56.0,Jason Terry,ATL,True,2-pointer,14,117-119,'DET',trails
183,183,183,200104140ATL,24.0,5.0,1st overtime,1:51.0,Nazr Mohammed,ATL,False,2-pointer,0,122-125,'DET',trails
184,184,184,200104140ATL,18.4,17.7,1st overtime,1:28.0,Brevin Knight,ATL,False,2-pointer,14,122-125,'DET',trails
185,185,185,200104140ATL,24.0,5.0,1st overtime,1:24.0,Lorenzen Wright,ATL,False,2-pointer,0,122-125,'DET',trails
186,186,186,200104140ATL,18.4,6.7,1st overtime,1:00.0,Nazr Mohammed,ATL,False,2-pointer,6,122-127,'DET',trails
187,187,187,200104140ATL,24.0,5.0,1st overtime,0:33.1,Nazr Mohammed,ATL,True,2-pointer,0,124-127,'DET',trails
188,188,188,200104140ATL,3.4,22.1,1st overtime,0:05.0,Matt Maloney,ATL,False,3-pointer,27,124-129,'DET',trails
189,189,189,200104140ATL,19.2,32.0,1st overtime,0:00.1,DerMarr Johnson,ATL,False,3-pointer,27,124-129,'DET',trails
190,190,190,200104140GSW,31.5,7.1,1st quarter,9:49.0,Cherokee Parks,LAC,False,2-pointer,8,3-2,'GSW',leads
191,191,191,200104140GSW,20.1,7.8,1st quarter,9:19.0,Cherokee Parks,LAC,False,2-pointer,5,3-4,'GSW',trails
192,192,192,200104140GSW,5.1,4.6,1st quarter,9:15.0,Cherokee Parks,LAC,True,2-pointer,19,5-4,'GSW',leads
193,193,193,200104140GSW,24.0,5.0,1st quarter,8:45.0,Lamar Odom,LAC,True,2-pointer,0,7-6,'GSW',leads
194,194,194,200104140GSW,43.5,2.9,1st quarter,7:41.0,Lamar Odom,LAC,False,2-pointer,20,7-10,'GSW',trails
195,195,195,200104140GSW,30.0,7.8,1st quarter,7:06.0,Lamar Odom,LAC,True,2-pointer,7,9-12,'GSW',trails
196,196,196,200104140GSW,24.0,5.0,1st quarter,6:34.0,Michael Olowokandi,LAC,True,2-pointer,0,12-14,'GSW',trails
197,197,197,200104140GSW,11.4,18.3,1st quarter,5:36.0,Jeff McInnis,LAC,False,2-pointer,18,12-14,'GSW',trails
198,198,198,200104140GSW,42.8,21.7,1st quarter,5:06.0,Eric Piatkowski,LAC,False,3-pointer,25,12-16,'GSW',trails
199,199,199,200104140GSW,24.0,5.0,1st quarter,4:31.0,Lamar Odom,LAC,False,2-pointer,0,13-18,'GSW',trails
200,200,200,200104140GSW,24.0,5.0,1st quarter,4:08.0,Jeff McInnis,LAC,True,2-pointer,0,16-18,'GSW',trails
201,201,201,200104140GSW,24.0,5.0,1st quarter,3:30.0,Lamar Odom,LAC,True,2-pointer,0,18-19,'GSW',trails
202,202,202,200104140GSW,18.8,7.8,1st quarter,2:34.0,Corey Maggette,LAC,True,2-pointer,6,21-21,'GSW',tied
203,203,203,200104140GSW,24.0,5.0,1st quarter,1:38.0,Michael Olowokandi,LAC,True,2-pointer,0,23-23,'GSW',tied
204,204,204,200104140GSW,24.0,5.0,1st quarter,1:21.0,Darius Miles,LAC,True,2-pointer,0,25-23,'GSW',leads
205,205,205,200104140GSW,24.0,5.0,1st quarter,0:56.3,Darius Miles,LAC,False,2-pointer,0,25-23,'GSW',leads
206,206,206,200104140GSW,24.0,5.0,1st quarter,0:52.4,Lamar Odom,LAC,True,2-pointer,0,27-23,'GSW',leads
207,207,207,200104140GSW,24.0,5.0,2nd quarter,11:48.0,Lamar Odom,LAC,True,2-pointer,0,29-29,'GSW',tied
208,208,208,200104140GSW,30.6,7.8,2nd quarter,10:41.0,Corey Maggette,LAC,True,2-pointer,7,31-31,'GSW',tied
209,209,209,200104140GSW,24.0,5.0,2nd quarter,10:16.0,Lamar Odom,LAC,False,2-pointer,0,31-33,'GSW',trails
210,210,210,200104140GSW,8.0,6.7,2nd quarter,9:52.0,Sean Rooks,LAC,False,2-pointer,16,31-33,'GSW',trails
211,211,211,200104140GSW,39.9,5.0,2nd quarter,9:17.0,Lamar Odom,LAC,False,2-pointer,16,31-35,'GSW',trails
212,212,212,200104140GSW,8.0,6.7,2nd quarter,9:05.0,Sean Rooks,LAC,False,2-pointer,16,31-35,'GSW',trails
213,213,213,200104140GSW,47.1,12.2,2nd quarter,8:00.0,Corey Maggette,LAC,False,3-pointer,24,34-37,'GSW',trails
214,214,214,200104140GSW,8.0,3.5,2nd quarter,7:34.0,Sean Rooks,LAC,True,2-pointer,16,36-39,'GSW',trails
215,215,215,200104140GSW,47.7,3.9,2nd quarter,6:38.0,Keyon Dooling,LAC,False,3-pointer,24,36-39,'GSW',trails
216,216,216,200104140GSW,18.8,6.7,2nd quarter,6:17.0,Darius Miles,LAC,False,2-pointer,5,36-39,'GSW',trails
217,217,217,200104140GSW,24.0,5.0,2nd quarter,6:13.0,Corey Maggette,LAC,True,2-pointer,0,38-39,'GSW',trails
218,218,218,200104140GSW,18.0,20.6,2nd quarter,5:32.0,Sean Rooks,LAC,False,2-pointer,17,38-41,'GSW',trails
219,219,219,200104140GSW,24.0,5.0,2nd quarter,5:27.0,Sean Rooks,LAC,True,2-pointer,0,40-41,'GSW',trails
220,220,220,200104140GSW,40.5,24.0,2nd quarter,4:57.0,Keyon Dooling,LAC,False,3-pointer,25,40-44,'GSW',trails
221,221,221,200104140GSW,14.4,19.6,2nd quarter,3:55.0,Jeff McInnis,LAC,True,2-pointer,17,42-46,'GSW',trails
222,222,222,200104140GSW,39.9,24.6,2nd quarter,3:23.0,Eric Piatkowski,LAC,False,3-pointer,25,44-46,'GSW',trails
223,223,223,200104140GSW,21.5,7.1,2nd quarter,3:11.0,Lamar Odom,LAC,False,2-pointer,3,44-46,'GSW',trails
224,224,224,200104140GSW,39.9,6.1,2nd quarter,2:36.0,Jeff McInnis,LAC,True,2-pointer,16,46-48,'GSW',trails
225,225,225,200104140GSW,24.0,5.0,2nd quarter,2:13.0,Darius Miles,LAC,True,2-pointer,0,48-48,'GSW',tied
226,226,226,200104140GSW,10.8,26.1,2nd quarter,1:49.0,Eric Piatkowski,LAC,False,3-pointer,25,48-48,'GSW',tied
227,227,227,200104140GSW,16.7,8.2,2nd quarter,1:09.0,Michael Olowokandi,LAC,False,2-pointer,8,48-50,'GSW',trails
228,228,228,200104140GSW,11.4,5.0,2nd quarter,0:34.1,Jeff McInnis,LAC,False,2-pointer,13,48-52,'GSW',trails
229,229,229,200104140GSW,19.4,8.8,2nd quarter,0:30.9,Darius Miles,LAC,True,2-pointer,6,50-52,'GSW',trails
230,230,230,200104140GSW,23.6,29.5,3rd quarter,11:47.0,Eric Piatkowski,LAC,True,3-pointer,25,53-52,'GSW',leads
231,231,231,200104140GSW,27.7,7.8,3rd quarter,11:21.0,Michael Olowokandi,LAC,False,2-pointer,5,53-52,'GSW',leads
232,232,232,200104140GSW,30.0,8.8,3rd quarter,11:16.0,Cherokee Parks,LAC,False,2-pointer,7,53-52,'GSW',leads
233,233,233,200104140GSW,25.6,7.8,3rd quarter,10:49.0,Lamar Odom,LAC,True,2-pointer,3,55-54,'GSW',leads
234,234,234,200104140GSW,4.5,20.0,3rd quarter,9:48.0,Eric Piatkowski,LAC,True,3-pointer,25,60-58,'GSW',leads
235,235,235,200104140GSW,40.5,3.5,3rd quarter,9:16.0,Cherokee Parks,LAC,True,2-pointer,17,62-58,'GSW',leads
236,236,236,200104140GSW,24.0,5.0,3rd quarter,8:38.0,Michael Olowokandi,LAC,False,2-pointer,0,62-60,'GSW',leads
237,237,237,200104140GSW,24.9,9.9,3rd quarter,8:11.0,Lamar Odom,LAC,True,2-pointer,5,64-60,'GSW',leads
238,238,238,200104140GSW,25.6,8.2,3rd quarter,7:29.0,Michael Olowokandi,LAC,False,2-pointer,4,64-60,'GSW',leads
239,239,239,200104140GSW,22.2,9.5,3rd quarter,7:11.0,Lamar Odom,LAC,True,2-pointer,5,66-60,'GSW',leads
240,240,240,200104140GSW,3.0,19.6,3rd quarter,6:37.0,Lamar Odom,LAC,False,3-pointer,26,66-60,'GSW',leads
241,241,241,200104140GSW,15.2,5.4,3rd quarter,6:23.0,Michael Olowokandi,LAC,False,2-pointer,9,66-60,'GSW',leads
242,242,242,200104140GSW,12.9,20.6,3rd quarter,5:55.0,Cherokee Parks,LAC,True,2-pointer,19,68-60,'GSW',leads
243,243,243,200104140GSW,27.0,8.8,3rd quarter,4:07.0,Jeff McInnis,LAC,True,2-pointer,5,73-61,'GSW',leads
244,244,244,200104140GSW,47.1,3.9,3rd quarter,3:22.0,Eric Piatkowski,LAC,False,3-pointer,23,73-63,'GSW',leads
245,245,245,200104140GSW,24.0,5.0,3rd quarter,2:46.0,Sean Rooks,LAC,True,2-pointer,0,75-63,'GSW',leads
246,246,246,200104140GSW,20.1,30.1,3rd quarter,1:59.0,Jeff McInnis,LAC,False,3-pointer,25,75-65,'GSW',leads
247,247,247,200104140GSW,24.0,5.0,3rd quarter,1:28.0,Eric Piatkowski,LAC,True,2-pointer,0,77-65,'GSW',leads
248,248,248,200104140GSW,3.0,18.9,3rd quarter,0:13.4,Lamar Odom,LAC,False,3-pointer,25,77-67,'GSW',leads
249,249,249,200104140GSW,23.6,8.2,3rd quarter,0:02.0,Lamar Odom,LAC,False,2-pointer,3,77-67,'GSW',leads
250,250,250,200104140GSW,24.0,5.0,3rd quarter,0:01.0,Darius Miles,LAC,False,2-pointer,0,77-67,'GSW',leads
251,251,251,200104140GSW,24.0,5.0,3rd quarter,0:00.2,Darius Miles,LAC,True,2-pointer,0,79-67,'GSW',leads
252,252,252,200104140GSW,24.0,5.0,4th quarter,11:41.0,Darius Miles,LAC,True,2-pointer,0,81-67,'GSW',leads
253,253,253,200104140GSW,24.0,5.0,4th quarter,11:03.0,Corey Maggette,LAC,True,2-pointer,0,83-67,'GSW',leads
254,254,254,200104140GSW,23.6,11.6,4th quarter,10:27.0,Corey Maggette,LAC,True,2-pointer,7,85-67,'GSW',leads
255,255,255,200104140GSW,24.0,5.0,4th quarter,10:06.0,Darius Miles,LAC,True,2-pointer,0,87-67,'GSW',leads
256,256,256,200104140GSW,39.9,7.1,4th quarter,9:34.0,Corey Maggette,LAC,False,2-pointer,16,88-69,'GSW',leads
257,257,257,200104140GSW,24.0,5.0,4th quarter,9:07.0,Corey Maggette,LAC,True,2-pointer,0,90-71,'GSW',leads
258,258,258,200104140GSW,24.0,5.0,4th quarter,7:55.0,Quentin Richardson,LAC,True,2-pointer,0,93-73,'GSW',leads
259,259,259,200104140GSW,4.5,5.0,4th quarter,7:09.0,Quentin Richardson,LAC,False,2-pointer,20,93-75,'GSW',leads
260,260,260,200104140GSW,24.0,5.0,4th quarter,6:37.0,Corey Maggette,LAC,True,2-pointer,0,95-77,'GSW',leads
261,261,261,200104140GSW,30.6,8.2,4th quarter,6:02.0,Quentin Richardson,LAC,False,2-pointer,7,95-77,'GSW',leads
262,262,262,200104140GSW,39.9,5.0,4th quarter,5:25.0,Quentin Richardson,LAC,False,2-pointer,16,95-77,'GSW',leads
263,263,263,200104140GSW,24.0,5.0,4th quarter,4:57.0,Quentin Richardson,LAC,True,2-pointer,0,97-79,'GSW',leads
264,264,264,200104140GSW,24.0,5.0,4th quarter,4:19.0,Quentin Richardson,LAC,False,2-pointer,0,97-79,'GSW',leads
265,265,265,200104140GSW,16.7,7.1,4th quarter,3:40.0,Sean Rooks,LAC,False,2-pointer,8,97-82,'GSW',leads
266,266,266,200104140GSW,14.7,6.6,4th quarter,3:09.0,Sean Rooks,LAC,False,2-pointer,9,97-83,'GSW',leads
267,267,267,200104140GSW,24.0,5.0,4th quarter,2:43.0,Keyon Dooling,LAC,True,2-pointer,0,99-85,'GSW',leads
268,268,268,200104140GSW,23.0,18.9,4th quarter,2:10.0,Jeff McInnis,LAC,True,2-pointer,14,101-87,'GSW',leads
269,269,269,200104140GSW,15.2,3.9,4th quarter,1:28.0,Jeff McInnis,LAC,True,2-pointer,9,103-89,'GSW',leads
270,270,270,200104140GSW,24.0,5.0,4th quarter,1:12.0,Jeff McInnis,LAC,True,2-pointer,0,105-89,'GSW',leads
271,271,271,200104140GSW,11.4,26.7,4th quarter,0:15.5,Keyon Dooling,LAC,False,3-pointer,25,105-92,'GSW',leads
272,272,272,200104140GSW,24.0,5.0,1st quarter,11:41.0,Antawn Jamison,GSW,True,2-pointer,0,2-0,'GSW',leads
273,273,273,200104140GSW,24.0,5.0,1st quarter,11:12.0,Adonal Foyle,GSW,False,2-pointer,0,2-0,'GSW',leads
274,274,274,200104140GSW,32.1,24.0,1st quarter,10:27.0,Antawn Jamison,GSW,False,2-pointer,21,2-2,'GSW',tied
275,275,275,200104140GSW,18.0,8.8,1st quarter,10:03.0,Erick Dampier,GSW,False,2-pointer,7,2-3,'GSW',trails
276,276,276,200104140GSW,24.0,5.0,1st quarter,9:35.0,Adonal Foyle,GSW,True,2-pointer,0,4-3,'GSW',leads
277,277,277,200104140GSW,21.5,9.5,1st quarter,9:02.0,Antawn Jamison,GSW,False,2-pointer,5,4-5,'GSW',trails
278,278,278,200104140GSW,28.5,10.5,1st quarter,8:59.0,Antawn Jamison,GSW,True,2-pointer,7,6-5,'GSW',leads
279,279,279,200104140GSW,12.3,18.3,1st quarter,8:27.0,Corie Blount,GSW,True,2-pointer,18,8-7,'GSW',leads
280,280,280,200104140GSW,15.8,25.0,1st quarter,7:57.0,Antawn Jamison,GSW,True,2-pointer,22,10-7,'GSW',leads
281,281,281,200104140GSW,30.0,9.9,1st quarter,7:31.0,Corie Blount,GSW,False,2-pointer,8,10-7,'GSW',leads
282,282,282,200104140GSW,24.0,5.0,1st quarter,7:28.0,Chris Porter,GSW,True,2-pointer,0,12-7,'GSW',leads
283,283,283,200104140GSW,24.0,5.0,1st quarter,6:49.0,Adonal Foyle,GSW,True,2-pointer,0,14-10,'GSW',leads
284,284,284,200104140GSW,24.0,5.0,1st quarter,6:12.0,Vonteego Cummings,GSW,False,2-pointer,0,14-12,'GSW',leads
285,285,285,200104140GSW,6.6,21.7,1st quarter,6:07.0,Antawn Jamison,GSW,False,3-pointer,24,14-12,'GSW',leads
286,286,286,200104140GSW,8.7,5.0,1st quarter,5:44.0,Chris Porter,GSW,False,2-pointer,15,14-12,'GSW',leads
287,287,287,200104140GSW,24.0,5.0,1st quarter,5:29.0,Vonteego Cummings,GSW,False,2-pointer,0,14-12,'GSW',leads
288,288,288,200104140GSW,24.0,5.0,1st quarter,5:26.0,Antawn Jamison,GSW,True,2-pointer,0,16-12,'GSW',leads
289,289,289,200104140GSW,20.9,8.2,1st quarter,4:55.0,Corie Blount,GSW,False,2-pointer,4,16-12,'GSW',leads
290,290,290,200104140GSW,24.0,5.0,1st quarter,4:54.0,Adonal Foyle,GSW,False,2-pointer,0,16-12,'GSW',leads
291,291,291,200104140GSW,24.0,5.0,1st quarter,4:51.0,Adonal Foyle,GSW,False,2-pointer,0,16-12,'GSW',leads
292,292,292,200104140GSW,24.0,5.0,1st quarter,4:50.0,Chris Porter,GSW,True,2-pointer,0,18-12,'GSW',leads
293,293,293,200104140GSW,20.1,9.9,1st quarter,4:15.0,Antawn Jamison,GSW,False,2-pointer,6,18-14,'GSW',leads
294,294,294,200104140GSW,36.9,14.9,1st quarter,2:59.0,Vonteego Cummings,GSW,True,2-pointer,16,21-19,'GSW',leads
295,295,295,200104140GSW,30.0,19.6,1st quarter,2:18.0,Chris Porter,GSW,False,2-pointer,16,21-21,'GSW',tied
296,296,296,200104140GSW,24.0,5.0,1st quarter,2:17.0,Erick Dampier,GSW,False,2-pointer,0,21-21,'GSW',tied
297,297,297,200104140GSW,24.0,5.0,1st quarter,2:03.0,Corie Blount,GSW,True,2-pointer,0,23-21,'GSW',leads
298,298,298,200104140GSW,20.9,29.5,1st quarter,1:26.0,Vonteego Cummings,GSW,False,3-pointer,25,23-23,'GSW',tied
299,299,299,200104140GSW,31.5,6.7,1st quarter,1:03.0,Corie Blount,GSW,False,2-pointer,8,23-25,'GSW',trails
300,300,300,200104140GSW,24.0,5.0,1st quarter,0:38.0,Antawn Jamison,GSW,True,2-pointer,0,25-27,'GSW',trails
301,301,301,200104140GSW,24.0,5.0,1st quarter,0:18.5,Vonteego Cummings,GSW,True,2-pointer,0,29-27,'GSW',leads
302,302,302,200104140GSW,24.0,5.0,2nd quarter,11:32.0,Chris Porter,GSW,False,2-pointer,0,29-29,'GSW',tied
303,303,303,200104140GSW,24.0,5.0,2nd quarter,11:12.0,Chris Porter,GSW,False,2-pointer,0,29-29,'GSW',tied
304,304,304,200104140GSW,24.0,5.0,2nd quarter,11:09.0,Corie Blount,GSW,False,2-pointer,0,29-29,'GSW',tied
305,305,305,200104140GSW,24.0,5.0,2nd quarter,11:07.0,Chris Porter,GSW,False,2-pointer,0,29-29,'GSW',tied
306,306,306,200104140GSW,24.0,5.0,2nd quarter,11:07.0,Erick Dampier,GSW,False,2-pointer,0,29-29,'GSW',tied
307,307,307,200104140GSW,29.4,7.1,2nd quarter,10:32.0,Antawn Jamison,GSW,False,2-pointer,6,31-31,'GSW',tied
308,308,308,200104140GSW,7.2,5.0,2nd quarter,10:29.0,Vonteego Cummings,GSW,True,2-pointer,17,33-31,'GSW',leads
309,309,309,200104140GSW,10.2,11.1,2nd quarter,10:07.0,Vonteego Cummings,GSW,False,2-pointer,15,33-31,'GSW',leads
310,310,310,200104140GSW,24.0,5.0,2nd quarter,9:37.0,Erick Dampier,GSW,True,2-pointer,0,35-31,'GSW',leads
311,311,311,200104140GSW,30.6,8.2,2nd quarter,8:15.0,Antawn Jamison,GSW,True,2-pointer,7,37-34,'GSW',leads
312,312,312,200104140GSW,42.0,3.5,2nd quarter,7:53.0,Antawn Jamison,GSW,True,2-pointer,18,39-34,'GSW',leads
313,313,313,200104140GSW,23.6,29.5,2nd quarter,7:16.0,Vonteego Cummings,GSW,False,3-pointer,25,39-36,'GSW',leads
314,314,314,200104140GSW,37.8,21.0,2nd quarter,7:13.0,Antawn Jamison,GSW,False,2-pointer,21,39-36,'GSW',leads
315,315,315,200104140GSW,34.2,7.8,2nd quarter,7:02.0,Paul McPherson,GSW,False,2-pointer,11,39-36,'GSW',leads
316,316,316,200104140GSW,29.4,8.2,2nd quarter,5:51.0,Antawn Jamison,GSW,True,2-pointer,6,41-38,'GSW',leads
317,317,317,200104140GSW,24.0,5.0,2nd quarter,5:12.0,Paul McPherson,GSW,True,2-pointer,0,43-40,'GSW',leads
318,318,318,200104140GSW,32.1,7.1,2nd quarter,4:43.0,Antawn Jamison,GSW,False,2-pointer,8,44-40,'GSW',leads
319,319,319,200104140GSW,20.1,7.8,2nd quarter,4:40.0,Corie Blount,GSW,False,2-pointer,5,44-40,'GSW',leads
320,320,320,200104140GSW,8.7,5.0,2nd quarter,4:16.0,Vonteego Cummings,GSW,True,2-pointer,15,46-40,'GSW',leads
321,321,321,200104140GSW,27.0,7.1,2nd quarter,3:32.0,Antawn Jamison,GSW,False,2-pointer,4,46-44,'GSW',leads
322,322,322,200104140GSW,26.2,6.7,2nd quarter,3:29.0,Antawn Jamison,GSW,False,2-pointer,3,46-44,'GSW',leads
323,323,323,200104140GSW,24.0,5.0,2nd quarter,3:06.0,Antawn Jamison,GSW,True,2-pointer,0,48-44,'GSW',leads
324,324,324,200104140GSW,24.0,5.0,2nd quarter,2:20.0,Adonal Foyle,GSW,False,2-pointer,0,48-46,'GSW',leads
325,325,325,200104140GSW,5.9,7.8,2nd quarter,1:58.0,Antawn Jamison,GSW,False,2-pointer,18,48-48,'GSW',tied
326,326,326,200104140GSW,12.3,14.9,2nd quarter,1:27.0,Chris Porter,GSW,True,2-pointer,15,50-48,'GSW',leads
327,327,327,200104140GSW,27.0,8.2,2nd quarter,0:55.9,Antawn Jamison,GSW,False,2-pointer,4,50-48,'GSW',leads
328,328,328,200104140GSW,24.0,5.0,2nd quarter,0:54.6,Adonal Foyle,GSW,False,2-pointer,0,50-48,'GSW',leads
329,329,329,200104140GSW,24.0,5.0,2nd quarter,0:53.6,Chris Porter,GSW,True,2-pointer,0,52-48,'GSW',leads
330,330,330,200104140GSW,11.4,18.9,2nd quarter,0:08.8,Chris Garner,GSW,False,2-pointer,19,52-50,'GSW',leads
331,331,331,200104140GSW,20.9,11.1,2nd quarter,0:01.2,Vonteego Cummings,GSW,False,2-pointer,7,52-50,'GSW',leads
332,332,332,200104140GSW,20.9,8.2,3rd quarter,11:05.0,Erick Dampier,GSW,True,2-pointer,4,54-53,'GSW',leads
333,333,333,200104140GSW,24.0,5.0,3rd quarter,10:40.0,Antawn Jamison,GSW,True,2-pointer,0,56-55,'GSW',leads
334,334,334,200104140GSW,24.0,5.0,3rd quarter,10:07.0,Erick Dampier,GSW,True,2-pointer,0,58-57,'GSW',leads
335,335,335,200104140GSW,39.0,18.9,3rd quarter,9:31.0,Antawn Jamison,GSW,False,2-pointer,20,58-60,'GSW',trails
336,336,336,200104140GSW,23.0,17.2,3rd quarter,8:59.0,Chris Porter,GSW,True,2-pointer,12,60-62,'GSW',trails
337,337,337,200104140GSW,15.2,19.6,3rd quarter,8:30.0,Vonteego Cummings,GSW,False,2-pointer,17,60-62,'GSW',trails
338,338,338,200104140GSW,23.0,9.5,3rd quarter,7:48.0,Erick Dampier,GSW,False,2-pointer,5,60-64,'GSW',trails
339,339,339,200104140GSW,40.5,5.0,3rd quarter,6:10.0,Antawn Jamison,GSW,False,2-pointer,17,60-66,'GSW',trails
340,340,340,200104140GSW,27.0,10.5,3rd quarter,5:33.0,Erick Dampier,GSW,False,2-pointer,6,60-68,'GSW',trails
341,341,341,200104140GSW,8.7,12.2,3rd quarter,5:21.0,Chris Porter,GSW,False,2-pointer,17,61-68,'GSW',trails
342,342,342,200104140GSW,34.2,7.8,3rd quarter,4:50.0,Antawn Jamison,GSW,False,2-pointer,11,61-70,'GSW',trails
343,343,343,200104140GSW,32.7,8.2,3rd quarter,4:19.0,Adonal Foyle,GSW,False,2-pointer,9,61-71,'GSW',trails
344,344,344,200104140GSW,24.0,5.0,3rd quarter,4:17.0,Corie Blount,GSW,False,2-pointer,0,61-71,'GSW',trails
345,345,345,200104140GSW,23.6,9.9,3rd quarter,3:47.0,Adonal Foyle,GSW,True,2-pointer,5,63-73,'GSW',trails
346,346,346,200104140GSW,43.5,3.5,3rd quarter,3:11.0,Antawn Jamison,GSW,False,2-pointer,20,63-73,'GSW',trails
347,347,347,200104140GSW,21.5,5.4,3rd quarter,3:08.0,Corie Blount,GSW,False,2-pointer,3,63-73,'GSW',trails
348,348,348,200104140GSW,10.8,21.0,3rd quarter,3:01.0,Vonteego Cummings,GSW,False,2-pointer,21,63-73,'GSW',trails
349,349,349,200104140GSW,21.5,9.5,3rd quarter,2:56.0,Adonal Foyle,GSW,False,2-pointer,5,63-73,'GSW',trails
350,350,350,200104140GSW,24.0,5.0,3rd quarter,2:34.0,Antawn Jamison,GSW,True,2-pointer,0,65-75,'GSW',trails
351,351,351,200104140GSW,19.4,8.8,3rd quarter,1:37.0,Antawn Jamison,GSW,False,2-pointer,6,65-75,'GSW',trails
352,352,352,200104140GSW,39.9,20.0,3rd quarter,1:22.0,Vonteego Cummings,GSW,True,2-pointer,22,67-77,'GSW',trails
353,353,353,200104140GSW,11.4,22.1,3rd quarter,0:36.3,Vonteego Cummings,GSW,False,2-pointer,21,67-77,'GSW',trails
354,354,354,200104140GSW,20.9,7.8,4th quarter,11:33.0,Adonal Foyle,GSW,False,2-pointer,4,67-81,'GSW',trails
355,355,355,200104140GSW,12.3,16.6,4th quarter,10:46.0,Paul McPherson,GSW,False,2-pointer,16,67-83,'GSW',trails
356,356,356,200104140GSW,36.3,22.7,4th quarter,10:12.0,Antawn Jamison,GSW,False,2-pointer,22,67-85,'GSW',trails
357,357,357,200104140GSW,6.6,3.5,4th quarter,9:55.0,Corie Blount,GSW,False,2-pointer,17,67-88,'GSW',trails
358,358,358,200104140GSW,38.4,20.6,4th quarter,9:20.0,Vonteego Cummings,GSW,True,2-pointer,21,71-88,'GSW',trails
359,359,359,200104140GSW,41.4,3.9,4th quarter,8:51.0,Antawn Jamison,GSW,False,2-pointer,17,71-90,'GSW',trails
360,360,360,200104140GSW,20.9,29.5,4th quarter,8:19.0,Antawn Jamison,GSW,False,3-pointer,25,71-90,'GSW',trails
361,361,361,200104140GSW,27.7,9.5,4th quarter,8:01.0,Antawn Jamison,GSW,True,2-pointer,6,73-91,'GSW',trails
362,362,362,200104140GSW,30.0,8.8,4th quarter,7:33.0,Adonal Foyle,GSW,True,2-pointer,7,75-93,'GSW',trails
363,363,363,200104140GSW,35.7,22.7,4th quarter,6:54.0,Vonteego Cummings,GSW,False,2-pointer,21,75-93,'GSW',trails
364,364,364,200104140GSW,24.0,5.0,4th quarter,6:51.0,Antawn Jamison,GSW,True,2-pointer,0,77-93,'GSW',trails
365,365,365,200104140GSW,12.3,17.7,4th quarter,5:47.0,Chris Porter,GSW,False,2-pointer,17,77-95,'GSW',trails
366,366,366,200104140GSW,25.6,8.8,4th quarter,5:17.0,Chris Porter,GSW,True,2-pointer,4,79-95,'GSW',trails
367,367,367,200104140GSW,28.5,7.8,4th quarter,4:46.0,Vonteego Cummings,GSW,False,2-pointer,5,79-97,'GSW',trails
368,368,368,200104140GSW,41.4,5.0,4th quarter,4:10.0,Paul McPherson,GSW,False,2-pointer,17,79-97,'GSW',trails
369,369,369,200104140GSW,24.0,5.0,4th quarter,3:49.0,Antawn Jamison,GSW,True,2-pointer,0,81-97,'GSW',trails
370,370,370,200104140GSW,24.0,5.0,4th quarter,3:05.0,Chris Porter,GSW,True,2-pointer,0,85-97,'GSW',trails
371,371,371,200104140GSW,37.8,5.0,4th quarter,2:31.0,Paul McPherson,GSW,True,2-pointer,14,87-99,'GSW',trails
372,372,372,200104140GSW,12.3,17.7,4th quarter,1:57.0,Antawn Jamison,GSW,False,2-pointer,17,87-101,'GSW',trails
373,373,373,200104140GSW,24.0,5.0,4th quarter,1:46.0,Paul McPherson,GSW,False,2-pointer,0,87-101,'GSW',trails
374,374,374,200104140GSW,24.0,5.0,4th quarter,1:45.0,Chris Porter,GSW,True,2-pointer,0,89-101,'GSW',trails
375,375,375,200104140GSW,7.2,5.0,4th quarter,1:17.0,Chris Porter,GSW,False,2-pointer,17,89-103,'GSW',trails
376,376,376,200104140GSW,8.0,24.6,4th quarter,0:56.1,Chris Garner,GSW,False,3-pointer,25,89-105,'GSW',trails
377,377,377,200104140GSW,10.8,26.1,4th quarter,0:43.5,Chris Garner,GSW,False,3-pointer,25,89-105,'GSW',trails
378,378,378,200104140GSW,24.0,5.0,4th quarter,0:41.9,Antawn Jamison,GSW,True,2-pointer,0,91-105,'GSW',trails
379,379,379,200104140GSW,24.0,5.0,4th quarter,0:05.4,Antawn Jamison,GSW,True,2-pointer,0,94-106,'GSW',trails
380,380,380,200104140MIL,37.2,3.1,1st quarter,11:32.0,Antonio Davis,TOR,False,2-pointer,13,0-0,'TOR',tied
381,381,381,200104140MIL,11.6,13.2,1st quarter,11:07.0,Morris Peterson,TOR,False,2-pointer,15,0-2,'TOR',trails
382,382,382,200104140MIL,24.3,26.1,1st quarter,10:36.0,Vince Carter,TOR,False,2-pointer,21,0-4,'TOR',trails
383,383,383,200104140MIL,24.0,5.0,1st quarter,9:58.0,Morris Peterson,TOR,True,2-pointer,0,4-6,'TOR',trails
384,384,384,200104140MIL,6.2,4.4,1st quarter,9:22.0,Morris Peterson,TOR,False,2-pointer,18,4-8,'TOR',trails
385,385,385,200104140MIL,24.0,5.0,1st quarter,9:11.0,Morris Peterson,TOR,False,2-pointer,0,4-8,'TOR',trails
386,386,386,200104140MIL,32.9,24.4,1st quarter,8:42.0,Charles Oakley,TOR,False,2-pointer,21,4-10,'TOR',trails
387,387,387,200104140MIL,35.9,18.3,1st quarter,8:28.0,Charles Oakley,TOR,False,2-pointer,18,4-10,'TOR',trails
388,388,388,200104140MIL,25.1,10.9,1st quarter,8:03.0,Vince Carter,TOR,True,2-pointer,6,6-13,'TOR',trails
389,389,389,200104140MIL,35.9,16.0,1st quarter,7:28.0,Alvin Williams,TOR,False,2-pointer,16,6-16,'TOR',trails
390,390,390,200104140MIL,24.0,5.0,1st quarter,7:15.0,Vince Carter,TOR,False,2-pointer,0,6-16,'TOR',trails
391,391,391,200104140MIL,24.0,5.0,1st quarter,7:13.0,Vince Carter,TOR,False,2-pointer,0,6-16,'TOR',trails
392,392,392,200104140MIL,24.0,5.0,1st quarter,7:10.0,Vince Carter,TOR,True,2-pointer,0,8-16,'TOR',trails
393,393,393,200104140MIL,24.0,5.0,1st quarter,6:44.0,Alvin Williams,TOR,True,2-pointer,0,10-16,'TOR',trails
394,394,394,200104140MIL,24.0,5.0,1st quarter,5:52.0,Vince Carter,TOR,False,2-pointer,0,10-16,'TOR',trails
395,395,395,200104140MIL,16.1,5.4,1st quarter,4:35.0,Jerome Williams,TOR,False,2-pointer,8,10-23,'TOR',trails
396,396,396,200104140MIL,35.9,17.7,1st quarter,4:11.0,Vince Carter,TOR,False,2-pointer,17,10-25,'TOR',trails
397,397,397,200104140MIL,24.0,5.0,1st quarter,3:36.0,Vince Carter,TOR,True,2-pointer,0,12-27,'TOR',trails
398,398,398,200104140MIL,24.0,5.0,1st quarter,3:02.0,Antonio Davis,TOR,True,2-pointer,0,15-29,'TOR',trails
399,399,399,200104140MIL,24.0,5.0,1st quarter,2:05.0,Jerome Williams,TOR,True,2-pointer,0,19-31,'TOR',trails
400,400,400,200104140MIL,15.4,5.4,1st quarter,1:26.0,Vince Carter,TOR,False,2-pointer,9,19-33,'TOR',trails
401,401,401,200104140MIL,29.6,3.7,1st quarter,0:53.6,Jerome Williams,TOR,False,2-pointer,6,19-33,'TOR',trails
402,402,402,200104140MIL,11.0,3.7,1st quarter,0:16.8,Vince Carter,TOR,False,2-pointer,13,19-35,'TOR',trails
403,403,403,200104140MIL,14.6,9.9,2nd quarter,11:39.0,Keon Clark,TOR,False,2-pointer,11,20-37,'TOR',trails
404,404,404,200104140MIL,6.2,8.6,2nd quarter,11:12.0,Vince Carter,TOR,False,2-pointer,18,20-39,'TOR',trails
405,405,405,200104140MIL,34.4,18.3,2nd quarter,10:35.0,Charles Oakley,TOR,True,2-pointer,17,22-39,'TOR',trails
406,406,406,200104140MIL,24.0,5.0,2nd quarter,9:25.0,Keon Clark,TOR,False,2-pointer,0,23-39,'TOR',trails
407,407,407,200104140MIL,24.0,5.0,2nd quarter,9:21.0,Keon Clark,TOR,True,2-pointer,0,25-39,'TOR',trails
408,408,408,200104140MIL,32.9,5.0,2nd quarter,7:52.0,Keon Clark,TOR,True,2-pointer,9,28-43,'TOR',trails
409,409,409,200104140MIL,40.1,26.1,2nd quarter,7:15.0,Chris Childs,TOR,False,3-pointer,27,28-46,'TOR',trails
410,410,410,200104140MIL,24.0,5.0,2nd quarter,6:23.0,Keon Clark,TOR,True,2-pointer,0,30-46,'TOR',trails
411,411,411,200104140MIL,21.7,32.2,2nd quarter,5:58.0,Alvin Williams,TOR,False,3-pointer,27,30-49,'TOR',trails
412,412,412,200104140MIL,35.0,21.7,2nd quarter,5:34.0,Dell Curry,TOR,True,2-pointer,20,32-51,'TOR',trails
413,413,413,200104140MIL,24.0,5.0,2nd quarter,4:24.0,Morris Peterson,TOR,False,2-pointer,0,32-57,'TOR',trails
414,414,414,200104140MIL,35.0,22.7,2nd quarter,3:58.0,Dell Curry,TOR,False,2-pointer,21,32-57,'TOR',trails
415,415,415,200104140MIL,0.2,5.4,2nd quarter,3:47.0,Dell Curry,TOR,True,3-pointer,24,35-57,'TOR',trails
416,416,416,200104140MIL,29.6,31.2,2nd quarter,3:14.0,Vince Carter,TOR,False,3-pointer,27,35-59,'TOR',trails
417,417,417,200104140MIL,14.6,10.5,2nd quarter,3:10.0,Dell Curry,TOR,False,2-pointer,11,35-59,'TOR',trails
418,418,418,200104140MIL,24.0,5.0,2nd quarter,2:59.0,Antonio Davis,TOR,True,2-pointer,0,37-59,'TOR',trails
419,419,419,200104140MIL,24.0,5.0,2nd quarter,2:22.0,Dell Curry,TOR,False,2-pointer,0,37-61,'TOR',trails
420,420,420,200104140MIL,24.0,5.0,2nd quarter,1:59.0,Alvin Williams,TOR,True,2-pointer,0,39-61,'TOR',trails
421,421,421,200104140MIL,30.8,23.4,2nd quarter,1:14.0,Charles Oakley,TOR,False,2-pointer,20,39-63,'TOR',trails
422,422,422,200104140MIL,8.3,3.7,2nd quarter,0:45.7,Antonio Davis,TOR,True,2-pointer,16,41-65,'TOR',trails
423,423,423,200104140MIL,32.3,20.6,2nd quarter,0:06.1,Alvin Williams,TOR,True,2-pointer,18,44-67,'TOR',trails
424,424,424,200104140MIL,24.0,5.0,3rd quarter,11:49.0,Antonio Davis,TOR,False,2-pointer,0,44-67,'TOR',trails
425,425,425,200104140MIL,16.1,3.7,3rd quarter,11:13.0,Antonio Davis,TOR,False,2-pointer,8,44-69,'TOR',trails
426,426,426,200104140MIL,40.1,12.6,3rd quarter,11:06.0,Alvin Williams,TOR,True,2-pointer,18,46-69,'TOR',trails
427,427,427,200104140MIL,23.9,9.2,3rd quarter,10:44.0,Vince Carter,TOR,True,2-pointer,4,48-71,'TOR',trails
428,428,428,200104140MIL,34.4,9.2,3rd quarter,10:01.0,Vince Carter,TOR,True,2-pointer,11,50-71,'TOR',trails
429,429,429,200104140MIL,39.3,18.3,3rd quarter,9:24.0,Alvin Williams,TOR,True,2-pointer,20,52-71,'TOR',trails
430,430,430,200104140MIL,29.6,8.0,3rd quarter,8:46.0,Vince Carter,TOR,False,2-pointer,6,52-71,'TOR',trails
431,431,431,200104140MIL,38.6,7.6,3rd quarter,8:37.0,Jerome Williams,TOR,False,2-pointer,15,52-71,'TOR',trails
432,432,432,200104140MIL,24.0,5.0,3rd quarter,8:33.0,Jerome Williams,TOR,False,2-pointer,0,52-71,'TOR',trails
433,433,433,200104140MIL,32.9,20.6,3rd quarter,8:22.0,Vince Carter,TOR,False,2-pointer,18,52-71,'TOR',trails
434,434,434,200104140MIL,17.5,20.6,3rd quarter,7:50.0,Alvin Williams,TOR,False,2-pointer,17,52-71,'TOR',trails
435,435,435,200104140MIL,30.2,5.4,3rd quarter,7:11.0,Jerome Williams,TOR,False,2-pointer,6,52-71,'TOR',trails
436,436,436,200104140MIL,33.8,20.6,3rd quarter,6:42.0,Charles Oakley,TOR,False,2-pointer,18,52-74,'TOR',trails
437,437,437,200104140MIL,24.0,5.0,3rd quarter,5:47.0,Antonio Davis,TOR,False,2-pointer,0,54-74,'TOR',trails
438,438,438,200104140MIL,30.8,24.4,3rd quarter,5:20.0,Vince Carter,TOR,True,2-pointer,21,56-76,'TOR',trails
439,439,439,200104140MIL,36.5,9.9,3rd quarter,4:14.0,Charles Oakley,TOR,True,2-pointer,13,58-80,'TOR',trails
440,440,440,200104140MIL,24.0,5.0,3rd quarter,3:26.0,Vince Carter,TOR,False,2-pointer,0,58-82,'TOR',trails
441,441,441,200104140MIL,43.1,8.6,3rd quarter,3:17.0,Alvin Williams,TOR,False,2-pointer,19,58-82,'TOR',trails
442,442,442,200104140MIL,39.3,5.4,3rd quarter,2:54.0,Vince Carter,TOR,False,2-pointer,15,59-82,'TOR',trails
443,443,443,200104140MIL,28.7,23.8,3rd quarter,2:24.0,Vince Carter,TOR,False,2-pointer,19,59-82,'TOR',trails
444,444,444,200104140MIL,24.0,5.0,3rd quarter,1:49.0,Antonio Davis,TOR,True,2-pointer,0,61-84,'TOR',trails
445,445,445,200104140MIL,30.8,30.7,3rd quarter,1:09.0,Dell Curry,TOR,True,3-pointer,27,64-87,'TOR',trails
446,446,446,200104140MIL,40.7,25.7,3rd quarter,0:39.8,Dell Curry,TOR,False,3-pointer,27,64-87,'TOR',trails
447,447,447,200104140MIL,24.0,5.0,4th quarter,11:36.0,Keon Clark,TOR,True,2-pointer,0,66-87,'TOR',trails
448,448,448,200104140MIL,6.2,14.3,4th quarter,11:03.0,Dell Curry,TOR,True,2-pointer,20,69-89,'TOR',trails
449,449,449,200104140MIL,24.0,5.0,4th quarter,10:38.0,Alvin Williams,TOR,False,2-pointer,0,69-91,'TOR',trails
450,450,450,200104140MIL,13.1,3.7,4th quarter,10:07.0,Keon Clark,TOR,True,2-pointer,11,71-93,'TOR',trails
451,451,451,200104140MIL,35.9,9.9,4th quarter,9:33.0,Keon Clark,TOR,True,2-pointer,13,73-93,'TOR',trails
452,452,452,200104140MIL,24.0,5.0,4th quarter,9:01.0,Dell Curry,TOR,False,2-pointer,0,73-96,'TOR',trails
453,453,453,200104140MIL,24.0,5.0,4th quarter,8:15.0,Keon Clark,TOR,False,2-pointer,0,75-99,'TOR',trails
454,454,454,200104140MIL,24.0,5.0,4th quarter,8:14.0,Keon Clark,TOR,False,2-pointer,0,75-99,'TOR',trails
455,455,455,200104140MIL,4.7,3.7,4th quarter,7:47.0,Tracy Murray,TOR,True,2-pointer,19,77-101,'TOR',trails
456,456,456,200104140MIL,16.9,3.7,4th quarter,7:17.0,Tracy Murray,TOR,True,2-pointer,7,79-101,'TOR',trails
457,457,457,200104140MIL,17.5,8.6,4th quarter,6:48.0,Tracy Murray,TOR,False,2-pointer,7,79-101,'TOR',trails
458,458,458,200104140MIL,24.0,5.0,4th quarter,6:23.0,Alvin Williams,TOR,False,2-pointer,0,79-104,'TOR',trails
459,459,459,200104140MIL,24.0,5.0,4th quarter,6:02.0,Keon Clark,TOR,True,2-pointer,0,81-104,'TOR',trails
460,460,460,200104140MIL,37.2,16.6,4th quarter,5:01.0,Dell Curry,TOR,False,2-pointer,18,81-104,'TOR',trails
461,461,461,200104140MIL,24.0,5.0,4th quarter,3:15.0,Michael Stewart,TOR,True,2-pointer,0,84-108,'TOR',trails
462,462,462,200104140MIL,1.1,6.5,4th quarter,2:46.0,Morris Peterson,TOR,False,3-pointer,23,84-108,'TOR',trails
463,463,463,200104140MIL,24.0,5.0,4th quarter,2:29.0,Morris Peterson,TOR,False,2-pointer,0,84-108,'TOR',trails
464,464,464,200104140MIL,36.5,6.5,4th quarter,2:18.0,Tracy Murray,TOR,False,2-pointer,13,84-108,'TOR',trails
465,465,465,200104140MIL,42.2,23.8,4th quarter,1:39.0,Dell Curry,TOR,False,3-pointer,26,84-110,'TOR',trails
466,466,466,200104140MIL,42.2,11.6,4th quarter,1:10.0,Tracy Murray,TOR,True,2-pointer,19,86-110,'TOR',trails
467,467,467,200104140MIL,24.0,5.0,4th quarter,0:32.6,Michael Stewart,TOR,False,2-pointer,0,86-110,'TOR',trails
468,468,468,200104140MIL,35.0,17.0,1st quarter,11:19.0,Ray Allen,MIL,True,2-pointer,16,2-0,'TOR',leads
469,469,469,200104140MIL,13.1,5.9,1st quarter,10:52.0,Sam Cassell,MIL,True,2-pointer,11,4-0,'TOR',leads
470,470,470,200104140MIL,24.0,5.0,1st quarter,10:27.0,Mark Pope,MIL,False,2-pointer,0,4-0,'TOR',leads
471,471,471,200104140MIL,24.0,5.0,1st quarter,10:25.0,Mark Pope,MIL,True,2-pointer,0,6-0,'TOR',leads
472,472,472,200104140MIL,24.3,20.0,1st quarter,10:05.0,Sam Cassell,MIL,False,2-pointer,15,6-2,'TOR',leads
473,473,473,200104140MIL,25.1,9.2,1st quarter,9:40.0,Glenn Robinson,MIL,True,2-pointer,4,8-4,'TOR',leads
474,474,474,200104140MIL,42.2,9.2,1st quarter,9:06.0,Ray Allen,MIL,True,2-pointer,19,10-4,'TOR',leads
475,475,475,200104140MIL,24.0,5.0,1st quarter,8:13.0,Ray Allen,MIL,True,2-pointer,0,12-4,'TOR',leads
476,476,476,200104140MIL,8.9,25.7,1st quarter,7:43.0,Ray Allen,MIL,True,3-pointer,26,16-6,'TOR',leads
477,477,477,200104140MIL,15.4,5.4,1st quarter,6:23.0,Glenn Robinson,MIL,False,2-pointer,9,16-10,'TOR',leads
478,478,478,200104140MIL,27.2,6.5,1st quarter,5:47.0,Ray Allen,MIL,True,2-pointer,4,18-10,'TOR',leads
479,479,479,200104140MIL,8.9,4.4,1st quarter,5:24.0,Glenn Robinson,MIL,True,2-pointer,15,21-10,'TOR',leads
480,480,480,200104140MIL,29.6,16.6,1st quarter,4:55.0,Sam Cassell,MIL,True,2-pointer,13,23-10,'TOR',leads
481,481,481,200104140MIL,28.7,17.7,1st quarter,4:23.0,Scott Williams,MIL,True,2-pointer,14,25-10,'TOR',leads
482,482,482,200104140MIL,25.1,14.9,1st quarter,4:01.0,Scott Williams,MIL,True,2-pointer,10,27-10,'TOR',leads
483,483,483,200104140MIL,17.5,18.7,1st quarter,3:19.0,Ray Allen,MIL,True,2-pointer,15,29-13,'TOR',leads
484,484,484,200104140MIL,19.6,8.0,1st quarter,2:44.0,Glenn Robinson,MIL,False,2-pointer,5,29-16,'TOR',leads
485,485,485,200104140MIL,24.0,5.0,1st quarter,2:42.0,Ervin Johnson,MIL,False,2-pointer,0,29-16,'TOR',leads
486,486,486,200104140MIL,13.1,3.7,1st quarter,2:19.0,Glenn Robinson,MIL,True,2-pointer,11,31-17,'TOR',leads
487,487,487,200104140MIL,3.6,14.9,1st quarter,1:44.0,Ray Allen,MIL,True,2-pointer,23,33-19,'TOR',leads
488,488,488,200104140MIL,47.3,15.6,1st quarter,1:19.0,Lindsey Hunter,MIL,False,3-pointer,26,33-19,'TOR',leads
489,489,489,200104140MIL,5.3,23.4,1st quarter,0:46.0,Glenn Robinson,MIL,False,3-pointer,26,33-19,'TOR',leads
490,490,490,200104140MIL,24.0,5.0,1st quarter,0:34.0,Lindsey Hunter,MIL,False,2-pointer,0,33-19,'TOR',leads
491,491,491,200104140MIL,24.0,5.0,1st quarter,0:32.1,Darvin Ham,MIL,True,2-pointer,0,35-19,'TOR',leads
492,492,492,200104140MIL,34.4,4.4,2nd quarter,10:11.0,Ray Allen,MIL,False,2-pointer,10,39-22,'TOR',leads
493,493,493,200104140MIL,31.7,5.4,2nd quarter,9:50.0,Darvin Ham,MIL,False,2-pointer,8,39-22,'TOR',leads
494,494,494,200104140MIL,35.0,16.0,2nd quarter,9:04.0,Lindsey Hunter,MIL,True,2-pointer,16,41-25,'TOR',leads
495,495,495,200104140MIL,31.7,13.2,2nd quarter,8:23.0,Sam Cassell,MIL,False,2-pointer,11,41-26,'TOR',leads
496,496,496,200104140MIL,32.3,13.2,2nd quarter,8:07.0,Sam Cassell,MIL,True,2-pointer,12,43-26,'TOR',leads
497,497,497,200104140MIL,4.7,22.1,2nd quarter,7:33.0,Lindsey Hunter,MIL,True,3-pointer,26,46-28,'TOR',leads
498,498,498,200104140MIL,32.3,12.6,2nd quarter,6:54.0,Sam Cassell,MIL,False,2-pointer,11,46-28,'TOR',leads
499,499,499,200104140MIL,11.6,5.9,2nd quarter,6:30.0,Scott Williams,MIL,False,2-pointer,12,46-28,'TOR',leads
500,500,500,200104140MIL,38.0,27.8,2nd quarter,6:10.0,Lindsey Hunter,MIL,True,3-pointer,27,49-30,'TOR',leads
501,501,501,200104140MIL,24.0,5.0,2nd quarter,5:52.0,Sam Cassell,MIL,True,2-pointer,0,51-30,'TOR',leads
502,502,502,200104140MIL,10.4,27.2,2nd quarter,5:13.0,Lindsey Hunter,MIL,True,3-pointer,26,54-32,'TOR',leads
503,503,503,200104140MIL,13.1,28.4,2nd quarter,4:47.0,Lindsey Hunter,MIL,True,3-pointer,26,57-32,'TOR',leads
504,504,504,200104140MIL,34.4,17.7,2nd quarter,4:13.0,Scott Williams,MIL,False,2-pointer,16,57-32,'TOR',leads
505,505,505,200104140MIL,15.4,18.3,2nd quarter,3:31.0,Scott Williams,MIL,True,2-pointer,16,59-35,'TOR',leads
506,506,506,200104140MIL,33.8,13.7,2nd quarter,2:44.0,Glenn Robinson,MIL,True,2-pointer,13,61-37,'TOR',leads
507,507,507,200104140MIL,40.7,25.7,2nd quarter,2:06.0,Ray Allen,MIL,False,3-pointer,27,61-37,'TOR',leads
508,508,508,200104140MIL,37.2,14.3,2nd quarter,1:32.0,Sam Cassell,MIL,False,2-pointer,16,61-39,'TOR',leads
509,509,509,200104140MIL,24.0,5.0,2nd quarter,1:30.0,Glenn Robinson,MIL,True,2-pointer,0,63-39,'TOR',leads
510,510,510,200104140MIL,15.4,5.9,2nd quarter,0:59.9,Sam Cassell,MIL,True,2-pointer,9,65-39,'TOR',leads
511,511,511,200104140MIL,31.7,10.5,2nd quarter,0:31.9,Sam Cassell,MIL,True,2-pointer,9,67-41,'TOR',leads
512,512,512,200104140MIL,8.3,27.8,2nd quarter,0:01.0,Sam Cassell,MIL,False,3-pointer,28,67-44,'TOR',leads
513,513,513,200104140MIL,25.8,26.1,3rd quarter,11:28.0,Sam Cassell,MIL,True,2-pointer,21,69-44,'TOR',leads
514,514,514,200104140MIL,24.0,5.0,3rd quarter,11:00.0,Glenn Robinson,MIL,True,2-pointer,0,71-46,'TOR',leads
515,515,515,200104140MIL,33.8,21.0,3rd quarter,10:21.0,Glenn Robinson,MIL,False,2-pointer,19,71-48,'TOR',leads
516,516,516,200104140MIL,15.4,3.7,3rd quarter,9:37.0,Glenn Robinson,MIL,False,2-pointer,9,71-50,'TOR',leads
517,517,517,200104140MIL,25.8,22.7,3rd quarter,9:03.0,Glenn Robinson,MIL,False,2-pointer,18,71-52,'TOR',leads
518,518,518,200104140MIL,17.5,9.2,3rd quarter,8:08.0,Glenn Robinson,MIL,False,2-pointer,8,71-52,'TOR',leads
519,519,519,200104140MIL,0.2,5.9,3rd quarter,7:31.0,Ray Allen,MIL,False,3-pointer,24,71-52,'TOR',leads
520,520,520,200104140MIL,24.0,5.0,3rd quarter,7:03.0,Glenn Robinson,MIL,True,2-pointer,0,73-52,'TOR',leads
521,521,521,200104140MIL,11.6,16.6,3rd quarter,5:59.0,Glenn Robinson,MIL,False,2-pointer,17,74-54,'TOR',leads
522,522,522,200104140MIL,36.5,19.4,3rd quarter,5:40.0,Sam Cassell,MIL,True,2-pointer,19,76-54,'TOR',leads
523,523,523,200104140MIL,31.7,13.2,3rd quarter,5:01.0,Glenn Robinson,MIL,True,2-pointer,11,78-56,'TOR',leads
524,524,524,200104140MIL,14.6,5.0,3rd quarter,4:35.0,Sam Cassell,MIL,True,2-pointer,9,80-56,'TOR',leads
525,525,525,200104140MIL,14.6,21.0,3rd quarter,3:46.0,Ray Allen,MIL,True,2-pointer,19,82-58,'TOR',leads
526,526,526,200104140MIL,36.5,6.5,3rd quarter,2:04.0,Darvin Ham,MIL,True,2-pointer,13,84-59,'TOR',leads
527,527,527,200104140MIL,7.4,25.0,3rd quarter,1:27.0,Lindsey Hunter,MIL,True,3-pointer,26,87-61,'TOR',leads
528,528,528,200104140MIL,13.1,16.6,3rd quarter,0:46.4,Lindsey Hunter,MIL,False,2-pointer,16,87-64,'TOR',leads
529,529,529,200104140MIL,24.0,5.0,3rd quarter,0:14.7,Darvin Ham,MIL,False,2-pointer,0,87-64,'TOR',leads
530,530,530,200104140MIL,47.3,5.9,4th quarter,11:21.0,Mark Pope,MIL,False,3-pointer,23,87-67,'TOR',leads
531,531,531,200104140MIL,24.0,5.0,4th quarter,11:18.0,Ervin Johnson,MIL,True,2-pointer,0,89-67,'TOR',leads
532,532,532,200104140MIL,36.5,19.4,4th quarter,10:47.0,Ray Allen,MIL,True,2-pointer,19,91-69,'TOR',leads
533,533,533,200104140MIL,11.6,4.4,4th quarter,10:24.0,Scott Williams,MIL,True,2-pointer,12,93-69,'TOR',leads
534,534,534,200104140MIL,31.7,31.2,4th quarter,9:14.0,Ray Allen,MIL,True,3-pointer,27,96-73,'TOR',leads
535,535,535,200104140MIL,1.7,16.6,4th quarter,8:38.0,Lindsey Hunter,MIL,True,3-pointer,25,99-75,'TOR',leads
536,536,536,200104140MIL,24.0,5.0,4th quarter,7:55.0,Ray Allen,MIL,True,2-pointer,0,101-75,'TOR',leads
537,537,537,200104140MIL,4.7,4.4,4th quarter,7:30.0,Lindsey Hunter,MIL,False,2-pointer,19,101-77,'TOR',leads
538,538,538,200104140MIL,12.5,18.3,4th quarter,7:00.0,Scott Williams,MIL,False,2-pointer,18,101-79,'TOR',leads
539,539,539,200104140MIL,47.3,3.7,4th quarter,6:39.0,Ray Allen,MIL,True,3-pointer,23,104-79,'TOR',leads
540,540,540,200104140MIL,1.7,13.7,4th quarter,5:38.0,Rafer Alston,MIL,False,3-pointer,24,104-81,'TOR',leads
541,541,541,200104140MIL,13.1,13.2,4th quarter,4:25.0,Rafer Alston,MIL,False,2-pointer,14,106-82,'TOR',leads
542,542,542,200104140MIL,43.7,3.1,4th quarter,4:07.0,Jerome Kersey,MIL,False,2-pointer,20,106-82,'TOR',leads
543,543,543,200104140MIL,10.4,6.9,4th quarter,3:30.0,Jerome Kersey,MIL,True,2-pointer,14,108-82,'TOR',leads
544,544,544,200104140MIL,11.0,10.5,4th quarter,2:55.0,Jerome Kersey,MIL,False,2-pointer,14,108-84,'TOR',leads
545,545,545,200104140MIL,5.3,10.9,4th quarter,1:56.0,Jerome Kersey,MIL,True,2-pointer,20,110-84,'TOR',leads
546,546,546,200104140MIL,24.3,5.9,4th quarter,0:47.6,Joel Przybilla,MIL,False,2-pointer,1,110-86,'TOR',leads
547,547,547,200104140MIL,20.3,26.1,4th quarter,0:22.6,Jerome Kersey,MIL,True,2-pointer,21,112-86,'TOR',leads
548,548,548,200104140SAS,41.6,8.6,1st quarter,11:29.0,Raef LaFrentz,DEN,False,2-pointer,18,0-0,'SAS',tied
549,549,549,200104140SAS,29.6,6.9,1st quarter,11:24.0,Kevin Willis,DEN,False,2-pointer,6,0-0,'SAS',tied
550,550,550,200104140SAS,22.4,6.5,1st quarter,11:21.0,Raef LaFrentz,DEN,False,2-pointer,2,0-0,'SAS',tied
551,551,551,200104140SAS,10.4,9.9,1st quarter,11:00.0,Robert Pack,DEN,False,2-pointer,14,0-2,'SAS',trails
552,552,552,200104140SAS,28.7,12.0,1st quarter,10:05.0,George McCloud,DEN,False,2-pointer,8,0-4,'SAS',trails
553,553,553,200104140SAS,19.6,6.5,1st quarter,9:30.0,George McCloud,DEN,False,2-pointer,5,0-6,'SAS',trails
554,554,554,200104140SAS,23.2,4.4,1st quarter,8:22.0,George McCloud,DEN,False,2-pointer,1,0-11,'SAS',trails
555,555,555,200104140SAS,23.2,5.4,1st quarter,8:02.0,James Posey,DEN,False,2-pointer,1,0-11,'SAS',trails
556,556,556,200104140SAS,41.6,7.6,1st quarter,7:57.0,Robert Pack,DEN,False,2-pointer,18,0-11,'SAS',trails
557,557,557,200104140SAS,32.3,6.9,1st quarter,7:20.0,James Posey,DEN,True,2-pointer,9,2-14,'SAS',trails
558,558,558,200104140SAS,12.5,11.6,1st quarter,6:37.0,George McCloud,DEN,True,2-pointer,13,4-14,'SAS',trails
559,559,559,200104140SAS,23.9,5.4,1st quarter,6:01.0,Kevin Willis,DEN,True,2-pointer,0,6-14,'SAS',trails
560,560,560,200104140SAS,40.7,22.1,1st quarter,5:38.0,James Posey,DEN,False,3-pointer,24,6-15,'SAS',trails
561,561,561,200104140SAS,41.6,5.4,1st quarter,4:35.0,George McCloud,DEN,True,2-pointer,18,8-19,'SAS',trails
562,562,562,200104140SAS,8.9,8.0,1st quarter,4:08.0,Robert Pack,DEN,False,2-pointer,15,8-21,'SAS',trails
563,563,563,200104140SAS,23.2,5.4,1st quarter,3:44.0,Robert Pack,DEN,True,2-pointer,1,10-21,'SAS',trails
564,564,564,200104140SAS,24.3,5.4,1st quarter,3:15.0,Raef LaFrentz,DEN,True,2-pointer,1,13-21,'SAS',trails
565,565,565,200104140SAS,42.2,22.1,1st quarter,2:41.0,George McCloud,DEN,True,3-pointer,25,16-21,'SAS',trails
566,566,566,200104140SAS,43.1,6.9,1st quarter,2:00.0,Voshon Lenard,DEN,True,2-pointer,19,18-24,'SAS',trails
567,567,567,200104140SAS,47.3,13.2,1st quarter,1:36.0,Voshon Lenard,DEN,False,3-pointer,25,18-24,'SAS',trails
568,568,568,200104140SAS,25.1,4.4,1st quarter,1:03.0,Ryan Bowen,DEN,False,2-pointer,1,18-24,'SAS',trails
569,569,569,200104140SAS,35.0,22.1,1st quarter,0:49.3,George McCloud,DEN,False,2-pointer,20,18-24,'SAS',trails
570,570,570,200104140SAS,15.4,11.6,1st quarter,0:26.6,Voshon Lenard,DEN,False,2-pointer,11,18-27,'SAS',trails
571,571,571,200104140SAS,9.3,5.2,2nd quarter,11:45.0,Voshon Lenard,DEN,False,2-pointer,15,20-27,'SAS',trails
572,572,572,200104140SAS,36.9,9.0,2nd quarter,11:18.0,George McCloud,DEN,False,2-pointer,14,20-30,'SAS',trails
573,573,573,200104140SAS,47.7,5.2,2nd quarter,10:49.0,Voshon Lenard,DEN,False,3-pointer,24,20-30,'SAS',trails
574,574,574,200104140SAS,39.9,19.1,2nd quarter,10:30.0,Anthony Goldwire,DEN,False,2-pointer,21,20-30,'SAS',trails
575,575,575,200104140SAS,24.9,5.7,2nd quarter,9:43.0,Raef LaFrentz,DEN,True,2-pointer,1,22-30,'SAS',trails
576,576,576,200104140SAS,22.2,28.8,2nd quarter,8:35.0,Raef LaFrentz,DEN,True,3-pointer,24,26-35,'SAS',trails
577,577,577,200104140SAS,38.4,11.8,2nd quarter,7:37.0,Voshon Lenard,DEN,False,2-pointer,16,26-38,'SAS',trails
578,578,578,200104140SAS,9.3,9.7,2nd quarter,7:28.0,Kevin Willis,DEN,False,2-pointer,15,26-38,'SAS',trails
579,579,579,200104140SAS,23.0,4.8,2nd quarter,7:26.0,Kevin Willis,DEN,True,2-pointer,1,28-38,'SAS',trails
580,580,580,200104140SAS,39.0,6.7,2nd quarter,6:09.0,Raef LaFrentz,DEN,False,2-pointer,15,28-40,'SAS',trails
581,581,581,200104140SAS,26.2,6.3,2nd quarter,6:01.0,George McCloud,DEN,False,2-pointer,3,28-40,'SAS',trails
582,582,582,200104140SAS,23.6,4.8,2nd quarter,5:59.0,James Posey,DEN,False,2-pointer,0,28-40,'SAS',trails
583,583,583,200104140SAS,24.9,4.8,2nd quarter,5:43.0,Robert Pack,DEN,False,2-pointer,1,28-40,'SAS',trails
584,584,584,200104140SAS,8.0,7.3,2nd quarter,5:17.0,Kevin Willis,DEN,True,2-pointer,16,30-43,'SAS',trails
585,585,585,200104140SAS,14.4,28.8,2nd quarter,4:41.0,Raef LaFrentz,DEN,False,3-pointer,26,30-45,'SAS',trails
586,586,586,200104140SAS,12.3,5.7,2nd quarter,4:12.0,Kevin Willis,DEN,False,2-pointer,12,30-47,'SAS',trails
587,587,587,200104140SAS,24.9,5.2,2nd quarter,4:09.0,George McCloud,DEN,True,2-pointer,1,32-47,'SAS',trails
588,588,588,200104140SAS,47.1,9.0,2nd quarter,3:47.0,George McCloud,DEN,True,3-pointer,23,35-47,'SAS',trails
589,589,589,200104140SAS,0.0,4.2,2nd quarter,2:44.0,George McCloud,DEN,False,3-pointer,24,37-49,'SAS',trails
590,590,590,200104140SAS,36.9,25.9,2nd quarter,2:16.0,Raef LaFrentz,DEN,False,3-pointer,25,37-51,'SAS',trails
591,591,591,200104140SAS,36.9,4.2,2nd quarter,2:11.0,George McCloud,DEN,True,2-pointer,13,39-51,'SAS',trails
592,592,592,200104140SAS,23.0,5.2,2nd quarter,1:39.0,George McCloud,DEN,True,2-pointer,1,41-51,'SAS',trails
593,593,593,200104140SAS,18.8,16.4,2nd quarter,1:16.0,Robert Pack,DEN,True,2-pointer,13,43-51,'SAS',trails
594,594,594,200104140SAS,24.9,5.2,2nd quarter,0:46.5,Robert Pack,DEN,False,2-pointer,1,43-53,'SAS',trails
595,595,595,200104140SAS,27.0,4.2,2nd quarter,0:29.9,Robert Pack,DEN,False,2-pointer,3,44-55,'SAS',trails
596,596,596,200104140SAS,0.9,6.7,2nd quarter,0:05.9,George McCloud,DEN,False,3-pointer,23,44-55,'SAS',trails
597,597,597,200104140SAS,47.7,5.2,2nd quarter,0:00.3,Kevin Willis,DEN,False,3-pointer,24,44-55,'SAS',trails
598,598,598,200104140SAS,23.6,5.2,3rd quarter,11:28.0,Robert Pack,DEN,True,2-pointer,0,46-55,'SAS',trails
599,599,599,200104140SAS,24.1,17.5,3rd quarter,10:56.0,Robert Pack,DEN,True,2-pointer,13,48-55,'SAS',trails
600,600,600,200104140SAS,24.1,5.2,3rd quarter,10:33.0,George McCloud,DEN,True,2-pointer,0,50-57,'SAS',trails
601,601,601,200104140SAS,38.4,12.4,3rd quarter,10:09.0,Robert Pack,DEN,False,2-pointer,16,50-59,'SAS',trails
602,602,602,200104140SAS,23.6,11.8,3rd quarter,10:06.0,Raef LaFrentz,DEN,True,2-pointer,7,52-59,'SAS',trails
603,603,603,200104140SAS,8.7,24.8,3rd quarter,9:30.0,Robert Pack,DEN,False,3-pointer,25,52-59,'SAS',trails
604,604,604,200104140SAS,23.6,5.2,3rd quarter,8:58.0,Robert Pack,DEN,False,2-pointer,0,52-59,'SAS',trails
605,605,605,200104140SAS,29.4,6.3,3rd quarter,7:11.0,Raef LaFrentz,DEN,False,2-pointer,6,52-65,'SAS',trails
606,606,606,200104140SAS,21.5,5.2,3rd quarter,7:07.0,Raef LaFrentz,DEN,False,2-pointer,3,52-65,'SAS',trails
607,607,607,200104140SAS,9.3,6.3,3rd quarter,6:43.0,Kevin Willis,DEN,False,2-pointer,15,52-67,'SAS',trails
608,608,608,200104140SAS,24.1,9.7,3rd quarter,5:32.0,Robert Pack,DEN,False,2-pointer,5,52-69,'SAS',trails
609,609,609,200104140SAS,15.8,7.3,3rd quarter,5:03.0,Ryan Bowen,DEN,False,2-pointer,9,52-71,'SAS',trails
610,610,610,200104140SAS,24.1,4.2,3rd quarter,3:40.0,Raef LaFrentz,DEN,False,2-pointer,1,54-75,'SAS',trails
611,611,611,200104140SAS,44.3,9.0,3rd quarter,2:22.0,George McCloud,DEN,False,2-pointer,21,56-82,'SAS',trails
612,612,612,200104140SAS,24.9,4.8,3rd quarter,1:51.0,Voshon Lenard,DEN,True,2-pointer,1,58-85,'SAS',trails
613,613,613,200104140SAS,7.2,6.3,3rd quarter,1:25.0,Anthony Goldwire,DEN,False,2-pointer,17,58-85,'SAS',trails
614,614,614,200104140SAS,24.1,9.0,3rd quarter,0:52.9,Anthony Goldwire,DEN,True,2-pointer,4,60-85,'SAS',trails
615,615,615,200104140SAS,23.6,4.8,3rd quarter,0:30.3,Dan McClintock,DEN,True,2-pointer,0,62-85,'SAS',trails
616,616,616,200104140SAS,24.1,4.8,3rd quarter,0:04.1,Anthony Goldwire,DEN,True,2-pointer,0,64-85,'SAS',trails
617,617,617,200104140SAS,23.6,5.2,4th quarter,11:41.0,Ryan Bowen,DEN,True,2-pointer,0,66-85,'SAS',trails
618,618,618,200104140SAS,12.9,7.3,4th quarter,11:15.0,George McCloud,DEN,True,2-pointer,11,68-85,'SAS',trails
619,619,619,200104140SAS,8.7,5.7,4th quarter,10:39.0,Anthony Goldwire,DEN,True,2-pointer,15,70-88,'SAS',trails
620,620,620,200104140SAS,24.1,5.7,4th quarter,10:13.0,Ryan Bowen,DEN,True,2-pointer,1,72-88,'SAS',trails
621,621,621,200104140SAS,24.1,5.2,4th quarter,9:45.0,Voshon Lenard,DEN,True,2-pointer,0,74-88,'SAS',trails
622,622,622,200104140SAS,17.3,5.7,4th quarter,9:14.0,George McCloud,DEN,True,2-pointer,7,76-88,'SAS',trails
623,623,623,200104140SAS,42.8,20.4,4th quarter,8:51.0,George McCloud,DEN,False,3-pointer,24,76-88,'SAS',trails
624,624,624,200104140SAS,0.9,6.7,4th quarter,8:15.0,Anthony Goldwire,DEN,False,3-pointer,23,76-90,'SAS',trails
625,625,625,200104140SAS,37.8,24.8,4th quarter,7:52.0,Voshon Lenard,DEN,False,3-pointer,24,76-92,'SAS',trails
626,626,626,200104140SAS,8.0,22.5,4th quarter,7:48.0,George McCloud,DEN,False,3-pointer,24,76-92,'SAS',trails
627,627,627,200104140SAS,16.7,6.3,4th quarter,7:22.0,Voshon Lenard,DEN,False,2-pointer,7,76-94,'SAS',trails
628,628,628,200104140SAS,8.0,24.2,4th quarter,7:16.0,Anthony Goldwire,DEN,False,3-pointer,25,76-94,'SAS',trails
629,629,629,200104140SAS,22.2,29.9,4th quarter,6:46.0,Anthony Goldwire,DEN,False,3-pointer,25,76-94,'SAS',trails
630,630,630,200104140SAS,23.6,4.8,4th quarter,6:40.0,James Posey,DEN,False,2-pointer,0,76-94,'SAS',trails
631,631,631,200104140SAS,12.3,6.7,4th quarter,6:37.0,Dan McClintock,DEN,True,2-pointer,12,78-94,'SAS',trails
632,632,632,200104140SAS,30.6,7.8,4th quarter,5:34.0,Voshon Lenard,DEN,False,2-pointer,7,78-98,'SAS',trails
633,633,633,200104140SAS,36.3,9.0,4th quarter,5:31.0,Dan McClintock,DEN,True,2-pointer,13,80-98,'SAS',trails
634,634,634,200104140SAS,23.6,5.2,4th quarter,4:48.0,Anthony Goldwire,DEN,True,2-pointer,0,82-100,'SAS',trails
635,635,635,200104140SAS,47.1,8.4,4th quarter,4:11.0,Voshon Lenard,DEN,False,3-pointer,23,82-102,'SAS',trails
636,636,636,200104140SAS,47.1,6.3,4th quarter,3:39.0,Voshon Lenard,DEN,True,3-pointer,23,85-104,'SAS',trails
637,637,637,200104140SAS,39.0,15.4,4th quarter,2:42.0,Anthony Goldwire,DEN,True,2-pointer,18,87-104,'SAS',trails
638,638,638,200104140SAS,39.0,24.2,4th quarter,2:19.0,Anthony Goldwire,DEN,False,3-pointer,24,87-104,'SAS',trails
639,639,639,200104140SAS,30.0,21.9,4th quarter,1:43.0,Ryan Bowen,DEN,True,2-pointer,18,89-107,'SAS',trails
640,640,640,200104140SAS,8.0,7.3,4th quarter,1:06.0,Dan McClintock,DEN,False,2-pointer,16,89-109,'SAS',trails
641,641,641,200104140SAS,23.6,6.3,4th quarter,1:04.0,Ryan Bowen,DEN,True,2-pointer,1,91-109,'SAS',trails
642,642,642,200104140SAS,23.6,5.7,4th quarter,0:36.6,Ryan Bowen,DEN,True,2-pointer,1,93-109,'SAS',trails
643,643,643,200104140SAS,23.0,5.7,4th quarter,0:07.5,Anthony Goldwire,DEN,True,2-pointer,1,95-111,'SAS',trails
644,644,644,200104140SAS,46.6,8.6,1st quarter,11:35.0,Danny Ferry,SAS,False,3-pointer,23,0-0,'SAS',tied
645,645,645,200104140SAS,23.9,5.0,1st quarter,11:11.0,David Robinson,SAS,True,2-pointer,0,2-0,'SAS',leads
646,646,646,200104140SAS,23.2,5.0,1st quarter,10:47.0,Derek Anderson,SAS,False,2-pointer,1,2-0,'SAS',leads
647,647,647,200104140SAS,14.6,17.7,1st quarter,10:20.0,Danny Ferry,SAS,True,2-pointer,16,4-0,'SAS',leads
648,648,648,200104140SAS,23.2,6.5,1st quarter,9:53.0,Terry Porter,SAS,True,2-pointer,2,6-0,'SAS',leads
649,649,649,200104140SAS,47.3,9.9,1st quarter,9:19.0,Danny Ferry,SAS,True,3-pointer,24,9-0,'SAS',leads
650,650,650,200104140SAS,24.3,4.4,1st quarter,8:44.0,Tim Duncan,SAS,True,2-pointer,1,11-0,'SAS',leads
651,651,651,200104140SAS,46.6,3.7,1st quarter,7:46.0,Terry Porter,SAS,True,3-pointer,23,14-0,'SAS',leads
652,652,652,200104140SAS,11.6,8.0,1st quarter,7:06.0,David Robinson,SAS,False,2-pointer,13,14-2,'SAS',leads
653,653,653,200104140SAS,31.7,10.5,1st quarter,6:47.0,Tim Duncan,SAS,False,2-pointer,9,14-2,'SAS',leads
654,654,654,200104140SAS,16.1,8.6,1st quarter,5:27.0,Tim Duncan,SAS,True,2-pointer,9,17-6,'SAS',leads
655,655,655,200104140SAS,38.0,6.5,1st quarter,4:50.0,Derek Anderson,SAS,True,2-pointer,14,19-6,'SAS',leads
656,656,656,200104140SAS,23.2,4.4,1st quarter,4:20.0,David Robinson,SAS,True,2-pointer,1,21-8,'SAS',leads
657,657,657,200104140SAS,8.9,25.0,1st quarter,2:59.0,Derek Anderson,SAS,False,3-pointer,25,21-13,'SAS',leads
658,658,658,200104140SAS,24.3,5.0,1st quarter,2:49.0,Derek Anderson,SAS,False,2-pointer,0,21-13,'SAS',leads
659,659,659,200104140SAS,11.6,27.2,1st quarter,2:23.0,Terry Porter,SAS,True,3-pointer,25,24-16,'SAS',leads
660,660,660,200104140SAS,25.8,9.2,1st quarter,1:42.0,Sean Elliott,SAS,False,2-pointer,5,24-18,'SAS',leads
661,661,661,200104140SAS,0.2,4.4,1st quarter,1:23.0,Terry Porter,SAS,False,3-pointer,24,24-18,'SAS',leads
662,662,662,200104140SAS,1.1,5.9,1st quarter,0:38.6,Derek Anderson,SAS,True,3-pointer,23,27-18,'SAS',leads
663,663,663,200104140SAS,7.4,23.8,1st quarter,0:19.2,Derek Anderson,SAS,False,3-pointer,25,27-18,'SAS',leads
664,664,664,200104140SAS,16.1,12.6,1st quarter,0:00.0,Tim Duncan,SAS,False,2-pointer,11,27-20,'SAS',leads
665,665,665,200104140SAS,39.0,24.2,2nd quarter,11:35.0,Sean Elliott,SAS,True,3-pointer,24,30-20,'SAS',leads
666,666,666,200104140SAS,1.5,6.3,2nd quarter,10:57.0,Antonio Daniels,SAS,False,3-pointer,23,30-20,'SAS',leads
667,667,667,200104140SAS,33.6,5.7,2nd quarter,10:40.0,Malik Rose,SAS,False,2-pointer,10,30-20,'SAS',leads
668,668,668,200104140SAS,34.8,28.2,2nd quarter,10:05.0,Antonio Daniels,SAS,False,3-pointer,26,30-20,'SAS',leads
669,669,669,200104140SAS,43.5,19.1,2nd quarter,9:28.0,Sean Elliott,SAS,True,3-pointer,24,33-22,'SAS',leads
670,670,670,200104140SAS,23.0,4.8,2nd quarter,8:58.0,David Robinson,SAS,True,2-pointer,1,35-23,'SAS',leads
671,671,671,200104140SAS,23.6,11.8,2nd quarter,8:15.0,Samaki Walker,SAS,False,2-pointer,7,35-26,'SAS',leads
672,672,672,200104140SAS,23.0,21.5,2nd quarter,7:52.0,Samaki Walker,SAS,True,2-pointer,17,37-26,'SAS',leads
673,673,673,200104140SAS,23.6,4.2,2nd quarter,7:05.0,David Robinson,SAS,False,2-pointer,1,38-28,'SAS',leads
674,674,674,200104140SAS,16.7,7.8,2nd quarter,6:39.0,Antonio Daniels,SAS,False,2-pointer,8,38-28,'SAS',leads
675,675,675,200104140SAS,24.1,4.2,2nd quarter,5:35.0,Antonio Daniels,SAS,True,2-pointer,1,42-28,'SAS',leads
676,676,676,200104140SAS,10.2,13.0,2nd quarter,4:56.0,Avery Johnson,SAS,True,2-pointer,16,45-30,'SAS',leads
677,677,677,200104140SAS,23.6,4.2,2nd quarter,4:33.0,Derek Anderson,SAS,True,2-pointer,1,47-30,'SAS',leads
678,678,678,200104140SAS,7.2,23.1,2nd quarter,3:59.0,Derek Anderson,SAS,False,3-pointer,25,47-32,'SAS',leads
679,679,679,200104140SAS,28.5,9.0,2nd quarter,3:22.0,David Robinson,SAS,True,2-pointer,6,49-35,'SAS',leads
680,680,680,200104140SAS,41.4,23.1,2nd quarter,1:53.0,Danny Ferry,SAS,False,3-pointer,25,51-39,'SAS',leads
681,681,681,200104140SAS,23.0,5.2,2nd quarter,0:56.7,David Robinson,SAS,True,2-pointer,1,53-43,'SAS',leads
682,682,682,200104140SAS,37.8,6.3,2nd quarter,0:19.0,David Robinson,SAS,False,2-pointer,14,55-44,'SAS',leads
683,683,683,200104140SAS,34.2,7.3,2nd quarter,0:15.7,David Robinson,SAS,False,2-pointer,10,55-44,'SAS',leads
684,684,684,200104140SAS,24.1,4.2,3rd quarter,11:38.0,David Robinson,SAS,False,2-pointer,1,55-44,'SAS',leads
685,685,685,200104140SAS,3.6,6.7,3rd quarter,11:04.0,Danny Ferry,SAS,False,2-pointer,20,55-46,'SAS',leads
686,686,686,200104140SAS,8.7,8.4,3rd quarter,10:19.0,Tim Duncan,SAS,True,2-pointer,16,59-50,'SAS',leads
687,687,687,200104140SAS,10.2,7.8,3rd quarter,9:40.0,Tim Duncan,SAS,False,2-pointer,14,59-52,'SAS',leads
688,688,688,200104140SAS,39.0,9.7,3rd quarter,9:14.0,Tim Duncan,SAS,False,2-pointer,16,59-52,'SAS',leads
689,689,689,200104140SAS,25.6,6.3,3rd quarter,9:11.0,David Robinson,SAS,False,2-pointer,2,59-52,'SAS',leads
690,690,690,200104140SAS,47.1,4.8,3rd quarter,8:22.0,Terry Porter,SAS,True,3-pointer,23,63-52,'SAS',leads
691,691,691,200104140SAS,32.1,8.4,3rd quarter,7:28.0,Derek Anderson,SAS,False,2-pointer,9,65-52,'SAS',leads
692,692,692,200104140SAS,24.1,5.2,3rd quarter,7:00.0,David Robinson,SAS,True,2-pointer,0,67-52,'SAS',leads
693,693,693,200104140SAS,38.4,16.8,3rd quarter,6:30.0,Terry Porter,SAS,False,2-pointer,19,67-52,'SAS',leads
694,694,694,200104140SAS,23.6,4.2,3rd quarter,6:16.0,David Robinson,SAS,True,2-pointer,1,69-52,'SAS',leads
695,695,695,200104140SAS,24.1,4.8,3rd quarter,4:54.0,Tim Duncan,SAS,False,2-pointer,0,71-52,'SAS',leads
696,696,696,200104140SAS,23.6,5.2,3rd quarter,4:53.0,Tim Duncan,SAS,True,2-pointer,0,73-52,'SAS',leads
697,697,697,200104140SAS,27.7,10.3,3rd quarter,4:16.0,Derek Anderson,SAS,False,2-pointer,6,73-54,'SAS',leads
698,698,698,200104140SAS,23.6,5.2,3rd quarter,4:12.0,Samaki Walker,SAS,True,2-pointer,0,75-54,'SAS',leads
699,699,699,200104140SAS,24.1,4.8,3rd quarter,3:28.0,Samaki Walker,SAS,True,2-pointer,0,77-54,'SAS',leads
700,700,700,200104140SAS,46.4,7.3,3rd quarter,3:07.0,Sean Elliott,SAS,True,3-pointer,23,81-56,'SAS',leads
701,701,701,200104140SAS,20.1,5.2,3rd quarter,2:38.0,Tim Duncan,SAS,False,2-pointer,4,81-56,'SAS',leads
702,702,702,200104140SAS,47.1,5.2,3rd quarter,2:09.0,Sean Elliott,SAS,True,3-pointer,23,85-56,'SAS',leads
703,703,703,200104140SAS,35.7,16.4,3rd quarter,1:37.0,Avery Johnson,SAS,False,2-pointer,16,85-58,'SAS',leads
704,704,704,200104140SAS,43.5,34.3,3rd quarter,0:00.0,Antonio Daniels,SAS,False,3-pointer,35,85-64,'SAS',leads
705,705,705,200104140SAS,0.9,6.7,4th quarter,10:53.0,Derek Anderson,SAS,True,3-pointer,23,88-68,'SAS',leads
706,706,706,200104140SAS,32.7,23.6,4th quarter,10:23.0,Antonio Daniels,SAS,False,2-pointer,21,88-70,'SAS',leads
707,707,707,200104140SAS,33.6,18.5,4th quarter,9:25.0,Tim Duncan,SAS,False,2-pointer,17,88-74,'SAS',leads
708,708,708,200104140SAS,23.6,5.2,4th quarter,8:29.0,David Robinson,SAS,True,2-pointer,0,90-76,'SAS',leads
709,709,709,200104140SAS,24.1,4.8,4th quarter,8:10.0,Antonio Daniels,SAS,True,2-pointer,0,92-76,'SAS',leads
710,710,710,200104140SAS,18.0,16.8,4th quarter,7:39.0,Avery Johnson,SAS,True,2-pointer,13,94-76,'SAS',leads
711,711,711,200104140SAS,34.8,20.4,4th quarter,6:11.0,Derek Anderson,SAS,True,2-pointer,19,96-78,'SAS',leads
712,712,712,200104140SAS,23.6,6.3,4th quarter,5:43.0,Derek Anderson,SAS,True,2-pointer,1,98-78,'SAS',leads
713,713,713,200104140SAS,39.0,10.7,4th quarter,5:12.0,Avery Johnson,SAS,False,2-pointer,16,98-80,'SAS',leads
714,714,714,200104140SAS,23.6,5.2,4th quarter,5:09.0,Tim Duncan,SAS,True,2-pointer,0,100-80,'SAS',leads
715,715,715,200104140SAS,23.0,5.2,4th quarter,4:27.0,David Robinson,SAS,True,2-pointer,1,102-82,'SAS',leads
716,716,716,200104140SAS,23.6,4.8,4th quarter,4:05.0,Antonio Daniels,SAS,True,2-pointer,0,104-82,'SAS',leads
717,717,717,200104140SAS,29.4,24.2,4th quarter,2:52.0,Steve Kerr,SAS,False,2-pointer,20,104-85,'SAS',leads
718,718,718,200104140SAS,47.1,10.7,4th quarter,1:57.0,Steve Kerr,SAS,True,3-pointer,24,107-87,'SAS',leads
719,719,719,200104140SAS,10.8,10.3,4th quarter,1:25.0,Malik Rose,SAS,True,2-pointer,14,109-89,'SAS',leads
720,720,720,200104140SAS,32.7,7.8,4th quarter,0:42.9,Antonio Daniels,SAS,False,2-pointer,9,109-91,'SAS',leads
721,721,721,200104140SAS,23.6,5.2,4th quarter,0:24.8,Shawnelle Scott,SAS,True,2-pointer,0,111-93,'SAS',leads
722,722,722,200104140VAN,27.9,6.1,1st quarter,11:49.0,Kelvin Cato,HOU,True,2-pointer,4,2-0,'HOU',leads
723,723,723,200104140VAN,20.9,22.1,1st quarter,10:53.0,Cuttino Mobley,HOU,True,2-pointer,17,4-0,'HOU',leads
724,724,724,200104140VAN,20.3,5.0,1st quarter,10:22.0,Cuttino Mobley,HOU,True,2-pointer,4,6-0,'HOU',leads
725,725,725,200104140VAN,20.9,11.1,1st quarter,9:34.0,Steve Francis,HOU,False,2-pointer,7,6-2,'HOU',leads
726,726,726,200104140VAN,37.2,19.4,1st quarter,9:21.0,Shandon Anderson,HOU,True,2-pointer,20,8-2,'HOU',leads
727,727,727,200104140VAN,28.5,6.1,1st quarter,8:54.0,Kelvin Cato,HOU,False,2-pointer,5,8-2,'HOU',leads
728,728,728,200104140VAN,22.4,5.4,1st quarter,8:36.0,Kelvin Cato,HOU,True,2-pointer,2,10-2,'HOU',leads
729,729,729,200104140VAN,25.8,8.8,1st quarter,8:08.0,Cuttino Mobley,HOU,True,2-pointer,4,12-2,'HOU',leads
730,730,730,200104140VAN,19.0,25.5,1st quarter,7:17.0,Steve Francis,HOU,False,2-pointer,21,12-4,'HOU',leads
731,731,731,200104140VAN,0.5,9.2,1st quarter,6:52.0,Shandon Anderson,HOU,False,3-pointer,24,12-6,'HOU',leads
732,732,732,200104140VAN,27.2,6.7,1st quarter,5:53.0,Shandon Anderson,HOU,False,2-pointer,4,12-6,'HOU',leads
733,733,733,200104140VAN,22.4,4.6,1st quarter,5:51.0,Cuttino Mobley,HOU,True,2-pointer,2,14-6,'HOU',leads
734,734,734,200104140VAN,27.9,7.8,1st quarter,5:23.0,Shandon Anderson,HOU,False,2-pointer,5,14-8,'HOU',leads
735,735,735,200104140VAN,20.9,22.1,1st quarter,4:16.0,Steve Francis,HOU,True,2-pointer,17,16-12,'HOU',leads
736,736,736,200104140VAN,7.6,25.5,1st quarter,3:44.0,Shandon Anderson,HOU,True,3-pointer,26,19-14,'HOU',leads
737,737,737,200104140VAN,1.3,6.1,1st quarter,3:02.0,Matt Bullard,HOU,True,3-pointer,23,22-16,'HOU',leads
738,738,738,200104140VAN,26.6,12.2,1st quarter,2:12.0,Matt Bullard,HOU,True,2-pointer,8,24-18,'HOU',leads
739,739,739,200104140VAN,31.5,28.2,1st quarter,0:57.9,Walt Williams,HOU,True,3-pointer,24,27-19,'HOU',leads
740,740,740,200104140VAN,9.7,17.0,1st quarter,0:12.9,Cuttino Mobley,HOU,False,2-pointer,19,27-19,'HOU',leads
741,741,741,200104140VAN,23.9,44.2,1st quarter,0:00.0,Steve Francis,HOU,False,3-pointer,39,27-21,'HOU',leads
742,742,742,200104140VAN,34.2,27.6,2nd quarter,11:20.0,Walt Williams,HOU,False,3-pointer,25,27-24,'HOU',leads
743,743,743,200104140VAN,26.6,6.1,2nd quarter,10:58.0,Carlos Rogers,HOU,True,2-pointer,3,29-24,'HOU',leads
744,744,744,200104140VAN,25.1,11.1,2nd quarter,10:15.0,Cuttino Mobley,HOU,False,2-pointer,6,29-24,'HOU',leads
745,745,745,200104140VAN,23.9,12.2,2nd quarter,9:43.0,Dan Langhi,HOU,False,2-pointer,7,29-26,'HOU',leads
746,746,746,200104140VAN,7.0,5.0,2nd quarter,9:12.0,Dan Langhi,HOU,True,2-pointer,17,31-28,'HOU',leads
747,747,747,200104140VAN,14.2,8.2,2nd quarter,8:36.0,Cuttino Mobley,HOU,False,2-pointer,10,31-30,'HOU',leads
748,748,748,200104140VAN,21.7,11.1,2nd quarter,8:00.0,Carlos Rogers,HOU,False,2-pointer,7,31-32,'HOU',trails
749,749,749,200104140VAN,21.7,6.7,2nd quarter,7:56.0,Dan Langhi,HOU,False,2-pointer,3,31-32,'HOU',trails
750,750,750,200104140VAN,11.0,6.1,2nd quarter,7:21.0,Sean Colson,HOU,False,2-pointer,13,31-34,'HOU',trails
751,751,751,200104140VAN,8.3,18.7,2nd quarter,6:59.0,Dan Langhi,HOU,True,2-pointer,21,33-34,'HOU',trails
752,752,752,200104140VAN,9.1,13.2,2nd quarter,5:41.0,Sean Colson,HOU,False,2-pointer,17,33-38,'HOU',trails
753,753,753,200104140VAN,26.6,5.0,2nd quarter,4:25.0,Carlos Rogers,HOU,True,2-pointer,3,35-42,'HOU',trails
754,754,754,200104140VAN,23.9,7.1,2nd quarter,3:20.0,Moochie Norris,HOU,True,2-pointer,2,37-44,'HOU',trails
755,755,755,200104140VAN,8.3,7.1,2nd quarter,2:24.0,Steve Francis,HOU,False,2-pointer,16,37-45,'HOU',trails
756,756,756,200104140VAN,32.7,11.1,2nd quarter,1:08.0,Cuttino Mobley,HOU,False,2-pointer,11,37-47,'HOU',trails
757,757,757,200104140VAN,15.4,18.3,2nd quarter,0:00.9,Steve Francis,HOU,False,2-pointer,16,37-51,'HOU',trails
758,758,758,200104140VAN,11.0,16.6,3rd quarter,10:51.0,Kelvin Cato,HOU,False,2-pointer,17,37-54,'HOU',trails
759,759,759,200104140VAN,13.3,20.4,3rd quarter,10:00.0,Matt Bullard,HOU,True,2-pointer,19,39-56,'HOU',trails
760,760,760,200104140VAN,21.7,5.4,3rd quarter,9:04.0,Shandon Anderson,HOU,True,2-pointer,2,41-56,'HOU',trails
761,761,761,200104140VAN,6.4,23.1,3rd quarter,8:29.0,Shandon Anderson,HOU,True,3-pointer,25,44-56,'HOU',trails
762,762,762,200104140VAN,25.8,5.4,3rd quarter,8:01.0,Shandon Anderson,HOU,True,2-pointer,2,46-56,'HOU',trails
763,763,763,200104140VAN,30.6,24.2,3rd quarter,7:25.0,Steve Francis,HOU,False,2-pointer,20,46-56,'HOU',trails
764,764,764,200104140VAN,23.9,12.2,3rd quarter,6:56.0,Kelvin Cato,HOU,False,2-pointer,7,46-59,'HOU',trails
765,765,765,200104140VAN,27.2,6.7,3rd quarter,6:24.0,Steve Francis,HOU,True,2-pointer,4,48-61,'HOU',trails
766,766,766,200104140VAN,27.9,4.6,3rd quarter,6:00.0,Shandon Anderson,HOU,False,2-pointer,4,49-61,'HOU',trails
767,767,767,200104140VAN,44.1,20.4,3rd quarter,5:31.0,Steve Francis,HOU,True,3-pointer,25,52-62,'HOU',trails
768,768,768,200104140VAN,21.7,30.5,3rd quarter,5:01.0,Steve Francis,HOU,True,3-pointer,26,55-62,'HOU',trails
769,769,769,200104140VAN,42.0,23.1,3rd quarter,4:21.0,Cuttino Mobley,HOU,True,3-pointer,26,58-62,'HOU',trails
770,770,770,200104140VAN,27.2,5.0,3rd quarter,3:52.0,Kelvin Cato,HOU,True,2-pointer,3,60-63,'HOU',trails
771,771,771,200104140VAN,34.2,12.2,3rd quarter,3:10.0,Cuttino Mobley,HOU,False,2-pointer,12,60-63,'HOU',trails
772,772,772,200104140VAN,47.1,5.0,3rd quarter,2:49.0,Matt Bullard,HOU,False,3-pointer,23,60-63,'HOU',trails
773,773,773,200104140VAN,4.9,21.5,3rd quarter,2:19.0,Steve Francis,HOU,False,3-pointer,25,60-63,'HOU',trails
774,774,774,200104140VAN,7.0,6.1,3rd quarter,1:47.0,Matt Bullard,HOU,True,2-pointer,17,63-63,'HOU',tied
775,775,775,200104140VAN,9.7,26.1,3rd quarter,1:25.0,Steve Francis,HOU,False,3-pointer,25,63-65,'HOU',trails
776,776,776,200104140VAN,20.3,29.9,3rd quarter,0:51.4,Shandon Anderson,HOU,True,3-pointer,25,66-67,'HOU',trails
777,777,777,200104140VAN,9.1,26.1,3rd quarter,0:00.9,Matt Bullard,HOU,True,3-pointer,26,69-69,'HOU',tied
778,778,778,200104140VAN,36.3,10.5,4th quarter,11:41.0,Cuttino Mobley,HOU,False,2-pointer,13,69-69,'HOU',tied
779,779,779,200104140VAN,22.4,5.0,4th quarter,11:39.0,Kelvin Cato,HOU,True,2-pointer,2,71-69,'HOU',leads
780,780,780,200104140VAN,37.8,8.2,4th quarter,11:05.0,Cuttino Mobley,HOU,True,2-pointer,14,73-69,'HOU',leads
781,781,781,200104140VAN,37.2,28.2,4th quarter,8:13.0,Matt Bullard,HOU,False,3-pointer,27,77-77,'HOU',tied
782,782,782,200104140VAN,26.6,5.4,4th quarter,7:38.0,Kelvin Cato,HOU,True,2-pointer,3,81-79,'HOU',leads
783,783,783,200104140VAN,0.5,4.6,4th quarter,6:45.0,Walt Williams,HOU,True,3-pointer,24,84-81,'HOU',leads
784,784,784,200104140VAN,9.1,25.5,4th quarter,5:38.0,Walt Williams,HOU,False,3-pointer,25,84-83,'HOU',leads
785,785,785,200104140VAN,11.8,18.7,4th quarter,5:27.0,Walt Williams,HOU,True,2-pointer,18,86-83,'HOU',leads
786,786,786,200104140VAN,41.2,23.8,4th quarter,4:48.0,Walt Williams,HOU,False,3-pointer,25,86-85,'HOU',leads
787,787,787,200104140VAN,8.3,15.6,4th quarter,4:07.0,Steve Francis,HOU,False,2-pointer,19,86-85,'HOU',leads
788,788,788,200104140VAN,19.0,7.8,4th quarter,3:32.0,Moochie Norris,HOU,True,2-pointer,6,88-87,'HOU',leads
789,789,789,200104140VAN,29.4,12.2,4th quarter,2:05.0,Shandon Anderson,HOU,False,2-pointer,9,90-87,'HOU',leads
790,790,790,200104140VAN,25.8,6.1,4th quarter,2:03.0,Shandon Anderson,HOU,False,2-pointer,2,90-87,'HOU',leads
791,791,791,200104140VAN,25.8,5.0,4th quarter,1:58.0,Kelvin Cato,HOU,True,2-pointer,2,92-87,'HOU',leads
792,792,792,200104140VAN,27.9,14.5,4th quarter,0:56.9,Shandon Anderson,HOU,False,2-pointer,10,94-89,'HOU',leads
793,793,793,200104140VAN,28.5,8.8,1st quarter,11:27.0,Mike Bibby,VAN,False,2-pointer,6,0-2,'HOU',trails
794,794,794,200104140VAN,17.5,21.5,1st quarter,11:03.0,Bryant Reeves,VAN,False,2-pointer,18,0-2,'HOU',trails
795,795,795,200104140VAN,26.6,6.7,1st quarter,10:39.0,Shareef Abdur-Rahim,VAN,False,2-pointer,3,0-4,'HOU',trails
796,796,796,200104140VAN,5.5,13.2,1st quarter,10:09.0,Damon Jones,VAN,False,2-pointer,20,0-6,'HOU',trails
797,797,797,200104140VAN,27.9,10.5,1st quarter,9:51.0,Bryant Reeves,VAN,False,2-pointer,7,0-6,'HOU',trails
798,798,798,200104140VAN,25.8,5.4,1st quarter,9:48.0,Grant Long,VAN,True,2-pointer,2,2-6,'HOU',trails
799,799,799,200104140VAN,26.6,5.4,1st quarter,9:29.0,Shareef Abdur-Rahim,VAN,False,2-pointer,3,2-6,'HOU',trails
800,800,800,200104140VAN,38.4,18.3,1st quarter,9:03.0,Mike Bibby,VAN,False,2-pointer,20,2-8,'HOU',trails
801,801,801,200104140VAN,9.1,19.4,1st quarter,8:50.0,Damon Jones,VAN,False,2-pointer,21,2-8,'HOU',trails
802,802,802,200104140VAN,47.1,5.4,1st quarter,8:20.0,Damon Jones,VAN,False,3-pointer,23,2-10,'HOU',trails
803,803,803,200104140VAN,40.5,5.4,1st quarter,7:53.0,Mike Bibby,VAN,True,2-pointer,17,4-12,'HOU',trails
804,804,804,200104140VAN,41.2,7.8,1st quarter,7:25.0,Mike Bibby,VAN,False,2-pointer,17,4-12,'HOU',trails
805,805,805,200104140VAN,19.6,8.2,1st quarter,7:06.0,Shareef Abdur-Rahim,VAN,True,2-pointer,5,6-12,'HOU',trails
806,806,806,200104140VAN,9.1,17.7,1st quarter,6:06.0,Shareef Abdur-Rahim,VAN,False,2-pointer,20,6-12,'HOU',trails
807,807,807,200104140VAN,42.0,24.2,1st quarter,6:00.0,Mike Bibby,VAN,False,3-pointer,26,6-12,'HOU',trails
808,808,808,200104140VAN,37.8,20.4,1st quarter,5:38.0,Kevin Edwards,VAN,True,2-pointer,21,8-14,'HOU',trails
809,809,809,200104140VAN,27.2,7.1,1st quarter,5:12.0,Bryant Reeves,VAN,True,2-pointer,4,10-14,'HOU',trails
810,810,810,200104140VAN,18.2,8.2,1st quarter,4:41.0,Shareef Abdur-Rahim,VAN,True,2-pointer,7,12-14,'HOU',trails
811,811,811,200104140VAN,23.9,22.7,1st quarter,3:58.0,Bryant Reeves,VAN,True,2-pointer,18,14-16,'HOU',trails
812,812,812,200104140VAN,47.1,4.6,1st quarter,3:26.0,Kevin Edwards,VAN,False,3-pointer,23,14-19,'HOU',trails
813,813,813,200104140VAN,25.8,6.1,1st quarter,3:23.0,Bryant Reeves,VAN,False,2-pointer,2,14-19,'HOU',trails
814,814,814,200104140VAN,24.5,6.1,1st quarter,3:21.0,Bryant Reeves,VAN,True,2-pointer,1,16-19,'HOU',trails
815,815,815,200104140VAN,16.1,7.1,1st quarter,2:47.0,Shareef Abdur-Rahim,VAN,True,2-pointer,8,18-22,'HOU',trails
816,816,816,200104140VAN,30.0,6.7,1st quarter,1:48.0,Kevin Edwards,VAN,False,2-pointer,6,18-24,'HOU',trails
817,817,817,200104140VAN,9.7,17.0,1st quarter,1:45.0,Mike Bibby,VAN,False,2-pointer,19,18-24,'HOU',trails
818,818,818,200104140VAN,37.8,17.7,1st quarter,1:29.0,Kevin Edwards,VAN,False,2-pointer,19,19-24,'HOU',trails
819,819,819,200104140VAN,31.5,18.7,1st quarter,1:06.0,Mike Bibby,VAN,False,2-pointer,16,19-24,'HOU',trails
820,820,820,200104140VAN,31.5,20.4,1st quarter,0:35.9,Bryant Reeves,VAN,False,2-pointer,17,19-27,'HOU',trails
821,821,821,200104140VAN,23.9,8.2,1st quarter,0:32.9,Kevin Edwards,VAN,False,2-pointer,3,19-27,'HOU',trails
822,822,822,200104140VAN,26.6,7.1,1st quarter,0:02.9,Mike Bibby,VAN,True,2-pointer,3,21-27,'HOU',trails
823,823,823,200104140VAN,14.8,7.8,2nd quarter,11:39.0,Shareef Abdur-Rahim,VAN,True,2-pointer,10,23-27,'HOU',trails
824,824,824,200104140VAN,31.5,9.2,2nd quarter,11:07.0,Shareef Abdur-Rahim,VAN,False,2-pointer,9,24-27,'HOU',trails
825,825,825,200104140VAN,28.5,24.2,2nd quarter,10:00.0,Mike Bibby,VAN,True,2-pointer,20,26-29,'HOU',trails
826,826,826,200104140VAN,21.7,5.4,2nd quarter,9:35.0,Tony Massenburg,VAN,True,2-pointer,2,28-29,'HOU',trails
827,827,827,200104140VAN,26.6,6.7,2nd quarter,9:00.0,Stromile Swift,VAN,True,2-pointer,3,30-31,'HOU',trails
828,828,828,200104140VAN,11.0,17.0,2nd quarter,8:26.0,Mike Bibby,VAN,False,2-pointer,18,30-31,'HOU',trails
829,829,829,200104140VAN,27.2,7.1,2nd quarter,8:23.0,Tony Massenburg,VAN,False,2-pointer,4,30-31,'HOU',trails
830,830,830,200104140VAN,25.1,5.0,2nd quarter,8:22.0,Tony Massenburg,VAN,True,2-pointer,1,32-31,'HOU',leads
831,831,831,200104140VAN,12.5,22.1,2nd quarter,7:38.0,Mahmoud Abdul-Rauf,VAN,True,2-pointer,21,34-31,'HOU',leads
832,832,832,200104140VAN,33.4,23.1,2nd quarter,7:11.0,Mahmoud Abdul-Rauf,VAN,False,2-pointer,20,34-31,'HOU',leads
833,833,833,200104140VAN,6.4,4.6,2nd quarter,6:43.0,Mahmoud Abdul-Rauf,VAN,True,2-pointer,18,36-33,'HOU',leads
834,834,834,200104140VAN,41.2,9.9,2nd quarter,6:00.0,Mahmoud Abdul-Rauf,VAN,True,2-pointer,18,38-33,'HOU',leads
835,835,835,200104140VAN,15.4,19.8,2nd quarter,5:27.0,Mahmoud Abdul-Rauf,VAN,True,2-pointer,17,40-33,'HOU',leads
836,836,836,200104140VAN,25.8,6.1,2nd quarter,4:55.0,Shareef Abdur-Rahim,VAN,False,2-pointer,2,40-33,'HOU',leads
837,837,837,200104140VAN,21.7,6.1,2nd quarter,4:53.0,Shareef Abdur-Rahim,VAN,False,2-pointer,3,40-33,'HOU',leads
838,838,838,200104140VAN,23.9,6.1,2nd quarter,4:51.0,Tony Massenburg,VAN,True,2-pointer,1,42-33,'HOU',leads
839,839,839,200104140VAN,25.1,24.2,2nd quarter,4:08.0,Mahmoud Abdul-Rauf,VAN,False,2-pointer,19,42-35,'HOU',leads
840,840,840,200104140VAN,34.2,21.5,2nd quarter,3:52.0,Mike Bibby,VAN,False,2-pointer,19,42-35,'HOU',leads
841,841,841,200104140VAN,38.4,6.1,2nd quarter,3:39.0,Tony Massenburg,VAN,True,2-pointer,14,44-35,'HOU',leads
842,842,842,200104140VAN,16.9,24.2,2nd quarter,1:58.0,Grant Long,VAN,False,2-pointer,20,45-37,'HOU',leads
843,843,843,200104140VAN,21.7,9.9,2nd quarter,1:30.0,Tony Massenburg,VAN,False,2-pointer,5,45-37,'HOU',leads
844,844,844,200104140VAN,24.5,6.7,2nd quarter,1:28.0,Shareef Abdur-Rahim,VAN,True,2-pointer,2,47-37,'HOU',leads
845,845,845,200104140VAN,21.7,21.5,2nd quarter,0:54.9,Mahmoud Abdul-Rauf,VAN,True,2-pointer,17,49-37,'HOU',leads
846,846,846,200104140VAN,39.9,9.2,2nd quarter,0:15.9,Mahmoud Abdul-Rauf,VAN,True,2-pointer,16,51-37,'HOU',leads
847,847,847,200104140VAN,36.3,5.0,3rd quarter,11:41.0,Shareef Abdur-Rahim,VAN,True,2-pointer,12,53-37,'HOU',leads
848,848,848,200104140VAN,27.2,6.7,3rd quarter,10:43.0,Bryant Reeves,VAN,False,2-pointer,4,54-37,'HOU',leads
849,849,849,200104140VAN,23.9,22.1,3rd quarter,10:36.0,Shareef Abdur-Rahim,VAN,False,2-pointer,17,54-37,'HOU',leads
850,850,850,200104140VAN,39.3,5.4,3rd quarter,10:18.0,Grant Long,VAN,True,2-pointer,15,56-37,'HOU',leads
851,851,851,200104140VAN,27.9,19.8,3rd quarter,9:37.0,Shareef Abdur-Rahim,VAN,False,2-pointer,15,56-39,'HOU',leads
852,852,852,200104140VAN,30.6,7.8,3rd quarter,8:44.0,Mike Bibby,VAN,False,2-pointer,7,56-41,'HOU',leads
853,853,853,200104140VAN,40.5,6.1,3rd quarter,8:08.0,Grant Long,VAN,False,2-pointer,17,56-44,'HOU',leads
854,854,854,200104140VAN,40.5,7.8,3rd quarter,7:37.0,Bryant Reeves,VAN,False,2-pointer,17,56-46,'HOU',leads
855,855,855,200104140VAN,6.4,22.7,3rd quarter,7:15.0,Damon Jones,VAN,True,3-pointer,25,59-46,'HOU',leads
856,856,856,200104140VAN,9.1,18.3,3rd quarter,6:39.0,Mike Bibby,VAN,True,2-pointer,20,61-46,'HOU',leads
857,857,857,200104140VAN,20.3,26.5,3rd quarter,6:07.0,Mike Bibby,VAN,False,2-pointer,22,61-49,'HOU',leads
858,858,858,200104140VAN,9.1,15.6,3rd quarter,5:08.0,Shareef Abdur-Rahim,VAN,False,2-pointer,18,62-52,'HOU',leads
859,859,859,200104140VAN,30.0,9.9,3rd quarter,4:41.0,Shareef Abdur-Rahim,VAN,False,2-pointer,8,62-55,'HOU',leads
860,860,860,200104140VAN,11.0,18.3,3rd quarter,4:33.0,Mike Bibby,VAN,False,2-pointer,19,62-55,'HOU',leads
861,861,861,200104140VAN,36.3,19.8,3rd quarter,3:31.0,Mike Bibby,VAN,False,2-pointer,19,63-60,'HOU',leads
862,862,862,200104140VAN,1.9,9.9,3rd quarter,3:27.0,Damon Jones,VAN,False,3-pointer,23,63-60,'HOU',leads
863,863,863,200104140VAN,21.7,12.6,3rd quarter,2:26.0,Mahmoud Abdul-Rauf,VAN,False,2-pointer,8,63-60,'HOU',leads
864,864,864,200104140VAN,14.2,19.8,3rd quarter,2:02.0,Bryant Reeves,VAN,False,2-pointer,18,63-60,'HOU',leads
865,865,865,200104140VAN,12.5,24.2,3rd quarter,1:37.0,Mahmoud Abdul-Rauf,VAN,True,2-pointer,22,65-63,'HOU',leads
866,866,866,200104140VAN,18.2,25.5,3rd quarter,1:11.0,Shareef Abdur-Rahim,VAN,True,2-pointer,21,67-63,'HOU',leads
867,867,867,200104140VAN,7.6,6.1,3rd quarter,0:18.9,Mahmoud Abdul-Rauf,VAN,True,2-pointer,16,69-66,'HOU',leads
868,868,868,200104140VAN,9.7,6.1,4th quarter,11:21.0,Tony Massenburg,VAN,False,2-pointer,14,69-71,'HOU',trails
869,869,869,200104140VAN,12.5,21.0,4th quarter,10:51.0,Shareef Abdur-Rahim,VAN,False,2-pointer,20,69-73,'HOU',trails
870,870,870,200104140VAN,25.8,5.4,4th quarter,10:48.0,Stromile Swift,VAN,True,2-pointer,2,71-73,'HOU',trails
871,871,871,200104140VAN,37.2,19.8,4th quarter,10:02.0,Mahmoud Abdul-Rauf,VAN,False,2-pointer,20,71-75,'HOU',trails
872,872,872,200104140VAN,47.1,5.4,4th quarter,9:30.0,Shareef Abdur-Rahim,VAN,False,3-pointer,23,71-77,'HOU',trails
873,873,873,200104140VAN,28.5,6.1,4th quarter,9:27.0,Stromile Swift,VAN,False,2-pointer,5,71-77,'HOU',trails
874,874,874,200104140VAN,23.9,5.4,4th quarter,9:25.0,Tony Massenburg,VAN,True,2-pointer,0,73-77,'HOU',trails
875,875,875,200104140VAN,24.5,6.7,4th quarter,9:01.0,Shareef Abdur-Rahim,VAN,True,2-pointer,2,75-77,'HOU',trails
876,876,876,200104140VAN,7.0,4.6,4th quarter,8:31.0,Mahmoud Abdul-Rauf,VAN,True,2-pointer,17,77-77,'HOU',tied
877,877,877,200104140VAN,8.3,5.0,4th quarter,7:56.0,Mahmoud Abdul-Rauf,VAN,True,2-pointer,16,79-79,'HOU',tied
878,878,878,200104140VAN,7.6,10.5,4th quarter,7:13.0,Mahmoud Abdul-Rauf,VAN,True,2-pointer,17,81-81,'HOU',tied
879,879,879,200104140VAN,8.3,24.2,4th quarter,6:24.0,Mike Bibby,VAN,False,3-pointer,25,81-84,'HOU',trails
880,880,880,200104140VAN,15.4,10.5,4th quarter,6:04.0,Shareef Abdur-Rahim,VAN,True,2-pointer,10,83-84,'HOU',trails
881,881,881,200104140VAN,37.2,21.0,4th quarter,5:05.0,Shareef Abdur-Rahim,VAN,True,2-pointer,21,85-86,'HOU',trails
882,882,882,200104140VAN,9.1,9.9,4th quarter,4:24.0,Mahmoud Abdul-Rauf,VAN,False,2-pointer,16,85-86,'HOU',trails
883,883,883,200104140VAN,39.9,13.9,4th quarter,3:53.0,Shareef Abdur-Rahim,VAN,True,2-pointer,18,87-86,'HOU',leads
884,884,884,200104140VAN,30.0,12.6,4th quarter,3:12.0,Shareef Abdur-Rahim,VAN,False,2-pointer,10,87-88,'HOU',trails
885,885,885,200104140VAN,13.3,12.6,4th quarter,2:26.0,Shareef Abdur-Rahim,VAN,False,2-pointer,13,87-90,'HOU',trails
886,886,886,200104140VAN,39.3,19.4,4th quarter,1:44.0,Mahmoud Abdul-Rauf,VAN,True,2-pointer,21,89-92,'HOU',trails
887,887,887,200104140VAN,2.8,18.3,4th quarter,1:21.0,Mahmoud Abdul-Rauf,VAN,False,3-pointer,25,89-94,'HOU',trails
888,888,888,200104140VAN,39.3,17.7,4th quarter,0:51.9,Mahmoud Abdul-Rauf,VAN,False,2-pointer,20,89-94,'HOU',trails
889,889,889,200104140VAN,25.1,6.1,4th quarter,0:36.2,Grant Long,VAN,True,2-pointer,2,91-95,'HOU',trails
890,890,890,200104140VAN,28.5,33.9,4th quarter,0:27.9,Mike Bibby,VAN,False,3-pointer,29,91-97,'HOU',trails
891,891,891,200104140VAN,3.4,19.8,4th quarter,0:17.9,Grant Long,VAN,False,3-pointer,25,91-97,'HOU',trails
892,892,892,200104140VAN,4.9,22.7,4th quarter,0:03.9,Damon Jones,VAN,True,3-pointer,26,95-100,'HOU',trails
