,Unnamed: 0.1,Unnamed: 0,match_id,shotX,shotY,quarter,time_remaining,player,team,made,shot_type,distance,score,opp,status
0,0,0,200112090DET,40.7,10.7,1st quarter,10:30.0,Cuttino Mobley,HOU,True,2-pointer,18,4-2,'HOU',leads
1,1,1,200112090DET,39.9,6.9,1st quarter,9:48.0,Kenny Thomas,HOU,False,2-pointer,16,4-4,'HOU',tied
2,2,2,200112090DET,42.0,6.5,1st quarter,9:18.0,Cuttino Mobley,HOU,True,2-pointer,18,6-4,'HOU',leads
3,3,3,200112090DET,1.9,20.2,1st quarter,8:47.0,Cuttino Mobley,HOU,True,3-pointer,27,9-4,'HOU',leads
4,4,4,200112090DET,39.9,8.6,1st quarter,8:00.0,Cuttino Mobley,HOU,True,2-pointer,16,11-4,'HOU',leads
5,5,5,200112090DET,11.2,17.5,1st quarter,7:32.0,Cuttino Mobley,HOU,False,2-pointer,18,11-6,'HOU',leads
6,6,6,200112090DET,24.0,5.0,1st quarter,7:02.0,Kenny Thomas,HOU,False,2-pointer,0,11-8,'HOU',leads
7,7,7,200112090DET,12.7,19.1,1st quarter,6:21.0,Walt Williams,HOU,True,2-pointer,18,13-8,'HOU',leads
8,8,8,200112090DET,34.8,13.0,1st quarter,5:29.0,Cuttino Mobley,HOU,False,2-pointer,13,14-12,'HOU',leads
9,9,9,200112090DET,13.5,8.6,1st quarter,4:48.0,Kevin Willis,HOU,False,2-pointer,11,14-14,'HOU',tied
10,10,10,200112090DET,34.8,6.9,1st quarter,3:59.0,Kenny Thomas,HOU,True,2-pointer,11,16-14,'HOU',leads
11,11,11,200112090DET,38.4,5.0,1st quarter,3:36.0,Tierre Brown,HOU,False,2-pointer,14,16-16,'HOU',tied
12,12,12,200112090DET,19.2,17.9,1st quarter,2:21.0,Tierre Brown,HOU,True,2-pointer,14,20-19,'HOU',leads
13,13,13,200112090DET,24.0,5.0,1st quarter,1:22.0,Kevin Willis,HOU,True,2-pointer,0,23-21,'HOU',leads
14,14,14,200112090DET,14.2,15.1,1st quarter,0:42.3,Kenny Thomas,HOU,False,2-pointer,14,23-23,'HOU',tied
15,15,15,200112090DET,14.2,22.3,1st quarter,0:10.3,Cuttino Mobley,HOU,False,2-pointer,20,23-25,'HOU',trails
16,16,16,200112090DET,9.1,12.6,2nd quarter,10:29.0,Eddie Griffin,HOU,False,2-pointer,17,24-32,'HOU',trails
17,17,17,200112090DET,9.9,15.8,2nd quarter,10:22.0,Eddie Griffin,HOU,True,2-pointer,18,26-32,'HOU',trails
18,18,18,200112090DET,23.6,31.8,2nd quarter,9:32.0,Óscar Torres,HOU,False,3-pointer,27,26-34,'HOU',trails
19,19,19,200112090DET,24.0,5.0,2nd quarter,9:02.0,Cuttino Mobley,HOU,False,2-pointer,0,26-34,'HOU',trails
20,20,20,200112090DET,29.1,6.5,2nd quarter,8:58.0,Terence Morris,HOU,False,2-pointer,5,26-34,'HOU',trails
21,21,21,200112090DET,24.0,5.0,2nd quarter,8:26.0,Terence Morris,HOU,False,2-pointer,0,26-36,'HOU',trails
22,22,22,200112090DET,16.9,10.3,2nd quarter,7:42.0,Kenny Thomas,HOU,False,2-pointer,9,26-36,'HOU',trails
23,23,23,200112090DET,24.0,5.0,2nd quarter,7:25.0,Dan Langhi,HOU,False,2-pointer,0,26-36,'HOU',trails
24,24,24,200112090DET,7.0,9.2,2nd quarter,6:19.0,Eddie Griffin,HOU,False,2-pointer,18,26-42,'HOU',trails
25,25,25,200112090DET,3.4,5.9,2nd quarter,5:43.0,Dan Langhi,HOU,True,2-pointer,21,28-44,'HOU',trails
26,26,26,200112090DET,24.0,5.0,2nd quarter,5:18.0,Óscar Torres,HOU,True,2-pointer,0,30-44,'HOU',trails
27,27,27,200112090DET,24.0,5.0,2nd quarter,4:42.0,Kenny Thomas,HOU,False,2-pointer,0,30-44,'HOU',trails
28,28,28,200112090DET,24.0,5.0,2nd quarter,4:38.0,Eddie Griffin,HOU,False,2-pointer,0,30-44,'HOU',trails
29,29,29,200112090DET,39.3,20.8,2nd quarter,4:12.0,Kenny Thomas,HOU,False,2-pointer,22,30-44,'HOU',trails
30,30,30,200112090DET,41.4,5.4,2nd quarter,2:59.0,Moochie Norris,HOU,False,2-pointer,17,30-48,'HOU',trails
31,31,31,200112090DET,31.9,16.8,2nd quarter,2:39.0,Cuttino Mobley,HOU,False,2-pointer,14,30-50,'HOU',trails
32,32,32,200112090DET,24.0,5.0,2nd quarter,2:36.0,Eddie Griffin,HOU,True,2-pointer,0,32-50,'HOU',trails
33,33,33,200112090DET,31.3,21.3,2nd quarter,2:06.0,Walt Williams,HOU,False,2-pointer,18,32-52,'HOU',trails
34,34,34,200112090DET,24.0,5.0,2nd quarter,1:38.0,Moochie Norris,HOU,False,2-pointer,0,33-52,'HOU',trails
35,35,35,200112090DET,29.1,22.9,2nd quarter,0:38.5,Moochie Norris,HOU,False,2-pointer,19,33-55,'HOU',trails
36,36,36,200112090DET,10.6,16.4,2nd quarter,0:00.1,Moochie Norris,HOU,True,2-pointer,18,36-55,'HOU',trails
37,37,37,200112090DET,36.9,16.4,3rd quarter,10:11.0,Walt Williams,HOU,True,2-pointer,17,38-59,'HOU',trails
38,38,38,200112090DET,40.7,12.0,3rd quarter,9:42.0,Cuttino Mobley,HOU,False,2-pointer,18,38-59,'HOU',trails
39,39,39,200112090DET,7.8,5.0,3rd quarter,9:09.0,Walt Williams,HOU,False,2-pointer,16,38-61,'HOU',trails
40,40,40,200112090DET,9.9,17.5,3rd quarter,8:18.0,Kenny Thomas,HOU,False,2-pointer,19,38-65,'HOU',trails
41,41,41,200112090DET,24.0,5.0,3rd quarter,7:21.0,Kenny Thomas,HOU,True,2-pointer,0,40-68,'HOU',trails
42,42,42,200112090DET,9.1,17.5,3rd quarter,6:48.0,Cuttino Mobley,HOU,True,2-pointer,19,42-70,'HOU',trails
43,43,43,200112090DET,10.6,8.6,3rd quarter,6:03.0,Moochie Norris,HOU,True,2-pointer,14,44-70,'HOU',trails
44,44,44,200112090DET,7.0,8.0,3rd quarter,5:47.0,Cuttino Mobley,HOU,False,2-pointer,17,44-70,'HOU',trails
45,45,45,200112090DET,31.3,23.6,3rd quarter,4:02.0,Cuttino Mobley,HOU,True,2-pointer,20,46-73,'HOU',trails
46,46,46,200112090DET,36.9,29.1,3rd quarter,3:22.0,Moochie Norris,HOU,True,3-pointer,27,49-75,'HOU',trails
47,47,47,200112090DET,10.6,5.4,3rd quarter,2:48.0,Kevin Willis,HOU,False,2-pointer,13,49-75,'HOU',trails
48,48,48,200112090DET,24.0,5.0,3rd quarter,2:34.0,Kenny Thomas,HOU,False,2-pointer,0,49-75,'HOU',trails
49,49,49,200112090DET,38.4,15.1,3rd quarter,2:11.0,Moochie Norris,HOU,False,2-pointer,18,49-75,'HOU',trails
50,50,50,200112090DET,7.0,25.7,3rd quarter,2:05.0,Moochie Norris,HOU,False,3-pointer,27,49-75,'HOU',trails
51,51,51,200112090DET,36.3,29.1,3rd quarter,0:37.7,Cuttino Mobley,HOU,False,3-pointer,27,50-75,'HOU',trails
52,52,52,200112090DET,7.0,3.7,3rd quarter,0:01.5,Kevin Willis,HOU,False,2-pointer,17,50-76,'HOU',trails
53,53,53,200112090DET,24.0,5.0,4th quarter,11:36.0,Tierre Brown,HOU,False,2-pointer,0,50-76,'HOU',trails
54,54,54,200112090DET,29.1,31.2,4th quarter,11:07.0,Cuttino Mobley,HOU,True,3-pointer,27,53-78,'HOU',trails
55,55,55,200112090DET,7.0,10.7,4th quarter,10:38.0,Kenny Thomas,HOU,False,2-pointer,18,53-80,'HOU',trails
56,56,56,200112090DET,14.2,10.7,4th quarter,9:32.0,Kenny Thomas,HOU,False,2-pointer,11,53-84,'HOU',trails
57,57,57,200112090DET,0.5,13.7,4th quarter,9:03.0,Eddie Griffin,HOU,False,3-pointer,25,53-86,'HOU',trails
58,58,58,200112090DET,7.8,13.0,4th quarter,8:36.0,Terence Morris,HOU,True,2-pointer,18,55-88,'HOU',trails
59,59,59,200112090DET,9.1,7.6,4th quarter,7:42.0,Eddie Griffin,HOU,False,2-pointer,15,55-90,'HOU',trails
60,60,60,200112090DET,24.0,5.0,4th quarter,7:16.0,Tierre Brown,HOU,False,2-pointer,0,55-90,'HOU',trails
61,61,61,200112090DET,24.0,5.0,4th quarter,7:10.0,Dan Langhi,HOU,True,2-pointer,0,57-90,'HOU',trails
62,62,62,200112090DET,10.6,5.4,4th quarter,6:19.0,Óscar Torres,HOU,True,2-pointer,13,61-94,'HOU',trails
63,63,63,200112090DET,24.0,5.0,4th quarter,5:57.0,Eddie Griffin,HOU,False,2-pointer,0,62-94,'HOU',trails
64,64,64,200112090DET,24.0,5.0,4th quarter,5:54.0,Dan Langhi,HOU,False,2-pointer,0,62-94,'HOU',trails
65,65,65,200112090DET,24.0,5.0,4th quarter,5:33.0,Óscar Torres,HOU,True,2-pointer,0,64-96,'HOU',trails
66,66,66,200112090DET,8.5,6.5,4th quarter,4:23.0,Óscar Torres,HOU,False,2-pointer,16,65-98,'HOU',trails
67,67,67,200112090DET,7.0,25.7,4th quarter,3:50.0,Eddie Griffin,HOU,False,3-pointer,27,65-98,'HOU',trails
68,68,68,200112090DET,-0.2,10.3,4th quarter,3:17.0,Terence Morris,HOU,True,3-pointer,25,68-98,'HOU',trails
69,69,69,200112090DET,5.5,22.3,4th quarter,2:17.0,Óscar Torres,HOU,True,3-pointer,25,71-100,'HOU',trails
70,70,70,200112090DET,6.4,5.9,4th quarter,1:41.0,Eddie Griffin,HOU,False,2-pointer,18,71-102,'HOU',trails
71,71,71,200112090DET,38.4,13.0,4th quarter,1:27.0,Tierre Brown,HOU,True,2-pointer,16,73-102,'HOU',trails
72,72,72,200112090DET,12.7,6.5,4th quarter,0:53.4,Dan Langhi,HOU,False,2-pointer,11,73-105,'HOU',trails
73,73,73,200112090DET,12.7,7.6,4th quarter,0:49.0,Tierre Brown,HOU,False,2-pointer,12,73-105,'HOU',trails
74,74,74,200112090DET,11.2,6.9,4th quarter,0:45.6,Dan Langhi,HOU,False,2-pointer,13,73-105,'HOU',trails
75,75,75,200112090DET,31.3,15.8,4th quarter,0:00.7,Tierre Brown,HOU,True,2-pointer,13,77-105,'HOU',trails
76,76,76,200112090DET,24.0,5.0,1st quarter,10:54.0,Michael Curry,DET,True,2-pointer,0,2-2,'HOU',tied
77,77,77,200112090DET,14.8,13.0,1st quarter,10:12.0,Clifford Robinson,DET,True,2-pointer,12,4-4,'HOU',tied
78,78,78,200112090DET,40.7,27.4,1st quarter,8:20.0,Dana Barros,DET,False,3-pointer,28,4-9,'HOU',trails
79,79,79,200112090DET,6.4,7.6,1st quarter,7:20.0,Clifford Robinson,DET,True,2-pointer,18,8-11,'HOU',trails
80,80,80,200112090DET,1.1,12.0,1st quarter,6:53.0,Jon Barry,DET,False,3-pointer,24,8-11,'HOU',trails
81,81,81,200112090DET,24.0,5.0,1st quarter,6:36.0,Dana Barros,DET,False,2-pointer,0,8-11,'HOU',trails
82,82,82,200112090DET,27.0,7.6,1st quarter,6:32.0,Ben Wallace,DET,False,2-pointer,4,8-11,'HOU',trails
83,83,83,200112090DET,15.6,21.3,1st quarter,6:12.0,Dana Barros,DET,True,2-pointer,18,10-14,'HOU',trails
84,84,84,200112090DET,9.1,12.6,1st quarter,5:47.0,Corliss Williamson,DET,True,2-pointer,17,12-14,'HOU',trails
85,85,85,200112090DET,8.5,13.0,1st quarter,5:09.0,Ben Wallace,DET,True,2-pointer,17,14-14,'HOU',tied
86,86,86,200112090DET,12.7,16.8,1st quarter,4:27.0,Ben Wallace,DET,False,2-pointer,16,14-14,'HOU',tied
87,87,87,200112090DET,5.5,25.7,1st quarter,4:23.0,Dana Barros,DET,False,3-pointer,28,14-14,'HOU',tied
88,88,88,200112090DET,7.0,25.0,1st quarter,3:26.0,Dana Barros,DET,False,3-pointer,26,16-16,'HOU',tied
89,89,89,200112090DET,24.0,5.0,1st quarter,3:02.0,Dana Barros,DET,True,2-pointer,0,18-16,'HOU',leads
90,90,90,200112090DET,21.3,14.1,1st quarter,2:08.0,Željko Rebrača,DET,True,2-pointer,9,21-20,'HOU',leads
91,91,91,200112090DET,5.5,9.2,1st quarter,1:02.0,Michael Curry,DET,True,2-pointer,19,23-23,'HOU',tied
92,92,92,200112090DET,24.0,5.0,1st quarter,0:33.6,Željko Rebrača,DET,True,2-pointer,0,25-23,'HOU',leads
93,93,93,200112090DET,24.0,5.0,1st quarter,0:02.4,Corliss Williamson,DET,True,2-pointer,0,27-23,'HOU',leads
94,94,94,200112090DET,24.0,5.0,2nd quarter,11:41.0,Corliss Williamson,DET,False,2-pointer,0,28-23,'HOU',leads
95,95,95,200112090DET,24.0,5.0,2nd quarter,11:38.0,Ben Wallace,DET,True,2-pointer,0,30-23,'HOU',leads
96,96,96,200112090DET,24.0,5.0,2nd quarter,10:44.0,Corliss Williamson,DET,False,2-pointer,0,30-24,'HOU',leads
97,97,97,200112090DET,24.0,5.0,2nd quarter,10:39.0,Ben Wallace,DET,True,2-pointer,0,32-24,'HOU',leads
98,98,98,200112090DET,24.0,5.0,2nd quarter,10:04.0,Corliss Williamson,DET,False,2-pointer,0,32-26,'HOU',leads
99,99,99,200112090DET,24.0,5.0,2nd quarter,9:59.0,Željko Rebrača,DET,False,2-pointer,0,32-26,'HOU',leads
100,100,100,200112090DET,33.4,9.2,2nd quarter,9:45.0,Željko Rebrača,DET,True,2-pointer,10,34-26,'HOU',leads
101,101,101,200112090DET,16.3,6.5,2nd quarter,9:16.0,Ben Wallace,DET,False,2-pointer,8,34-26,'HOU',leads
102,102,102,200112090DET,24.0,5.0,2nd quarter,8:42.0,Željko Rebrača,DET,True,2-pointer,0,36-26,'HOU',leads
103,103,103,200112090DET,35.5,27.4,2nd quarter,8:08.0,Chucky Atkins,DET,False,3-pointer,25,36-26,'HOU',leads
104,104,104,200112090DET,24.0,5.0,2nd quarter,7:58.0,Corliss Williamson,DET,False,2-pointer,0,36-26,'HOU',leads
105,105,105,200112090DET,31.0,7.1,2nd quarter,7:36.0,Željko Rebrača,DET,False,2-pointer,7,36-26,'HOU',leads
106,106,106,200112090DET,24.0,5.0,2nd quarter,7:32.0,Željko Rebrača,DET,False,2-pointer,0,36-26,'HOU',leads
107,107,107,200112090DET,1.9,20.8,2nd quarter,7:19.0,Jon Barry,DET,False,3-pointer,27,36-26,'HOU',leads
108,108,108,200112090DET,1.1,10.3,2nd quarter,7:13.0,Clifford Robinson,DET,True,3-pointer,24,39-26,'HOU',leads
109,109,109,200112090DET,-0.2,5.9,2nd quarter,6:37.0,Jon Barry,DET,True,3-pointer,24,42-26,'HOU',leads
110,110,110,200112090DET,24.0,5.0,2nd quarter,6:06.0,Corliss Williamson,DET,True,2-pointer,0,44-26,'HOU',leads
111,111,111,200112090DET,10.6,6.5,2nd quarter,4:58.0,Corliss Williamson,DET,False,2-pointer,13,44-30,'HOU',leads
112,112,112,200112090DET,1.1,10.7,2nd quarter,4:25.0,Clifford Robinson,DET,False,3-pointer,24,44-30,'HOU',leads
113,113,113,200112090DET,7.0,6.5,2nd quarter,3:51.0,Clifford Robinson,DET,False,2-pointer,17,44-30,'HOU',leads
114,114,114,200112090DET,24.0,5.0,2nd quarter,3:47.0,Corliss Williamson,DET,True,2-pointer,0,46-30,'HOU',leads
115,115,115,200112090DET,24.0,5.0,2nd quarter,3:23.0,Chucky Atkins,DET,True,2-pointer,0,48-30,'HOU',leads
116,116,116,200112090DET,24.0,5.0,2nd quarter,2:53.0,Chucky Atkins,DET,True,2-pointer,0,50-30,'HOU',leads
117,117,117,200112090DET,24.0,5.0,2nd quarter,2:18.0,Michael Curry,DET,True,2-pointer,0,52-32,'HOU',leads
118,118,118,200112090DET,16.3,6.5,2nd quarter,1:49.0,Clifford Robinson,DET,False,2-pointer,8,52-33,'HOU',leads
119,119,119,200112090DET,0.5,15.1,2nd quarter,1:20.0,Chucky Atkins,DET,False,3-pointer,26,52-33,'HOU',leads
120,120,120,200112090DET,34.8,30.1,2nd quarter,1:02.0,Jon Barry,DET,True,3-pointer,27,55-33,'HOU',leads
121,121,121,200112090DET,7.8,10.3,2nd quarter,0:14.1,Clifford Robinson,DET,False,2-pointer,17,55-34,'HOU',leads
122,122,122,200112090DET,8.5,13.7,3rd quarter,11:45.0,Jon Barry,DET,True,2-pointer,18,57-36,'HOU',leads
123,123,123,200112090DET,24.0,5.0,3rd quarter,11:18.0,Clifford Robinson,DET,False,2-pointer,0,57-36,'HOU',leads
124,124,124,200112090DET,24.0,5.0,3rd quarter,10:58.0,Michael Curry,DET,True,2-pointer,0,59-36,'HOU',leads
125,125,125,200112090DET,5.5,5.0,3rd quarter,10:20.0,Clifford Robinson,DET,False,2-pointer,19,59-36,'HOU',leads
126,126,126,200112090DET,24.0,5.0,3rd quarter,8:04.0,Ben Wallace,DET,False,2-pointer,0,65-38,'HOU',leads
127,127,127,200112090DET,17.7,12.0,3rd quarter,7:32.0,Dana Barros,DET,True,2-pointer,9,67-38,'HOU',leads
128,128,128,200112090DET,36.3,5.9,3rd quarter,7:04.0,Clifford Robinson,DET,True,2-pointer,12,70-40,'HOU',leads
129,129,129,200112090DET,34.8,8.0,3rd quarter,6:24.0,Clifford Robinson,DET,False,2-pointer,11,70-42,'HOU',leads
130,130,130,200112090DET,24.0,5.0,3rd quarter,5:25.0,Ben Wallace,DET,False,2-pointer,0,70-44,'HOU',leads
131,131,131,200112090DET,24.0,5.0,3rd quarter,4:53.0,Jon Barry,DET,True,2-pointer,0,72-44,'HOU',leads
132,132,132,200112090DET,4.0,22.9,3rd quarter,4:35.0,Jon Barry,DET,False,3-pointer,27,73-44,'HOU',leads
133,133,133,200112090DET,41.4,13.0,3rd quarter,3:44.0,Corliss Williamson,DET,True,2-pointer,19,75-46,'HOU',leads
134,134,134,200112090DET,29.8,10.7,3rd quarter,3:09.0,Corliss Williamson,DET,False,2-pointer,8,75-49,'HOU',leads
135,135,135,200112090DET,34.8,6.5,3rd quarter,1:38.0,Ben Wallace,DET,False,2-pointer,11,75-50,'HOU',leads
136,136,136,200112090DET,36.3,6.9,3rd quarter,1:04.0,Željko Rebrača,DET,False,2-pointer,12,75-50,'HOU',leads
137,137,137,200112090DET,24.0,5.0,4th quarter,11:28.0,Jon Barry,DET,True,2-pointer,0,78-50,'HOU',leads
138,138,138,200112090DET,30.4,8.0,4th quarter,10:54.0,Željko Rebrača,DET,True,2-pointer,7,80-53,'HOU',leads
139,139,139,200112090DET,11.2,6.5,4th quarter,10:23.0,Željko Rebrača,DET,True,2-pointer,13,82-53,'HOU',leads
140,140,140,200112090DET,24.0,5.0,4th quarter,9:47.0,Chucky Atkins,DET,True,2-pointer,0,84-53,'HOU',leads
141,141,141,200112090DET,24.0,5.0,4th quarter,9:19.0,Ben Wallace,DET,True,2-pointer,0,86-53,'HOU',leads
142,142,142,200112090DET,24.0,5.0,4th quarter,8:54.0,Chucky Atkins,DET,False,2-pointer,0,86-53,'HOU',leads
143,143,143,200112090DET,24.0,5.0,4th quarter,8:49.0,Ben Wallace,DET,True,2-pointer,0,88-53,'HOU',leads
144,144,144,200112090DET,24.0,5.0,4th quarter,7:58.0,Jon Barry,DET,True,2-pointer,0,90-55,'HOU',leads
145,145,145,200112090DET,24.0,5.0,4th quarter,7:05.0,Chucky Atkins,DET,True,2-pointer,0,92-57,'HOU',leads
146,146,146,200112090DET,10.6,10.7,4th quarter,6:34.0,Mikki Moore,DET,True,2-pointer,15,94-59,'HOU',leads
147,147,147,200112090DET,7.8,15.1,4th quarter,5:49.0,Chucky Atkins,DET,True,2-pointer,19,96-62,'HOU',leads
148,148,148,200112090DET,25.6,11.3,4th quarter,5:10.0,Rodney White,DET,True,2-pointer,7,98-64,'HOU',leads
149,149,149,200112090DET,8.5,13.7,4th quarter,4:08.0,Rodney White,DET,False,2-pointer,18,98-65,'HOU',leads
150,150,150,200112090DET,47.1,4.4,4th quarter,3:35.0,Rodney White,DET,False,3-pointer,23,98-65,'HOU',leads
151,151,151,200112090DET,24.0,5.0,4th quarter,2:42.0,Rodney White,DET,True,2-pointer,0,100-68,'HOU',leads
152,152,152,200112090DET,27.0,21.3,4th quarter,1:57.0,Rodney White,DET,True,2-pointer,17,102-71,'HOU',leads
153,153,153,200112090DET,47.7,12.0,4th quarter,1:18.0,Damon Jones,DET,True,3-pointer,25,105-73,'HOU',leads
154,154,154,200112090DET,7.0,25.0,4th quarter,0:40.1,Damon Jones,DET,False,3-pointer,26,105-73,'HOU',leads
155,155,155,200112090LAC,24.0,5.0,1st quarter,11:49.0,Elden Campbell,CHH,True,2-pointer,0,2-0,'CHH',leads
156,156,156,200112090LAC,34.0,6.3,1st quarter,10:59.0,Elden Campbell,CHH,False,2-pointer,10,3-2,'CHH',leads
157,157,157,200112090LAC,6.6,6.7,1st quarter,10:05.0,Elden Campbell,CHH,False,2-pointer,17,3-4,'CHH',trails
158,158,158,200112090LAC,13.5,20.2,1st quarter,9:59.0,P.J. Brown,CHH,True,2-pointer,18,5-4,'CHH',leads
159,159,159,200112090LAC,14.2,20.6,1st quarter,9:27.0,David Wesley,CHH,True,2-pointer,18,7-6,'CHH',leads
160,160,160,200112090LAC,34.0,24.2,1st quarter,9:03.0,David Wesley,CHH,True,2-pointer,22,9-8,'CHH',leads
161,161,161,200112090LAC,24.7,9.7,1st quarter,8:05.0,Lee Nailon,CHH,False,2-pointer,5,9-10,'CHH',trails
162,162,162,200112090LAC,28.9,24.6,1st quarter,7:41.0,David Wesley,CHH,False,2-pointer,20,9-12,'CHH',trails
163,163,163,200112090LAC,14.2,22.5,1st quarter,7:05.0,P.J. Brown,CHH,False,2-pointer,20,9-12,'CHH',trails
164,164,164,200112090LAC,24.0,5.0,1st quarter,6:46.0,David Wesley,CHH,False,2-pointer,0,9-12,'CHH',trails
165,165,165,200112090LAC,31.3,14.7,1st quarter,6:14.0,P.J. Brown,CHH,False,2-pointer,12,9-14,'CHH',trails
166,166,166,200112090LAC,25.4,11.8,1st quarter,5:44.0,Lee Nailon,CHH,False,2-pointer,7,9-16,'CHH',trails
167,167,167,200112090LAC,24.0,5.0,1st quarter,5:40.0,Elden Campbell,CHH,False,2-pointer,0,9-16,'CHH',trails
168,168,168,200112090LAC,24.0,5.0,1st quarter,5:05.0,P.J. Brown,CHH,True,2-pointer,0,11-18,'CHH',trails
169,169,169,200112090LAC,5.1,10.7,1st quarter,3:18.0,Lee Nailon,CHH,False,2-pointer,20,14-23,'CHH',trails
170,170,170,200112090LAC,26.8,14.1,1st quarter,2:55.0,Lee Nailon,CHH,True,2-pointer,10,16-25,'CHH',trails
171,171,171,200112090LAC,28.9,14.1,1st quarter,2:16.0,Lee Nailon,CHH,False,2-pointer,10,16-27,'CHH',trails
172,172,172,200112090LAC,24.0,5.0,1st quarter,2:00.0,David Wesley,CHH,True,2-pointer,0,18-27,'CHH',trails
173,173,173,200112090LAC,15.6,7.8,1st quarter,1:33.0,Jamaal Magloire,CHH,False,2-pointer,9,18-27,'CHH',trails
174,174,174,200112090LAC,46.0,18.5,1st quarter,1:21.0,Baron Davis,CHH,True,3-pointer,26,21-27,'CHH',trails
175,175,175,200112090LAC,33.4,29.7,1st quarter,0:03.8,Baron Davis,CHH,False,3-pointer,26,21-29,'CHH',trails
176,176,176,200112090LAC,24.7,26.3,2nd quarter,11:24.0,Baron Davis,CHH,False,2-pointer,21,21-29,'CHH',trails
177,177,177,200112090LAC,30.4,20.2,2nd quarter,10:48.0,Stacey Augmon,CHH,False,2-pointer,16,21-29,'CHH',trails
178,178,178,200112090LAC,24.0,5.0,2nd quarter,10:12.0,Stacey Augmon,CHH,False,2-pointer,0,21-31,'CHH',trails
179,179,179,200112090LAC,11.4,3.5,2nd quarter,9:40.0,Elden Campbell,CHH,False,2-pointer,13,21-33,'CHH',trails
180,180,180,200112090LAC,23.4,7.3,2nd quarter,8:40.0,Elden Campbell,CHH,True,2-pointer,2,26-38,'CHH',trails
181,181,181,200112090LAC,24.0,5.0,2nd quarter,8:17.0,Lee Nailon,CHH,False,2-pointer,0,26-40,'CHH',trails
182,182,182,200112090LAC,37.4,28.0,2nd quarter,7:35.0,David Wesley,CHH,False,3-pointer,27,27-42,'CHH',trails
183,183,183,200112090LAC,12.1,28.6,2nd quarter,7:01.0,Baron Davis,CHH,True,3-pointer,26,30-42,'CHH',trails
184,184,184,200112090LAC,14.2,20.2,2nd quarter,6:05.0,David Wesley,CHH,False,2-pointer,18,30-44,'CHH',trails
185,185,185,200112090LAC,10.8,19.6,2nd quarter,4:58.0,Matt Bullard,CHH,False,2-pointer,20,32-44,'CHH',trails
186,186,186,200112090LAC,23.4,11.1,2nd quarter,4:54.0,David Wesley,CHH,False,2-pointer,6,32-44,'CHH',trails
187,187,187,200112090LAC,34.6,29.7,2nd quarter,4:35.0,Baron Davis,CHH,False,3-pointer,27,32-46,'CHH',trails
188,188,188,200112090LAC,26.2,15.1,2nd quarter,4:00.0,Elden Campbell,CHH,False,2-pointer,10,32-46,'CHH',trails
189,189,189,200112090LAC,24.0,5.0,2nd quarter,3:37.0,Elden Campbell,CHH,True,2-pointer,0,34-46,'CHH',trails
190,190,190,200112090LAC,24.7,10.1,2nd quarter,3:05.0,David Wesley,CHH,False,2-pointer,5,34-46,'CHH',trails
191,191,191,200112090LAC,24.0,5.0,2nd quarter,2:41.0,Elden Campbell,CHH,True,2-pointer,0,36-46,'CHH',trails
192,192,192,200112090LAC,31.3,25.3,2nd quarter,2:10.0,Matt Bullard,CHH,True,2-pointer,22,38-48,'CHH',trails
193,193,193,200112090LAC,31.3,15.8,2nd quarter,1:41.0,Baron Davis,CHH,False,2-pointer,13,38-50,'CHH',trails
194,194,194,200112090LAC,24.0,5.0,2nd quarter,0:42.0,Baron Davis,CHH,True,2-pointer,0,41-51,'CHH',trails
195,195,195,200112090LAC,41.8,24.2,3rd quarter,10:54.0,Baron Davis,CHH,False,3-pointer,26,43-53,'CHH',trails
196,196,196,200112090LAC,26.8,8.4,3rd quarter,10:16.0,Elden Campbell,CHH,True,2-pointer,4,45-55,'CHH',trails
197,197,197,200112090LAC,24.7,15.8,3rd quarter,9:43.0,Lee Nailon,CHH,False,2-pointer,11,45-55,'CHH',trails
198,198,198,200112090LAC,24.0,5.0,3rd quarter,8:38.0,Baron Davis,CHH,True,2-pointer,0,47-60,'CHH',trails
199,199,199,200112090LAC,24.0,5.0,3rd quarter,8:06.0,Baron Davis,CHH,False,2-pointer,0,47-60,'CHH',trails
200,200,200,200112090LAC,36.1,29.1,3rd quarter,7:59.0,David Wesley,CHH,True,3-pointer,27,50-60,'CHH',trails
201,201,201,200112090LAC,16.3,9.7,3rd quarter,7:20.0,Elden Campbell,CHH,False,2-pointer,9,50-60,'CHH',trails
202,202,202,200112090LAC,0.0,8.4,3rd quarter,6:49.0,David Wesley,CHH,False,3-pointer,24,50-60,'CHH',trails
203,203,203,200112090LAC,36.1,5.2,3rd quarter,6:40.0,Lee Nailon,CHH,True,2-pointer,12,52-60,'CHH',trails
204,204,204,200112090LAC,28.9,8.4,3rd quarter,6:04.0,Lee Nailon,CHH,False,2-pointer,6,52-63,'CHH',trails
205,205,205,200112090LAC,38.2,26.9,3rd quarter,5:59.0,Baron Davis,CHH,False,3-pointer,26,52-63,'CHH',trails
206,206,206,200112090LAC,13.5,5.2,3rd quarter,5:45.0,Lee Nailon,CHH,True,2-pointer,11,54-63,'CHH',trails
207,207,207,200112090LAC,26.8,7.8,3rd quarter,5:12.0,Lee Nailon,CHH,False,2-pointer,4,54-63,'CHH',trails
208,208,208,200112090LAC,9.3,3.5,3rd quarter,4:33.0,Baron Davis,CHH,False,2-pointer,15,54-65,'CHH',trails
209,209,209,200112090LAC,21.3,29.7,3rd quarter,3:58.0,David Wesley,CHH,False,3-pointer,25,54-65,'CHH',trails
210,210,210,200112090LAC,11.4,20.2,3rd quarter,3:43.0,David Wesley,CHH,False,2-pointer,20,54-65,'CHH',trails
211,211,211,200112090LAC,31.3,24.2,3rd quarter,2:44.0,Baron Davis,CHH,False,2-pointer,21,54-65,'CHH',trails
212,212,212,200112090LAC,24.0,5.0,3rd quarter,2:05.0,David Wesley,CHH,True,2-pointer,0,56-65,'CHH',trails
213,213,213,200112090LAC,31.3,31.4,3rd quarter,0:12.1,Baron Davis,CHH,False,3-pointer,27,58-65,'CHH',trails
214,214,214,200112090LAC,36.1,9.7,4th quarter,10:38.0,Robert Traylor,CHH,False,2-pointer,13,58-65,'CHH',trails
215,215,215,200112090LAC,11.4,21.9,4th quarter,10:02.0,Bryce Drew,CHH,True,2-pointer,21,60-67,'CHH',trails
216,216,216,200112090LAC,24.0,5.0,4th quarter,9:31.0,Lee Nailon,CHH,True,2-pointer,0,62-67,'CHH',trails
217,217,217,200112090LAC,24.7,12.4,4th quarter,8:12.0,Elden Campbell,CHH,False,2-pointer,7,62-69,'CHH',trails
218,218,218,200112090LAC,38.2,8.4,4th quarter,7:45.0,Lee Nailon,CHH,False,2-pointer,15,62-71,'CHH',trails
219,219,219,200112090LAC,24.0,5.0,4th quarter,6:32.0,P.J. Brown,CHH,True,2-pointer,0,66-75,'CHH',trails
220,220,220,200112090LAC,20.1,19.1,4th quarter,5:52.0,David Wesley,CHH,False,2-pointer,15,66-77,'CHH',trails
221,221,221,200112090LAC,3.6,3.5,4th quarter,5:27.0,Matt Bullard,CHH,False,2-pointer,20,66-77,'CHH',trails
222,222,222,200112090LAC,6.6,11.1,4th quarter,4:59.0,Baron Davis,CHH,True,2-pointer,18,68-79,'CHH',trails
223,223,223,200112090LAC,20.7,29.1,4th quarter,4:17.0,Matt Bullard,CHH,True,3-pointer,24,71-79,'CHH',trails
224,224,224,200112090LAC,19.2,25.3,4th quarter,3:30.0,David Wesley,CHH,True,2-pointer,21,73-82,'CHH',trails
225,225,225,200112090LAC,36.7,26.9,4th quarter,2:51.0,Baron Davis,CHH,True,3-pointer,25,76-82,'CHH',trails
226,226,226,200112090LAC,24.0,5.0,4th quarter,1:20.0,P.J. Brown,CHH,False,2-pointer,0,76-82,'CHH',trails
227,227,227,200112090LAC,9.9,27.6,4th quarter,0:47.2,Baron Davis,CHH,False,3-pointer,27,76-84,'CHH',trails
228,228,228,200112090LAC,1.5,12.4,4th quarter,0:22.4,Baron Davis,CHH,False,3-pointer,24,78-88,'CHH',trails
229,229,229,200112090LAC,44.5,13.5,1st quarter,11:30.0,Lamar Odom,LAC,False,2-pointer,22,0-2,'CHH',trails
230,230,230,200112090LAC,28.1,14.7,1st quarter,11:10.0,Michael Olowokandi,LAC,True,2-pointer,11,2-3,'CHH',trails
231,231,231,200112090LAC,33.4,6.3,1st quarter,10:36.0,Michael Olowokandi,LAC,False,2-pointer,9,2-3,'CHH',trails
232,232,232,200112090LAC,24.0,5.0,1st quarter,10:22.0,Elton Brand,LAC,True,2-pointer,0,4-3,'CHH',leads
233,233,233,200112090LAC,11.4,5.7,1st quarter,9:36.0,Elton Brand,LAC,True,2-pointer,13,6-5,'CHH',leads
234,234,234,200112090LAC,6.6,15.8,1st quarter,9:09.0,Corey Maggette,LAC,True,2-pointer,20,8-7,'CHH',leads
235,235,235,200112090LAC,26.2,11.8,1st quarter,8:42.0,Lamar Odom,LAC,False,2-pointer,7,8-9,'CHH',trails
236,236,236,200112090LAC,24.0,5.0,1st quarter,8:24.0,Lamar Odom,LAC,True,2-pointer,0,10-9,'CHH',leads
237,237,237,200112090LAC,43.9,9.7,1st quarter,7:50.0,Corey Maggette,LAC,True,2-pointer,20,12-9,'CHH',leads
238,238,238,200112090LAC,37.4,4.8,1st quarter,7:20.0,Michael Olowokandi,LAC,False,2-pointer,13,12-9,'CHH',leads
239,239,239,200112090LAC,24.0,5.0,1st quarter,6:59.0,Jeff McInnis,LAC,False,2-pointer,0,12-9,'CHH',leads
240,240,240,200112090LAC,24.0,5.0,1st quarter,6:39.0,Corey Maggette,LAC,True,2-pointer,0,14-9,'CHH',leads
241,241,241,200112090LAC,24.0,5.0,1st quarter,6:03.0,Lamar Odom,LAC,True,2-pointer,0,16-9,'CHH',leads
242,242,242,200112090LAC,24.0,5.0,1st quarter,5:25.0,Corey Maggette,LAC,False,2-pointer,0,16-9,'CHH',leads
243,243,243,200112090LAC,24.0,5.0,1st quarter,5:18.0,Lamar Odom,LAC,True,2-pointer,0,18-9,'CHH',leads
244,244,244,200112090LAC,27.5,12.4,1st quarter,4:45.0,Michael Olowokandi,LAC,False,2-pointer,8,18-11,'CHH',leads
245,245,245,200112090LAC,9.3,6.7,1st quarter,4:14.0,Jeff McInnis,LAC,False,2-pointer,15,18-13,'CHH',leads
246,246,246,200112090LAC,24.0,5.0,1st quarter,4:12.0,Elton Brand,LAC,True,2-pointer,0,20-13,'CHH',leads
247,247,247,200112090LAC,5.1,22.9,1st quarter,3:38.0,Corey Maggette,LAC,True,3-pointer,26,23-14,'CHH',leads
248,248,248,200112090LAC,24.0,5.0,1st quarter,3:13.0,Corey Maggette,LAC,True,2-pointer,0,25-14,'CHH',leads
249,249,249,200112090LAC,36.7,11.8,1st quarter,1:43.0,Corey Maggette,LAC,False,2-pointer,14,27-18,'CHH',leads
250,250,250,200112090LAC,27.5,9.7,1st quarter,0:58.1,Michael Olowokandi,LAC,False,2-pointer,6,27-21,'CHH',leads
251,251,251,200112090LAC,23.4,10.7,1st quarter,0:49.1,Lamar Odom,LAC,True,2-pointer,6,29-21,'CHH',leads
252,252,252,200112090LAC,12.9,28.0,1st quarter,0:21.2,Jeff McInnis,LAC,False,3-pointer,26,29-21,'CHH',leads
253,253,253,200112090LAC,24.1,10.1,2nd quarter,11:47.0,Michael Olowokandi,LAC,False,2-pointer,5,29-21,'CHH',leads
254,254,254,200112090LAC,20.1,20.2,2nd quarter,10:31.0,Jeff McInnis,LAC,True,2-pointer,16,31-21,'CHH',leads
255,255,255,200112090LAC,24.0,5.0,2nd quarter,10:07.0,Darius Miles,LAC,True,2-pointer,0,33-21,'CHH',leads
256,256,256,200112090LAC,39.5,26.3,2nd quarter,9:29.0,Quentin Richardson,LAC,True,3-pointer,26,36-21,'CHH',leads
257,257,257,200112090LAC,9.3,6.3,2nd quarter,9:03.0,Obinna Ekezie,LAC,True,2-pointer,15,38-24,'CHH',leads
258,258,258,200112090LAC,24.0,5.0,2nd quarter,8:28.0,Darius Miles,LAC,True,2-pointer,0,40-26,'CHH',leads
259,259,259,200112090LAC,16.3,24.2,2nd quarter,7:52.0,Quentin Richardson,LAC,True,2-pointer,21,42-27,'CHH',leads
260,260,260,200112090LAC,47.5,5.7,2nd quarter,7:25.0,Quentin Richardson,LAC,False,3-pointer,24,42-27,'CHH',leads
261,261,261,200112090LAC,24.0,5.0,2nd quarter,7:11.0,Earl Boykins,LAC,False,2-pointer,0,42-27,'CHH',leads
262,262,262,200112090LAC,24.0,5.0,2nd quarter,7:08.0,Earl Boykins,LAC,False,2-pointer,0,42-27,'CHH',leads
263,263,263,200112090LAC,8.0,21.9,2nd quarter,6:34.0,Darius Miles,LAC,True,2-pointer,23,44-30,'CHH',leads
264,264,264,200112090LAC,34.6,4.2,2nd quarter,4:46.0,Earl Boykins,LAC,True,2-pointer,11,46-32,'CHH',leads
265,265,265,200112090LAC,24.0,5.0,2nd quarter,4:20.0,Lamar Odom,LAC,False,2-pointer,0,46-32,'CHH',leads
266,266,266,200112090LAC,15.0,5.7,2nd quarter,3:49.0,Quentin Richardson,LAC,False,2-pointer,9,46-32,'CHH',leads
267,267,267,200112090LAC,22.8,20.2,2nd quarter,3:21.0,Earl Boykins,LAC,False,2-pointer,15,46-34,'CHH',leads
268,268,268,200112090LAC,18.6,22.5,2nd quarter,1:57.0,Lamar Odom,LAC,True,2-pointer,18,50-38,'CHH',leads
269,269,269,200112090LAC,29.8,7.8,2nd quarter,1:01.0,Quentin Richardson,LAC,False,2-pointer,6,51-39,'CHH',leads
270,270,270,200112090LAC,41.8,7.8,2nd quarter,0:22.8,Darius Miles,LAC,False,2-pointer,18,51-41,'CHH',leads
271,271,271,200112090LAC,15.6,8.4,3rd quarter,11:49.0,Elton Brand,LAC,True,2-pointer,9,53-41,'CHH',leads
272,272,272,200112090LAC,11.4,11.8,3rd quarter,11:18.0,Elton Brand,LAC,False,2-pointer,14,53-43,'CHH',leads
273,273,273,200112090LAC,37.4,10.7,3rd quarter,10:39.0,Jeff McInnis,LAC,False,2-pointer,15,53-43,'CHH',leads
274,274,274,200112090LAC,24.0,5.0,3rd quarter,10:37.0,Elton Brand,LAC,True,2-pointer,0,55-43,'CHH',leads
275,275,275,200112090LAC,20.1,9.7,3rd quarter,10:01.0,Elton Brand,LAC,False,2-pointer,6,55-45,'CHH',leads
276,276,276,200112090LAC,36.7,22.5,3rd quarter,9:52.0,Corey Maggette,LAC,False,2-pointer,22,55-45,'CHH',leads
277,277,277,200112090LAC,24.0,5.0,3rd quarter,9:27.0,Corey Maggette,LAC,True,2-pointer,0,58-45,'CHH',leads
278,278,278,200112090LAC,24.0,5.0,3rd quarter,8:55.0,Elton Brand,LAC,True,2-pointer,0,60-45,'CHH',leads
279,279,279,200112090LAC,28.9,10.1,3rd quarter,8:20.0,Corey Maggette,LAC,False,2-pointer,7,60-47,'CHH',leads
280,280,280,200112090LAC,33.4,21.3,3rd quarter,7:35.0,Lamar Odom,LAC,False,2-pointer,19,60-50,'CHH',leads
281,281,281,200112090LAC,21.3,6.7,3rd quarter,7:03.0,Michael Olowokandi,LAC,False,2-pointer,3,60-50,'CHH',leads
282,282,282,200112090LAC,28.1,8.4,3rd quarter,6:22.0,Elton Brand,LAC,True,2-pointer,5,62-52,'CHH',leads
283,283,283,200112090LAC,11.4,28.0,3rd quarter,5:24.0,Corey Maggette,LAC,False,3-pointer,26,63-54,'CHH',leads
284,284,284,200112090LAC,24.0,5.0,3rd quarter,5:00.0,Lamar Odom,LAC,True,2-pointer,0,65-54,'CHH',leads
285,285,285,200112090LAC,8.0,28.0,3rd quarter,4:11.0,Lamar Odom,LAC,False,3-pointer,28,65-54,'CHH',leads
286,286,286,200112090LAC,38.2,5.2,3rd quarter,3:18.0,Jeff McInnis,LAC,False,2-pointer,14,65-54,'CHH',leads
287,287,287,200112090LAC,36.7,19.6,3rd quarter,2:54.0,Lamar Odom,LAC,False,2-pointer,19,65-54,'CHH',leads
288,288,288,200112090LAC,15.0,7.3,3rd quarter,2:27.0,Darius Miles,LAC,False,2-pointer,9,65-54,'CHH',leads
289,289,289,200112090LAC,25.4,12.4,3rd quarter,2:11.0,Lamar Odom,LAC,False,2-pointer,8,65-54,'CHH',leads
290,290,290,200112090LAC,34.0,8.4,3rd quarter,1:50.0,Quentin Richardson,LAC,False,2-pointer,11,65-56,'CHH',leads
291,291,291,200112090LAC,26.2,22.9,3rd quarter,1:29.0,Quentin Richardson,LAC,False,2-pointer,18,65-56,'CHH',leads
292,292,292,200112090LAC,11.4,20.6,3rd quarter,1:11.0,Darius Miles,LAC,False,2-pointer,20,65-56,'CHH',leads
293,293,293,200112090LAC,13.5,23.6,3rd quarter,0:32.8,Jeff McInnis,LAC,False,2-pointer,21,65-58,'CHH',leads
294,294,294,200112090LAC,26.2,20.6,3rd quarter,0:00.1,Jeff McInnis,LAC,False,2-pointer,16,65-58,'CHH',leads
295,295,295,200112090LAC,10.8,7.8,4th quarter,11:29.0,Obinna Ekezie,LAC,False,2-pointer,13,65-58,'CHH',leads
296,296,296,200112090LAC,24.0,5.0,4th quarter,10:25.0,Elton Brand,LAC,True,2-pointer,0,67-58,'CHH',leads
297,297,297,200112090LAC,31.9,16.8,4th quarter,9:36.0,Lamar Odom,LAC,False,2-pointer,14,67-60,'CHH',leads
298,298,298,200112090LAC,24.0,5.0,4th quarter,9:08.0,Quentin Richardson,LAC,False,2-pointer,0,67-62,'CHH',leads
299,299,299,200112090LAC,20.7,11.1,4th quarter,8:37.0,Lamar Odom,LAC,True,2-pointer,7,69-62,'CHH',leads
300,300,300,200112090LAC,9.9,9.0,4th quarter,8:05.0,Earl Boykins,LAC,True,2-pointer,15,71-62,'CHH',leads
301,301,301,200112090LAC,24.0,5.0,4th quarter,7:28.0,Elton Brand,LAC,True,2-pointer,0,73-62,'CHH',leads
302,302,302,200112090LAC,32.5,21.9,4th quarter,6:50.0,Earl Boykins,LAC,True,2-pointer,19,75-64,'CHH',leads
303,303,303,200112090LAC,18.6,11.8,4th quarter,6:11.0,Earl Boykins,LAC,True,2-pointer,9,77-66,'CHH',leads
304,304,304,200112090LAC,24.0,5.0,4th quarter,5:07.0,Quentin Richardson,LAC,True,2-pointer,0,79-66,'CHH',leads
305,305,305,200112090LAC,22.2,31.4,4th quarter,4:36.0,Quentin Richardson,LAC,False,3-pointer,26,79-68,'CHH',leads
306,306,306,200112090LAC,5.1,14.7,4th quarter,4:30.0,Lamar Odom,LAC,False,2-pointer,21,79-68,'CHH',leads
307,307,307,200112090LAC,20.7,12.8,4th quarter,4:02.0,Earl Boykins,LAC,False,2-pointer,8,79-71,'CHH',leads
308,308,308,200112090LAC,8.7,17.5,4th quarter,3:52.0,Earl Boykins,LAC,False,2-pointer,20,79-71,'CHH',leads
309,309,309,200112090LAC,24.0,5.0,4th quarter,3:39.0,Michael Olowokandi,LAC,True,2-pointer,0,81-71,'CHH',leads
310,310,310,200112090LAC,41.8,15.1,4th quarter,3:07.0,Lamar Odom,LAC,False,2-pointer,20,82-73,'CHH',leads
311,311,311,200112090LAC,24.0,5.0,4th quarter,2:30.0,Lamar Odom,LAC,False,2-pointer,0,82-76,'CHH',leads
312,312,312,200112090LAC,31.3,12.4,4th quarter,1:39.0,Jeff McInnis,LAC,False,2-pointer,10,82-76,'CHH',leads
313,313,313,200112090LAC,41.8,12.4,4th quarter,1:00.0,Elton Brand,LAC,True,2-pointer,19,84-76,'CHH',leads
314,314,314,200112090SAC,26.2,10.5,1st quarter,11:20.0,Alonzo Mourning,MIA,True,2-pointer,6,2-0,'MIA',leads
315,315,315,200112090SAC,27.7,21.5,1st quarter,10:47.0,Alonzo Mourning,MIA,False,2-pointer,17,2-0,'MIA',leads
316,316,316,200112090SAC,33.1,20.4,1st quarter,10:22.0,Anthony Carter,MIA,False,2-pointer,18,2-2,'MIA',tied
317,317,317,200112090SAC,36.1,12.2,1st quarter,9:50.0,Alonzo Mourning,MIA,False,2-pointer,14,2-4,'MIA',trails
318,318,318,200112090SAC,34.8,21.5,1st quarter,9:29.0,Brian Grant,MIA,True,2-pointer,20,4-4,'MIA',tied
319,319,319,200112090SAC,24.0,5.0,1st quarter,8:57.0,Eddie Jones,MIA,True,2-pointer,0,6-4,'MIA',leads
320,320,320,200112090SAC,31.7,6.3,1st quarter,8:29.0,LaPhonso Ellis,MIA,True,2-pointer,8,8-6,'MIA',leads
321,321,321,200112090SAC,33.1,5.0,1st quarter,7:53.0,Alonzo Mourning,MIA,True,2-pointer,9,10-9,'MIA',leads
322,322,322,200112090SAC,5.1,6.7,1st quarter,7:20.0,Eddie Jones,MIA,False,2-pointer,19,10-10,'MIA',tied
323,323,323,200112090SAC,27.7,21.5,1st quarter,6:51.0,Alonzo Mourning,MIA,False,2-pointer,17,10-10,'MIA',tied
324,324,324,200112090SAC,24.0,5.0,1st quarter,6:46.0,LaPhonso Ellis,MIA,True,2-pointer,0,12-10,'MIA',leads
325,325,325,200112090SAC,18.6,6.7,1st quarter,6:23.0,Eddie Jones,MIA,False,2-pointer,6,12-12,'MIA',tied
326,326,326,200112090SAC,24.0,5.0,1st quarter,6:22.0,Eddie Jones,MIA,False,2-pointer,0,12-12,'MIA',tied
327,327,327,200112090SAC,15.6,6.3,1st quarter,5:51.0,LaPhonso Ellis,MIA,True,2-pointer,9,14-15,'MIA',trails
328,328,328,200112090SAC,24.0,5.0,1st quarter,5:33.0,Chris Gatling,MIA,True,2-pointer,0,16-15,'MIA',leads
329,329,329,200112090SAC,10.2,6.7,1st quarter,5:09.0,Alonzo Mourning,MIA,True,2-pointer,14,18-15,'MIA',leads
330,330,330,200112090SAC,15.0,11.6,1st quarter,4:34.0,Chris Gatling,MIA,False,2-pointer,11,18-17,'MIA',leads
331,331,331,200112090SAC,33.1,28.6,1st quarter,3:54.0,Eddie Jones,MIA,False,3-pointer,25,18-17,'MIA',leads
332,332,332,200112090SAC,10.2,5.7,1st quarter,3:27.0,Vladimir Stepania,MIA,False,2-pointer,14,18-18,'MIA',tied
333,333,333,200112090SAC,12.3,7.8,1st quarter,2:09.0,LaPhonso Ellis,MIA,True,2-pointer,12,20-20,'MIA',tied
334,334,334,200112090SAC,10.2,7.8,1st quarter,1:28.0,Vladimir Stepania,MIA,True,2-pointer,14,22-22,'MIA',tied
335,335,335,200112090SAC,27.7,7.8,1st quarter,0:47.9,Chris Gatling,MIA,False,2-pointer,5,22-24,'MIA',trails
336,336,336,200112090SAC,4.5,14.3,1st quarter,0:21.2,Vladimir Stepania,MIA,True,2-pointer,22,24-24,'MIA',tied
337,337,337,200112090SAC,24.0,5.0,2nd quarter,11:28.0,Chris Gatling,MIA,True,2-pointer,0,26-28,'MIA',trails
338,338,338,200112090SAC,36.1,7.8,2nd quarter,10:53.0,Eddie Jones,MIA,True,2-pointer,12,28-28,'MIA',tied
339,339,339,200112090SAC,24.1,12.2,2nd quarter,10:24.0,Jim Jackson,MIA,True,2-pointer,7,30-31,'MIA',trails
340,340,340,200112090SAC,27.7,10.1,2nd quarter,9:36.0,Eddie Jones,MIA,False,2-pointer,6,30-33,'MIA',trails
341,341,341,200112090SAC,24.1,11.6,2nd quarter,9:30.0,Vladimir Stepania,MIA,False,2-pointer,7,30-33,'MIA',trails
342,342,342,200112090SAC,12.3,4.2,2nd quarter,8:20.0,Alonzo Mourning,MIA,True,2-pointer,12,33-34,'MIA',trails
343,343,343,200112090SAC,25.6,9.7,2nd quarter,7:45.0,Chris Gatling,MIA,False,2-pointer,5,33-36,'MIA',trails
344,344,344,200112090SAC,24.0,5.0,2nd quarter,7:11.0,Rod Strickland,MIA,True,2-pointer,0,35-38,'MIA',trails
345,345,345,200112090SAC,9.3,9.7,2nd quarter,6:09.0,Alonzo Mourning,MIA,True,2-pointer,15,37-38,'MIA',trails
346,346,346,200112090SAC,24.1,11.1,2nd quarter,5:33.0,Jim Jackson,MIA,True,2-pointer,6,39-40,'MIA',trails
347,347,347,200112090SAC,40.9,23.1,2nd quarter,4:20.0,LaPhonso Ellis,MIA,False,3-pointer,25,39-43,'MIA',trails
348,348,348,200112090SAC,23.6,10.5,2nd quarter,3:45.0,Alonzo Mourning,MIA,False,2-pointer,6,39-45,'MIA',trails
349,349,349,200112090SAC,11.6,13.5,2nd quarter,3:23.0,Jim Jackson,MIA,True,2-pointer,15,41-45,'MIA',trails
350,350,350,200112090SAC,26.8,12.2,2nd quarter,2:46.0,Jim Jackson,MIA,True,2-pointer,8,43-47,'MIA',trails
351,351,351,200112090SAC,12.3,4.8,2nd quarter,2:12.0,Alonzo Mourning,MIA,False,2-pointer,12,44-49,'MIA',trails
352,352,352,200112090SAC,24.0,5.0,2nd quarter,2:10.0,LaPhonso Ellis,MIA,False,2-pointer,0,44-49,'MIA',trails
353,353,353,200112090SAC,22.2,23.1,2nd quarter,1:15.0,Anthony Carter,MIA,False,2-pointer,18,45-54,'MIA',trails
354,354,354,200112090SAC,24.0,5.0,2nd quarter,0:40.2,LaPhonso Ellis,MIA,True,2-pointer,0,47-54,'MIA',trails
355,355,355,200112090SAC,7.8,7.8,3rd quarter,11:35.0,Brian Grant,MIA,True,2-pointer,16,49-54,'MIA',trails
356,356,356,200112090SAC,7.2,5.7,3rd quarter,11:00.0,Eddie Jones,MIA,True,2-pointer,17,51-56,'MIA',trails
357,357,357,200112090SAC,38.2,7.8,3rd quarter,10:30.0,Alonzo Mourning,MIA,False,2-pointer,14,51-56,'MIA',trails
358,358,358,200112090SAC,24.0,5.0,3rd quarter,9:59.0,Eddie Jones,MIA,True,2-pointer,0,53-58,'MIA',trails
359,359,359,200112090SAC,25.6,14.3,3rd quarter,9:29.0,Brian Grant,MIA,True,2-pointer,9,55-61,'MIA',trails
360,360,360,200112090SAC,34.8,19.4,3rd quarter,8:57.0,Brian Grant,MIA,False,2-pointer,18,55-63,'MIA',trails
361,361,361,200112090SAC,24.0,5.0,3rd quarter,8:52.0,LaPhonso Ellis,MIA,True,2-pointer,0,57-63,'MIA',trails
362,362,362,200112090SAC,40.3,14.9,3rd quarter,8:24.0,Anthony Carter,MIA,False,2-pointer,19,57-67,'MIA',trails
363,363,363,200112090SAC,41.8,12.8,3rd quarter,7:59.0,Eddie Jones,MIA,False,2-pointer,19,59-67,'MIA',trails
364,364,364,200112090SAC,40.3,7.8,3rd quarter,7:54.0,Jim Jackson,MIA,False,2-pointer,17,59-67,'MIA',trails
365,365,365,200112090SAC,9.3,12.2,3rd quarter,7:36.0,Alonzo Mourning,MIA,False,2-pointer,16,59-67,'MIA',trails
366,366,366,200112090SAC,40.9,5.0,3rd quarter,7:18.0,Jim Jackson,MIA,True,2-pointer,17,61-67,'MIA',trails
367,367,367,200112090SAC,24.0,5.0,3rd quarter,6:34.0,Alonzo Mourning,MIA,False,2-pointer,0,61-69,'MIA',trails
368,368,368,200112090SAC,37.6,5.0,3rd quarter,5:55.0,Eddie Jones,MIA,False,2-pointer,14,61-69,'MIA',trails
369,369,369,200112090SAC,5.1,16.2,3rd quarter,5:45.0,LaPhonso Ellis,MIA,False,2-pointer,22,61-69,'MIA',trails
370,370,370,200112090SAC,5.7,5.0,3rd quarter,5:03.0,Eddie Jones,MIA,False,2-pointer,18,61-69,'MIA',trails
371,371,371,200112090SAC,24.0,5.0,3rd quarter,4:09.0,Vladimir Stepania,MIA,True,2-pointer,0,63-69,'MIA',trails
372,372,372,200112090SAC,34.0,5.0,3rd quarter,3:35.0,Eddie Jones,MIA,False,2-pointer,10,63-71,'MIA',trails
373,373,373,200112090SAC,17.7,9.7,3rd quarter,2:59.0,LaPhonso Ellis,MIA,False,2-pointer,8,63-71,'MIA',trails
374,374,374,200112090SAC,24.7,22.1,3rd quarter,2:32.0,LaPhonso Ellis,MIA,True,2-pointer,17,65-71,'MIA',trails
375,375,375,200112090SAC,24.0,5.0,3rd quarter,1:51.0,Vladimir Stepania,MIA,True,2-pointer,0,67-71,'MIA',trails
376,376,376,200112090SAC,24.0,5.0,3rd quarter,1:02.0,Rod Strickland,MIA,True,2-pointer,0,69-73,'MIA',trails
377,377,377,200112090SAC,24.0,5.0,3rd quarter,0:37.8,Rod Strickland,MIA,False,2-pointer,0,70-76,'MIA',trails
378,378,378,200112090SAC,26.8,9.7,3rd quarter,0:02.4,Vladimir Stepania,MIA,False,2-pointer,5,70-76,'MIA',trails
379,379,379,200112090SAC,26.2,10.1,3rd quarter,0:00.1,LaPhonso Ellis,MIA,False,2-pointer,6,70-76,'MIA',trails
380,380,380,200112090SAC,8.7,4.8,4th quarter,11:42.0,Jim Jackson,MIA,False,2-pointer,15,70-76,'MIA',trails
381,381,381,200112090SAC,32.5,10.1,4th quarter,11:28.0,Rod Strickland,MIA,False,2-pointer,10,70-76,'MIA',trails
382,382,382,200112090SAC,4.5,5.0,4th quarter,11:19.0,Vladimir Stepania,MIA,False,2-pointer,20,70-76,'MIA',trails
383,383,383,200112090SAC,23.6,16.6,4th quarter,10:44.0,Jim Jackson,MIA,False,2-pointer,12,70-76,'MIA',trails
384,384,384,200112090SAC,25.6,13.9,4th quarter,9:37.0,Vladimir Stepania,MIA,True,2-pointer,9,72-76,'MIA',trails
385,385,385,200112090SAC,3.6,10.1,4th quarter,7:30.0,Anthony Carter,MIA,False,2-pointer,21,74-80,'MIA',trails
386,386,386,200112090SAC,21.3,24.8,4th quarter,7:05.0,Rod Strickland,MIA,False,2-pointer,20,74-80,'MIA',trails
387,387,387,200112090SAC,36.9,5.7,4th quarter,6:04.0,Alonzo Mourning,MIA,False,2-pointer,13,76-80,'MIA',trails
388,388,388,200112090SAC,24.1,7.3,4th quarter,5:09.0,Brian Grant,MIA,True,2-pointer,2,78-83,'MIA',trails
389,389,389,200112090SAC,10.2,4.2,4th quarter,4:20.0,Eddie Jones,MIA,True,2-pointer,14,80-85,'MIA',trails
390,390,390,200112090SAC,5.1,14.3,4th quarter,3:05.0,Eddie Jones,MIA,False,2-pointer,21,82-89,'MIA',trails
391,391,391,200112090SAC,33.1,5.0,4th quarter,2:31.0,Alonzo Mourning,MIA,False,2-pointer,9,82-89,'MIA',trails
392,392,392,200112090SAC,8.7,19.4,4th quarter,1:41.0,Jim Jackson,MIA,True,2-pointer,21,85-91,'MIA',trails
393,393,393,200112090SAC,38.2,4.8,4th quarter,0:44.7,Eddie Jones,MIA,False,2-pointer,14,85-93,'MIA',trails
394,394,394,200112090SAC,0.9,6.3,4th quarter,0:07.0,Jim Jackson,MIA,True,3-pointer,23,88-93,'MIA',trails
395,395,395,200112090SAC,31.7,20.0,1st quarter,11:27.0,Vlade Divac,SAC,False,2-pointer,17,0-0,'MIA',tied
396,396,396,200112090SAC,24.0,5.0,1st quarter,10:40.0,Vlade Divac,SAC,True,2-pointer,0,2-2,'MIA',tied
397,397,397,200112090SAC,39.7,4.2,1st quarter,10:08.0,Mike Bibby,SAC,True,2-pointer,16,4-2,'MIA',leads
398,398,398,200112090SAC,17.1,21.5,1st quarter,9:42.0,Chris Webber,SAC,False,2-pointer,18,4-2,'MIA',leads
399,399,399,200112090SAC,1.5,5.0,1st quarter,9:05.0,Peja Stojaković,SAC,False,3-pointer,23,4-4,'MIA',tied
400,400,400,200112090SAC,25.6,10.1,1st quarter,8:03.0,Chris Webber,SAC,True,2-pointer,5,9-8,'MIA',leads
401,401,401,200112090SAC,28.3,20.0,1st quarter,7:05.0,Peja Stojaković,SAC,False,2-pointer,16,10-10,'MIA',tied
402,402,402,200112090SAC,24.0,5.0,1st quarter,6:35.0,Doug Christie,SAC,True,2-pointer,0,12-12,'MIA',tied
403,403,403,200112090SAC,5.7,21.0,1st quarter,6:12.0,Peja Stojaković,SAC,True,3-pointer,24,15-12,'MIA',leads
404,404,404,200112090SAC,43.9,12.2,1st quarter,5:24.0,Mike Bibby,SAC,False,2-pointer,21,15-16,'MIA',trails
405,405,405,200112090SAC,24.0,5.0,1st quarter,4:53.0,Chris Webber,SAC,False,2-pointer,0,15-18,'MIA',trails
406,406,406,200112090SAC,25.6,9.7,1st quarter,4:50.0,Chris Webber,SAC,True,2-pointer,5,17-18,'MIA',trails
407,407,407,200112090SAC,1.5,4.8,1st quarter,4:12.0,Doug Christie,SAC,False,3-pointer,23,17-18,'MIA',trails
408,408,408,200112090SAC,12.3,3.1,1st quarter,2:54.0,Peja Stojaković,SAC,False,2-pointer,12,18-18,'MIA',tied
409,409,409,200112090SAC,24.0,5.0,1st quarter,2:53.0,Vlade Divac,SAC,False,2-pointer,0,18-18,'MIA',tied
410,410,410,200112090SAC,44.5,8.4,1st quarter,1:52.0,Doug Christie,SAC,True,2-pointer,21,22-20,'MIA',leads
411,411,411,200112090SAC,28.3,6.3,1st quarter,1:09.0,Vlade Divac,SAC,True,2-pointer,4,24-22,'MIA',leads
412,412,412,200112090SAC,5.7,21.5,1st quarter,0:39.5,Peja Stojaković,SAC,False,3-pointer,25,24-22,'MIA',leads
413,413,413,200112090SAC,24.0,5.0,1st quarter,0:01.5,Doug Christie,SAC,True,2-pointer,0,26-24,'MIA',leads
414,414,414,200112090SAC,20.7,6.7,2nd quarter,10:39.0,Scot Pollard,SAC,True,2-pointer,4,30-28,'MIA',leads
415,415,415,200112090SAC,26.2,14.9,2nd quarter,8:04.0,Hedo Türkoğlu,SAC,True,2-pointer,10,36-33,'MIA',leads
416,416,416,200112090SAC,4.5,5.0,2nd quarter,7:29.0,Bobby Jackson,SAC,True,2-pointer,20,38-33,'MIA',leads
417,417,417,200112090SAC,24.0,5.0,2nd quarter,6:54.0,Bobby Jackson,SAC,False,2-pointer,0,38-35,'MIA',leads
418,418,418,200112090SAC,37.6,4.8,2nd quarter,6:20.0,Bobby Jackson,SAC,False,2-pointer,14,38-35,'MIA',leads
419,419,419,200112090SAC,28.9,6.7,2nd quarter,5:52.0,Scot Pollard,SAC,True,2-pointer,5,40-37,'MIA',leads
420,420,420,200112090SAC,24.1,21.0,2nd quarter,5:14.0,Bobby Jackson,SAC,False,2-pointer,16,41-39,'MIA',leads
421,421,421,200112090SAC,31.0,5.7,2nd quarter,4:41.0,Bobby Jackson,SAC,False,2-pointer,7,41-39,'MIA',leads
422,422,422,200112090SAC,24.0,5.0,2nd quarter,4:38.0,Scot Pollard,SAC,True,2-pointer,0,43-39,'MIA',leads
423,423,423,200112090SAC,15.0,5.7,2nd quarter,4:12.0,Hedo Türkoğlu,SAC,True,2-pointer,9,45-39,'MIA',leads
424,424,424,200112090SAC,28.3,6.7,2nd quarter,3:01.0,Hedo Türkoğlu,SAC,True,2-pointer,5,47-41,'MIA',leads
425,425,425,200112090SAC,24.1,29.3,2nd quarter,2:02.0,Hedo Türkoğlu,SAC,True,3-pointer,24,52-44,'MIA',leads
426,426,426,200112090SAC,12.3,12.2,2nd quarter,1:00.0,Peja Stojaković,SAC,False,2-pointer,14,54-45,'MIA',leads
427,427,427,200112090SAC,42.4,22.1,2nd quarter,0:24.3,Hedo Türkoğlu,SAC,False,3-pointer,25,54-47,'MIA',leads
428,428,428,200112090SAC,38.2,20.4,2nd quarter,0:03.5,Mike Bibby,SAC,False,2-pointer,21,54-47,'MIA',leads
429,429,429,200112090SAC,38.2,14.9,3rd quarter,11:19.0,Vlade Divac,SAC,True,2-pointer,17,56-49,'MIA',leads
430,430,430,200112090SAC,10.2,5.0,3rd quarter,10:43.0,Chris Webber,SAC,False,2-pointer,14,56-51,'MIA',leads
431,431,431,200112090SAC,16.5,20.0,3rd quarter,10:20.0,Chris Webber,SAC,True,2-pointer,17,58-51,'MIA',leads
432,432,432,200112090SAC,5.7,21.5,3rd quarter,9:47.0,Peja Stojaković,SAC,True,3-pointer,25,61-53,'MIA',leads
433,433,433,200112090SAC,24.0,5.0,3rd quarter,9:18.0,Chris Webber,SAC,True,2-pointer,0,63-55,'MIA',leads
434,434,434,200112090SAC,21.3,20.4,3rd quarter,8:06.0,Peja Stojaković,SAC,False,2-pointer,16,67-59,'MIA',leads
435,435,435,200112090SAC,17.7,6.3,3rd quarter,7:26.0,Chris Webber,SAC,False,2-pointer,6,67-59,'MIA',leads
436,436,436,200112090SAC,22.8,26.5,3rd quarter,6:51.0,Peja Stojaković,SAC,True,2-pointer,22,69-61,'MIA',leads
437,437,437,200112090SAC,22.2,24.2,3rd quarter,5:26.0,Peja Stojaković,SAC,False,2-pointer,19,69-61,'MIA',leads
438,438,438,200112090SAC,13.5,18.3,3rd quarter,4:14.0,Chris Webber,SAC,False,2-pointer,17,69-61,'MIA',leads
439,439,439,200112090SAC,15.0,7.3,3rd quarter,3:56.0,Scot Pollard,SAC,False,2-pointer,9,69-63,'MIA',leads
440,440,440,200112090SAC,17.7,25.5,3rd quarter,3:10.0,Chris Webber,SAC,False,2-pointer,21,71-63,'MIA',leads
441,441,441,200112090SAC,24.0,5.0,3rd quarter,3:08.0,Scot Pollard,SAC,False,2-pointer,0,71-63,'MIA',leads
442,442,442,200112090SAC,16.5,17.7,3rd quarter,2:51.0,Chris Webber,SAC,False,2-pointer,15,71-63,'MIA',leads
443,443,443,200112090SAC,30.4,7.8,3rd quarter,2:01.0,Peja Stojaković,SAC,False,2-pointer,7,71-65,'MIA',leads
444,444,444,200112090SAC,27.7,7.3,3rd quarter,1:26.0,Peja Stojaković,SAC,False,2-pointer,4,71-67,'MIA',leads
445,445,445,200112090SAC,44.5,5.0,3rd quarter,1:22.0,Hedo Türkoğlu,SAC,True,2-pointer,21,73-67,'MIA',leads
446,446,446,200112090SAC,26.2,29.7,3rd quarter,0:49.9,Hedo Türkoğlu,SAC,True,3-pointer,25,76-70,'MIA',leads
447,447,447,200112090SAC,6.4,13.9,3rd quarter,0:19.3,Mike Bibby,SAC,False,2-pointer,20,76-70,'MIA',leads
448,448,448,200112090SAC,36.9,21.5,4th quarter,10:24.0,Peja Stojaković,SAC,False,2-pointer,21,76-70,'MIA',leads
449,449,449,200112090SAC,15.6,18.7,4th quarter,9:53.0,Bobby Jackson,SAC,False,2-pointer,16,76-70,'MIA',leads
450,450,450,200112090SAC,24.0,5.0,4th quarter,9:28.0,Mike Bibby,SAC,True,2-pointer,0,78-72,'MIA',leads
451,451,451,200112090SAC,4.5,12.8,4th quarter,8:53.0,Doug Christie,SAC,True,2-pointer,21,80-74,'MIA',leads
452,452,452,200112090SAC,10.2,5.7,4th quarter,8:00.0,Chris Webber,SAC,False,2-pointer,14,80-74,'MIA',leads
453,453,453,200112090SAC,4.5,12.2,4th quarter,7:23.0,Mike Bibby,SAC,False,2-pointer,21,80-74,'MIA',leads
454,454,454,200112090SAC,21.3,29.3,4th quarter,5:54.0,Peja Stojaković,SAC,True,3-pointer,24,83-76,'MIA',leads
455,455,455,200112090SAC,39.7,24.8,4th quarter,5:34.0,Peja Stojaković,SAC,False,3-pointer,25,83-76,'MIA',leads
456,456,456,200112090SAC,28.9,6.7,4th quarter,5:29.0,Scot Pollard,SAC,False,2-pointer,5,83-76,'MIA',leads
457,457,457,200112090SAC,15.6,23.1,4th quarter,4:44.0,Chris Webber,SAC,True,2-pointer,20,85-78,'MIA',leads
458,458,458,200112090SAC,7.8,11.6,4th quarter,4:00.0,Chris Webber,SAC,True,2-pointer,17,87-80,'MIA',leads
459,459,459,200112090SAC,38.2,13.5,4th quarter,3:25.0,Chris Webber,SAC,True,2-pointer,17,89-82,'MIA',leads
460,460,460,200112090SAC,24.7,23.8,4th quarter,2:09.0,Chris Webber,SAC,False,2-pointer,19,89-83,'MIA',leads
461,461,461,200112090SAC,15.6,28.6,4th quarter,0:23.2,Peja Stojaković,SAC,False,3-pointer,25,93-85,'MIA',leads
462,462,462,200112090TOR,31.9,17.5,1st quarter,11:40.0,Tom Gugliotta,PHO,False,2-pointer,15,0-0,'TOR',tied
463,463,463,200112090TOR,9.9,20.2,1st quarter,11:14.0,Stephon Marbury,PHO,False,2-pointer,21,0-0,'TOR',tied
464,464,464,200112090TOR,23.6,24.8,1st quarter,10:48.0,Shawn Marion,PHO,True,2-pointer,20,2-0,'TOR',leads
465,465,465,200112090TOR,31.9,8.4,1st quarter,10:19.0,Tom Gugliotta,PHO,False,2-pointer,9,2-0,'TOR',leads
466,466,466,200112090TOR,24.0,5.0,1st quarter,9:47.0,Anfernee Hardaway,PHO,False,2-pointer,0,2-2,'TOR',tied
467,467,467,200112090TOR,24.0,5.0,1st quarter,9:26.0,Anfernee Hardaway,PHO,False,2-pointer,0,2-4,'TOR',trails
468,468,468,200112090TOR,38.4,18.5,1st quarter,8:53.0,Stephon Marbury,PHO,False,2-pointer,20,2-4,'TOR',trails
469,469,469,200112090TOR,24.0,5.0,1st quarter,8:32.0,Stephon Marbury,PHO,True,2-pointer,0,4-4,'TOR',tied
470,470,470,200112090TOR,8.5,16.8,1st quarter,8:07.0,Shawn Marion,PHO,False,2-pointer,19,4-4,'TOR',tied
471,471,471,200112090TOR,24.0,5.0,1st quarter,7:35.0,Shawn Marion,PHO,True,2-pointer,0,6-6,'TOR',tied
472,472,472,200112090TOR,24.0,5.0,1st quarter,7:10.0,Anfernee Hardaway,PHO,True,2-pointer,0,8-6,'TOR',leads
473,473,473,200112090TOR,24.0,5.0,1st quarter,6:44.0,Jake Voskuhl,PHO,True,2-pointer,0,10-6,'TOR',leads
474,474,474,200112090TOR,31.9,15.8,1st quarter,6:04.0,Stephon Marbury,PHO,True,2-pointer,13,12-8,'TOR',leads
475,475,475,200112090TOR,24.0,5.0,1st quarter,5:32.0,Tom Gugliotta,PHO,False,2-pointer,0,12-8,'TOR',leads
476,476,476,200112090TOR,24.7,19.8,1st quarter,4:46.0,Stephon Marbury,PHO,True,2-pointer,15,16-8,'TOR',leads
477,477,477,200112090TOR,24.0,5.0,1st quarter,4:00.0,Anfernee Hardaway,PHO,True,2-pointer,0,18-8,'TOR',leads
478,478,478,200112090TOR,34.0,12.2,1st quarter,3:17.0,Rodney Rogers,PHO,False,2-pointer,12,19-11,'TOR',leads
479,479,479,200112090TOR,36.9,15.1,1st quarter,2:46.0,Stephon Marbury,PHO,False,2-pointer,16,19-13,'TOR',leads
480,480,480,200112090TOR,26.2,17.5,1st quarter,2:36.0,Rodney Rogers,PHO,True,2-pointer,13,21-13,'TOR',leads
481,481,481,200112090TOR,44.1,18.5,1st quarter,2:13.0,Rodney Rogers,PHO,True,3-pointer,24,24-13,'TOR',leads
482,482,482,200112090TOR,15.6,6.1,1st quarter,1:05.0,Rodney Rogers,PHO,False,2-pointer,8,25-17,'TOR',leads
483,483,483,200112090TOR,45.0,9.5,1st quarter,0:32.1,Tony Delk,PHO,False,2-pointer,21,25-17,'TOR',leads
484,484,484,200112090TOR,39.3,5.0,2nd quarter,11:15.0,Rodney Rogers,PHO,False,2-pointer,15,25-20,'TOR',leads
485,485,485,200112090TOR,23.6,24.2,2nd quarter,10:41.0,Anfernee Hardaway,PHO,True,2-pointer,19,27-23,'TOR',leads
486,486,486,200112090TOR,40.7,17.5,2nd quarter,9:53.0,Anfernee Hardaway,PHO,False,2-pointer,21,27-23,'TOR',leads
487,487,487,200112090TOR,38.4,4.6,2nd quarter,9:22.0,Shawn Marion,PHO,True,2-pointer,14,29-25,'TOR',leads
488,488,488,200112090TOR,30.4,9.5,2nd quarter,9:00.0,Anfernee Hardaway,PHO,False,2-pointer,8,29-25,'TOR',leads
489,489,489,200112090TOR,10.6,25.9,2nd quarter,8:19.0,Rodney Rogers,PHO,False,3-pointer,25,29-25,'TOR',leads
490,490,490,200112090TOR,42.8,5.4,2nd quarter,8:08.0,Tony Delk,PHO,False,2-pointer,19,29-25,'TOR',leads
491,491,491,200112090TOR,13.5,27.6,2nd quarter,7:52.0,Tony Delk,PHO,False,3-pointer,25,29-25,'TOR',leads
492,492,492,200112090TOR,24.1,13.5,2nd quarter,6:46.0,Anfernee Hardaway,PHO,False,2-pointer,9,31-25,'TOR',leads
493,493,493,200112090TOR,24.0,5.0,2nd quarter,6:42.0,Bo Outlaw,PHO,True,2-pointer,0,33-25,'TOR',leads
494,494,494,200112090TOR,8.5,4.6,2nd quarter,6:04.0,Rodney Rogers,PHO,False,2-pointer,16,33-27,'TOR',leads
495,495,495,200112090TOR,14.8,5.0,2nd quarter,5:07.0,Anfernee Hardaway,PHO,False,2-pointer,9,33-31,'TOR',leads
496,496,496,200112090TOR,47.1,3.9,2nd quarter,4:15.0,Shawn Marion,PHO,False,3-pointer,23,33-34,'TOR',trails
497,497,497,200112090TOR,9.9,20.2,2nd quarter,3:45.0,Anfernee Hardaway,PHO,False,2-pointer,21,33-37,'TOR',trails
498,498,498,200112090TOR,16.3,14.1,2nd quarter,3:37.0,Anfernee Hardaway,PHO,True,2-pointer,12,35-37,'TOR',trails
499,499,499,200112090TOR,24.0,5.0,2nd quarter,2:42.0,Bo Outlaw,PHO,True,2-pointer,0,39-42,'TOR',trails
500,500,500,200112090TOR,35.5,22.5,2nd quarter,2:04.0,Tony Delk,PHO,False,2-pointer,21,39-43,'TOR',trails
501,501,501,200112090TOR,24.0,5.0,2nd quarter,1:24.0,Stephon Marbury,PHO,False,2-pointer,0,41-46,'TOR',trails
502,502,502,200112090TOR,4.0,5.4,2nd quarter,0:37.5,Tony Delk,PHO,True,2-pointer,20,43-46,'TOR',trails
503,503,503,200112090TOR,24.0,5.0,2nd quarter,0:00.5,Tony Delk,PHO,False,2-pointer,0,43-48,'TOR',trails
504,504,504,200112090TOR,28.3,10.7,3rd quarter,10:57.0,Anfernee Hardaway,PHO,False,2-pointer,7,43-48,'TOR',trails
505,505,505,200112090TOR,9.1,15.8,3rd quarter,10:34.0,Shawn Marion,PHO,False,2-pointer,18,43-48,'TOR',trails
506,506,506,200112090TOR,38.4,5.0,3rd quarter,9:59.0,Shawn Marion,PHO,False,2-pointer,14,43-48,'TOR',trails
507,507,507,200112090TOR,39.9,3.9,3rd quarter,9:41.0,Anfernee Hardaway,PHO,False,2-pointer,16,43-48,'TOR',trails
508,508,508,200112090TOR,36.9,8.4,3rd quarter,9:13.0,Stephon Marbury,PHO,False,2-pointer,13,43-48,'TOR',trails
509,509,509,200112090TOR,46.2,5.0,3rd quarter,8:46.0,Rodney Rogers,PHO,True,3-pointer,22,46-48,'TOR',trails
510,510,510,200112090TOR,24.0,5.0,3rd quarter,7:42.0,Stephon Marbury,PHO,True,2-pointer,0,48-48,'TOR',tied
511,511,511,200112090TOR,24.0,5.0,3rd quarter,7:08.0,Stephon Marbury,PHO,True,2-pointer,0,51-50,'TOR',leads
512,512,512,200112090TOR,24.0,5.0,3rd quarter,6:42.0,Anfernee Hardaway,PHO,True,2-pointer,0,54-50,'TOR',leads
513,513,513,200112090TOR,11.2,2.9,3rd quarter,6:21.0,Shawn Marion,PHO,True,2-pointer,13,56-50,'TOR',leads
514,514,514,200112090TOR,16.3,18.5,3rd quarter,5:54.0,Shawn Marion,PHO,True,2-pointer,16,58-50,'TOR',leads
515,515,515,200112090TOR,34.8,15.1,3rd quarter,5:04.0,Anfernee Hardaway,PHO,False,2-pointer,15,58-52,'TOR',leads
516,516,516,200112090TOR,11.2,9.0,3rd quarter,4:08.0,Anfernee Hardaway,PHO,True,2-pointer,13,60-54,'TOR',leads
517,517,517,200112090TOR,15.6,15.1,3rd quarter,3:27.0,Shawn Marion,PHO,True,2-pointer,13,62-54,'TOR',leads
518,518,518,200112090TOR,42.0,15.1,3rd quarter,3:01.0,Tony Delk,PHO,False,2-pointer,21,62-54,'TOR',leads
519,519,519,200112090TOR,15.6,15.8,3rd quarter,2:56.0,Shawn Marion,PHO,True,2-pointer,14,64-54,'TOR',leads
520,520,520,200112090TOR,41.4,5.0,3rd quarter,0:50.9,Anfernee Hardaway,PHO,True,2-pointer,17,68-59,'TOR',leads
521,521,521,200112090TOR,25.6,30.5,3rd quarter,0:21.4,Anfernee Hardaway,PHO,False,3-pointer,26,68-62,'TOR',leads
522,522,522,200112090TOR,4.0,4.6,3rd quarter,0:00.2,Rodney Rogers,PHO,False,2-pointer,20,68-62,'TOR',leads
523,523,523,200112090TOR,40.7,6.1,4th quarter,11:46.0,Rodney Rogers,PHO,True,2-pointer,17,70-62,'TOR',leads
524,524,524,200112090TOR,24.0,5.0,4th quarter,11:15.0,Stephon Marbury,PHO,True,2-pointer,0,72-62,'TOR',leads
525,525,525,200112090TOR,34.0,5.0,4th quarter,10:25.0,Tony Delk,PHO,False,2-pointer,10,72-64,'TOR',leads
526,526,526,200112090TOR,31.3,29.3,4th quarter,9:48.0,Stephon Marbury,PHO,False,3-pointer,25,72-66,'TOR',leads
527,527,527,200112090TOR,34.0,5.4,4th quarter,9:05.0,Shawn Marion,PHO,False,2-pointer,10,72-68,'TOR',leads
528,528,528,200112090TOR,24.0,5.0,4th quarter,7:57.0,Shawn Marion,PHO,False,2-pointer,0,72-70,'TOR',leads
529,529,529,200112090TOR,24.0,5.0,4th quarter,7:33.0,Stephon Marbury,PHO,True,2-pointer,0,74-72,'TOR',leads
530,530,530,200112090TOR,37.8,12.8,4th quarter,7:08.0,Shawn Marion,PHO,True,2-pointer,16,76-72,'TOR',leads
531,531,531,200112090TOR,23.6,11.8,4th quarter,6:03.0,Anfernee Hardaway,PHO,True,2-pointer,7,78-76,'TOR',leads
532,532,532,200112090TOR,1.9,4.6,4th quarter,5:29.0,Rodney Rogers,PHO,False,3-pointer,22,79-78,'TOR',leads
533,533,533,200112090TOR,9.9,12.2,4th quarter,4:57.0,Anfernee Hardaway,PHO,True,2-pointer,16,81-78,'TOR',leads
534,534,534,200112090TOR,41.4,23.1,4th quarter,3:50.0,Anfernee Hardaway,PHO,True,3-pointer,25,84-78,'TOR',leads
535,535,535,200112090TOR,34.0,27.6,4th quarter,3:08.0,Shawn Marion,PHO,False,3-pointer,25,84-78,'TOR',leads
536,536,536,200112090TOR,36.9,3.9,4th quarter,2:23.0,Anfernee Hardaway,PHO,False,2-pointer,13,84-80,'TOR',leads
537,537,537,200112090TOR,24.0,5.0,4th quarter,1:57.0,Stephon Marbury,PHO,True,2-pointer,0,86-83,'TOR',leads
538,538,538,200112090TOR,24.0,5.0,4th quarter,1:16.0,Anfernee Hardaway,PHO,False,2-pointer,0,86-86,'TOR',tied
539,539,539,200112090TOR,24.0,5.0,4th quarter,1:12.0,Rodney Rogers,PHO,True,2-pointer,0,88-86,'TOR',leads
540,540,540,200112090TOR,24.0,5.0,4th quarter,0:00.1,Anfernee Hardaway,PHO,True,2-pointer,0,91-90,'TOR',leads
541,541,541,200112090TOR,24.0,5.0,1st quarter,11:21.0,Morris Peterson,TOR,False,2-pointer,0,0-0,'TOR',tied
542,542,542,200112090TOR,40.7,6.1,1st quarter,11:02.0,Alvin Williams,TOR,False,2-pointer,17,0-0,'TOR',tied
543,543,543,200112090TOR,24.0,5.0,1st quarter,10:55.0,Vince Carter,TOR,False,2-pointer,0,0-0,'TOR',tied
544,544,544,200112090TOR,38.4,3.5,1st quarter,10:32.0,Keon Clark,TOR,False,2-pointer,14,0-2,'TOR',trails
545,545,545,200112090TOR,24.0,5.0,1st quarter,10:09.0,Morris Peterson,TOR,True,2-pointer,0,2-2,'TOR',tied
546,546,546,200112090TOR,26.2,10.7,1st quarter,9:41.0,Vince Carter,TOR,True,2-pointer,6,4-2,'TOR',leads
547,547,547,200112090TOR,7.8,10.7,1st quarter,9:12.0,Hakeem Olajuwon,TOR,False,2-pointer,17,4-2,'TOR',leads
548,548,548,200112090TOR,2.6,18.5,1st quarter,9:05.0,Morris Peterson,TOR,False,3-pointer,25,4-2,'TOR',leads
549,549,549,200112090TOR,24.7,11.8,1st quarter,8:41.0,Keon Clark,TOR,False,2-pointer,7,4-2,'TOR',leads
550,550,550,200112090TOR,24.7,20.2,1st quarter,8:15.0,Keon Clark,TOR,False,2-pointer,15,4-4,'TOR',tied
551,551,551,200112090TOR,24.0,5.0,1st quarter,7:55.0,Vince Carter,TOR,True,2-pointer,0,6-4,'TOR',leads
552,552,552,200112090TOR,8.5,7.1,1st quarter,6:50.0,Vince Carter,TOR,False,2-pointer,16,6-8,'TOR',trails
553,553,553,200112090TOR,24.0,5.0,1st quarter,6:23.0,Keon Clark,TOR,True,2-pointer,0,8-10,'TOR',trails
554,554,554,200112090TOR,24.0,5.0,1st quarter,5:43.0,Keon Clark,TOR,False,2-pointer,0,8-12,'TOR',trails
555,555,555,200112090TOR,6.4,5.4,1st quarter,5:38.0,Alvin Williams,TOR,False,2-pointer,18,8-12,'TOR',trails
556,556,556,200112090TOR,2.6,16.8,1st quarter,5:25.0,Morris Peterson,TOR,False,3-pointer,24,8-12,'TOR',trails
557,557,557,200112090TOR,24.0,5.0,1st quarter,4:56.0,Keon Clark,TOR,False,2-pointer,0,8-14,'TOR',trails
558,558,558,200112090TOR,31.0,8.8,1st quarter,4:29.0,Keon Clark,TOR,False,2-pointer,8,8-16,'TOR',trails
559,559,559,200112090TOR,24.0,5.0,1st quarter,4:06.0,Vince Carter,TOR,False,2-pointer,0,8-16,'TOR',trails
560,560,560,200112090TOR,0.5,9.0,1st quarter,3:43.0,Morris Peterson,TOR,True,3-pointer,24,11-19,'TOR',trails
561,561,561,200112090TOR,24.0,5.0,1st quarter,3:04.0,Morris Peterson,TOR,True,2-pointer,0,13-19,'TOR',trails
562,562,562,200112090TOR,24.0,5.0,1st quarter,2:22.0,Hakeem Olajuwon,TOR,False,2-pointer,0,13-21,'TOR',trails
563,563,563,200112090TOR,24.0,5.0,1st quarter,1:56.0,Jerome Williams,TOR,False,2-pointer,0,13-25,'TOR',trails
564,564,564,200112090TOR,24.1,10.7,1st quarter,1:49.0,Vince Carter,TOR,True,2-pointer,6,15-25,'TOR',trails
565,565,565,200112090TOR,37.8,5.4,1st quarter,1:20.0,Jerome Williams,TOR,True,2-pointer,14,17-25,'TOR',trails
566,566,566,200112090TOR,34.0,15.8,1st quarter,0:46.2,Vince Carter,TOR,False,2-pointer,15,17-25,'TOR',trails
567,567,567,200112090TOR,24.0,5.0,2nd quarter,11:44.0,Vince Carter,TOR,True,2-pointer,0,20-25,'TOR',trails
568,568,568,200112090TOR,24.7,30.5,2nd quarter,10:58.0,Vince Carter,TOR,True,3-pointer,26,23-25,'TOR',trails
569,569,569,200112090TOR,7.0,6.1,2nd quarter,10:20.0,Morris Peterson,TOR,False,2-pointer,17,23-27,'TOR',trails
570,570,570,200112090TOR,4.9,20.2,2nd quarter,10:14.0,Vince Carter,TOR,False,3-pointer,24,23-27,'TOR',trails
571,571,571,200112090TOR,36.9,18.5,2nd quarter,9:08.0,Vince Carter,TOR,False,2-pointer,19,25-29,'TOR',trails
572,572,572,200112090TOR,16.3,18.5,2nd quarter,8:36.0,Jerome Williams,TOR,False,2-pointer,16,25-29,'TOR',trails
573,573,573,200112090TOR,1.9,16.8,2nd quarter,7:45.0,Chris Childs,TOR,False,3-pointer,25,25-29,'TOR',trails
574,574,574,200112090TOR,14.8,10.7,2nd quarter,7:05.0,Keon Clark,TOR,False,2-pointer,11,25-31,'TOR',trails
575,575,575,200112090TOR,24.0,5.0,2nd quarter,7:02.0,Jerome Williams,TOR,False,2-pointer,0,25-31,'TOR',trails
576,576,576,200112090TOR,39.3,5.0,2nd quarter,6:16.0,Tracy Murray,TOR,True,2-pointer,15,27-33,'TOR',trails
577,577,577,200112090TOR,24.0,5.0,2nd quarter,5:52.0,Keon Clark,TOR,False,2-pointer,0,27-33,'TOR',trails
578,578,578,200112090TOR,24.0,5.0,2nd quarter,5:48.0,Keon Clark,TOR,True,2-pointer,0,29-33,'TOR',trails
579,579,579,200112090TOR,24.0,5.0,2nd quarter,5:27.0,Vince Carter,TOR,True,2-pointer,0,31-33,'TOR',trails
580,580,580,200112090TOR,1.9,15.8,2nd quarter,4:47.0,Vince Carter,TOR,False,3-pointer,25,31-33,'TOR',trails
581,581,581,200112090TOR,47.7,3.9,2nd quarter,4:38.0,Tracy Murray,TOR,True,3-pointer,24,34-33,'TOR',leads
582,582,582,200112090TOR,46.2,16.2,2nd quarter,4:08.0,Tracy Murray,TOR,True,3-pointer,25,37-33,'TOR',leads
583,583,583,200112090TOR,44.1,20.2,2nd quarter,3:14.0,Tracy Murray,TOR,True,3-pointer,25,40-35,'TOR',leads
584,584,584,200112090TOR,0.5,6.5,2nd quarter,1:56.0,Vince Carter,TOR,True,3-pointer,24,46-39,'TOR',leads
585,585,585,200112090TOR,45.0,18.5,2nd quarter,1:32.0,Tracy Murray,TOR,False,3-pointer,25,46-41,'TOR',leads
586,586,586,200112090TOR,34.0,16.2,2nd quarter,0:57.9,Alvin Williams,TOR,False,2-pointer,15,46-41,'TOR',leads
587,587,587,200112090TOR,24.0,5.0,2nd quarter,0:53.6,Hakeem Olajuwon,TOR,False,2-pointer,0,46-41,'TOR',leads
588,588,588,200112090TOR,35.5,21.5,2nd quarter,0:19.1,Alvin Williams,TOR,True,2-pointer,20,48-43,'TOR',leads
589,589,589,200112090TOR,24.0,5.0,3rd quarter,11:39.0,Morris Peterson,TOR,False,2-pointer,0,48-43,'TOR',leads
590,590,590,200112090TOR,35.5,16.8,3rd quarter,11:11.0,Alvin Williams,TOR,False,2-pointer,16,48-43,'TOR',leads
591,591,591,200112090TOR,13.0,6.0,3rd quarter,10:49.0,Morris Peterson,TOR,False,2-pointer,11,48-43,'TOR',leads
592,592,592,200112090TOR,46.2,16.8,3rd quarter,9:53.0,Vince Carter,TOR,False,3-pointer,25,48-43,'TOR',leads
593,593,593,200112090TOR,15.8,7.4,3rd quarter,9:20.0,Vince Carter,TOR,False,2-pointer,9,48-43,'TOR',leads
594,594,594,200112090TOR,43.5,8.4,3rd quarter,8:17.0,Alvin Williams,TOR,False,2-pointer,20,48-46,'TOR',leads
595,595,595,200112090TOR,1.1,5.0,3rd quarter,7:53.0,Vince Carter,TOR,False,3-pointer,23,48-46,'TOR',leads
596,596,596,200112090TOR,16.3,10.1,3rd quarter,7:49.0,Hakeem Olajuwon,TOR,False,2-pointer,9,48-46,'TOR',leads
597,597,597,200112090TOR,24.0,5.0,3rd quarter,7:24.0,Vince Carter,TOR,True,2-pointer,0,50-49,'TOR',leads
598,598,598,200112090TOR,27.7,24.2,3rd quarter,6:50.0,Vince Carter,TOR,False,2-pointer,20,50-52,'TOR',trails
599,599,599,200112090TOR,19.8,19.8,3rd quarter,6:02.0,Alvin Williams,TOR,False,2-pointer,15,50-56,'TOR',trails
600,600,600,200112090TOR,29.8,17.5,3rd quarter,5:27.0,Keon Clark,TOR,True,2-pointer,14,52-58,'TOR',trails
601,601,601,200112090TOR,35.5,17.5,3rd quarter,4:50.0,Hakeem Olajuwon,TOR,False,2-pointer,17,52-58,'TOR',trails
602,602,602,200112090TOR,24.0,5.0,3rd quarter,4:29.0,Hakeem Olajuwon,TOR,True,2-pointer,0,54-58,'TOR',trails
603,603,603,200112090TOR,24.0,5.0,3rd quarter,3:45.0,Keon Clark,TOR,False,2-pointer,0,54-60,'TOR',trails
604,604,604,200112090TOR,39.3,17.5,3rd quarter,3:09.0,Chris Childs,TOR,False,2-pointer,20,54-62,'TOR',trails
605,605,605,200112090TOR,17.7,10.1,3rd quarter,2:40.0,Vince Carter,TOR,True,2-pointer,8,56-64,'TOR',trails
606,606,606,200112090TOR,24.7,10.1,3rd quarter,2:06.0,Tracy Murray,TOR,False,2-pointer,5,57-66,'TOR',trails
607,607,607,200112090TOR,24.0,5.0,3rd quarter,1:15.0,Jerome Williams,TOR,False,2-pointer,0,57-66,'TOR',trails
608,608,608,200112090TOR,24.0,5.0,3rd quarter,1:02.0,Keon Clark,TOR,True,2-pointer,0,59-66,'TOR',trails
609,609,609,200112090TOR,47.7,3.9,3rd quarter,0:41.7,Vince Carter,TOR,True,3-pointer,24,62-68,'TOR',trails
610,610,610,200112090TOR,27.0,6.6,4th quarter,10:54.0,Keon Clark,TOR,False,2-pointer,3,62-72,'TOR',trails
611,611,611,200112090TOR,24.7,10.7,4th quarter,10:42.0,Vince Carter,TOR,True,2-pointer,6,64-72,'TOR',trails
612,612,612,200112090TOR,23.6,11.1,4th quarter,10:05.0,Vince Carter,TOR,True,2-pointer,6,66-72,'TOR',trails
613,613,613,200112090TOR,8.5,5.0,4th quarter,9:20.0,Jerome Williams,TOR,True,2-pointer,16,68-72,'TOR',trails
614,614,614,200112090TOR,24.0,5.0,4th quarter,7:49.0,Keon Clark,TOR,True,2-pointer,0,72-72,'TOR',tied
615,615,615,200112090TOR,18.4,23.1,4th quarter,6:41.0,Chris Childs,TOR,True,2-pointer,19,74-76,'TOR',trails
616,616,616,200112090TOR,24.0,5.0,4th quarter,6:16.0,Tracy Murray,TOR,True,2-pointer,0,76-76,'TOR',tied
617,617,617,200112090TOR,15.6,6.5,4th quarter,5:50.0,Vince Carter,TOR,True,2-pointer,9,78-79,'TOR',trails
618,618,618,200112090TOR,24.7,30.5,4th quarter,4:31.0,Chris Childs,TOR,False,3-pointer,26,78-81,'TOR',trails
619,619,619,200112090TOR,11.2,4.6,4th quarter,4:18.0,Vince Carter,TOR,False,2-pointer,13,78-81,'TOR',trails
620,620,620,200112090TOR,12.7,15.8,4th quarter,4:09.0,Vince Carter,TOR,False,2-pointer,16,78-81,'TOR',trails
621,621,621,200112090TOR,0.5,4.6,4th quarter,2:48.0,Vince Carter,TOR,False,3-pointer,24,78-84,'TOR',trails
622,622,622,200112090TOR,24.0,5.0,4th quarter,2:45.0,Jerome Williams,TOR,True,2-pointer,0,80-84,'TOR',trails
623,623,623,200112090TOR,1.1,3.9,4th quarter,2:14.0,Morris Peterson,TOR,True,3-pointer,23,83-84,'TOR',trails
624,624,624,200112090TOR,42.8,21.5,4th quarter,1:37.0,Vince Carter,TOR,True,3-pointer,25,86-86,'TOR',tied
625,625,625,200112090TOR,43.5,6.1,4th quarter,0:38.5,Vince Carter,TOR,True,2-pointer,20,88-88,'TOR',tied
626,626,626,200112090TOR,23.4,15.6,4th quarter,0:05.2,Vince Carter,TOR,False,2-pointer,11,88-89,'TOR',trails
627,627,627,200112090TOR,14.8,7.1,4th quarter,0:03.0,Vince Carter,TOR,True,2-pointer,9,90-89,'TOR',leads
