,Unnamed: 0.1,Unnamed: 0,match_id,shotX,shotY,quarter,time_remaining,player,team,made,shot_type,distance,score,opp,status
0,0,0,200104210MIA,42.6,4.4,1st quarter,11:29.0,P.J. Brown,CHH,True,2-pointer,19,2-0,'CHH',leads
1,1,1,200104210MIA,33.8,16.6,1st quarter,10:53.0,Jamal Mashburn,CHH,False,2-pointer,15,2-3,'CHH',trails
2,2,2,200104210MIA,11.0,20.4,1st quarter,10:47.0,Elden Campbell,CHH,True,2-pointer,20,4-3,'CHH',leads
3,3,3,200104210MIA,11.6,5.7,1st quarter,10:02.0,P.J. Brown,CHH,False,2-pointer,12,4-3,'CHH',leads
4,4,4,200104210MIA,19.6,8.4,1st quarter,9:50.0,P.J. Brown,CHH,False,2-pointer,6,4-3,'CHH',leads
5,5,5,200104210MIA,14.6,22.7,1st quarter,8:47.0,David Wesley,CHH,False,2-pointer,20,4-5,'CHH',trails
6,6,6,200104210MIA,24.0,5.0,1st quarter,8:37.0,Baron Davis,CHH,True,2-pointer,0,6-5,'CHH',leads
7,7,7,200104210MIA,24.0,5.0,1st quarter,7:25.0,Baron Davis,CHH,True,2-pointer,0,8-9,'CHH',trails
8,8,8,200104210MIA,24.0,5.0,1st quarter,6:53.0,Baron Davis,CHH,True,2-pointer,0,10-9,'CHH',leads
9,9,9,200104210MIA,6.8,22.1,1st quarter,6:16.0,Baron Davis,CHH,True,3-pointer,24,13-9,'CHH',leads
10,10,10,200104210MIA,11.0,19.4,1st quarter,4:58.0,Jamal Mashburn,CHH,True,2-pointer,19,15-14,'CHH',leads
11,11,11,200104210MIA,25.8,23.1,1st quarter,4:30.0,Elden Campbell,CHH,False,2-pointer,18,15-14,'CHH',leads
12,12,12,200104210MIA,39.3,10.1,1st quarter,3:36.0,Jamal Mashburn,CHH,True,2-pointer,16,17-14,'CHH',leads
13,13,13,200104210MIA,24.0,5.0,1st quarter,3:01.0,David Wesley,CHH,False,2-pointer,0,17-14,'CHH',leads
14,14,14,200104210MIA,31.7,18.3,1st quarter,2:55.0,Jamal Mashburn,CHH,True,2-pointer,15,19-14,'CHH',leads
15,15,15,200104210MIA,31.7,17.7,1st quarter,2:09.0,Jamal Mashburn,CHH,True,2-pointer,15,21-16,'CHH',leads
16,16,16,200104210MIA,24.0,5.0,1st quarter,1:51.0,Baron Davis,CHH,True,2-pointer,0,23-16,'CHH',leads
17,17,17,200104210MIA,36.5,14.3,1st quarter,1:02.0,Jamal Mashburn,CHH,False,2-pointer,16,23-18,'CHH',leads
18,18,18,200104210MIA,3.8,5.0,1st quarter,0:45.1,Jamaal Magloire,CHH,False,2-pointer,20,23-19,'CHH',leads
19,19,19,200104210MIA,11.0,14.3,1st quarter,0:00.7,Jamal Mashburn,CHH,False,2-pointer,16,23-21,'CHH',leads
20,20,20,200104210MIA,38.6,6.7,2nd quarter,11:47.0,Eddie Robinson,CHH,True,2-pointer,15,25-21,'CHH',leads
21,21,21,200104210MIA,31.7,5.0,2nd quarter,11:07.0,Jamal Mashburn,CHH,True,2-pointer,8,27-21,'CHH',leads
22,22,22,200104210MIA,31.7,18.3,2nd quarter,10:34.0,Jamal Mashburn,CHH,False,2-pointer,15,27-23,'CHH',leads
23,23,23,200104210MIA,40.1,4.8,2nd quarter,10:02.0,Eddie Robinson,CHH,True,2-pointer,16,29-23,'CHH',leads
24,24,24,200104210MIA,6.2,21.5,2nd quarter,9:30.0,Hersey Hawkins,CHH,True,3-pointer,24,32-23,'CHH',leads
25,25,25,200104210MIA,42.2,5.7,2nd quarter,8:37.0,Eddie Robinson,CHH,True,2-pointer,18,34-25,'CHH',leads
26,26,26,200104210MIA,24.0,5.0,2nd quarter,8:21.0,Jamal Mashburn,CHH,True,2-pointer,0,36-25,'CHH',leads
27,27,27,200104210MIA,43.1,20.0,2nd quarter,7:39.0,Hersey Hawkins,CHH,False,3-pointer,24,36-28,'CHH',leads
28,28,28,200104210MIA,9.5,18.7,2nd quarter,6:52.0,Eddie Robinson,CHH,False,2-pointer,20,38-28,'CHH',leads
29,29,29,200104210MIA,26.4,29.3,2nd quarter,6:32.0,David Wesley,CHH,True,3-pointer,24,41-28,'CHH',leads
30,30,30,200104210MIA,24.0,5.0,2nd quarter,6:09.0,David Wesley,CHH,True,2-pointer,0,43-28,'CHH',leads
31,31,31,200104210MIA,39.3,19.4,2nd quarter,5:20.0,Baron Davis,CHH,False,2-pointer,21,43-30,'CHH',leads
32,32,32,200104210MIA,28.7,28.6,2nd quarter,4:49.0,Derrick Coleman,CHH,False,3-pointer,24,43-30,'CHH',leads
33,33,33,200104210MIA,12.5,5.0,2nd quarter,4:41.0,Jamal Mashburn,CHH,False,2-pointer,12,43-30,'CHH',leads
34,34,34,200104210MIA,35.9,5.0,2nd quarter,4:14.0,Derrick Coleman,CHH,False,2-pointer,12,43-33,'CHH',leads
35,35,35,200104210MIA,21.7,29.3,2nd quarter,3:45.0,David Wesley,CHH,True,3-pointer,24,46-35,'CHH',leads
36,36,36,200104210MIA,45.2,18.3,2nd quarter,3:18.0,David Wesley,CHH,False,3-pointer,25,46-35,'CHH',leads
37,37,37,200104210MIA,40.7,4.8,2nd quarter,2:42.0,Jamal Mashburn,CHH,False,2-pointer,17,46-37,'CHH',leads
38,38,38,200104210MIA,13.9,23.8,2nd quarter,2:24.0,David Wesley,CHH,True,2-pointer,21,48-38,'CHH',leads
39,39,39,200104210MIA,13.9,23.1,2nd quarter,1:52.0,David Wesley,CHH,False,2-pointer,21,48-40,'CHH',leads
40,40,40,200104210MIA,25.8,24.2,2nd quarter,0:47.7,P.J. Brown,CHH,False,2-pointer,19,50-40,'CHH',leads
41,41,41,200104210MIA,12.5,25.9,2nd quarter,0:06.4,Hersey Hawkins,CHH,False,3-pointer,24,50-40,'CHH',leads
42,42,42,200104210MIA,38.0,24.2,3rd quarter,11:46.0,Baron Davis,CHH,True,3-pointer,24,53-40,'CHH',leads
43,43,43,200104210MIA,23.9,29.7,3rd quarter,11:06.0,David Wesley,CHH,True,3-pointer,25,56-40,'CHH',leads
44,44,44,200104210MIA,40.1,12.8,3rd quarter,10:21.0,Jamal Mashburn,CHH,False,2-pointer,18,56-42,'CHH',leads
45,45,45,200104210MIA,26.4,14.3,3rd quarter,9:52.0,Jamal Mashburn,CHH,False,2-pointer,10,56-42,'CHH',leads
46,46,46,200104210MIA,45.2,3.7,3rd quarter,8:44.0,Jamal Mashburn,CHH,False,2-pointer,21,58-42,'CHH',leads
47,47,47,200104210MIA,24.0,5.0,3rd quarter,8:13.0,Jamal Mashburn,CHH,True,2-pointer,0,60-42,'CHH',leads
48,48,48,200104210MIA,24.0,5.0,3rd quarter,7:27.0,David Wesley,CHH,True,2-pointer,0,65-42,'CHH',leads
49,49,49,200104210MIA,41.6,22.1,3rd quarter,6:56.0,Jamal Mashburn,CHH,True,3-pointer,25,68-42,'CHH',leads
50,50,50,200104210MIA,36.5,12.8,3rd quarter,4:50.0,Jamal Mashburn,CHH,False,2-pointer,15,71-48,'CHH',leads
51,51,51,200104210MIA,33.8,27.6,3rd quarter,4:31.0,Baron Davis,CHH,False,3-pointer,25,71-48,'CHH',leads
52,52,52,200104210MIA,28.7,7.8,3rd quarter,2:52.0,Jamal Mashburn,CHH,True,2-pointer,5,75-53,'CHH',leads
53,53,53,200104210MIA,19.0,5.7,3rd quarter,2:17.0,Derrick Coleman,CHH,False,2-pointer,5,75-53,'CHH',leads
54,54,54,200104210MIA,28.7,29.3,3rd quarter,1:35.0,Derrick Coleman,CHH,False,3-pointer,25,77-55,'CHH',leads
55,55,55,200104210MIA,35.9,5.7,3rd quarter,0:43.1,Derrick Coleman,CHH,False,2-pointer,12,77-56,'CHH',leads
56,56,56,200104210MIA,38.6,24.2,3rd quarter,0:37.2,Derrick Coleman,CHH,False,3-pointer,24,77-56,'CHH',leads
57,57,57,200104210MIA,24.0,5.0,3rd quarter,0:34.6,Eddie Robinson,CHH,True,2-pointer,0,79-56,'CHH',leads
58,58,58,200104210MIA,17.5,18.3,3rd quarter,0:00.9,Baron Davis,CHH,True,2-pointer,15,81-58,'CHH',leads
59,59,59,200104210MIA,30.2,16.6,4th quarter,11:24.0,Eddie Robinson,CHH,True,2-pointer,13,83-60,'CHH',leads
60,60,60,200104210MIA,30.2,18.7,4th quarter,10:24.0,Eddie Robinson,CHH,False,2-pointer,15,83-63,'CHH',leads
61,61,61,200104210MIA,31.7,18.7,4th quarter,9:52.0,Jamal Mashburn,CHH,False,2-pointer,16,83-65,'CHH',leads
62,62,62,200104210MIA,24.0,5.0,4th quarter,9:23.0,Jamal Mashburn,CHH,False,2-pointer,0,83-65,'CHH',leads
63,63,63,200104210MIA,24.3,10.5,4th quarter,9:20.0,Elden Campbell,CHH,False,2-pointer,6,83-65,'CHH',leads
64,64,64,200104210MIA,28.7,4.8,4th quarter,8:35.0,Elden Campbell,CHH,True,2-pointer,5,85-67,'CHH',leads
65,65,65,200104210MIA,24.0,5.0,4th quarter,7:51.0,Elden Campbell,CHH,False,2-pointer,0,87-69,'CHH',leads
66,66,66,200104210MIA,10.4,5.7,4th quarter,7:17.0,Jamal Mashburn,CHH,False,2-pointer,14,87-69,'CHH',leads
67,67,67,200104210MIA,28.7,5.0,4th quarter,7:03.0,Eddie Robinson,CHH,True,2-pointer,5,89-70,'CHH',leads
68,68,68,200104210MIA,24.0,5.0,4th quarter,6:41.0,Baron Davis,CHH,True,2-pointer,0,91-70,'CHH',leads
69,69,69,200104210MIA,24.0,5.0,4th quarter,6:01.0,Eddie Robinson,CHH,True,2-pointer,0,93-72,'CHH',leads
70,70,70,200104210MIA,24.0,5.0,4th quarter,5:38.0,David Wesley,CHH,True,2-pointer,0,95-72,'CHH',leads
71,71,71,200104210MIA,24.0,5.0,4th quarter,4:10.0,Jamaal Magloire,CHH,False,2-pointer,0,97-72,'CHH',leads
72,72,72,200104210MIA,25.1,23.8,4th quarter,3:29.0,Jamaal Magloire,CHH,True,2-pointer,19,100-74,'CHH',leads
73,73,73,200104210MIA,30.2,28.6,4th quarter,3:05.0,Scott Burrell,CHH,False,3-pointer,24,100-74,'CHH',leads
74,74,74,200104210MIA,16.1,21.0,4th quarter,2:36.0,Otis Thorpe,CHH,False,2-pointer,18,100-77,'CHH',leads
75,75,75,200104210MIA,28.7,8.4,4th quarter,1:12.0,Jamaal Magloire,CHH,False,2-pointer,6,102-80,'CHH',leads
76,76,76,200104210MIA,24.0,5.0,4th quarter,0:57.7,Scott Burrell,CHH,True,2-pointer,0,104-80,'CHH',leads
77,77,77,200104210MIA,10.4,21.5,1st quarter,11:45.0,Tim Hardaway,MIA,False,2-pointer,21,0-0,'CHH',tied
78,78,78,200104210MIA,1.1,7.8,1st quarter,11:03.0,Eddie Jones,MIA,True,3-pointer,23,3-2,'CHH',leads
79,79,79,200104210MIA,40.1,4.8,1st quarter,10:25.0,Anthony Mason,MIA,False,2-pointer,16,3-4,'CHH',trails
80,80,80,200104210MIA,30.2,11.6,1st quarter,9:37.0,Alonzo Mourning,MIA,True,2-pointer,9,5-4,'CHH',leads
81,81,81,200104210MIA,13.1,26.9,1st quarter,9:00.0,Bruce Bowen,MIA,False,3-pointer,24,5-4,'CHH',leads
82,82,82,200104210MIA,24.0,5.0,1st quarter,8:55.0,Tim Hardaway,MIA,False,2-pointer,0,5-4,'CHH',leads
83,83,83,200104210MIA,43.7,5.7,1st quarter,7:44.0,Alonzo Mourning,MIA,True,2-pointer,20,9-6,'CHH',leads
84,84,84,200104210MIA,37.2,22.7,1st quarter,7:04.0,Eddie Jones,MIA,False,2-pointer,22,9-8,'CHH',leads
85,85,85,200104210MIA,24.0,5.0,1st quarter,6:28.0,Bruce Bowen,MIA,False,2-pointer,0,9-10,'CHH',trails
86,86,86,200104210MIA,10.4,16.6,1st quarter,6:01.0,Eddie Jones,MIA,True,2-pointer,18,11-13,'CHH',trails
87,87,87,200104210MIA,40.1,22.7,1st quarter,5:18.0,Bruce Bowen,MIA,True,3-pointer,24,14-13,'CHH',leads
88,88,88,200104210MIA,40.7,3.1,1st quarter,4:43.0,Alonzo Mourning,MIA,False,2-pointer,17,14-15,'CHH',trails
89,89,89,200104210MIA,11.0,25.9,1st quarter,4:12.0,Eddie Jones,MIA,False,3-pointer,25,14-15,'CHH',trails
90,90,90,200104210MIA,24.3,29.3,1st quarter,3:54.0,Bruce Bowen,MIA,False,3-pointer,24,14-15,'CHH',trails
91,91,91,200104210MIA,36.5,5.7,1st quarter,2:33.0,Anthony Mason,MIA,True,2-pointer,13,16-19,'CHH',trails
92,92,92,200104210MIA,11.0,21.5,1st quarter,1:20.0,Eddie Jones,MIA,True,2-pointer,21,18-23,'CHH',trails
93,93,93,200104210MIA,40.7,17.7,1st quarter,0:19.6,Eddie Jones,MIA,True,2-pointer,21,21-23,'CHH',trails
94,94,94,200104210MIA,43.1,5.0,2nd quarter,11:31.0,Brian Grant,MIA,False,2-pointer,19,21-25,'CHH',trails
95,95,95,200104210MIA,38.6,18.3,2nd quarter,10:55.0,Anthony Carter,MIA,True,2-pointer,20,23-27,'CHH',trails
96,96,96,200104210MIA,30.8,16.6,2nd quarter,10:20.0,Anthony Mason,MIA,False,2-pointer,13,23-27,'CHH',trails
97,97,97,200104210MIA,24.0,5.0,2nd quarter,9:39.0,Brian Grant,MIA,False,2-pointer,0,23-29,'CHH',trails
98,98,98,200104210MIA,43.7,4.8,2nd quarter,9:00.0,Alonzo Mourning,MIA,True,2-pointer,20,25-32,'CHH',trails
99,99,99,200104210MIA,6.2,22.7,2nd quarter,8:05.0,Dan Majerle,MIA,True,3-pointer,25,28-36,'CHH',trails
100,100,100,200104210MIA,8.9,23.8,2nd quarter,5:49.0,Bruce Bowen,MIA,False,3-pointer,24,28-43,'CHH',trails
101,101,101,200104210MIA,37.2,20.4,2nd quarter,5:44.0,Brian Grant,MIA,True,2-pointer,20,30-43,'CHH',trails
102,102,102,200104210MIA,24.3,29.7,2nd quarter,4:33.0,Tim Hardaway,MIA,True,3-pointer,25,33-43,'CHH',trails
103,103,103,200104210MIA,32.9,28.6,2nd quarter,4:07.0,Tim Hardaway,MIA,False,3-pointer,25,33-43,'CHH',trails
104,104,104,200104210MIA,24.0,5.0,2nd quarter,4:04.0,Bruce Bowen,MIA,True,2-pointer,0,35-43,'CHH',trails
105,105,105,200104210MIA,8.3,7.3,2nd quarter,3:26.0,Alonzo Mourning,MIA,False,2-pointer,16,35-46,'CHH',trails
106,106,106,200104210MIA,28.7,23.1,2nd quarter,3:02.0,Eddie Jones,MIA,True,2-pointer,19,37-46,'CHH',trails
107,107,107,200104210MIA,30.2,17.2,2nd quarter,2:06.0,Bruce Bowen,MIA,True,2-pointer,14,40-48,'CHH',trails
108,108,108,200104210MIA,1.1,8.4,2nd quarter,1:35.0,Eddie Jones,MIA,False,3-pointer,23,40-48,'CHH',trails
109,109,109,200104210MIA,41.6,17.2,2nd quarter,1:07.0,Tim Hardaway,MIA,False,2-pointer,21,40-50,'CHH',trails
110,110,110,200104210MIA,28.7,13.5,2nd quarter,0:30.4,Brian Grant,MIA,False,2-pointer,10,40-50,'CHH',trails
111,111,111,200104210MIA,11.0,27.6,2nd quarter,0:00.1,Anthony Mason,MIA,False,3-pointer,26,40-50,'CHH',trails
112,112,112,200104210MIA,38.6,9.0,3rd quarter,10:48.0,Alonzo Mourning,MIA,True,2-pointer,15,42-56,'CHH',trails
113,113,113,200104210MIA,42.2,21.5,3rd quarter,10:11.0,Bruce Bowen,MIA,False,3-pointer,25,42-56,'CHH',trails
114,114,114,200104210MIA,24.0,5.0,3rd quarter,9:10.0,Tim Hardaway,MIA,False,2-pointer,0,42-58,'CHH',trails
115,115,115,200104210MIA,43.1,20.4,3rd quarter,7:04.0,Eddie Jones,MIA,False,3-pointer,25,42-65,'CHH',trails
116,116,116,200104210MIA,8.9,13.9,3rd quarter,6:10.0,Eddie House,MIA,False,2-pointer,18,42-70,'CHH',trails
117,117,117,200104210MIA,24.0,5.0,3rd quarter,6:06.0,Eddie Jones,MIA,True,2-pointer,0,44-70,'CHH',trails
118,118,118,200104210MIA,9.5,17.2,3rd quarter,5:15.0,Eddie House,MIA,True,2-pointer,19,48-71,'CHH',trails
119,119,119,200104210MIA,28.7,4.8,3rd quarter,4:43.0,Eddie Jones,MIA,False,2-pointer,5,48-71,'CHH',trails
120,120,120,200104210MIA,43.1,6.3,3rd quarter,4:17.0,Brian Grant,MIA,True,2-pointer,19,50-71,'CHH',trails
121,121,121,200104210MIA,24.0,5.0,3rd quarter,3:10.0,Brian Grant,MIA,True,2-pointer,0,53-73,'CHH',trails
122,122,122,200104210MIA,10.4,12.2,3rd quarter,2:32.0,Anthony Carter,MIA,False,2-pointer,15,53-75,'CHH',trails
123,123,123,200104210MIA,4.7,19.4,3rd quarter,1:22.0,Eddie Jones,MIA,False,3-pointer,24,55-77,'CHH',trails
124,124,124,200104210MIA,24.0,5.0,3rd quarter,0:20.2,Alonzo Mourning,MIA,True,2-pointer,0,58-79,'CHH',trails
125,125,125,200104210MIA,43.7,6.3,4th quarter,11:41.0,Eddie House,MIA,True,2-pointer,20,60-81,'CHH',trails
126,126,126,200104210MIA,3.8,5.0,4th quarter,11:07.0,Eddie House,MIA,False,2-pointer,20,60-83,'CHH',trails
127,127,127,200104210MIA,24.0,5.0,4th quarter,10:47.0,Eddie House,MIA,True,2-pointer,0,62-83,'CHH',trails
128,128,128,200104210MIA,24.0,5.0,4th quarter,10:16.0,Eddie House,MIA,True,2-pointer,0,65-83,'CHH',trails
129,129,129,200104210MIA,25.1,9.0,4th quarter,9:30.0,Alonzo Mourning,MIA,False,2-pointer,4,65-83,'CHH',trails
130,130,130,200104210MIA,5.3,21.0,4th quarter,9:09.0,Dan Majerle,MIA,False,3-pointer,25,65-83,'CHH',trails
131,131,131,200104210MIA,16.1,5.0,4th quarter,8:04.0,Eddie House,MIA,True,2-pointer,8,69-87,'CHH',trails
132,132,132,200104210MIA,4.7,20.0,4th quarter,7:37.0,Eddie House,MIA,False,3-pointer,24,69-87,'CHH',trails
133,133,133,200104210MIA,3.2,17.7,4th quarter,6:48.0,Eddie House,MIA,False,3-pointer,24,70-89,'CHH',trails
134,134,134,200104210MIA,16.9,18.7,4th quarter,6:18.0,Anthony Carter,MIA,True,2-pointer,15,72-91,'CHH',trails
135,135,135,200104210MIA,25.1,13.9,4th quarter,5:14.0,Eddie Jones,MIA,False,2-pointer,9,72-95,'CHH',trails
136,136,136,200104210MIA,8.3,21.0,4th quarter,3:50.0,Cedric Ceballos,MIA,True,2-pointer,22,74-98,'CHH',trails
137,137,137,200104210MIA,23.2,26.5,4th quarter,3:14.0,Cedric Ceballos,MIA,False,2-pointer,22,74-100,'CHH',trails
138,138,138,200104210MIA,40.1,23.8,4th quarter,2:56.0,Eddie House,MIA,True,3-pointer,25,77-100,'CHH',trails
139,139,139,200104210MIA,43.7,5.7,4th quarter,2:26.0,A.C. Green,MIA,True,2-pointer,20,79-100,'CHH',trails
140,140,140,200104210MIA,28.7,13.5,4th quarter,1:49.0,Duane Causwell,MIA,False,2-pointer,10,79-101,'CHH',trails
141,141,141,200104210MIA,19.0,16.2,4th quarter,1:27.0,Eddie House,MIA,False,2-pointer,12,80-102,'CHH',trails
142,142,142,200104210MIA,24.0,5.0,4th quarter,0:50.1,Cedric Ceballos,MIA,False,2-pointer,0,80-104,'CHH',trails
143,143,143,200104210MIA,24.0,5.0,4th quarter,0:24.0,Eddie House,MIA,False,2-pointer,0,80-104,'CHH',trails
144,144,144,200104210MIA,38.6,5.0,4th quarter,0:19.8,Eddie House,MIA,False,2-pointer,15,80-104,'CHH',trails
145,145,145,200104210PHI,15.2,7.3,1st quarter,11:35.0,Žan Tabak,IND,False,2-pointer,9,0-0,'IND',tied
146,146,146,200104210PHI,32.1,16.4,1st quarter,10:45.0,Jalen Rose,IND,False,2-pointer,14,0-4,'IND',trails
147,147,147,200104210PHI,0.9,5.2,1st quarter,10:18.0,Reggie Miller,IND,False,3-pointer,23,0-4,'IND',trails
148,148,148,200104210PHI,20.1,4.2,1st quarter,10:15.0,Žan Tabak,IND,False,2-pointer,4,0-4,'IND',trails
149,149,149,200104210PHI,35.7,15.8,1st quarter,9:39.0,Jalen Rose,IND,False,2-pointer,16,0-4,'IND',trails
150,150,150,200104210PHI,17.3,3.5,1st quarter,9:34.0,Žan Tabak,IND,False,2-pointer,7,0-4,'IND',trails
151,151,151,200104210PHI,16.7,18.5,1st quarter,9:29.0,Reggie Miller,IND,False,2-pointer,15,0-4,'IND',trails
152,152,152,200104210PHI,36.3,13.0,1st quarter,9:07.0,Jermaine O'Neal,IND,False,2-pointer,15,0-4,'IND',trails
153,153,153,200104210PHI,34.8,6.3,1st quarter,8:40.0,Jalen Rose,IND,True,2-pointer,11,2-4,'IND',trails
154,154,154,200104210PHI,18.8,6.7,1st quarter,8:12.0,Reggie Miller,IND,False,2-pointer,5,2-4,'IND',trails
155,155,155,200104210PHI,34.2,7.3,1st quarter,7:27.0,Jalen Rose,IND,True,2-pointer,10,4-6,'IND',trails
156,156,156,200104210PHI,10.2,1.8,1st quarter,6:58.0,Jalen Rose,IND,True,2-pointer,14,6-6,'IND',tied
157,157,157,200104210PHI,24.1,16.8,1st quarter,6:13.0,Sam Perkins,IND,False,2-pointer,12,6-8,'IND',trails
158,158,158,200104210PHI,18.8,12.4,1st quarter,5:52.0,Sam Perkins,IND,False,2-pointer,9,6-8,'IND',trails
159,159,159,200104210PHI,15.8,24.2,1st quarter,5:12.0,Sam Perkins,IND,True,2-pointer,21,8-10,'IND',trails
160,160,160,200104210PHI,27.7,11.8,1st quarter,4:35.0,Travis Best,IND,False,2-pointer,8,8-12,'IND',trails
161,161,161,200104210PHI,38.4,19.1,1st quarter,4:17.0,Reggie Miller,IND,False,2-pointer,20,8-12,'IND',trails
162,162,162,200104210PHI,12.9,14.7,1st quarter,3:47.0,Reggie Miller,IND,False,2-pointer,15,8-12,'IND',trails
163,163,163,200104210PHI,35.7,5.2,1st quarter,3:42.0,Sam Perkins,IND,False,2-pointer,12,8-12,'IND',trails
164,164,164,200104210PHI,12.7,13.2,1st quarter,3:12.0,Jalen Rose,IND,False,2-pointer,14,8-14,'IND',trails
165,165,165,200104210PHI,41.4,23.6,1st quarter,2:26.0,Sam Perkins,IND,True,3-pointer,25,11-18,'IND',trails
166,166,166,200104210PHI,24.0,5.0,1st quarter,2:05.0,Reggie Miller,IND,True,2-pointer,0,13-18,'IND',trails
167,167,167,200104210PHI,18.8,5.7,1st quarter,1:38.0,Reggie Miller,IND,False,2-pointer,5,13-20,'IND',trails
168,168,168,200104210PHI,36.9,6.3,1st quarter,1:38.0,Jermaine O'Neal,IND,False,2-pointer,13,13-22,'IND',trails
169,169,169,200104210PHI,24.0,5.0,1st quarter,1:38.0,Austin Croshere,IND,True,2-pointer,0,15-22,'IND',trails
170,170,170,200104210PHI,32.1,19.8,1st quarter,0:57.8,Jalen Rose,IND,False,2-pointer,17,15-25,'IND',trails
171,171,171,200104210PHI,32.7,4.8,1st quarter,0:11.3,Jalen Rose,IND,False,2-pointer,9,17-29,'IND',trails
172,172,172,200104210PHI,15.8,5.2,1st quarter,0:00.7,Travis Best,IND,False,2-pointer,8,17-29,'IND',trails
173,173,173,200104210PHI,17.3,30.9,2nd quarter,12:00.0,Austin Croshere,IND,False,3-pointer,27,17-29,'IND',trails
174,174,174,200104210PHI,11.4,2.9,2nd quarter,11:21.0,Al Harrington,IND,False,2-pointer,13,17-29,'IND',trails
175,175,175,200104210PHI,8.7,4.2,2nd quarter,10:02.0,Austin Croshere,IND,False,2-pointer,15,18-31,'IND',trails
176,176,176,200104210PHI,36.3,6.7,2nd quarter,9:38.0,Jalen Rose,IND,False,2-pointer,12,18-31,'IND',trails
177,177,177,200104210PHI,19.4,14.7,2nd quarter,9:12.0,Travis Best,IND,True,2-pointer,11,20-33,'IND',trails
178,178,178,200104210PHI,24.0,5.0,2nd quarter,8:36.0,Jermaine O'Neal,IND,True,2-pointer,0,22-35,'IND',trails
179,179,179,200104210PHI,9.3,29.3,2nd quarter,8:03.0,Travis Best,IND,False,3-pointer,28,22-35,'IND',trails
180,180,180,200104210PHI,20.1,9.0,2nd quarter,6:54.0,Jalen Rose,IND,False,2-pointer,6,22-37,'IND',trails
181,181,181,200104210PHI,21.5,14.7,2nd quarter,6:22.0,Reggie Miller,IND,False,2-pointer,10,22-37,'IND',trails
182,182,182,200104210PHI,12.3,5.2,2nd quarter,6:19.0,Al Harrington,IND,False,2-pointer,12,22-37,'IND',trails
183,183,183,200104210PHI,24.0,5.0,2nd quarter,6:00.0,Austin Croshere,IND,True,2-pointer,0,24-39,'IND',trails
184,184,184,200104210PHI,24.0,5.0,2nd quarter,5:31.0,Travis Best,IND,True,2-pointer,0,26-39,'IND',trails
185,185,185,200104210PHI,18.8,5.7,2nd quarter,4:53.0,Jermaine O'Neal,IND,False,2-pointer,5,26-39,'IND',trails
186,186,186,200104210PHI,23.0,10.3,2nd quarter,4:25.0,Reggie Miller,IND,False,2-pointer,5,26-39,'IND',trails
187,187,187,200104210PHI,32.1,5.7,2nd quarter,4:00.0,Al Harrington,IND,False,2-pointer,8,26-41,'IND',trails
188,188,188,200104210PHI,17.3,16.4,2nd quarter,3:57.0,Reggie Miller,IND,False,2-pointer,13,26-41,'IND',trails
189,189,189,200104210PHI,24.0,5.0,2nd quarter,3:42.0,Reggie Miller,IND,True,2-pointer,0,28-41,'IND',trails
190,190,190,200104210PHI,24.0,5.0,2nd quarter,3:07.0,Jermaine O'Neal,IND,True,2-pointer,0,30-43,'IND',trails
191,191,191,200104210PHI,26.2,11.3,2nd quarter,2:26.0,Jermaine O'Neal,IND,True,2-pointer,7,32-45,'IND',trails
192,192,192,200104210PHI,19.4,23.6,2nd quarter,1:49.0,Reggie Miller,IND,False,2-pointer,19,32-47,'IND',trails
193,193,193,200104210PHI,12.3,14.7,2nd quarter,1:28.0,Jermaine O'Neal,IND,False,2-pointer,15,32-47,'IND',trails
194,194,194,200104210PHI,17.3,7.8,2nd quarter,1:24.0,Jermaine O'Neal,IND,False,2-pointer,7,32-47,'IND',trails
195,195,195,200104210PHI,6.6,1.8,2nd quarter,0:45.5,Austin Croshere,IND,True,2-pointer,18,34-49,'IND',trails
196,196,196,200104210PHI,36.5,13.2,3rd quarter,11:44.0,Reggie Miller,IND,False,2-pointer,15,36-52,'IND',trails
197,197,197,200104210PHI,23.2,9.2,3rd quarter,11:17.0,Jalen Rose,IND,True,2-pointer,4,38-54,'IND',trails
198,198,198,200104210PHI,27.9,12.6,3rd quarter,10:53.0,Jalen Rose,IND,False,2-pointer,9,38-54,'IND',trails
199,199,199,200104210PHI,35.9,32.8,3rd quarter,9:36.0,Sam Perkins,IND,False,3-pointer,30,38-56,'IND',trails
200,200,200,200104210PHI,37.2,27.8,3rd quarter,8:47.0,Sam Perkins,IND,False,3-pointer,26,38-56,'IND',trails
201,201,201,200104210PHI,22.4,14.3,3rd quarter,8:22.0,Jermaine O'Neal,IND,True,2-pointer,9,40-56,'IND',trails
202,202,202,200104210PHI,25.1,13.2,3rd quarter,7:52.0,Jalen Rose,IND,False,2-pointer,8,40-57,'IND',trails
203,203,203,200104210PHI,19.0,17.7,3rd quarter,7:17.0,Jalen Rose,IND,False,2-pointer,14,42-57,'IND',trails
204,204,204,200104210PHI,37.2,14.9,3rd quarter,6:35.0,Austin Croshere,IND,False,2-pointer,17,42-57,'IND',trails
205,205,205,200104210PHI,40.1,15.6,3rd quarter,6:01.0,Reggie Miller,IND,False,2-pointer,19,42-57,'IND',trails
206,206,206,200104210PHI,38.6,19.4,3rd quarter,4:59.0,Travis Best,IND,True,2-pointer,21,44-59,'IND',trails
207,207,207,200104210PHI,38.0,29.1,3rd quarter,3:41.0,Reggie Miller,IND,True,3-pointer,28,49-59,'IND',trails
208,208,208,200104210PHI,24.0,5.0,3rd quarter,3:04.0,Travis Best,IND,True,2-pointer,0,51-61,'IND',trails
209,209,209,200104210PHI,42.2,22.1,3rd quarter,2:23.0,Jalen Rose,IND,True,3-pointer,25,54-63,'IND',trails
210,210,210,200104210PHI,30.8,5.9,3rd quarter,1:31.0,Jermaine O'Neal,IND,False,2-pointer,7,54-65,'IND',trails
211,211,211,200104210PHI,13.9,12.6,3rd quarter,0:56.0,Jalen Rose,IND,True,2-pointer,13,56-65,'IND',trails
212,212,212,200104210PHI,23.9,9.2,3rd quarter,0:07.3,Travis Best,IND,False,2-pointer,4,56-65,'IND',trails
213,213,213,200104210PHI,24.0,5.0,3rd quarter,0:05.1,Jermaine O'Neal,IND,True,2-pointer,0,58-65,'IND',trails
214,214,214,200104210PHI,23.2,20.6,4th quarter,11:33.0,Travis Best,IND,False,2-pointer,16,58-66,'IND',trails
215,215,215,200104210PHI,24.0,5.0,4th quarter,10:58.0,Travis Best,IND,True,2-pointer,0,60-66,'IND',trails
216,216,216,200104210PHI,40.1,6.5,4th quarter,9:47.0,Jalen Rose,IND,True,2-pointer,16,64-68,'IND',trails
217,217,217,200104210PHI,24.0,5.0,4th quarter,8:55.0,Travis Best,IND,True,2-pointer,0,67-70,'IND',trails
218,218,218,200104210PHI,34.4,5.4,4th quarter,8:07.0,Jalen Rose,IND,True,2-pointer,10,69-70,'IND',trails
219,219,219,200104210PHI,3.2,22.1,4th quarter,7:22.0,Reggie Miller,IND,False,3-pointer,27,69-72,'IND',trails
220,220,220,200104210PHI,24.0,5.0,4th quarter,6:53.0,Austin Croshere,IND,True,2-pointer,0,71-72,'IND',trails
221,221,221,200104210PHI,29.6,11.6,4th quarter,6:11.0,Austin Croshere,IND,False,2-pointer,9,71-72,'IND',trails
222,222,222,200104210PHI,9.5,13.7,4th quarter,5:26.0,Travis Best,IND,True,2-pointer,17,73-72,'IND',leads
223,223,223,200104210PHI,36.5,12.0,4th quarter,4:08.0,Reggie Miller,IND,False,2-pointer,14,73-74,'IND',trails
224,224,224,200104210PHI,40.1,26.1,4th quarter,3:22.0,Reggie Miller,IND,True,3-pointer,27,76-74,'IND',leads
225,225,225,200104210PHI,19.0,6.9,4th quarter,2:18.0,Jalen Rose,IND,False,2-pointer,5,76-74,'IND',leads
226,226,226,200104210PHI,23.2,12.6,4th quarter,1:43.0,Jalen Rose,IND,False,2-pointer,8,76-76,'IND',tied
227,227,227,200104210PHI,40.1,30.1,4th quarter,1:14.0,Reggie Miller,IND,False,3-pointer,30,76-78,'IND',trails
228,228,228,200104210PHI,37.2,30.7,4th quarter,1:08.0,Jalen Rose,IND,False,3-pointer,29,76-78,'IND',trails
229,229,229,200104210PHI,33.8,28.4,4th quarter,1:02.0,Reggie Miller,IND,False,3-pointer,25,76-78,'IND',trails
230,230,230,200104210PHI,32.9,18.7,4th quarter,0:51.9,Jalen Rose,IND,False,2-pointer,16,76-78,'IND',trails
231,231,231,200104210PHI,3.8,23.4,4th quarter,0:02.9,Reggie Miller,IND,True,3-pointer,27,79-78,'IND',leads
232,232,232,200104210PHI,15.8,2.9,1st quarter,11:18.0,Tyrone Hill,PHI,True,2-pointer,8,2-0,'IND',leads
233,233,233,200104210PHI,20.1,5.2,1st quarter,10:57.0,Eric Snow,PHI,False,2-pointer,4,2-0,'IND',leads
234,234,234,200104210PHI,24.0,5.0,1st quarter,10:56.0,George Lynch,PHI,True,2-pointer,0,4-0,'IND',leads
235,235,235,200104210PHI,10.8,5.2,1st quarter,10:30.0,Allen Iverson,PHI,False,2-pointer,13,4-0,'IND',leads
236,236,236,200104210PHI,18.0,4.2,1st quarter,10:09.0,Allen Iverson,PHI,False,2-pointer,6,4-0,'IND',leads
237,237,237,200104210PHI,20.1,14.1,1st quarter,10:06.0,Eric Snow,PHI,False,2-pointer,10,4-0,'IND',leads
238,238,238,200104210PHI,31.5,9.0,1st quarter,8:18.0,Dikembe Mutombo,PHI,False,2-pointer,9,4-2,'IND',leads
239,239,239,200104210PHI,27.7,14.7,1st quarter,8:05.0,Eric Snow,PHI,False,2-pointer,10,4-2,'IND',leads
240,240,240,200104210PHI,24.0,5.0,1st quarter,7:47.0,Eric Snow,PHI,True,2-pointer,0,6-2,'IND',leads
241,241,241,200104210PHI,30.6,11.8,1st quarter,7:07.0,Aaron McKie,PHI,False,2-pointer,9,6-4,'IND',leads
242,242,242,200104210PHI,12.3,13.5,1st quarter,6:31.0,Eric Snow,PHI,True,2-pointer,14,8-6,'IND',leads
243,243,243,200104210PHI,20.1,8.4,1st quarter,5:29.0,Tyrone Hill,PHI,False,2-pointer,5,8-6,'IND',leads
244,244,244,200104210PHI,22.2,8.4,1st quarter,5:26.0,Dikembe Mutombo,PHI,False,2-pointer,4,8-6,'IND',leads
245,245,245,200104210PHI,24.0,5.0,1st quarter,5:25.0,Dikembe Mutombo,PHI,True,2-pointer,0,10-6,'IND',leads
246,246,246,200104210PHI,24.1,9.7,1st quarter,4:49.0,Tyrone Hill,PHI,True,2-pointer,5,12-8,'IND',leads
247,247,247,200104210PHI,40.5,23.6,1st quarter,4:29.0,Allen Iverson,PHI,False,3-pointer,25,12-8,'IND',leads
248,248,248,200104210PHI,24.0,5.0,1st quarter,3:34.0,Aaron McKie,PHI,True,2-pointer,0,14-8,'IND',leads
249,249,249,200104210PHI,24.0,5.0,1st quarter,3:09.0,Eric Snow,PHI,True,2-pointer,0,16-8,'IND',leads
250,250,250,200104210PHI,17.3,9.0,1st quarter,2:43.0,Eric Snow,PHI,False,2-pointer,8,16-8,'IND',leads
251,251,251,200104210PHI,39.0,8.4,1st quarter,2:09.0,Aaron McKie,PHI,False,2-pointer,15,18-11,'IND',leads
252,252,252,200104210PHI,35.7,5.2,1st quarter,1:46.0,Matt Geiger,PHI,True,2-pointer,12,20-13,'IND',leads
253,253,253,200104210PHI,24.0,5.0,1st quarter,1:38.0,Allen Iverson,PHI,True,2-pointer,0,22-13,'IND',leads
254,254,254,200104210PHI,1.5,2.5,1st quarter,1:18.0,Aaron McKie,PHI,True,3-pointer,23,25-15,'IND',leads
255,255,255,200104210PHI,24.0,5.0,1st quarter,0:53.7,Aaron McKie,PHI,True,2-pointer,0,27-15,'IND',leads
256,256,256,200104210PHI,40.5,9.0,2nd quarter,11:34.0,Aaron McKie,PHI,False,2-pointer,17,29-17,'IND',leads
257,257,257,200104210PHI,27.0,16.8,2nd quarter,11:05.0,Eric Snow,PHI,True,2-pointer,12,31-17,'IND',leads
258,258,258,200104210PHI,39.0,2.9,2nd quarter,10:23.0,Aaron McKie,PHI,False,2-pointer,15,31-18,'IND',leads
259,259,259,200104210PHI,33.6,9.7,2nd quarter,9:30.0,Allen Iverson,PHI,True,2-pointer,11,33-18,'IND',leads
260,260,260,200104210PHI,15.2,8.4,2nd quarter,8:54.0,Allen Iverson,PHI,False,2-pointer,9,33-20,'IND',leads
261,261,261,200104210PHI,24.0,5.0,2nd quarter,8:51.0,Tyrone Hill,PHI,True,2-pointer,0,35-20,'IND',leads
262,262,262,200104210PHI,9.3,12.4,2nd quarter,8:10.0,Eric Snow,PHI,False,2-pointer,16,35-22,'IND',leads
263,263,263,200104210PHI,8.0,23.6,2nd quarter,7:37.0,Allen Iverson,PHI,False,3-pointer,25,35-22,'IND',leads
264,264,264,200104210PHI,33.6,16.8,2nd quarter,7:11.0,Eric Snow,PHI,True,2-pointer,15,37-22,'IND',leads
265,265,265,200104210PHI,32.1,19.8,2nd quarter,5:41.0,Allen Iverson,PHI,False,2-pointer,17,39-24,'IND',leads
266,266,266,200104210PHI,39.0,9.0,2nd quarter,5:09.0,Kevin Ollie,PHI,False,2-pointer,16,39-26,'IND',leads
267,267,267,200104210PHI,22.2,14.1,2nd quarter,4:38.0,Kevin Ollie,PHI,False,2-pointer,9,39-26,'IND',leads
268,268,268,200104210PHI,24.0,5.0,2nd quarter,4:19.0,George Lynch,PHI,True,2-pointer,0,41-26,'IND',leads
269,269,269,200104210PHI,34.2,13.0,2nd quarter,3:47.0,Allen Iverson,PHI,False,2-pointer,13,41-26,'IND',leads
270,270,270,200104210PHI,34.8,4.8,2nd quarter,2:44.0,George Lynch,PHI,True,2-pointer,11,45-30,'IND',leads
271,271,271,200104210PHI,15.8,10.7,2nd quarter,2:03.0,Dikembe Mutombo,PHI,True,2-pointer,10,47-32,'IND',leads
272,272,272,200104210PHI,30.0,18.1,2nd quarter,1:40.0,Allen Iverson,PHI,False,2-pointer,14,47-32,'IND',leads
273,273,273,200104210PHI,37.8,6.3,2nd quarter,1:01.0,Eric Snow,PHI,True,2-pointer,14,49-32,'IND',leads
274,274,274,200104210PHI,32.7,5.7,2nd quarter,0:29.2,Aaron McKie,PHI,False,2-pointer,9,49-34,'IND',leads
275,275,275,200104210PHI,10.4,5.0,3rd quarter,11:29.0,Allen Iverson,PHI,True,2-pointer,14,54-36,'IND',leads
276,276,276,200104210PHI,24.0,5.0,3rd quarter,10:33.0,Tyrone Hill,PHI,True,2-pointer,0,56-38,'IND',leads
277,277,277,200104210PHI,37.2,7.6,3rd quarter,9:47.0,Tyrone Hill,PHI,False,2-pointer,13,56-38,'IND',leads
278,278,278,200104210PHI,7.4,9.2,3rd quarter,9:15.0,George Lynch,PHI,False,2-pointer,17,56-38,'IND',leads
279,279,279,200104210PHI,18.2,20.0,3rd quarter,8:41.0,Eric Snow,PHI,False,2-pointer,16,56-38,'IND',leads
280,280,280,200104210PHI,16.1,10.9,3rd quarter,7:24.0,Dikembe Mutombo,PHI,False,2-pointer,10,57-42,'IND',leads
281,281,281,200104210PHI,16.9,12.0,3rd quarter,6:56.0,Tyrone Hill,PHI,False,2-pointer,10,57-42,'IND',leads
282,282,282,200104210PHI,9.5,11.6,3rd quarter,5:37.0,Aaron McKie,PHI,False,2-pointer,16,57-42,'IND',leads
283,283,283,200104210PHI,42.2,3.1,3rd quarter,5:23.0,Aaron McKie,PHI,True,2-pointer,18,59-42,'IND',leads
284,284,284,200104210PHI,6.2,26.7,3rd quarter,4:38.0,Aaron McKie,PHI,False,3-pointer,28,59-44,'IND',leads
285,285,285,200104210PHI,21.1,13.2,3rd quarter,4:03.0,Tyrone Hill,PHI,False,2-pointer,9,59-45,'IND',leads
286,286,286,200104210PHI,16.9,6.9,3rd quarter,3:24.0,Aaron McKie,PHI,False,2-pointer,7,59-49,'IND',leads
287,287,287,200104210PHI,22.4,10.5,3rd quarter,3:20.0,Dikembe Mutombo,PHI,True,2-pointer,6,61-49,'IND',leads
288,288,288,200104210PHI,24.0,5.0,3rd quarter,2:45.0,Allen Iverson,PHI,True,2-pointer,0,63-51,'IND',leads
289,289,289,200104210PHI,23.9,12.0,3rd quarter,2:00.0,Allen Iverson,PHI,True,2-pointer,7,65-54,'IND',leads
290,290,290,200104210PHI,8.9,28.4,3rd quarter,1:09.0,Allen Iverson,PHI,False,3-pointer,28,65-54,'IND',leads
291,291,291,200104210PHI,5.3,26.7,3rd quarter,0:25.7,Allen Iverson,PHI,False,3-pointer,29,65-56,'IND',leads
292,292,292,200104210PHI,11.6,32.8,3rd quarter,0:00.2,Eric Snow,PHI,False,3-pointer,30,65-58,'IND',leads
293,293,293,200104210PHI,42.2,9.9,4th quarter,10:43.0,Allen Iverson,PHI,True,2-pointer,19,68-60,'IND',leads
294,294,294,200104210PHI,20.3,22.7,4th quarter,10:12.0,Allen Iverson,PHI,False,2-pointer,18,68-62,'IND',leads
295,295,295,200104210PHI,6.8,16.6,4th quarter,9:31.0,Aaron McKie,PHI,True,2-pointer,21,70-64,'IND',leads
296,296,296,200104210PHI,33.8,20.6,4th quarter,8:31.0,Aaron McKie,PHI,False,2-pointer,18,70-67,'IND',leads
297,297,297,200104210PHI,25.1,12.6,4th quarter,7:46.0,Matt Geiger,PHI,False,2-pointer,8,70-69,'IND',leads
298,298,298,200104210PHI,24.0,5.0,4th quarter,7:44.0,Aaron McKie,PHI,True,2-pointer,0,72-69,'IND',leads
299,299,299,200104210PHI,30.8,22.7,4th quarter,6:35.0,Aaron McKie,PHI,False,2-pointer,19,72-71,'IND',leads
300,300,300,200104210PHI,7.4,19.4,4th quarter,5:47.0,Allen Iverson,PHI,False,2-pointer,22,72-71,'IND',leads
301,301,301,200104210PHI,35.0,14.3,4th quarter,4:33.0,Allen Iverson,PHI,True,2-pointer,14,74-73,'IND',leads
302,302,302,200104210PHI,25.1,13.7,4th quarter,3:45.0,Tyrone Hill,PHI,False,2-pointer,9,74-73,'IND',leads
303,303,303,200104210PHI,26.4,34.1,4th quarter,3:03.0,Aaron McKie,PHI,False,3-pointer,29,74-76,'IND',trails
304,304,304,200104210PHI,9.5,17.0,4th quarter,2:36.0,Eric Snow,PHI,False,2-pointer,19,74-76,'IND',trails
305,305,305,200104210PHI,11.0,15.6,4th quarter,2:02.0,Eric Snow,PHI,False,2-pointer,17,74-76,'IND',trails
306,306,306,200104210PHI,24.0,5.0,4th quarter,1:31.0,Eric Snow,PHI,True,2-pointer,0,78-76,'IND',leads
307,307,307,200104210PHI,9.5,14.3,4th quarter,0:31.1,Eric Snow,PHI,False,2-pointer,17,78-76,'IND',leads
308,308,308,200104210PHI,17.5,12.0,4th quarter,0:12.4,Aaron McKie,PHI,False,2-pointer,10,78-76,'IND',leads
309,309,309,200104210SAS,10.4,8.6,1st quarter,11:47.0,Kevin Garnett,MIN,False,2-pointer,14,0-0,'SAS',tied
310,310,310,200104210SAS,38.6,9.9,1st quarter,11:35.0,Terrell Brandon,MIN,True,2-pointer,15,2-0,'SAS',leads
311,311,311,200104210SAS,13.1,14.9,1st quarter,10:58.0,Terrell Brandon,MIN,False,2-pointer,15,2-2,'SAS',tied
312,312,312,200104210SAS,40.7,11.6,1st quarter,10:46.0,Anthony Peeler,MIN,False,2-pointer,18,2-2,'SAS',tied
313,313,313,200104210SAS,23.2,4.4,1st quarter,10:10.0,Anthony Peeler,MIN,False,2-pointer,1,2-4,'SAS',trails
314,314,314,200104210SAS,25.1,2.7,1st quarter,10:05.0,Dean Garrett,MIN,False,2-pointer,3,2-4,'SAS',trails
315,315,315,200104210SAS,40.1,5.0,1st quarter,10:01.0,Anthony Peeler,MIN,False,2-pointer,16,2-4,'SAS',trails
316,316,316,200104210SAS,6.2,13.7,1st quarter,9:36.0,Terrell Brandon,MIN,True,2-pointer,20,4-6,'SAS',trails
317,317,317,200104210SAS,41.6,7.6,1st quarter,9:11.0,Terrell Brandon,MIN,False,2-pointer,18,4-8,'SAS',trails
318,318,318,200104210SAS,23.2,10.9,1st quarter,8:50.0,Kevin Garnett,MIN,True,2-pointer,6,6-8,'SAS',trails
319,319,319,200104210SAS,23.9,5.9,1st quarter,8:03.0,Kevin Garnett,MIN,True,2-pointer,1,8-10,'SAS',trails
320,320,320,200104210SAS,23.9,4.4,1st quarter,7:24.0,Dean Garrett,MIN,True,2-pointer,1,10-12,'SAS',trails
321,321,321,200104210SAS,24.3,5.0,1st quarter,6:48.0,Rasho Nesterović,MIN,True,2-pointer,0,12-12,'SAS',tied
322,322,322,200104210SAS,30.8,4.4,1st quarter,6:22.0,Rasho Nesterović,MIN,False,2-pointer,7,12-12,'SAS',tied
323,323,323,200104210SAS,38.6,14.9,1st quarter,6:02.0,Wally Szczerbiak,MIN,False,2-pointer,18,12-12,'SAS',tied
324,324,324,200104210SAS,14.6,9.2,1st quarter,5:16.0,Kevin Garnett,MIN,True,2-pointer,10,14-14,'SAS',tied
325,325,325,200104210SAS,11.6,4.4,1st quarter,4:43.0,Anthony Peeler,MIN,False,2-pointer,12,14-14,'SAS',tied
326,326,326,200104210SAS,23.2,24.4,1st quarter,4:23.0,Wally Szczerbiak,MIN,True,2-pointer,19,16-15,'SAS',leads
327,327,327,200104210SAS,23.9,3.7,1st quarter,3:57.0,Kevin Garnett,MIN,False,2-pointer,1,16-18,'SAS',trails
328,328,328,200104210SAS,9.5,6.9,1st quarter,3:43.0,Wally Szczerbiak,MIN,True,2-pointer,15,18-18,'SAS',tied
329,329,329,200104210SAS,11.6,9.2,1st quarter,2:52.0,Wally Szczerbiak,MIN,True,2-pointer,13,20-20,'SAS',tied
330,330,330,200104210SAS,22.4,5.4,1st quarter,2:04.0,Kevin Garnett,MIN,False,2-pointer,2,21-20,'SAS',leads
331,331,331,200104210SAS,38.6,5.4,1st quarter,2:01.0,Felipe López,MIN,False,2-pointer,15,21-20,'SAS',leads
332,332,332,200104210SAS,11.0,16.6,1st quarter,0:58.1,Terrell Brandon,MIN,False,2-pointer,17,22-22,'SAS',tied
333,333,333,200104210SAS,16.1,18.7,1st quarter,0:00.0,Felipe López,MIN,False,2-pointer,16,24-25,'SAS',trails
334,334,334,200104210SAS,25.1,5.4,1st quarter,0:00.0,Reggie Slater,MIN,False,2-pointer,1,24-25,'SAS',trails
335,335,335,200104210SAS,38.6,13.7,2nd quarter,11:14.0,Sam Mitchell,MIN,False,2-pointer,17,24-25,'SAS',trails
336,336,336,200104210SAS,23.2,4.4,2nd quarter,10:42.0,Felipe López,MIN,False,2-pointer,1,24-28,'SAS',trails
337,337,337,200104210SAS,13.1,8.6,2nd quarter,8:58.0,Kevin Garnett,MIN,True,2-pointer,11,27-30,'SAS',trails
338,338,338,200104210SAS,34.4,11.6,2nd quarter,8:31.0,Wally Szczerbiak,MIN,False,2-pointer,12,27-30,'SAS',trails
339,339,339,200104210SAS,21.7,4.4,2nd quarter,8:21.0,LaPhonso Ellis,MIN,False,2-pointer,2,27-30,'SAS',trails
340,340,340,200104210SAS,38.0,24.4,2nd quarter,7:51.0,Anthony Peeler,MIN,False,3-pointer,24,27-30,'SAS',trails
341,341,341,200104210SAS,23.2,5.0,2nd quarter,6:38.0,Anthony Peeler,MIN,False,2-pointer,1,27-32,'SAS',trails
342,342,342,200104210SAS,5.3,7.6,2nd quarter,6:04.0,Wally Szczerbiak,MIN,False,2-pointer,19,27-34,'SAS',trails
343,343,343,200104210SAS,21.1,6.9,2nd quarter,6:00.0,LaPhonso Ellis,MIN,False,2-pointer,3,27-34,'SAS',trails
344,344,344,200104210SAS,12.5,5.9,2nd quarter,5:17.0,Anthony Peeler,MIN,False,2-pointer,12,27-34,'SAS',trails
345,345,345,200104210SAS,18.2,5.9,2nd quarter,4:39.0,Kevin Garnett,MIN,False,2-pointer,6,27-37,'SAS',trails
346,346,346,200104210SAS,14.6,20.0,2nd quarter,4:17.0,Kevin Garnett,MIN,False,2-pointer,18,27-39,'SAS',trails
347,347,347,200104210SAS,47.3,5.0,2nd quarter,3:48.0,Anthony Peeler,MIN,True,3-pointer,23,30-39,'SAS',trails
348,348,348,200104210SAS,23.2,20.6,2nd quarter,3:21.0,Kevin Garnett,MIN,True,2-pointer,16,32-40,'SAS',trails
349,349,349,200104210SAS,11.6,14.9,2nd quarter,2:43.0,Wally Szczerbiak,MIN,False,2-pointer,16,32-42,'SAS',trails
350,350,350,200104210SAS,4.7,13.7,2nd quarter,2:16.0,Anthony Peeler,MIN,False,2-pointer,21,32-44,'SAS',trails
351,351,351,200104210SAS,19.6,9.9,2nd quarter,1:10.0,Kevin Garnett,MIN,True,2-pointer,7,36-48,'SAS',trails
352,352,352,200104210SAS,11.6,14.9,2nd quarter,0:37.1,Terrell Brandon,MIN,False,2-pointer,16,37-51,'SAS',trails
353,353,353,200104210SAS,35.9,4.4,2nd quarter,0:00.9,Anthony Peeler,MIN,False,2-pointer,12,37-51,'SAS',trails
354,354,354,200104210SAS,16.9,22.7,3rd quarter,11:31.0,Kevin Garnett,MIN,False,2-pointer,19,37-51,'SAS',trails
355,355,355,200104210SAS,43.7,4.4,3rd quarter,10:55.0,Anthony Peeler,MIN,False,2-pointer,20,37-51,'SAS',trails
356,356,356,200104210SAS,29.6,5.9,3rd quarter,10:53.0,Kevin Garnett,MIN,False,2-pointer,6,37-51,'SAS',trails
357,357,357,200104210SAS,24.3,5.0,3rd quarter,10:06.0,Terrell Brandon,MIN,True,2-pointer,0,41-51,'SAS',trails
358,358,358,200104210SAS,30.8,17.7,3rd quarter,9:18.0,Anthony Peeler,MIN,True,2-pointer,14,43-51,'SAS',trails
359,359,359,200104210SAS,26.4,22.1,3rd quarter,8:07.0,Dean Garrett,MIN,True,2-pointer,17,47-55,'SAS',trails
360,360,360,200104210SAS,38.6,3.7,3rd quarter,7:20.0,Anthony Peeler,MIN,False,2-pointer,15,47-55,'SAS',trails
361,361,361,200104210SAS,6.2,4.4,3rd quarter,7:03.0,Anthony Peeler,MIN,True,2-pointer,18,49-55,'SAS',trails
362,362,362,200104210SAS,30.8,23.8,3rd quarter,6:20.0,Anthony Peeler,MIN,False,2-pointer,20,49-55,'SAS',trails
363,363,363,200104210SAS,24.3,5.0,3rd quarter,5:57.0,Terrell Brandon,MIN,True,2-pointer,0,51-55,'SAS',trails
364,364,364,200104210SAS,14.6,9.2,3rd quarter,5:28.0,Anthony Peeler,MIN,True,2-pointer,10,53-55,'SAS',trails
365,365,365,200104210SAS,27.2,13.2,3rd quarter,4:46.0,Anthony Peeler,MIN,False,2-pointer,9,53-57,'SAS',trails
366,366,366,200104210SAS,14.6,16.6,3rd quarter,4:43.0,Dean Garrett,MIN,True,2-pointer,15,55-57,'SAS',trails
367,367,367,200104210SAS,23.2,5.4,3rd quarter,4:16.0,Anthony Peeler,MIN,False,2-pointer,1,55-59,'SAS',trails
368,368,368,200104210SAS,8.9,5.0,3rd quarter,3:41.0,Kevin Garnett,MIN,True,2-pointer,15,57-59,'SAS',trails
369,369,369,200104210SAS,37.2,20.6,3rd quarter,2:42.0,Anthony Peeler,MIN,False,2-pointer,20,57-61,'SAS',trails
370,370,370,200104210SAS,22.4,11.6,3rd quarter,2:38.0,Dean Garrett,MIN,False,2-pointer,7,57-61,'SAS',trails
371,371,371,200104210SAS,6.8,4.4,3rd quarter,2:16.0,Anthony Peeler,MIN,True,2-pointer,17,59-61,'SAS',trails
372,372,372,200104210SAS,17.5,5.4,3rd quarter,1:32.0,Wally Szczerbiak,MIN,True,2-pointer,7,61-63,'SAS',trails
373,373,373,200104210SAS,22.4,12.0,3rd quarter,0:35.9,Wally Szczerbiak,MIN,True,2-pointer,7,63-63,'SAS',tied
374,374,374,200104210SAS,4.7,4.4,4th quarter,11:38.0,Sam Mitchell,MIN,False,2-pointer,19,65-63,'SAS',leads
375,375,375,200104210SAS,35.9,10.5,4th quarter,10:53.0,Kevin Garnett,MIN,False,2-pointer,13,65-65,'SAS',tied
376,376,376,200104210SAS,29.6,16.6,4th quarter,10:24.0,Terrell Brandon,MIN,False,2-pointer,13,65-65,'SAS',tied
377,377,377,200104210SAS,23.2,25.0,4th quarter,9:45.0,Anthony Peeler,MIN,False,2-pointer,20,65-66,'SAS',trails
378,378,378,200104210SAS,42.2,5.0,4th quarter,9:07.0,Sam Mitchell,MIN,True,2-pointer,18,67-66,'SAS',leads
379,379,379,200104210SAS,23.2,24.4,4th quarter,8:32.0,Sam Mitchell,MIN,False,2-pointer,19,67-68,'SAS',trails
380,380,380,200104210SAS,6.8,5.0,4th quarter,8:08.0,Kevin Garnett,MIN,False,2-pointer,17,67-68,'SAS',trails
381,381,381,200104210SAS,24.3,4.4,4th quarter,7:21.0,Terrell Brandon,MIN,True,2-pointer,1,69-68,'SAS',leads
382,382,382,200104210SAS,30.2,22.1,4th quarter,6:45.0,Terrell Brandon,MIN,False,2-pointer,18,69-68,'SAS',leads
383,383,383,200104210SAS,23.2,5.9,4th quarter,6:37.0,Felipe López,MIN,False,2-pointer,1,69-68,'SAS',leads
384,384,384,200104210SAS,24.3,11.6,4th quarter,6:14.0,Kevin Garnett,MIN,True,2-pointer,7,71-71,'SAS',tied
385,385,385,200104210SAS,13.1,18.3,4th quarter,5:32.0,Terrell Brandon,MIN,True,2-pointer,17,74-71,'SAS',leads
386,386,386,200104210SAS,6.8,6.9,4th quarter,4:53.0,Terrell Brandon,MIN,True,2-pointer,17,76-73,'SAS',leads
387,387,387,200104210SAS,3.8,20.6,4th quarter,4:27.0,Terrell Brandon,MIN,False,3-pointer,26,76-73,'SAS',leads
388,388,388,200104210SAS,1.1,5.0,4th quarter,3:52.0,Terrell Brandon,MIN,False,3-pointer,23,76-76,'SAS',tied
389,389,389,200104210SAS,11.0,14.3,4th quarter,3:24.0,Dean Garrett,MIN,True,2-pointer,16,78-78,'SAS',tied
390,390,390,200104210SAS,35.0,21.7,4th quarter,2:40.0,Terrell Brandon,MIN,False,2-pointer,20,78-79,'SAS',trails
391,391,391,200104210SAS,34.4,14.9,4th quarter,2:27.0,Terrell Brandon,MIN,True,2-pointer,14,80-79,'SAS',leads
392,392,392,200104210SAS,29.6,17.0,4th quarter,1:18.0,Dean Garrett,MIN,False,2-pointer,13,80-81,'SAS',trails
393,393,393,200104210SAS,38.0,9.9,4th quarter,0:37.1,Dean Garrett,MIN,False,2-pointer,15,80-83,'SAS',trails
394,394,394,200104210SAS,32.9,8.0,4th quarter,0:07.6,Sam Mitchell,MIN,False,2-pointer,9,80-85,'SAS',trails
395,395,395,200104210SAS,23.2,5.0,4th quarter,0:07.4,Kevin Garnett,MIN,True,2-pointer,1,82-85,'SAS',trails
396,396,396,200104210SAS,19.6,9.9,1st quarter,11:10.0,Tim Duncan,SAS,True,2-pointer,7,2-2,'SAS',tied
397,397,397,200104210SAS,24.3,4.4,1st quarter,10:25.0,Tim Duncan,SAS,True,2-pointer,1,4-2,'SAS',leads
398,398,398,200104210SAS,24.3,5.0,1st quarter,9:56.0,Tim Duncan,SAS,True,2-pointer,0,6-2,'SAS',leads
399,399,399,200104210SAS,16.1,20.0,1st quarter,8:36.0,Terry Porter,SAS,False,2-pointer,17,8-6,'SAS',leads
400,400,400,200104210SAS,15.4,18.7,1st quarter,8:22.0,Tim Duncan,SAS,True,2-pointer,16,10-6,'SAS',leads
401,401,401,200104210SAS,35.0,7.6,1st quarter,7:41.0,Tim Duncan,SAS,True,2-pointer,11,12-8,'SAS',leads
402,402,402,200104210SAS,23.2,6.5,1st quarter,7:11.0,Derek Anderson,SAS,False,2-pointer,2,12-10,'SAS',leads
403,403,403,200104210SAS,24.3,21.7,1st quarter,6:13.0,David Robinson,SAS,False,2-pointer,17,12-12,'SAS',tied
404,404,404,200104210SAS,8.3,8.0,1st quarter,5:47.0,Derek Anderson,SAS,False,2-pointer,16,12-12,'SAS',tied
405,405,405,200104210SAS,23.9,8.6,1st quarter,5:26.0,David Robinson,SAS,True,2-pointer,4,14-12,'SAS',leads
406,406,406,200104210SAS,23.2,5.0,1st quarter,4:53.0,Avery Johnson,SAS,False,2-pointer,1,14-14,'SAS',tied
407,407,407,200104210SAS,23.2,5.4,1st quarter,4:07.0,Tim Duncan,SAS,True,2-pointer,1,17-16,'SAS',leads
408,408,408,200104210SAS,15.4,5.0,1st quarter,3:26.0,Tim Duncan,SAS,False,2-pointer,9,18-18,'SAS',tied
409,409,409,200104210SAS,23.9,4.4,1st quarter,3:22.0,Tim Duncan,SAS,True,2-pointer,1,20-18,'SAS',leads
410,410,410,200104210SAS,38.0,12.6,1st quarter,1:15.0,Malik Rose,SAS,True,2-pointer,16,22-22,'SAS',tied
411,411,411,200104210SAS,9.5,5.4,1st quarter,0:50.5,Derek Anderson,SAS,False,2-pointer,15,22-22,'SAS',tied
412,412,412,200104210SAS,23.9,5.4,1st quarter,0:23.2,Sean Elliott,SAS,True,2-pointer,0,25-24,'SAS',leads
413,413,413,200104210SAS,23.2,16.0,2nd quarter,11:36.0,Antonio Daniels,SAS,False,2-pointer,11,25-24,'SAS',leads
414,414,414,200104210SAS,1.1,4.4,2nd quarter,10:56.0,Sean Elliott,SAS,True,3-pointer,23,28-24,'SAS',leads
415,415,415,200104210SAS,21.7,20.0,2nd quarter,10:20.0,Avery Johnson,SAS,True,2-pointer,15,30-24,'SAS',leads
416,416,416,200104210SAS,41.6,7.6,2nd quarter,9:40.0,Avery Johnson,SAS,False,2-pointer,18,30-25,'SAS',leads
417,417,417,200104210SAS,29.6,9.9,2nd quarter,9:11.0,Avery Johnson,SAS,False,2-pointer,7,30-25,'SAS',leads
418,418,418,200104210SAS,23.2,4.4,2nd quarter,8:41.0,David Robinson,SAS,False,2-pointer,1,30-27,'SAS',leads
419,419,419,200104210SAS,8.9,5.9,2nd quarter,8:00.0,Avery Johnson,SAS,False,2-pointer,15,30-27,'SAS',leads
420,420,420,200104210SAS,25.3,5.7,2nd quarter,7:58.0,Tim Duncan,SAS,False,2-pointer,1,30-27,'SAS',leads
421,421,421,200104210SAS,11.0,6.5,2nd quarter,7:33.0,Derek Anderson,SAS,True,2-pointer,13,32-27,'SAS',leads
422,422,422,200104210SAS,31.7,19.4,2nd quarter,6:52.0,David Robinson,SAS,False,2-pointer,16,32-27,'SAS',leads
423,423,423,200104210SAS,30.2,8.6,2nd quarter,6:16.0,David Robinson,SAS,True,2-pointer,7,34-27,'SAS',leads
424,424,424,200104210SAS,0.2,9.2,2nd quarter,5:00.0,Danny Ferry,SAS,True,3-pointer,24,37-27,'SAS',leads
425,425,425,200104210SAS,23.2,5.0,2nd quarter,4:33.0,Terry Porter,SAS,True,2-pointer,1,39-27,'SAS',leads
426,426,426,200104210SAS,10.4,12.0,2nd quarter,3:59.0,Derek Anderson,SAS,False,2-pointer,15,39-27,'SAS',leads
427,427,427,200104210SAS,25.1,12.6,2nd quarter,2:57.0,Terry Porter,SAS,True,2-pointer,8,42-32,'SAS',leads
428,428,428,200104210SAS,23.2,11.6,2nd quarter,2:30.0,Tim Duncan,SAS,True,2-pointer,7,44-32,'SAS',leads
429,429,429,200104210SAS,32.3,19.4,2nd quarter,1:54.0,Tim Duncan,SAS,True,2-pointer,17,46-32,'SAS',leads
430,430,430,200104210SAS,19.6,9.9,2nd quarter,1:21.0,Tim Duncan,SAS,True,2-pointer,7,48-34,'SAS',leads
431,431,431,200104210SAS,13.9,29.1,2nd quarter,0:51.2,Derek Anderson,SAS,True,3-pointer,26,51-37,'SAS',leads
432,432,432,200104210SAS,25.1,10.9,3rd quarter,11:15.0,David Robinson,SAS,False,2-pointer,6,51-37,'SAS',leads
433,433,433,200104210SAS,9.6,25.8,3rd quarter,10:52.0,Danny Ferry,SAS,False,3-pointer,25,51-37,'SAS',leads
434,434,434,200104210SAS,10.4,17.0,3rd quarter,10:15.0,Derek Anderson,SAS,False,2-pointer,18,51-39,'SAS',leads
435,435,435,200104210SAS,38.6,14.3,3rd quarter,9:40.0,Derek Anderson,SAS,False,2-pointer,17,51-41,'SAS',leads
436,436,436,200104210SAS,23.9,5.0,3rd quarter,9:02.0,Tim Duncan,SAS,True,2-pointer,0,53-43,'SAS',leads
437,437,437,200104210SAS,8.9,10.5,3rd quarter,7:44.0,Tim Duncan,SAS,False,2-pointer,16,55-47,'SAS',leads
438,438,438,200104210SAS,35.0,5.4,3rd quarter,6:38.0,Tim Duncan,SAS,False,2-pointer,11,55-49,'SAS',leads
439,439,439,200104210SAS,29.6,6.5,3rd quarter,6:06.0,Tim Duncan,SAS,False,2-pointer,6,55-49,'SAS',leads
440,440,440,200104210SAS,23.2,23.8,3rd quarter,5:35.0,Tim Duncan,SAS,False,2-pointer,19,55-51,'SAS',leads
441,441,441,200104210SAS,24.3,12.0,3rd quarter,5:07.0,Antonio Daniels,SAS,True,2-pointer,7,57-53,'SAS',leads
442,442,442,200104210SAS,37.2,25.7,3rd quarter,3:52.0,Antonio Daniels,SAS,False,3-pointer,25,59-55,'SAS',leads
443,443,443,200104210SAS,29.6,21.7,3rd quarter,3:19.0,Avery Johnson,SAS,True,2-pointer,18,61-57,'SAS',leads
444,444,444,200104210SAS,47.3,3.7,3rd quarter,1:08.0,Sean Elliott,SAS,False,3-pointer,23,63-61,'SAS',leads
445,445,445,200104210SAS,23.2,29.5,3rd quarter,0:01.1,Antonio Daniels,SAS,False,3-pointer,25,63-65,'SAS',trails
446,446,446,200104210SAS,23.2,5.0,4th quarter,11:16.0,Avery Johnson,SAS,True,2-pointer,1,65-65,'SAS',tied
447,447,447,200104210SAS,42.2,22.1,4th quarter,9:21.0,Derek Anderson,SAS,False,3-pointer,25,66-65,'SAS',leads
448,448,448,200104210SAS,23.9,5.0,4th quarter,8:48.0,Tim Duncan,SAS,True,2-pointer,0,68-67,'SAS',leads
449,449,449,200104210SAS,23.9,5.0,4th quarter,8:24.0,David Robinson,SAS,False,2-pointer,0,68-67,'SAS',leads
450,450,450,200104210SAS,24.3,5.0,4th quarter,7:48.0,Derek Anderson,SAS,False,2-pointer,0,68-67,'SAS',leads
451,451,451,200104210SAS,40.1,5.0,4th quarter,6:56.0,Avery Johnson,SAS,False,2-pointer,16,68-69,'SAS',trails
452,452,452,200104210SAS,23.2,5.9,4th quarter,6:32.0,Derek Anderson,SAS,True,2-pointer,1,70-69,'SAS',leads
453,453,453,200104210SAS,0.2,4.4,4th quarter,5:47.0,Danny Ferry,SAS,False,3-pointer,24,71-72,'SAS',trails
454,454,454,200104210SAS,30.8,6.9,4th quarter,5:10.0,Tim Duncan,SAS,False,2-pointer,7,71-74,'SAS',trails
455,455,455,200104210SAS,23.9,5.4,4th quarter,5:06.0,David Robinson,SAS,True,2-pointer,0,73-74,'SAS',trails
456,456,456,200104210SAS,23.9,30.1,4th quarter,4:11.0,Derek Anderson,SAS,True,3-pointer,25,76-76,'SAS',tied
457,457,457,200104210SAS,23.2,4.4,4th quarter,3:47.0,Terry Porter,SAS,True,2-pointer,1,78-76,'SAS',leads
458,458,458,200104210SAS,1.1,2.7,4th quarter,1:40.0,Derek Anderson,SAS,False,3-pointer,23,79-80,'SAS',trails
459,459,459,200104210SAS,24.3,3.1,4th quarter,1:39.0,David Robinson,SAS,True,2-pointer,2,81-80,'SAS',leads
460,460,460,200104210SAS,6.8,12.0,4th quarter,0:56.0,Terry Porter,SAS,True,2-pointer,19,83-80,'SAS',leads
461,461,461,200104210SAS,9.5,9.9,4th quarter,0:12.7,Tim Duncan,SAS,True,2-pointer,15,85-80,'SAS',leads
462,462,462,200104210UTA,9.3,14.7,1st quarter,11:28.0,Michael Finley,DAL,False,2-pointer,18,0-0,'DAL',tied
463,463,463,200104210UTA,13.7,26.9,1st quarter,10:22.0,Steve Nash,DAL,True,3-pointer,24,3-2,'DAL',leads
464,464,464,200104210UTA,24.0,5.0,1st quarter,9:55.0,Steve Nash,DAL,False,2-pointer,0,3-4,'DAL',trails
465,465,465,200104210UTA,24.0,5.0,1st quarter,9:53.0,Shawn Bradley,DAL,True,2-pointer,0,5-4,'DAL',leads
466,466,466,200104210UTA,24.9,9.7,1st quarter,8:39.0,Shawn Bradley,DAL,False,2-pointer,5,5-6,'DAL',trails
467,467,467,200104210UTA,24.0,5.0,1st quarter,8:09.0,Dirk Nowitzki,DAL,True,2-pointer,0,7-6,'DAL',leads
468,468,468,200104210UTA,24.0,5.0,1st quarter,6:49.0,Dirk Nowitzki,DAL,True,2-pointer,0,9-8,'DAL',leads
469,469,469,200104210UTA,37.6,5.4,1st quarter,6:16.0,Juwan Howard,DAL,False,2-pointer,14,9-10,'DAL',trails
470,470,470,200104210UTA,45.2,17.7,1st quarter,5:53.0,Dirk Nowitzki,DAL,False,3-pointer,25,9-12,'DAL',trails
471,471,471,200104210UTA,30.8,9.7,1st quarter,5:34.0,Dirk Nowitzki,DAL,False,2-pointer,8,9-12,'DAL',trails
472,472,472,200104210UTA,8.5,14.7,1st quarter,5:19.0,Michael Finley,DAL,False,2-pointer,18,9-12,'DAL',trails
473,473,473,200104210UTA,27.0,6.1,1st quarter,4:57.0,Juwan Howard,DAL,False,2-pointer,3,9-14,'DAL',trails
474,474,474,200104210UTA,16.1,25.3,1st quarter,4:52.0,Dirk Nowitzki,DAL,False,2-pointer,22,9-14,'DAL',trails
475,475,475,200104210UTA,31.7,18.7,1st quarter,4:27.0,Steve Nash,DAL,True,2-pointer,16,11-16,'DAL',trails
476,476,476,200104210UTA,24.9,21.3,1st quarter,3:56.0,Dirk Nowitzki,DAL,False,2-pointer,16,11-16,'DAL',trails
477,477,477,200104210UTA,24.0,5.0,1st quarter,3:53.0,Calvin Booth,DAL,True,2-pointer,0,13-16,'DAL',trails
478,478,478,200104210UTA,25.6,10.1,1st quarter,2:10.0,Steve Nash,DAL,False,2-pointer,5,13-19,'DAL',trails
479,479,479,200104210UTA,45.8,16.6,1st quarter,1:21.0,Michael Finley,DAL,False,3-pointer,25,13-19,'DAL',trails
480,480,480,200104210UTA,10.8,11.3,1st quarter,0:44.9,Michael Finley,DAL,True,2-pointer,15,15-19,'DAL',trails
481,481,481,200104210UTA,10.8,15.4,2nd quarter,11:16.0,Juwan Howard,DAL,True,2-pointer,17,19-24,'DAL',trails
482,482,482,200104210UTA,42.8,24.6,2nd quarter,10:28.0,Michael Finley,DAL,False,3-pointer,27,19-24,'DAL',trails
483,483,483,200104210UTA,16.1,16.0,2nd quarter,9:38.0,Michael Finley,DAL,False,2-pointer,14,19-26,'DAL',trails
484,484,484,200104210UTA,24.0,5.0,2nd quarter,9:12.0,Michael Finley,DAL,True,2-pointer,0,21-26,'DAL',trails
485,485,485,200104210UTA,15.2,6.7,2nd quarter,8:01.0,Michael Finley,DAL,True,2-pointer,9,23-26,'DAL',trails
486,486,486,200104210UTA,16.1,5.4,2nd quarter,7:21.0,Juwan Howard,DAL,True,2-pointer,8,25-26,'DAL',trails
487,487,487,200104210UTA,42.8,21.3,2nd quarter,6:28.0,Dirk Nowitzki,DAL,False,3-pointer,25,25-27,'DAL',trails
488,488,488,200104210UTA,16.1,27.6,2nd quarter,5:43.0,Dirk Nowitzki,DAL,True,3-pointer,24,28-29,'DAL',trails
489,489,489,200104210UTA,20.5,20.0,2nd quarter,5:17.0,Dirk Nowitzki,DAL,True,2-pointer,15,30-29,'DAL',leads
490,490,490,200104210UTA,39.9,16.0,2nd quarter,4:39.0,Steve Nash,DAL,True,2-pointer,19,32-29,'DAL',leads
491,491,491,200104210UTA,24.0,5.0,2nd quarter,3:27.0,Steve Nash,DAL,True,2-pointer,0,36-32,'DAL',leads
492,492,492,200104210UTA,8.5,23.6,2nd quarter,3:00.0,Michael Finley,DAL,False,3-pointer,24,36-32,'DAL',leads
493,493,493,200104210UTA,24.0,5.0,2nd quarter,2:51.0,Michael Finley,DAL,False,2-pointer,0,36-32,'DAL',leads
494,494,494,200104210UTA,13.7,5.4,2nd quarter,2:44.0,Juwan Howard,DAL,False,2-pointer,10,36-32,'DAL',leads
495,495,495,200104210UTA,24.0,5.0,2nd quarter,2:31.0,Juwan Howard,DAL,True,2-pointer,0,38-32,'DAL',leads
496,496,496,200104210UTA,44.3,19.4,2nd quarter,2:01.0,Dirk Nowitzki,DAL,False,3-pointer,25,39-34,'DAL',leads
497,497,497,200104210UTA,41.4,5.4,2nd quarter,1:24.0,Calvin Booth,DAL,False,2-pointer,17,39-36,'DAL',leads
498,498,498,200104210UTA,24.0,5.0,2nd quarter,0:41.9,Juwan Howard,DAL,False,2-pointer,0,39-38,'DAL',leads
499,499,499,200104210UTA,42.8,15.4,2nd quarter,0:00.4,Michael Finley,DAL,False,2-pointer,21,39-40,'DAL',trails
500,500,500,200104210UTA,12.3,26.9,3rd quarter,11:36.0,Dirk Nowitzki,DAL,False,3-pointer,25,39-40,'DAL',trails
501,501,501,200104210UTA,21.3,20.6,3rd quarter,10:56.0,Steve Nash,DAL,False,2-pointer,16,39-42,'DAL',trails
502,502,502,200104210UTA,3.2,18.3,3rd quarter,10:17.0,Michael Finley,DAL,True,3-pointer,25,42-44,'DAL',trails
503,503,503,200104210UTA,3.2,18.3,3rd quarter,9:39.0,Dirk Nowitzki,DAL,False,3-pointer,25,42-46,'DAL',trails
504,504,504,200104210UTA,23.4,15.4,3rd quarter,9:04.0,Steve Nash,DAL,False,2-pointer,10,42-48,'DAL',trails
505,505,505,200104210UTA,22.0,9.0,3rd quarter,7:16.0,Michael Finley,DAL,False,2-pointer,4,42-52,'DAL',trails
506,506,506,200104210UTA,23.4,13.7,3rd quarter,7:12.0,Juwan Howard,DAL,True,2-pointer,9,44-52,'DAL',trails
507,507,507,200104210UTA,23.4,22.9,3rd quarter,6:30.0,Dirk Nowitzki,DAL,False,2-pointer,18,44-55,'DAL',trails
508,508,508,200104210UTA,6.4,22.3,3rd quarter,5:36.0,Michael Finley,DAL,True,3-pointer,25,49-57,'DAL',trails
509,509,509,200104210UTA,24.9,16.6,3rd quarter,4:44.0,Michael Finley,DAL,False,2-pointer,12,49-57,'DAL',trails
510,510,510,200104210UTA,24.1,11.3,3rd quarter,4:26.0,Juwan Howard,DAL,True,2-pointer,6,51-57,'DAL',trails
511,511,511,200104210UTA,25.6,29.3,3rd quarter,3:28.0,Dirk Nowitzki,DAL,False,3-pointer,24,51-57,'DAL',trails
512,512,512,200104210UTA,9.9,5.4,3rd quarter,2:33.0,Juwan Howard,DAL,False,2-pointer,14,51-58,'DAL',trails
513,513,513,200104210UTA,18.4,28.6,3rd quarter,1:20.0,Dirk Nowitzki,DAL,True,3-pointer,24,58-58,'DAL',tied
514,514,514,200104210UTA,19.0,11.3,3rd quarter,0:01.9,Howard Eisley,DAL,False,2-pointer,8,60-61,'DAL',trails
515,515,515,200104210UTA,24.0,5.0,3rd quarter,0:00.7,Dirk Nowitzki,DAL,True,2-pointer,0,62-61,'DAL',leads
516,516,516,200104210UTA,38.4,21.3,4th quarter,11:21.0,Howard Eisley,DAL,False,2-pointer,22,62-63,'DAL',trails
517,517,517,200104210UTA,36.7,25.9,4th quarter,10:25.0,Dirk Nowitzki,DAL,False,3-pointer,24,62-66,'DAL',trails
518,518,518,200104210UTA,4.0,6.1,4th quarter,9:53.0,Michael Finley,DAL,True,2-pointer,20,64-68,'DAL',trails
519,519,519,200104210UTA,7.0,13.0,4th quarter,8:44.0,Juwan Howard,DAL,False,2-pointer,19,64-70,'DAL',trails
520,520,520,200104210UTA,24.0,5.0,4th quarter,8:19.0,Dirk Nowitzki,DAL,False,2-pointer,0,64-70,'DAL',trails
521,521,521,200104210UTA,10.8,26.3,4th quarter,8:13.0,Michael Finley,DAL,True,3-pointer,25,67-70,'DAL',trails
522,522,522,200104210UTA,22.8,16.0,4th quarter,7:12.0,Michael Finley,DAL,True,2-pointer,11,70-71,'DAL',trails
523,523,523,200104210UTA,36.7,22.3,4th quarter,6:44.0,Michael Finley,DAL,True,2-pointer,21,72-71,'DAL',leads
524,524,524,200104210UTA,10.8,25.9,4th quarter,5:31.0,Michael Finley,DAL,False,3-pointer,25,72-74,'DAL',trails
525,525,525,200104210UTA,24.0,5.0,4th quarter,5:29.0,Mark Bryant,DAL,True,2-pointer,0,74-74,'DAL',tied
526,526,526,200104210UTA,29.4,8.4,4th quarter,4:51.0,Dirk Nowitzki,DAL,True,2-pointer,6,76-76,'DAL',tied
527,527,527,200104210UTA,38.4,25.3,4th quarter,4:22.0,Michael Finley,DAL,True,3-pointer,25,80-76,'DAL',leads
528,528,528,200104210UTA,24.0,5.0,4th quarter,3:54.0,Steve Nash,DAL,True,2-pointer,0,82-76,'DAL',leads
529,529,529,200104210UTA,36.7,20.6,4th quarter,2:30.0,Michael Finley,DAL,False,2-pointer,20,82-80,'DAL',leads
530,530,530,200104210UTA,24.0,5.0,4th quarter,1:50.0,Steve Nash,DAL,True,2-pointer,0,84-80,'DAL',leads
531,531,531,200104210UTA,36.7,26.3,4th quarter,1:27.0,Steve Nash,DAL,False,3-pointer,25,84-82,'DAL',leads
532,532,532,200104210UTA,13.7,20.0,4th quarter,0:33.9,Dirk Nowitzki,DAL,False,2-pointer,18,86-85,'DAL',leads
533,533,533,200104210UTA,24.9,33.5,4th quarter,0:00.1,Michael Finley,DAL,False,3-pointer,29,86-88,'DAL',trails
534,534,534,200104210UTA,27.0,7.8,1st quarter,11:46.0,Bryon Russell,UTA,False,2-pointer,4,0-0,'DAL',tied
535,535,535,200104210UTA,36.7,13.0,1st quarter,11:12.0,Karl Malone,UTA,False,2-pointer,15,0-0,'DAL',tied
536,536,536,200104210UTA,16.1,19.4,1st quarter,10:39.0,Olden Polynice,UTA,True,2-pointer,16,2-0,'DAL',leads
537,537,537,200104210UTA,24.0,5.0,1st quarter,10:07.0,Karl Malone,UTA,True,2-pointer,0,4-3,'DAL',leads
538,538,538,200104210UTA,24.1,16.6,1st quarter,9:23.0,Bryon Russell,UTA,False,2-pointer,12,4-5,'DAL',trails
539,539,539,200104210UTA,24.0,5.0,1st quarter,9:07.0,Karl Malone,UTA,True,2-pointer,0,6-5,'DAL',leads
540,540,540,200104210UTA,4.7,6.7,1st quarter,8:23.0,Bryon Russell,UTA,False,2-pointer,19,6-5,'DAL',leads
541,541,541,200104210UTA,43.5,20.6,1st quarter,7:31.0,Bryon Russell,UTA,False,3-pointer,25,6-7,'DAL',trails
542,542,542,200104210UTA,24.0,5.0,1st quarter,7:20.0,Bryon Russell,UTA,True,2-pointer,0,8-7,'DAL',leads
543,543,543,200104210UTA,24.9,26.3,1st quarter,6:53.0,Donyell Marshall,UTA,False,2-pointer,21,8-7,'DAL',leads
544,544,544,200104210UTA,24.0,5.0,1st quarter,6:32.0,John Stockton,UTA,False,2-pointer,0,8-9,'DAL',trails
545,545,545,200104210UTA,24.0,5.0,1st quarter,6:24.0,Olden Polynice,UTA,True,2-pointer,0,10-9,'DAL',leads
546,546,546,200104210UTA,24.0,5.0,1st quarter,6:10.0,Karl Malone,UTA,True,2-pointer,0,12-9,'DAL',leads
547,547,547,200104210UTA,24.0,5.0,1st quarter,5:09.0,Karl Malone,UTA,True,2-pointer,0,14-9,'DAL',leads
548,548,548,200104210UTA,44.3,7.8,1st quarter,4:45.0,Donyell Marshall,UTA,True,2-pointer,20,16-9,'DAL',leads
549,549,549,200104210UTA,19.8,7.8,1st quarter,4:06.0,Donyell Marshall,UTA,False,2-pointer,5,16-11,'DAL',leads
550,550,550,200104210UTA,4.7,12.0,1st quarter,3:28.0,John Starks,UTA,False,2-pointer,21,16-13,'DAL',leads
551,551,551,200104210UTA,24.0,5.0,1st quarter,3:03.0,John Starks,UTA,True,2-pointer,0,19-13,'DAL',leads
552,552,552,200104210UTA,36.7,20.0,1st quarter,2:36.0,Bryon Russell,UTA,False,2-pointer,20,19-13,'DAL',leads
553,553,553,200104210UTA,36.7,25.9,1st quarter,2:24.0,John Starks,UTA,False,3-pointer,24,19-13,'DAL',leads
554,554,554,200104210UTA,24.0,5.0,1st quarter,1:04.0,Jacque Vaughn,UTA,False,2-pointer,0,19-13,'DAL',leads
555,555,555,200104210UTA,0.2,5.0,1st quarter,0:06.9,Bryon Russell,UTA,True,3-pointer,24,22-17,'DAL',leads
556,556,556,200104210UTA,24.0,5.0,2nd quarter,11:36.0,Danny Manning,UTA,True,2-pointer,0,24-17,'DAL',leads
557,557,557,200104210UTA,24.0,5.0,2nd quarter,10:11.0,Danny Manning,UTA,True,2-pointer,0,26-19,'DAL',leads
558,558,558,200104210UTA,24.0,5.0,2nd quarter,8:53.0,Donyell Marshall,UTA,False,2-pointer,0,26-21,'DAL',leads
559,559,559,200104210UTA,10.8,20.6,2nd quarter,8:36.0,Jacque Vaughn,UTA,False,2-pointer,20,26-21,'DAL',leads
560,560,560,200104210UTA,33.1,20.0,2nd quarter,8:20.0,Danny Manning,UTA,False,2-pointer,18,26-21,'DAL',leads
561,561,561,200104210UTA,24.0,5.0,2nd quarter,8:17.0,Greg Ostertag,UTA,False,2-pointer,0,26-21,'DAL',leads
562,562,562,200104210UTA,35.3,16.6,2nd quarter,7:37.0,Karl Malone,UTA,False,2-pointer,16,26-23,'DAL',leads
563,563,563,200104210UTA,24.0,5.0,2nd quarter,5:51.0,Bryon Russell,UTA,False,2-pointer,0,29-25,'DAL',leads
564,564,564,200104210UTA,40.5,7.8,2nd quarter,4:15.0,Karl Malone,UTA,False,2-pointer,17,29-32,'DAL',trails
565,565,565,200104210UTA,24.0,5.0,2nd quarter,4:00.0,Karl Malone,UTA,False,2-pointer,0,29-32,'DAL',trails
566,566,566,200104210UTA,47.3,9.0,2nd quarter,3:43.0,Bryon Russell,UTA,True,3-pointer,24,32-34,'DAL',trails
567,567,567,200104210UTA,1.1,5.4,2nd quarter,3:07.0,Bryon Russell,UTA,False,3-pointer,23,32-36,'DAL',trails
568,568,568,200104210UTA,24.0,5.0,2nd quarter,2:36.0,Donyell Marshall,UTA,False,2-pointer,0,32-36,'DAL',trails
569,569,569,200104210UTA,24.0,5.0,2nd quarter,1:48.0,John Starks,UTA,True,2-pointer,0,36-39,'DAL',trails
570,570,570,200104210UTA,24.0,5.0,2nd quarter,1:03.0,Danny Manning,UTA,True,2-pointer,0,38-39,'DAL',trails
571,571,571,200104210UTA,36.7,25.3,2nd quarter,0:29.9,John Stockton,UTA,False,3-pointer,24,38-39,'DAL',trails
572,572,572,200104210UTA,39.9,5.0,2nd quarter,0:25.9,Danny Manning,UTA,True,2-pointer,16,40-39,'DAL',leads
573,573,573,200104210UTA,24.0,5.0,3rd quarter,11:11.0,John Stockton,UTA,True,2-pointer,0,42-39,'DAL',leads
574,574,574,200104210UTA,23.4,9.7,3rd quarter,10:36.0,Olden Polynice,UTA,True,2-pointer,5,44-39,'DAL',leads
575,575,575,200104210UTA,24.0,5.0,3rd quarter,9:58.0,Donyell Marshall,UTA,True,2-pointer,0,46-42,'DAL',leads
576,576,576,200104210UTA,24.0,5.0,3rd quarter,9:22.0,Bryon Russell,UTA,False,2-pointer,0,46-42,'DAL',leads
577,577,577,200104210UTA,24.0,5.0,3rd quarter,9:21.0,Olden Polynice,UTA,False,2-pointer,0,46-42,'DAL',leads
578,578,578,200104210UTA,24.0,5.0,3rd quarter,9:21.0,Olden Polynice,UTA,True,2-pointer,0,48-42,'DAL',leads
579,579,579,200104210UTA,24.0,5.0,3rd quarter,8:54.0,Donyell Marshall,UTA,False,2-pointer,0,48-42,'DAL',leads
580,580,580,200104210UTA,24.0,5.0,3rd quarter,8:34.0,Karl Malone,UTA,True,2-pointer,0,50-42,'DAL',leads
581,581,581,200104210UTA,8.5,5.0,3rd quarter,7:44.0,Donyell Marshall,UTA,False,2-pointer,16,50-42,'DAL',leads
582,582,582,200104210UTA,15.2,7.1,3rd quarter,6:44.0,Karl Malone,UTA,False,2-pointer,9,52-44,'DAL',leads
583,583,583,200104210UTA,24.0,5.0,3rd quarter,6:40.0,Donyell Marshall,UTA,True,2-pointer,0,54-44,'DAL',leads
584,584,584,200104210UTA,8.5,5.0,3rd quarter,5:51.0,Karl Malone,UTA,False,2-pointer,16,57-46,'DAL',leads
585,585,585,200104210UTA,33.8,16.0,3rd quarter,5:18.0,Karl Malone,UTA,False,2-pointer,15,57-49,'DAL',leads
586,586,586,200104210UTA,19.8,8.4,3rd quarter,5:15.0,Donyell Marshall,UTA,False,2-pointer,5,57-49,'DAL',leads
587,587,587,200104210UTA,35.3,26.9,3rd quarter,4:58.0,Bryon Russell,UTA,False,3-pointer,25,57-49,'DAL',leads
588,588,588,200104210UTA,22.8,17.7,3rd quarter,4:02.0,Karl Malone,UTA,False,2-pointer,13,57-51,'DAL',leads
589,589,589,200104210UTA,23.4,9.0,3rd quarter,3:39.0,Karl Malone,UTA,False,2-pointer,4,57-51,'DAL',leads
590,590,590,200104210UTA,23.4,9.7,3rd quarter,1:52.0,Danny Manning,UTA,False,2-pointer,5,58-53,'DAL',leads
591,591,591,200104210UTA,29.4,5.4,3rd quarter,1:27.0,Greg Ostertag,UTA,False,2-pointer,5,58-55,'DAL',leads
592,592,592,200104210UTA,20.5,10.1,3rd quarter,0:52.9,John Starks,UTA,False,2-pointer,6,58-58,'DAL',tied
593,593,593,200104210UTA,24.0,5.0,3rd quarter,0:52.7,Greg Ostertag,UTA,True,2-pointer,0,60-58,'DAL',leads
594,594,594,200104210UTA,10.8,16.0,4th quarter,11:46.0,Karl Malone,UTA,False,2-pointer,17,61-62,'DAL',trails
595,595,595,200104210UTA,24.0,5.0,4th quarter,11:39.0,Donyell Marshall,UTA,True,2-pointer,0,63-62,'DAL',leads
596,596,596,200104210UTA,24.0,5.0,4th quarter,10:40.0,Bryon Russell,UTA,True,2-pointer,0,66-62,'DAL',leads
597,597,597,200104210UTA,24.0,5.0,4th quarter,10:18.0,Bryon Russell,UTA,True,2-pointer,0,68-62,'DAL',leads
598,598,598,200104210UTA,39.0,10.7,4th quarter,9:32.0,Karl Malone,UTA,False,2-pointer,16,68-64,'DAL',leads
599,599,599,200104210UTA,23.4,19.4,4th quarter,9:12.0,John Stockton,UTA,True,2-pointer,14,70-64,'DAL',leads
600,600,600,200104210UTA,24.0,5.0,4th quarter,8:37.0,Bryon Russell,UTA,False,2-pointer,0,70-64,'DAL',leads
601,601,601,200104210UTA,24.0,5.0,4th quarter,7:26.0,Karl Malone,UTA,False,2-pointer,0,70-68,'DAL',leads
602,602,602,200104210UTA,24.0,5.0,4th quarter,7:25.0,Karl Malone,UTA,False,2-pointer,0,70-68,'DAL',leads
603,603,603,200104210UTA,36.1,20.0,4th quarter,6:57.0,Karl Malone,UTA,False,2-pointer,19,71-70,'DAL',leads
604,604,604,200104210UTA,5.5,9.7,4th quarter,5:53.0,Karl Malone,UTA,True,2-pointer,19,74-72,'DAL',leads
605,605,605,200104210UTA,9.9,20.6,4th quarter,5:14.0,Karl Malone,UTA,True,2-pointer,21,76-74,'DAL',leads
606,606,606,200104210UTA,29.4,7.1,4th quarter,4:33.0,John Stockton,UTA,False,2-pointer,6,76-77,'DAL',trails
607,607,607,200104210UTA,7.0,17.7,4th quarter,3:31.0,Donyell Marshall,UTA,True,2-pointer,21,78-82,'DAL',trails
608,608,608,200104210UTA,9.9,25.3,4th quarter,2:51.0,John Stockton,UTA,False,3-pointer,25,78-82,'DAL',trails
609,609,609,200104210UTA,24.0,5.0,4th quarter,2:48.0,John Stockton,UTA,True,2-pointer,0,80-82,'DAL',trails
610,610,610,200104210UTA,25.6,29.3,4th quarter,2:10.0,Donyell Marshall,UTA,False,3-pointer,24,80-82,'DAL',trails
611,611,611,200104210UTA,24.0,5.0,4th quarter,1:40.0,Karl Malone,UTA,True,2-pointer,0,82-84,'DAL',trails
612,612,612,200104210UTA,7.8,5.4,4th quarter,1:12.0,Karl Malone,UTA,False,2-pointer,16,82-84,'DAL',trails
613,613,613,200104210UTA,27.0,29.9,4th quarter,0:58.0,Danny Manning,UTA,True,3-pointer,25,85-86,'DAL',trails
