,Unnamed: 0.1,Unnamed: 0,match_id,shotX,shotY,quarter,time_remaining,player,team,made,shot_type,distance,score,opp,status
0,0,0,200105020IND,39.0,13.2,1st quarter,11:14.0,Allen Iverson,PHI,False,2-pointer,17,0-2,'IND',trails
1,1,1,200105020IND,41.4,12.6,1st quarter,10:38.0,George Lynch,PHI,False,2-pointer,19,0-2,'IND',trails
2,2,2,200105020IND,7.8,13.2,1st quarter,9:58.0,Eric Snow,PHI,True,2-pointer,18,2-4,'IND',trails
3,3,3,200105020IND,-0.4,10.3,1st quarter,9:32.0,Allen Iverson,PHI,False,3-pointer,25,2-4,'IND',trails
4,4,4,200105020IND,18.0,18.7,1st quarter,8:58.0,Eric Snow,PHI,False,2-pointer,15,2-6,'IND',trails
5,5,5,200105020IND,20.1,12.0,1st quarter,8:25.0,Dikembe Mutombo,PHI,True,2-pointer,8,4-8,'IND',trails
6,6,6,200105020IND,21.5,30.3,1st quarter,7:54.0,Allen Iverson,PHI,False,3-pointer,25,4-11,'IND',trails
7,7,7,200105020IND,23.0,6.3,1st quarter,7:48.0,Dikembe Mutombo,PHI,True,2-pointer,2,6-11,'IND',trails
8,8,8,200105020IND,25.1,7.6,1st quarter,6:44.0,Allen Iverson,PHI,True,2-pointer,3,10-13,'IND',trails
9,9,9,200105020IND,0.2,5.7,1st quarter,5:30.0,Allen Iverson,PHI,True,3-pointer,24,13-18,'IND',trails
10,10,10,200105020IND,0.2,6.9,1st quarter,5:07.0,Allen Iverson,PHI,False,3-pointer,24,13-18,'IND',trails
11,11,11,200105020IND,24.3,5.7,1st quarter,4:30.0,Dikembe Mutombo,PHI,False,2-pointer,1,13-21,'IND',trails
12,12,12,200105020IND,21.5,5.0,1st quarter,4:29.0,Dikembe Mutombo,PHI,True,2-pointer,3,15-21,'IND',trails
13,13,13,200105020IND,25.1,21.3,1st quarter,3:58.0,Allen Iverson,PHI,True,2-pointer,16,18-23,'IND',trails
14,14,14,200105020IND,32.5,22.9,1st quarter,3:07.0,Aaron McKie,PHI,False,2-pointer,20,18-25,'IND',trails
15,15,15,200105020IND,19.4,5.7,1st quarter,2:43.0,Allen Iverson,PHI,False,2-pointer,5,18-25,'IND',trails
16,16,16,200105020IND,47.9,5.7,1st quarter,1:48.0,Jumaine Jones,PHI,False,3-pointer,24,18-27,'IND',trails
17,17,17,200105020IND,21.5,30.3,1st quarter,1:13.0,Jumaine Jones,PHI,True,3-pointer,25,21-27,'IND',trails
18,18,18,200105020IND,24.3,5.7,1st quarter,0:39.9,Allen Iverson,PHI,True,2-pointer,1,25-27,'IND',trails
19,19,19,200105020IND,47.3,12.6,1st quarter,0:03.9,Aaron McKie,PHI,False,3-pointer,25,25-27,'IND',trails
20,20,20,200105020IND,27.2,25.0,1st quarter,0:00.0,Eric Snow,PHI,False,2-pointer,20,25-27,'IND',trails
21,21,21,200105020IND,30.2,21.7,2nd quarter,11:48.0,Allen Iverson,PHI,True,2-pointer,18,27-27,'IND',tied
22,22,22,200105020IND,15.0,6.9,2nd quarter,11:02.0,Jumaine Jones,PHI,False,2-pointer,9,27-27,'IND',tied
23,23,23,200105020IND,24.3,6.3,2nd quarter,10:59.0,Matt Geiger,PHI,True,2-pointer,1,29-27,'IND',leads
24,24,24,200105020IND,27.2,22.3,2nd quarter,10:21.0,Allen Iverson,PHI,False,2-pointer,18,29-29,'IND',tied
25,25,25,200105020IND,42.8,10.3,2nd quarter,10:16.0,George Lynch,PHI,False,2-pointer,20,29-29,'IND',tied
26,26,26,200105020IND,9.9,6.9,2nd quarter,9:43.0,Matt Geiger,PHI,False,2-pointer,14,29-29,'IND',tied
27,27,27,200105020IND,43.5,8.0,2nd quarter,9:38.0,Allen Iverson,PHI,False,2-pointer,20,29-29,'IND',tied
28,28,28,200105020IND,25.8,5.7,2nd quarter,9:13.0,Allen Iverson,PHI,True,2-pointer,2,31-29,'IND',leads
29,29,29,200105020IND,4.0,10.3,2nd quarter,8:13.0,Allen Iverson,PHI,False,2-pointer,21,32-29,'IND',leads
30,30,30,200105020IND,33.1,5.7,2nd quarter,8:02.0,Dikembe Mutombo,PHI,False,2-pointer,9,32-29,'IND',leads
31,31,31,200105020IND,8.5,7.6,2nd quarter,7:07.0,Allen Iverson,PHI,False,2-pointer,16,32-29,'IND',leads
32,32,32,200105020IND,9.9,10.7,2nd quarter,6:28.0,Allen Iverson,PHI,False,2-pointer,15,32-31,'IND',leads
33,33,33,200105020IND,23.9,6.9,2nd quarter,6:25.0,Jumaine Jones,PHI,False,2-pointer,2,32-31,'IND',leads
34,34,34,200105020IND,34.0,9.2,2nd quarter,6:18.0,Aaron McKie,PHI,True,2-pointer,11,34-31,'IND',leads
35,35,35,200105020IND,46.4,14.9,2nd quarter,5:46.0,Allen Iverson,PHI,True,3-pointer,24,37-33,'IND',leads
36,36,36,200105020IND,34.0,12.0,2nd quarter,4:28.0,Allen Iverson,PHI,False,2-pointer,12,39-35,'IND',leads
37,37,37,200105020IND,7.8,18.3,2nd quarter,3:56.0,Jumaine Jones,PHI,False,2-pointer,21,40-38,'IND',leads
38,38,38,200105020IND,39.9,9.2,2nd quarter,3:14.0,Allen Iverson,PHI,False,2-pointer,16,40-38,'IND',leads
39,39,39,200105020IND,15.8,6.3,2nd quarter,2:38.0,Dikembe Mutombo,PHI,False,2-pointer,8,40-40,'IND',tied
40,40,40,200105020IND,5.5,5.7,2nd quarter,2:02.0,Allen Iverson,PHI,False,2-pointer,19,40-42,'IND',trails
41,41,41,200105020IND,22.4,9.2,2nd quarter,1:28.0,Kevin Ollie,PHI,False,2-pointer,4,42-44,'IND',trails
42,42,42,200105020IND,9.3,17.0,2nd quarter,1:05.0,Jumaine Jones,PHI,False,2-pointer,19,42-46,'IND',trails
43,43,43,200105020IND,14.4,28.0,2nd quarter,0:25.9,Allen Iverson,PHI,False,3-pointer,25,42-48,'IND',trails
44,44,44,200105020IND,23.0,13.7,3rd quarter,11:40.0,Eric Snow,PHI,False,2-pointer,9,42-48,'IND',trails
45,45,45,200105020IND,23.9,15.4,3rd quarter,10:19.0,Tyrone Hill,PHI,True,2-pointer,10,45-50,'IND',trails
46,46,46,200105020IND,35.5,17.7,3rd quarter,9:35.0,Eric Snow,PHI,True,2-pointer,17,47-52,'IND',trails
47,47,47,200105020IND,46.4,13.2,3rd quarter,9:07.0,Allen Iverson,PHI,False,3-pointer,24,47-52,'IND',trails
48,48,48,200105020IND,22.4,9.7,3rd quarter,9:04.0,Tyrone Hill,PHI,True,2-pointer,5,49-52,'IND',trails
49,49,49,200105020IND,37.8,5.7,3rd quarter,8:35.0,Tyrone Hill,PHI,False,2-pointer,14,49-52,'IND',trails
50,50,50,200105020IND,3.4,20.6,3rd quarter,8:00.0,Allen Iverson,PHI,False,3-pointer,26,49-55,'IND',trails
51,51,51,200105020IND,25.1,4.8,3rd quarter,7:14.0,Tyrone Hill,PHI,True,2-pointer,1,52-55,'IND',trails
52,52,52,200105020IND,24.3,5.7,3rd quarter,6:47.0,Allen Iverson,PHI,True,2-pointer,1,54-55,'IND',trails
53,53,53,200105020IND,15.8,18.3,3rd quarter,6:10.0,Allen Iverson,PHI,False,2-pointer,16,54-57,'IND',trails
54,54,54,200105020IND,21.5,10.3,3rd quarter,4:23.0,Dikembe Mutombo,PHI,False,2-pointer,6,58-59,'IND',trails
55,55,55,200105020IND,24.3,24.4,3rd quarter,3:54.0,Eric Snow,PHI,False,2-pointer,19,58-59,'IND',trails
56,56,56,200105020IND,3.4,11.3,3rd quarter,2:54.0,Aaron McKie,PHI,False,2-pointer,22,60-62,'IND',trails
57,57,57,200105020IND,18.8,5.0,3rd quarter,2:22.0,Tyrone Hill,PHI,False,2-pointer,5,62-62,'IND',tied
58,58,58,200105020IND,43.5,5.7,3rd quarter,1:48.0,Aaron McKie,PHI,True,2-pointer,20,64-65,'IND',trails
59,59,59,200105020IND,33.1,7.6,3rd quarter,1:06.0,Dikembe Mutombo,PHI,False,2-pointer,9,64-67,'IND',trails
60,60,60,200105020IND,25.8,6.9,3rd quarter,0:38.9,Eric Snow,PHI,False,2-pointer,3,64-69,'IND',trails
61,61,61,200105020IND,31.0,29.7,3rd quarter,0:01.9,Allen Iverson,PHI,False,3-pointer,26,64-69,'IND',trails
62,62,62,200105020IND,45.0,18.7,4th quarter,11:09.0,Allen Iverson,PHI,True,3-pointer,25,67-72,'IND',trails
63,63,63,200105020IND,20.9,12.6,4th quarter,9:56.0,Aaron McKie,PHI,False,2-pointer,8,68-74,'IND',trails
64,64,64,200105020IND,20.9,14.3,4th quarter,9:16.0,Allen Iverson,PHI,False,2-pointer,10,68-74,'IND',trails
65,65,65,200105020IND,16.5,14.9,4th quarter,8:37.0,Eric Snow,PHI,True,2-pointer,12,70-76,'IND',trails
66,66,66,200105020IND,24.3,6.3,4th quarter,8:12.0,Eric Snow,PHI,True,2-pointer,1,72-76,'IND',trails
67,67,67,200105020IND,37.8,6.9,4th quarter,7:34.0,Tyrone Hill,PHI,True,2-pointer,14,74-76,'IND',trails
68,68,68,200105020IND,24.3,24.0,4th quarter,7:02.0,Allen Iverson,PHI,True,2-pointer,19,76-77,'IND',trails
69,69,69,200105020IND,6.4,6.9,4th quarter,5:43.0,Eric Snow,PHI,True,2-pointer,18,78-80,'IND',trails
70,70,70,200105020IND,24.3,5.0,4th quarter,5:07.0,Tyrone Hill,PHI,True,2-pointer,0,80-80,'IND',tied
71,71,71,200105020IND,22.4,7.6,4th quarter,4:37.0,Eric Snow,PHI,True,2-pointer,3,82-80,'IND',leads
72,72,72,200105020IND,25.1,26.9,4th quarter,3:52.0,Allen Iverson,PHI,False,2-pointer,22,82-80,'IND',leads
73,73,73,200105020IND,37.8,6.9,4th quarter,3:20.0,Tyrone Hill,PHI,False,2-pointer,14,82-80,'IND',leads
74,74,74,200105020IND,7.8,5.7,4th quarter,2:38.0,Aaron McKie,PHI,False,2-pointer,16,82-82,'IND',tied
75,75,75,200105020IND,33.1,9.2,4th quarter,1:53.0,Aaron McKie,PHI,True,2-pointer,10,84-85,'IND',trails
76,76,76,200105020IND,23.0,10.7,4th quarter,1:09.0,Dikembe Mutombo,PHI,True,2-pointer,6,86-85,'IND',leads
77,77,77,200105020IND,12.1,8.6,4th quarter,0:31.9,Allen Iverson,PHI,False,2-pointer,12,86-85,'IND',leads
78,78,78,200105020IND,32.5,23.4,1st quarter,11:34.0,Jalen Rose,IND,True,2-pointer,20,2-0,'IND',leads
79,79,79,200105020IND,25.1,22.3,1st quarter,10:53.0,Reggie Miller,IND,False,2-pointer,17,2-0,'IND',leads
80,80,80,200105020IND,22.4,4.2,1st quarter,10:16.0,Jeff Foster,IND,True,2-pointer,2,4-0,'IND',leads
81,81,81,200105020IND,39.9,10.3,1st quarter,9:42.0,Jalen Rose,IND,False,2-pointer,17,4-2,'IND',leads
82,82,82,200105020IND,20.9,7.6,1st quarter,9:22.0,Jermaine O'Neal,IND,True,2-pointer,4,6-2,'IND',leads
83,83,83,200105020IND,9.3,8.0,1st quarter,8:47.0,Jalen Rose,IND,True,2-pointer,15,8-2,'IND',leads
84,84,84,200105020IND,9.9,26.9,1st quarter,8:14.0,Reggie Miller,IND,True,3-pointer,26,11-4,'IND',leads
85,85,85,200105020IND,44.3,12.0,1st quarter,7:03.0,Reggie Miller,IND,True,2-pointer,21,13-8,'IND',leads
86,86,86,200105020IND,0.2,2.5,1st quarter,6:25.0,Jalen Rose,IND,True,3-pointer,24,16-10,'IND',leads
87,87,87,200105020IND,40.5,5.7,1st quarter,5:47.0,Reggie Miller,IND,True,2-pointer,17,18-10,'IND',leads
88,88,88,200105020IND,37.8,6.9,1st quarter,5:13.0,Jalen Rose,IND,False,2-pointer,14,18-13,'IND',leads
89,89,89,200105020IND,47.3,4.8,1st quarter,4:56.0,Jalen Rose,IND,True,3-pointer,23,21-13,'IND',leads
90,90,90,200105020IND,7.8,10.7,1st quarter,4:12.0,Jermaine O'Neal,IND,True,2-pointer,17,23-16,'IND',leads
91,91,91,200105020IND,7.8,14.3,1st quarter,3:41.0,Jermaine O'Neal,IND,False,2-pointer,19,23-18,'IND',leads
92,92,92,200105020IND,23.0,29.7,1st quarter,2:14.0,Reggie Miller,IND,False,3-pointer,25,25-18,'IND',leads
93,93,93,200105020IND,23.0,6.3,1st quarter,2:11.0,Jermaine O'Neal,IND,True,2-pointer,2,27-18,'IND',leads
94,94,94,200105020IND,47.3,6.3,1st quarter,1:36.0,Austin Croshere,IND,False,3-pointer,23,27-18,'IND',leads
95,95,95,200105020IND,0.2,4.2,1st quarter,1:20.0,Austin Croshere,IND,False,3-pointer,24,27-18,'IND',leads
96,96,96,200105020IND,25.8,6.3,1st quarter,0:44.9,Travis Best,IND,False,2-pointer,2,27-23,'IND',leads
97,97,97,200105020IND,24.3,8.6,1st quarter,0:18.9,Jermaine O'Neal,IND,False,2-pointer,4,27-25,'IND',leads
98,98,98,200105020IND,45.8,19.4,2nd quarter,11:18.0,Jermaine O'Neal,IND,False,3-pointer,26,27-27,'IND',tied
99,99,99,200105020IND,24.3,4.8,2nd quarter,10:46.0,Jermaine O'Neal,IND,True,2-pointer,0,29-29,'IND',tied
100,100,100,200105020IND,0.2,3.1,2nd quarter,10:02.0,Jalen Rose,IND,False,3-pointer,24,29-29,'IND',tied
101,101,101,200105020IND,25.8,5.7,2nd quarter,8:27.0,Jeff Foster,IND,False,2-pointer,2,29-32,'IND',trails
102,102,102,200105020IND,24.3,9.7,2nd quarter,7:30.0,Travis Best,IND,False,2-pointer,5,29-32,'IND',trails
103,103,103,200105020IND,25.1,5.7,2nd quarter,6:57.0,Jermaine O'Neal,IND,True,2-pointer,1,31-32,'IND',trails
104,104,104,200105020IND,18.8,25.7,2nd quarter,6:05.0,Travis Best,IND,True,2-pointer,21,33-34,'IND',trails
105,105,105,200105020IND,23.9,23.4,2nd quarter,5:30.0,Jermaine O'Neal,IND,True,2-pointer,18,35-37,'IND',trails
106,106,106,200105020IND,15.0,19.4,2nd quarter,4:56.0,Travis Best,IND,False,2-pointer,17,35-37,'IND',trails
107,107,107,200105020IND,11.4,20.6,2nd quarter,4:17.0,Reggie Miller,IND,True,2-pointer,20,37-39,'IND',trails
108,108,108,200105020IND,21.5,6.3,2nd quarter,4:03.0,Jeff Foster,IND,False,2-pointer,3,38-40,'IND',trails
109,109,109,200105020IND,41.4,14.9,2nd quarter,3:35.0,Reggie Miller,IND,False,2-pointer,20,38-40,'IND',trails
110,110,110,200105020IND,18.0,15.4,2nd quarter,2:58.0,Jermaine O'Neal,IND,True,2-pointer,12,40-40,'IND',tied
111,111,111,200105020IND,12.1,22.3,2nd quarter,2:21.0,Reggie Miller,IND,True,2-pointer,21,42-40,'IND',leads
112,112,112,200105020IND,24.2,22.1,2nd quarter,1:23.0,Travis Best,IND,False,2-pointer,17,44-42,'IND',leads
113,113,113,200105020IND,38.4,7.6,2nd quarter,0:51.9,Reggie Miller,IND,False,2-pointer,15,46-42,'IND',leads
114,114,114,200105020IND,22.4,5.7,2nd quarter,0:34.9,Jeff Foster,IND,True,2-pointer,2,48-42,'IND',leads
115,115,115,200105020IND,8.5,18.3,2nd quarter,0:00.9,Reggie Miller,IND,False,2-pointer,20,48-42,'IND',leads
116,116,116,200105020IND,14.4,6.9,3rd quarter,11:20.0,Jermaine O'Neal,IND,True,2-pointer,10,50-42,'IND',leads
117,117,117,200105020IND,41.4,5.0,3rd quarter,9:58.0,Travis Best,IND,True,2-pointer,17,52-45,'IND',leads
118,118,118,200105020IND,21.5,9.7,3rd quarter,9:13.0,Jermaine O'Neal,IND,False,2-pointer,5,52-47,'IND',leads
119,119,119,200105020IND,11.4,16.0,3rd quarter,8:53.0,Jermaine O'Neal,IND,False,2-pointer,17,52-49,'IND',leads
120,120,120,200105020IND,35.5,27.4,3rd quarter,8:22.0,Reggie Miller,IND,True,3-pointer,25,55-49,'IND',leads
121,121,121,200105020IND,45.0,16.6,3rd quarter,7:49.0,Reggie Miller,IND,False,3-pointer,24,55-49,'IND',leads
122,122,122,200105020IND,33.1,6.9,3rd quarter,7:27.0,Travis Best,IND,False,2-pointer,9,55-50,'IND',leads
123,123,123,200105020IND,22.4,18.3,3rd quarter,6:53.0,Jalen Rose,IND,False,2-pointer,13,55-52,'IND',leads
124,124,124,200105020IND,6.4,5.0,3rd quarter,6:29.0,Jalen Rose,IND,True,2-pointer,18,57-54,'IND',leads
125,125,125,200105020IND,42.0,5.7,3rd quarter,5:59.0,Jalen Rose,IND,False,2-pointer,18,57-54,'IND',leads
126,126,126,200105020IND,36.3,8.6,3rd quarter,5:26.0,Jalen Rose,IND,False,2-pointer,13,57-56,'IND',leads
127,127,127,200105020IND,36.9,17.0,3rd quarter,4:47.0,Reggie Miller,IND,True,2-pointer,18,59-58,'IND',leads
128,128,128,200105020IND,38.4,8.6,3rd quarter,4:05.0,Jermaine O'Neal,IND,False,2-pointer,15,59-58,'IND',leads
129,129,129,200105020IND,45.8,17.7,3rd quarter,3:33.0,Reggie Miller,IND,True,3-pointer,25,62-58,'IND',leads
130,130,130,200105020IND,40.5,5.0,3rd quarter,3:02.0,Jalen Rose,IND,False,2-pointer,17,62-60,'IND',leads
131,131,131,200105020IND,29.6,13.7,3rd quarter,2:38.0,Jermaine O'Neal,IND,False,2-pointer,10,62-62,'IND',tied
132,132,132,200105020IND,0.2,8.0,3rd quarter,2:04.0,Reggie Miller,IND,True,3-pointer,24,65-62,'IND',leads
133,133,133,200105020IND,28.1,11.3,3rd quarter,1:25.0,Jalen Rose,IND,True,2-pointer,8,67-64,'IND',leads
134,134,134,200105020IND,31.7,22.9,3rd quarter,0:47.0,Reggie Miller,IND,True,2-pointer,19,69-64,'IND',leads
135,135,135,200105020IND,12.9,26.9,3rd quarter,0:30.9,Reggie Miller,IND,False,3-pointer,25,69-64,'IND',leads
136,136,136,200105020IND,23.0,9.7,3rd quarter,0:16.9,Jalen Rose,IND,False,2-pointer,5,69-64,'IND',leads
137,137,137,200105020IND,22.4,6.3,3rd quarter,0:13.9,Jalen Rose,IND,False,2-pointer,2,69-64,'IND',leads
138,138,138,200105020IND,3.4,3.5,4th quarter,11:39.0,Austin Croshere,IND,False,2-pointer,21,69-64,'IND',leads
139,139,139,200105020IND,4.9,21.3,4th quarter,11:34.0,Austin Croshere,IND,True,3-pointer,25,72-64,'IND',leads
140,140,140,200105020IND,25.8,10.7,4th quarter,10:19.0,Austin Croshere,IND,True,2-pointer,6,74-68,'IND',leads
141,141,141,200105020IND,3.4,12.6,4th quarter,9:06.0,Travis Best,IND,False,2-pointer,22,74-68,'IND',leads
142,142,142,200105020IND,21.5,5.7,4th quarter,8:52.0,Austin Croshere,IND,True,2-pointer,3,76-68,'IND',leads
143,143,143,200105020IND,30.2,8.6,4th quarter,7:51.0,Jalen Rose,IND,False,2-pointer,7,76-72,'IND',leads
144,144,144,200105020IND,37.8,14.3,4th quarter,6:48.0,Jalen Rose,IND,True,2-pointer,17,79-76,'IND',leads
145,145,145,200105020IND,39.0,18.3,4th quarter,6:08.0,Reggie Miller,IND,False,2-pointer,20,79-76,'IND',leads
146,146,146,200105020IND,23.9,6.9,4th quarter,5:15.0,Austin Croshere,IND,False,2-pointer,2,80-78,'IND',leads
147,147,147,200105020IND,1.1,13.2,4th quarter,4:45.0,Reggie Miller,IND,False,3-pointer,24,80-80,'IND',tied
148,148,148,200105020IND,30.2,5.0,4th quarter,4:12.0,Jermaine O'Neal,IND,False,2-pointer,6,80-82,'IND',trails
149,149,149,200105020IND,15.8,18.7,4th quarter,2:59.0,Reggie Miller,IND,True,2-pointer,16,82-82,'IND',tied
150,150,150,200105020IND,34.0,6.3,4th quarter,2:21.0,Reggie Miller,IND,False,2-pointer,10,82-82,'IND',tied
151,151,151,200105020IND,11.4,28.0,4th quarter,2:16.0,Travis Best,IND,True,3-pointer,26,85-82,'IND',leads
152,152,152,200105020IND,22.4,31.4,4th quarter,1:33.0,Travis Best,IND,False,3-pointer,26,85-84,'IND',leads
153,153,153,200105020IND,23.0,7.6,4th quarter,1:28.0,Derrick McKey,IND,False,2-pointer,3,85-84,'IND',leads
154,154,154,200105020IND,20.9,13.7,4th quarter,0:55.9,Jalen Rose,IND,False,2-pointer,9,85-86,'IND',trails
155,155,155,200105020IND,3.4,21.7,4th quarter,0:08.9,Reggie Miller,IND,False,3-pointer,27,85-86,'IND',trails
156,156,156,200105020IND,36.3,29.7,4th quarter,0:00.9,Jalen Rose,IND,False,3-pointer,28,85-88,'IND',trails
157,157,157,200105020PHO,41.4,5.4,1st quarter,11:40.0,Peja Stojaković,SAC,True,2-pointer,17,2-0,'SAC',leads
158,158,158,200105020PHO,40.7,26.5,1st quarter,9:19.0,Jason Williams,SAC,True,3-pointer,27,8-5,'SAC',leads
159,159,159,200105020PHO,24.0,5.0,1st quarter,9:02.0,Vlade Divac,SAC,True,2-pointer,0,10-7,'SAC',leads
160,160,160,200105020PHO,36.3,18.7,1st quarter,8:34.0,Chris Webber,SAC,False,2-pointer,18,10-7,'SAC',leads
161,161,161,200105020PHO,47.1,14.9,1st quarter,8:13.0,Jason Williams,SAC,False,3-pointer,25,10-9,'SAC',leads
162,162,162,200105020PHO,24.0,5.0,1st quarter,8:00.0,Peja Stojaković,SAC,False,2-pointer,0,10-11,'SAC',trails
163,163,163,200105020PHO,1.1,5.0,1st quarter,7:27.0,Peja Stojaković,SAC,True,3-pointer,23,13-13,'SAC',tied
164,164,164,200105020PHO,37.8,12.8,1st quarter,7:02.0,Chris Webber,SAC,False,2-pointer,16,13-15,'SAC',trails
165,165,165,200105020PHO,39.3,7.1,1st quarter,6:41.0,Jason Williams,SAC,False,2-pointer,15,13-17,'SAC',trails
166,166,166,200105020PHO,24.0,5.0,1st quarter,6:27.0,Jason Williams,SAC,False,2-pointer,0,13-17,'SAC',trails
167,167,167,200105020PHO,24.0,5.0,1st quarter,5:16.0,Chris Webber,SAC,False,2-pointer,0,13-20,'SAC',trails
168,168,168,200105020PHO,24.0,5.0,1st quarter,4:54.0,Chris Webber,SAC,False,2-pointer,0,13-20,'SAC',trails
169,169,169,200105020PHO,22.2,29.3,1st quarter,3:49.0,Vlade Divac,SAC,False,3-pointer,24,14-22,'SAC',trails
170,170,170,200105020PHO,36.3,17.2,1st quarter,3:21.0,Chris Webber,SAC,False,2-pointer,17,14-22,'SAC',trails
171,171,171,200105020PHO,24.0,5.0,1st quarter,2:45.0,Chris Webber,SAC,False,2-pointer,0,14-24,'SAC',trails
172,172,172,200105020PHO,24.0,5.0,1st quarter,2:43.0,Peja Stojaković,SAC,False,2-pointer,0,14-24,'SAC',trails
173,173,173,200105020PHO,15.6,15.6,1st quarter,1:42.0,Chris Webber,SAC,False,2-pointer,14,14-27,'SAC',trails
174,174,174,200105020PHO,14.8,17.7,1st quarter,1:12.0,Chris Webber,SAC,False,2-pointer,16,14-27,'SAC',trails
175,175,175,200105020PHO,0.5,10.5,1st quarter,0:39.2,Bobby Jackson,SAC,False,3-pointer,24,14-29,'SAC',trails
176,176,176,200105020PHO,17.7,17.7,2nd quarter,11:23.0,Jon Barry,SAC,False,2-pointer,14,14-30,'SAC',trails
177,177,177,200105020PHO,24.0,5.0,2nd quarter,11:20.0,Vlade Divac,SAC,False,2-pointer,0,14-30,'SAC',trails
178,178,178,200105020PHO,24.0,5.0,2nd quarter,11:18.0,Scot Pollard,SAC,False,2-pointer,0,14-30,'SAC',trails
179,179,179,200105020PHO,16.3,21.0,2nd quarter,10:34.0,Jon Barry,SAC,False,2-pointer,18,14-30,'SAC',trails
180,180,180,200105020PHO,40.7,6.1,2nd quarter,10:18.0,Hedo Türkoğlu,SAC,False,2-pointer,17,14-30,'SAC',trails
181,181,181,200105020PHO,24.7,21.0,2nd quarter,9:44.0,Vlade Divac,SAC,False,2-pointer,16,15-30,'SAC',trails
182,182,182,200105020PHO,24.0,5.0,2nd quarter,9:37.0,Vlade Divac,SAC,False,2-pointer,0,15-30,'SAC',trails
183,183,183,200105020PHO,22.2,29.9,2nd quarter,8:58.0,Jon Barry,SAC,False,3-pointer,25,15-32,'SAC',trails
184,184,184,200105020PHO,48.5,4.6,2nd quarter,8:20.0,Bobby Jackson,SAC,False,3-pointer,25,15-34,'SAC',trails
185,185,185,200105020PHO,38.4,8.4,2nd quarter,7:43.0,Chris Webber,SAC,False,2-pointer,15,15-34,'SAC',trails
186,186,186,200105020PHO,14.8,10.5,2nd quarter,7:17.0,Peja Stojaković,SAC,True,2-pointer,11,17-34,'SAC',trails
187,187,187,200105020PHO,0.5,4.6,2nd quarter,6:08.0,Bobby Jackson,SAC,True,3-pointer,24,21-37,'SAC',trails
188,188,188,200105020PHO,7.0,5.4,2nd quarter,5:09.0,Peja Stojaković,SAC,False,2-pointer,17,21-39,'SAC',trails
189,189,189,200105020PHO,13.5,27.8,2nd quarter,5:03.0,Peja Stojaković,SAC,True,3-pointer,25,24-39,'SAC',trails
190,190,190,200105020PHO,25.6,9.9,2nd quarter,4:30.0,Chris Webber,SAC,False,2-pointer,5,24-41,'SAC',trails
191,191,191,200105020PHO,24.0,5.0,2nd quarter,4:27.0,Chris Webber,SAC,False,2-pointer,0,24-41,'SAC',trails
192,192,192,200105020PHO,24.0,5.0,2nd quarter,4:21.0,Chris Webber,SAC,True,2-pointer,0,26-41,'SAC',trails
193,193,193,200105020PHO,12.1,20.0,2nd quarter,2:44.0,Chris Webber,SAC,True,2-pointer,19,32-43,'SAC',trails
194,194,194,200105020PHO,37.8,5.4,2nd quarter,1:54.0,Chris Webber,SAC,False,2-pointer,14,32-45,'SAC',trails
195,195,195,200105020PHO,24.0,5.0,2nd quarter,1:29.0,Peja Stojaković,SAC,True,2-pointer,0,34-45,'SAC',trails
196,196,196,200105020PHO,24.0,5.0,2nd quarter,0:53.4,Jason Williams,SAC,True,2-pointer,0,36-45,'SAC',trails
197,197,197,200105020PHO,14.2,27.8,2nd quarter,0:23.0,Peja Stojaković,SAC,False,3-pointer,25,36-45,'SAC',trails
198,198,198,200105020PHO,27.0,31.6,2nd quarter,0:00.1,Jason Williams,SAC,False,3-pointer,27,36-47,'SAC',trails
199,199,199,200105020PHO,34.0,5.4,3rd quarter,11:13.0,Vlade Divac,SAC,False,2-pointer,10,36-47,'SAC',trails
200,200,200,200105020PHO,17.7,7.1,3rd quarter,10:45.0,Doug Christie,SAC,False,2-pointer,7,36-47,'SAC',trails
201,201,201,200105020PHO,24.0,5.0,3rd quarter,10:29.0,Doug Christie,SAC,False,2-pointer,0,36-47,'SAC',trails
202,202,202,200105020PHO,24.0,5.0,3rd quarter,10:27.0,Peja Stojaković,SAC,True,2-pointer,0,38-47,'SAC',trails
203,203,203,200105020PHO,24.0,5.0,3rd quarter,9:52.0,Jason Williams,SAC,True,2-pointer,0,40-47,'SAC',trails
204,204,204,200105020PHO,10.6,27.2,3rd quarter,9:24.0,Peja Stojaković,SAC,False,3-pointer,26,40-47,'SAC',trails
205,205,205,200105020PHO,41.4,5.0,3rd quarter,9:17.0,Chris Webber,SAC,False,2-pointer,17,40-47,'SAC',trails
206,206,206,200105020PHO,24.0,5.0,3rd quarter,9:15.0,Vlade Divac,SAC,True,2-pointer,0,42-47,'SAC',trails
207,207,207,200105020PHO,10.6,29.3,3rd quarter,8:50.0,Jason Williams,SAC,False,3-pointer,28,42-47,'SAC',trails
208,208,208,200105020PHO,24.0,5.0,3rd quarter,8:48.0,Peja Stojaković,SAC,False,2-pointer,0,42-47,'SAC',trails
209,209,209,200105020PHO,24.0,5.0,3rd quarter,8:46.0,Vlade Divac,SAC,False,2-pointer,0,42-47,'SAC',trails
210,210,210,200105020PHO,20.7,11.1,3rd quarter,8:09.0,Chris Webber,SAC,False,2-pointer,7,44-49,'SAC',trails
211,211,211,200105020PHO,12.7,17.2,3rd quarter,7:46.0,Chris Webber,SAC,False,2-pointer,17,44-51,'SAC',trails
212,212,212,200105020PHO,24.0,5.0,3rd quarter,7:16.0,Peja Stojaković,SAC,True,2-pointer,0,46-53,'SAC',trails
213,213,213,200105020PHO,24.0,5.0,3rd quarter,6:37.0,Vlade Divac,SAC,True,2-pointer,0,48-55,'SAC',trails
214,214,214,200105020PHO,18.4,7.8,3rd quarter,6:00.0,Vlade Divac,SAC,False,2-pointer,6,48-57,'SAC',trails
215,215,215,200105020PHO,24.0,5.0,3rd quarter,5:02.0,Vlade Divac,SAC,True,2-pointer,0,50-59,'SAC',trails
216,216,216,200105020PHO,29.8,6.1,3rd quarter,4:14.0,Chris Webber,SAC,True,2-pointer,6,52-59,'SAC',trails
217,217,217,200105020PHO,29.1,7.8,3rd quarter,3:23.0,Vlade Divac,SAC,False,2-pointer,6,54-61,'SAC',trails
218,218,218,200105020PHO,24.0,5.0,3rd quarter,2:44.0,Vlade Divac,SAC,False,2-pointer,0,54-61,'SAC',trails
219,219,219,200105020PHO,0.5,8.4,3rd quarter,2:07.0,Doug Christie,SAC,False,3-pointer,24,54-63,'SAC',trails
220,220,220,200105020PHO,22.2,22.7,3rd quarter,1:59.0,Peja Stojaković,SAC,True,2-pointer,18,56-63,'SAC',trails
221,221,221,200105020PHO,21.3,11.6,3rd quarter,0:45.5,Chris Webber,SAC,False,2-pointer,7,56-63,'SAC',trails
222,222,222,200105020PHO,33.4,27.2,4th quarter,11:39.0,Peja Stojaković,SAC,False,3-pointer,24,59-63,'SAC',trails
223,223,223,200105020PHO,10.6,15.6,4th quarter,10:47.0,Chris Webber,SAC,True,2-pointer,17,61-63,'SAC',trails
224,224,224,200105020PHO,24.0,5.0,4th quarter,10:13.0,Bobby Jackson,SAC,False,2-pointer,0,61-63,'SAC',trails
225,225,225,200105020PHO,24.0,5.0,4th quarter,10:10.0,Scot Pollard,SAC,False,2-pointer,0,61-63,'SAC',trails
226,226,226,200105020PHO,18.4,6.5,4th quarter,9:29.0,Chris Webber,SAC,False,2-pointer,6,61-65,'SAC',trails
227,227,227,200105020PHO,24.0,5.0,4th quarter,9:05.0,Chris Webber,SAC,True,2-pointer,0,63-67,'SAC',trails
228,228,228,200105020PHO,10.6,10.5,4th quarter,8:32.0,Chris Webber,SAC,True,2-pointer,14,65-68,'SAC',trails
229,229,229,200105020PHO,33.4,28.2,4th quarter,7:59.0,Peja Stojaković,SAC,True,3-pointer,25,68-68,'SAC',tied
230,230,230,200105020PHO,30.4,22.1,4th quarter,6:46.0,Chris Webber,SAC,False,2-pointer,18,68-68,'SAC',tied
231,231,231,200105020PHO,24.0,5.0,4th quarter,5:54.0,Bobby Jackson,SAC,True,2-pointer,0,72-68,'SAC',leads
232,232,232,200105020PHO,34.8,6.1,4th quarter,5:13.0,Peja Stojaković,SAC,True,2-pointer,11,74-68,'SAC',leads
233,233,233,200105020PHO,24.0,5.0,4th quarter,4:33.0,Chris Webber,SAC,False,2-pointer,0,74-70,'SAC',leads
234,234,234,200105020PHO,24.0,5.0,4th quarter,3:14.0,Bobby Jackson,SAC,True,2-pointer,0,78-73,'SAC',leads
235,235,235,200105020PHO,16.3,9.9,4th quarter,2:08.0,Chris Webber,SAC,False,2-pointer,9,78-74,'SAC',leads
236,236,236,200105020PHO,9.9,6.5,4th quarter,1:38.0,Chris Webber,SAC,True,2-pointer,14,80-76,'SAC',leads
237,237,237,200105020PHO,28.3,12.2,4th quarter,1:13.0,Scot Pollard,SAC,True,2-pointer,8,82-78,'SAC',leads
238,238,238,200105020PHO,24.0,5.0,4th quarter,1:02.0,Doug Christie,SAC,True,2-pointer,0,84-78,'SAC',leads
239,239,239,200105020PHO,36.9,15.6,4th quarter,0:34.6,Peja Stojaković,SAC,False,2-pointer,17,85-80,'SAC',leads
240,240,240,200105020PHO,24.0,5.0,1st quarter,11:23.0,Clifford Robinson,PHO,True,2-pointer,0,2-2,'SAC',tied
241,241,241,200105020PHO,36.9,12.8,1st quarter,10:27.0,Shawn Marion,PHO,False,2-pointer,15,2-5,'SAC',trails
242,242,242,200105020PHO,30.4,17.2,1st quarter,9:59.0,Clifford Robinson,PHO,True,2-pointer,14,4-5,'SAC',trails
243,243,243,200105020PHO,27.0,7.8,1st quarter,9:38.0,Mario Elie,PHO,False,2-pointer,4,5-5,'SAC',tied
244,244,244,200105020PHO,26.2,11.1,1st quarter,9:29.0,Shawn Marion,PHO,False,2-pointer,6,5-5,'SAC',tied
245,245,245,200105020PHO,10.6,16.6,1st quarter,9:08.0,Clifford Robinson,PHO,True,2-pointer,18,7-8,'SAC',trails
246,246,246,200105020PHO,12.7,20.4,1st quarter,8:47.0,Jason Kidd,PHO,False,2-pointer,19,7-10,'SAC',trails
247,247,247,200105020PHO,39.9,10.5,1st quarter,8:25.0,Clifford Robinson,PHO,True,2-pointer,17,9-10,'SAC',trails
248,248,248,200105020PHO,24.0,5.0,1st quarter,8:07.0,Mario Elie,PHO,True,2-pointer,0,11-10,'SAC',leads
249,249,249,200105020PHO,36.9,14.3,1st quarter,7:54.0,Jason Kidd,PHO,False,2-pointer,16,11-10,'SAC',leads
250,250,250,200105020PHO,24.0,5.0,1st quarter,7:50.0,Jason Kidd,PHO,False,2-pointer,0,11-10,'SAC',leads
251,251,251,200105020PHO,24.0,5.0,1st quarter,7:49.0,Mario Elie,PHO,True,2-pointer,0,13-10,'SAC',leads
252,252,252,200105020PHO,23.6,9.9,1st quarter,7:10.0,Shawn Marion,PHO,True,2-pointer,5,15-13,'SAC',leads
253,253,253,200105020PHO,22.2,9.9,1st quarter,6:50.0,Clifford Robinson,PHO,True,2-pointer,5,17-13,'SAC',leads
254,254,254,200105020PHO,7.8,4.2,1st quarter,6:02.0,Shawn Marion,PHO,False,2-pointer,16,17-13,'SAC',leads
255,255,255,200105020PHO,11.2,25.5,1st quarter,5:37.0,Jason Kidd,PHO,True,3-pointer,24,20-13,'SAC',leads
256,256,256,200105020PHO,22.2,17.7,1st quarter,5:07.0,Clifford Robinson,PHO,False,2-pointer,13,20-13,'SAC',leads
257,257,257,200105020PHO,27.7,21.0,1st quarter,4:35.0,Jason Kidd,PHO,True,2-pointer,16,22-14,'SAC',leads
258,258,258,200105020PHO,9.9,17.2,1st quarter,4:09.0,Tony Delk,PHO,False,2-pointer,19,22-14,'SAC',leads
259,259,259,200105020PHO,14.2,18.3,1st quarter,3:08.0,Tony Delk,PHO,True,2-pointer,17,24-14,'SAC',leads
260,260,260,200105020PHO,7.0,2.9,1st quarter,2:24.0,Shawn Marion,PHO,False,2-pointer,17,24-14,'SAC',leads
261,261,261,200105020PHO,24.0,5.0,1st quarter,2:22.0,Rodney Rogers,PHO,False,2-pointer,0,24-14,'SAC',leads
262,262,262,200105020PHO,39.3,8.4,1st quarter,2:00.0,Tony Delk,PHO,True,2-pointer,16,26-14,'SAC',leads
263,263,263,200105020PHO,5.5,14.3,1st quarter,1:25.0,Rodney Rogers,PHO,False,2-pointer,21,27-14,'SAC',leads
264,264,264,200105020PHO,24.0,5.0,1st quarter,1:22.0,Jake Tsakalidis,PHO,False,2-pointer,0,27-14,'SAC',leads
265,265,265,200105020PHO,31.9,22.1,1st quarter,0:14.2,Jason Kidd,PHO,False,2-pointer,19,29-14,'SAC',leads
266,266,266,200105020PHO,11.2,6.1,1st quarter,0:00.0,Tony Delk,PHO,False,2-pointer,13,29-14,'SAC',leads
267,267,267,200105020PHO,3.4,8.8,2nd quarter,11:11.0,Tony Delk,PHO,False,2-pointer,21,30-14,'SAC',leads
268,268,268,200105020PHO,25.6,9.9,2nd quarter,10:40.0,Rodney Rogers,PHO,False,2-pointer,5,30-14,'SAC',leads
269,269,269,200105020PHO,9.1,24.4,2nd quarter,9:59.0,Clifford Robinson,PHO,False,3-pointer,24,30-15,'SAC',leads
270,270,270,200105020PHO,32.5,12.8,2nd quarter,9:22.0,Clifford Robinson,PHO,True,2-pointer,12,32-15,'SAC',leads
271,271,271,200105020PHO,39.9,8.8,2nd quarter,8:39.0,Tony Delk,PHO,True,2-pointer,16,34-15,'SAC',leads
272,272,272,200105020PHO,18.4,8.4,2nd quarter,8:06.0,Shawn Marion,PHO,False,2-pointer,7,34-15,'SAC',leads
273,273,273,200105020PHO,21.3,10.5,2nd quarter,8:02.0,Shawn Marion,PHO,False,2-pointer,6,34-15,'SAC',leads
274,274,274,200105020PHO,6.4,4.2,2nd quarter,7:58.0,Tony Delk,PHO,False,2-pointer,18,34-15,'SAC',leads
275,275,275,200105020PHO,24.0,5.0,2nd quarter,7:38.0,Jason Kidd,PHO,False,2-pointer,0,34-15,'SAC',leads
276,276,276,200105020PHO,11.2,15.6,2nd quarter,7:04.0,Clifford Robinson,PHO,False,2-pointer,17,34-17,'SAC',leads
277,277,277,200105020PHO,24.0,5.0,2nd quarter,6:40.0,Shawn Marion,PHO,False,2-pointer,0,34-18,'SAC',leads
278,278,278,200105020PHO,0.5,4.6,2nd quarter,6:22.0,Tony Delk,PHO,True,3-pointer,24,37-18,'SAC',leads
279,279,279,200105020PHO,24.0,5.0,2nd quarter,5:48.0,Clifford Robinson,PHO,False,2-pointer,0,37-21,'SAC',leads
280,280,280,200105020PHO,15.6,6.5,2nd quarter,5:29.0,Shawn Marion,PHO,True,2-pointer,9,39-21,'SAC',leads
281,281,281,200105020PHO,26.2,12.2,2nd quarter,3:59.0,Clifford Robinson,PHO,True,2-pointer,8,43-26,'SAC',leads
282,282,282,200105020PHO,24.0,5.0,2nd quarter,3:16.0,Mario Elie,PHO,False,2-pointer,0,43-28,'SAC',leads
283,283,283,200105020PHO,47.7,4.6,2nd quarter,2:23.0,Rodney Rogers,PHO,False,3-pointer,24,43-32,'SAC',leads
284,284,284,200105020PHO,24.0,5.0,2nd quarter,2:21.0,Jake Tsakalidis,PHO,True,2-pointer,0,45-32,'SAC',leads
285,285,285,200105020PHO,47.7,5.0,2nd quarter,1:35.0,Mario Elie,PHO,False,3-pointer,24,45-32,'SAC',leads
286,286,286,200105020PHO,27.0,11.6,2nd quarter,0:31.4,Jason Kidd,PHO,False,2-pointer,7,45-36,'SAC',leads
287,287,287,200105020PHO,22.2,14.3,3rd quarter,11:37.0,Clifford Robinson,PHO,False,2-pointer,9,47-36,'SAC',leads
288,288,288,200105020PHO,27.7,10.5,3rd quarter,11:34.0,Jake Tsakalidis,PHO,False,2-pointer,7,47-36,'SAC',leads
289,289,289,200105020PHO,13.5,5.4,3rd quarter,10:55.0,Shawn Marion,PHO,False,2-pointer,11,47-36,'SAC',leads
290,290,290,200105020PHO,42.8,22.1,3rd quarter,10:35.0,Clifford Robinson,PHO,False,3-pointer,25,47-36,'SAC',leads
291,291,291,200105020PHO,36.3,17.2,3rd quarter,10:15.0,Jason Kidd,PHO,False,2-pointer,17,47-38,'SAC',leads
292,292,292,200105020PHO,38.4,10.5,3rd quarter,9:57.0,Jason Kidd,PHO,False,2-pointer,15,47-38,'SAC',leads
293,293,293,200105020PHO,16.9,9.9,3rd quarter,9:00.0,Shawn Marion,PHO,False,2-pointer,9,47-42,'SAC',leads
294,294,294,200105020PHO,24.0,5.0,3rd quarter,8:56.0,Clifford Robinson,PHO,False,2-pointer,0,47-42,'SAC',leads
295,295,295,200105020PHO,24.0,5.0,3rd quarter,8:30.0,Mario Elie,PHO,True,2-pointer,0,49-44,'SAC',leads
296,296,296,200105020PHO,40.7,15.6,3rd quarter,8:01.0,Jason Kidd,PHO,True,2-pointer,20,51-44,'SAC',leads
297,297,297,200105020PHO,13.5,16.6,3rd quarter,7:35.0,Clifford Robinson,PHO,True,2-pointer,16,53-44,'SAC',leads
298,298,298,200105020PHO,24.7,17.7,3rd quarter,6:58.0,Jake Tsakalidis,PHO,True,2-pointer,13,55-46,'SAC',leads
299,299,299,200105020PHO,29.8,9.9,3rd quarter,6:16.0,Jake Tsakalidis,PHO,True,2-pointer,8,57-48,'SAC',leads
300,300,300,200105020PHO,26.2,12.2,3rd quarter,5:36.0,Shawn Marion,PHO,False,2-pointer,8,57-48,'SAC',leads
301,301,301,200105020PHO,14.8,10.5,3rd quarter,5:14.0,Jason Kidd,PHO,True,2-pointer,11,59-48,'SAC',leads
302,302,302,200105020PHO,47.7,3.5,3rd quarter,4:39.0,Clifford Robinson,PHO,False,3-pointer,24,59-50,'SAC',leads
303,303,303,200105020PHO,31.3,13.9,3rd quarter,3:39.0,Shawn Marion,PHO,True,2-pointer,12,61-54,'SAC',leads
304,304,304,200105020PHO,38.4,7.8,3rd quarter,2:56.0,Jason Kidd,PHO,False,2-pointer,15,61-54,'SAC',leads
305,305,305,200105020PHO,41.4,11.1,3rd quarter,2:35.0,Tony Delk,PHO,True,2-pointer,18,63-54,'SAC',leads
306,306,306,200105020PHO,24.0,5.0,3rd quarter,1:02.0,Rodney Rogers,PHO,False,2-pointer,0,63-56,'SAC',leads
307,307,307,200105020PHO,28.3,28.8,3rd quarter,0:21.5,Jason Kidd,PHO,False,3-pointer,24,63-58,'SAC',leads
308,308,308,200105020PHO,7.0,5.0,4th quarter,11:21.0,Shawn Marion,PHO,False,2-pointer,17,63-59,'SAC',leads
309,309,309,200105020PHO,25.6,29.3,4th quarter,11:02.0,Tony Delk,PHO,False,3-pointer,24,63-59,'SAC',leads
310,310,310,200105020PHO,24.0,5.0,4th quarter,10:23.0,Tony Delk,PHO,False,2-pointer,0,63-61,'SAC',leads
311,311,311,200105020PHO,19.8,20.0,4th quarter,9:49.0,Jason Kidd,PHO,True,2-pointer,16,65-61,'SAC',leads
312,312,312,200105020PHO,23.6,11.1,4th quarter,8:15.0,Rodney Rogers,PHO,False,2-pointer,6,68-65,'SAC',leads
313,313,313,200105020PHO,34.0,5.4,4th quarter,7:39.0,Shawn Marion,PHO,False,2-pointer,10,68-68,'SAC',tied
314,314,314,200105020PHO,34.0,7.8,4th quarter,7:07.0,Mario Elie,PHO,False,2-pointer,10,68-68,'SAC',tied
315,315,315,200105020PHO,24.7,11.1,4th quarter,6:00.0,Tony Delk,PHO,False,2-pointer,6,68-70,'SAC',trails
316,316,316,200105020PHO,36.9,26.5,4th quarter,5:41.0,Jason Kidd,PHO,False,3-pointer,25,68-72,'SAC',trails
317,317,317,200105020PHO,24.0,5.0,4th quarter,5:27.0,Jake Tsakalidis,PHO,False,2-pointer,0,68-72,'SAC',trails
318,318,318,200105020PHO,34.0,7.8,4th quarter,4:58.0,Shawn Marion,PHO,True,2-pointer,10,70-74,'SAC',trails
319,319,319,200105020PHO,24.7,28.8,4th quarter,4:25.0,Clifford Robinson,PHO,True,3-pointer,24,73-74,'SAC',trails
320,320,320,200105020PHO,47.7,5.0,4th quarter,2:58.0,Rodney Rogers,PHO,False,3-pointer,24,73-78,'SAC',trails
321,321,321,200105020PHO,24.0,5.0,4th quarter,1:54.0,Rodney Rogers,PHO,True,2-pointer,0,76-78,'SAC',trails
322,322,322,200105020PHO,34.0,9.9,4th quarter,0:54.7,Tony Delk,PHO,False,2-pointer,11,78-84,'SAC',trails
323,323,323,200105020PHO,24.0,5.0,4th quarter,0:54.1,Shawn Marion,PHO,True,2-pointer,0,80-84,'SAC',trails
324,324,324,200105020PHO,45.0,18.7,4th quarter,0:20.1,Clifford Robinson,PHO,False,3-pointer,25,80-87,'SAC',trails
325,325,325,200105020PHO,24.0,5.0,4th quarter,0:17.9,Shawn Marion,PHO,False,2-pointer,0,80-87,'SAC',trails
326,326,326,200105020PHO,24.0,5.0,4th quarter,0:17.0,Shawn Marion,PHO,True,2-pointer,0,82-87,'SAC',trails
327,327,327,200105020PHO,15.6,5.0,4th quarter,0:00.0,Tony Delk,PHO,False,2-pointer,8,82-89,'SAC',trails
328,328,328,200105020TOR,6.8,5.7,1st quarter,10:53.0,Mark Jackson,NYK,True,2-pointer,17,2-2,'NYK',tied
329,329,329,200105020TOR,33.8,21.0,1st quarter,10:01.0,Latrell Sprewell,NYK,True,2-pointer,19,4-4,'NYK',tied
330,330,330,200105020TOR,8.9,9.5,1st quarter,8:30.0,Kurt Thomas,NYK,False,2-pointer,16,5-6,'NYK',trails
331,331,331,200105020TOR,39.7,9.5,1st quarter,8:12.0,Marcus Camby,NYK,False,2-pointer,16,5-6,'NYK',trails
332,332,332,200105020TOR,33.8,17.7,1st quarter,7:49.0,Latrell Sprewell,NYK,True,2-pointer,16,7-6,'NYK',leads
333,333,333,200105020TOR,16.1,18.3,1st quarter,5:56.0,Latrell Sprewell,NYK,True,2-pointer,15,10-12,'NYK',trails
334,334,334,200105020TOR,33.1,15.6,1st quarter,5:27.0,Latrell Sprewell,NYK,False,2-pointer,14,10-12,'NYK',trails
335,335,335,200105020TOR,24.5,29.9,1st quarter,4:59.0,Latrell Sprewell,NYK,False,3-pointer,25,10-14,'NYK',trails
336,336,336,200105020TOR,8.3,20.6,1st quarter,4:36.0,Allan Houston,NYK,True,2-pointer,22,12-14,'NYK',trails
337,337,337,200105020TOR,7.6,18.3,1st quarter,3:21.0,Glen Rice,NYK,False,2-pointer,21,12-17,'NYK',trails
338,338,338,200105020TOR,24.0,5.0,1st quarter,2:50.0,Glen Rice,NYK,True,2-pointer,0,14-19,'NYK',trails
339,339,339,200105020TOR,3.8,6.3,1st quarter,1:56.0,Allan Houston,NYK,True,2-pointer,20,16-19,'NYK',trails
340,340,340,200105020TOR,14.6,22.7,1st quarter,1:15.0,Latrell Sprewell,NYK,True,2-pointer,20,18-22,'NYK',trails
341,341,341,200105020TOR,9.7,5.2,1st quarter,0:45.9,Allan Houston,NYK,True,2-pointer,14,20-22,'NYK',trails
342,342,342,200105020TOR,38.2,5.7,2nd quarter,11:41.0,Kurt Thomas,NYK,True,2-pointer,14,24-26,'NYK',trails
343,343,343,200105020TOR,33.1,10.1,2nd quarter,10:28.0,Glen Rice,NYK,False,2-pointer,10,24-26,'NYK',trails
344,344,344,200105020TOR,8.9,24.4,2nd quarter,10:03.0,Charlie Ward,NYK,False,3-pointer,25,24-26,'NYK',trails
345,345,345,200105020TOR,29.6,12.4,2nd quarter,9:23.0,Charlie Ward,NYK,True,2-pointer,9,26-27,'NYK',trails
346,346,346,200105020TOR,45.7,15.9,2nd quarter,8:48.0,Charlie Ward,NYK,False,3-pointer,24,26-28,'NYK',trails
347,347,347,200105020TOR,24.0,5.0,2nd quarter,8:43.0,Othella Harrington,NYK,False,2-pointer,0,26-28,'NYK',trails
348,348,348,200105020TOR,42.6,21.7,2nd quarter,8:02.0,Charlie Ward,NYK,False,3-pointer,25,26-30,'NYK',trails
349,349,349,200105020TOR,46.8,6.7,2nd quarter,7:33.0,Glen Rice,NYK,False,3-pointer,23,26-30,'NYK',trails
350,350,350,200105020TOR,41.2,22.7,2nd quarter,7:02.0,Glen Rice,NYK,True,3-pointer,25,29-30,'NYK',trails
351,351,351,200105020TOR,24.0,5.0,2nd quarter,5:21.0,Latrell Sprewell,NYK,True,2-pointer,0,31-34,'NYK',trails
352,352,352,200105020TOR,13.3,24.4,2nd quarter,4:35.0,Latrell Sprewell,NYK,False,2-pointer,22,31-34,'NYK',trails
353,353,353,200105020TOR,7.6,5.7,2nd quarter,4:08.0,Glen Rice,NYK,True,2-pointer,16,33-34,'NYK',trails
354,354,354,200105020TOR,16.1,13.5,2nd quarter,2:43.0,Allan Houston,NYK,True,2-pointer,12,35-40,'NYK',trails
355,355,355,200105020TOR,24.0,5.0,2nd quarter,2:02.0,Glen Rice,NYK,True,2-pointer,0,37-42,'NYK',trails
356,356,356,200105020TOR,37.6,7.8,2nd quarter,1:21.0,Glen Rice,NYK,True,2-pointer,14,39-42,'NYK',trails
357,357,357,200105020TOR,24.0,5.0,2nd quarter,0:41.9,Allan Houston,NYK,True,2-pointer,0,41-42,'NYK',trails
358,358,358,200105020TOR,24.0,5.0,3rd quarter,11:40.0,Marcus Camby,NYK,True,2-pointer,0,43-44,'NYK',trails
359,359,359,200105020TOR,23.4,10.1,3rd quarter,10:44.0,Mark Jackson,NYK,True,2-pointer,5,45-47,'NYK',trails
360,360,360,200105020TOR,35.3,9.5,3rd quarter,10:08.0,Latrell Sprewell,NYK,True,2-pointer,12,47-49,'NYK',trails
361,361,361,200105020TOR,3.8,20.6,3rd quarter,9:30.0,Mark Jackson,NYK,False,3-pointer,26,47-51,'NYK',trails
362,362,362,200105020TOR,12.5,9.5,3rd quarter,8:55.0,Mark Jackson,NYK,False,2-pointer,12,47-54,'NYK',trails
363,363,363,200105020TOR,24.0,5.0,3rd quarter,8:24.0,Allan Houston,NYK,True,2-pointer,0,49-56,'NYK',trails
364,364,364,200105020TOR,24.0,5.0,3rd quarter,8:02.0,Kurt Thomas,NYK,True,2-pointer,0,51-56,'NYK',trails
365,365,365,200105020TOR,31.0,18.9,3rd quarter,7:20.0,Allan Houston,NYK,False,2-pointer,16,51-58,'NYK',trails
366,366,366,200105020TOR,25.4,18.9,3rd quarter,6:58.0,Allan Houston,NYK,True,2-pointer,14,55-58,'NYK',trails
367,367,367,200105020TOR,36.7,7.8,3rd quarter,6:18.0,Glen Rice,NYK,True,2-pointer,13,57-58,'NYK',trails
368,368,368,200105020TOR,13.3,11.8,3rd quarter,5:34.0,Latrell Sprewell,NYK,False,2-pointer,13,57-60,'NYK',trails
369,369,369,200105020TOR,12.5,6.7,3rd quarter,4:10.0,Glen Rice,NYK,False,2-pointer,12,57-62,'NYK',trails
370,370,370,200105020TOR,0.9,4.8,3rd quarter,3:52.0,Glen Rice,NYK,True,3-pointer,23,60-62,'NYK',trails
371,371,371,200105020TOR,18.2,29.9,3rd quarter,2:54.0,Latrell Sprewell,NYK,False,3-pointer,26,62-62,'NYK',tied
372,372,372,200105020TOR,36.7,12.8,3rd quarter,2:29.0,Allan Houston,NYK,False,2-pointer,15,62-62,'NYK',tied
373,373,373,200105020TOR,23.4,11.8,3rd quarter,1:53.0,Latrell Sprewell,NYK,False,2-pointer,7,62-63,'NYK',trails
374,374,374,200105020TOR,37.6,22.1,3rd quarter,1:19.0,Glen Rice,NYK,False,2-pointer,22,62-63,'NYK',trails
375,375,375,200105020TOR,5.3,5.2,3rd quarter,0:25.9,Latrell Sprewell,NYK,False,2-pointer,19,64-68,'NYK',trails
376,376,376,200105020TOR,29.6,11.1,3rd quarter,0:03.9,Allan Houston,NYK,False,2-pointer,8,64-70,'NYK',trails
377,377,377,200105020TOR,24.0,5.0,4th quarter,11:27.0,Latrell Sprewell,NYK,False,2-pointer,0,64-70,'NYK',trails
378,378,378,200105020TOR,24.0,5.0,4th quarter,11:23.0,Kurt Thomas,NYK,False,2-pointer,0,64-70,'NYK',trails
379,379,379,200105020TOR,17.5,9.0,4th quarter,10:34.0,Kurt Thomas,NYK,False,2-pointer,8,64-75,'NYK',trails
380,380,380,200105020TOR,24.0,5.0,4th quarter,9:56.0,Kurt Thomas,NYK,False,2-pointer,0,64-75,'NYK',trails
381,381,381,200105020TOR,14.6,6.3,4th quarter,9:29.0,Glen Rice,NYK,False,2-pointer,9,64-76,'NYK',trails
382,382,382,200105020TOR,9.7,18.3,4th quarter,8:55.0,Glen Rice,NYK,False,2-pointer,20,65-76,'NYK',trails
383,383,383,200105020TOR,46.8,4.8,4th quarter,8:16.0,Latrell Sprewell,NYK,True,3-pointer,23,68-78,'NYK',trails
384,384,384,200105020TOR,24.0,5.0,4th quarter,7:35.0,Latrell Sprewell,NYK,True,2-pointer,0,70-81,'NYK',trails
385,385,385,200105020TOR,33.8,27.8,4th quarter,5:55.0,Glen Rice,NYK,False,3-pointer,25,70-86,'NYK',trails
386,386,386,200105020TOR,37.6,26.1,4th quarter,5:06.0,Mark Jackson,NYK,True,3-pointer,25,73-86,'NYK',trails
387,387,387,200105020TOR,3.8,4.2,4th quarter,4:39.0,Allan Houston,NYK,False,2-pointer,20,73-86,'NYK',trails
388,388,388,200105020TOR,8.9,18.3,4th quarter,2:17.0,Allan Houston,NYK,True,2-pointer,20,82-90,'NYK',trails
389,389,389,200105020TOR,41.2,22.7,4th quarter,1:43.0,Latrell Sprewell,NYK,False,3-pointer,25,82-90,'NYK',trails
390,390,390,200105020TOR,11.0,6.3,4th quarter,1:20.0,Latrell Sprewell,NYK,False,2-pointer,13,82-93,'NYK',trails
391,391,391,200105020TOR,24.0,5.0,4th quarter,0:54.6,Latrell Sprewell,NYK,True,2-pointer,0,85-94,'NYK',trails
392,392,392,200105020TOR,38.2,27.2,4th quarter,0:45.2,Allan Houston,NYK,True,3-pointer,26,88-95,'NYK',trails
393,393,393,200105020TOR,1.7,4.8,4th quarter,0:22.9,Glen Rice,NYK,True,3-pointer,22,91-96,'NYK',trails
394,394,394,200105020TOR,24.0,5.0,4th quarter,0:10.9,Latrell Sprewell,NYK,True,2-pointer,0,93-98,'NYK',trails
395,395,395,200105020TOR,32.3,29.3,4th quarter,0:04.9,Latrell Sprewell,NYK,False,3-pointer,26,93-100,'NYK',trails
396,396,396,200105020TOR,15.4,21.7,1st quarter,11:37.0,Charles Oakley,TOR,False,2-pointer,19,0-0,'NYK',tied
397,397,397,200105020TOR,26.8,6.7,1st quarter,11:13.0,Alvin Williams,TOR,True,2-pointer,3,2-0,'NYK',leads
398,398,398,200105020TOR,24.0,5.0,1st quarter,10:29.0,Antonio Davis,TOR,True,2-pointer,0,4-2,'NYK',leads
399,399,399,200105020TOR,11.8,12.8,1st quarter,9:48.0,Vince Carter,TOR,False,2-pointer,14,4-4,'NYK',tied
400,400,400,200105020TOR,24.0,5.0,1st quarter,9:42.0,Vince Carter,TOR,True,2-pointer,0,6-4,'NYK',leads
401,401,401,200105020TOR,3.8,4.2,1st quarter,9:12.0,Alvin Williams,TOR,False,2-pointer,20,6-5,'NYK',leads
402,402,402,200105020TOR,24.0,5.0,1st quarter,8:19.0,Antonio Davis,TOR,False,2-pointer,0,6-5,'NYK',leads
403,403,403,200105020TOR,6.2,5.2,1st quarter,7:58.0,Vince Carter,TOR,False,2-pointer,18,6-5,'NYK',leads
404,404,404,200105020TOR,24.0,5.0,1st quarter,7:26.0,Vince Carter,TOR,True,2-pointer,0,8-7,'NYK',leads
405,405,405,200105020TOR,16.7,5.2,1st quarter,6:41.0,Alvin Williams,TOR,True,2-pointer,7,10-7,'NYK',leads
406,406,406,200105020TOR,36.1,22.1,1st quarter,6:16.0,Chris Childs,TOR,True,2-pointer,21,12-8,'NYK',leads
407,407,407,200105020TOR,40.5,5.2,1st quarter,5:38.0,Charles Oakley,TOR,False,2-pointer,17,12-10,'NYK',leads
408,408,408,200105020TOR,24.0,5.0,1st quarter,5:21.0,Chris Childs,TOR,True,2-pointer,0,14-10,'NYK',leads
409,409,409,200105020TOR,8.3,6.3,1st quarter,4:13.0,Antonio Davis,TOR,False,2-pointer,16,14-12,'NYK',leads
410,410,410,200105020TOR,24.0,5.0,1st quarter,4:10.0,Charles Oakley,TOR,False,2-pointer,0,14-12,'NYK',leads
411,411,411,200105020TOR,38.2,9.0,1st quarter,4:07.0,Alvin Williams,TOR,False,2-pointer,15,14-12,'NYK',leads
412,412,412,200105020TOR,3.8,18.9,1st quarter,3:44.0,Vince Carter,TOR,True,3-pointer,25,17-12,'NYK',leads
413,413,413,200105020TOR,9.7,20.6,1st quarter,3:13.0,Vince Carter,TOR,True,2-pointer,21,19-12,'NYK',leads
414,414,414,200105020TOR,41.8,6.7,1st quarter,2:28.0,Morris Peterson,TOR,False,2-pointer,18,19-14,'NYK',leads
415,415,415,200105020TOR,22.0,9.5,1st quarter,2:22.0,Jerome Williams,TOR,False,2-pointer,5,19-14,'NYK',leads
416,416,416,200105020TOR,13.3,27.8,1st quarter,1:40.0,Chris Childs,TOR,True,3-pointer,25,22-16,'NYK',leads
417,417,417,200105020TOR,24.0,5.0,1st quarter,0:56.9,Vince Carter,TOR,False,2-pointer,0,22-18,'NYK',leads
418,418,418,200105020TOR,24.0,5.0,1st quarter,0:25.9,Antonio Davis,TOR,False,2-pointer,0,22-20,'NYK',leads
419,419,419,200105020TOR,24.0,5.0,1st quarter,0:23.6,Antonio Davis,TOR,True,2-pointer,0,24-20,'NYK',leads
420,420,420,200105020TOR,24.0,5.0,1st quarter,0:00.9,Jerome Williams,TOR,True,2-pointer,0,26-22,'NYK',leads
421,421,421,200105020TOR,45.4,18.3,2nd quarter,11:30.0,Vince Carter,TOR,False,3-pointer,25,26-24,'NYK',leads
422,422,422,200105020TOR,19.6,16.2,2nd quarter,10:58.0,Jerome Williams,TOR,False,2-pointer,12,26-24,'NYK',leads
423,423,423,200105020TOR,24.0,5.0,2nd quarter,10:56.0,Vince Carter,TOR,False,2-pointer,0,26-24,'NYK',leads
424,424,424,200105020TOR,24.0,5.0,2nd quarter,10:52.0,Vince Carter,TOR,False,2-pointer,0,26-24,'NYK',leads
425,425,425,200105020TOR,30.2,28.2,2nd quarter,10:43.0,Alvin Williams,TOR,False,3-pointer,24,26-24,'NYK',leads
426,426,426,200105020TOR,37.6,25.5,2nd quarter,9:42.0,Morris Peterson,TOR,False,3-pointer,25,26-24,'NYK',leads
427,427,427,200105020TOR,20.5,11.8,2nd quarter,8:23.0,Antonio Davis,TOR,True,2-pointer,8,30-26,'NYK',leads
428,428,428,200105020TOR,43.9,7.3,2nd quarter,7:15.0,Alvin Williams,TOR,False,2-pointer,20,30-26,'NYK',leads
429,429,429,200105020TOR,24.0,5.0,2nd quarter,6:27.0,Vince Carter,TOR,True,2-pointer,0,32-29,'NYK',leads
430,430,430,200105020TOR,11.8,22.7,2nd quarter,6:03.0,Chris Childs,TOR,False,2-pointer,22,32-29,'NYK',leads
431,431,431,200105020TOR,29.6,10.5,2nd quarter,5:43.0,Vince Carter,TOR,True,2-pointer,8,34-29,'NYK',leads
432,432,432,200105020TOR,4.7,4.8,2nd quarter,4:22.0,Vince Carter,TOR,False,2-pointer,19,34-31,'NYK',leads
433,433,433,200105020TOR,24.0,5.0,2nd quarter,3:52.0,Vince Carter,TOR,True,2-pointer,0,36-33,'NYK',leads
434,434,434,200105020TOR,36.1,27.2,2nd quarter,3:12.0,Chris Childs,TOR,True,3-pointer,25,40-33,'NYK',leads
435,435,435,200105020TOR,24.0,31.6,2nd quarter,1:37.0,Chris Childs,TOR,False,3-pointer,27,42-37,'NYK',leads
436,436,436,200105020TOR,31.0,18.9,2nd quarter,0:24.9,Alvin Williams,TOR,True,2-pointer,16,44-41,'NYK',leads
437,437,437,200105020TOR,24.0,5.0,2nd quarter,0:01.1,Antonio Davis,TOR,False,2-pointer,0,44-41,'NYK',leads
438,438,438,200105020TOR,21.1,29.9,3rd quarter,11:09.0,Chris Childs,TOR,True,3-pointer,25,47-43,'NYK',leads
439,439,439,200105020TOR,32.3,22.1,3rd quarter,10:29.0,Charles Oakley,TOR,True,2-pointer,19,49-45,'NYK',leads
440,440,440,200105020TOR,30.2,12.4,3rd quarter,9:53.0,Vince Carter,TOR,True,2-pointer,10,51-47,'NYK',leads
441,441,441,200105020TOR,45.4,17.7,3rd quarter,9:20.0,Alvin Williams,TOR,True,3-pointer,25,54-47,'NYK',leads
442,442,442,200105020TOR,24.0,5.0,3rd quarter,8:46.0,Chris Childs,TOR,True,2-pointer,0,56-47,'NYK',leads
443,443,443,200105020TOR,36.7,18.3,3rd quarter,7:39.0,Charles Oakley,TOR,True,2-pointer,18,58-51,'NYK',leads
444,444,444,200105020TOR,24.0,10.5,3rd quarter,6:47.0,Antonio Davis,TOR,False,2-pointer,6,58-55,'NYK',leads
445,445,445,200105020TOR,29.6,10.5,3rd quarter,6:33.0,Alvin Williams,TOR,False,2-pointer,8,58-55,'NYK',leads
446,446,446,200105020TOR,24.0,5.0,3rd quarter,6:01.0,Vince Carter,TOR,False,2-pointer,0,58-57,'NYK',leads
447,447,447,200105020TOR,24.0,5.0,3rd quarter,5:57.0,Antonio Davis,TOR,True,2-pointer,0,60-57,'NYK',leads
448,448,448,200105020TOR,24.0,5.0,3rd quarter,5:17.0,Antonio Davis,TOR,False,2-pointer,0,60-57,'NYK',leads
449,449,449,200105020TOR,38.2,17.7,3rd quarter,4:41.0,Chris Childs,TOR,True,2-pointer,19,62-57,'NYK',leads
450,450,450,200105020TOR,8.9,21.0,3rd quarter,3:26.0,Chris Childs,TOR,False,2-pointer,22,62-60,'NYK',leads
451,451,451,200105020TOR,16.1,26.1,3rd quarter,3:06.0,Vince Carter,TOR,False,2-pointer,23,62-62,'NYK',tied
452,452,452,200105020TOR,47.5,4.2,3rd quarter,1:04.0,Dell Curry,TOR,True,3-pointer,24,66-62,'NYK',leads
453,453,453,200105020TOR,9.7,7.8,4th quarter,11:42.0,Antonio Davis,TOR,False,2-pointer,15,70-64,'NYK',leads
454,454,454,200105020TOR,3.2,18.9,4th quarter,11:17.0,Vince Carter,TOR,True,3-pointer,25,73-64,'NYK',leads
455,455,455,200105020TOR,42.6,5.2,4th quarter,10:45.0,Alvin Williams,TOR,True,2-pointer,19,75-64,'NYK',leads
456,456,456,200105020TOR,22.0,23.4,4th quarter,10:13.0,Alvin Williams,TOR,False,2-pointer,19,75-64,'NYK',leads
457,457,457,200105020TOR,43.3,20.6,4th quarter,9:13.0,Dell Curry,TOR,False,3-pointer,25,76-65,'NYK',leads
458,458,458,200105020TOR,16.7,23.8,4th quarter,8:37.0,Alvin Williams,TOR,True,2-pointer,20,78-65,'NYK',leads
459,459,459,200105020TOR,24.0,5.0,4th quarter,7:55.0,Jerome Williams,TOR,True,2-pointer,0,80-68,'NYK',leads
460,460,460,200105020TOR,24.0,5.0,4th quarter,7:18.0,Jerome Williams,TOR,False,2-pointer,0,81-70,'NYK',leads
461,461,461,200105020TOR,24.0,5.0,4th quarter,7:16.0,Vince Carter,TOR,True,2-pointer,0,83-70,'NYK',leads
462,462,462,200105020TOR,6.2,7.3,4th quarter,6:44.0,Alvin Williams,TOR,True,2-pointer,18,86-70,'NYK',leads
463,463,463,200105020TOR,4.7,10.5,4th quarter,6:09.0,Vince Carter,TOR,False,2-pointer,20,86-70,'NYK',leads
464,464,464,200105020TOR,19.0,29.9,4th quarter,5:30.0,Charles Oakley,TOR,False,3-pointer,25,86-70,'NYK',leads
465,465,465,200105020TOR,39.7,24.8,4th quarter,4:51.0,Vince Carter,TOR,False,3-pointer,25,86-73,'NYK',leads
466,466,466,200105020TOR,3.8,5.7,4th quarter,3:56.0,Alvin Williams,TOR,False,2-pointer,20,86-75,'NYK',leads
467,467,467,200105020TOR,34.6,5.2,4th quarter,2:34.0,Alvin Williams,TOR,False,2-pointer,11,90-80,'NYK',leads
468,468,468,200105020TOR,31.7,17.7,4th quarter,1:52.0,Vince Carter,TOR,False,2-pointer,15,90-82,'NYK',leads
469,469,469,200105020TOR,11.8,25.5,4th quarter,1:28.0,Chris Childs,TOR,True,3-pointer,24,93-82,'NYK',leads
470,470,470,200105020TOR,7.6,23.4,4th quarter,1:03.0,Alvin Williams,TOR,False,3-pointer,25,93-83,'NYK',leads
