,Unnamed: 0.1,Unnamed: 0,match_id,shotX,shotY,quarter,time_remaining,player,team,made,shot_type,distance,score,opp,status
0,0,0,200112200DAL,24.0,5.0,1st quarter,11:02.0,Joel Przybilla,MIL,True,2-pointer,0,2-0,'DAL',leads
1,1,1,200112200DAL,40.1,12.2,1st quarter,10:28.0,Sam Cassell,MIL,True,2-pointer,18,4-2,'DAL',leads
2,2,2,200112200DAL,24.0,5.0,1st quarter,10:02.0,Ray Allen,MIL,False,2-pointer,0,4-2,'DAL',leads
3,3,3,200112200DAL,14.6,4.6,1st quarter,9:10.0,Ray Allen,MIL,False,2-pointer,9,4-5,'DAL',trails
4,4,4,200112200DAL,30.2,17.2,1st quarter,8:58.0,Glenn Robinson,MIL,False,2-pointer,14,4-5,'DAL',trails
5,5,5,200112200DAL,24.0,5.0,1st quarter,8:54.0,Glenn Robinson,MIL,False,2-pointer,0,4-5,'DAL',trails
6,6,6,200112200DAL,24.0,5.0,1st quarter,8:25.0,Anthony Mason,MIL,True,2-pointer,0,6-7,'DAL',trails
7,7,7,200112200DAL,29.6,17.2,1st quarter,8:00.0,Ray Allen,MIL,False,2-pointer,13,6-8,'DAL',trails
8,8,8,200112200DAL,19.0,18.3,1st quarter,7:30.0,Glenn Robinson,MIL,False,2-pointer,14,6-9,'DAL',trails
9,9,9,200112200DAL,24.0,5.0,1st quarter,7:13.0,Anthony Mason,MIL,True,2-pointer,0,8-9,'DAL',trails
10,10,10,200112200DAL,11.0,7.8,1st quarter,6:23.0,Anthony Mason,MIL,False,2-pointer,13,8-14,'DAL',trails
11,11,11,200112200DAL,24.0,5.0,1st quarter,6:01.0,Joel Przybilla,MIL,False,2-pointer,0,8-14,'DAL',trails
12,12,12,200112200DAL,6.8,12.2,1st quarter,5:33.0,Ray Allen,MIL,True,2-pointer,19,10-16,'DAL',trails
13,13,13,200112200DAL,24.3,17.2,1st quarter,5:01.0,Glenn Robinson,MIL,True,2-pointer,12,12-16,'DAL',trails
14,14,14,200112200DAL,34.4,18.3,1st quarter,4:38.0,Glenn Robinson,MIL,False,2-pointer,17,12-16,'DAL',trails
15,15,15,200112200DAL,24.0,5.0,1st quarter,4:15.0,Sam Cassell,MIL,True,2-pointer,0,14-18,'DAL',trails
16,16,16,200112200DAL,24.3,11.1,1st quarter,3:48.0,Anthony Mason,MIL,False,2-pointer,6,14-20,'DAL',trails
17,17,17,200112200DAL,17.5,5.4,1st quarter,3:28.0,Ray Allen,MIL,False,2-pointer,7,14-22,'DAL',trails
18,18,18,200112200DAL,24.0,5.0,1st quarter,2:55.0,Ray Allen,MIL,False,2-pointer,0,14-26,'DAL',trails
19,19,19,200112200DAL,24.0,5.0,1st quarter,2:48.0,Tim Thomas,MIL,False,2-pointer,0,14-26,'DAL',trails
20,20,20,200112200DAL,38.0,7.8,1st quarter,2:16.0,Michael Redd,MIL,False,2-pointer,14,14-28,'DAL',trails
21,21,21,200112200DAL,30.8,29.3,1st quarter,2:01.0,Ray Allen,MIL,False,3-pointer,25,14-28,'DAL',trails
22,22,22,200112200DAL,24.0,5.0,1st quarter,1:09.0,Tim Thomas,MIL,True,2-pointer,0,18-30,'DAL',trails
23,23,23,200112200DAL,24.0,5.0,1st quarter,0:47.7,Ray Allen,MIL,True,2-pointer,0,20-31,'DAL',trails
24,24,24,200112200DAL,32.9,6.5,1st quarter,0:31.8,Michael Redd,MIL,False,2-pointer,9,20-31,'DAL',trails
25,25,25,200112200DAL,24.0,5.0,1st quarter,0:14.6,Michael Redd,MIL,False,2-pointer,0,20-31,'DAL',trails
26,26,26,200112200DAL,8.9,20.4,1st quarter,0:02.6,Sam Cassell,MIL,False,2-pointer,22,20-31,'DAL',trails
27,27,27,200112200DAL,43.1,21.0,2nd quarter,11:48.0,Tim Thomas,MIL,True,3-pointer,25,23-31,'DAL',trails
28,28,28,200112200DAL,26.4,24.8,2nd quarter,11:21.0,Sam Cassell,MIL,False,2-pointer,20,23-31,'DAL',trails
29,29,29,200112200DAL,31.7,14.9,2nd quarter,11:12.0,Sam Cassell,MIL,False,2-pointer,13,23-31,'DAL',trails
30,30,30,200112200DAL,24.0,5.0,2nd quarter,10:39.0,Tim Thomas,MIL,False,2-pointer,0,23-31,'DAL',trails
31,31,31,200112200DAL,24.0,5.0,2nd quarter,10:37.0,Tim Thomas,MIL,False,2-pointer,0,23-31,'DAL',trails
32,32,32,200112200DAL,24.0,5.0,2nd quarter,10:18.0,Sam Cassell,MIL,False,2-pointer,0,23-33,'DAL',trails
33,33,33,200112200DAL,28.7,28.8,2nd quarter,10:11.0,Michael Redd,MIL,True,3-pointer,24,26-33,'DAL',trails
34,34,34,200112200DAL,27.2,18.3,2nd quarter,9:33.0,Michael Redd,MIL,True,2-pointer,14,28-36,'DAL',trails
35,35,35,200112200DAL,24.0,5.0,2nd quarter,8:44.0,Sam Cassell,MIL,True,2-pointer,0,30-36,'DAL',trails
36,36,36,200112200DAL,13.9,19.4,2nd quarter,8:14.0,Glenn Robinson,MIL,True,2-pointer,18,32-38,'DAL',trails
37,37,37,200112200DAL,39.3,14.9,2nd quarter,7:43.0,Sam Cassell,MIL,True,2-pointer,18,34-38,'DAL',trails
38,38,38,200112200DAL,6.8,22.1,2nd quarter,7:19.0,Glenn Robinson,MIL,False,3-pointer,24,34-38,'DAL',trails
39,39,39,200112200DAL,46.6,14.3,2nd quarter,7:08.0,Ray Allen,MIL,False,3-pointer,24,34-38,'DAL',trails
40,40,40,200112200DAL,24.0,5.0,2nd quarter,6:49.0,Darvin Ham,MIL,True,2-pointer,0,36-38,'DAL',trails
41,41,41,200112200DAL,16.1,20.0,2nd quarter,6:24.0,Ray Allen,MIL,True,2-pointer,17,39-41,'DAL',trails
42,42,42,200112200DAL,14.6,9.5,2nd quarter,5:57.0,Michael Redd,MIL,False,2-pointer,10,39-41,'DAL',trails
43,43,43,200112200DAL,24.0,5.0,2nd quarter,5:54.0,Ray Allen,MIL,False,2-pointer,0,39-41,'DAL',trails
44,44,44,200112200DAL,28.7,13.2,2nd quarter,5:14.0,Glenn Robinson,MIL,False,2-pointer,9,39-43,'DAL',trails
45,45,45,200112200DAL,43.1,20.4,2nd quarter,5:04.0,Michael Redd,MIL,True,3-pointer,25,42-43,'DAL',trails
46,46,46,200112200DAL,24.0,5.0,2nd quarter,4:11.0,Michael Redd,MIL,True,2-pointer,0,46-45,'DAL',leads
47,47,47,200112200DAL,37.2,23.8,2nd quarter,3:38.0,Michael Redd,MIL,False,2-pointer,23,47-48,'DAL',trails
48,48,48,200112200DAL,5.3,5.4,2nd quarter,2:35.0,Glenn Robinson,MIL,False,2-pointer,19,48-52,'DAL',trails
49,49,49,200112200DAL,46.6,12.2,2nd quarter,2:06.0,Ray Allen,MIL,False,3-pointer,24,48-54,'DAL',trails
50,50,50,200112200DAL,40.1,22.7,2nd quarter,1:21.0,Ray Allen,MIL,True,3-pointer,24,51-55,'DAL',trails
51,51,51,200112200DAL,15.4,6.5,2nd quarter,0:51.9,Glenn Robinson,MIL,False,2-pointer,9,51-55,'DAL',trails
52,52,52,200112200DAL,24.0,5.0,2nd quarter,0:23.8,Sam Cassell,MIL,False,2-pointer,0,53-59,'DAL',trails
53,53,53,200112200DAL,19.0,23.8,3rd quarter,11:42.0,Ray Allen,MIL,False,2-pointer,19,53-59,'DAL',trails
54,54,54,200112200DAL,13.9,27.2,3rd quarter,11:35.0,Glenn Robinson,MIL,False,3-pointer,24,53-59,'DAL',trails
55,55,55,200112200DAL,24.0,5.0,3rd quarter,11:02.0,Anthony Mason,MIL,True,2-pointer,0,55-61,'DAL',trails
56,56,56,200112200DAL,24.0,5.0,3rd quarter,10:32.0,Ray Allen,MIL,True,2-pointer,0,57-64,'DAL',trails
57,57,57,200112200DAL,8.3,10.5,3rd quarter,9:56.0,Glenn Robinson,MIL,True,2-pointer,17,60-66,'DAL',trails
58,58,58,200112200DAL,8.9,16.2,3rd quarter,9:30.0,Sam Cassell,MIL,False,2-pointer,19,60-66,'DAL',trails
59,59,59,200112200DAL,25.1,11.1,3rd quarter,9:07.0,Ray Allen,MIL,True,2-pointer,6,62-66,'DAL',trails
60,60,60,200112200DAL,24.0,5.0,3rd quarter,8:46.0,Darvin Ham,MIL,False,2-pointer,0,62-66,'DAL',trails
61,61,61,200112200DAL,18.2,7.8,3rd quarter,8:09.0,Anthony Mason,MIL,True,2-pointer,6,64-66,'DAL',trails
62,62,62,200112200DAL,19.6,8.4,3rd quarter,7:32.0,Anthony Mason,MIL,False,2-pointer,6,64-68,'DAL',trails
63,63,63,200112200DAL,24.0,5.0,3rd quarter,7:15.0,Glenn Robinson,MIL,False,2-pointer,0,64-68,'DAL',trails
64,64,64,200112200DAL,5.3,21.0,3rd quarter,6:04.0,Ray Allen,MIL,False,3-pointer,25,67-73,'DAL',trails
65,65,65,200112200DAL,6.8,5.4,3rd quarter,5:33.0,Glenn Robinson,MIL,False,2-pointer,17,67-75,'DAL',trails
66,66,66,200112200DAL,32.9,18.3,3rd quarter,5:18.0,Sam Cassell,MIL,False,2-pointer,16,67-75,'DAL',trails
67,67,67,200112200DAL,24.0,5.0,3rd quarter,5:14.0,Ray Allen,MIL,True,2-pointer,0,69-75,'DAL',trails
68,68,68,200112200DAL,24.0,5.0,3rd quarter,4:16.0,Glenn Robinson,MIL,False,2-pointer,0,69-78,'DAL',trails
69,69,69,200112200DAL,12.5,10.5,3rd quarter,3:25.0,Sam Cassell,MIL,False,2-pointer,13,70-78,'DAL',trails
70,70,70,200112200DAL,24.3,20.0,3rd quarter,2:24.0,Tim Thomas,MIL,False,2-pointer,15,72-80,'DAL',trails
71,71,71,200112200DAL,24.0,5.0,3rd quarter,2:08.0,Sam Cassell,MIL,True,2-pointer,0,74-80,'DAL',trails
72,72,72,200112200DAL,23.9,12.2,3rd quarter,1:25.0,Sam Cassell,MIL,False,2-pointer,7,75-82,'DAL',trails
73,73,73,200112200DAL,24.0,5.0,3rd quarter,0:55.9,Sam Cassell,MIL,False,2-pointer,0,75-85,'DAL',trails
74,74,74,200112200DAL,24.0,5.0,3rd quarter,0:18.0,Anthony Mason,MIL,False,2-pointer,0,75-87,'DAL',trails
75,75,75,200112200DAL,24.3,29.3,4th quarter,11:26.0,Ray Allen,MIL,True,3-pointer,24,78-88,'DAL',trails
76,76,76,200112200DAL,15.4,22.1,4th quarter,10:50.0,Tim Thomas,MIL,False,2-pointer,19,78-90,'DAL',trails
77,77,77,200112200DAL,45.2,18.3,4th quarter,10:41.0,Ray Allen,MIL,False,3-pointer,25,78-90,'DAL',trails
78,78,78,200112200DAL,24.0,5.0,4th quarter,10:13.0,Tim Thomas,MIL,True,2-pointer,0,80-92,'DAL',trails
79,79,79,200112200DAL,35.9,25.9,4th quarter,9:38.0,Michael Redd,MIL,True,3-pointer,24,83-94,'DAL',trails
80,80,80,200112200DAL,16.1,16.6,4th quarter,8:31.0,Glenn Robinson,MIL,False,2-pointer,14,83-97,'DAL',trails
81,81,81,200112200DAL,24.0,5.0,4th quarter,7:47.0,Ray Allen,MIL,True,2-pointer,0,85-99,'DAL',trails
82,82,82,200112200DAL,44.5,6.1,4th quarter,7:04.0,Michael Redd,MIL,False,2-pointer,21,85-101,'DAL',trails
83,83,83,200112200DAL,22.4,29.3,4th quarter,7:00.0,Glenn Robinson,MIL,True,3-pointer,24,88-101,'DAL',trails
84,84,84,200112200DAL,25.1,29.3,4th quarter,6:12.0,Ray Allen,MIL,False,3-pointer,24,88-103,'DAL',trails
85,85,85,200112200DAL,19.0,28.2,4th quarter,6:08.0,Ray Allen,MIL,False,3-pointer,24,88-103,'DAL',trails
86,86,86,200112200DAL,24.0,5.0,4th quarter,5:23.0,Anthony Mason,MIL,True,2-pointer,0,90-105,'DAL',trails
87,87,87,200112200DAL,30.8,28.2,4th quarter,4:18.0,Glenn Robinson,MIL,True,3-pointer,24,93-107,'DAL',trails
88,88,88,200112200DAL,29.6,20.0,4th quarter,3:35.0,Glenn Robinson,MIL,True,2-pointer,16,95-107,'DAL',trails
89,89,89,200112200DAL,39.3,6.1,4th quarter,3:09.0,Glenn Robinson,MIL,True,2-pointer,15,97-107,'DAL',trails
90,90,90,200112200DAL,38.0,17.7,4th quarter,2:42.0,Glenn Robinson,MIL,False,2-pointer,19,97-109,'DAL',trails
91,91,91,200112200DAL,41.6,9.9,4th quarter,1:32.0,Rafer Alston,MIL,False,2-pointer,18,98-111,'DAL',trails
92,92,92,200112200DAL,24.0,5.0,4th quarter,1:11.0,Darvin Ham,MIL,False,2-pointer,0,99-111,'DAL',trails
93,93,93,200112200DAL,24.0,5.0,4th quarter,1:10.0,Michael Redd,MIL,True,2-pointer,0,101-111,'DAL',trails
94,94,94,200112200DAL,34.4,27.2,4th quarter,0:34.1,Tim Thomas,MIL,False,3-pointer,25,101-111,'DAL',trails
95,95,95,200112200DAL,22.4,29.9,1st quarter,11:45.0,Steve Nash,DAL,False,3-pointer,25,0-0,'DAL',tied
96,96,96,200112200DAL,34.4,25.5,1st quarter,10:46.0,Michael Finley,DAL,True,2-pointer,23,2-2,'DAL',tied
97,97,97,200112200DAL,24.1,13.7,1st quarter,10:09.0,Michael Finley,DAL,False,2-pointer,9,2-4,'DAL',trails
98,98,98,200112200DAL,24.0,5.0,1st quarter,9:53.0,Steve Nash,DAL,False,2-pointer,0,3-4,'DAL',trails
99,99,99,200112200DAL,16.9,28.2,1st quarter,9:49.0,Dirk Nowitzki,DAL,False,3-pointer,24,3-4,'DAL',trails
100,100,100,200112200DAL,24.0,5.0,1st quarter,9:32.0,Danny Manning,DAL,True,2-pointer,0,5-4,'DAL',leads
101,101,101,200112200DAL,24.0,5.0,1st quarter,8:50.0,Michael Finley,DAL,True,2-pointer,0,7-4,'DAL',leads
102,102,102,200112200DAL,44.5,18.7,1st quarter,7:23.0,Michael Finley,DAL,False,3-pointer,25,9-6,'DAL',leads
103,103,103,200112200DAL,8.9,18.7,1st quarter,7:18.0,Dirk Nowitzki,DAL,False,2-pointer,20,9-6,'DAL',leads
104,104,104,200112200DAL,19.0,15.6,1st quarter,7:03.0,Michael Finley,DAL,True,2-pointer,12,11-8,'DAL',leads
105,105,105,200112200DAL,13.1,27.2,1st quarter,6:36.0,Dirk Nowitzki,DAL,True,3-pointer,25,14-8,'DAL',leads
106,106,106,200112200DAL,34.4,23.8,1st quarter,6:14.0,Dirk Nowitzki,DAL,False,2-pointer,21,14-8,'DAL',leads
107,107,107,200112200DAL,13.1,21.0,1st quarter,4:29.0,Steve Nash,DAL,True,2-pointer,19,18-12,'DAL',leads
108,108,108,200112200DAL,24.0,5.0,1st quarter,4:10.0,Juwan Howard,DAL,True,2-pointer,0,20-14,'DAL',leads
109,109,109,200112200DAL,24.0,5.0,1st quarter,3:41.0,Michael Finley,DAL,True,2-pointer,0,22-14,'DAL',leads
110,110,110,200112200DAL,24.0,5.0,1st quarter,3:12.0,Michael Finley,DAL,False,2-pointer,0,24-14,'DAL',leads
111,111,111,200112200DAL,24.0,5.0,1st quarter,3:06.0,Juwan Howard,DAL,True,2-pointer,0,26-14,'DAL',leads
112,112,112,200112200DAL,30.2,6.1,1st quarter,2:31.0,Juwan Howard,DAL,True,2-pointer,6,28-14,'DAL',leads
113,113,113,200112200DAL,11.6,25.9,1st quarter,2:07.0,Tim Hardaway,DAL,False,3-pointer,24,28-14,'DAL',leads
114,114,114,200112200DAL,9.5,24.8,1st quarter,1:40.0,Tim Hardaway,DAL,False,3-pointer,25,28-15,'DAL',leads
115,115,115,200112200DAL,14.6,18.3,1st quarter,1:20.0,Dirk Nowitzki,DAL,True,2-pointer,16,30-16,'DAL',leads
116,116,116,200112200DAL,24.0,5.0,1st quarter,0:09.2,Dirk Nowitzki,DAL,False,2-pointer,0,31-20,'DAL',leads
117,117,117,200112200DAL,35.0,27.2,2nd quarter,10:52.0,Michael Finley,DAL,False,3-pointer,25,31-23,'DAL',leads
118,118,118,200112200DAL,24.0,5.0,2nd quarter,10:28.0,Michael Finley,DAL,True,2-pointer,0,33-23,'DAL',leads
119,119,119,200112200DAL,30.2,28.8,2nd quarter,9:53.0,Tim Hardaway,DAL,True,3-pointer,25,36-26,'DAL',leads
120,120,120,200112200DAL,15.4,18.7,2nd quarter,9:09.0,Tim Hardaway,DAL,False,2-pointer,16,36-28,'DAL',leads
121,121,121,200112200DAL,24.0,5.0,2nd quarter,8:34.0,Dirk Nowitzki,DAL,True,2-pointer,0,38-30,'DAL',leads
122,122,122,200112200DAL,38.6,18.3,2nd quarter,7:28.0,Michael Finley,DAL,False,2-pointer,20,38-34,'DAL',leads
123,123,123,200112200DAL,24.0,5.0,2nd quarter,6:57.0,Tim Hardaway,DAL,False,2-pointer,0,38-34,'DAL',leads
124,124,124,200112200DAL,28.7,28.8,2nd quarter,6:38.0,Steve Nash,DAL,True,3-pointer,24,41-37,'DAL',leads
125,125,125,200112200DAL,25.1,15.6,2nd quarter,6:10.0,Michael Finley,DAL,False,2-pointer,11,41-39,'DAL',leads
126,126,126,200112200DAL,24.0,5.0,2nd quarter,5:40.0,Eduardo Nájera,DAL,True,2-pointer,0,43-39,'DAL',leads
127,127,127,200112200DAL,13.9,19.4,2nd quarter,4:50.0,Steve Nash,DAL,True,2-pointer,18,45-42,'DAL',leads
128,128,128,200112200DAL,12.5,26.5,2nd quarter,3:55.0,Steve Nash,DAL,True,3-pointer,24,48-47,'DAL',leads
129,129,129,200112200DAL,32.9,9.9,2nd quarter,3:18.0,Michael Finley,DAL,True,2-pointer,10,50-47,'DAL',leads
130,130,130,200112200DAL,16.9,9.5,2nd quarter,2:50.0,Juwan Howard,DAL,True,2-pointer,8,52-48,'DAL',leads
131,131,131,200112200DAL,35.9,24.4,2nd quarter,2:25.0,Michael Finley,DAL,True,2-pointer,23,54-48,'DAL',leads
132,132,132,200112200DAL,21.1,15.6,2nd quarter,1:45.0,Danny Manning,DAL,False,2-pointer,11,55-48,'DAL',leads
133,133,133,200112200DAL,25.8,24.4,2nd quarter,1:03.0,Michael Finley,DAL,False,2-pointer,19,55-51,'DAL',leads
134,134,134,200112200DAL,1.1,13.2,2nd quarter,0:31.7,Tim Hardaway,DAL,True,3-pointer,24,59-53,'DAL',leads
135,135,135,200112200DAL,43.7,5.0,2nd quarter,0:02.1,Steve Nash,DAL,False,2-pointer,20,59-53,'DAL',leads
136,136,136,200112200DAL,32.3,25.5,3rd quarter,11:23.0,Michael Finley,DAL,True,2-pointer,22,61-53,'DAL',leads
137,137,137,200112200DAL,43.7,20.0,3rd quarter,10:47.0,Steve Nash,DAL,True,3-pointer,25,64-55,'DAL',leads
138,138,138,200112200DAL,24.0,5.0,3rd quarter,10:27.0,Michael Finley,DAL,False,2-pointer,0,64-57,'DAL',leads
139,139,139,200112200DAL,24.0,5.0,3rd quarter,10:22.0,Michael Finley,DAL,True,2-pointer,0,66-57,'DAL',leads
140,140,140,200112200DAL,24.0,5.0,3rd quarter,9:43.0,Juwan Howard,DAL,False,2-pointer,0,66-60,'DAL',leads
141,141,141,200112200DAL,16.1,27.8,3rd quarter,9:19.0,Dirk Nowitzki,DAL,False,3-pointer,24,66-60,'DAL',leads
142,142,142,200112200DAL,1.1,6.1,3rd quarter,8:51.0,Michael Finley,DAL,False,3-pointer,23,66-62,'DAL',leads
143,143,143,200112200DAL,15.4,27.8,3rd quarter,8:22.0,Dirk Nowitzki,DAL,False,3-pointer,24,66-62,'DAL',leads
144,144,144,200112200DAL,21.1,11.1,3rd quarter,7:50.0,Steve Nash,DAL,True,2-pointer,7,68-64,'DAL',leads
145,145,145,200112200DAL,38.6,17.7,3rd quarter,7:23.0,Dirk Nowitzki,DAL,False,2-pointer,19,68-64,'DAL',leads
146,146,146,200112200DAL,24.0,5.0,3rd quarter,7:12.0,Michael Finley,DAL,True,2-pointer,0,70-64,'DAL',leads
147,147,147,200112200DAL,41.6,8.8,3rd quarter,6:30.0,Michael Finley,DAL,False,2-pointer,18,70-67,'DAL',leads
148,148,148,200112200DAL,11.0,25.9,3rd quarter,6:13.0,Steve Nash,DAL,True,3-pointer,25,73-67,'DAL',leads
149,149,149,200112200DAL,24.3,18.3,3rd quarter,5:53.0,Michael Finley,DAL,True,2-pointer,13,75-67,'DAL',leads
150,150,150,200112200DAL,18.2,7.1,3rd quarter,4:59.0,Dirk Nowitzki,DAL,False,2-pointer,6,75-69,'DAL',leads
151,151,151,200112200DAL,42.2,22.7,3rd quarter,4:08.0,Steve Nash,DAL,False,3-pointer,25,78-69,'DAL',leads
152,152,152,200112200DAL,13.1,6.1,3rd quarter,3:35.0,Juwan Howard,DAL,False,2-pointer,11,78-70,'DAL',leads
153,153,153,200112200DAL,4.7,6.1,3rd quarter,3:08.0,Steve Nash,DAL,False,2-pointer,19,78-70,'DAL',leads
154,154,154,200112200DAL,24.0,5.0,3rd quarter,2:48.0,Steve Nash,DAL,True,2-pointer,0,80-72,'DAL',leads
155,155,155,200112200DAL,11.0,8.8,3rd quarter,1:46.0,Michael Finley,DAL,True,2-pointer,14,82-75,'DAL',leads
156,156,156,200112200DAL,38.0,26.5,3rd quarter,1:12.0,Steve Nash,DAL,True,3-pointer,26,85-75,'DAL',leads
157,157,157,200112200DAL,38.6,24.4,3rd quarter,0:48.2,Michael Finley,DAL,False,3-pointer,24,85-75,'DAL',leads
158,158,158,200112200DAL,16.9,19.4,3rd quarter,0:39.6,Michael Finley,DAL,True,2-pointer,16,87-75,'DAL',leads
159,159,159,200112200DAL,8.3,10.5,3rd quarter,0:00.0,Michael Finley,DAL,False,2-pointer,17,87-75,'DAL',leads
160,160,160,200112200DAL,24.3,24.4,4th quarter,11:33.0,Dirk Nowitzki,DAL,False,2-pointer,19,88-75,'DAL',leads
161,161,161,200112200DAL,18.2,6.1,4th quarter,11:09.0,Danny Manning,DAL,True,2-pointer,6,90-78,'DAL',leads
162,162,162,200112200DAL,44.5,13.2,4th quarter,10:33.0,Tim Hardaway,DAL,True,2-pointer,22,92-78,'DAL',leads
163,163,163,200112200DAL,32.3,21.5,4th quarter,9:56.0,Tim Hardaway,DAL,True,2-pointer,18,94-80,'DAL',leads
164,164,164,200112200DAL,24.0,5.0,4th quarter,9:24.0,Eduardo Nájera,DAL,False,2-pointer,0,94-83,'DAL',leads
165,165,165,200112200DAL,24.0,5.0,4th quarter,9:00.0,Dirk Nowitzki,DAL,False,2-pointer,0,94-83,'DAL',leads
166,166,166,200112200DAL,1.1,6.1,4th quarter,8:51.0,Michael Finley,DAL,True,3-pointer,23,97-83,'DAL',leads
167,167,167,200112200DAL,32.3,26.5,4th quarter,8:23.0,Steve Nash,DAL,True,2-pointer,23,99-83,'DAL',leads
168,168,168,200112200DAL,17.5,28.2,4th quarter,8:01.0,Michael Finley,DAL,False,3-pointer,24,99-83,'DAL',leads
169,169,169,200112200DAL,42.2,14.3,4th quarter,7:27.0,Michael Finley,DAL,True,2-pointer,20,101-85,'DAL',leads
170,170,170,200112200DAL,35.0,17.7,4th quarter,6:37.0,Michael Finley,DAL,True,2-pointer,17,103-88,'DAL',leads
171,171,171,200112200DAL,28.7,17.2,4th quarter,5:50.0,Michael Finley,DAL,False,2-pointer,13,103-88,'DAL',leads
172,172,172,200112200DAL,24.0,5.0,4th quarter,5:46.0,Eduardo Nájera,DAL,True,2-pointer,0,105-88,'DAL',leads
173,173,173,200112200DAL,15.4,20.0,4th quarter,4:57.0,Michael Finley,DAL,False,2-pointer,17,105-90,'DAL',leads
174,174,174,200112200DAL,24.0,5.0,4th quarter,4:41.0,Tim Hardaway,DAL,True,2-pointer,0,107-90,'DAL',leads
175,175,175,200112200DAL,29.6,29.3,4th quarter,3:52.0,Tim Hardaway,DAL,False,3-pointer,25,107-93,'DAL',leads
176,176,176,200112200DAL,24.0,5.0,4th quarter,2:55.0,Steve Nash,DAL,True,2-pointer,0,109-97,'DAL',leads
177,177,177,200112200DAL,41.6,13.9,4th quarter,2:25.0,Steve Nash,DAL,True,2-pointer,20,111-97,'DAL',leads
178,178,178,200112200DAL,46.6,7.1,4th quarter,1:46.0,Dirk Nowitzki,DAL,False,3-pointer,23,111-98,'DAL',leads
179,179,179,200112200DAL,32.9,27.2,4th quarter,0:41.6,Steve Nash,DAL,False,3-pointer,24,111-101,'DAL',leads
180,180,180,200112200DAL,9.5,24.4,4th quarter,0:11.3,Wang Zhizhi,DAL,False,3-pointer,24,111-101,'DAL',leads
181,181,181,200112200DAL,24.0,5.0,4th quarter,0:00.3,Tim Hardaway,DAL,True,2-pointer,0,113-101,'DAL',leads
182,182,182,200112200HOU,40.7,17.5,1st quarter,11:43.0,Derek Fisher,LAL,False,2-pointer,21,0-0,'HOU',tied
183,183,183,200112200HOU,19.0,24.8,1st quarter,11:09.0,Kobe Bryant,LAL,False,2-pointer,20,0-0,'HOU',tied
184,184,184,200112200HOU,21.1,14.1,1st quarter,10:34.0,Samaki Walker,LAL,True,2-pointer,10,2-2,'HOU',tied
185,185,185,200112200HOU,37.8,20.2,1st quarter,10:01.0,Rick Fox,LAL,False,2-pointer,21,2-2,'HOU',tied
186,186,186,200112200HOU,17.5,11.1,1st quarter,9:51.0,Shaquille O'Neal,LAL,True,2-pointer,9,4-2,'HOU',leads
187,187,187,200112200HOU,17.5,23.1,1st quarter,9:14.0,Kobe Bryant,LAL,False,2-pointer,19,4-2,'HOU',leads
188,188,188,200112200HOU,30.8,23.1,1st quarter,8:54.0,Rick Fox,LAL,True,2-pointer,19,6-2,'HOU',leads
189,189,189,200112200HOU,46.8,15.1,1st quarter,8:23.0,Derek Fisher,LAL,True,3-pointer,25,9-2,'HOU',leads
190,190,190,200112200HOU,41.4,17.9,1st quarter,7:39.0,Rick Fox,LAL,False,2-pointer,22,9-4,'HOU',leads
191,191,191,200112200HOU,24.0,5.0,1st quarter,7:00.0,Samaki Walker,LAL,False,2-pointer,0,9-5,'HOU',leads
192,192,192,200112200HOU,18.4,11.1,1st quarter,6:27.0,Derek Fisher,LAL,False,2-pointer,8,11-5,'HOU',leads
193,193,193,200112200HOU,21.7,10.1,1st quarter,6:04.0,Shaquille O'Neal,LAL,True,2-pointer,6,13-8,'HOU',leads
194,194,194,200112200HOU,13.9,5.4,1st quarter,5:28.0,Shaquille O'Neal,LAL,False,2-pointer,10,13-8,'HOU',leads
195,195,195,200112200HOU,30.0,29.3,1st quarter,5:16.0,Kobe Bryant,LAL,True,3-pointer,25,16-8,'HOU',leads
196,196,196,200112200HOU,4.0,5.4,1st quarter,4:45.0,Derek Fisher,LAL,True,2-pointer,20,18-8,'HOU',leads
197,197,197,200112200HOU,24.3,10.1,1st quarter,4:08.0,Kobe Bryant,LAL,False,2-pointer,5,18-11,'HOU',leads
198,198,198,200112200HOU,21.7,10.7,1st quarter,3:38.0,Shaquille O'Neal,LAL,False,2-pointer,6,19-13,'HOU',leads
199,199,199,200112200HOU,24.0,5.0,1st quarter,2:58.0,Kobe Bryant,LAL,True,2-pointer,0,21-15,'HOU',leads
200,200,200,200112200HOU,20.5,9.0,1st quarter,2:24.0,Devean George,LAL,True,2-pointer,5,23-18,'HOU',leads
201,201,201,200112200HOU,33.4,19.6,1st quarter,0:58.6,Kobe Bryant,LAL,True,2-pointer,17,25-18,'HOU',leads
202,202,202,200112200HOU,36.1,14.5,1st quarter,0:23.8,Lindsey Hunter,LAL,True,2-pointer,15,27-18,'HOU',leads
203,203,203,200112200HOU,12.5,28.6,1st quarter,0:00.0,Devean George,LAL,False,3-pointer,26,27-21,'HOU',leads
204,204,204,200112200HOU,20.3,9.9,2nd quarter,11:19.0,Devean George,LAL,True,2-pointer,6,29-24,'HOU',leads
205,205,205,200112200HOU,36.7,17.7,2nd quarter,10:34.0,Lindsey Hunter,LAL,True,2-pointer,18,31-27,'HOU',leads
206,206,206,200112200HOU,29.8,7.6,2nd quarter,10:00.0,Shaquille O'Neal,LAL,False,2-pointer,6,31-27,'HOU',leads
207,207,207,200112200HOU,9.5,3.7,2nd quarter,9:53.0,Devean George,LAL,False,2-pointer,15,31-27,'HOU',leads
208,208,208,200112200HOU,16.7,22.9,2nd quarter,9:19.0,Lindsey Hunter,LAL,True,2-pointer,19,33-27,'HOU',leads
209,209,209,200112200HOU,6.8,24.0,2nd quarter,8:11.0,Mitch Richmond,LAL,True,3-pointer,26,36-29,'HOU',leads
210,210,210,200112200HOU,6.8,23.4,2nd quarter,7:34.0,Robert Horry,LAL,True,3-pointer,25,39-31,'HOU',leads
211,211,211,200112200HOU,13.7,5.2,2nd quarter,6:57.0,Shaquille O'Neal,LAL,False,2-pointer,10,39-34,'HOU',leads
212,212,212,200112200HOU,24.0,5.0,2nd quarter,6:39.0,Shaquille O'Neal,LAL,True,2-pointer,0,41-34,'HOU',leads
213,213,213,200112200HOU,6.8,5.0,2nd quarter,6:01.0,Robert Horry,LAL,False,2-pointer,17,41-36,'HOU',leads
214,214,214,200112200HOU,7.6,18.3,2nd quarter,5:39.0,Kobe Bryant,LAL,False,2-pointer,21,41-36,'HOU',leads
215,215,215,200112200HOU,24.9,11.6,2nd quarter,5:16.0,Kobe Bryant,LAL,False,2-pointer,7,41-36,'HOU',leads
216,216,216,200112200HOU,15.8,4.4,2nd quarter,4:51.0,Stanislav Medvedenko,LAL,False,2-pointer,8,41-38,'HOU',leads
217,217,217,200112200HOU,24.0,5.0,2nd quarter,4:50.0,Robert Horry,LAL,False,2-pointer,0,41-38,'HOU',leads
218,218,218,200112200HOU,20.3,20.6,2nd quarter,4:20.0,Derek Fisher,LAL,False,2-pointer,16,41-40,'HOU',leads
219,219,219,200112200HOU,23.6,18.9,2nd quarter,3:55.0,Rick Fox,LAL,True,2-pointer,14,43-42,'HOU',leads
220,220,220,200112200HOU,47.3,6.3,2nd quarter,3:04.0,Derek Fisher,LAL,True,3-pointer,23,46-44,'HOU',leads
221,221,221,200112200HOU,3.8,21.3,2nd quarter,2:36.0,Rick Fox,LAL,False,3-pointer,26,46-46,'HOU',tied
222,222,222,200112200HOU,43.3,21.3,2nd quarter,2:21.0,Derek Fisher,LAL,True,3-pointer,25,49-47,'HOU',leads
223,223,223,200112200HOU,24.1,9.2,2nd quarter,1:43.0,Shaquille O'Neal,LAL,True,2-pointer,4,51-49,'HOU',leads
224,224,224,200112200HOU,27.7,9.2,2nd quarter,1:14.0,Shaquille O'Neal,LAL,False,2-pointer,6,51-49,'HOU',leads
225,225,225,200112200HOU,39.7,25.3,2nd quarter,1:04.0,Rick Fox,LAL,False,3-pointer,26,51-49,'HOU',leads
226,226,226,200112200HOU,24.0,5.0,2nd quarter,1:01.0,Shaquille O'Neal,LAL,True,2-pointer,0,53-49,'HOU',leads
227,227,227,200112200HOU,15.2,29.1,2nd quarter,0:34.6,Derek Fisher,LAL,False,3-pointer,26,53-49,'HOU',leads
228,228,228,200112200HOU,23.6,12.6,3rd quarter,11:24.0,Shaquille O'Neal,LAL,False,2-pointer,8,53-51,'HOU',leads
229,229,229,200112200HOU,24.0,5.0,3rd quarter,10:27.0,Shaquille O'Neal,LAL,False,2-pointer,0,53-54,'HOU',trails
230,230,230,200112200HOU,24.0,5.0,3rd quarter,10:24.0,Shaquille O'Neal,LAL,False,2-pointer,0,53-54,'HOU',trails
231,231,231,200112200HOU,46.6,5.2,3rd quarter,10:01.0,Derek Fisher,LAL,True,3-pointer,23,56-54,'HOU',leads
232,232,232,200112200HOU,10.4,22.3,3rd quarter,9:24.0,Derek Fisher,LAL,False,2-pointer,22,56-54,'HOU',leads
233,233,233,200112200HOU,42.4,22.3,3rd quarter,9:18.0,Rick Fox,LAL,False,3-pointer,25,56-54,'HOU',leads
234,234,234,200112200HOU,33.4,18.3,3rd quarter,8:52.0,Kobe Bryant,LAL,True,2-pointer,16,58-54,'HOU',leads
235,235,235,200112200HOU,31.3,8.2,3rd quarter,8:18.0,Kobe Bryant,LAL,False,2-pointer,8,58-54,'HOU',leads
236,236,236,200112200HOU,23.6,12.0,3rd quarter,7:44.0,Shaquille O'Neal,LAL,False,2-pointer,7,60-54,'HOU',leads
237,237,237,200112200HOU,12.5,27.4,3rd quarter,7:36.0,Rick Fox,LAL,True,3-pointer,25,63-54,'HOU',leads
238,238,238,200112200HOU,24.0,5.0,3rd quarter,7:08.0,Rick Fox,LAL,False,2-pointer,0,63-57,'HOU',leads
239,239,239,200112200HOU,23.0,19.6,3rd quarter,6:46.0,Samaki Walker,LAL,True,2-pointer,15,65-59,'HOU',leads
240,240,240,200112200HOU,24.1,12.6,3rd quarter,6:10.0,Shaquille O'Neal,LAL,False,2-pointer,8,65-61,'HOU',leads
241,241,241,200112200HOU,42.4,22.3,3rd quarter,5:20.0,Derek Fisher,LAL,True,3-pointer,25,70-61,'HOU',leads
242,242,242,200112200HOU,24.0,5.0,3rd quarter,4:44.0,Rick Fox,LAL,True,2-pointer,0,72-63,'HOU',leads
243,243,243,200112200HOU,35.5,10.9,3rd quarter,4:15.0,Kobe Bryant,LAL,False,2-pointer,13,72-63,'HOU',leads
244,244,244,200112200HOU,34.0,9.2,3rd quarter,3:52.0,Kobe Bryant,LAL,False,2-pointer,11,72-63,'HOU',leads
245,245,245,200112200HOU,24.0,5.0,3rd quarter,3:50.0,Samaki Walker,LAL,True,2-pointer,0,74-63,'HOU',leads
246,246,246,200112200HOU,11.6,27.4,3rd quarter,3:08.0,Derek Fisher,LAL,True,3-pointer,26,77-65,'HOU',leads
247,247,247,200112200HOU,23.6,13.9,3rd quarter,2:36.0,Kobe Bryant,LAL,False,2-pointer,9,77-65,'HOU',leads
248,248,248,200112200HOU,24.0,5.0,3rd quarter,1:42.0,Kobe Bryant,LAL,False,2-pointer,0,78-65,'HOU',leads
249,249,249,200112200HOU,24.0,5.0,3rd quarter,1:26.0,Kobe Bryant,LAL,True,2-pointer,0,80-65,'HOU',leads
250,250,250,200112200HOU,24.0,5.0,3rd quarter,0:54.4,Robert Horry,LAL,False,2-pointer,0,80-66,'HOU',leads
251,251,251,200112200HOU,24.0,5.0,3rd quarter,0:53.0,Kobe Bryant,LAL,True,2-pointer,0,82-66,'HOU',leads
252,252,252,200112200HOU,38.2,28.0,3rd quarter,0:32.3,Derek Fisher,LAL,False,3-pointer,27,82-66,'HOU',leads
253,253,253,200112200HOU,24.0,5.0,3rd quarter,0:02.2,Kobe Bryant,LAL,False,2-pointer,0,82-68,'HOU',leads
254,254,254,200112200HOU,13.1,23.4,4th quarter,10:55.0,Devean George,LAL,False,2-pointer,21,82-72,'HOU',leads
255,255,255,200112200HOU,22.2,24.0,4th quarter,10:21.0,Kobe Bryant,LAL,False,2-pointer,19,82-72,'HOU',leads
256,256,256,200112200HOU,14.4,11.6,4th quarter,9:26.0,Kobe Bryant,LAL,False,2-pointer,12,84-76,'HOU',leads
257,257,257,200112200HOU,24.0,5.0,4th quarter,9:07.0,Devean George,LAL,False,2-pointer,0,84-76,'HOU',leads
258,258,258,200112200HOU,24.0,5.0,4th quarter,8:44.0,Kobe Bryant,LAL,True,2-pointer,0,86-78,'HOU',leads
259,259,259,200112200HOU,24.0,5.0,4th quarter,8:08.0,Kobe Bryant,LAL,True,2-pointer,0,88-78,'HOU',leads
260,260,260,200112200HOU,23.0,13.9,4th quarter,7:27.0,Kobe Bryant,LAL,False,2-pointer,9,88-80,'HOU',leads
261,261,261,200112200HOU,8.9,26.9,4th quarter,7:07.0,Robert Horry,LAL,False,3-pointer,27,88-83,'HOU',leads
262,262,262,200112200HOU,34.6,6.3,4th quarter,6:36.0,Kobe Bryant,LAL,False,2-pointer,11,88-85,'HOU',leads
263,263,263,200112200HOU,14.4,5.9,4th quarter,5:55.0,Shaquille O'Neal,LAL,True,2-pointer,10,90-87,'HOU',leads
264,264,264,200112200HOU,24.1,23.4,4th quarter,4:41.0,Kobe Bryant,LAL,False,2-pointer,18,90-89,'HOU',leads
265,265,265,200112200HOU,1.7,16.6,4th quarter,4:17.0,Devean George,LAL,True,3-pointer,25,93-89,'HOU',leads
266,266,266,200112200HOU,24.0,5.0,4th quarter,3:35.0,Devean George,LAL,True,2-pointer,0,95-91,'HOU',leads
267,267,267,200112200HOU,5.3,22.3,4th quarter,2:56.0,Derek Fisher,LAL,True,3-pointer,25,98-92,'HOU',leads
268,268,268,200112200HOU,47.3,10.9,4th quarter,2:20.0,Devean George,LAL,False,3-pointer,24,98-92,'HOU',leads
269,269,269,200112200HOU,24.0,5.0,4th quarter,1:36.0,Kobe Bryant,LAL,False,2-pointer,0,100-92,'HOU',leads
270,270,270,200112200HOU,24.0,5.0,4th quarter,0:43.1,Kobe Bryant,LAL,True,2-pointer,0,103-95,'HOU',leads
271,271,271,200112200HOU,31.5,22.5,1st quarter,11:20.0,Moochie Norris,HOU,False,2-pointer,19,0-0,'HOU',tied
272,272,272,200112200HOU,39.9,14.7,1st quarter,10:52.0,Eddie Griffin,HOU,True,2-pointer,19,2-0,'HOU',leads
273,273,273,200112200HOU,36.3,17.5,1st quarter,10:15.0,Cuttino Mobley,HOU,False,2-pointer,18,2-2,'HOU',tied
274,274,274,200112200HOU,13.9,19.1,1st quarter,9:36.0,Moochie Norris,HOU,False,2-pointer,17,2-4,'HOU',trails
275,275,275,200112200HOU,0.7,8.4,1st quarter,9:23.0,Óscar Torres,HOU,False,3-pointer,24,2-4,'HOU',trails
276,276,276,200112200HOU,36.3,5.4,1st quarter,9:02.0,Cuttino Mobley,HOU,False,2-pointer,12,2-4,'HOU',trails
277,277,277,200112200HOU,22.4,19.1,1st quarter,8:34.0,Kelvin Cato,HOU,False,2-pointer,14,2-6,'HOU',trails
278,278,278,200112200HOU,24.0,5.0,1st quarter,8:31.0,Óscar Torres,HOU,False,2-pointer,0,2-6,'HOU',trails
279,279,279,200112200HOU,25.1,26.5,1st quarter,7:58.0,Eddie Griffin,HOU,True,2-pointer,22,4-9,'HOU',trails
280,280,280,200112200HOU,20.5,23.6,1st quarter,7:23.0,Óscar Torres,HOU,False,2-pointer,19,4-9,'HOU',trails
281,281,281,200112200HOU,42.6,4.6,1st quarter,6:34.0,Cuttino Mobley,HOU,False,2-pointer,19,5-11,'HOU',trails
282,282,282,200112200HOU,24.0,5.0,1st quarter,6:17.0,Kelvin Cato,HOU,False,2-pointer,0,5-11,'HOU',trails
283,283,283,200112200HOU,30.4,5.0,1st quarter,6:15.0,Eddie Griffin,HOU,True,2-pointer,6,7-11,'HOU',trails
284,284,284,200112200HOU,25.1,27.2,1st quarter,5:43.0,Moochie Norris,HOU,False,2-pointer,22,8-13,'HOU',trails
285,285,285,200112200HOU,24.0,5.0,1st quarter,4:55.0,Kelvin Cato,HOU,False,2-pointer,0,8-16,'HOU',trails
286,286,286,200112200HOU,39.9,23.6,1st quarter,4:26.0,Eddie Griffin,HOU,True,3-pointer,24,11-18,'HOU',trails
287,287,287,200112200HOU,24.0,5.0,1st quarter,3:51.0,Moochie Norris,HOU,True,2-pointer,0,13-19,'HOU',trails
288,288,288,200112200HOU,24.0,5.0,1st quarter,3:22.0,Moochie Norris,HOU,True,2-pointer,0,15-19,'HOU',trails
289,289,289,200112200HOU,23.9,29.9,1st quarter,2:36.0,Eddie Griffin,HOU,True,3-pointer,25,18-21,'HOU',trails
290,290,290,200112200HOU,47.5,6.5,1st quarter,1:57.0,Moochie Norris,HOU,False,3-pointer,24,18-23,'HOU',trails
291,291,291,200112200HOU,24.0,5.0,1st quarter,1:27.0,Moochie Norris,HOU,False,2-pointer,0,18-23,'HOU',trails
292,292,292,200112200HOU,46.6,13.9,1st quarter,1:19.0,Moochie Norris,HOU,False,3-pointer,24,18-23,'HOU',trails
293,293,293,200112200HOU,18.2,30.7,1st quarter,0:34.1,Moochie Norris,HOU,False,3-pointer,26,18-25,'HOU',trails
294,294,294,200112200HOU,1.1,6.3,1st quarter,0:03.9,Óscar Torres,HOU,True,3-pointer,23,21-27,'HOU',trails
295,295,295,200112200HOU,32.7,5.0,2nd quarter,11:42.0,Eddie Griffin,HOU,False,2-pointer,9,21-27,'HOU',trails
296,296,296,200112200HOU,7.6,24.0,2nd quarter,11:37.0,Walt Williams,HOU,True,3-pointer,25,24-27,'HOU',trails
297,297,297,200112200HOU,17.3,29.1,2nd quarter,10:52.0,Eddie Griffin,HOU,True,3-pointer,25,27-29,'HOU',trails
298,298,298,200112200HOU,13.1,11.6,2nd quarter,10:10.0,Kevin Willis,HOU,False,2-pointer,13,27-31,'HOU',trails
299,299,299,200112200HOU,34.6,19.6,2nd quarter,9:31.0,Tierre Brown,HOU,False,2-pointer,18,27-31,'HOU',trails
300,300,300,200112200HOU,5.3,10.9,2nd quarter,8:44.0,Tierre Brown,HOU,True,2-pointer,20,29-33,'HOU',trails
301,301,301,200112200HOU,42.4,21.7,2nd quarter,8:26.0,Walt Williams,HOU,False,3-pointer,25,29-33,'HOU',trails
302,302,302,200112200HOU,38.2,25.3,2nd quarter,7:15.0,Óscar Torres,HOU,True,3-pointer,25,34-39,'HOU',trails
303,303,303,200112200HOU,15.8,5.2,2nd quarter,6:49.0,Kevin Willis,HOU,False,2-pointer,8,34-39,'HOU',trails
304,304,304,200112200HOU,31.9,16.6,2nd quarter,6:13.0,Walt Williams,HOU,True,2-pointer,14,36-41,'HOU',trails
305,305,305,200112200HOU,24.0,5.0,2nd quarter,5:24.0,Tierre Brown,HOU,False,2-pointer,0,36-41,'HOU',trails
306,306,306,200112200HOU,24.0,5.0,2nd quarter,5:09.0,Moochie Norris,HOU,True,2-pointer,0,38-41,'HOU',trails
307,307,307,200112200HOU,44.5,4.4,2nd quarter,4:37.0,Walt Williams,HOU,True,2-pointer,21,40-41,'HOU',trails
308,308,308,200112200HOU,24.0,5.0,2nd quarter,4:09.0,Kevin Willis,HOU,True,2-pointer,0,42-41,'HOU',leads
309,309,309,200112200HOU,29.8,5.2,2nd quarter,3:25.0,Eddie Griffin,HOU,False,2-pointer,6,42-43,'HOU',trails
310,310,310,200112200HOU,24.0,5.0,2nd quarter,3:21.0,Kelvin Cato,HOU,True,2-pointer,0,44-43,'HOU',leads
311,311,311,200112200HOU,24.0,5.0,2nd quarter,2:48.0,Eddie Griffin,HOU,True,2-pointer,0,46-46,'HOU',tied
312,312,312,200112200HOU,36.7,22.3,2nd quarter,1:57.0,Moochie Norris,HOU,True,2-pointer,21,49-49,'HOU',tied
313,313,313,200112200HOU,39.7,20.6,2nd quarter,1:26.0,Óscar Torres,HOU,False,2-pointer,22,49-51,'HOU',trails
314,314,314,200112200HOU,24.0,5.0,2nd quarter,0:44.4,Moochie Norris,HOU,False,2-pointer,0,49-53,'HOU',trails
315,315,315,200112200HOU,41.8,4.4,2nd quarter,0:13.0,Óscar Torres,HOU,True,2-pointer,18,51-53,'HOU',trails
316,316,316,200112200HOU,37.6,26.9,3rd quarter,11:41.0,Eddie Griffin,HOU,False,3-pointer,26,51-53,'HOU',trails
317,317,317,200112200HOU,24.0,5.0,3rd quarter,10:43.0,Eddie Griffin,HOU,True,2-pointer,0,54-53,'HOU',leads
318,318,318,200112200HOU,39.7,17.2,3rd quarter,10:18.0,Moochie Norris,HOU,False,2-pointer,20,54-53,'HOU',leads
319,319,319,200112200HOU,38.2,5.2,3rd quarter,9:38.0,Moochie Norris,HOU,False,2-pointer,14,54-56,'HOU',trails
320,320,320,200112200HOU,22.2,12.0,3rd quarter,9:32.0,Kelvin Cato,HOU,False,2-pointer,7,54-56,'HOU',trails
321,321,321,200112200HOU,34.0,20.0,3rd quarter,7:53.0,Cuttino Mobley,HOU,False,2-pointer,18,54-60,'HOU',trails
322,322,322,200112200HOU,0.5,7.6,3rd quarter,7:20.0,Cuttino Mobley,HOU,True,3-pointer,24,57-63,'HOU',trails
323,323,323,200112200HOU,34.6,22.3,3rd quarter,7:02.0,Cuttino Mobley,HOU,True,2-pointer,20,59-63,'HOU',trails
324,324,324,200112200HOU,8.3,5.9,3rd quarter,6:26.0,Walt Williams,HOU,True,2-pointer,16,61-65,'HOU',trails
325,325,325,200112200HOU,41.8,24.0,3rd quarter,5:51.0,Eddie Griffin,HOU,False,3-pointer,26,61-67,'HOU',trails
326,326,326,200112200HOU,24.0,5.0,3rd quarter,5:35.0,Walt Williams,HOU,False,2-pointer,0,61-67,'HOU',trails
327,327,327,200112200HOU,24.0,5.0,3rd quarter,5:00.0,Eddie Griffin,HOU,True,2-pointer,0,63-70,'HOU',trails
328,328,328,200112200HOU,13.7,21.3,3rd quarter,4:01.0,Cuttino Mobley,HOU,False,2-pointer,19,63-72,'HOU',trails
329,329,329,200112200HOU,11.0,19.6,3rd quarter,3:31.0,Eddie Griffin,HOU,True,2-pointer,20,65-74,'HOU',trails
330,330,330,200112200HOU,46.6,13.9,3rd quarter,2:26.0,Walt Williams,HOU,False,3-pointer,24,65-77,'HOU',trails
331,331,331,200112200HOU,8.9,24.6,3rd quarter,1:57.0,Eddie Griffin,HOU,False,3-pointer,25,65-78,'HOU',trails
332,332,332,200112200HOU,3.2,14.9,3rd quarter,1:35.0,Óscar Torres,HOU,False,2-pointer,23,65-78,'HOU',trails
333,333,333,200112200HOU,24.0,5.0,3rd quarter,1:30.0,Kelvin Cato,HOU,False,2-pointer,0,65-78,'HOU',trails
334,334,334,200112200HOU,36.7,16.0,3rd quarter,0:38.9,Tierre Brown,HOU,False,2-pointer,17,66-82,'HOU',trails
335,335,335,200112200HOU,24.0,5.0,3rd quarter,0:09.7,Tierre Brown,HOU,True,2-pointer,0,68-82,'HOU',trails
336,336,336,200112200HOU,24.0,5.0,4th quarter,11:11.0,Tierre Brown,HOU,True,2-pointer,0,71-82,'HOU',trails
337,337,337,200112200HOU,24.0,5.0,4th quarter,10:42.0,Óscar Torres,HOU,False,2-pointer,0,72-82,'HOU',trails
338,338,338,200112200HOU,20.3,8.8,4th quarter,10:36.0,Tierre Brown,HOU,False,2-pointer,5,72-82,'HOU',trails
339,339,339,200112200HOU,20.9,9.9,4th quarter,10:34.0,Eddie Griffin,HOU,False,2-pointer,6,72-82,'HOU',trails
340,340,340,200112200HOU,24.0,5.0,4th quarter,10:09.0,Cuttino Mobley,HOU,True,2-pointer,0,74-82,'HOU',trails
341,341,341,200112200HOU,41.8,4.4,4th quarter,9:40.0,Cuttino Mobley,HOU,True,2-pointer,18,76-84,'HOU',trails
342,342,342,200112200HOU,39.0,25.3,4th quarter,9:14.0,Cuttino Mobley,HOU,False,3-pointer,25,76-84,'HOU',trails
343,343,343,200112200HOU,43.3,21.3,4th quarter,8:26.0,Walt Williams,HOU,False,3-pointer,25,78-86,'HOU',trails
344,344,344,200112200HOU,24.0,5.0,4th quarter,7:45.0,Walt Williams,HOU,True,2-pointer,0,80-88,'HOU',trails
345,345,345,200112200HOU,24.9,12.0,4th quarter,7:18.0,Cuttino Mobley,HOU,True,2-pointer,7,82-88,'HOU',trails
346,346,346,200112200HOU,10.4,9.9,4th quarter,6:54.0,Moochie Norris,HOU,True,2-pointer,14,85-88,'HOU',trails
347,347,347,200112200HOU,35.5,9.2,4th quarter,5:22.0,Eddie Griffin,HOU,False,2-pointer,12,87-90,'HOU',trails
348,348,348,200112200HOU,28.5,22.3,4th quarter,5:11.0,Moochie Norris,HOU,True,2-pointer,18,89-90,'HOU',trails
349,349,349,200112200HOU,24.0,5.0,4th quarter,3:05.0,Walt Williams,HOU,False,2-pointer,0,92-95,'HOU',trails
350,350,350,200112200HOU,6.8,5.0,4th quarter,2:00.0,Kevin Willis,HOU,False,2-pointer,17,92-100,'HOU',trails
351,351,351,200112200HOU,24.0,5.0,4th quarter,1:42.0,Walt Williams,HOU,False,2-pointer,0,92-100,'HOU',trails
352,352,352,200112200HOU,40.5,25.3,4th quarter,1:10.0,Eddie Griffin,HOU,False,3-pointer,26,92-101,'HOU',trails
353,353,353,200112200HOU,0.5,6.9,4th quarter,1:04.0,Walt Williams,HOU,True,3-pointer,24,95-101,'HOU',trails
354,354,354,200112200HOU,10.4,26.9,4th quarter,0:30.1,Cuttino Mobley,HOU,False,3-pointer,26,95-103,'HOU',trails
355,355,355,200112200HOU,24.1,23.4,4th quarter,0:23.5,Cuttino Mobley,HOU,True,2-pointer,18,97-103,'HOU',trails
356,356,356,200112200HOU,24.0,5.0,4th quarter,0:17.2,Óscar Torres,HOU,True,2-pointer,0,99-103,'HOU',trails
357,357,357,200112200HOU,30.6,12.6,4th quarter,0:08.6,Cuttino Mobley,HOU,True,2-pointer,10,101-105,'HOU',trails
358,358,358,200112200HOU,8.9,19.6,4th quarter,0:00.0,Cuttino Mobley,HOU,False,2-pointer,21,101-107,'HOU',trails
359,359,359,200112200NYK,33.6,2.5,1st quarter,11:09.0,Pau Gasol,MEM,False,2-pointer,10,0-2,'NYK',trails
360,360,360,200112200NYK,8.9,16.6,1st quarter,10:32.0,Pau Gasol,MEM,False,2-pointer,19,0-2,'NYK',trails
361,361,361,200112200NYK,20.5,10.1,1st quarter,10:14.0,Pau Gasol,MEM,False,2-pointer,6,0-2,'NYK',trails
362,362,362,200112200NYK,35.3,27.2,1st quarter,9:56.0,Jason Williams,MEM,False,3-pointer,25,0-2,'NYK',trails
363,363,363,200112200NYK,5.5,3.9,1st quarter,9:19.0,Grant Long,MEM,False,2-pointer,19,0-2,'NYK',trails
364,364,364,200112200NYK,36.9,3.1,1st quarter,9:04.0,Stromile Swift,MEM,False,2-pointer,13,0-2,'NYK',trails
365,365,365,200112200NYK,24.0,5.0,1st quarter,9:01.0,Shane Battier,MEM,False,2-pointer,0,0-2,'NYK',trails
366,366,366,200112200NYK,24.0,5.0,1st quarter,8:08.0,Stromile Swift,MEM,True,2-pointer,0,2-2,'NYK',tied
367,367,367,200112200NYK,24.0,5.0,1st quarter,7:30.0,Shane Battier,MEM,True,2-pointer,0,4-4,'NYK',tied
368,368,368,200112200NYK,24.0,5.0,1st quarter,6:58.0,Grant Long,MEM,False,2-pointer,0,4-6,'NYK',trails
369,369,369,200112200NYK,24.0,5.0,1st quarter,6:44.0,Stromile Swift,MEM,True,2-pointer,0,6-6,'NYK',tied
370,370,370,200112200NYK,23.6,11.6,1st quarter,6:04.0,Grant Long,MEM,True,2-pointer,7,8-6,'NYK',leads
371,371,371,200112200NYK,38.4,16.6,1st quarter,5:41.0,Jason Williams,MEM,False,2-pointer,18,8-6,'NYK',leads
372,372,372,200112200NYK,46.8,1.6,1st quarter,5:01.0,Shane Battier,MEM,False,3-pointer,23,9-6,'NYK',leads
373,373,373,200112200NYK,16.3,8.0,1st quarter,4:27.0,Stromile Swift,MEM,True,2-pointer,8,11-8,'NYK',leads
374,374,374,200112200NYK,26.0,25.0,1st quarter,3:46.0,Stromile Swift,MEM,False,2-pointer,20,12-8,'NYK',leads
375,375,375,200112200NYK,8.9,3.9,1st quarter,3:07.0,Shane Battier,MEM,True,2-pointer,15,14-8,'NYK',leads
376,376,376,200112200NYK,24.0,5.0,1st quarter,2:21.0,Pau Gasol,MEM,False,2-pointer,0,15-8,'NYK',leads
377,377,377,200112200NYK,24.0,5.0,1st quarter,1:56.0,Stromile Swift,MEM,False,2-pointer,0,15-8,'NYK',leads
378,378,378,200112200NYK,24.0,5.0,1st quarter,1:55.0,Stromile Swift,MEM,False,2-pointer,0,15-8,'NYK',leads
379,379,379,200112200NYK,35.3,9.5,1st quarter,1:41.0,Brevin Knight,MEM,False,2-pointer,12,15-10,'NYK',leads
380,380,380,200112200NYK,24.0,5.0,1st quarter,1:11.0,Pau Gasol,MEM,True,2-pointer,0,17-12,'NYK',leads
381,381,381,200112200NYK,12.1,5.0,2nd quarter,10:34.0,Rodney Buford,MEM,False,2-pointer,12,18-16,'NYK',leads
382,382,382,200112200NYK,12.9,4.4,2nd quarter,9:54.0,Pau Gasol,MEM,False,2-pointer,11,18-16,'NYK',leads
383,383,383,200112200NYK,24.0,5.0,2nd quarter,9:50.0,Shane Battier,MEM,True,2-pointer,0,20-16,'NYK',leads
384,384,384,200112200NYK,9.5,1.4,2nd quarter,9:11.0,Shane Battier,MEM,True,2-pointer,15,22-18,'NYK',leads
385,385,385,200112200NYK,37.6,15.6,2nd quarter,8:42.0,Brevin Knight,MEM,True,2-pointer,17,24-18,'NYK',leads
386,386,386,200112200NYK,39.0,12.0,2nd quarter,8:02.0,Brevin Knight,MEM,False,2-pointer,17,24-18,'NYK',leads
387,387,387,200112200NYK,39.0,12.0,2nd quarter,7:29.0,Brevin Knight,MEM,True,2-pointer,17,26-20,'NYK',leads
388,388,388,200112200NYK,13.7,4.4,2nd quarter,6:49.0,Rodney Buford,MEM,True,2-pointer,10,28-22,'NYK',leads
389,389,389,200112200NYK,12.9,17.0,2nd quarter,6:19.0,Jason Williams,MEM,True,2-pointer,16,30-24,'NYK',leads
390,390,390,200112200NYK,24.0,5.0,2nd quarter,5:23.0,Shane Battier,MEM,False,2-pointer,0,30-26,'NYK',leads
391,391,391,200112200NYK,8.7,2.9,2nd quarter,5:13.0,Stromile Swift,MEM,False,2-pointer,15,30-26,'NYK',leads
392,392,392,200112200NYK,9.5,12.8,2nd quarter,4:43.0,Pau Gasol,MEM,True,2-pointer,16,32-28,'NYK',leads
393,393,393,200112200NYK,29.1,19.1,2nd quarter,4:11.0,Jason Williams,MEM,True,2-pointer,15,34-28,'NYK',leads
394,394,394,200112200NYK,9.5,25.7,2nd quarter,3:47.0,Jason Williams,MEM,False,3-pointer,25,34-28,'NYK',leads
395,395,395,200112200NYK,28.3,19.1,2nd quarter,3:29.0,Jason Williams,MEM,True,2-pointer,15,36-28,'NYK',leads
396,396,396,200112200NYK,39.9,4.4,2nd quarter,2:47.0,Pau Gasol,MEM,False,2-pointer,16,36-30,'NYK',leads
397,397,397,200112200NYK,32.5,7.1,2nd quarter,1:47.0,Stromile Swift,MEM,False,2-pointer,9,36-30,'NYK',leads
398,398,398,200112200NYK,24.0,5.0,2nd quarter,1:14.0,Pau Gasol,MEM,True,2-pointer,0,38-33,'NYK',leads
399,399,399,200112200NYK,16.9,2.9,2nd quarter,0:39.2,Stromile Swift,MEM,True,2-pointer,7,40-35,'NYK',leads
400,400,400,200112200NYK,46.6,0.8,2nd quarter,0:05.4,Shane Battier,MEM,False,3-pointer,23,40-37,'NYK',leads
401,401,401,200112200NYK,21.1,9.9,3rd quarter,11:44.0,Shane Battier,MEM,True,2-pointer,6,42-37,'NYK',leads
402,402,402,200112200NYK,24.0,5.0,3rd quarter,11:12.0,Shane Battier,MEM,True,2-pointer,0,44-39,'NYK',leads
403,403,403,200112200NYK,1.1,3.7,3rd quarter,9:54.0,Shane Battier,MEM,True,3-pointer,23,47-43,'NYK',leads
404,404,404,200112200NYK,8.7,4.4,3rd quarter,9:29.0,Jason Williams,MEM,False,2-pointer,15,47-43,'NYK',leads
405,405,405,200112200NYK,24.0,5.0,3rd quarter,9:02.0,Pau Gasol,MEM,True,2-pointer,0,49-43,'NYK',leads
406,406,406,200112200NYK,13.7,2.3,3rd quarter,8:34.0,Grant Long,MEM,True,2-pointer,11,51-43,'NYK',leads
407,407,407,200112200NYK,24.0,5.0,3rd quarter,7:52.0,Stromile Swift,MEM,True,2-pointer,0,53-43,'NYK',leads
408,408,408,200112200NYK,2.8,20.0,3rd quarter,7:18.0,Jason Williams,MEM,False,3-pointer,26,53-46,'NYK',leads
409,409,409,200112200NYK,8.7,1.4,3rd quarter,5:47.0,Tony Massenburg,MEM,True,2-pointer,16,58-48,'NYK',leads
410,410,410,200112200NYK,12.9,5.7,3rd quarter,5:01.0,Tony Massenburg,MEM,True,2-pointer,11,60-50,'NYK',leads
411,411,411,200112200NYK,5.3,25.7,3rd quarter,4:16.0,Jason Williams,MEM,False,3-pointer,28,60-52,'NYK',leads
412,412,412,200112200NYK,24.0,5.0,3rd quarter,4:12.0,Pau Gasol,MEM,False,2-pointer,0,60-52,'NYK',leads
413,413,413,200112200NYK,24.0,5.0,3rd quarter,4:11.0,Tony Massenburg,MEM,True,2-pointer,0,62-52,'NYK',leads
414,414,414,200112200NYK,0.2,2.3,3rd quarter,3:39.0,Shane Battier,MEM,False,3-pointer,24,62-54,'NYK',leads
415,415,415,200112200NYK,5.3,2.9,3rd quarter,3:24.0,Grant Long,MEM,True,2-pointer,19,64-54,'NYK',leads
416,416,416,200112200NYK,24.0,5.0,3rd quarter,2:26.0,Pau Gasol,MEM,True,2-pointer,0,68-56,'NYK',leads
417,417,417,200112200NYK,24.0,5.0,3rd quarter,0:44.4,Stromile Swift,MEM,False,2-pointer,0,71-60,'NYK',leads
418,418,418,200112200NYK,7.0,11.3,3rd quarter,0:25.1,Shane Battier,MEM,True,2-pointer,18,73-60,'NYK',leads
419,419,419,200112200NYK,24.0,5.0,4th quarter,11:29.0,Pau Gasol,MEM,False,2-pointer,0,74-67,'NYK',leads
420,420,420,200112200NYK,39.9,5.7,4th quarter,10:00.0,Brevin Knight,MEM,False,2-pointer,16,74-72,'NYK',leads
421,421,421,200112200NYK,9.5,15.6,4th quarter,8:39.0,Rodney Buford,MEM,True,2-pointer,18,76-74,'NYK',leads
422,422,422,200112200NYK,24.0,5.0,4th quarter,7:54.0,Jason Williams,MEM,False,2-pointer,0,76-76,'NYK',tied
423,423,423,200112200NYK,7.0,26.9,4th quarter,6:28.0,Jason Williams,MEM,False,3-pointer,28,78-80,'NYK',trails
424,424,424,200112200NYK,12.1,2.3,4th quarter,6:04.0,Rodney Buford,MEM,False,2-pointer,12,78-80,'NYK',trails
425,425,425,200112200NYK,9.5,4.4,4th quarter,5:36.0,Stromile Swift,MEM,False,2-pointer,15,78-83,'NYK',trails
426,426,426,200112200NYK,7.0,12.8,4th quarter,5:00.0,Grant Long,MEM,False,2-pointer,19,78-83,'NYK',trails
427,427,427,200112200NYK,21.1,9.9,4th quarter,4:03.0,Shane Battier,MEM,True,2-pointer,6,80-83,'NYK',trails
428,428,428,200112200NYK,30.0,5.7,4th quarter,3:33.0,Stromile Swift,MEM,False,2-pointer,6,80-83,'NYK',trails
429,429,429,200112200NYK,38.2,24.8,4th quarter,2:51.0,Grant Long,MEM,True,3-pointer,24,83-85,'NYK',trails
430,430,430,200112200NYK,24.0,5.0,4th quarter,2:25.0,Stromile Swift,MEM,False,2-pointer,0,83-85,'NYK',trails
431,431,431,200112200NYK,8.7,26.9,4th quarter,1:14.0,Jason Williams,MEM,True,3-pointer,27,88-85,'NYK',leads
432,432,432,200112200NYK,40.7,1.4,4th quarter,0:09.8,Shane Battier,MEM,True,2-pointer,17,90-88,'NYK',leads
433,433,433,200112200NYK,8.0,13.0,1st quarter,11:35.0,Latrell Sprewell,NYK,True,2-pointer,18,2-0,'NYK',leads
434,434,434,200112200NYK,24.0,5.0,1st quarter,10:56.0,Marcus Camby,NYK,False,2-pointer,0,2-0,'NYK',leads
435,435,435,200112200NYK,6.4,13.0,1st quarter,10:03.0,Latrell Sprewell,NYK,False,2-pointer,19,2-0,'NYK',leads
436,436,436,200112200NYK,47.5,1.6,1st quarter,8:16.0,Allan Houston,NYK,False,3-pointer,24,2-0,'NYK',leads
437,437,437,200112200NYK,18.8,13.0,1st quarter,7:56.0,Allan Houston,NYK,True,2-pointer,10,4-2,'NYK',leads
438,438,438,200112200NYK,24.0,5.0,1st quarter,6:50.0,Marcus Camby,NYK,False,2-pointer,0,6-4,'NYK',leads
439,439,439,200112200NYK,40.1,1.6,1st quarter,6:26.0,Allan Houston,NYK,False,2-pointer,16,6-6,'NYK',tied
440,440,440,200112200NYK,6.4,2.5,1st quarter,5:50.0,Latrell Sprewell,NYK,False,2-pointer,18,6-8,'NYK',trails
441,441,441,200112200NYK,41.8,20.8,1st quarter,5:32.0,Allan Houston,NYK,False,3-pointer,24,6-8,'NYK',trails
442,442,442,200112200NYK,10.6,11.6,1st quarter,5:15.0,Othella Harrington,NYK,False,2-pointer,15,6-8,'NYK',trails
443,443,443,200112200NYK,24.0,5.0,1st quarter,4:41.0,Mark Jackson,NYK,True,2-pointer,0,8-9,'NYK',trails
444,444,444,200112200NYK,40.1,1.6,1st quarter,3:58.0,Travis Knight,NYK,False,2-pointer,16,8-12,'NYK',trails
445,445,445,200112200NYK,39.3,18.7,1st quarter,3:30.0,Latrell Sprewell,NYK,False,2-pointer,21,8-12,'NYK',trails
446,446,446,200112200NYK,24.0,5.0,1st quarter,1:49.0,Travis Knight,NYK,True,2-pointer,0,10-15,'NYK',trails
447,447,447,200112200NYK,36.9,18.7,1st quarter,1:30.0,Latrell Sprewell,NYK,True,2-pointer,19,12-15,'NYK',trails
448,448,448,200112200NYK,24.0,5.0,1st quarter,0:26.8,Othella Harrington,NYK,False,2-pointer,0,12-18,'NYK',trails
449,449,449,200112200NYK,24.0,5.0,1st quarter,0:05.1,Travis Knight,NYK,False,2-pointer,0,12-18,'NYK',trails
450,450,450,200112200NYK,24.0,5.0,1st quarter,0:01.6,Mark Jackson,NYK,True,2-pointer,0,14-18,'NYK',trails
451,451,451,200112200NYK,42.4,22.1,2nd quarter,11:22.0,Allan Houston,NYK,False,3-pointer,25,14-18,'NYK',trails
452,452,452,200112200NYK,39.0,6.3,2nd quarter,10:53.0,Othella Harrington,NYK,True,2-pointer,15,16-18,'NYK',trails
453,453,453,200112200NYK,35.9,6.3,2nd quarter,10:01.0,Othella Harrington,NYK,False,2-pointer,12,16-18,'NYK',trails
454,454,454,200112200NYK,24.0,5.0,2nd quarter,9:33.0,Othella Harrington,NYK,True,2-pointer,0,18-20,'NYK',trails
455,455,455,200112200NYK,7.0,4.4,2nd quarter,8:55.0,Allan Houston,NYK,False,2-pointer,17,18-22,'NYK',trails
456,456,456,200112200NYK,24.0,5.0,2nd quarter,8:53.0,Othella Harrington,NYK,False,2-pointer,0,18-22,'NYK',trails
457,457,457,200112200NYK,24.0,5.0,2nd quarter,8:19.0,Shandon Anderson,NYK,False,2-pointer,0,18-24,'NYK',trails
458,458,458,200112200NYK,24.0,5.0,2nd quarter,8:15.0,Shandon Anderson,NYK,False,2-pointer,0,18-24,'NYK',trails
459,459,459,200112200NYK,38.2,9.9,2nd quarter,7:54.0,Charlie Ward,NYK,True,2-pointer,15,20-24,'NYK',trails
460,460,460,200112200NYK,8.7,11.3,2nd quarter,6:01.0,Allan Houston,NYK,True,2-pointer,17,26-30,'NYK',trails
461,461,461,200112200NYK,35.9,2.9,2nd quarter,5:40.0,Marcus Camby,NYK,False,2-pointer,12,26-30,'NYK',trails
462,462,462,200112200NYK,14.4,2.9,2nd quarter,4:58.0,Latrell Sprewell,NYK,True,2-pointer,10,28-30,'NYK',trails
463,463,463,200112200NYK,24.0,5.0,2nd quarter,3:55.0,Kurt Thomas,NYK,False,2-pointer,0,28-34,'NYK',trails
464,464,464,200112200NYK,24.0,5.0,2nd quarter,3:35.0,Latrell Sprewell,NYK,False,2-pointer,0,28-34,'NYK',trails
465,465,465,200112200NYK,9.5,15.6,2nd quarter,3:13.0,Charlie Ward,NYK,False,2-pointer,18,28-36,'NYK',trails
466,466,466,200112200NYK,24.0,5.0,2nd quarter,3:07.0,Allan Houston,NYK,True,2-pointer,0,30-36,'NYK',trails
467,467,467,200112200NYK,41.6,17.0,2nd quarter,2:38.0,Allan Houston,NYK,False,2-pointer,21,30-36,'NYK',trails
468,468,468,200112200NYK,11.2,26.3,2nd quarter,2:02.0,Mark Jackson,NYK,False,3-pointer,25,30-36,'NYK',trails
469,469,469,200112200NYK,39.0,24.2,2nd quarter,1:36.0,Latrell Sprewell,NYK,True,3-pointer,24,33-36,'NYK',trails
470,470,470,200112200NYK,24.0,5.0,2nd quarter,0:59.9,Othella Harrington,NYK,True,2-pointer,0,35-38,'NYK',trails
471,471,471,200112200NYK,37.6,18.5,2nd quarter,0:27.9,Latrell Sprewell,NYK,True,2-pointer,19,37-40,'NYK',trails
472,472,472,200112200NYK,24.0,5.0,3rd quarter,11:30.0,Mark Jackson,NYK,True,2-pointer,0,39-42,'NYK',trails
473,473,473,200112200NYK,24.0,5.0,3rd quarter,10:48.0,Kurt Thomas,NYK,True,2-pointer,0,41-44,'NYK',trails
474,474,474,200112200NYK,5.3,16.4,3rd quarter,10:16.0,Allan Houston,NYK,True,2-pointer,22,43-44,'NYK',trails
475,475,475,200112200NYK,12.1,2.9,3rd quarter,9:37.0,Latrell Sprewell,NYK,False,2-pointer,12,43-47,'NYK',trails
476,476,476,200112200NYK,47.3,3.7,3rd quarter,9:19.0,Allan Houston,NYK,False,3-pointer,23,43-47,'NYK',trails
477,477,477,200112200NYK,43.3,20.0,3rd quarter,8:16.0,Latrell Sprewell,NYK,False,3-pointer,24,43-51,'NYK',trails
478,478,478,200112200NYK,1.1,4.4,3rd quarter,7:36.0,Mark Jackson,NYK,True,3-pointer,23,46-53,'NYK',trails
479,479,479,200112200NYK,9.5,10.5,3rd quarter,6:08.0,Allan Houston,NYK,True,2-pointer,16,48-56,'NYK',trails
480,480,480,200112200NYK,4.5,14.1,3rd quarter,5:27.0,Allan Houston,NYK,True,2-pointer,22,50-58,'NYK',trails
481,481,481,200112200NYK,10.4,1.4,3rd quarter,4:42.0,Allan Houston,NYK,True,2-pointer,14,52-60,'NYK',trails
482,482,482,200112200NYK,24.0,5.0,3rd quarter,3:57.0,Othella Harrington,NYK,True,2-pointer,0,54-62,'NYK',trails
483,483,483,200112200NYK,42.4,9.2,3rd quarter,3:05.0,Allan Houston,NYK,True,2-pointer,19,56-64,'NYK',trails
484,484,484,200112200NYK,24.0,5.0,3rd quarter,2:32.0,Allan Houston,NYK,False,2-pointer,0,56-66,'NYK',trails
485,485,485,200112200NYK,46.6,1.4,3rd quarter,2:15.0,Mark Jackson,NYK,False,3-pointer,23,56-69,'NYK',trails
486,486,486,200112200NYK,24.0,5.0,3rd quarter,2:12.0,Travis Knight,NYK,True,2-pointer,0,58-69,'NYK',trails
487,487,487,200112200NYK,12.1,8.4,3rd quarter,1:01.0,Latrell Sprewell,NYK,False,2-pointer,12,58-71,'NYK',trails
488,488,488,200112200NYK,24.0,5.0,3rd quarter,1:00.0,Mark Jackson,NYK,True,2-pointer,0,60-71,'NYK',trails
489,489,489,200112200NYK,35.9,20.6,3rd quarter,0:11.3,Travis Knight,NYK,True,2-pointer,20,62-73,'NYK',trails
490,490,490,200112200NYK,11.2,2.3,4th quarter,11:45.0,Latrell Sprewell,NYK,True,2-pointer,13,67-74,'NYK',trails
491,491,491,200112200NYK,7.8,23.6,4th quarter,11:23.0,Latrell Sprewell,NYK,True,3-pointer,25,70-74,'NYK',trails
492,492,492,200112200NYK,32.5,22.1,4th quarter,10:44.0,Latrell Sprewell,NYK,True,2-pointer,19,72-74,'NYK',trails
493,493,493,200112200NYK,39.9,2.9,4th quarter,10:13.0,Charlie Ward,NYK,False,2-pointer,16,72-74,'NYK',trails
494,494,494,200112200NYK,11.2,20.0,4th quarter,8:55.0,Latrell Sprewell,NYK,False,2-pointer,20,74-74,'NYK',tied
495,495,495,200112200NYK,24.0,5.0,4th quarter,8:17.0,Latrell Sprewell,NYK,True,2-pointer,0,76-76,'NYK',tied
496,496,496,200112200NYK,24.0,5.0,4th quarter,7:49.0,Latrell Sprewell,NYK,True,2-pointer,0,78-76,'NYK',leads
497,497,497,200112200NYK,7.0,3.7,4th quarter,7:12.0,Latrell Sprewell,NYK,False,2-pointer,17,78-78,'NYK',tied
498,498,498,200112200NYK,24.9,25.7,4th quarter,6:47.0,Allan Houston,NYK,True,2-pointer,21,80-78,'NYK',leads
499,499,499,200112200NYK,24.0,5.0,4th quarter,5:57.0,Latrell Sprewell,NYK,True,2-pointer,0,82-78,'NYK',leads
500,500,500,200112200NYK,5.3,11.3,4th quarter,5:15.0,Allan Houston,NYK,False,2-pointer,20,83-78,'NYK',leads
501,501,501,200112200NYK,18.6,8.4,4th quarter,4:34.0,Mark Jackson,NYK,False,2-pointer,6,83-78,'NYK',leads
502,502,502,200112200NYK,24.0,5.0,4th quarter,3:44.0,Latrell Sprewell,NYK,False,2-pointer,0,83-80,'NYK',leads
503,503,503,200112200NYK,8.7,3.7,4th quarter,3:09.0,Allan Houston,NYK,True,2-pointer,15,85-80,'NYK',leads
504,504,504,200112200NYK,8.7,17.0,4th quarter,2:32.0,Allan Houston,NYK,False,2-pointer,19,85-83,'NYK',leads
505,505,505,200112200NYK,24.0,5.0,4th quarter,2:02.0,Kurt Thomas,NYK,False,2-pointer,0,85-85,'NYK',tied
506,506,506,200112200NYK,14.4,2.9,4th quarter,1:37.0,Latrell Sprewell,NYK,False,2-pointer,10,85-85,'NYK',tied
507,507,507,200112200NYK,41.6,22.1,4th quarter,0:58.9,Allan Houston,NYK,True,3-pointer,25,88-88,'NYK',tied
508,508,508,200112200NYK,24.1,9.9,4th quarter,0:05.9,Marcus Camby,NYK,False,2-pointer,5,88-90,'NYK',trails
509,509,509,200112200NYK,24.0,5.0,4th quarter,0:03.7,Marcus Camby,NYK,False,2-pointer,0,88-90,'NYK',trails
510,510,510,200112200NYK,24.0,5.0,4th quarter,0:02.6,Kurt Thomas,NYK,False,2-pointer,0,88-90,'NYK',trails
511,511,511,200112200NYK,20.3,9.9,4th quarter,0:00.9,Mark Jackson,NYK,False,2-pointer,6,88-90,'NYK',trails
512,512,512,200112200NYK,24.0,5.0,4th quarter,0:00.2,Marcus Camby,NYK,False,2-pointer,0,88-90,'NYK',trails
513,513,513,200112200TOR,24.7,10.1,1st quarter,11:36.0,Trenton Hassell,CHI,False,2-pointer,5,0-0,'TOR',tied
514,514,514,200112200TOR,26.2,12.2,1st quarter,11:25.0,Brad Miller,CHI,True,2-pointer,8,2-0,'TOR',leads
515,515,515,200112200TOR,9.9,17.9,1st quarter,10:53.0,Trenton Hassell,CHI,True,2-pointer,19,4-0,'TOR',leads
516,516,516,200112200TOR,7.8,12.2,1st quarter,10:17.0,Ron Mercer,CHI,False,2-pointer,18,4-0,'TOR',leads
517,517,517,200112200TOR,24.0,5.0,1st quarter,9:18.0,Ron Mercer,CHI,False,2-pointer,0,5-2,'TOR',leads
518,518,518,200112200TOR,24.0,5.0,1st quarter,9:14.0,Brad Miller,CHI,True,2-pointer,0,7-2,'TOR',leads
519,519,519,200112200TOR,23.6,11.8,1st quarter,8:38.0,Marcus Fizer,CHI,True,2-pointer,7,9-2,'TOR',leads
520,520,520,200112200TOR,36.9,21.9,1st quarter,8:12.0,Greg Anthony,CHI,True,2-pointer,21,11-2,'TOR',leads
521,521,521,200112200TOR,24.0,5.0,1st quarter,7:48.0,Brad Miller,CHI,True,2-pointer,0,13-2,'TOR',leads
522,522,522,200112200TOR,24.0,5.0,1st quarter,7:09.0,Greg Anthony,CHI,False,2-pointer,0,13-4,'TOR',leads
523,523,523,200112200TOR,40.7,11.1,1st quarter,6:50.0,Trenton Hassell,CHI,False,2-pointer,18,13-4,'TOR',leads
524,524,524,200112200TOR,25.6,26.5,1st quarter,6:18.0,Marcus Fizer,CHI,True,2-pointer,22,15-4,'TOR',leads
525,525,525,200112200TOR,18.4,9.0,1st quarter,5:58.0,Greg Anthony,CHI,False,2-pointer,7,15-4,'TOR',leads
526,526,526,200112200TOR,9.9,6.5,1st quarter,5:37.0,Ron Mercer,CHI,False,2-pointer,14,15-4,'TOR',leads
527,527,527,200112200TOR,9.9,8.4,1st quarter,5:15.0,Trenton Hassell,CHI,True,2-pointer,15,17-4,'TOR',leads
528,528,528,200112200TOR,23.6,21.5,1st quarter,4:35.0,Trenton Hassell,CHI,True,2-pointer,17,19-4,'TOR',leads
529,529,529,200112200TOR,24.0,5.0,1st quarter,4:13.0,Greg Anthony,CHI,False,2-pointer,0,19-4,'TOR',leads
530,530,530,200112200TOR,24.0,5.0,1st quarter,3:38.0,Brad Miller,CHI,False,2-pointer,0,21-6,'TOR',leads
531,531,531,200112200TOR,31.9,11.1,1st quarter,2:41.0,Brad Miller,CHI,False,2-pointer,10,23-8,'TOR',leads
532,532,532,200112200TOR,33.8,28.9,1st quarter,2:35.0,Greg Anthony,CHI,False,3-pointer,26,23-8,'TOR',leads
533,533,533,200112200TOR,4.0,7.1,1st quarter,2:09.0,Trenton Hassell,CHI,True,2-pointer,20,25-10,'TOR',leads
534,534,534,200112200TOR,24.0,5.0,1st quarter,1:39.0,Ron Mercer,CHI,False,2-pointer,0,25-10,'TOR',leads
535,535,535,200112200TOR,12.1,14.1,1st quarter,0:32.1,Greg Anthony,CHI,False,2-pointer,15,25-15,'TOR',leads
536,536,536,200112200TOR,22.2,21.5,1st quarter,0:00.4,Ron Mercer,CHI,False,2-pointer,17,25-17,'TOR',leads
537,537,537,200112200TOR,29.1,10.1,2nd quarter,11:44.0,Marcus Fizer,CHI,False,2-pointer,7,25-17,'TOR',leads
538,538,538,200112200TOR,10.6,11.8,2nd quarter,11:15.0,Charles Oakley,CHI,False,2-pointer,15,25-18,'TOR',leads
539,539,539,200112200TOR,24.0,5.0,2nd quarter,11:11.0,Marcus Fizer,CHI,True,2-pointer,0,27-18,'TOR',leads
540,540,540,200112200TOR,24.0,5.0,2nd quarter,10:11.0,Marcus Fizer,CHI,True,2-pointer,0,29-20,'TOR',leads
541,541,541,200112200TOR,4.9,4.6,2nd quarter,9:40.0,Metta World,CHI,False,2-pointer,19,29-20,'TOR',leads
542,542,542,200112200TOR,24.0,5.0,2nd quarter,9:22.0,Kevin Ollie,CHI,False,2-pointer,0,29-20,'TOR',leads
543,543,543,200112200TOR,15.6,9.5,2nd quarter,8:18.0,Marcus Fizer,CHI,True,2-pointer,10,31-22,'TOR',leads
544,544,544,200112200TOR,7.8,15.8,2nd quarter,7:47.0,Charles Oakley,CHI,True,2-pointer,19,33-22,'TOR',leads
545,545,545,200112200TOR,24.0,5.0,2nd quarter,6:43.0,Kevin Ollie,CHI,False,2-pointer,0,33-22,'TOR',leads
546,546,546,200112200TOR,7.8,3.5,2nd quarter,5:40.0,Marcus Fizer,CHI,False,2-pointer,16,33-23,'TOR',leads
547,547,547,200112200TOR,38.4,18.5,2nd quarter,5:31.0,Metta World,CHI,True,2-pointer,20,35-23,'TOR',leads
548,548,548,200112200TOR,24.0,5.0,2nd quarter,4:58.0,Brad Miller,CHI,False,2-pointer,0,35-23,'TOR',leads
549,549,549,200112200TOR,42.0,5.4,2nd quarter,4:36.0,Ron Mercer,CHI,True,2-pointer,18,37-25,'TOR',leads
550,550,550,200112200TOR,24.0,5.0,2nd quarter,3:46.0,Kevin Ollie,CHI,True,2-pointer,0,39-29,'TOR',leads
551,551,551,200112200TOR,31.3,17.5,2nd quarter,3:02.0,Marcus Fizer,CHI,False,2-pointer,14,39-31,'TOR',leads
552,552,552,200112200TOR,14.8,19.8,2nd quarter,2:26.0,Ron Mercer,CHI,True,2-pointer,17,41-33,'TOR',leads
553,553,553,200112200TOR,24.0,5.0,2nd quarter,1:45.0,Brad Miller,CHI,True,2-pointer,0,43-35,'TOR',leads
554,554,554,200112200TOR,24.0,5.0,2nd quarter,1:21.0,Kevin Ollie,CHI,False,2-pointer,0,43-36,'TOR',leads
555,555,555,200112200TOR,24.1,24.8,2nd quarter,1:16.0,Ron Mercer,CHI,False,2-pointer,20,43-36,'TOR',leads
556,556,556,200112200TOR,7.8,9.5,2nd quarter,0:50.6,Marcus Fizer,CHI,True,2-pointer,17,45-37,'TOR',leads
557,557,557,200112200TOR,24.0,5.0,2nd quarter,0:28.4,Marcus Fizer,CHI,True,2-pointer,0,47-37,'TOR',leads
558,558,558,200112200TOR,4.9,19.8,2nd quarter,0:00.2,Ron Mercer,CHI,False,3-pointer,24,47-39,'TOR',leads
559,559,559,200112200TOR,39.9,5.0,3rd quarter,11:39.0,Brad Miller,CHI,True,2-pointer,16,49-39,'TOR',leads
560,560,560,200112200TOR,9.1,9.5,3rd quarter,11:07.0,Brad Miller,CHI,True,2-pointer,16,51-39,'TOR',leads
561,561,561,200112200TOR,33.4,20.2,3rd quarter,10:10.0,Ron Mercer,CHI,True,2-pointer,18,53-42,'TOR',leads
562,562,562,200112200TOR,24.0,5.0,3rd quarter,9:21.0,Brad Miller,CHI,True,2-pointer,0,55-44,'TOR',leads
563,563,563,200112200TOR,24.0,5.0,3rd quarter,8:54.0,Greg Anthony,CHI,True,2-pointer,0,58-47,'TOR',leads
564,564,564,200112200TOR,25.6,12.2,3rd quarter,8:29.0,Brad Miller,CHI,False,2-pointer,7,58-47,'TOR',leads
565,565,565,200112200TOR,11.2,5.4,3rd quarter,7:48.0,Marcus Fizer,CHI,False,2-pointer,13,58-49,'TOR',leads
566,566,566,200112200TOR,24.0,5.0,3rd quarter,7:45.0,Brad Miller,CHI,False,2-pointer,0,58-49,'TOR',leads
567,567,567,200112200TOR,4.9,4.6,3rd quarter,7:13.0,Trenton Hassell,CHI,True,2-pointer,19,60-51,'TOR',leads
568,568,568,200112200TOR,24.0,5.0,3rd quarter,6:43.0,Greg Anthony,CHI,True,2-pointer,0,62-51,'TOR',leads
569,569,569,200112200TOR,34.8,7.1,3rd quarter,6:09.0,Brad Miller,CHI,False,2-pointer,11,62-51,'TOR',leads
570,570,570,200112200TOR,39.9,16.2,3rd quarter,5:38.0,Ron Mercer,CHI,False,2-pointer,19,62-51,'TOR',leads
571,571,571,200112200TOR,39.9,8.4,3rd quarter,5:04.0,Brad Miller,CHI,True,2-pointer,16,64-53,'TOR',leads
572,572,572,200112200TOR,22.2,29.9,3rd quarter,4:34.0,Marcus Fizer,CHI,False,3-pointer,25,64-53,'TOR',leads
573,573,573,200112200TOR,24.7,21.5,3rd quarter,4:09.0,Ron Mercer,CHI,True,2-pointer,17,66-53,'TOR',leads
574,574,574,200112200TOR,40.7,6.5,3rd quarter,3:00.0,Trenton Hassell,CHI,False,2-pointer,17,67-57,'TOR',leads
575,575,575,200112200TOR,31.9,9.0,3rd quarter,2:29.0,Metta World,CHI,True,2-pointer,9,69-59,'TOR',leads
576,576,576,200112200TOR,42.8,4.6,3rd quarter,2:02.0,Metta World,CHI,False,2-pointer,19,69-61,'TOR',leads
577,577,577,200112200TOR,41.4,9.0,3rd quarter,1:12.0,Greg Anthony,CHI,False,2-pointer,18,69-64,'TOR',leads
578,578,578,200112200TOR,17.7,7.8,3rd quarter,0:42.0,Tyson Chandler,CHI,False,2-pointer,7,69-64,'TOR',leads
579,579,579,200112200TOR,25.6,17.9,3rd quarter,0:34.4,Charles Oakley,CHI,True,2-pointer,13,71-64,'TOR',leads
580,580,580,200112200TOR,14.8,23.1,4th quarter,11:27.0,Ron Mercer,CHI,False,2-pointer,20,71-65,'TOR',leads
581,581,581,200112200TOR,12.7,15.1,4th quarter,10:48.0,Metta World,CHI,False,2-pointer,15,71-67,'TOR',leads
582,582,582,200112200TOR,24.0,5.0,4th quarter,10:28.0,Metta World,CHI,False,2-pointer,0,71-67,'TOR',leads
583,583,583,200112200TOR,25.6,11.1,4th quarter,8:08.0,Marcus Fizer,CHI,False,2-pointer,6,71-71,'TOR',tied
584,584,584,200112200TOR,17.7,9.0,4th quarter,7:41.0,Kevin Ollie,CHI,False,2-pointer,7,71-73,'TOR',trails
585,585,585,200112200TOR,10.6,9.5,4th quarter,7:15.0,Brad Miller,CHI,False,2-pointer,14,71-75,'TOR',trails
586,586,586,200112200TOR,24.0,5.0,4th quarter,4:32.0,Brad Miller,CHI,False,2-pointer,0,76-81,'TOR',trails
587,587,587,200112200TOR,24.0,5.0,4th quarter,3:44.0,Marcus Fizer,CHI,True,2-pointer,0,80-85,'TOR',trails
588,588,588,200112200TOR,24.0,5.0,4th quarter,2:43.0,Ron Mercer,CHI,True,2-pointer,0,84-87,'TOR',trails
589,589,589,200112200TOR,41.4,13.5,4th quarter,0:56.5,Ron Mercer,CHI,False,2-pointer,19,85-91,'TOR',trails
590,590,590,200112200TOR,34.0,19.8,4th quarter,0:05.2,Greg Anthony,CHI,True,2-pointer,18,89-95,'TOR',trails
591,591,591,200112200TOR,24.0,5.0,4th quarter,0:00.4,Greg Anthony,CHI,False,2-pointer,0,89-96,'TOR',trails
592,592,592,200112200TOR,24.0,5.0,4th quarter,0:00.1,Brad Miller,CHI,True,2-pointer,0,91-96,'TOR',trails
593,593,593,200112200TOR,42.8,15.8,1st quarter,11:12.0,Morris Peterson,TOR,False,2-pointer,22,0-2,'TOR',trails
594,594,594,200112200TOR,17.7,30.9,1st quarter,10:25.0,Alvin Williams,TOR,False,3-pointer,27,0-4,'TOR',trails
595,595,595,200112200TOR,22.8,11.1,1st quarter,9:33.0,Eric Montross,TOR,True,2-pointer,6,2-5,'TOR',trails
596,596,596,200112200TOR,7.8,23.1,1st quarter,8:22.0,Vince Carter,TOR,False,3-pointer,24,2-9,'TOR',trails
597,597,597,200112200TOR,25.6,20.2,1st quarter,7:57.0,Vince Carter,TOR,False,2-pointer,15,2-11,'TOR',trails
598,598,598,200112200TOR,24.7,8.4,1st quarter,7:28.0,Antonio Davis,TOR,True,2-pointer,3,4-13,'TOR',trails
599,599,599,200112200TOR,7.0,22.5,1st quarter,7:03.0,Vince Carter,TOR,False,3-pointer,24,4-13,'TOR',trails
600,600,600,200112200TOR,35.5,6.1,1st quarter,6:39.0,Vince Carter,TOR,False,2-pointer,12,4-13,'TOR',trails
601,601,601,200112200TOR,24.0,5.0,1st quarter,6:35.0,Eric Montross,TOR,False,2-pointer,0,4-13,'TOR',trails
602,602,602,200112200TOR,13.5,20.2,1st quarter,6:05.0,Alvin Williams,TOR,False,2-pointer,18,4-15,'TOR',trails
603,603,603,200112200TOR,28.3,26.5,1st quarter,4:53.0,Alvin Williams,TOR,False,2-pointer,22,4-17,'TOR',trails
604,604,604,200112200TOR,4.9,3.9,1st quarter,3:53.0,Vince Carter,TOR,True,2-pointer,19,6-21,'TOR',trails
605,605,605,200112200TOR,24.0,5.0,1st quarter,3:31.0,Carlos Arroyo,TOR,False,2-pointer,0,6-21,'TOR',trails
606,606,606,200112200TOR,11.2,17.9,1st quarter,3:17.0,Dell Curry,TOR,True,2-pointer,18,8-21,'TOR',trails
607,607,607,200112200TOR,31.9,21.5,1st quarter,2:50.0,Carlos Arroyo,TOR,False,2-pointer,18,8-23,'TOR',trails
608,608,608,200112200TOR,24.0,5.0,1st quarter,2:29.0,Carlos Arroyo,TOR,True,2-pointer,0,10-23,'TOR',trails
609,609,609,200112200TOR,42.0,23.1,1st quarter,1:34.0,Dell Curry,TOR,True,3-pointer,26,13-25,'TOR',trails
610,610,610,200112200TOR,24.0,5.0,1st quarter,0:52.9,Carlos Arroyo,TOR,True,2-pointer,0,15-25,'TOR',trails
611,611,611,200112200TOR,8.5,5.0,1st quarter,0:16.8,Keon Clark,TOR,True,2-pointer,16,17-25,'TOR',trails
612,612,612,200112200TOR,33.4,20.2,2nd quarter,10:51.0,Keon Clark,TOR,False,2-pointer,18,18-27,'TOR',trails
613,613,613,200112200TOR,24.0,5.0,2nd quarter,10:35.0,Jerome Williams,TOR,True,2-pointer,0,20-27,'TOR',trails
614,614,614,200112200TOR,47.7,6.1,2nd quarter,9:33.0,Dell Curry,TOR,False,3-pointer,24,20-29,'TOR',trails
615,615,615,200112200TOR,24.7,10.7,2nd quarter,9:00.0,Jerome Williams,TOR,False,2-pointer,6,20-29,'TOR',trails
616,616,616,200112200TOR,32.5,20.2,2nd quarter,8:03.0,Dell Curry,TOR,False,2-pointer,17,22-31,'TOR',trails
617,617,617,200112200TOR,24.0,5.0,2nd quarter,7:57.0,Jerome Williams,TOR,False,2-pointer,0,22-31,'TOR',trails
618,618,618,200112200TOR,24.7,10.1,2nd quarter,6:19.0,Morris Peterson,TOR,False,2-pointer,5,22-33,'TOR',trails
619,619,619,200112200TOR,9.9,5.0,2nd quarter,5:06.0,Antonio Davis,TOR,False,2-pointer,14,23-35,'TOR',trails
620,620,620,200112200TOR,24.0,5.0,2nd quarter,4:23.0,Jerome Williams,TOR,True,2-pointer,0,27-37,'TOR',trails
621,621,621,200112200TOR,24.0,5.0,2nd quarter,4:03.0,Morris Peterson,TOR,True,2-pointer,0,29-37,'TOR',trails
622,622,622,200112200TOR,17.7,16.2,2nd quarter,3:23.0,Antonio Davis,TOR,True,2-pointer,13,31-39,'TOR',trails
623,623,623,200112200TOR,24.0,5.0,2nd quarter,2:56.0,Alvin Williams,TOR,False,2-pointer,0,31-39,'TOR',trails
624,624,624,200112200TOR,6.4,15.8,2nd quarter,2:49.0,Alvin Williams,TOR,True,2-pointer,21,33-39,'TOR',trails
625,625,625,200112200TOR,24.7,19.8,2nd quarter,2:09.0,Alvin Williams,TOR,False,2-pointer,15,33-41,'TOR',trails
626,626,626,200112200TOR,24.1,9.0,2nd quarter,2:06.0,Antonio Davis,TOR,True,2-pointer,4,35-41,'TOR',trails
627,627,627,200112200TOR,39.3,13.5,2nd quarter,1:26.0,Vince Carter,TOR,False,2-pointer,18,36-43,'TOR',trails
628,628,628,200112200TOR,16.3,9.0,2nd quarter,0:34.6,Vince Carter,TOR,False,2-pointer,9,37-45,'TOR',trails
629,629,629,200112200TOR,24.0,5.0,2nd quarter,0:04.7,Antonio Davis,TOR,True,2-pointer,0,39-47,'TOR',trails
630,630,630,200112200TOR,16.9,23.6,3rd quarter,11:20.0,Alvin Williams,TOR,False,2-pointer,20,39-49,'TOR',trails
631,631,631,200112200TOR,7.8,11.8,3rd quarter,10:32.0,Morris Peterson,TOR,False,2-pointer,18,39-51,'TOR',trails
632,632,632,200112200TOR,1.1,10.1,3rd quarter,10:24.0,Vince Carter,TOR,True,3-pointer,23,42-51,'TOR',trails
633,633,633,200112200TOR,36.9,18.5,3rd quarter,9:46.0,Alvin Williams,TOR,True,2-pointer,19,44-53,'TOR',trails
634,634,634,200112200TOR,47.7,7.8,3rd quarter,9:04.0,Morris Peterson,TOR,True,3-pointer,24,47-56,'TOR',trails
635,635,635,200112200TOR,42.0,3.9,3rd quarter,8:11.0,Alvin Williams,TOR,True,2-pointer,18,49-58,'TOR',trails
636,636,636,200112200TOR,33.4,7.8,3rd quarter,7:28.0,Vince Carter,TOR,True,2-pointer,10,51-58,'TOR',trails
637,637,637,200112200TOR,9.9,8.4,3rd quarter,6:51.0,Keon Clark,TOR,False,2-pointer,15,51-60,'TOR',trails
638,638,638,200112200TOR,9.9,4.6,3rd quarter,6:24.0,Antonio Davis,TOR,False,2-pointer,14,51-62,'TOR',trails
639,639,639,200112200TOR,24.0,5.0,3rd quarter,5:26.0,Keon Clark,TOR,True,2-pointer,0,53-62,'TOR',trails
640,640,640,200112200TOR,24.0,5.0,3rd quarter,4:47.0,Morris Peterson,TOR,False,2-pointer,0,53-64,'TOR',trails
641,641,641,200112200TOR,34.0,11.8,3rd quarter,4:22.0,Antonio Davis,TOR,False,2-pointer,12,53-64,'TOR',trails
642,642,642,200112200TOR,24.7,24.2,3rd quarter,3:45.0,Vince Carter,TOR,True,2-pointer,19,55-66,'TOR',trails
643,643,643,200112200TOR,24.0,5.0,3rd quarter,3:15.0,Vince Carter,TOR,True,2-pointer,0,57-67,'TOR',trails
644,644,644,200112200TOR,24.0,5.0,3rd quarter,2:53.0,Alvin Williams,TOR,True,2-pointer,0,59-67,'TOR',trails
645,645,645,200112200TOR,8.5,17.5,3rd quarter,2:12.0,Vince Carter,TOR,True,2-pointer,20,61-69,'TOR',trails
646,646,646,200112200TOR,1.1,4.6,3rd quarter,1:47.0,Vince Carter,TOR,False,3-pointer,23,61-69,'TOR',trails
647,647,647,200112200TOR,2.6,18.5,3rd quarter,1:43.0,Vince Carter,TOR,True,3-pointer,25,64-69,'TOR',trails
648,648,648,200112200TOR,1.1,6.5,3rd quarter,0:56.0,Vince Carter,TOR,False,3-pointer,23,64-69,'TOR',trails
649,649,649,200112200TOR,34.0,7.1,3rd quarter,0:21.9,Alvin Williams,TOR,False,2-pointer,10,64-71,'TOR',trails
650,650,650,200112200TOR,24.7,21.9,3rd quarter,0:00.2,Alvin Williams,TOR,False,2-pointer,17,65-71,'TOR',trails
651,651,651,200112200TOR,34.8,21.9,4th quarter,11:13.0,Alvin Williams,TOR,False,2-pointer,20,65-71,'TOR',trails
652,652,652,200112200TOR,24.0,5.0,4th quarter,11:10.0,Vince Carter,TOR,True,2-pointer,0,67-71,'TOR',trails
653,653,653,200112200TOR,40.6,23.8,4th quarter,10:43.0,Vince Carter,TOR,False,3-pointer,25,67-71,'TOR',trails
654,654,654,200112200TOR,25.6,10.7,4th quarter,10:16.0,Vince Carter,TOR,False,2-pointer,6,67-71,'TOR',trails
655,655,655,200112200TOR,24.0,5.0,4th quarter,8:44.0,Vince Carter,TOR,False,2-pointer,0,69-71,'TOR',trails
656,656,656,200112200TOR,24.0,5.0,4th quarter,8:40.0,Antonio Davis,TOR,True,2-pointer,0,71-71,'TOR',tied
657,657,657,200112200TOR,16.3,15.8,4th quarter,7:57.0,Dell Curry,TOR,True,2-pointer,13,73-71,'TOR',leads
658,658,658,200112200TOR,38.4,13.5,4th quarter,6:55.0,Alvin Williams,TOR,False,2-pointer,17,75-71,'TOR',leads
659,659,659,200112200TOR,11.2,17.9,4th quarter,6:34.0,Dell Curry,TOR,True,2-pointer,18,77-73,'TOR',leads
660,660,660,200112200TOR,23.6,27.6,4th quarter,5:52.0,Vince Carter,TOR,True,2-pointer,23,79-74,'TOR',leads
661,661,661,200112200TOR,7.0,6.5,4th quarter,5:14.0,Alvin Williams,TOR,False,2-pointer,17,79-74,'TOR',leads
662,662,662,200112200TOR,24.0,5.0,4th quarter,5:11.0,Antonio Davis,TOR,False,2-pointer,0,79-74,'TOR',leads
663,663,663,200112200TOR,24.0,5.0,4th quarter,5:08.0,Jerome Williams,TOR,False,2-pointer,0,79-74,'TOR',leads
664,664,664,200112200TOR,23.6,23.1,4th quarter,4:54.0,Dell Curry,TOR,False,2-pointer,18,79-76,'TOR',leads
665,665,665,200112200TOR,24.0,5.0,4th quarter,4:53.0,Antonio Davis,TOR,True,2-pointer,0,81-76,'TOR',leads
666,666,666,200112200TOR,14.2,5.4,4th quarter,3:50.0,Vince Carter,TOR,True,2-pointer,10,85-78,'TOR',leads
667,667,667,200112200TOR,15.6,5.4,4th quarter,3:09.0,Vince Carter,TOR,True,2-pointer,8,87-82,'TOR',leads
668,668,668,200112200TOR,31.9,7.1,4th quarter,2:22.0,Alvin Williams,TOR,True,2-pointer,8,89-84,'TOR',leads
669,669,669,200112200TOR,16.3,10.7,4th quarter,1:54.0,Vince Carter,TOR,False,2-pointer,10,89-85,'TOR',leads
670,670,670,200112200TOR,12.7,23.6,4th quarter,1:36.0,Alvin Williams,TOR,False,2-pointer,22,89-85,'TOR',leads
671,671,671,200112200TOR,24.0,5.0,4th quarter,1:15.0,Vince Carter,TOR,True,2-pointer,0,91-85,'TOR',leads
672,672,672,200112200TOR,4.0,17.9,4th quarter,0:44.6,Dell Curry,TOR,False,3-pointer,24,91-85,'TOR',leads
673,673,673,200112200TOR,24.0,5.0,4th quarter,0:42.4,Jerome Williams,TOR,True,2-pointer,0,93-85,'TOR',leads
