,Unnamed: 0.1,Unnamed: 0,match_id,shotX,shotY,quarter,time_remaining,player,team,made,shot_type,distance,score,opp,status
0,0,0,200202250CHH,39.9,8.6,1st quarter,11:49.0,Joe Smith,MIN,False,2-pointer,16,0-2,'CHH',trails
1,1,1,200202250CHH,24.0,5.0,1st quarter,11:27.0,Rasho Nesterović,MIN,True,2-pointer,0,2-2,'CHH',tied
2,2,2,200202250CHH,18.4,9.2,1st quarter,10:48.0,Kevin Garnett,MIN,True,2-pointer,7,4-4,'CHH',tied
3,3,3,200202250CHH,11.8,16.8,1st quarter,10:13.0,Chauncey Billups,MIN,False,2-pointer,17,4-4,'CHH',tied
4,4,4,200202250CHH,24.0,5.0,1st quarter,10:11.0,Joe Smith,MIN,True,2-pointer,0,6-4,'CHH',leads
5,5,5,200202250CHH,30.8,6.5,1st quarter,9:31.0,Rasho Nesterović,MIN,True,2-pointer,7,9-6,'CHH',leads
6,6,6,200202250CHH,24.0,5.0,1st quarter,9:05.0,Chauncey Billups,MIN,True,2-pointer,0,11-6,'CHH',leads
7,7,7,200202250CHH,19.6,11.3,1st quarter,8:30.0,Wally Szczerbiak,MIN,False,2-pointer,8,11-8,'CHH',leads
8,8,8,200202250CHH,24.0,5.0,1st quarter,8:27.0,Joe Smith,MIN,True,2-pointer,0,13-8,'CHH',leads
9,9,9,200202250CHH,24.0,5.0,1st quarter,8:20.0,Joe Smith,MIN,False,2-pointer,0,13-10,'CHH',leads
10,10,10,200202250CHH,7.8,8.6,1st quarter,6:34.0,Kevin Garnett,MIN,False,2-pointer,17,13-10,'CHH',leads
11,11,11,200202250CHH,19.6,12.0,1st quarter,5:55.0,Joe Smith,MIN,False,2-pointer,8,13-10,'CHH',leads
12,12,12,200202250CHH,24.0,5.0,1st quarter,5:18.0,Rasho Nesterović,MIN,True,2-pointer,0,15-12,'CHH',leads
13,13,13,200202250CHH,16.1,8.6,1st quarter,4:28.0,Rasho Nesterović,MIN,False,2-pointer,9,15-14,'CHH',leads
14,14,14,200202250CHH,41.4,8.0,1st quarter,3:57.0,Chauncey Billups,MIN,False,2-pointer,18,15-14,'CHH',leads
15,15,15,200202250CHH,24.0,5.0,1st quarter,3:55.0,Rasho Nesterović,MIN,False,2-pointer,0,15-14,'CHH',leads
16,16,16,200202250CHH,24.0,5.0,1st quarter,3:54.0,Kevin Garnett,MIN,True,2-pointer,0,17-14,'CHH',leads
17,17,17,200202250CHH,16.9,22.9,1st quarter,3:32.0,Wally Szczerbiak,MIN,True,2-pointer,19,19-14,'CHH',leads
18,18,18,200202250CHH,11.8,8.0,1st quarter,2:55.0,Wally Szczerbiak,MIN,False,2-pointer,13,19-16,'CHH',leads
19,19,19,200202250CHH,24.0,5.0,1st quarter,2:53.0,Marc Jackson,MIN,True,2-pointer,0,21-16,'CHH',leads
20,20,20,200202250CHH,27.9,12.0,1st quarter,2:08.0,Marc Jackson,MIN,False,2-pointer,8,21-18,'CHH',leads
21,21,21,200202250CHH,24.0,5.0,1st quarter,1:29.0,Kevin Garnett,MIN,True,2-pointer,0,23-20,'CHH',leads
22,22,22,200202250CHH,38.4,28.4,1st quarter,0:04.6,Chauncey Billups,MIN,False,3-pointer,27,23-22,'CHH',leads
23,23,23,200202250CHH,29.4,9.7,2nd quarter,11:41.0,Joe Smith,MIN,True,2-pointer,7,25-22,'CHH',leads
24,24,24,200202250CHH,10.6,11.3,2nd quarter,11:14.0,Anthony Peeler,MIN,False,2-pointer,15,25-24,'CHH',leads
25,25,25,200202250CHH,0.7,8.6,2nd quarter,11:10.0,Anthony Peeler,MIN,True,3-pointer,24,28-24,'CHH',leads
26,26,26,200202250CHH,20.5,13.0,2nd quarter,10:27.0,Kevin Garnett,MIN,False,2-pointer,9,28-26,'CHH',leads
27,27,27,200202250CHH,19.0,10.7,2nd quarter,9:51.0,Marc Jackson,MIN,False,2-pointer,8,28-28,'CHH',tied
28,28,28,200202250CHH,24.0,5.0,2nd quarter,9:47.0,Marc Jackson,MIN,False,2-pointer,0,28-28,'CHH',tied
29,29,29,200202250CHH,35.7,15.8,2nd quarter,9:01.0,Kevin Garnett,MIN,False,2-pointer,16,28-30,'CHH',trails
30,30,30,200202250CHH,24.0,5.0,2nd quarter,8:54.0,Anthony Peeler,MIN,True,2-pointer,0,30-30,'CHH',tied
31,31,31,200202250CHH,27.9,13.0,2nd quarter,7:47.0,Wally Szczerbiak,MIN,True,2-pointer,9,32-32,'CHH',tied
32,32,32,200202250CHH,24.0,5.0,2nd quarter,7:14.0,William Avery,MIN,False,2-pointer,0,32-32,'CHH',tied
33,33,33,200202250CHH,43.5,20.8,2nd quarter,6:53.0,Anthony Peeler,MIN,False,3-pointer,25,32-32,'CHH',tied
34,34,34,200202250CHH,30.0,6.5,2nd quarter,6:24.0,Rasho Nesterović,MIN,True,2-pointer,6,34-34,'CHH',tied
35,35,35,200202250CHH,32.9,6.5,2nd quarter,5:45.0,Wally Szczerbiak,MIN,False,2-pointer,9,34-36,'CHH',trails
36,36,36,200202250CHH,24.0,5.0,2nd quarter,5:24.0,Anthony Peeler,MIN,False,2-pointer,0,34-36,'CHH',trails
37,37,37,200202250CHH,24.0,5.0,2nd quarter,5:23.0,Marc Jackson,MIN,False,2-pointer,0,34-36,'CHH',trails
38,38,38,200202250CHH,24.0,5.0,2nd quarter,4:15.0,William Avery,MIN,False,2-pointer,0,36-40,'CHH',trails
39,39,39,200202250CHH,24.0,5.0,2nd quarter,4:06.0,Wally Szczerbiak,MIN,False,2-pointer,0,36-40,'CHH',trails
40,40,40,200202250CHH,32.1,21.9,2nd quarter,4:02.0,Wally Szczerbiak,MIN,False,2-pointer,19,36-40,'CHH',trails
41,41,41,200202250CHH,46.8,10.3,2nd quarter,3:39.0,Wally Szczerbiak,MIN,False,3-pointer,23,36-40,'CHH',trails
42,42,42,200202250CHH,11.8,18.5,2nd quarter,2:30.0,Sam Mitchell,MIN,True,2-pointer,18,38-42,'CHH',trails
43,43,43,200202250CHH,20.5,13.0,2nd quarter,1:18.0,Kevin Garnett,MIN,False,2-pointer,9,38-42,'CHH',trails
44,44,44,200202250CHH,24.3,29.5,2nd quarter,1:00.9,Chauncey Billups,MIN,True,3-pointer,25,41-42,'CHH',trails
45,45,45,200202250CHH,19.0,13.0,2nd quarter,0:00.3,Chauncey Billups,MIN,False,2-pointer,9,41-44,'CHH',trails
46,46,46,200202250CHH,21.1,10.7,3rd quarter,11:12.0,Joe Smith,MIN,True,2-pointer,6,43-44,'CHH',trails
47,47,47,200202250CHH,24.0,5.0,3rd quarter,9:05.0,Joe Smith,MIN,True,2-pointer,0,47-53,'CHH',trails
48,48,48,200202250CHH,44.1,19.1,3rd quarter,8:27.0,Wally Szczerbiak,MIN,True,3-pointer,25,50-53,'CHH',trails
49,49,49,200202250CHH,10.6,13.7,3rd quarter,7:42.0,Rasho Nesterović,MIN,True,2-pointer,16,52-55,'CHH',trails
50,50,50,200202250CHH,7.8,26.9,3rd quarter,7:12.0,Wally Szczerbiak,MIN,False,3-pointer,27,52-57,'CHH',trails
51,51,51,200202250CHH,22.4,12.6,3rd quarter,6:04.0,Wally Szczerbiak,MIN,True,2-pointer,8,56-59,'CHH',trails
52,52,52,200202250CHH,22.4,12.0,3rd quarter,5:30.0,Kevin Garnett,MIN,False,2-pointer,7,56-61,'CHH',trails
53,53,53,200202250CHH,24.0,5.0,3rd quarter,5:04.0,Rasho Nesterović,MIN,True,2-pointer,0,58-61,'CHH',trails
54,54,54,200202250CHH,24.0,5.0,3rd quarter,4:37.0,Wally Szczerbiak,MIN,True,2-pointer,0,60-61,'CHH',trails
55,55,55,200202250CHH,11.8,16.4,3rd quarter,3:51.0,Marc Jackson,MIN,False,2-pointer,17,60-63,'CHH',trails
56,56,56,200202250CHH,5.5,24.6,3rd quarter,3:16.0,Kevin Garnett,MIN,True,3-pointer,27,63-63,'CHH',tied
57,57,57,200202250CHH,21.7,22.3,3rd quarter,1:59.0,Kevin Garnett,MIN,False,2-pointer,17,63-64,'CHH',trails
58,58,58,200202250CHH,2.8,19.1,3rd quarter,1:53.0,William Avery,MIN,False,3-pointer,25,63-64,'CHH',trails
59,59,59,200202250CHH,39.3,6.9,3rd quarter,1:14.0,Loren Woods,MIN,False,2-pointer,15,65-67,'CHH',trails
60,60,60,200202250CHH,36.9,18.5,3rd quarter,1:04.0,William Avery,MIN,False,2-pointer,19,65-67,'CHH',trails
61,61,61,200202250CHH,4.0,22.3,3rd quarter,0:39.0,Wally Szczerbiak,MIN,True,3-pointer,26,68-67,'CHH',leads
62,62,62,200202250CHH,33.6,19.1,3rd quarter,0:00.3,Wally Szczerbiak,MIN,False,2-pointer,17,68-69,'CHH',trails
63,63,63,200202250CHH,24.3,30.1,4th quarter,11:37.0,William Avery,MIN,True,3-pointer,25,71-71,'CHH',tied
64,64,64,200202250CHH,36.3,28.0,4th quarter,10:43.0,William Avery,MIN,True,3-pointer,26,77-71,'CHH',leads
65,65,65,200202250CHH,23.9,10.7,4th quarter,10:06.0,Marc Jackson,MIN,False,2-pointer,6,77-71,'CHH',leads
66,66,66,200202250CHH,21.7,14.7,4th quarter,9:24.0,Wally Szczerbiak,MIN,True,2-pointer,10,79-73,'CHH',leads
67,67,67,200202250CHH,24.0,5.0,4th quarter,8:50.0,Joe Smith,MIN,True,2-pointer,0,81-76,'CHH',leads
68,68,68,200202250CHH,24.0,5.0,4th quarter,8:28.0,William Avery,MIN,False,2-pointer,0,81-76,'CHH',leads
69,69,69,200202250CHH,36.9,27.4,4th quarter,8:08.0,Wally Szczerbiak,MIN,True,3-pointer,26,86-76,'CHH',leads
70,70,70,200202250CHH,24.0,5.0,4th quarter,7:22.0,William Avery,MIN,False,2-pointer,0,86-78,'CHH',leads
71,71,71,200202250CHH,34.2,30.1,4th quarter,6:58.0,Kevin Garnett,MIN,True,3-pointer,27,89-78,'CHH',leads
72,72,72,200202250CHH,17.5,21.3,4th quarter,6:25.0,Wally Szczerbiak,MIN,False,2-pointer,18,89-80,'CHH',leads
73,73,73,200202250CHH,40.7,8.6,4th quarter,5:55.0,Marc Jackson,MIN,False,2-pointer,17,89-82,'CHH',leads
74,74,74,200202250CHH,7.0,6.9,4th quarter,5:39.0,Kevin Garnett,MIN,False,2-pointer,17,89-82,'CHH',leads
75,75,75,200202250CHH,27.9,30.7,4th quarter,5:16.0,Kevin Garnett,MIN,False,3-pointer,26,89-82,'CHH',leads
76,76,76,200202250CHH,11.8,7.6,4th quarter,4:45.0,Joe Smith,MIN,True,2-pointer,12,91-82,'CHH',leads
77,77,77,200202250CHH,19.0,11.3,4th quarter,4:07.0,Kevin Garnett,MIN,True,2-pointer,8,93-83,'CHH',leads
78,78,78,200202250CHH,36.3,17.5,4th quarter,3:14.0,Kevin Garnett,MIN,False,2-pointer,18,93-83,'CHH',leads
79,79,79,200202250CHH,7.0,6.5,4th quarter,1:05.0,Chauncey Billups,MIN,True,2-pointer,17,95-87,'CHH',leads
80,80,80,200202250CHH,8.5,14.7,4th quarter,0:38.0,Chauncey Billups,MIN,False,2-pointer,18,95-89,'CHH',leads
81,81,81,200202250CHH,11.2,11.3,4th quarter,0:08.0,Kevin Garnett,MIN,False,2-pointer,14,95-92,'CHH',leads
82,82,82,200202250CHH,24.0,5.0,4th quarter,0:07.9,Rasho Nesterović,MIN,True,2-pointer,0,97-92,'CHH',leads
83,83,83,200202250CHH,8.5,6.5,1st quarter,11:35.0,Jamal Mashburn,CHH,False,2-pointer,16,2-0,'CHH',leads
84,84,84,200202250CHH,25.8,22.9,1st quarter,11:12.0,Jamal Mashburn,CHH,True,2-pointer,18,4-2,'CHH',leads
85,85,85,200202250CHH,36.3,9.2,1st quarter,10:28.0,P.J. Brown,CHH,False,2-pointer,13,4-4,'CHH',tied
86,86,86,200202250CHH,26.4,23.6,1st quarter,9:58.0,Jamal Mashburn,CHH,True,2-pointer,19,6-6,'CHH',tied
87,87,87,200202250CHH,24.0,5.0,1st quarter,9:38.0,Elden Campbell,CHH,False,2-pointer,0,6-7,'CHH',trails
88,88,88,200202250CHH,16.9,13.0,1st quarter,8:46.0,Elden Campbell,CHH,True,2-pointer,11,8-11,'CHH',trails
89,89,89,200202250CHH,0.7,5.9,1st quarter,6:21.0,Baron Davis,CHH,False,3-pointer,23,10-13,'CHH',trails
90,90,90,200202250CHH,7.8,8.0,1st quarter,5:39.0,P.J. Brown,CHH,False,2-pointer,16,10-13,'CHH',trails
91,91,91,200202250CHH,9.1,6.9,1st quarter,5:34.0,P.J. Brown,CHH,True,2-pointer,15,12-13,'CHH',trails
92,92,92,200202250CHH,11.2,5.9,1st quarter,4:54.0,Elden Campbell,CHH,True,2-pointer,13,14-15,'CHH',trails
93,93,93,200202250CHH,24.0,5.0,1st quarter,3:12.0,Jamaal Magloire,CHH,True,2-pointer,0,16-19,'CHH',trails
94,94,94,200202250CHH,24.0,5.0,1st quarter,2:34.0,Jamaal Magloire,CHH,True,2-pointer,0,18-21,'CHH',trails
95,95,95,200202250CHH,30.8,16.8,1st quarter,1:55.0,P.J. Brown,CHH,True,2-pointer,14,20-21,'CHH',trails
96,96,96,200202250CHH,6.4,6.5,1st quarter,1:05.0,P.J. Brown,CHH,True,2-pointer,18,22-23,'CHH',trails
97,97,97,200202250CHH,11.2,15.8,1st quarter,0:29.6,Jamal Mashburn,CHH,False,2-pointer,17,22-23,'CHH',trails
98,98,98,200202250CHH,8.5,26.3,1st quarter,0:00.3,Baron Davis,CHH,False,3-pointer,26,22-23,'CHH',trails
99,99,99,200202250CHH,29.4,9.7,2nd quarter,11:27.0,Lee Nailon,CHH,True,2-pointer,7,24-25,'CHH',trails
100,100,100,200202250CHH,9.7,16.8,2nd quarter,10:55.0,Lee Nailon,CHH,True,2-pointer,19,26-28,'CHH',trails
101,101,101,200202250CHH,24.0,5.0,2nd quarter,10:15.0,Jamaal Magloire,CHH,True,2-pointer,0,28-28,'CHH',tied
102,102,102,200202250CHH,35.7,8.6,2nd quarter,9:35.0,Stacey Augmon,CHH,True,2-pointer,12,30-28,'CHH',leads
103,103,103,200202250CHH,31.5,6.9,2nd quarter,8:09.0,Jamaal Magloire,CHH,True,2-pointer,8,32-30,'CHH',leads
104,104,104,200202250CHH,36.3,17.9,2nd quarter,7:22.0,Lee Nailon,CHH,False,2-pointer,18,32-32,'CHH',tied
105,105,105,200202250CHH,39.9,12.0,2nd quarter,7:00.0,George Lynch,CHH,False,2-pointer,17,32-32,'CHH',tied
106,106,106,200202250CHH,24.0,5.0,2nd quarter,6:45.0,Stacey Augmon,CHH,True,2-pointer,0,34-32,'CHH',leads
107,107,107,200202250CHH,24.0,5.0,2nd quarter,5:58.0,Stacey Augmon,CHH,True,2-pointer,0,36-34,'CHH',leads
108,108,108,200202250CHH,9.7,10.7,2nd quarter,5:43.0,Lee Nailon,CHH,False,2-pointer,15,36-34,'CHH',leads
109,109,109,200202250CHH,24.0,5.0,2nd quarter,5:39.0,Jamaal Magloire,CHH,False,2-pointer,0,36-34,'CHH',leads
110,110,110,200202250CHH,7.0,6.9,2nd quarter,4:55.0,Elden Campbell,CHH,True,2-pointer,17,38-36,'CHH',leads
111,111,111,200202250CHH,24.0,5.0,2nd quarter,4:29.0,Lee Nailon,CHH,True,2-pointer,0,40-36,'CHH',leads
112,112,112,200202250CHH,4.9,5.9,2nd quarter,3:01.0,Lee Nailon,CHH,False,2-pointer,19,40-36,'CHH',leads
113,113,113,200202250CHH,39.9,9.2,2nd quarter,2:49.0,Stacey Augmon,CHH,True,2-pointer,16,42-36,'CHH',leads
114,114,114,200202250CHH,39.3,6.9,2nd quarter,2:11.0,George Lynch,CHH,False,2-pointer,15,42-38,'CHH',leads
115,115,115,200202250CHH,10.6,5.9,2nd quarter,1:37.0,Elden Campbell,CHH,False,2-pointer,13,42-38,'CHH',leads
116,116,116,200202250CHH,8.5,11.3,2nd quarter,0:42.8,Elden Campbell,CHH,True,2-pointer,17,44-41,'CHH',leads
117,117,117,200202250CHH,11.2,9.2,2nd quarter,0:12.9,Elden Campbell,CHH,False,2-pointer,13,44-41,'CHH',leads
118,118,118,200202250CHH,16.1,21.3,3rd quarter,10:53.0,Elden Campbell,CHH,False,2-pointer,18,44-43,'CHH',leads
119,119,119,200202250CHH,10.6,9.7,3rd quarter,10:16.0,P.J. Brown,CHH,True,2-pointer,14,47-43,'CHH',leads
120,120,120,200202250CHH,0.7,10.7,3rd quarter,9:50.0,Jamal Mashburn,CHH,True,3-pointer,24,50-43,'CHH',leads
121,121,121,200202250CHH,43.5,21.9,3rd quarter,9:20.0,Bryce Drew,CHH,True,3-pointer,26,53-45,'CHH',leads
122,122,122,200202250CHH,11.8,18.5,3rd quarter,8:46.0,Jamal Mashburn,CHH,False,2-pointer,18,53-47,'CHH',leads
123,123,123,200202250CHH,20.5,11.3,3rd quarter,8:09.0,Elden Campbell,CHH,True,2-pointer,7,55-50,'CHH',leads
124,124,124,200202250CHH,27.2,10.3,3rd quarter,6:53.0,Elden Campbell,CHH,True,2-pointer,6,59-52,'CHH',leads
125,125,125,200202250CHH,13.3,19.1,3rd quarter,6:22.0,Jamal Mashburn,CHH,False,2-pointer,18,59-54,'CHH',leads
126,126,126,200202250CHH,30.0,6.5,3rd quarter,5:49.0,George Lynch,CHH,True,2-pointer,6,61-56,'CHH',leads
127,127,127,200202250CHH,7.0,7.6,3rd quarter,5:19.0,P.J. Brown,CHH,False,2-pointer,17,61-56,'CHH',leads
128,128,128,200202250CHH,24.3,30.7,3rd quarter,4:43.0,Bryce Drew,CHH,False,3-pointer,26,61-58,'CHH',leads
129,129,129,200202250CHH,39.9,10.7,3rd quarter,4:13.0,Jamal Mashburn,CHH,True,2-pointer,17,63-60,'CHH',leads
130,130,130,200202250CHH,6.4,7.6,3rd quarter,3:26.0,Jamal Mashburn,CHH,False,2-pointer,18,63-60,'CHH',leads
131,131,131,200202250CHH,38.4,14.7,3rd quarter,2:50.0,Jamal Mashburn,CHH,False,2-pointer,17,63-63,'CHH',tied
132,132,132,200202250CHH,24.0,5.0,3rd quarter,1:31.0,Jamaal Magloire,CHH,True,2-pointer,0,67-65,'CHH',leads
133,133,133,200202250CHH,32.1,21.3,3rd quarter,0:18.0,Elden Campbell,CHH,True,2-pointer,18,69-68,'CHH',leads
134,134,134,200202250CHH,24.0,5.0,4th quarter,11:21.0,Lee Nailon,CHH,False,2-pointer,0,71-71,'CHH',tied
135,135,135,200202250CHH,34.8,12.6,4th quarter,10:51.0,Stacey Augmon,CHH,False,2-pointer,13,71-74,'CHH',trails
136,136,136,200202250CHH,21.1,12.6,4th quarter,10:24.0,Elden Campbell,CHH,False,2-pointer,8,71-77,'CHH',trails
137,137,137,200202250CHH,37.8,8.6,4th quarter,9:51.0,P.J. Brown,CHH,False,2-pointer,14,71-77,'CHH',trails
138,138,138,200202250CHH,24.0,5.0,4th quarter,9:46.0,Lee Nailon,CHH,True,2-pointer,0,73-77,'CHH',trails
139,139,139,200202250CHH,23.2,13.7,4th quarter,9:06.0,Elden Campbell,CHH,True,2-pointer,9,75-79,'CHH',trails
140,140,140,200202250CHH,24.0,5.0,4th quarter,8:37.0,Lee Nailon,CHH,False,2-pointer,0,76-81,'CHH',trails
141,141,141,200202250CHH,11.8,6.5,4th quarter,7:51.0,Elden Campbell,CHH,True,2-pointer,12,78-86,'CHH',trails
142,142,142,200202250CHH,27.9,25.0,4th quarter,7:05.0,Bryce Drew,CHH,False,2-pointer,20,78-86,'CHH',trails
143,143,143,200202250CHH,24.0,5.0,4th quarter,6:13.0,Jamaal Magloire,CHH,True,2-pointer,0,82-89,'CHH',trails
144,144,144,200202250CHH,39.3,8.0,4th quarter,5:25.0,Jamaal Magloire,CHH,False,2-pointer,16,82-89,'CHH',trails
145,145,145,200202250CHH,24.0,5.0,4th quarter,5:08.0,Lee Nailon,CHH,False,2-pointer,0,82-89,'CHH',trails
146,146,146,200202250CHH,24.0,5.0,4th quarter,3:44.0,Jamal Mashburn,CHH,False,2-pointer,0,83-93,'CHH',trails
147,147,147,200202250CHH,18.4,12.6,4th quarter,3:35.0,Jamal Mashburn,CHH,False,2-pointer,9,83-93,'CHH',trails
148,148,148,200202250CHH,35.7,14.7,4th quarter,2:21.0,Jamal Mashburn,CHH,False,2-pointer,15,84-93,'CHH',trails
149,149,149,200202250CHH,30.8,6.9,4th quarter,1:55.0,Lee Nailon,CHH,True,2-pointer,7,86-93,'CHH',trails
150,150,150,200202250CHH,29.4,6.5,4th quarter,0:54.8,Lee Nailon,CHH,True,2-pointer,6,89-95,'CHH',trails
151,151,151,200202250CHH,24.0,5.0,4th quarter,0:30.3,Jamal Mashburn,CHH,True,2-pointer,0,91-95,'CHH',trails
152,152,152,200202250CHH,21.1,31.8,4th quarter,0:05.5,Jamal Mashburn,CHH,False,3-pointer,27,92-97,'CHH',trails
153,153,153,200202250GSW,13.9,18.5,1st quarter,11:23.0,Brad Miller,IND,False,2-pointer,17,0-2,'IND',trails
154,154,154,200202250GSW,7.6,5.0,1st quarter,11:09.0,Jermaine O'Neal,IND,True,2-pointer,16,2-2,'IND',tied
155,155,155,200202250GSW,3.8,3.3,1st quarter,10:38.0,Reggie Miller,IND,False,2-pointer,20,2-4,'IND',trails
156,156,156,200202250GSW,41.8,22.1,1st quarter,10:23.0,Reggie Miller,IND,False,3-pointer,25,2-4,'IND',trails
157,157,157,200202250GSW,26.2,7.6,1st quarter,9:58.0,Jermaine O'Neal,IND,False,2-pointer,3,3-7,'IND',trails
158,158,158,200202250GSW,8.3,9.7,1st quarter,9:55.0,Reggie Miller,IND,False,2-pointer,16,3-7,'IND',trails
159,159,159,200202250GSW,24.0,5.0,1st quarter,9:38.0,Jonathan Bender,IND,True,2-pointer,0,5-7,'IND',trails
160,160,160,200202250GSW,25.6,9.7,1st quarter,8:52.0,Reggie Miller,IND,True,2-pointer,5,7-7,'IND',tied
161,161,161,200202250GSW,24.0,5.0,1st quarter,8:32.0,Brad Miller,IND,True,2-pointer,0,9-7,'IND',leads
162,162,162,200202250GSW,26.2,6.9,1st quarter,8:08.0,Reggie Miller,IND,False,2-pointer,3,9-7,'IND',leads
163,163,163,200202250GSW,18.8,6.9,1st quarter,7:42.0,Jermaine O'Neal,IND,False,2-pointer,6,9-7,'IND',leads
164,164,164,200202250GSW,24.0,5.0,1st quarter,7:40.0,Brad Miller,IND,True,2-pointer,0,11-7,'IND',leads
165,165,165,200202250GSW,24.0,5.0,1st quarter,7:01.0,Jamaal Tinsley,IND,True,2-pointer,0,13-7,'IND',leads
166,166,166,200202250GSW,13.7,26.9,1st quarter,6:38.0,Jonathan Bender,IND,False,3-pointer,24,13-7,'IND',leads
167,167,167,200202250GSW,36.7,5.2,1st quarter,6:25.0,Brad Miller,IND,True,2-pointer,13,15-7,'IND',leads
168,168,168,200202250GSW,24.0,5.0,1st quarter,4:38.0,Brad Miller,IND,True,2-pointer,0,19-13,'IND',leads
169,169,169,200202250GSW,24.0,5.0,1st quarter,4:15.0,Jamaal Tinsley,IND,False,2-pointer,0,20-15,'IND',leads
170,170,170,200202250GSW,13.1,23.8,1st quarter,3:41.0,Metta World,IND,False,2-pointer,22,20-17,'IND',leads
171,171,171,200202250GSW,41.8,22.7,1st quarter,3:13.0,Jamaal Tinsley,IND,False,3-pointer,25,20-19,'IND',leads
172,172,172,200202250GSW,31.9,14.9,1st quarter,2:22.0,Reggie Miller,IND,False,2-pointer,13,22-21,'IND',leads
173,173,173,200202250GSW,27.7,10.3,1st quarter,1:40.0,Metta World,IND,False,2-pointer,6,22-23,'IND',trails
174,174,174,200202250GSW,41.8,22.7,1st quarter,1:27.0,Reggie Miller,IND,False,3-pointer,25,22-23,'IND',trails
175,175,175,200202250GSW,32.7,11.1,1st quarter,1:14.0,Reggie Miller,IND,False,2-pointer,11,22-25,'IND',trails
176,176,176,200202250GSW,34.0,13.5,2nd quarter,11:43.0,Austin Croshere,IND,False,2-pointer,13,25-26,'IND',trails
177,177,177,200202250GSW,31.3,19.4,2nd quarter,11:34.0,Jermaine O'Neal,IND,False,2-pointer,16,25-26,'IND',trails
178,178,178,200202250GSW,12.5,6.3,2nd quarter,10:18.0,Jermaine O'Neal,IND,False,2-pointer,12,26-26,'IND',tied
179,179,179,200202250GSW,27.0,10.3,2nd quarter,10:14.0,Jeff Foster,IND,False,2-pointer,6,26-26,'IND',tied
180,180,180,200202250GSW,29.8,13.5,2nd quarter,9:50.0,Jeff Foster,IND,False,2-pointer,10,26-26,'IND',tied
181,181,181,200202250GSW,20.3,6.9,2nd quarter,9:21.0,Jermaine O'Neal,IND,False,2-pointer,4,26-26,'IND',tied
182,182,182,200202250GSW,27.7,8.6,2nd quarter,9:13.0,Austin Croshere,IND,False,2-pointer,5,26-26,'IND',tied
183,183,183,200202250GSW,6.8,3.9,2nd quarter,8:59.0,Austin Croshere,IND,False,2-pointer,17,26-26,'IND',tied
184,184,184,200202250GSW,11.0,26.5,2nd quarter,7:58.0,Jonathan Bender,IND,False,3-pointer,25,28-28,'IND',tied
185,185,185,200202250GSW,24.0,5.0,2nd quarter,7:26.0,Metta World,IND,True,2-pointer,0,30-28,'IND',leads
186,186,186,200202250GSW,21.5,10.7,2nd quarter,6:52.0,Jermaine O'Neal,IND,True,2-pointer,6,32-30,'IND',leads
187,187,187,200202250GSW,31.3,7.6,2nd quarter,6:31.0,Jermaine O'Neal,IND,False,2-pointer,8,32-31,'IND',leads
188,188,188,200202250GSW,0.5,2.7,2nd quarter,6:07.0,Jonathan Bender,IND,False,3-pointer,24,32-33,'IND',trails
189,189,189,200202250GSW,24.0,5.0,2nd quarter,6:03.0,Jonathan Bender,IND,True,2-pointer,0,34-33,'IND',leads
190,190,190,200202250GSW,13.7,19.4,2nd quarter,5:04.0,Jonathan Bender,IND,False,2-pointer,18,34-35,'IND',trails
191,191,191,200202250GSW,21.5,7.6,2nd quarter,4:27.0,Jonathan Bender,IND,True,2-pointer,4,36-37,'IND',trails
192,192,192,200202250GSW,24.0,5.0,2nd quarter,4:17.0,Jermaine O'Neal,IND,True,2-pointer,0,38-37,'IND',leads
193,193,193,200202250GSW,13.7,5.0,2nd quarter,3:36.0,Jermaine O'Neal,IND,False,2-pointer,10,38-40,'IND',trails
194,194,194,200202250GSW,14.4,24.2,2nd quarter,3:12.0,Reggie Miller,IND,False,2-pointer,21,38-42,'IND',trails
195,195,195,200202250GSW,43.9,19.4,2nd quarter,2:30.0,Jonathan Bender,IND,False,3-pointer,25,40-44,'IND',trails
196,196,196,200202250GSW,24.9,11.1,2nd quarter,2:12.0,Jamaal Tinsley,IND,False,2-pointer,6,40-44,'IND',trails
197,197,197,200202250GSW,1.1,3.9,2nd quarter,1:37.0,Metta World,IND,False,3-pointer,23,40-47,'IND',trails
198,198,198,200202250GSW,12.5,26.9,2nd quarter,1:09.0,Metta World,IND,True,3-pointer,25,43-49,'IND',trails
199,199,199,200202250GSW,32.7,20.4,3rd quarter,11:48.0,Jamaal Tinsley,IND,False,2-pointer,18,45-54,'IND',trails
200,200,200,200202250GSW,28.5,6.9,3rd quarter,11:29.0,Jermaine O'Neal,IND,False,2-pointer,5,45-54,'IND',trails
201,201,201,200202250GSW,24.0,5.0,3rd quarter,11:26.0,Jermaine O'Neal,IND,True,2-pointer,0,47-54,'IND',trails
202,202,202,200202250GSW,1.7,2.3,3rd quarter,10:49.0,Jamaal Tinsley,IND,False,3-pointer,22,47-55,'IND',trails
203,203,203,200202250GSW,38.2,24.8,3rd quarter,10:44.0,Reggie Miller,IND,False,3-pointer,24,47-55,'IND',trails
204,204,204,200202250GSW,34.0,26.9,3rd quarter,9:45.0,Jonathan Bender,IND,False,3-pointer,24,47-55,'IND',trails
205,205,205,200202250GSW,3.8,6.3,3rd quarter,9:19.0,Jamaal Tinsley,IND,False,2-pointer,20,47-55,'IND',trails
206,206,206,200202250GSW,20.9,9.0,3rd quarter,9:13.0,Jermaine O'Neal,IND,False,2-pointer,5,47-55,'IND',trails
207,207,207,200202250GSW,24.0,5.0,3rd quarter,9:07.0,Jermaine O'Neal,IND,True,2-pointer,0,49-55,'IND',trails
208,208,208,200202250GSW,24.0,5.0,3rd quarter,8:54.0,Reggie Miller,IND,True,2-pointer,0,51-55,'IND',trails
209,209,209,200202250GSW,30.6,6.3,3rd quarter,8:20.0,Brad Miller,IND,False,2-pointer,7,51-55,'IND',trails
210,210,210,200202250GSW,39.7,18.3,3rd quarter,7:34.0,Jonathan Bender,IND,False,2-pointer,21,51-57,'IND',trails
211,211,211,200202250GSW,24.0,5.0,3rd quarter,7:18.0,Reggie Miller,IND,False,2-pointer,0,51-57,'IND',trails
212,212,212,200202250GSW,24.0,5.0,3rd quarter,7:04.0,Reggie Miller,IND,True,2-pointer,0,53-57,'IND',trails
213,213,213,200202250GSW,28.5,7.6,3rd quarter,6:38.0,Brad Miller,IND,False,2-pointer,5,53-59,'IND',trails
214,214,214,200202250GSW,30.6,7.6,3rd quarter,5:29.0,Brad Miller,IND,False,2-pointer,7,53-64,'IND',trails
215,215,215,200202250GSW,27.7,8.0,3rd quarter,4:29.0,Metta World,IND,False,2-pointer,5,53-66,'IND',trails
216,216,216,200202250GSW,27.7,6.9,3rd quarter,4:26.0,Metta World,IND,True,2-pointer,4,55-66,'IND',trails
217,217,217,200202250GSW,41.2,23.1,3rd quarter,4:02.0,Reggie Miller,IND,True,3-pointer,25,58-66,'IND',trails
218,218,218,200202250GSW,16.7,29.3,3rd quarter,3:32.0,Metta World,IND,False,3-pointer,25,58-66,'IND',trails
219,219,219,200202250GSW,22.2,10.3,3rd quarter,2:18.0,Metta World,IND,True,2-pointer,6,60-68,'IND',trails
220,220,220,200202250GSW,27.7,8.0,3rd quarter,1:40.0,Jeff Foster,IND,False,2-pointer,5,60-68,'IND',trails
221,221,221,200202250GSW,30.6,7.6,3rd quarter,0:21.9,Brad Miller,IND,False,2-pointer,7,60-72,'IND',trails
222,222,222,200202250GSW,24.1,11.8,3rd quarter,0:01.6,Kevin Ollie,IND,True,2-pointer,7,62-73,'IND',trails
223,223,223,200202250GSW,35.5,24.2,4th quarter,9:45.0,Metta World,IND,True,2-pointer,22,68-73,'IND',trails
224,224,224,200202250GSW,36.1,10.3,4th quarter,8:16.0,Jermaine O'Neal,IND,False,2-pointer,13,69-75,'IND',trails
225,225,225,200202250GSW,20.3,29.3,4th quarter,6:31.0,Metta World,IND,False,3-pointer,25,76-79,'IND',trails
226,226,226,200202250GSW,24.0,5.0,4th quarter,6:25.0,Jonathan Bender,IND,True,2-pointer,0,78-79,'IND',trails
227,227,227,200202250GSW,22.2,8.0,4th quarter,4:40.0,Jonathan Bender,IND,False,2-pointer,4,79-79,'IND',tied
228,228,228,200202250GSW,37.6,25.9,4th quarter,3:59.0,Reggie Miller,IND,False,3-pointer,25,79-79,'IND',tied
229,229,229,200202250GSW,14.4,21.7,4th quarter,2:37.0,Jamaal Tinsley,IND,True,2-pointer,19,81-81,'IND',tied
230,230,230,200202250GSW,48.1,5.0,4th quarter,1:26.0,Reggie Miller,IND,False,3-pointer,24,81-83,'IND',trails
231,231,231,200202250GSW,9.5,25.9,1st overtime,4:38.0,Reggie Miller,IND,False,3-pointer,25,83-83,'IND',tied
232,232,232,200202250GSW,15.8,29.3,1st overtime,4:32.0,Jamaal Tinsley,IND,False,3-pointer,26,83-83,'IND',tied
233,233,233,200202250GSW,15.2,29.3,1st overtime,3:40.0,Reggie Miller,IND,True,3-pointer,26,86-83,'IND',leads
234,234,234,200202250GSW,36.1,22.1,1st overtime,2:29.0,Jonathan Bender,IND,True,2-pointer,21,88-84,'IND',leads
235,235,235,200202250GSW,38.2,25.9,1st overtime,1:54.0,Reggie Miller,IND,True,3-pointer,25,91-84,'IND',leads
236,236,236,200202250GSW,44.5,21.0,1st overtime,1:20.0,Jonathan Bender,IND,False,3-pointer,26,91-86,'IND',leads
237,237,237,200202250GSW,35.7,20.6,1st quarter,11:37.0,Larry Hughes,GSW,True,2-pointer,20,2-0,'IND',leads
238,238,238,200202250GSW,12.5,17.7,1st quarter,10:47.0,Danny Fortson,GSW,True,2-pointer,17,4-2,'IND',leads
239,239,239,200202250GSW,27.7,7.6,1st quarter,10:29.0,Antawn Jamison,GSW,False,2-pointer,5,4-2,'IND',leads
240,240,240,200202250GSW,24.0,5.0,1st quarter,10:07.0,Adonal Foyle,GSW,True,2-pointer,0,6-3,'IND',leads
241,241,241,200202250GSW,39.7,24.2,1st quarter,9:48.0,Jason Richardson,GSW,False,3-pointer,25,7-3,'IND',leads
242,242,242,200202250GSW,25.6,8.6,1st quarter,9:07.0,Danny Fortson,GSW,False,2-pointer,4,7-5,'IND',leads
243,243,243,200202250GSW,34.0,19.4,1st quarter,8:38.0,Danny Fortson,GSW,False,2-pointer,18,7-7,'IND',tied
244,244,244,200202250GSW,24.0,5.0,1st quarter,8:35.0,Jason Richardson,GSW,False,2-pointer,0,7-7,'IND',tied
245,245,245,200202250GSW,36.1,17.7,1st quarter,8:19.0,Jason Richardson,GSW,False,2-pointer,18,7-9,'IND',trails
246,246,246,200202250GSW,27.0,9.0,1st quarter,8:15.0,Jason Richardson,GSW,False,2-pointer,5,7-9,'IND',trails
247,247,247,200202250GSW,15.8,5.9,1st quarter,7:59.0,Larry Hughes,GSW,False,2-pointer,8,7-9,'IND',trails
248,248,248,200202250GSW,22.2,7.6,1st quarter,7:21.0,Adonal Foyle,GSW,False,2-pointer,3,7-11,'IND',trails
249,249,249,200202250GSW,21.5,9.7,1st quarter,7:08.0,Jason Richardson,GSW,False,2-pointer,5,7-11,'IND',trails
250,250,250,200202250GSW,23.0,12.4,1st quarter,6:45.0,Larry Hughes,GSW,False,2-pointer,7,7-13,'IND',trails
251,251,251,200202250GSW,20.3,22.1,1st quarter,6:07.0,Larry Hughes,GSW,False,2-pointer,18,7-15,'IND',trails
252,252,252,200202250GSW,24.0,5.0,1st quarter,6:05.0,Adonal Foyle,GSW,True,2-pointer,0,9-15,'IND',trails
253,253,253,200202250GSW,20.9,11.1,1st quarter,5:26.0,Adonal Foyle,GSW,False,2-pointer,7,9-17,'IND',trails
254,254,254,200202250GSW,24.0,5.0,1st quarter,4:44.0,Larry Hughes,GSW,True,2-pointer,0,13-17,'IND',trails
255,255,255,200202250GSW,24.0,5.0,1st quarter,4:21.0,Danny Fortson,GSW,True,2-pointer,0,15-20,'IND',trails
256,256,256,200202250GSW,24.9,10.3,1st quarter,2:58.0,Bob Sura,GSW,False,2-pointer,5,19-20,'IND',trails
257,257,257,200202250GSW,37.6,23.1,1st quarter,2:06.0,Gilbert Arenas,GSW,True,2-pointer,23,23-22,'IND',leads
258,258,258,200202250GSW,24.0,5.0,1st quarter,1:22.0,Antawn Jamison,GSW,True,2-pointer,0,25-22,'IND',leads
259,259,259,200202250GSW,24.0,5.0,1st quarter,0:56.0,Bob Sura,GSW,False,2-pointer,0,26-22,'IND',leads
260,260,260,200202250GSW,20.3,8.6,1st quarter,0:44.1,Danny Fortson,GSW,False,2-pointer,5,26-22,'IND',leads
261,261,261,200202250GSW,15.8,30.7,1st quarter,0:35.4,Bob Sura,GSW,False,3-pointer,27,26-22,'IND',leads
262,262,262,200202250GSW,28.5,8.0,1st quarter,0:02.9,Bob Sura,GSW,False,2-pointer,5,26-24,'IND',leads
263,263,263,200202250GSW,41.8,6.9,2nd quarter,11:19.0,Troy Murphy,GSW,False,2-pointer,18,26-25,'IND',leads
264,264,264,200202250GSW,40.5,5.2,2nd quarter,10:03.0,Troy Murphy,GSW,False,2-pointer,17,26-26,'IND',tied
265,265,265,200202250GSW,8.9,9.7,2nd quarter,9:29.0,Jason Richardson,GSW,False,2-pointer,16,26-26,'IND',tied
266,266,266,200202250GSW,21.5,7.6,2nd quarter,9:06.0,Bob Sura,GSW,False,2-pointer,4,26-26,'IND',tied
267,267,267,200202250GSW,27.7,6.9,2nd quarter,8:18.0,Jason Richardson,GSW,False,2-pointer,4,26-28,'IND',trails
268,268,268,200202250GSW,8.9,6.9,2nd quarter,8:08.0,Gilbert Arenas,GSW,True,2-pointer,15,28-28,'IND',tied
269,269,269,200202250GSW,25.6,10.3,2nd quarter,7:43.0,Troy Murphy,GSW,False,2-pointer,6,28-28,'IND',tied
270,270,270,200202250GSW,39.7,5.0,2nd quarter,7:12.0,Troy Murphy,GSW,True,2-pointer,16,30-30,'IND',tied
271,271,271,200202250GSW,29.8,11.1,2nd quarter,5:43.0,Jason Richardson,GSW,False,2-pointer,8,33-34,'IND',trails
272,272,272,200202250GSW,24.0,5.0,2nd quarter,5:40.0,Adonal Foyle,GSW,False,2-pointer,0,33-34,'IND',trails
273,273,273,200202250GSW,24.1,20.4,2nd quarter,5:23.0,Adonal Foyle,GSW,True,2-pointer,15,35-34,'IND',leads
274,274,274,200202250GSW,19.4,23.1,2nd quarter,4:56.0,Larry Hughes,GSW,False,2-pointer,19,35-34,'IND',leads
275,275,275,200202250GSW,24.0,5.0,2nd quarter,4:45.0,Larry Hughes,GSW,True,2-pointer,0,37-34,'IND',leads
276,276,276,200202250GSW,7.6,23.8,2nd quarter,3:57.0,Gilbert Arenas,GSW,True,3-pointer,25,40-38,'IND',leads
277,277,277,200202250GSW,24.0,5.0,2nd quarter,3:30.0,Larry Hughes,GSW,True,2-pointer,0,42-38,'IND',leads
278,278,278,200202250GSW,40.5,14.9,2nd quarter,2:52.0,Gilbert Arenas,GSW,True,2-pointer,19,44-40,'IND',leads
279,279,279,200202250GSW,0.5,3.9,2nd quarter,2:01.0,Antawn Jamison,GSW,True,3-pointer,24,47-40,'IND',leads
280,280,280,200202250GSW,27.0,10.7,2nd quarter,1:28.0,Larry Hughes,GSW,True,2-pointer,6,49-40,'IND',leads
281,281,281,200202250GSW,23.6,6.9,2nd quarter,0:52.8,Antawn Jamison,GSW,False,2-pointer,2,49-43,'IND',leads
282,282,282,200202250GSW,27.0,10.3,2nd quarter,0:39.4,Danny Fortson,GSW,False,2-pointer,6,49-43,'IND',leads
283,283,283,200202250GSW,24.0,5.0,2nd quarter,0:38.3,Antawn Jamison,GSW,True,2-pointer,0,51-43,'IND',leads
284,284,284,200202250GSW,34.0,6.9,2nd quarter,0:28.6,Larry Hughes,GSW,False,2-pointer,10,51-43,'IND',leads
285,285,285,200202250GSW,24.0,5.0,2nd quarter,0:01.4,Gilbert Arenas,GSW,True,2-pointer,0,53-45,'IND',leads
286,286,286,200202250GSW,24.9,9.7,3rd quarter,10:19.0,Adonal Foyle,GSW,False,2-pointer,5,55-47,'IND',leads
287,287,287,200202250GSW,27.7,10.7,3rd quarter,9:56.0,Larry Hughes,GSW,False,2-pointer,7,55-47,'IND',leads
288,288,288,200202250GSW,24.1,25.5,3rd quarter,9:35.0,Danny Fortson,GSW,False,2-pointer,21,55-47,'IND',leads
289,289,289,200202250GSW,24.0,5.0,3rd quarter,8:05.0,Antawn Jamison,GSW,True,2-pointer,0,57-51,'IND',leads
290,290,290,200202250GSW,41.2,5.2,3rd quarter,7:08.0,Larry Hughes,GSW,False,2-pointer,17,57-51,'IND',leads
291,291,291,200202250GSW,24.0,5.0,3rd quarter,6:49.0,Jason Richardson,GSW,True,2-pointer,0,59-53,'IND',leads
292,292,292,200202250GSW,27.7,9.7,3rd quarter,6:18.0,Adonal Foyle,GSW,True,2-pointer,6,61-53,'IND',leads
293,293,293,200202250GSW,42.4,22.1,3rd quarter,5:48.0,Jason Richardson,GSW,True,3-pointer,25,64-53,'IND',leads
294,294,294,200202250GSW,26.2,7.6,3rd quarter,4:50.0,Jason Richardson,GSW,True,2-pointer,3,66-53,'IND',leads
295,295,295,200202250GSW,23.6,5.9,3rd quarter,3:40.0,Jason Richardson,GSW,False,2-pointer,1,66-58,'IND',leads
296,296,296,200202250GSW,25.6,6.9,3rd quarter,2:45.0,Antawn Jamison,GSW,False,2-pointer,2,68-58,'IND',leads
297,297,297,200202250GSW,18.2,7.6,3rd quarter,1:22.0,Erick Dampier,GSW,True,2-pointer,6,70-60,'IND',leads
298,298,298,200202250GSW,24.0,5.0,3rd quarter,0:36.4,Antawn Jamison,GSW,True,2-pointer,0,72-60,'IND',leads
299,299,299,200202250GSW,36.7,17.7,4th quarter,11:38.0,Troy Murphy,GSW,False,2-pointer,18,73-62,'IND',leads
300,300,300,200202250GSW,22.2,8.6,4th quarter,11:06.0,Bob Sura,GSW,False,2-pointer,4,73-64,'IND',leads
301,301,301,200202250GSW,25.6,6.9,4th quarter,10:09.0,Gilbert Arenas,GSW,False,2-pointer,2,73-66,'IND',leads
302,302,302,200202250GSW,30.6,9.0,4th quarter,9:23.0,Bob Sura,GSW,True,2-pointer,8,75-68,'IND',leads
303,303,303,200202250GSW,32.4,9.7,4th quarter,8:42.0,Erick Dampier,GSW,False,2-pointer,10,75-69,'IND',leads
304,304,304,200202250GSW,9.5,25.9,4th quarter,8:16.0,Jason Richardson,GSW,False,3-pointer,25,75-69,'IND',leads
305,305,305,200202250GSW,24.0,5.0,4th quarter,7:43.0,Gilbert Arenas,GSW,True,2-pointer,0,79-72,'IND',leads
306,306,306,200202250GSW,20.3,8.0,4th quarter,7:15.0,Adonal Foyle,GSW,False,2-pointer,5,79-74,'IND',leads
307,307,307,200202250GSW,12.5,28.2,4th quarter,6:47.0,Gilbert Arenas,GSW,False,3-pointer,26,79-76,'IND',leads
308,308,308,200202250GSW,42.4,21.0,4th quarter,6:03.0,Jason Richardson,GSW,False,3-pointer,24,79-78,'IND',leads
309,309,309,200202250GSW,27.0,10.3,4th quarter,5:32.0,Erick Dampier,GSW,False,2-pointer,6,79-79,'IND',tied
310,310,310,200202250GSW,27.7,8.0,4th quarter,5:00.0,Jason Richardson,GSW,False,2-pointer,5,79-79,'IND',tied
311,311,311,200202250GSW,20.9,9.7,4th quarter,4:23.0,Larry Hughes,GSW,False,2-pointer,6,79-79,'IND',tied
312,312,312,200202250GSW,20.3,9.0,4th quarter,4:16.0,Larry Hughes,GSW,False,2-pointer,5,79-79,'IND',tied
313,313,313,200202250GSW,41.2,15.6,4th quarter,3:47.0,Larry Hughes,GSW,False,2-pointer,20,79-79,'IND',tied
314,314,314,200202250GSW,14.4,21.7,4th quarter,3:33.0,Antawn Jamison,GSW,False,2-pointer,19,79-79,'IND',tied
315,315,315,200202250GSW,40.5,5.0,4th quarter,3:00.0,Antawn Jamison,GSW,False,2-pointer,17,79-79,'IND',tied
316,316,316,200202250GSW,27.0,10.3,4th quarter,2:55.0,Antawn Jamison,GSW,True,2-pointer,6,81-79,'IND',leads
317,317,317,200202250GSW,20.3,10.3,4th quarter,2:13.0,Erick Dampier,GSW,False,2-pointer,6,81-81,'IND',tied
318,318,318,200202250GSW,24.0,5.0,4th quarter,2:11.0,Antawn Jamison,GSW,True,2-pointer,0,83-81,'IND',leads
319,319,319,200202250GSW,20.9,7.6,4th quarter,1:36.0,Erick Dampier,GSW,False,2-pointer,4,83-81,'IND',leads
320,320,320,200202250GSW,24.0,5.0,4th quarter,1:35.0,Erick Dampier,GSW,False,2-pointer,0,83-81,'IND',leads
321,321,321,200202250GSW,27.7,8.6,4th quarter,0:44.7,Jason Richardson,GSW,False,2-pointer,5,83-83,'IND',tied
322,322,322,200202250GSW,20.9,9.7,4th quarter,0:13.1,Larry Hughes,GSW,False,2-pointer,6,83-83,'IND',tied
323,323,323,200202250GSW,23.0,42.8,4th quarter,0:00.0,Larry Hughes,GSW,False,3-pointer,38,83-83,'IND',tied
324,324,324,200202250GSW,36.7,19.4,1st overtime,3:26.0,Antawn Jamison,GSW,False,2-pointer,19,83-86,'IND',trails
325,325,325,200202250GSW,37.6,18.3,1st overtime,2:57.0,Jason Richardson,GSW,False,2-pointer,19,83-86,'IND',trails
326,326,326,200202250GSW,27.7,8.0,1st overtime,2:46.0,Antawn Jamison,GSW,False,2-pointer,5,83-86,'IND',trails
327,327,327,200202250GSW,18.8,5.9,1st overtime,2:05.0,Gilbert Arenas,GSW,False,2-pointer,5,84-88,'IND',trails
328,328,328,200202250GSW,12.5,18.9,1st overtime,1:44.0,Jason Richardson,GSW,True,2-pointer,18,86-91,'IND',trails
329,329,329,200202250GSW,28.5,12.4,1st overtime,1:04.0,Antawn Jamison,GSW,False,2-pointer,9,86-91,'IND',trails
330,330,330,200202250GSW,36.7,19.4,1st overtime,0:50.0,Gilbert Arenas,GSW,True,2-pointer,19,88-93,'IND',trails
331,331,331,200202250GSW,24.0,5.0,1st overtime,0:42.0,Gilbert Arenas,GSW,True,2-pointer,0,90-94,'IND',trails
332,332,332,200202250GSW,22.2,9.0,1st overtime,0:36.1,Jason Richardson,GSW,True,2-pointer,4,92-96,'IND',trails
333,333,333,200202250GSW,26.2,6.9,1st overtime,0:28.5,Larry Hughes,GSW,False,2-pointer,3,92-98,'IND',trails
334,334,334,200202250GSW,24.0,5.0,1st overtime,0:22.3,Antawn Jamison,GSW,True,2-pointer,0,94-98,'IND',trails
335,335,335,200202250GSW,24.1,29.7,1st overtime,0:14.8,Jason Richardson,GSW,True,3-pointer,25,97-100,'IND',trails
336,336,336,200202250GSW,41.2,25.5,1st overtime,0:07.7,Jason Richardson,GSW,False,3-pointer,27,97-102,'IND',trails
337,337,337,200202250GSW,46.6,3.3,1st overtime,0:04.3,Antawn Jamison,GSW,False,3-pointer,23,97-102,'IND',trails
338,338,338,200202250MEM,14.2,11.3,1st quarter,11:35.0,Jeff McInnis,LAC,False,2-pointer,12,0-0,'MEM',tied
339,339,339,200202250MEM,24.0,5.0,1st quarter,10:49.0,Tremaine Fowlkes,LAC,False,2-pointer,0,0-2,'MEM',trails
340,340,340,200202250MEM,24.0,5.0,1st quarter,10:16.0,Michael Olowokandi,LAC,False,2-pointer,0,0-2,'MEM',trails
341,341,341,200202250MEM,24.0,5.0,1st quarter,10:12.0,Elton Brand,LAC,True,2-pointer,0,2-2,'MEM',tied
342,342,342,200202250MEM,22.2,24.0,1st quarter,9:38.0,Tremaine Fowlkes,LAC,False,2-pointer,19,2-2,'MEM',tied
343,343,343,200202250MEM,29.8,15.8,1st quarter,8:46.0,Eric Piatkowski,LAC,False,2-pointer,12,3-2,'MEM',leads
344,344,344,200202250MEM,0.5,5.9,1st quarter,7:31.0,Eric Piatkowski,LAC,True,3-pointer,24,8-6,'MEM',leads
345,345,345,200202250MEM,34.0,9.7,1st quarter,6:58.0,Michael Olowokandi,LAC,False,2-pointer,11,8-8,'MEM',tied
346,346,346,200202250MEM,24.0,5.0,1st quarter,6:57.0,Elton Brand,LAC,True,2-pointer,0,10-8,'MEM',leads
347,347,347,200202250MEM,34.8,19.8,1st quarter,6:23.0,Jeff McInnis,LAC,False,2-pointer,18,10-8,'MEM',leads
348,348,348,200202250MEM,24.0,5.0,1st quarter,6:21.0,Elton Brand,LAC,False,2-pointer,0,10-8,'MEM',leads
349,349,349,200202250MEM,1.1,4.4,1st quarter,5:40.0,Eric Piatkowski,LAC,False,3-pointer,23,10-10,'MEM',tied
350,350,350,200202250MEM,35.0,28.8,1st quarter,5:04.0,Eric Piatkowski,LAC,True,3-pointer,26,13-10,'MEM',leads
351,351,351,200202250MEM,24.0,5.0,1st quarter,3:50.0,Darius Miles,LAC,True,2-pointer,0,16-10,'MEM',leads
352,352,352,200202250MEM,9.5,5.9,1st quarter,3:10.0,Jeff McInnis,LAC,True,2-pointer,15,18-10,'MEM',leads
353,353,353,200202250MEM,29.8,9.2,1st quarter,2:02.0,Michael Olowokandi,LAC,False,2-pointer,7,18-12,'MEM',leads
354,354,354,200202250MEM,25.6,31.8,1st quarter,1:35.0,Quentin Richardson,LAC,False,3-pointer,27,20-12,'MEM',leads
355,355,355,200202250MEM,24.1,8.6,1st quarter,1:31.0,Elton Brand,LAC,True,2-pointer,4,22-12,'MEM',leads
356,356,356,200202250MEM,24.0,5.0,1st quarter,0:35.4,Darius Miles,LAC,True,2-pointer,0,26-12,'MEM',leads
357,357,357,200202250MEM,41.4,4.4,1st quarter,0:01.3,Jeff McInnis,LAC,False,2-pointer,17,26-12,'MEM',leads
358,358,358,200202250MEM,24.0,5.0,2nd quarter,11:01.0,Quentin Richardson,LAC,True,2-pointer,0,28-14,'MEM',leads
359,359,359,200202250MEM,23.6,12.6,2nd quarter,9:49.0,Michael Olowokandi,LAC,True,2-pointer,8,30-16,'MEM',leads
360,360,360,200202250MEM,34.0,19.1,2nd quarter,9:22.0,Jeff McInnis,LAC,False,2-pointer,17,31-16,'MEM',leads
361,361,361,200202250MEM,34.0,16.4,2nd quarter,8:42.0,Jeff McInnis,LAC,False,2-pointer,15,31-18,'MEM',leads
362,362,362,200202250MEM,7.8,26.9,2nd quarter,8:12.0,Quentin Richardson,LAC,True,3-pointer,27,34-18,'MEM',leads
363,363,363,200202250MEM,9.1,19.1,2nd quarter,7:37.0,Darius Miles,LAC,False,2-pointer,21,34-20,'MEM',leads
364,364,364,200202250MEM,22.8,30.1,2nd quarter,7:08.0,Jeff McInnis,LAC,False,3-pointer,25,34-22,'MEM',leads
365,365,365,200202250MEM,24.1,9.7,2nd quarter,6:35.0,Harold Jamison,LAC,False,2-pointer,5,34-24,'MEM',leads
366,366,366,200202250MEM,24.0,5.0,2nd quarter,6:13.0,Michael Olowokandi,LAC,True,2-pointer,0,36-24,'MEM',leads
367,367,367,200202250MEM,24.0,5.0,2nd quarter,4:13.0,Elton Brand,LAC,True,2-pointer,0,38-24,'MEM',leads
368,368,368,200202250MEM,22.2,23.6,2nd quarter,3:28.0,Eric Piatkowski,LAC,True,2-pointer,19,40-25,'MEM',leads
369,369,369,200202250MEM,22.8,25.0,2nd quarter,2:49.0,Darius Miles,LAC,True,2-pointer,20,42-25,'MEM',leads
370,370,370,200202250MEM,39.9,5.4,2nd quarter,2:22.0,Quentin Richardson,LAC,False,2-pointer,16,42-25,'MEM',leads
371,371,371,200202250MEM,27.7,29.5,2nd quarter,1:49.0,Eric Piatkowski,LAC,False,3-pointer,25,42-25,'MEM',leads
372,372,372,200202250MEM,24.0,5.0,2nd quarter,0:38.6,Elton Brand,LAC,True,2-pointer,0,46-27,'MEM',leads
373,373,373,200202250MEM,35.5,13.7,3rd quarter,11:27.0,Jeff McInnis,LAC,False,2-pointer,14,46-31,'MEM',leads
374,374,374,200202250MEM,31.9,20.2,3rd quarter,10:55.0,Tremaine Fowlkes,LAC,False,2-pointer,17,46-33,'MEM',leads
375,375,375,200202250MEM,24.0,5.0,3rd quarter,10:25.0,Tremaine Fowlkes,LAC,True,2-pointer,0,48-33,'MEM',leads
376,376,376,200202250MEM,29.8,12.6,3rd quarter,9:29.0,Elton Brand,LAC,True,2-pointer,10,51-38,'MEM',leads
377,377,377,200202250MEM,24.7,9.7,3rd quarter,8:28.0,Michael Olowokandi,LAC,False,2-pointer,5,51-40,'MEM',leads
378,378,378,200202250MEM,23.6,10.3,3rd quarter,7:57.0,Elton Brand,LAC,True,2-pointer,5,53-42,'MEM',leads
379,379,379,200202250MEM,27.7,13.0,3rd quarter,7:23.0,Jeff McInnis,LAC,False,2-pointer,9,53-44,'MEM',leads
380,380,380,200202250MEM,24.7,14.7,3rd quarter,6:27.0,Jeff McInnis,LAC,False,2-pointer,10,53-46,'MEM',leads
381,381,381,200202250MEM,24.0,5.0,3rd quarter,6:23.0,Tremaine Fowlkes,LAC,False,2-pointer,0,53-46,'MEM',leads
382,382,382,200202250MEM,14.6,23.4,3rd quarter,5:58.0,Eric Piatkowski,LAC,False,2-pointer,21,53-46,'MEM',leads
383,383,383,200202250MEM,34.0,21.9,3rd quarter,5:44.0,Tremaine Fowlkes,LAC,False,2-pointer,20,53-46,'MEM',leads
384,384,384,200202250MEM,13.5,21.3,3rd quarter,5:20.0,Darius Miles,LAC,False,2-pointer,19,53-48,'MEM',leads
385,385,385,200202250MEM,24.0,29.9,3rd quarter,4:53.0,Jeff McInnis,LAC,True,3-pointer,25,56-50,'MEM',leads
386,386,386,200202250MEM,24.0,5.0,3rd quarter,4:25.0,Quentin Richardson,LAC,True,2-pointer,0,58-50,'MEM',leads
387,387,387,200202250MEM,23.6,12.0,3rd quarter,3:11.0,Jeff McInnis,LAC,False,2-pointer,7,58-52,'MEM',leads
388,388,388,200202250MEM,24.0,5.0,3rd quarter,2:41.0,Darius Miles,LAC,True,2-pointer,0,60-52,'MEM',leads
389,389,389,200202250MEM,33.4,6.9,3rd quarter,2:37.0,Quentin Richardson,LAC,False,2-pointer,10,60-52,'MEM',leads
390,390,390,200202250MEM,24.7,21.9,3rd quarter,2:30.0,Jeff McInnis,LAC,True,2-pointer,17,62-52,'MEM',leads
391,391,391,200202250MEM,30.4,19.8,3rd quarter,1:46.0,Sean Rooks,LAC,False,2-pointer,16,62-54,'MEM',leads
392,392,392,200202250MEM,24.1,12.0,3rd quarter,0:46.8,Elton Brand,LAC,True,2-pointer,7,66-60,'MEM',leads
393,393,393,200202250MEM,17.7,24.0,3rd quarter,0:01.2,Jeff McInnis,LAC,True,2-pointer,20,68-62,'MEM',leads
394,394,394,200202250MEM,35.5,5.4,4th quarter,11:37.0,Quentin Richardson,LAC,False,2-pointer,12,68-62,'MEM',leads
395,395,395,200202250MEM,24.0,5.0,4th quarter,11:33.0,Quentin Richardson,LAC,False,2-pointer,0,68-62,'MEM',leads
396,396,396,200202250MEM,24.0,5.0,4th quarter,10:32.0,Darius Miles,LAC,False,2-pointer,0,70-62,'MEM',leads
397,397,397,200202250MEM,20.7,25.7,4th quarter,9:43.0,Sean Rooks,LAC,True,2-pointer,21,73-62,'MEM',leads
398,398,398,200202250MEM,29.1,24.6,4th quarter,8:47.0,Jeff McInnis,LAC,False,2-pointer,20,73-62,'MEM',leads
399,399,399,200202250MEM,24.0,5.0,4th quarter,8:43.0,Elton Brand,LAC,False,2-pointer,0,73-62,'MEM',leads
400,400,400,200202250MEM,24.1,25.7,4th quarter,8:09.0,Sean Rooks,LAC,True,2-pointer,21,75-64,'MEM',leads
401,401,401,200202250MEM,24.0,5.0,4th quarter,7:11.0,Darius Miles,LAC,False,2-pointer,0,75-64,'MEM',leads
402,402,402,200202250MEM,17.7,28.4,4th quarter,5:35.0,Eric Piatkowski,LAC,False,3-pointer,24,75-66,'MEM',leads
403,403,403,200202250MEM,19.2,23.6,4th quarter,4:50.0,Sean Rooks,LAC,False,2-pointer,19,75-68,'MEM',leads
404,404,404,200202250MEM,29.1,14.7,4th quarter,4:23.0,Jeff McInnis,LAC,True,2-pointer,11,77-68,'MEM',leads
405,405,405,200202250MEM,31.9,22.3,4th quarter,3:33.0,Sean Rooks,LAC,False,2-pointer,19,77-68,'MEM',leads
406,406,406,200202250MEM,24.0,5.0,4th quarter,2:56.0,Darius Miles,LAC,True,2-pointer,0,79-68,'MEM',leads
407,407,407,200202250MEM,24.0,5.0,4th quarter,2:25.0,Elton Brand,LAC,True,2-pointer,0,81-70,'MEM',leads
408,408,408,200202250MEM,10.6,14.1,4th quarter,1:42.0,Jeff McInnis,LAC,False,2-pointer,16,81-70,'MEM',leads
409,409,409,200202250MEM,34.8,13.7,4th quarter,1:16.0,Elton Brand,LAC,True,2-pointer,14,83-70,'MEM',leads
410,410,410,200202250MEM,24.0,5.0,4th quarter,0:31.8,Darius Miles,LAC,True,2-pointer,0,87-74,'MEM',leads
411,411,411,200202250MEM,22.8,11.3,1st quarter,11:15.0,Shane Battier,MEM,True,2-pointer,6,2-0,'MEM',leads
412,412,412,200202250MEM,36.3,9.7,1st quarter,10:28.0,Lorenzen Wright,MEM,False,2-pointer,13,2-0,'MEM',leads
413,413,413,200202250MEM,35.7,18.5,1st quarter,9:56.0,Shane Battier,MEM,False,2-pointer,18,2-2,'MEM',tied
414,414,414,200202250MEM,33.6,22.7,1st quarter,9:29.0,Will Solomon,MEM,False,2-pointer,20,2-2,'MEM',tied
415,415,415,200202250MEM,14.8,5.4,1st quarter,8:56.0,Pau Gasol,MEM,False,2-pointer,9,2-3,'MEM',trails
416,416,416,200202250MEM,24.0,5.0,1st quarter,8:40.0,Will Solomon,MEM,True,2-pointer,0,4-3,'MEM',leads
417,417,417,200202250MEM,36.9,13.0,1st quarter,8:03.0,Tony Massenburg,MEM,False,2-pointer,15,4-5,'MEM',trails
418,418,418,200202250MEM,24.0,5.0,1st quarter,7:47.0,Pau Gasol,MEM,True,2-pointer,0,6-5,'MEM',leads
419,419,419,200202250MEM,20.7,16.4,1st quarter,7:17.0,Eddie Gill,MEM,True,2-pointer,12,8-8,'MEM',tied
420,420,420,200202250MEM,5.5,22.3,1st quarter,6:14.0,Shane Battier,MEM,False,3-pointer,25,8-10,'MEM',trails
421,421,421,200202250MEM,9.9,4.4,1st quarter,5:57.0,Eddie Gill,MEM,True,2-pointer,14,10-10,'MEM',tied
422,422,422,200202250MEM,0.5,2.7,1st quarter,5:31.0,Will Solomon,MEM,False,3-pointer,24,10-10,'MEM',tied
423,423,423,200202250MEM,10.6,12.0,1st quarter,5:19.0,Stromile Swift,MEM,False,2-pointer,15,10-10,'MEM',tied
424,424,424,200202250MEM,47.7,3.7,1st quarter,4:37.0,Will Solomon,MEM,False,3-pointer,24,10-13,'MEM',trails
425,425,425,200202250MEM,29.8,12.6,1st quarter,3:55.0,Stromile Swift,MEM,False,2-pointer,10,10-14,'MEM',trails
426,426,426,200202250MEM,40.7,24.6,1st quarter,3:31.0,Eddie Gill,MEM,False,3-pointer,26,10-16,'MEM',trails
427,427,427,200202250MEM,20.7,11.3,1st quarter,2:46.0,Shane Battier,MEM,False,2-pointer,7,10-18,'MEM',trails
428,428,428,200202250MEM,31.3,5.9,1st quarter,2:33.0,Will Solomon,MEM,False,2-pointer,7,10-18,'MEM',trails
429,429,429,200202250MEM,36.3,8.0,1st quarter,2:30.0,Will Solomon,MEM,False,2-pointer,13,10-18,'MEM',trails
430,430,430,200202250MEM,24.0,5.0,1st quarter,1:15.0,Antonis Fotsis,MEM,False,2-pointer,0,12-22,'MEM',trails
431,431,431,200202250MEM,24.0,5.0,1st quarter,0:16.7,Tony Massenburg,MEM,False,2-pointer,0,12-26,'MEM',trails
432,432,432,200202250MEM,34.0,19.8,2nd quarter,11:45.0,Eddie Gill,MEM,False,2-pointer,18,12-26,'MEM',trails
433,433,433,200202250MEM,24.0,5.0,2nd quarter,11:27.0,Antonis Fotsis,MEM,True,2-pointer,0,14-26,'MEM',trails
434,434,434,200202250MEM,38.0,21.5,2nd quarter,10:39.0,Antonis Fotsis,MEM,False,2-pointer,22,14-28,'MEM',trails
435,435,435,200202250MEM,43.3,9.5,2nd quarter,10:15.0,Eddie Gill,MEM,True,2-pointer,20,16-28,'MEM',trails
436,436,436,200202250MEM,29.1,10.7,2nd quarter,9:02.0,Pau Gasol,MEM,True,2-pointer,8,18-31,'MEM',trails
437,437,437,200202250MEM,27.7,8.0,2nd quarter,7:57.0,Lorenzen Wright,MEM,True,2-pointer,5,20-34,'MEM',trails
438,438,438,200202250MEM,12.7,16.8,2nd quarter,7:28.0,Lorenzen Wright,MEM,True,2-pointer,16,22-34,'MEM',trails
439,439,439,200202250MEM,24.1,9.2,2nd quarter,6:55.0,Eddie Gill,MEM,True,2-pointer,4,24-34,'MEM',trails
440,440,440,200202250MEM,47.7,7.6,2nd quarter,5:18.0,Shane Battier,MEM,False,3-pointer,24,24-36,'MEM',trails
441,441,441,200202250MEM,36.9,18.5,2nd quarter,4:54.0,Shane Battier,MEM,False,2-pointer,19,24-36,'MEM',trails
442,442,442,200202250MEM,38.4,13.7,2nd quarter,3:40.0,Eddie Gill,MEM,False,2-pointer,17,24-38,'MEM',trails
443,443,443,200202250MEM,24.0,16.8,2nd quarter,2:31.0,Pau Gasol,MEM,False,2-pointer,12,25-42,'MEM',trails
444,444,444,200202250MEM,12.7,14.7,2nd quarter,2:07.0,Eddie Gill,MEM,False,2-pointer,15,25-42,'MEM',trails
445,445,445,200202250MEM,31.3,28.8,2nd quarter,1:18.0,Shane Battier,MEM,False,3-pointer,25,25-42,'MEM',trails
446,446,446,200202250MEM,37.8,16.4,2nd quarter,0:55.3,Shane Battier,MEM,True,2-pointer,18,27-44,'MEM',trails
447,447,447,200202250MEM,24.0,5.0,2nd quarter,0:26.1,Pau Gasol,MEM,True,2-pointer,0,29-46,'MEM',trails
448,448,448,200202250MEM,38.4,19.1,3rd quarter,11:45.0,Will Solomon,MEM,True,2-pointer,20,31-46,'MEM',trails
449,449,449,200202250MEM,24.0,5.0,3rd quarter,11:21.0,Lorenzen Wright,MEM,False,2-pointer,0,31-46,'MEM',trails
450,450,450,200202250MEM,24.0,5.0,3rd quarter,11:15.0,Pau Gasol,MEM,True,2-pointer,0,33-46,'MEM',trails
451,451,451,200202250MEM,34.0,20.8,3rd quarter,10:38.0,Shane Battier,MEM,False,2-pointer,19,33-46,'MEM',trails
452,452,452,200202250MEM,24.0,5.0,3rd quarter,10:03.0,Lorenzen Wright,MEM,True,2-pointer,0,35-49,'MEM',trails
453,453,453,200202250MEM,24.0,5.0,3rd quarter,9:44.0,Lorenzen Wright,MEM,True,2-pointer,0,38-49,'MEM',trails
454,454,454,200202250MEM,27.0,14.7,3rd quarter,8:54.0,Shane Battier,MEM,False,2-pointer,10,38-51,'MEM',trails
455,455,455,200202250MEM,23.6,12.0,3rd quarter,8:42.0,Lorenzen Wright,MEM,True,2-pointer,7,40-51,'MEM',trails
456,456,456,200202250MEM,24.0,5.0,3rd quarter,8:22.0,Pau Gasol,MEM,True,2-pointer,0,42-51,'MEM',trails
457,457,457,200202250MEM,24.0,5.0,3rd quarter,7:40.0,Lorenzen Wright,MEM,True,2-pointer,0,44-53,'MEM',trails
458,458,458,200202250MEM,21.3,21.3,3rd quarter,7:07.0,Pau Gasol,MEM,False,2-pointer,17,44-53,'MEM',trails
459,459,459,200202250MEM,24.0,19.8,3rd quarter,6:51.0,Pau Gasol,MEM,True,2-pointer,15,46-53,'MEM',trails
460,460,460,200202250MEM,39.9,26.3,3rd quarter,6:07.0,Shane Battier,MEM,False,3-pointer,27,46-53,'MEM',trails
461,461,461,200202250MEM,24.0,5.0,3rd quarter,5:37.0,Pau Gasol,MEM,True,2-pointer,0,48-53,'MEM',trails
462,462,462,200202250MEM,23.6,11.3,3rd quarter,4:07.0,Lorenzen Wright,MEM,False,2-pointer,6,50-58,'MEM',trails
463,463,463,200202250MEM,39.3,24.6,3rd quarter,3:59.0,Will Solomon,MEM,False,3-pointer,25,50-58,'MEM',trails
464,464,464,200202250MEM,22.2,31.2,3rd quarter,3:43.0,Will Solomon,MEM,False,3-pointer,26,50-58,'MEM',trails
465,465,465,200202250MEM,22.2,22.9,3rd quarter,3:27.0,Eddie Gill,MEM,True,2-pointer,18,52-58,'MEM',trails
466,466,466,200202250MEM,12.7,18.5,3rd quarter,2:47.0,Pau Gasol,MEM,False,2-pointer,18,52-58,'MEM',trails
467,467,467,200202250MEM,24.1,9.7,3rd quarter,2:10.0,Will Solomon,MEM,True,2-pointer,5,54-62,'MEM',trails
468,468,468,200202250MEM,24.0,5.0,3rd quarter,1:30.0,Eddie Gill,MEM,True,2-pointer,0,56-62,'MEM',trails
469,469,469,200202250MEM,47.7,10.3,3rd quarter,1:04.0,Will Solomon,MEM,True,3-pointer,24,60-64,'MEM',trails
470,470,470,200202250MEM,24.0,5.0,3rd quarter,0:23.0,Will Solomon,MEM,True,2-pointer,0,62-66,'MEM',trails
471,471,471,200202250MEM,24.1,8.0,4th quarter,11:08.0,Stromile Swift,MEM,False,2-pointer,3,62-70,'MEM',trails
472,472,472,200202250MEM,47.7,7.6,4th quarter,10:42.0,Will Solomon,MEM,False,3-pointer,24,62-70,'MEM',trails
473,473,473,200202250MEM,26.8,20.4,4th quarter,10:01.0,Stromile Swift,MEM,False,2-pointer,16,62-70,'MEM',trails
474,474,474,200202250MEM,19.8,29.1,4th quarter,9:08.0,Will Solomon,MEM,False,3-pointer,24,62-73,'MEM',trails
475,475,475,200202250MEM,24.7,18.5,4th quarter,8:29.0,Shane Battier,MEM,True,2-pointer,14,64-73,'MEM',trails
476,476,476,200202250MEM,36.9,10.7,4th quarter,7:01.0,Shane Battier,MEM,False,2-pointer,14,64-75,'MEM',trails
477,477,477,200202250MEM,24.1,13.0,4th quarter,6:19.0,Lorenzen Wright,MEM,False,2-pointer,8,66-75,'MEM',trails
478,478,478,200202250MEM,40.7,6.9,4th quarter,5:12.0,Shane Battier,MEM,False,2-pointer,17,66-75,'MEM',trails
479,479,479,200202250MEM,24.0,5.0,4th quarter,5:08.0,Pau Gasol,MEM,True,2-pointer,0,68-75,'MEM',trails
480,480,480,200202250MEM,24.0,5.0,4th quarter,3:59.0,Pau Gasol,MEM,False,2-pointer,0,68-77,'MEM',trails
481,481,481,200202250MEM,4.0,6.5,4th quarter,3:56.0,Will Solomon,MEM,False,2-pointer,20,68-77,'MEM',trails
482,482,482,200202250MEM,19.8,20.8,4th quarter,3:13.0,Eddie Gill,MEM,False,2-pointer,16,68-77,'MEM',trails
483,483,483,200202250MEM,32.5,28.4,4th quarter,2:00.0,Will Solomon,MEM,False,3-pointer,25,70-81,'MEM',trails
484,484,484,200202250MEM,22.8,12.0,4th quarter,1:13.0,Lorenzen Wright,MEM,True,2-pointer,7,72-83,'MEM',trails
485,485,485,200202250MEM,24.1,8.6,4th quarter,1:08.0,Pau Gasol,MEM,False,2-pointer,4,72-83,'MEM',trails
486,486,486,200202250MEM,24.0,5.0,4th quarter,0:49.7,Pau Gasol,MEM,True,2-pointer,0,74-84,'MEM',trails
487,487,487,200202250MEM,20.7,20.2,4th quarter,0:35.7,Shane Battier,MEM,False,2-pointer,16,74-85,'MEM',trails
488,488,488,200202250MEM,24.0,5.0,4th quarter,0:25.0,Eddie Gill,MEM,True,3-pointer,0,77-87,'MEM',trails
489,489,489,200202250MEM,17.7,30.7,4th quarter,0:15.8,Lorenzen Wright,MEM,False,3-pointer,26,77-90,'MEM',trails
490,490,490,200202250PHI,42.4,4.6,1st quarter,11:18.0,Rasheed Wallace,POR,True,2-pointer,18,2-2,'POR',tied
491,491,491,200202250PHI,40.3,26.1,1st quarter,10:50.0,Bonzi Wells,POR,False,3-pointer,27,2-4,'POR',trails
492,492,492,200202250PHI,14.2,10.9,1st quarter,10:14.0,Bonzi Wells,POR,False,2-pointer,11,2-6,'POR',trails
493,493,493,200202250PHI,24.0,5.0,1st quarter,9:54.0,Bonzi Wells,POR,True,2-pointer,0,4-6,'POR',trails
494,494,494,200202250PHI,25.4,15.4,1st quarter,9:14.0,Rasheed Wallace,POR,True,2-pointer,10,6-8,'POR',trails
495,495,495,200202250PHI,24.0,5.0,1st quarter,8:47.0,Scottie Pippen,POR,False,2-pointer,0,6-8,'POR',trails
496,496,496,200202250PHI,24.0,5.0,1st quarter,8:21.0,Scottie Pippen,POR,True,2-pointer,0,8-11,'POR',trails
497,497,497,200202250PHI,24.0,5.0,1st quarter,7:36.0,Dale Davis,POR,True,2-pointer,0,10-13,'POR',trails
498,498,498,200202250PHI,41.8,13.0,1st quarter,6:27.0,Rasheed Wallace,POR,True,2-pointer,20,12-15,'POR',trails
499,499,499,200202250PHI,36.7,27.2,1st quarter,5:27.0,Damon Stoudamire,POR,False,3-pointer,26,12-19,'POR',trails
500,500,500,200202250PHI,38.8,27.2,1st quarter,4:49.0,Rasheed Wallace,POR,True,3-pointer,27,15-21,'POR',trails
501,501,501,200202250PHI,24.0,5.0,1st quarter,4:26.0,Bonzi Wells,POR,False,2-pointer,0,15-21,'POR',trails
502,502,502,200202250PHI,9.9,16.4,1st quarter,3:56.0,Rasheed Wallace,POR,True,2-pointer,18,17-24,'POR',trails
503,503,503,200202250PHI,24.1,25.5,1st quarter,2:35.0,Rasheed Wallace,POR,False,2-pointer,21,19-24,'POR',trails
504,504,504,200202250PHI,24.0,5.0,1st quarter,2:14.0,Rasheed Wallace,POR,True,2-pointer,0,21-24,'POR',trails
505,505,505,200202250PHI,15.6,17.5,1st quarter,2:04.0,Damon Stoudamire,POR,False,2-pointer,15,21-24,'POR',trails
506,506,506,200202250PHI,24.0,5.0,1st quarter,0:55.9,Ruben Patterson,POR,False,2-pointer,0,21-26,'POR',trails
507,507,507,200202250PHI,24.0,5.0,1st quarter,0:37.4,Ruben Patterson,POR,False,2-pointer,0,21-26,'POR',trails
508,508,508,200202250PHI,38.8,5.4,1st quarter,0:00.0,Dale Davis,POR,False,2-pointer,15,21-26,'POR',trails
509,509,509,200202250PHI,19.2,15.4,2nd quarter,11:47.0,Damon Stoudamire,POR,False,2-pointer,11,21-26,'POR',trails
510,510,510,200202250PHI,23.4,14.7,2nd quarter,10:53.0,Rasheed Wallace,POR,True,2-pointer,10,24-26,'POR',trails
511,511,511,200202250PHI,27.5,15.8,2nd quarter,10:21.0,Chris Dudley,POR,False,2-pointer,11,24-26,'POR',trails
512,512,512,200202250PHI,32.5,13.7,2nd quarter,10:17.0,Ruben Patterson,POR,False,2-pointer,12,24-26,'POR',trails
513,513,513,200202250PHI,24.1,32.0,2nd quarter,10:01.0,Rasheed Wallace,POR,False,3-pointer,27,24-26,'POR',trails
514,514,514,200202250PHI,12.9,28.2,2nd quarter,9:55.0,Derek Anderson,POR,False,3-pointer,26,24-26,'POR',trails
515,515,515,200202250PHI,9.3,14.1,2nd quarter,9:09.0,Ruben Patterson,POR,True,2-pointer,17,27-29,'POR',trails
516,516,516,200202250PHI,24.0,5.0,2nd quarter,8:34.0,Rasheed Wallace,POR,False,2-pointer,0,27-31,'POR',trails
517,517,517,200202250PHI,24.0,5.0,2nd quarter,7:43.0,Bonzi Wells,POR,True,2-pointer,0,29-33,'POR',trails
518,518,518,200202250PHI,13.5,14.1,2nd quarter,7:15.0,Damon Stoudamire,POR,False,2-pointer,14,29-33,'POR',trails
519,519,519,200202250PHI,22.2,15.8,2nd quarter,6:45.0,Derek Anderson,POR,False,2-pointer,11,29-33,'POR',trails
520,520,520,200202250PHI,24.0,5.0,2nd quarter,6:23.0,Ruben Patterson,POR,False,2-pointer,0,29-35,'POR',trails
521,521,521,200202250PHI,12.9,30.9,2nd quarter,5:58.0,Scottie Pippen,POR,False,3-pointer,28,29-35,'POR',trails
522,522,522,200202250PHI,12.9,31.6,2nd quarter,5:51.0,Damon Stoudamire,POR,True,3-pointer,29,32-35,'POR',trails
523,523,523,200202250PHI,24.1,20.6,2nd quarter,5:06.0,Dale Davis,POR,False,2-pointer,16,32-37,'POR',trails
524,524,524,200202250PHI,24.1,30.9,2nd quarter,4:44.0,Damon Stoudamire,POR,False,3-pointer,26,32-39,'POR',trails
525,525,525,200202250PHI,23.4,14.7,2nd quarter,4:09.0,Dale Davis,POR,False,2-pointer,10,34-39,'POR',trails
526,526,526,200202250PHI,24.0,5.0,2nd quarter,3:35.0,Dale Davis,POR,True,2-pointer,0,36-39,'POR',trails
527,527,527,200202250PHI,9.3,6.5,2nd quarter,3:03.0,Scottie Pippen,POR,False,2-pointer,15,36-41,'POR',trails
528,528,528,200202250PHI,34.6,4.6,2nd quarter,2:54.0,Bonzi Wells,POR,True,2-pointer,11,38-41,'POR',trails
529,529,529,200202250PHI,10.8,29.3,2nd quarter,2:23.0,Rasheed Wallace,POR,True,3-pointer,28,41-41,'POR',tied
530,530,530,200202250PHI,9.3,4.6,2nd quarter,0:32.1,Rasheed Wallace,POR,False,2-pointer,15,45-43,'POR',leads
531,531,531,200202250PHI,24.1,14.1,2nd quarter,0:26.6,Damon Stoudamire,POR,False,2-pointer,9,45-43,'POR',leads
532,532,532,200202250PHI,24.7,19.1,3rd quarter,11:42.0,Scottie Pippen,POR,False,2-pointer,14,45-43,'POR',leads
533,533,533,200202250PHI,24.0,5.0,3rd quarter,10:29.0,Dale Davis,POR,True,2-pointer,0,47-43,'POR',leads
534,534,534,200202250PHI,25.4,15.4,3rd quarter,9:55.0,Bonzi Wells,POR,False,2-pointer,10,47-45,'POR',leads
535,535,535,200202250PHI,13.5,6.1,3rd quarter,9:39.0,Scottie Pippen,POR,False,2-pointer,11,47-45,'POR',leads
536,536,536,200202250PHI,23.4,16.8,3rd quarter,9:05.0,Damon Stoudamire,POR,False,2-pointer,12,47-46,'POR',leads
537,537,537,200202250PHI,15.0,10.3,3rd quarter,8:34.0,Scottie Pippen,POR,False,2-pointer,10,47-49,'POR',trails
538,538,538,200202250PHI,43.3,10.9,3rd quarter,8:11.0,Bonzi Wells,POR,False,2-pointer,20,47-51,'POR',trails
539,539,539,200202250PHI,41.8,22.7,3rd quarter,7:41.0,Damon Stoudamire,POR,True,3-pointer,25,50-53,'POR',trails
540,540,540,200202250PHI,47.5,5.0,3rd quarter,6:58.0,Bonzi Wells,POR,True,3-pointer,24,53-55,'POR',trails
541,541,541,200202250PHI,23.4,13.0,3rd quarter,6:10.0,Dale Davis,POR,False,2-pointer,8,53-57,'POR',trails
542,542,542,200202250PHI,0.0,12.0,3rd quarter,5:34.0,Bonzi Wells,POR,True,3-pointer,25,56-59,'POR',trails
543,543,543,200202250PHI,25.4,10.9,3rd quarter,4:51.0,Damon Stoudamire,POR,False,2-pointer,6,56-61,'POR',trails
544,544,544,200202250PHI,15.0,11.3,3rd quarter,4:06.0,Rasheed Wallace,POR,False,2-pointer,11,56-63,'POR',trails
545,545,545,200202250PHI,11.4,5.0,3rd quarter,3:18.0,Rasheed Wallace,POR,True,2-pointer,13,58-67,'POR',trails
546,546,546,200202250PHI,24.0,5.0,3rd quarter,2:45.0,Damon Stoudamire,POR,True,2-pointer,0,60-67,'POR',trails
547,547,547,200202250PHI,28.1,32.0,3rd quarter,2:14.0,Rasheed Wallace,POR,False,3-pointer,27,60-67,'POR',trails
548,548,548,200202250PHI,9.9,10.9,3rd quarter,1:00.0,Bonzi Wells,POR,False,2-pointer,15,61-67,'POR',trails
549,549,549,200202250PHI,4.3,26.1,3rd quarter,0:33.7,Bonzi Wells,POR,False,3-pointer,29,61-69,'POR',trails
550,550,550,200202250PHI,5.7,24.0,4th quarter,10:55.0,Derek Anderson,POR,False,3-pointer,26,62-69,'POR',trails
551,551,551,200202250PHI,41.8,27.8,4th quarter,10:48.0,Derek Anderson,POR,False,3-pointer,29,62-69,'POR',trails
552,552,552,200202250PHI,37.4,29.3,4th quarter,10:05.0,Derek Anderson,POR,False,3-pointer,28,62-71,'POR',trails
553,553,553,200202250PHI,44.5,24.6,4th quarter,9:55.0,Scottie Pippen,POR,False,3-pointer,28,62-71,'POR',trails
554,554,554,200202250PHI,16.3,16.8,4th quarter,9:16.0,Dale Davis,POR,False,2-pointer,14,62-71,'POR',trails
555,555,555,200202250PHI,30.4,29.9,4th quarter,8:40.0,Scottie Pippen,POR,True,3-pointer,26,65-71,'POR',trails
556,556,556,200202250PHI,38.8,25.5,4th quarter,8:02.0,Scottie Pippen,POR,True,3-pointer,25,68-73,'POR',trails
557,557,557,200202250PHI,24.0,5.0,4th quarter,7:17.0,Scottie Pippen,POR,True,2-pointer,0,70-73,'POR',trails
558,558,558,200202250PHI,24.0,5.0,4th quarter,6:46.0,Dale Davis,POR,True,2-pointer,0,72-73,'POR',trails
559,559,559,200202250PHI,24.0,5.0,4th quarter,6:08.0,Dale Davis,POR,True,2-pointer,0,74-73,'POR',leads
560,560,560,200202250PHI,25.4,32.6,4th quarter,5:21.0,Scottie Pippen,POR,True,3-pointer,28,77-73,'POR',leads
561,561,561,200202250PHI,28.1,31.6,4th quarter,4:36.0,Rasheed Wallace,POR,True,3-pointer,27,80-73,'POR',leads
562,562,562,200202250PHI,12.1,9.2,4th quarter,3:56.0,Damon Stoudamire,POR,False,2-pointer,13,80-73,'POR',leads
563,563,563,200202250PHI,16.3,6.5,4th quarter,3:36.0,Scottie Pippen,POR,False,2-pointer,8,80-75,'POR',leads
564,564,564,200202250PHI,24.0,5.0,4th quarter,3:08.0,Rasheed Wallace,POR,True,2-pointer,0,82-75,'POR',leads
565,565,565,200202250PHI,8.7,6.1,4th quarter,2:14.0,Bonzi Wells,POR,False,2-pointer,15,82-75,'POR',leads
566,566,566,200202250PHI,12.1,10.9,4th quarter,1:42.0,Rasheed Wallace,POR,False,2-pointer,13,82-77,'POR',leads
567,567,567,200202250PHI,36.7,27.8,4th quarter,1:39.0,Scottie Pippen,POR,False,3-pointer,26,82-77,'POR',leads
568,568,568,200202250PHI,37.4,16.4,4th quarter,1:16.0,Damon Stoudamire,POR,True,2-pointer,18,84-77,'POR',leads
569,569,569,200202250PHI,38.2,26.1,4th quarter,0:53.3,Damon Stoudamire,POR,False,3-pointer,25,84-79,'POR',leads
570,570,570,200202250PHI,14.2,15.8,1st quarter,11:46.0,Derrick Coleman,PHI,False,2-pointer,15,0-0,'POR',tied
571,571,571,200202250PHI,25.4,8.8,1st quarter,11:42.0,Dikembe Mutombo,PHI,True,2-pointer,4,2-0,'POR',leads
572,572,572,200202250PHI,19.2,15.4,1st quarter,11:02.0,Eric Snow,PHI,False,2-pointer,11,2-2,'POR',tied
573,573,573,200202250PHI,20.1,7.1,1st quarter,10:57.0,Derrick Coleman,PHI,True,2-pointer,4,4-2,'POR',leads
574,574,574,200202250PHI,23.4,10.9,1st quarter,10:35.0,Dikembe Mutombo,PHI,True,2-pointer,6,6-2,'POR',leads
575,575,575,200202250PHI,18.6,16.4,1st quarter,9:36.0,Eric Snow,PHI,True,2-pointer,13,8-4,'POR',leads
576,576,576,200202250PHI,22.8,13.7,1st quarter,8:53.0,Allen Iverson,PHI,False,2-pointer,9,8-6,'POR',leads
577,577,577,200202250PHI,15.0,28.8,1st quarter,8:37.0,Derrick Coleman,PHI,True,3-pointer,25,11-6,'POR',leads
578,578,578,200202250PHI,44.5,5.4,1st quarter,8:00.0,Derrick Coleman,PHI,False,2-pointer,21,11-8,'POR',leads
579,579,579,200202250PHI,24.0,5.0,1st quarter,7:58.0,Matt Harpring,PHI,False,2-pointer,0,11-8,'POR',leads
580,580,580,200202250PHI,24.0,5.0,1st quarter,7:56.0,Dikembe Mutombo,PHI,True,2-pointer,0,13-8,'POR',leads
581,581,581,200202250PHI,23.4,12.6,1st quarter,7:15.0,Dikembe Mutombo,PHI,False,2-pointer,8,13-10,'POR',leads
582,582,582,200202250PHI,24.0,5.0,1st quarter,6:59.0,Derrick Coleman,PHI,False,2-pointer,0,13-10,'POR',leads
583,583,583,200202250PHI,38.8,11.3,1st quarter,6:46.0,Eric Snow,PHI,True,2-pointer,16,15-10,'POR',leads
584,584,584,200202250PHI,24.0,5.0,1st quarter,6:05.0,Allen Iverson,PHI,True,2-pointer,0,17-12,'POR',leads
585,585,585,200202250PHI,24.0,5.0,1st quarter,5:47.0,Allen Iverson,PHI,True,2-pointer,0,19-12,'POR',leads
586,586,586,200202250PHI,31.9,13.7,1st quarter,5:09.0,Matt Harpring,PHI,False,2-pointer,12,19-12,'POR',leads
587,587,587,200202250PHI,24.0,5.0,1st quarter,4:15.0,Eric Snow,PHI,True,2-pointer,0,23-15,'POR',leads
588,588,588,200202250PHI,8.7,13.7,1st quarter,3:20.0,Allen Iverson,PHI,False,2-pointer,18,24-19,'POR',leads
589,589,589,200202250PHI,8.0,6.5,1st quarter,2:21.0,Allen Iverson,PHI,False,2-pointer,16,24-19,'POR',leads
590,590,590,200202250PHI,19.2,4.6,1st quarter,1:45.0,Derrick Coleman,PHI,False,2-pointer,5,24-21,'POR',leads
591,591,591,200202250PHI,24.0,5.0,1st quarter,1:43.0,Matt Harpring,PHI,False,2-pointer,0,24-21,'POR',leads
592,592,592,200202250PHI,8.0,3.5,1st quarter,1:39.0,Eric Snow,PHI,True,2-pointer,16,26-21,'POR',leads
593,593,593,200202250PHI,24.0,5.0,1st quarter,0:49.4,Raja Bell,PHI,False,2-pointer,0,26-21,'POR',leads
594,594,594,200202250PHI,26.2,12.0,1st quarter,0:25.1,Corie Blount,PHI,False,2-pointer,7,26-21,'POR',leads
595,595,595,200202250PHI,31.3,8.8,2nd quarter,11:10.0,Aaron McKie,PHI,False,2-pointer,8,26-22,'POR',leads
596,596,596,200202250PHI,11.4,19.6,2nd quarter,10:35.0,Aaron McKie,PHI,False,2-pointer,19,26-24,'POR',leads
597,597,597,200202250PHI,24.0,5.0,2nd quarter,10:10.0,Aaron McKie,PHI,False,2-pointer,0,26-24,'POR',leads
598,598,598,200202250PHI,48.1,6.1,2nd quarter,9:24.0,Raja Bell,PHI,True,3-pointer,24,29-25,'POR',leads
599,599,599,200202250PHI,9.3,13.7,2nd quarter,8:50.0,Allen Iverson,PHI,True,2-pointer,17,31-27,'POR',leads
600,600,600,200202250PHI,9.9,16.4,2nd quarter,8:28.0,Allen Iverson,PHI,True,2-pointer,18,33-27,'POR',leads
601,601,601,200202250PHI,38.8,28.2,2nd quarter,7:27.0,Allen Iverson,PHI,False,3-pointer,28,33-29,'POR',leads
602,602,602,200202250PHI,24.0,5.0,2nd quarter,6:39.0,Raja Bell,PHI,True,2-pointer,0,35-29,'POR',leads
603,603,603,200202250PHI,22.9,10.2,2nd quarter,6:08.0,Allen Iverson,PHI,False,2-pointer,5,35-29,'POR',leads
604,604,604,200202250PHI,24.0,5.0,2nd quarter,5:27.0,Corie Blount,PHI,True,2-pointer,0,37-32,'POR',leads
605,605,605,200202250PHI,24.0,5.0,2nd quarter,4:58.0,Allen Iverson,PHI,False,2-pointer,0,37-32,'POR',leads
606,606,606,200202250PHI,24.0,5.0,2nd quarter,4:56.0,Derrick Coleman,PHI,True,2-pointer,0,39-32,'POR',leads
607,607,607,200202250PHI,28.9,14.1,2nd quarter,4:22.0,Eric Snow,PHI,False,2-pointer,10,39-34,'POR',leads
608,608,608,200202250PHI,32.5,7.6,2nd quarter,3:49.0,Dikembe Mutombo,PHI,False,2-pointer,9,39-34,'POR',leads
609,609,609,200202250PHI,12.1,16.8,2nd quarter,3:15.0,Eric Snow,PHI,True,2-pointer,17,41-36,'POR',leads
610,610,610,200202250PHI,24.0,5.0,2nd quarter,2:36.0,Derrick Coleman,PHI,False,2-pointer,0,41-38,'POR',leads
611,611,611,200202250PHI,24.0,5.0,2nd quarter,2:32.0,Derrick Coleman,PHI,False,2-pointer,0,41-38,'POR',leads
612,612,612,200202250PHI,42.4,5.4,2nd quarter,2:04.0,Matt Harpring,PHI,False,2-pointer,18,41-41,'POR',tied
613,613,613,200202250PHI,26.8,13.7,2nd quarter,1:49.0,Allen Iverson,PHI,True,2-pointer,9,43-43,'POR',tied
614,614,614,200202250PHI,24.0,5.0,2nd quarter,1:15.0,Derrick Coleman,PHI,False,2-pointer,0,43-45,'POR',trails
615,615,615,200202250PHI,8.0,3.5,2nd quarter,0:48.7,Aaron McKie,PHI,False,2-pointer,16,43-45,'POR',trails
616,616,616,200202250PHI,39.5,39.8,2nd quarter,0:00.0,Allen Iverson,PHI,False,3-pointer,38,43-45,'POR',trails
617,617,617,200202250PHI,24.0,5.0,3rd quarter,11:25.0,Eric Snow,PHI,False,2-pointer,0,43-45,'POR',trails
618,618,618,200202250PHI,38.2,7.6,3rd quarter,10:45.0,Eric Snow,PHI,False,2-pointer,14,43-45,'POR',trails
619,619,619,200202250PHI,24.0,5.0,3rd quarter,10:10.0,Allen Iverson,PHI,True,2-pointer,0,45-47,'POR',trails
620,620,620,200202250PHI,39.5,5.0,3rd quarter,8:54.0,Eric Snow,PHI,True,2-pointer,16,48-47,'POR',leads
621,621,621,200202250PHI,24.0,5.0,3rd quarter,8:28.0,Matt Harpring,PHI,True,2-pointer,0,51-47,'POR',leads
622,622,622,200202250PHI,12.1,16.4,3rd quarter,8:03.0,Allen Iverson,PHI,True,2-pointer,16,53-47,'POR',leads
623,623,623,200202250PHI,7.2,4.6,3rd quarter,7:22.0,Matt Harpring,PHI,True,2-pointer,17,55-50,'POR',leads
624,624,624,200202250PHI,24.0,5.0,3rd quarter,6:35.0,Derrick Coleman,PHI,True,2-pointer,0,57-53,'POR',leads
625,625,625,200202250PHI,14.2,14.7,3rd quarter,5:55.0,Derrick Coleman,PHI,True,2-pointer,14,59-53,'POR',leads
626,626,626,200202250PHI,16.3,8.8,3rd quarter,4:37.0,Allen Iverson,PHI,True,2-pointer,9,63-56,'POR',leads
627,627,627,200202250PHI,24.0,5.0,3rd quarter,3:34.0,Derrick Coleman,PHI,True,2-pointer,0,67-56,'POR',leads
628,628,628,200202250PHI,9.9,37.1,3rd quarter,2:49.0,Derrick Coleman,PHI,False,3-pointer,35,67-58,'POR',leads
629,629,629,200202250PHI,5.7,7.1,3rd quarter,2:32.0,Allen Iverson,PHI,False,2-pointer,18,67-60,'POR',leads
630,630,630,200202250PHI,9.9,29.3,3rd quarter,1:15.0,Allen Iverson,PHI,False,3-pointer,28,67-61,'POR',leads
631,631,631,200202250PHI,38.2,11.3,3rd quarter,0:40.0,Raja Bell,PHI,True,2-pointer,16,69-61,'POR',leads
632,632,632,200202250PHI,8.0,7.1,3rd quarter,0:07.6,Raja Bell,PHI,False,2-pointer,16,69-61,'POR',leads
633,633,633,200202250PHI,39.5,39.8,3rd quarter,0:00.0,Eric Snow,PHI,False,3-pointer,38,69-62,'POR',leads
634,634,634,200202250PHI,24.7,17.5,4th quarter,11:35.0,Eric Snow,PHI,False,2-pointer,13,69-62,'POR',leads
635,635,635,200202250PHI,24.0,5.0,4th quarter,11:35.0,Raja Bell,PHI,False,2-pointer,0,69-62,'POR',leads
636,636,636,200202250PHI,24.0,5.0,4th quarter,11:06.0,Eric Snow,PHI,False,2-pointer,0,69-62,'POR',leads
637,637,637,200202250PHI,24.0,5.0,4th quarter,10:42.0,Raja Bell,PHI,True,2-pointer,0,71-62,'POR',leads
638,638,638,200202250PHI,39.5,5.0,4th quarter,10:15.0,Allen Iverson,PHI,False,2-pointer,16,71-62,'POR',leads
639,639,639,200202250PHI,20.7,14.7,4th quarter,9:44.0,Eric Snow,PHI,False,2-pointer,10,71-62,'POR',leads
640,640,640,200202250PHI,40.3,6.1,4th quarter,9:27.0,Allen Iverson,PHI,False,2-pointer,16,71-62,'POR',leads
641,641,641,200202250PHI,8.0,12.0,4th quarter,9:02.0,Allen Iverson,PHI,False,2-pointer,17,71-62,'POR',leads
642,642,642,200202250PHI,0.0,3.9,4th quarter,7:39.0,Allen Iverson,PHI,False,3-pointer,24,73-68,'POR',leads
643,643,643,200202250PHI,24.0,5.0,4th quarter,6:51.0,Raja Bell,PHI,False,2-pointer,0,73-70,'POR',leads
644,644,644,200202250PHI,18.6,10.9,4th quarter,6:29.0,Eric Snow,PHI,False,2-pointer,8,73-72,'POR',leads
645,645,645,200202250PHI,21.3,6.5,4th quarter,5:45.0,Derrick Coleman,PHI,False,2-pointer,3,73-74,'POR',trails
646,646,646,200202250PHI,24.0,5.0,4th quarter,5:44.0,Dikembe Mutombo,PHI,False,2-pointer,0,73-74,'POR',trails
647,647,647,200202250PHI,5.1,9.2,4th quarter,4:53.0,Allen Iverson,PHI,False,2-pointer,19,73-77,'POR',trails
648,648,648,200202250PHI,37.4,10.9,4th quarter,4:16.0,Matt Harpring,PHI,False,2-pointer,15,73-80,'POR',trails
649,649,649,200202250PHI,24.0,5.0,4th quarter,3:49.0,Eric Snow,PHI,True,2-pointer,0,75-80,'POR',trails
650,650,650,200202250PHI,7.2,10.9,4th quarter,3:27.0,Eric Snow,PHI,False,2-pointer,18,75-80,'POR',trails
651,651,651,200202250PHI,0.7,2.5,4th quarter,2:40.0,Matt Harpring,PHI,False,3-pointer,23,75-82,'POR',trails
652,652,652,200202250PHI,5.7,25.5,4th quarter,0:46.7,Raja Bell,PHI,False,3-pointer,27,79-84,'POR',trails
653,653,653,200202250PHI,24.0,5.0,4th quarter,0:28.1,Dikembe Mutombo,PHI,True,2-pointer,0,81-85,'POR',trails
654,654,654,200202250PHI,39.5,6.5,4th quarter,0:15.6,Matt Harpring,PHI,True,2-pointer,16,83-85,'POR',trails
655,655,655,200202250PHI,8.0,27.8,4th quarter,0:07.1,Derrick Coleman,PHI,False,3-pointer,28,83-87,'POR',trails
656,656,656,200202250PHI,6.6,27.2,4th quarter,0:03.9,Derrick Coleman,PHI,False,3-pointer,28,83-87,'POR',trails
