,Unnamed: 0.1,Unnamed: 0,match_id,shotX,shotY,quarter,time_remaining,player,team,made,shot_type,distance,score,opp,status
0,0,0,200205050DET,35.7,23.6,1st quarter,11:23.0,Kenny Anderson,BOS,False,2-pointer,22,0-0,'DET',tied
1,1,1,200205050DET,24.0,5.0,1st quarter,11:14.0,Antoine Walker,BOS,False,2-pointer,0,0-0,'DET',tied
2,2,2,200205050DET,15.4,9.7,1st quarter,11:00.0,Tony Battie,BOS,False,2-pointer,10,0-0,'DET',tied
3,3,3,200205050DET,24.0,5.0,1st quarter,10:31.0,Eric Williams,BOS,True,2-pointer,0,2-2,'DET',tied
4,4,4,200205050DET,24.0,5.0,1st quarter,9:54.0,Eric Williams,BOS,True,2-pointer,0,4-5,'DET',trails
5,5,5,200205050DET,9.1,12.4,1st quarter,9:19.0,Antoine Walker,BOS,True,2-pointer,17,6-5,'DET',leads
6,6,6,200205050DET,24.0,5.0,1st quarter,8:51.0,Paul Pierce,BOS,True,2-pointer,0,8-5,'DET',leads
7,7,7,200205050DET,29.4,21.3,1st quarter,8:19.0,Paul Pierce,BOS,False,2-pointer,17,8-7,'DET',leads
8,8,8,200205050DET,7.0,25.3,1st quarter,7:46.0,Antoine Walker,BOS,False,3-pointer,26,8-9,'DET',trails
9,9,9,200205050DET,20.3,6.7,1st quarter,7:36.0,Kenny Anderson,BOS,False,2-pointer,4,8-9,'DET',trails
10,10,10,200205050DET,24.0,5.0,1st quarter,7:10.0,Antoine Walker,BOS,False,2-pointer,0,8-11,'DET',trails
11,11,11,200205050DET,0.5,17.5,1st quarter,6:38.0,Antoine Walker,BOS,False,3-pointer,27,8-11,'DET',trails
12,12,12,200205050DET,1.3,6.3,1st quarter,6:11.0,Antoine Walker,BOS,False,3-pointer,23,8-11,'DET',trails
13,13,13,200205050DET,24.0,5.0,1st quarter,6:04.0,Eric Williams,BOS,False,2-pointer,0,8-11,'DET',trails
14,14,14,200205050DET,24.0,5.0,1st quarter,6:01.0,Antoine Walker,BOS,True,2-pointer,0,10-11,'DET',trails
15,15,15,200205050DET,3.4,20.6,1st quarter,5:14.0,Paul Pierce,BOS,False,3-pointer,26,10-13,'DET',trails
16,16,16,200205050DET,24.0,5.0,1st quarter,4:48.0,Antoine Walker,BOS,True,2-pointer,0,12-13,'DET',trails
17,17,17,200205050DET,24.0,5.0,1st quarter,4:18.0,Paul Pierce,BOS,True,2-pointer,0,14-13,'DET',leads
18,18,18,200205050DET,24.0,5.0,1st quarter,3:04.0,Antoine Walker,BOS,False,2-pointer,0,14-15,'DET',trails
19,19,19,200205050DET,24.0,5.0,1st quarter,2:47.0,Antoine Walker,BOS,False,2-pointer,0,14-15,'DET',trails
20,20,20,200205050DET,6.4,25.7,1st quarter,2:40.0,Tony Delk,BOS,True,3-pointer,27,17-15,'DET',leads
21,21,21,200205050DET,24.0,5.0,1st quarter,2:04.0,Paul Pierce,BOS,False,2-pointer,0,17-17,'DET',tied
22,22,22,200205050DET,24.0,5.0,1st quarter,2:02.0,Paul Pierce,BOS,True,2-pointer,0,19-17,'DET',leads
23,23,23,200205050DET,14.2,5.7,1st quarter,1:12.0,Rodney Rogers,BOS,False,2-pointer,10,19-19,'DET',tied
24,24,24,200205050DET,47.7,9.0,1st quarter,0:43.3,Rodney Rogers,BOS,True,3-pointer,24,22-22,'DET',tied
25,25,25,200205050DET,24.0,5.0,2nd quarter,11:07.0,Paul Pierce,BOS,False,2-pointer,0,24-24,'DET',tied
26,26,26,200205050DET,24.0,5.0,2nd quarter,11:04.0,Paul Pierce,BOS,False,2-pointer,0,24-24,'DET',tied
27,27,27,200205050DET,24.0,5.0,2nd quarter,11:01.0,Rodney Rogers,BOS,False,2-pointer,0,24-24,'DET',tied
28,28,28,200205050DET,24.0,5.0,2nd quarter,10:58.0,Rodney Rogers,BOS,False,2-pointer,0,24-24,'DET',tied
29,29,29,200205050DET,24.0,5.0,2nd quarter,10:55.0,Paul Pierce,BOS,True,2-pointer,0,26-24,'DET',leads
30,30,30,200205050DET,24.0,5.0,2nd quarter,10:15.0,Rodney Rogers,BOS,False,2-pointer,0,26-26,'DET',tied
31,31,31,200205050DET,36.3,6.3,2nd quarter,9:31.0,Antoine Walker,BOS,False,2-pointer,12,26-28,'DET',trails
32,32,32,200205050DET,27.9,11.8,2nd quarter,8:59.0,Antoine Walker,BOS,False,2-pointer,8,26-28,'DET',trails
33,33,33,200205050DET,19.0,10.1,2nd quarter,8:52.0,Eric Williams,BOS,True,2-pointer,7,28-28,'DET',tied
34,34,34,200205050DET,19.6,7.8,2nd quarter,7:42.0,Eric Williams,BOS,False,2-pointer,5,28-30,'DET',trails
35,35,35,200205050DET,11.0,28.0,2nd quarter,6:35.0,Rodney Rogers,BOS,False,3-pointer,26,28-32,'DET',trails
36,36,36,200205050DET,24.0,5.0,2nd quarter,6:15.0,Kenny Anderson,BOS,False,2-pointer,0,28-32,'DET',trails
37,37,37,200205050DET,3.4,20.2,2nd quarter,5:27.0,Rodney Rogers,BOS,False,3-pointer,26,30-34,'DET',trails
38,38,38,200205050DET,24.0,5.0,2nd quarter,5:01.0,Kenny Anderson,BOS,True,2-pointer,0,32-34,'DET',trails
39,39,39,200205050DET,24.0,5.0,2nd quarter,4:25.0,Antoine Walker,BOS,True,2-pointer,0,35-37,'DET',trails
40,40,40,200205050DET,14.8,7.8,2nd quarter,3:52.0,Kenny Anderson,BOS,True,2-pointer,10,37-37,'DET',tied
41,41,41,200205050DET,24.0,5.0,2nd quarter,3:21.0,Kenny Anderson,BOS,False,2-pointer,0,37-37,'DET',tied
42,42,42,200205050DET,1.3,4.2,2nd quarter,2:52.0,Eric Williams,BOS,True,3-pointer,23,40-40,'DET',tied
43,43,43,200205050DET,10.4,6.3,2nd quarter,1:35.0,Eric Williams,BOS,False,2-pointer,14,40-46,'DET',trails
44,44,44,200205050DET,24.0,5.0,2nd quarter,0:35.3,Kenny Anderson,BOS,True,2-pointer,0,43-50,'DET',trails
45,45,45,200205050DET,37.8,10.1,3rd quarter,11:43.0,Eric Williams,BOS,False,2-pointer,15,43-50,'DET',trails
46,46,46,200205050DET,40.5,9.7,3rd quarter,11:03.0,Paul Pierce,BOS,False,2-pointer,17,43-50,'DET',trails
47,47,47,200205050DET,16.1,20.6,3rd quarter,10:26.0,Kenny Anderson,BOS,False,2-pointer,17,43-52,'DET',trails
48,48,48,200205050DET,24.0,5.0,3rd quarter,10:00.0,Paul Pierce,BOS,True,2-pointer,0,45-52,'DET',trails
49,49,49,200205050DET,11.0,15.1,3rd quarter,9:08.0,Paul Pierce,BOS,False,2-pointer,16,47-52,'DET',trails
50,50,50,200205050DET,24.0,5.0,3rd quarter,8:52.0,Kenny Anderson,BOS,False,2-pointer,0,47-52,'DET',trails
51,51,51,200205050DET,48.3,11.8,3rd quarter,7:26.0,Paul Pierce,BOS,False,3-pointer,25,47-56,'DET',trails
52,52,52,200205050DET,24.0,5.0,3rd quarter,7:13.0,Tony Delk,BOS,True,2-pointer,0,49-56,'DET',trails
53,53,53,200205050DET,24.0,5.0,3rd quarter,5:38.0,Antoine Walker,BOS,False,2-pointer,0,51-59,'DET',trails
54,54,54,200205050DET,30.0,32.0,3rd quarter,5:04.0,Tony Delk,BOS,True,3-pointer,28,54-59,'DET',trails
55,55,55,200205050DET,41.2,5.2,3rd quarter,3:59.0,Tony Battie,BOS,False,2-pointer,17,55-63,'DET',trails
56,56,56,200205050DET,34.2,29.1,3rd quarter,3:11.0,Antoine Walker,BOS,True,3-pointer,26,58-66,'DET',trails
57,57,57,200205050DET,34.2,7.8,3rd quarter,2:03.0,Antoine Walker,BOS,False,2-pointer,11,60-69,'DET',trails
58,58,58,200205050DET,33.4,6.3,3rd quarter,1:27.0,Antoine Walker,BOS,False,2-pointer,9,60-71,'DET',trails
59,59,59,200205050DET,24.0,5.0,3rd quarter,0:26.6,Rodney Rogers,BOS,False,2-pointer,0,62-75,'DET',trails
60,60,60,200205050DET,47.1,12.8,4th quarter,11:21.0,Antoine Walker,BOS,False,3-pointer,24,62-81,'DET',trails
61,61,61,200205050DET,24.0,5.0,4th quarter,10:11.0,Kenny Anderson,BOS,True,2-pointer,0,66-84,'DET',trails
62,62,62,200205050DET,24.0,5.0,4th quarter,9:34.0,Paul Pierce,BOS,True,2-pointer,0,68-86,'DET',trails
63,63,63,200205050DET,24.0,5.0,4th quarter,8:37.0,Kenny Anderson,BOS,True,2-pointer,0,70-86,'DET',trails
64,64,64,200205050DET,24.0,5.0,4th quarter,7:45.0,Paul Pierce,BOS,True,2-pointer,0,72-86,'DET',trails
65,65,65,200205050DET,24.0,5.0,4th quarter,7:02.0,Kenny Anderson,BOS,True,2-pointer,0,74-86,'DET',trails
66,66,66,200205050DET,24.0,5.0,4th quarter,6:29.0,Kenny Anderson,BOS,True,2-pointer,0,76-86,'DET',trails
67,67,67,200205050DET,39.9,6.3,4th quarter,5:55.0,Paul Pierce,BOS,False,2-pointer,16,77-86,'DET',trails
68,68,68,200205050DET,47.7,9.0,4th quarter,5:28.0,Antoine Walker,BOS,False,3-pointer,24,77-86,'DET',trails
69,69,69,200205050DET,24.0,5.0,4th quarter,4:48.0,Kenny Anderson,BOS,False,2-pointer,0,77-88,'DET',trails
70,70,70,200205050DET,24.0,5.0,4th quarter,4:45.0,Antoine Walker,BOS,True,2-pointer,0,79-88,'DET',trails
71,71,71,200205050DET,48.3,4.8,4th quarter,3:35.0,Eric Williams,BOS,False,3-pointer,24,79-91,'DET',trails
72,72,72,200205050DET,24.0,5.0,4th quarter,3:18.0,Antoine Walker,BOS,True,2-pointer,0,81-91,'DET',trails
73,73,73,200205050DET,47.7,11.8,4th quarter,2:41.0,Rodney Rogers,BOS,True,3-pointer,25,84-91,'DET',trails
74,74,74,200205050DET,24.0,5.0,4th quarter,2:06.0,Rodney Rogers,BOS,False,2-pointer,0,84-91,'DET',trails
75,75,75,200205050DET,37.8,28.6,4th quarter,1:58.0,Paul Pierce,BOS,False,3-pointer,27,84-91,'DET',trails
76,76,76,200205050DET,24.0,5.0,4th quarter,1:43.0,Kenny Anderson,BOS,False,2-pointer,0,84-91,'DET',trails
77,77,77,200205050DET,14.2,28.6,4th quarter,1:11.0,Antoine Walker,BOS,False,3-pointer,26,84-93,'DET',trails
78,78,78,200205050DET,11.0,7.8,4th quarter,1:02.0,Kenny Anderson,BOS,False,2-pointer,13,84-93,'DET',trails
79,79,79,200205050DET,46.2,18.1,4th quarter,0:45.1,Rodney Rogers,BOS,False,3-pointer,26,84-96,'DET',trails
80,80,80,200205050DET,41.2,5.7,1st quarter,11:38.0,Michael Curry,DET,False,2-pointer,17,0-0,'DET',tied
81,81,81,200205050DET,8.3,7.8,1st quarter,10:48.0,Jerry Stackhouse,DET,True,2-pointer,16,2-0,'DET',leads
82,82,82,200205050DET,49.0,10.7,1st quarter,10:12.0,Jerry Stackhouse,DET,True,3-pointer,26,5-2,'DET',leads
83,83,83,200205050DET,42.0,10.7,1st quarter,9:35.0,Clifford Robinson,DET,False,2-pointer,19,5-4,'DET',leads
84,84,84,200205050DET,5.5,7.8,1st quarter,9:00.0,Jerry Stackhouse,DET,False,2-pointer,19,5-6,'DET',trails
85,85,85,200205050DET,24.0,5.0,1st quarter,8:13.0,Jerry Stackhouse,DET,True,2-pointer,0,9-8,'DET',leads
86,86,86,200205050DET,33.4,20.6,1st quarter,7:30.0,Chucky Atkins,DET,True,2-pointer,18,11-8,'DET',leads
87,87,87,200205050DET,33.4,7.3,1st quarter,6:49.0,Clifford Robinson,DET,False,2-pointer,10,11-8,'DET',leads
88,88,88,200205050DET,41.2,6.7,1st quarter,6:30.0,Chucky Atkins,DET,False,2-pointer,17,11-8,'DET',leads
89,89,89,200205050DET,41.2,5.7,1st quarter,5:41.0,Clifford Robinson,DET,True,2-pointer,17,13-10,'DET',leads
90,90,90,200205050DET,24.0,5.0,1st quarter,3:58.0,Jerry Stackhouse,DET,True,2-pointer,0,15-14,'DET',leads
91,91,91,200205050DET,29.4,5.7,1st quarter,3:15.0,Jerry Stackhouse,DET,False,2-pointer,5,15-14,'DET',leads
92,92,92,200205050DET,39.3,18.5,1st quarter,2:56.0,Jerry Stackhouse,DET,False,2-pointer,20,15-14,'DET',leads
93,93,93,200205050DET,42.6,6.3,1st quarter,2:26.0,Michael Curry,DET,True,2-pointer,19,17-17,'DET',tied
94,94,94,200205050DET,32.7,21.9,1st quarter,1:33.0,Michael Curry,DET,True,2-pointer,19,19-19,'DET',tied
95,95,95,200205050DET,48.3,15.1,1st quarter,0:59.2,Clifford Robinson,DET,True,3-pointer,26,22-19,'DET',leads
96,96,96,200205050DET,47.7,5.7,1st quarter,0:28.1,Jerry Stackhouse,DET,False,3-pointer,24,22-22,'DET',tied
97,97,97,200205050DET,39.3,26.3,1st quarter,0:23.7,Chucky Atkins,DET,False,3-pointer,26,22-22,'DET',tied
98,98,98,200205050DET,32.1,11.8,2nd quarter,11:27.0,Clifford Robinson,DET,True,2-pointer,11,24-24,'DET',tied
99,99,99,200205050DET,43.3,5.2,2nd quarter,10:41.0,Corliss Williamson,DET,True,2-pointer,19,26-26,'DET',tied
100,100,100,200205050DET,35.0,5.7,2nd quarter,9:59.0,Corliss Williamson,DET,True,2-pointer,11,28-26,'DET',leads
101,101,101,200205050DET,1.3,5.7,2nd quarter,9:15.0,Damon Jones,DET,False,3-pointer,23,28-26,'DET',leads
102,102,102,200205050DET,30.6,32.4,2nd quarter,8:27.0,Jon Barry,DET,False,3-pointer,28,28-28,'DET',tied
103,103,103,200205050DET,34.2,21.9,2nd quarter,8:10.0,Clifford Robinson,DET,True,2-pointer,20,30-28,'DET',leads
104,104,104,200205050DET,43.3,4.8,2nd quarter,7:34.0,Damon Jones,DET,True,2-pointer,19,32-28,'DET',leads
105,105,105,200205050DET,16.9,12.8,2nd quarter,6:56.0,Corliss Williamson,DET,False,2-pointer,11,32-28,'DET',leads
106,106,106,200205050DET,22.4,30.7,2nd quarter,6:21.0,Jon Barry,DET,False,3-pointer,26,32-28,'DET',leads
107,107,107,200205050DET,39.3,8.4,2nd quarter,5:46.0,Clifford Robinson,DET,True,2-pointer,16,34-30,'DET',leads
108,108,108,200205050DET,7.6,9.7,2nd quarter,4:48.0,Jerry Stackhouse,DET,False,2-pointer,17,34-32,'DET',leads
109,109,109,200205050DET,24.0,5.0,2nd quarter,4:47.0,Ben Wallace,DET,True,2-pointer,0,36-32,'DET',leads
110,110,110,200205050DET,0.5,17.5,2nd quarter,4:01.0,Clifford Robinson,DET,False,3-pointer,27,37-35,'DET',leads
111,111,111,200205050DET,13.3,18.1,2nd quarter,3:31.0,Jerry Stackhouse,DET,False,2-pointer,17,37-37,'DET',tied
112,112,112,200205050DET,48.3,11.1,2nd quarter,3:13.0,Clifford Robinson,DET,True,3-pointer,25,40-37,'DET',leads
113,113,113,200205050DET,24.0,5.0,2nd quarter,2:31.0,Chucky Atkins,DET,False,2-pointer,0,40-40,'DET',tied
114,114,114,200205050DET,46.2,20.6,2nd quarter,2:18.0,Jon Barry,DET,True,3-pointer,27,43-40,'DET',leads
115,115,115,200205050DET,34.2,30.3,2nd quarter,1:53.0,Clifford Robinson,DET,True,3-pointer,27,46-40,'DET',leads
116,116,116,200205050DET,11.8,10.1,2nd quarter,1:17.0,Jerry Stackhouse,DET,True,2-pointer,13,48-40,'DET',leads
117,117,117,200205050DET,24.0,5.0,2nd quarter,0:51.7,Jerry Stackhouse,DET,True,2-pointer,0,50-41,'DET',leads
118,118,118,200205050DET,9.1,10.1,2nd quarter,0:01.0,Michael Curry,DET,False,2-pointer,16,50-43,'DET',leads
119,119,119,200205050DET,1.3,5.2,3rd quarter,11:24.0,Clifford Robinson,DET,False,3-pointer,23,50-43,'DET',leads
120,120,120,200205050DET,7.6,4.2,3rd quarter,8:31.0,Clifford Robinson,DET,False,2-pointer,16,52-47,'DET',leads
121,121,121,200205050DET,24.0,5.0,3rd quarter,8:28.0,Ben Wallace,DET,True,2-pointer,0,54-47,'DET',leads
122,122,122,200205050DET,30.6,30.3,3rd quarter,7:17.0,Chucky Atkins,DET,False,3-pointer,26,56-47,'DET',leads
123,123,123,200205050DET,1.9,18.5,3rd quarter,6:48.0,Clifford Robinson,DET,True,3-pointer,26,59-49,'DET',leads
124,124,124,200205050DET,47.7,8.4,3rd quarter,6:11.0,Clifford Robinson,DET,False,3-pointer,24,59-49,'DET',leads
125,125,125,200205050DET,9.1,11.8,3rd quarter,4:49.0,Clifford Robinson,DET,True,2-pointer,16,61-54,'DET',leads
126,126,126,200205050DET,24.0,5.0,3rd quarter,4:25.0,Corliss Williamson,DET,True,2-pointer,0,63-55,'DET',leads
127,127,127,200205050DET,8.3,26.3,3rd quarter,3:49.0,Michael Curry,DET,True,3-pointer,26,66-55,'DET',leads
128,128,128,200205050DET,9.7,7.3,3rd quarter,3:19.0,Clifford Robinson,DET,False,2-pointer,14,66-55,'DET',leads
129,129,129,200205050DET,7.6,28.0,3rd quarter,2:45.0,Jerry Stackhouse,DET,True,3-pointer,28,69-58,'DET',leads
130,130,130,200205050DET,18.2,11.8,3rd quarter,1:47.0,Corliss Williamson,DET,True,2-pointer,9,71-60,'DET',leads
131,131,131,200205050DET,37.2,28.0,3rd quarter,0:41.3,Clifford Robinson,DET,True,3-pointer,27,75-62,'DET',leads
132,132,132,200205050DET,32.1,30.3,3rd quarter,0:00.1,Michael Curry,DET,True,3-pointer,27,78-62,'DET',leads
133,133,133,200205050DET,0.5,4.2,4th quarter,11:44.0,Clifford Robinson,DET,True,3-pointer,24,81-62,'DET',leads
134,134,134,200205050DET,36.3,29.7,4th quarter,10:55.0,Clifford Robinson,DET,False,3-pointer,28,81-64,'DET',leads
135,135,135,200205050DET,45.6,20.2,4th quarter,10:29.0,Michael Curry,DET,True,3-pointer,26,84-64,'DET',leads
136,136,136,200205050DET,9.7,6.7,4th quarter,9:50.0,Corliss Williamson,DET,True,2-pointer,14,86-66,'DET',leads
137,137,137,200205050DET,9.1,7.8,4th quarter,9:10.0,Clifford Robinson,DET,False,2-pointer,15,86-68,'DET',leads
138,138,138,200205050DET,16.1,32.4,4th quarter,8:09.0,Jon Barry,DET,False,3-pointer,29,86-70,'DET',leads
139,139,139,200205050DET,1.9,18.1,4th quarter,7:20.0,Jerry Stackhouse,DET,False,3-pointer,26,86-72,'DET',leads
140,140,140,200205050DET,45.6,23.6,4th quarter,6:39.0,Damon Jones,DET,False,3-pointer,29,86-74,'DET',leads
141,141,141,200205050DET,11.8,6.3,4th quarter,6:07.0,Chucky Atkins,DET,False,2-pointer,12,86-77,'DET',leads
142,142,142,200205050DET,24.0,5.0,4th quarter,6:03.0,Jerry Stackhouse,DET,False,2-pointer,0,86-77,'DET',leads
143,143,143,200205050DET,15.4,19.1,4th quarter,5:35.0,Chucky Atkins,DET,False,2-pointer,17,86-77,'DET',leads
144,144,144,200205050DET,26.6,11.1,4th quarter,5:09.0,Jerry Stackhouse,DET,True,2-pointer,7,88-77,'DET',leads
145,145,145,200205050DET,6.4,6.3,4th quarter,4:27.0,Clifford Robinson,DET,False,2-pointer,18,88-79,'DET',leads
146,146,146,200205050DET,4.9,5.7,4th quarter,4:01.0,Clifford Robinson,DET,True,2-pointer,19,91-79,'DET',leads
147,147,147,200205050DET,24.0,5.0,4th quarter,3:26.0,Clifford Robinson,DET,False,2-pointer,0,91-79,'DET',leads
148,148,148,200205050DET,11.0,11.1,4th quarter,2:53.0,Jerry Stackhouse,DET,False,2-pointer,14,91-81,'DET',leads
149,149,149,200205050DET,39.9,5.7,4th quarter,2:16.0,Chucky Atkins,DET,False,2-pointer,16,91-84,'DET',leads
150,150,150,200205050DET,24.0,5.0,4th quarter,1:15.0,Chucky Atkins,DET,True,2-pointer,0,93-84,'DET',leads
151,151,151,200205050DET,24.0,5.0,4th quarter,0:58.3,Jerry Stackhouse,DET,True,2-pointer,0,95-84,'DET',leads
152,152,152,200205050DET,9.1,16.8,4th quarter,0:19.5,Clifford Robinson,DET,False,2-pointer,19,96-84,'DET',leads
153,153,153,200205050LAL,26.2,10.3,1st quarter,11:25.0,Tim Duncan,SAS,False,2-pointer,6,0-0,'SAS',tied
154,154,154,200205050LAL,24.0,5.0,1st quarter,11:03.0,Tony Parker,SAS,True,2-pointer,0,2-0,'SAS',leads
155,155,155,200205050LAL,24.0,5.0,1st quarter,10:32.0,Tony Parker,SAS,True,2-pointer,0,4-0,'SAS',leads
156,156,156,200205050LAL,15.6,3.5,1st quarter,10:00.0,Tim Duncan,SAS,False,2-pointer,9,4-0,'SAS',leads
157,157,157,200205050LAL,24.0,5.0,1st quarter,9:58.0,Tim Duncan,SAS,False,2-pointer,0,4-0,'SAS',leads
158,158,158,200205050LAL,21.3,8.6,1st quarter,9:35.0,Bruce Bowen,SAS,False,2-pointer,5,4-0,'SAS',leads
159,159,159,200205050LAL,22.2,10.7,1st quarter,9:30.0,Tim Duncan,SAS,False,2-pointer,6,4-0,'SAS',leads
160,160,160,200205050LAL,46.8,4.2,1st quarter,9:10.0,Steve Smith,SAS,True,3-pointer,23,7-1,'SAS',leads
161,161,161,200205050LAL,31.0,20.6,1st quarter,8:21.0,Bruce Bowen,SAS,False,2-pointer,17,7-3,'SAS',leads
162,162,162,200205050LAL,0.9,5.0,1st quarter,7:49.0,Bruce Bowen,SAS,True,3-pointer,23,11-3,'SAS',leads
163,163,163,200205050LAL,0.9,13.7,1st quarter,7:17.0,Tony Parker,SAS,False,3-pointer,25,11-3,'SAS',leads
164,164,164,200205050LAL,17.7,10.7,1st quarter,6:46.0,Tim Duncan,SAS,False,2-pointer,9,11-5,'SAS',leads
165,165,165,200205050LAL,16.5,14.3,1st quarter,6:16.0,Tim Duncan,SAS,False,2-pointer,12,11-5,'SAS',leads
166,166,166,200205050LAL,12.3,14.3,1st quarter,5:41.0,Steve Smith,SAS,False,2-pointer,15,11-5,'SAS',leads
167,167,167,200205050LAL,15.6,21.3,1st quarter,5:08.0,Malik Rose,SAS,False,2-pointer,18,11-5,'SAS',leads
168,168,168,200205050LAL,35.5,23.4,1st quarter,4:19.0,Terry Porter,SAS,True,2-pointer,22,13-5,'SAS',leads
169,169,169,200205050LAL,20.7,10.3,1st quarter,3:40.0,Tim Duncan,SAS,False,2-pointer,6,13-5,'SAS',leads
170,170,170,200205050LAL,24.0,5.0,1st quarter,3:36.0,Tim Duncan,SAS,False,2-pointer,0,13-5,'SAS',leads
171,171,171,200205050LAL,24.0,5.0,1st quarter,3:30.0,Bruce Bowen,SAS,True,2-pointer,0,15-5,'SAS',leads
172,172,172,200205050LAL,34.8,17.0,1st quarter,3:06.0,Terry Porter,SAS,False,2-pointer,16,15-7,'SAS',leads
173,173,173,200205050LAL,33.1,23.4,1st quarter,2:07.0,Bruce Bowen,SAS,True,2-pointer,21,17-7,'SAS',leads
174,174,174,200205050LAL,10.8,5.0,1st quarter,1:03.0,Danny Ferry,SAS,False,2-pointer,13,17-11,'SAS',leads
175,175,175,200205050LAL,31.7,10.7,1st quarter,0:32.9,Tim Duncan,SAS,False,2-pointer,10,17-11,'SAS',leads
176,176,176,200205050LAL,24.0,5.0,1st quarter,0:28.6,Tim Duncan,SAS,False,2-pointer,0,17-11,'SAS',leads
177,177,177,200205050LAL,0.9,13.2,1st quarter,0:01.0,Antonio Daniels,SAS,False,3-pointer,25,17-13,'SAS',leads
178,178,178,200205050LAL,37.6,5.0,2nd quarter,11:41.0,Malik Rose,SAS,False,2-pointer,14,17-13,'SAS',leads
179,179,179,200205050LAL,24.1,12.6,2nd quarter,11:08.0,Tim Duncan,SAS,True,2-pointer,8,19-15,'SAS',leads
180,180,180,200205050LAL,34.0,22.3,2nd quarter,10:15.0,Antonio Daniels,SAS,False,2-pointer,20,19-17,'SAS',leads
181,181,181,200205050LAL,0.9,11.3,2nd quarter,9:46.0,Danny Ferry,SAS,False,3-pointer,24,19-17,'SAS',leads
182,182,182,200205050LAL,3.0,18.7,2nd quarter,9:23.0,Danny Ferry,SAS,False,3-pointer,25,19-17,'SAS',leads
183,183,183,200205050LAL,24.7,24.0,2nd quarter,9:03.0,Malik Rose,SAS,False,2-pointer,19,19-17,'SAS',leads
184,184,184,200205050LAL,39.0,14.9,2nd quarter,8:16.0,Tony Parker,SAS,True,2-pointer,18,21-19,'SAS',leads
185,185,185,200205050LAL,11.6,4.8,2nd quarter,6:54.0,Mark Bryant,SAS,False,2-pointer,12,24-21,'SAS',leads
186,186,186,200205050LAL,40.3,23.4,2nd quarter,6:26.0,Steve Smith,SAS,False,3-pointer,25,24-21,'SAS',leads
187,187,187,200205050LAL,0.9,8.0,2nd quarter,6:07.0,Steve Smith,SAS,True,3-pointer,23,27-21,'SAS',leads
188,188,188,200205050LAL,21.3,22.3,2nd quarter,5:04.0,Tim Duncan,SAS,False,2-pointer,18,29-23,'SAS',leads
189,189,189,200205050LAL,40.9,5.0,2nd quarter,4:42.0,Tony Parker,SAS,False,2-pointer,17,29-23,'SAS',leads
190,190,190,200205050LAL,21.3,10.7,2nd quarter,4:10.0,Tim Duncan,SAS,True,2-pointer,6,31-25,'SAS',leads
191,191,191,200205050LAL,28.3,16.6,2nd quarter,3:31.0,Tony Parker,SAS,False,2-pointer,12,31-27,'SAS',leads
192,192,192,200205050LAL,39.7,7.6,2nd quarter,2:59.0,Malik Rose,SAS,False,2-pointer,16,31-29,'SAS',leads
193,193,193,200205050LAL,16.5,5.7,2nd quarter,2:41.0,Tim Duncan,SAS,False,2-pointer,8,32-29,'SAS',leads
194,194,194,200205050LAL,12.3,9.7,2nd quarter,2:21.0,Steve Smith,SAS,False,2-pointer,13,32-29,'SAS',leads
195,195,195,200205050LAL,24.0,5.0,2nd quarter,2:07.0,Tony Parker,SAS,False,2-pointer,0,32-29,'SAS',leads
196,196,196,200205050LAL,24.0,5.0,2nd quarter,2:06.0,Tim Duncan,SAS,True,2-pointer,0,34-29,'SAS',leads
197,197,197,200205050LAL,24.7,9.2,2nd quarter,1:23.0,Tim Duncan,SAS,True,2-pointer,4,36-29,'SAS',leads
198,198,198,200205050LAL,30.4,5.7,2nd quarter,0:43.4,Malik Rose,SAS,False,2-pointer,6,36-29,'SAS',leads
199,199,199,200205050LAL,24.0,5.0,2nd quarter,0:43.2,Tim Duncan,SAS,True,2-pointer,0,38-29,'SAS',leads
200,200,200,200205050LAL,30.4,13.2,2nd quarter,0:16.6,Malik Rose,SAS,False,2-pointer,10,38-32,'SAS',leads
201,201,201,200205050LAL,18.6,18.7,3rd quarter,11:14.0,Tim Duncan,SAS,False,2-pointer,15,38-35,'SAS',leads
202,202,202,200205050LAL,5.7,5.7,3rd quarter,10:35.0,Mark Bryant,SAS,True,2-pointer,18,40-35,'SAS',leads
203,203,203,200205050LAL,46.0,4.8,3rd quarter,9:51.0,Bruce Bowen,SAS,False,2-pointer,22,40-35,'SAS',leads
204,204,204,200205050LAL,31.0,8.6,3rd quarter,9:05.0,Tim Duncan,SAS,False,2-pointer,8,40-37,'SAS',leads
205,205,205,200205050LAL,24.0,5.0,3rd quarter,9:01.0,Tim Duncan,SAS,False,2-pointer,0,40-37,'SAS',leads
206,206,206,200205050LAL,24.0,5.0,3rd quarter,8:59.0,Tim Duncan,SAS,False,2-pointer,0,40-37,'SAS',leads
207,207,207,200205050LAL,8.7,10.3,3rd quarter,8:05.0,Malik Rose,SAS,False,2-pointer,16,42-41,'SAS',leads
208,208,208,200205050LAL,3.0,6.3,3rd quarter,7:33.0,Tony Parker,SAS,False,2-pointer,21,42-41,'SAS',leads
209,209,209,200205050LAL,14.4,8.0,3rd quarter,6:54.0,Tim Duncan,SAS,False,2-pointer,10,42-43,'SAS',trails
210,210,210,200205050LAL,22.2,9.2,3rd quarter,6:25.0,Malik Rose,SAS,True,2-pointer,5,44-43,'SAS',leads
211,211,211,200205050LAL,24.0,5.0,3rd quarter,5:53.0,Malik Rose,SAS,False,2-pointer,0,44-45,'SAS',trails
212,212,212,200205050LAL,30.4,7.6,3rd quarter,5:46.0,Tim Duncan,SAS,False,2-pointer,7,44-45,'SAS',trails
213,213,213,200205050LAL,24.0,5.0,3rd quarter,5:42.0,Malik Rose,SAS,True,2-pointer,0,46-45,'SAS',leads
214,214,214,200205050LAL,28.9,19.4,3rd quarter,5:02.0,Steve Smith,SAS,True,2-pointer,15,48-48,'SAS',tied
215,215,215,200205050LAL,24.0,5.0,3rd quarter,4:12.0,Tony Parker,SAS,False,2-pointer,0,48-48,'SAS',tied
216,216,216,200205050LAL,24.0,5.0,3rd quarter,3:51.0,Malik Rose,SAS,True,2-pointer,0,52-48,'SAS',leads
217,217,217,200205050LAL,24.0,5.0,3rd quarter,2:20.0,Tim Duncan,SAS,True,2-pointer,0,56-50,'SAS',leads
218,218,218,200205050LAL,46.8,4.2,3rd quarter,1:01.0,Bruce Bowen,SAS,False,3-pointer,23,57-55,'SAS',leads
219,219,219,200205050LAL,24.0,5.0,3rd quarter,0:04.9,Tony Parker,SAS,True,2-pointer,0,61-57,'SAS',leads
220,220,220,200205050LAL,35.5,28.0,4th quarter,11:23.0,Antonio Daniels,SAS,True,3-pointer,26,64-59,'SAS',leads
221,221,221,200205050LAL,29.8,5.7,4th quarter,10:23.0,Tim Duncan,SAS,False,2-pointer,6,65-61,'SAS',leads
222,222,222,200205050LAL,12.3,13.2,4th quarter,9:54.0,Tim Duncan,SAS,True,2-pointer,14,67-63,'SAS',leads
223,223,223,200205050LAL,37.6,14.3,4th quarter,9:21.0,Antonio Daniels,SAS,False,2-pointer,16,67-63,'SAS',leads
224,224,224,200205050LAL,38.2,6.9,4th quarter,8:31.0,Malik Rose,SAS,False,2-pointer,14,67-65,'SAS',leads
225,225,225,200205050LAL,24.0,5.0,4th quarter,8:02.0,Antonio Daniels,SAS,False,2-pointer,0,67-67,'SAS',tied
226,226,226,200205050LAL,24.0,5.0,4th quarter,7:02.0,Malik Rose,SAS,False,2-pointer,0,68-69,'SAS',trails
227,227,227,200205050LAL,0.9,6.3,4th quarter,6:27.0,Tony Parker,SAS,True,3-pointer,23,71-69,'SAS',leads
228,228,228,200205050LAL,31.7,15.4,4th quarter,5:29.0,Tim Duncan,SAS,False,2-pointer,13,71-71,'SAS',tied
229,229,229,200205050LAL,15.6,21.3,4th quarter,4:50.0,Tony Parker,SAS,False,2-pointer,18,71-71,'SAS',tied
230,230,230,200205050LAL,17.1,14.3,4th quarter,4:16.0,Tim Duncan,SAS,False,2-pointer,12,71-73,'SAS',trails
231,231,231,200205050LAL,2.4,18.3,4th quarter,3:34.0,Steve Smith,SAS,True,3-pointer,25,74-76,'SAS',trails
232,232,232,200205050LAL,47.5,4.8,4th quarter,2:49.0,Steve Smith,SAS,False,3-pointer,24,74-76,'SAS',trails
233,233,233,200205050LAL,36.1,14.9,4th quarter,1:54.0,Tim Duncan,SAS,True,2-pointer,16,76-78,'SAS',trails
234,234,234,200205050LAL,7.8,5.0,4th quarter,1:13.0,Malik Rose,SAS,True,2-pointer,16,78-79,'SAS',trails
235,235,235,200205050LAL,46.8,7.6,4th quarter,0:45.1,Bruce Bowen,SAS,False,3-pointer,23,78-81,'SAS',trails
236,236,236,200205050LAL,1.5,11.3,4th quarter,0:23.1,Steve Smith,SAS,False,3-pointer,23,78-83,'SAS',trails
237,237,237,200205050LAL,11.6,28.6,4th quarter,0:21.0,Steve Smith,SAS,False,3-pointer,27,78-83,'SAS',trails
238,238,238,200205050LAL,24.0,5.0,4th quarter,0:10.9,Tim Duncan,SAS,True,2-pointer,0,80-84,'SAS',trails
239,239,239,200205050LAL,39.0,26.3,4th quarter,0:02.7,Danny Ferry,SAS,False,3-pointer,26,80-86,'SAS',trails
240,240,240,200205050LAL,28.3,8.6,1st quarter,11:38.0,Shaquille O'Neal,LAL,False,2-pointer,6,0-0,'SAS',tied
241,241,241,200205050LAL,18.6,10.7,1st quarter,11:10.0,Rick Fox,LAL,False,2-pointer,8,0-0,'SAS',tied
242,242,242,200205050LAL,32.5,23.4,1st quarter,10:43.0,Derek Fisher,LAL,False,2-pointer,20,0-2,'SAS',trails
243,243,243,200205050LAL,14.4,8.0,1st quarter,10:14.0,Shaquille O'Neal,LAL,False,2-pointer,10,0-4,'SAS',trails
244,244,244,200205050LAL,24.0,5.0,1st quarter,8:49.0,Shaquille O'Neal,LAL,False,2-pointer,0,1-7,'SAS',trails
245,245,245,200205050LAL,24.0,5.0,1st quarter,8:41.0,Shaquille O'Neal,LAL,False,2-pointer,0,1-7,'SAS',trails
246,246,246,200205050LAL,24.0,5.0,1st quarter,8:39.0,Shaquille O'Neal,LAL,True,2-pointer,0,3-7,'SAS',trails
247,247,247,200205050LAL,24.0,5.0,1st quarter,8:01.0,Derek Fisher,LAL,False,2-pointer,0,3-8,'SAS',trails
248,248,248,200205050LAL,22.8,10.7,1st quarter,7:27.0,Kobe Bryant,LAL,False,2-pointer,6,3-11,'SAS',trails
249,249,249,200205050LAL,24.0,5.0,1st quarter,7:10.0,Shaquille O'Neal,LAL,True,2-pointer,0,5-11,'SAS',trails
250,250,250,200205050LAL,23.6,13.2,1st quarter,5:30.0,Shaquille O'Neal,LAL,False,2-pointer,8,5-11,'SAS',trails
251,251,251,200205050LAL,43.9,18.3,1st quarter,4:26.0,Rick Fox,LAL,False,3-pointer,24,5-11,'SAS',trails
252,252,252,200205050LAL,5.1,9.7,1st quarter,3:54.0,Samaki Walker,LAL,False,2-pointer,19,5-13,'SAS',trails
253,253,253,200205050LAL,24.0,5.0,1st quarter,3:21.0,Shaquille O'Neal,LAL,True,2-pointer,0,7-15,'SAS',trails
254,254,254,200205050LAL,24.7,16.0,1st quarter,2:29.0,Robert Horry,LAL,False,2-pointer,11,7-15,'SAS',trails
255,255,255,200205050LAL,24.0,5.0,1st quarter,1:47.0,Samaki Walker,LAL,True,2-pointer,0,9-17,'SAS',trails
256,256,256,200205050LAL,24.0,5.0,1st quarter,1:17.0,Kobe Bryant,LAL,False,2-pointer,0,9-17,'SAS',trails
257,257,257,200205050LAL,24.0,5.0,1st quarter,1:16.0,Samaki Walker,LAL,True,2-pointer,0,11-17,'SAS',trails
258,258,258,200205050LAL,17.1,10.7,1st quarter,0:12.5,Rick Fox,LAL,False,2-pointer,9,11-17,'SAS',trails
259,259,259,200205050LAL,22.8,25.0,2nd quarter,11:27.0,Devean George,LAL,True,2-pointer,20,15-17,'SAS',trails
260,260,260,200205050LAL,11.6,17.0,2nd quarter,10:50.0,Brian Shaw,LAL,False,2-pointer,17,15-19,'SAS',trails
261,261,261,200205050LAL,24.0,5.0,2nd quarter,10:38.0,Kobe Bryant,LAL,True,2-pointer,0,17-19,'SAS',trails
262,262,262,200205050LAL,31.7,6.3,2nd quarter,10:00.0,Shaquille O'Neal,LAL,False,2-pointer,8,17-19,'SAS',trails
263,263,263,200205050LAL,0.9,6.3,2nd quarter,9:54.0,Devean George,LAL,False,3-pointer,23,17-19,'SAS',trails
264,264,264,200205050LAL,24.0,5.0,2nd quarter,9:31.0,Robert Horry,LAL,False,2-pointer,0,17-19,'SAS',trails
265,265,265,200205050LAL,35.5,26.9,2nd quarter,8:38.0,Derek Fisher,LAL,False,3-pointer,25,17-19,'SAS',trails
266,266,266,200205050LAL,17.7,6.9,2nd quarter,8:34.0,Devean George,LAL,True,2-pointer,7,19-19,'SAS',tied
267,267,267,200205050LAL,11.6,27.4,2nd quarter,8:00.0,Derek Fisher,LAL,False,3-pointer,26,19-21,'SAS',trails
268,268,268,200205050LAL,24.0,5.0,2nd quarter,7:19.0,Devean George,LAL,False,2-pointer,0,19-24,'SAS',trails
269,269,269,200205050LAL,24.0,5.0,2nd quarter,7:12.0,Kobe Bryant,LAL,True,2-pointer,0,21-24,'SAS',trails
270,270,270,200205050LAL,24.0,5.0,2nd quarter,6:44.0,Kobe Bryant,LAL,False,2-pointer,0,21-24,'SAS',trails
271,271,271,200205050LAL,46.8,4.2,2nd quarter,5:47.0,Robert Horry,LAL,False,3-pointer,23,21-27,'SAS',trails
272,272,272,200205050LAL,22.8,10.7,2nd quarter,5:18.0,Kobe Bryant,LAL,True,2-pointer,6,23-29,'SAS',trails
273,273,273,200205050LAL,24.0,5.0,2nd quarter,4:32.0,Shaquille O'Neal,LAL,True,2-pointer,0,25-29,'SAS',trails
274,274,274,200205050LAL,25.6,10.7,2nd quarter,3:53.0,Shaquille O'Neal,LAL,True,2-pointer,6,27-31,'SAS',trails
275,275,275,200205050LAL,12.9,28.0,2nd quarter,3:21.0,Kobe Bryant,LAL,False,3-pointer,26,27-31,'SAS',trails
276,276,276,200205050LAL,24.0,5.0,2nd quarter,3:18.0,Samaki Walker,LAL,True,2-pointer,0,29-31,'SAS',trails
277,277,277,200205050LAL,22.8,10.7,2nd quarter,1:44.0,Shaquille O'Neal,LAL,False,2-pointer,6,29-34,'SAS',trails
278,278,278,200205050LAL,13.5,25.0,2nd quarter,0:59.8,Rick Fox,LAL,False,2-pointer,23,29-36,'SAS',trails
279,279,279,200205050LAL,16.5,29.1,2nd quarter,0:32.9,Brian Shaw,LAL,True,3-pointer,25,32-38,'SAS',trails
280,280,280,200205050LAL,15.6,25.0,2nd quarter,0:02.7,Derek Fisher,LAL,False,2-pointer,22,32-38,'SAS',trails
281,281,281,200205050LAL,9.3,26.9,3rd quarter,11:30.0,Derek Fisher,LAL,True,3-pointer,26,35-38,'SAS',trails
282,282,282,200205050LAL,28.3,5.7,3rd quarter,10:59.0,Shaquille O'Neal,LAL,False,2-pointer,4,35-38,'SAS',trails
283,283,283,200205050LAL,17.1,9.7,3rd quarter,10:09.0,Kobe Bryant,LAL,False,2-pointer,8,35-40,'SAS',trails
284,284,284,200205050LAL,41.8,4.2,3rd quarter,9:36.0,Kobe Bryant,LAL,False,2-pointer,18,35-40,'SAS',trails
285,285,285,200205050LAL,24.0,5.0,3rd quarter,9:33.0,Samaki Walker,LAL,True,2-pointer,0,37-40,'SAS',trails
286,286,286,200205050LAL,31.7,9.2,3rd quarter,8:20.0,Derek Fisher,LAL,False,2-pointer,9,39-42,'SAS',trails
287,287,287,200205050LAL,24.0,5.0,3rd quarter,8:18.0,Samaki Walker,LAL,True,2-pointer,0,41-42,'SAS',trails
288,288,288,200205050LAL,0.9,9.2,3rd quarter,7:52.0,Derek Fisher,LAL,False,3-pointer,23,41-42,'SAS',trails
289,289,289,200205050LAL,24.0,5.0,3rd quarter,7:15.0,Kobe Bryant,LAL,True,2-pointer,0,43-42,'SAS',leads
290,290,290,200205050LAL,39.7,10.3,3rd quarter,6:05.0,Rick Fox,LAL,True,2-pointer,17,45-44,'SAS',leads
291,291,291,200205050LAL,42.4,20.6,3rd quarter,5:26.0,Robert Horry,LAL,True,3-pointer,24,48-46,'SAS',leads
292,292,292,200205050LAL,0.9,5.0,3rd quarter,4:32.0,Derek Fisher,LAL,False,3-pointer,23,48-48,'SAS',tied
293,293,293,200205050LAL,24.0,5.0,3rd quarter,4:26.0,Derek Fisher,LAL,False,2-pointer,0,48-48,'SAS',tied
294,294,294,200205050LAL,0.9,5.0,3rd quarter,3:29.0,Devean George,LAL,False,3-pointer,23,48-52,'SAS',trails
295,295,295,200205050LAL,47.5,5.7,3rd quarter,3:10.0,Brian Shaw,LAL,False,3-pointer,24,48-52,'SAS',trails
296,296,296,200205050LAL,29.8,18.3,3rd quarter,2:47.0,Kobe Bryant,LAL,False,2-pointer,15,48-54,'SAS',trails
297,297,297,200205050LAL,24.0,5.0,3rd quarter,2:38.0,Kobe Bryant,LAL,True,2-pointer,0,50-54,'SAS',trails
298,298,298,200205050LAL,26.2,23.4,3rd quarter,1:58.0,Kobe Bryant,LAL,True,2-pointer,19,52-56,'SAS',trails
299,299,299,200205050LAL,9.3,25.7,3rd quarter,1:26.0,Robert Horry,LAL,True,3-pointer,25,55-57,'SAS',trails
300,300,300,200205050LAL,40.3,37.1,3rd quarter,0:01.0,Kobe Bryant,LAL,False,3-pointer,36,57-61,'SAS',trails
301,301,301,200205050LAL,32.5,15.4,4th quarter,11:44.0,Kobe Bryant,LAL,True,2-pointer,13,59-61,'SAS',trails
302,302,302,200205050LAL,21.3,9.7,4th quarter,10:39.0,Shaquille O'Neal,LAL,False,2-pointer,5,61-65,'SAS',trails
303,303,303,200205050LAL,24.0,5.0,4th quarter,10:14.0,Devean George,LAL,True,2-pointer,0,63-65,'SAS',trails
304,304,304,200205050LAL,14.4,8.6,4th quarter,9:34.0,Shaquille O'Neal,LAL,False,2-pointer,10,63-67,'SAS',trails
305,305,305,200205050LAL,35.5,27.4,4th quarter,9:08.0,Derek Fisher,LAL,False,3-pointer,25,63-67,'SAS',trails
306,306,306,200205050LAL,21.3,10.7,4th quarter,8:48.0,Shaquille O'Neal,LAL,True,2-pointer,6,65-67,'SAS',trails
307,307,307,200205050LAL,24.0,5.0,4th quarter,8:26.0,Shaquille O'Neal,LAL,True,2-pointer,0,67-67,'SAS',tied
308,308,308,200205050LAL,24.0,5.0,4th quarter,7:39.0,Brian Shaw,LAL,False,2-pointer,0,67-67,'SAS',tied
309,309,309,200205050LAL,25.6,11.3,4th quarter,7:11.0,Shaquille O'Neal,LAL,False,2-pointer,7,69-68,'SAS',leads
310,310,310,200205050LAL,5.7,23.4,4th quarter,6:46.0,Derek Fisher,LAL,False,3-pointer,26,69-68,'SAS',leads
311,311,311,200205050LAL,6.4,12.0,4th quarter,6:01.0,Robert Horry,LAL,True,2-pointer,19,71-71,'SAS',tied
312,312,312,200205050LAL,6.4,23.4,4th quarter,5:08.0,Brian Shaw,LAL,False,3-pointer,25,71-71,'SAS',tied
313,313,313,200205050LAL,1.5,8.0,4th quarter,3:56.0,Derek Fisher,LAL,True,3-pointer,23,76-71,'SAS',leads
314,314,314,200205050LAL,43.1,22.9,4th quarter,3:08.0,Kobe Bryant,LAL,False,3-pointer,26,76-74,'SAS',leads
315,315,315,200205050LAL,0.9,11.3,4th quarter,3:03.0,Robert Horry,LAL,False,3-pointer,24,76-74,'SAS',leads
316,316,316,200205050LAL,15.6,5.0,4th quarter,2:30.0,Shaquille O'Neal,LAL,True,2-pointer,8,78-74,'SAS',leads
317,317,317,200205050LAL,22.8,11.3,4th quarter,2:05.0,Shaquille O'Neal,LAL,False,2-pointer,6,78-74,'SAS',leads
318,318,318,200205050LAL,24.1,11.3,4th quarter,1:36.0,Kobe Bryant,LAL,False,2-pointer,6,78-76,'SAS',leads
319,319,319,200205050LAL,24.0,5.0,4th quarter,1:35.0,Shaquille O'Neal,LAL,False,2-pointer,0,78-76,'SAS',leads
320,320,320,200205050LAL,24.0,5.0,4th quarter,1:03.0,Shaquille O'Neal,LAL,True,2-pointer,0,81-78,'SAS',leads
321,321,321,200205050LAL,23.6,12.0,4th quarter,0:24.6,Kobe Bryant,LAL,True,2-pointer,7,83-78,'SAS',leads
322,322,322,200205050NJN,12.3,4.4,1st quarter,11:44.0,Elden Campbell,CHH,False,2-pointer,12,0-0,'CHH',tied
323,323,323,200205050NJN,16.5,11.1,1st quarter,11:26.0,Baron Davis,CHH,False,2-pointer,10,0-2,'CHH',trails
324,324,324,200205050NJN,32.5,13.9,1st quarter,10:47.0,P.J. Brown,CHH,True,2-pointer,12,2-4,'CHH',trails
325,325,325,200205050NJN,29.4,12.6,1st quarter,10:22.0,Baron Davis,CHH,False,2-pointer,9,2-4,'CHH',trails
326,326,326,200205050NJN,32.5,19.4,1st quarter,9:55.0,David Wesley,CHH,False,2-pointer,17,2-6,'CHH',trails
327,327,327,200205050NJN,24.0,5.0,1st quarter,9:11.0,Baron Davis,CHH,False,2-pointer,0,2-8,'CHH',trails
328,328,328,200205050NJN,35.9,22.7,1st quarter,9:04.0,David Wesley,CHH,False,2-pointer,21,2-8,'CHH',trails
329,329,329,200205050NJN,6.6,5.0,1st quarter,8:59.0,George Lynch,CHH,False,2-pointer,17,2-8,'CHH',trails
330,330,330,200205050NJN,31.0,7.8,1st quarter,8:27.0,Elden Campbell,CHH,False,2-pointer,8,2-11,'CHH',trails
331,331,331,200205050NJN,24.0,5.0,1st quarter,8:25.0,P.J. Brown,CHH,False,2-pointer,0,2-11,'CHH',trails
332,332,332,200205050NJN,24.0,5.0,1st quarter,8:13.0,Elden Campbell,CHH,False,2-pointer,0,2-11,'CHH',trails
333,333,333,200205050NJN,24.0,5.0,1st quarter,8:10.0,P.J. Brown,CHH,True,2-pointer,0,4-11,'CHH',trails
334,334,334,200205050NJN,24.0,5.0,1st quarter,7:54.0,David Wesley,CHH,False,2-pointer,0,4-11,'CHH',trails
335,335,335,200205050NJN,7.4,6.3,1st quarter,7:11.0,George Lynch,CHH,False,2-pointer,17,4-13,'CHH',trails
336,336,336,200205050NJN,5.7,6.9,1st quarter,7:07.0,David Wesley,CHH,True,2-pointer,18,6-13,'CHH',trails
337,337,337,200205050NJN,11.6,7.8,1st quarter,6:41.0,Baron Davis,CHH,False,2-pointer,13,6-13,'CHH',trails
338,338,338,200205050NJN,24.0,5.0,1st quarter,6:33.0,Baron Davis,CHH,True,2-pointer,0,8-13,'CHH',trails
339,339,339,200205050NJN,24.0,5.0,1st quarter,5:42.0,George Lynch,CHH,False,2-pointer,0,8-15,'CHH',trails
340,340,340,200205050NJN,24.0,5.0,1st quarter,5:38.0,Elden Campbell,CHH,True,2-pointer,0,10-15,'CHH',trails
341,341,341,200205050NJN,46.4,4.4,1st quarter,5:02.0,David Wesley,CHH,False,3-pointer,22,10-17,'CHH',trails
342,342,342,200205050NJN,24.0,5.0,1st quarter,4:28.0,Baron Davis,CHH,True,2-pointer,0,12-17,'CHH',trails
343,343,343,200205050NJN,18.2,30.5,1st quarter,3:58.0,Baron Davis,CHH,True,3-pointer,26,15-17,'CHH',trails
344,344,344,200205050NJN,24.0,5.0,1st quarter,3:17.0,P.J. Brown,CHH,False,2-pointer,0,15-19,'CHH',trails
345,345,345,200205050NJN,13.9,21.5,1st quarter,2:51.0,David Wesley,CHH,False,2-pointer,19,15-22,'CHH',trails
346,346,346,200205050NJN,16.5,10.5,1st quarter,2:13.0,Stacey Augmon,CHH,False,2-pointer,9,16-24,'CHH',trails
347,347,347,200205050NJN,40.7,5.0,1st quarter,1:22.0,P.J. Brown,CHH,True,2-pointer,17,18-26,'CHH',trails
348,348,348,200205050NJN,16.5,17.9,1st quarter,0:48.8,Stacey Augmon,CHH,True,2-pointer,15,20-26,'CHH',trails
349,349,349,200205050NJN,24.0,5.0,1st quarter,0:27.9,Robert Traylor,CHH,True,2-pointer,0,22-26,'CHH',trails
350,350,350,200205050NJN,17.3,19.4,1st quarter,0:00.9,Stacey Augmon,CHH,False,2-pointer,16,22-26,'CHH',trails
351,351,351,200205050NJN,24.0,5.0,2nd quarter,11:00.0,Lee Nailon,CHH,True,2-pointer,0,24-28,'CHH',trails
352,352,352,200205050NJN,20.5,11.1,2nd quarter,9:53.0,Robert Traylor,CHH,False,2-pointer,7,26-30,'CHH',trails
353,353,353,200205050NJN,24.0,5.0,2nd quarter,9:50.0,Lee Nailon,CHH,True,2-pointer,0,28-30,'CHH',trails
354,354,354,200205050NJN,12.3,4.4,2nd quarter,9:33.0,Lee Nailon,CHH,True,2-pointer,12,30-30,'CHH',tied
355,355,355,200205050NJN,24.0,5.0,2nd quarter,8:56.0,Stacey Augmon,CHH,False,2-pointer,0,30-32,'CHH',trails
356,356,356,200205050NJN,30.2,16.0,2nd quarter,7:48.0,Lee Nailon,CHH,False,2-pointer,13,30-34,'CHH',trails
357,357,357,200205050NJN,47.3,13.2,2nd quarter,7:32.0,Baron Davis,CHH,True,3-pointer,25,33-34,'CHH',trails
358,358,358,200205050NJN,13.9,27.6,2nd quarter,6:56.0,Baron Davis,CHH,False,3-pointer,25,33-36,'CHH',trails
359,359,359,200205050NJN,32.5,19.4,2nd quarter,6:51.0,Stacey Augmon,CHH,False,2-pointer,17,33-36,'CHH',trails
360,360,360,200205050NJN,24.0,5.0,2nd quarter,6:46.0,Elden Campbell,CHH,False,2-pointer,0,33-36,'CHH',trails
361,361,361,200205050NJN,24.0,5.0,2nd quarter,6:20.0,George Lynch,CHH,False,2-pointer,0,33-36,'CHH',trails
362,362,362,200205050NJN,15.6,5.7,2nd quarter,5:44.0,Elden Campbell,CHH,False,2-pointer,8,33-38,'CHH',trails
363,363,363,200205050NJN,24.0,5.0,2nd quarter,5:22.0,Baron Davis,CHH,True,2-pointer,0,35-38,'CHH',trails
364,364,364,200205050NJN,24.0,5.0,2nd quarter,4:55.0,David Wesley,CHH,True,2-pointer,0,37-38,'CHH',trails
365,365,365,200205050NJN,24.0,5.0,2nd quarter,4:27.0,David Wesley,CHH,True,2-pointer,0,39-38,'CHH',leads
366,366,366,200205050NJN,35.9,28.4,2nd quarter,3:52.0,Baron Davis,CHH,True,3-pointer,26,42-40,'CHH',leads
367,367,367,200205050NJN,48.1,6.3,2nd quarter,3:24.0,David Wesley,CHH,True,3-pointer,24,45-40,'CHH',leads
368,368,368,200205050NJN,35.0,18.7,2nd quarter,2:55.0,Elden Campbell,CHH,False,2-pointer,18,45-40,'CHH',leads
369,369,369,200205050NJN,16.5,21.5,2nd quarter,2:25.0,David Wesley,CHH,False,2-pointer,18,45-42,'CHH',leads
370,370,370,200205050NJN,11.6,13.9,2nd quarter,1:46.0,Elden Campbell,CHH,True,2-pointer,15,47-42,'CHH',leads
371,371,371,200205050NJN,24.0,5.0,2nd quarter,0:44.7,George Lynch,CHH,True,2-pointer,0,51-44,'CHH',leads
372,372,372,200205050NJN,3.4,17.9,2nd quarter,0:31.5,David Wesley,CHH,False,3-pointer,24,51-45,'CHH',leads
373,373,373,200205050NJN,24.0,5.0,2nd quarter,0:26.2,Robert Traylor,CHH,False,2-pointer,0,51-45,'CHH',leads
374,374,374,200205050NJN,24.0,5.0,3rd quarter,11:25.0,Elden Campbell,CHH,True,2-pointer,0,53-47,'CHH',leads
375,375,375,200205050NJN,24.0,5.0,3rd quarter,10:49.0,Elden Campbell,CHH,False,2-pointer,0,54-49,'CHH',leads
376,376,376,200205050NJN,24.0,5.0,3rd quarter,10:28.0,Baron Davis,CHH,True,2-pointer,0,56-49,'CHH',leads
377,377,377,200205050NJN,13.9,22.1,3rd quarter,9:27.0,David Wesley,CHH,True,2-pointer,20,58-53,'CHH',leads
378,378,378,200205050NJN,24.0,5.0,3rd quarter,8:56.0,George Lynch,CHH,False,2-pointer,0,58-53,'CHH',leads
379,379,379,200205050NJN,40.7,5.0,3rd quarter,8:53.0,Baron Davis,CHH,False,2-pointer,17,58-53,'CHH',leads
380,380,380,200205050NJN,32.5,22.7,3rd quarter,8:18.0,George Lynch,CHH,False,2-pointer,20,58-53,'CHH',leads
381,381,381,200205050NJN,33.4,9.0,3rd quarter,8:06.0,Baron Davis,CHH,False,2-pointer,10,58-53,'CHH',leads
382,382,382,200205050NJN,24.3,29.1,3rd quarter,7:25.0,Baron Davis,CHH,False,3-pointer,24,58-56,'CHH',leads
383,383,383,200205050NJN,24.0,5.0,3rd quarter,7:21.0,P.J. Brown,CHH,False,2-pointer,0,58-56,'CHH',leads
384,384,384,200205050NJN,24.0,5.0,3rd quarter,7:01.0,Baron Davis,CHH,False,2-pointer,0,58-56,'CHH',leads
385,385,385,200205050NJN,24.0,5.0,3rd quarter,6:58.0,P.J. Brown,CHH,True,2-pointer,0,60-56,'CHH',leads
386,386,386,200205050NJN,12.3,17.2,3rd quarter,6:30.0,David Wesley,CHH,False,2-pointer,17,60-58,'CHH',leads
387,387,387,200205050NJN,13.9,17.9,3rd quarter,5:51.0,Robert Traylor,CHH,False,2-pointer,16,60-60,'CHH',tied
388,388,388,200205050NJN,30.2,18.7,3rd quarter,5:17.0,Baron Davis,CHH,False,2-pointer,15,60-62,'CHH',trails
389,389,389,200205050NJN,9.1,17.2,3rd quarter,4:09.0,David Wesley,CHH,True,2-pointer,19,64-64,'CHH',tied
390,390,390,200205050NJN,26.8,31.8,3rd quarter,3:20.0,Baron Davis,CHH,True,3-pointer,27,67-66,'CHH',leads
391,391,391,200205050NJN,24.0,5.0,3rd quarter,2:52.0,Baron Davis,CHH,False,2-pointer,0,67-66,'CHH',leads
392,392,392,200205050NJN,31.7,9.7,3rd quarter,2:29.0,Lee Nailon,CHH,False,2-pointer,9,67-68,'CHH',trails
393,393,393,200205050NJN,24.0,5.0,3rd quarter,2:23.0,Lee Nailon,CHH,True,2-pointer,0,69-68,'CHH',leads
394,394,394,200205050NJN,13.1,18.7,3rd quarter,1:29.0,P.J. Brown,CHH,False,2-pointer,18,71-70,'CHH',leads
395,395,395,200205050NJN,33.4,28.4,3rd quarter,0:27.3,David Wesley,CHH,False,3-pointer,25,71-76,'CHH',trails
396,396,396,200205050NJN,30.2,22.1,4th quarter,11:44.0,Baron Davis,CHH,False,2-pointer,18,73-77,'CHH',trails
397,397,397,200205050NJN,24.0,5.0,4th quarter,10:44.0,Baron Davis,CHH,True,2-pointer,0,75-77,'CHH',trails
398,398,398,200205050NJN,24.0,5.0,4th quarter,10:11.0,Elden Campbell,CHH,True,2-pointer,0,78-79,'CHH',trails
399,399,399,200205050NJN,24.0,5.0,4th quarter,9:14.0,Lee Nailon,CHH,False,2-pointer,0,78-81,'CHH',trails
400,400,400,200205050NJN,24.0,5.0,4th quarter,9:11.0,Lee Nailon,CHH,True,2-pointer,0,80-81,'CHH',trails
401,401,401,200205050NJN,33.4,6.3,4th quarter,8:31.0,Elden Campbell,CHH,True,2-pointer,9,82-81,'CHH',leads
402,402,402,200205050NJN,24.0,5.0,4th quarter,7:57.0,Elden Campbell,CHH,True,2-pointer,0,84-82,'CHH',leads
403,403,403,200205050NJN,24.0,5.0,4th quarter,7:29.0,Elden Campbell,CHH,True,2-pointer,0,86-84,'CHH',leads
404,404,404,200205050NJN,8.3,24.8,4th quarter,7:02.0,Baron Davis,CHH,False,3-pointer,25,86-84,'CHH',leads
405,405,405,200205050NJN,19.0,12.6,4th quarter,6:16.0,Elden Campbell,CHH,False,2-pointer,9,86-85,'CHH',leads
406,406,406,200205050NJN,4.9,23.6,4th quarter,5:48.0,Baron Davis,CHH,False,3-pointer,27,86-87,'CHH',trails
407,407,407,200205050NJN,15.6,6.9,4th quarter,5:06.0,Elden Campbell,CHH,True,2-pointer,9,88-89,'CHH',trails
408,408,408,200205050NJN,40.7,5.7,4th quarter,4:25.0,Stacey Augmon,CHH,True,2-pointer,17,90-89,'CHH',leads
409,409,409,200205050NJN,15.6,4.4,4th quarter,3:38.0,Elden Campbell,CHH,False,2-pointer,8,90-89,'CHH',leads
410,410,410,200205050NJN,26.8,14.5,4th quarter,2:32.0,Elden Campbell,CHH,False,2-pointer,10,91-93,'CHH',trails
411,411,411,200205050NJN,9.9,11.1,4th quarter,2:03.0,Stacey Augmon,CHH,False,2-pointer,15,91-95,'CHH',trails
412,412,412,200205050NJN,11.6,19.4,4th quarter,1:42.0,David Wesley,CHH,False,2-pointer,19,91-95,'CHH',trails
413,413,413,200205050NJN,23.6,22.1,4th quarter,1:16.0,P.J. Brown,CHH,False,2-pointer,17,91-95,'CHH',trails
414,414,414,200205050NJN,24.0,5.0,1st quarter,11:39.0,Kenyon Martin,NJN,False,2-pointer,0,0-0,'CHH',tied
415,415,415,200205050NJN,24.0,5.0,1st quarter,11:03.0,Kenyon Martin,NJN,True,2-pointer,0,4-0,'CHH',leads
416,416,416,200205050NJN,24.0,5.0,1st quarter,10:33.0,Todd MacCulloch,NJN,False,2-pointer,0,4-2,'CHH',leads
417,417,417,200205050NJN,24.0,5.0,1st quarter,10:18.0,Kerry Kittles,NJN,True,2-pointer,0,6-2,'CHH',leads
418,418,418,200205050NJN,24.0,5.0,1st quarter,9:47.0,Keith Van,NJN,True,2-pointer,0,8-2,'CHH',leads
419,419,419,200205050NJN,7.4,19.4,1st quarter,9:25.0,Jason Kidd,NJN,False,2-pointer,22,8-2,'CHH',leads
420,420,420,200205050NJN,1.7,16.6,1st quarter,8:52.0,Keith Van,NJN,True,3-pointer,25,11-2,'CHH',leads
421,421,421,200205050NJN,4.0,18.7,1st quarter,7:46.0,Keith Van,NJN,False,3-pointer,24,11-4,'CHH',leads
422,422,422,200205050NJN,28.5,23.6,1st quarter,7:31.0,Jason Kidd,NJN,True,2-pointer,19,13-4,'CHH',leads
423,423,423,200205050NJN,24.0,5.0,1st quarter,6:52.0,Kenyon Martin,NJN,False,2-pointer,0,13-6,'CHH',leads
424,424,424,200205050NJN,35.0,6.9,1st quarter,6:02.0,Kenyon Martin,NJN,True,2-pointer,11,15-8,'CHH',leads
425,425,425,200205050NJN,9.1,16.0,1st quarter,5:26.0,Kerry Kittles,NJN,True,2-pointer,19,17-10,'CHH',leads
426,426,426,200205050NJN,8.3,14.5,1st quarter,4:56.0,Kerry Kittles,NJN,False,2-pointer,18,17-10,'CHH',leads
427,427,427,200205050NJN,4.9,20.0,1st quarter,3:10.0,Jason Kidd,NJN,True,3-pointer,24,22-15,'CHH',leads
428,428,428,200205050NJN,26.8,24.8,1st quarter,2:37.0,Lucious Harris,NJN,True,2-pointer,20,24-16,'CHH',leads
429,429,429,200205050NJN,24.0,5.0,1st quarter,2:09.0,Jason Kidd,NJN,False,2-pointer,0,24-16,'CHH',leads
430,430,430,200205050NJN,36.7,13.9,1st quarter,1:46.0,Jason Kidd,NJN,True,2-pointer,16,26-16,'CHH',leads
431,431,431,200205050NJN,14.8,18.7,1st quarter,1:03.0,Kenyon Martin,NJN,False,2-pointer,17,26-18,'CHH',leads
432,432,432,200205050NJN,24.0,5.0,1st quarter,0:37.1,Lucious Harris,NJN,False,2-pointer,0,26-20,'CHH',leads
433,433,433,200205050NJN,34.2,22.1,1st quarter,0:05.8,Kenyon Martin,NJN,False,2-pointer,20,26-22,'CHH',leads
434,434,434,200205050NJN,24.0,5.0,2nd quarter,11:23.0,Lucious Harris,NJN,True,2-pointer,0,28-22,'CHH',leads
435,435,435,200205050NJN,10.8,18.7,2nd quarter,10:43.0,Lucious Harris,NJN,False,2-pointer,19,28-24,'CHH',leads
436,436,436,200205050NJN,35.9,16.6,2nd quarter,10:14.0,Anthony Johnson,NJN,True,2-pointer,17,30-26,'CHH',leads
437,437,437,200205050NJN,7.4,11.8,2nd quarter,9:11.0,Anthony Johnson,NJN,True,2-pointer,18,32-30,'CHH',leads
438,438,438,200205050NJN,24.0,5.0,2nd quarter,8:40.0,Aaron Williams,NJN,True,2-pointer,0,34-30,'CHH',leads
439,439,439,200205050NJN,7.4,5.0,2nd quarter,8:09.0,Anthony Johnson,NJN,False,2-pointer,17,34-30,'CHH',leads
440,440,440,200205050NJN,35.0,5.0,2nd quarter,7:38.0,Keith Van,NJN,False,2-pointer,11,34-30,'CHH',leads
441,441,441,200205050NJN,25.1,25.7,2nd quarter,7:15.0,Lucious Harris,NJN,True,2-pointer,21,36-33,'CHH',leads
442,442,442,200205050NJN,18.2,23.6,2nd quarter,6:30.0,Lucious Harris,NJN,False,2-pointer,19,36-33,'CHH',leads
443,443,443,200205050NJN,24.0,5.0,2nd quarter,6:05.0,Jason Collins,NJN,True,2-pointer,0,38-33,'CHH',leads
444,444,444,200205050NJN,35.9,16.0,2nd quarter,5:28.0,Anthony Johnson,NJN,False,2-pointer,16,38-33,'CHH',leads
445,445,445,200205050NJN,24.0,5.0,2nd quarter,5:01.0,Kenyon Martin,NJN,False,2-pointer,0,38-35,'CHH',leads
446,446,446,200205050NJN,24.0,5.0,2nd quarter,4:33.0,Kenyon Martin,NJN,False,2-pointer,0,38-37,'CHH',leads
447,447,447,200205050NJN,31.0,5.7,2nd quarter,4:16.0,Keith Van,NJN,True,2-pointer,7,40-39,'CHH',leads
448,448,448,200205050NJN,24.0,5.0,2nd quarter,3:32.0,Kenyon Martin,NJN,False,2-pointer,0,40-42,'CHH',trails
449,449,449,200205050NJN,31.0,21.5,2nd quarter,3:07.0,Jason Kidd,NJN,False,2-pointer,18,40-45,'CHH',trails
450,450,450,200205050NJN,30.2,6.3,2nd quarter,2:40.0,Kenyon Martin,NJN,True,2-pointer,6,42-45,'CHH',trails
451,451,451,200205050NJN,24.0,5.0,2nd quarter,2:08.0,Kenyon Martin,NJN,False,2-pointer,0,42-45,'CHH',trails
452,452,452,200205050NJN,31.7,15.1,2nd quarter,2:02.0,Keith Van,NJN,False,2-pointer,13,42-45,'CHH',trails
453,453,453,200205050NJN,14.8,13.9,2nd quarter,0:02.9,Jason Kidd,NJN,False,2-pointer,13,45-51,'CHH',trails
454,454,454,200205050NJN,31.7,23.6,3rd quarter,11:47.0,Keith Van,NJN,True,2-pointer,20,47-51,'CHH',trails
455,455,455,200205050NJN,24.0,5.0,3rd quarter,11:09.0,Kerry Kittles,NJN,False,2-pointer,0,47-54,'CHH',trails
456,456,456,200205050NJN,24.0,5.0,3rd quarter,11:07.0,Todd MacCulloch,NJN,True,2-pointer,0,49-54,'CHH',trails
457,457,457,200205050NJN,39.0,16.6,3rd quarter,10:11.0,Kerry Kittles,NJN,True,2-pointer,19,51-56,'CHH',trails
458,458,458,200205050NJN,28.5,13.2,3rd quarter,9:44.0,Todd MacCulloch,NJN,True,2-pointer,9,53-56,'CHH',trails
459,459,459,200205050NJN,45.6,16.0,3rd quarter,9:19.0,Kerry Kittles,NJN,False,3-pointer,24,53-58,'CHH',trails
460,460,460,200205050NJN,24.3,30.5,3rd quarter,8:34.0,Keith Van,NJN,False,3-pointer,26,53-58,'CHH',trails
461,461,461,200205050NJN,24.0,5.0,3rd quarter,7:45.0,Todd MacCulloch,NJN,True,2-pointer,0,55-58,'CHH',trails
462,462,462,200205050NJN,24.0,5.0,3rd quarter,6:12.0,Kerry Kittles,NJN,True,2-pointer,0,60-60,'CHH',tied
463,463,463,200205050NJN,24.0,5.0,3rd quarter,5:36.0,Todd MacCulloch,NJN,False,2-pointer,0,60-60,'CHH',tied
464,464,464,200205050NJN,24.0,5.0,3rd quarter,5:34.0,Todd MacCulloch,NJN,True,2-pointer,0,62-60,'CHH',leads
465,465,465,200205050NJN,24.0,5.0,3rd quarter,4:41.0,Todd MacCulloch,NJN,True,2-pointer,0,64-62,'CHH',leads
466,466,466,200205050NJN,36.7,13.9,3rd quarter,3:46.0,Kerry Kittles,NJN,True,2-pointer,16,66-64,'CHH',leads
467,467,467,200205050NJN,9.1,12.6,3rd quarter,3:01.0,Kerry Kittles,NJN,False,2-pointer,17,66-67,'CHH',trails
468,468,468,200205050NJN,9.9,5.0,3rd quarter,2:05.0,Kenyon Martin,NJN,False,2-pointer,14,68-69,'CHH',trails
469,469,469,200205050NJN,29.4,6.9,3rd quarter,1:17.0,Aaron Williams,NJN,False,2-pointer,6,70-71,'CHH',trails
470,470,470,200205050NJN,24.0,5.0,3rd quarter,1:13.0,Aaron Williams,NJN,True,2-pointer,0,72-71,'CHH',leads
471,471,471,200205050NJN,24.0,5.0,3rd quarter,0:56.5,Jason Kidd,NJN,True,2-pointer,0,74-71,'CHH',leads
472,472,472,200205050NJN,26.8,9.0,4th quarter,10:52.0,Richard Jefferson,NJN,False,2-pointer,5,77-73,'CHH',leads
473,473,473,200205050NJN,24.0,5.0,4th quarter,10:49.0,Richard Jefferson,NJN,False,2-pointer,0,77-73,'CHH',leads
474,474,474,200205050NJN,37.6,11.1,4th quarter,9:53.0,Aaron Williams,NJN,True,2-pointer,15,81-78,'CHH',leads
475,475,475,200205050NJN,16.5,20.8,4th quarter,7:42.0,Aaron Williams,NJN,True,2-pointer,17,84-84,'CHH',tied
476,476,476,200205050NJN,33.4,18.7,4th quarter,7:08.0,Kenyon Martin,NJN,False,2-pointer,17,84-86,'CHH',trails
477,477,477,200205050NJN,24.0,5.0,4th quarter,6:12.0,Richard Jefferson,NJN,True,2-pointer,0,87-86,'CHH',leads
478,478,478,200205050NJN,38.4,9.7,4th quarter,5:26.0,Jason Kidd,NJN,True,2-pointer,15,89-86,'CHH',leads
479,479,479,200205050NJN,46.4,4.4,4th quarter,4:02.0,Jason Kidd,NJN,False,3-pointer,22,89-90,'CHH',trails
480,480,480,200205050NJN,14.8,18.7,4th quarter,2:52.0,Jason Kidd,NJN,True,2-pointer,17,93-91,'CHH',leads
481,481,481,200205050NJN,22.8,10.5,4th quarter,2:21.0,Jason Kidd,NJN,True,2-pointer,6,95-91,'CHH',leads
482,482,482,200205050NJN,23.6,10.5,4th quarter,0:44.8,Kenyon Martin,NJN,False,2-pointer,6,97-93,'CHH',leads
483,483,483,200205050NJN,24.0,5.0,4th quarter,0:19.8,Jason Kidd,NJN,True,2-pointer,0,99-93,'CHH',leads
