,Unnamed: 0.1,Unnamed: 0,match_id,shotX,shotY,quarter,time_remaining,player,team,made,shot_type,distance,score,opp,status
0,0,0,200201170ATL,9.3,15.6,1st quarter,11:04.0,Metta World,CHI,False,2-pointer,18,1-2,'CHI',trails
1,1,1,200201170ATL,24.0,5.0,1st quarter,10:11.0,Greg Anthony,CHI,False,2-pointer,0,1-2,'CHI',trails
2,2,2,200201170ATL,24.0,5.0,1st quarter,10:09.0,Brad Miller,CHI,True,2-pointer,0,3-2,'CHI',leads
3,3,3,200201170ATL,23.9,30.5,1st quarter,9:36.0,Metta World,CHI,False,3-pointer,26,3-2,'CHI',leads
4,4,4,200201170ATL,11.4,5.4,1st quarter,8:59.0,Greg Anthony,CHI,True,2-pointer,13,5-4,'CHI',leads
5,5,5,200201170ATL,15.8,7.1,1st quarter,8:00.0,Marcus Fizer,CHI,False,2-pointer,8,5-4,'CHI',leads
6,6,6,200201170ATL,34.8,14.9,1st quarter,7:05.0,Greg Anthony,CHI,True,2-pointer,15,7-8,'CHI',trails
7,7,7,200201170ATL,7.8,11.6,1st quarter,6:32.0,Metta World,CHI,False,2-pointer,17,7-8,'CHI',trails
8,8,8,200201170ATL,8.5,8.8,1st quarter,6:17.0,Ron Mercer,CHI,True,2-pointer,16,9-8,'CHI',leads
9,9,9,200201170ATL,24.0,5.0,1st quarter,5:45.0,Brad Miller,CHI,True,2-pointer,0,11-8,'CHI',leads
10,10,10,200201170ATL,16.5,18.7,1st quarter,4:00.0,Ron Mercer,CHI,True,2-pointer,16,13-12,'CHI',leads
11,11,11,200201170ATL,42.0,23.4,1st quarter,3:32.0,Metta World,CHI,False,3-pointer,26,13-14,'CHI',trails
12,12,12,200201170ATL,20.1,8.4,1st quarter,3:23.0,Ron Mercer,CHI,False,2-pointer,5,13-14,'CHI',trails
13,13,13,200201170ATL,34.0,9.5,1st quarter,3:17.0,Eddie Robinson,CHI,True,2-pointer,11,15-14,'CHI',leads
14,14,14,200201170ATL,8.5,24.4,1st quarter,2:47.0,Ron Mercer,CHI,False,3-pointer,25,15-17,'CHI',trails
15,15,15,200201170ATL,40.5,5.4,1st quarter,1:53.0,Ron Mercer,CHI,False,2-pointer,17,15-21,'CHI',trails
16,16,16,200201170ATL,7.8,6.5,1st quarter,1:27.0,Eddie Robinson,CHI,True,2-pointer,16,17-23,'CHI',trails
17,17,17,200201170ATL,15.8,12.2,1st quarter,0:52.7,Metta World,CHI,True,2-pointer,11,19-25,'CHI',trails
18,18,18,200201170ATL,12.1,6.1,1st quarter,0:12.4,Ron Mercer,CHI,False,2-pointer,12,19-25,'CHI',trails
19,19,19,200201170ATL,23.9,21.0,1st quarter,0:00.2,Ron Mercer,CHI,True,2-pointer,16,21-25,'CHI',trails
20,20,20,200201170ATL,8.5,9.9,2nd quarter,11:25.0,Eddie Robinson,CHI,True,2-pointer,16,23-27,'CHI',trails
21,21,21,200201170ATL,15.0,12.2,2nd quarter,10:45.0,Ron Mercer,CHI,False,2-pointer,12,23-29,'CHI',trails
22,22,22,200201170ATL,9.3,7.8,2nd quarter,9:24.0,Eddie Robinson,CHI,False,2-pointer,15,25-33,'CHI',trails
23,23,23,200201170ATL,24.0,5.0,2nd quarter,9:22.0,Eddie Robinson,CHI,True,2-pointer,0,27-33,'CHI',trails
24,24,24,200201170ATL,24.0,5.0,2nd quarter,8:51.0,Metta World,CHI,True,2-pointer,0,29-33,'CHI',trails
25,25,25,200201170ATL,17.3,10.5,2nd quarter,8:01.0,Eddy Curry,CHI,False,2-pointer,9,29-33,'CHI',trails
26,26,26,200201170ATL,20.9,11.6,2nd quarter,7:28.0,Kevin Ollie,CHI,False,2-pointer,7,29-35,'CHI',trails
27,27,27,200201170ATL,24.3,17.7,2nd quarter,6:51.0,Eddie Robinson,CHI,True,2-pointer,13,33-37,'CHI',trails
28,28,28,200201170ATL,39.9,17.7,2nd quarter,6:09.0,Fred Hoiberg,CHI,True,2-pointer,20,35-39,'CHI',trails
29,29,29,200201170ATL,24.0,5.0,2nd quarter,5:40.0,Brad Miller,CHI,True,2-pointer,0,37-39,'CHI',trails
30,30,30,200201170ATL,24.0,5.0,2nd quarter,5:00.0,Kevin Ollie,CHI,True,2-pointer,0,40-39,'CHI',leads
31,31,31,200201170ATL,24.0,5.0,2nd quarter,4:26.0,Marcus Fizer,CHI,False,2-pointer,0,40-39,'CHI',leads
32,32,32,200201170ATL,20.1,8.4,2nd quarter,3:54.0,Trenton Hassell,CHI,False,2-pointer,5,40-39,'CHI',leads
33,33,33,200201170ATL,24.0,5.0,2nd quarter,0:59.8,Fred Hoiberg,CHI,True,2-pointer,0,43-44,'CHI',trails
34,34,34,200201170ATL,23.0,24.8,2nd quarter,0:34.9,Fred Hoiberg,CHI,False,2-pointer,20,44-47,'CHI',trails
35,35,35,200201170ATL,22.4,13.2,2nd quarter,0:17.5,Metta World,CHI,False,2-pointer,8,44-47,'CHI',trails
36,36,36,200201170ATL,20.1,14.9,3rd quarter,11:24.0,Ron Mercer,CHI,False,2-pointer,11,44-47,'CHI',trails
37,37,37,200201170ATL,19.4,20.4,3rd quarter,10:52.0,Greg Anthony,CHI,False,2-pointer,16,44-47,'CHI',trails
38,38,38,200201170ATL,32.5,7.8,3rd quarter,10:31.0,Marcus Fizer,CHI,False,2-pointer,9,44-47,'CHI',trails
39,39,39,200201170ATL,24.0,5.0,3rd quarter,10:09.0,Marcus Fizer,CHI,False,2-pointer,0,44-47,'CHI',trails
40,40,40,200201170ATL,11.4,5.0,3rd quarter,9:43.0,Marcus Fizer,CHI,True,2-pointer,13,46-47,'CHI',trails
41,41,41,200201170ATL,24.0,5.0,3rd quarter,9:18.0,Metta World,CHI,False,2-pointer,0,46-47,'CHI',trails
42,42,42,200201170ATL,24.0,5.0,3rd quarter,9:15.0,Marcus Fizer,CHI,True,2-pointer,0,48-47,'CHI',leads
43,43,43,200201170ATL,24.0,5.0,3rd quarter,8:22.0,Metta World,CHI,True,2-pointer,0,51-49,'CHI',leads
44,44,44,200201170ATL,47.3,13.2,3rd quarter,7:54.0,Metta World,CHI,False,3-pointer,25,51-50,'CHI',leads
45,45,45,200201170ATL,24.0,5.0,3rd quarter,7:35.0,Ron Mercer,CHI,True,2-pointer,0,53-50,'CHI',leads
46,46,46,200201170ATL,6.4,7.1,3rd quarter,6:49.0,Ron Mercer,CHI,True,2-pointer,18,55-51,'CHI',leads
47,47,47,200201170ATL,20.1,9.5,3rd quarter,6:39.0,Greg Anthony,CHI,False,2-pointer,6,55-51,'CHI',leads
48,48,48,200201170ATL,12.1,11.1,3rd quarter,6:18.0,Marcus Fizer,CHI,False,2-pointer,13,55-53,'CHI',leads
49,49,49,200201170ATL,7.8,20.0,3rd quarter,4:22.0,Metta World,CHI,True,2-pointer,22,59-60,'CHI',trails
50,50,50,200201170ATL,39.9,5.0,3rd quarter,3:47.0,Eddie Robinson,CHI,False,2-pointer,16,59-60,'CHI',trails
51,51,51,200201170ATL,18.0,29.9,3rd quarter,3:12.0,Greg Anthony,CHI,False,3-pointer,26,59-62,'CHI',trails
52,52,52,200201170ATL,9.3,21.5,3rd quarter,2:59.0,Ron Mercer,CHI,False,2-pointer,22,59-62,'CHI',trails
53,53,53,200201170ATL,2.6,18.7,3rd quarter,2:33.0,Greg Anthony,CHI,True,3-pointer,25,62-62,'CHI',tied
54,54,54,200201170ATL,24.0,5.0,3rd quarter,2:03.0,Eddie Robinson,CHI,True,2-pointer,0,64-62,'CHI',leads
55,55,55,200201170ATL,35.5,9.9,3rd quarter,1:22.0,Brad Miller,CHI,True,2-pointer,13,66-62,'CHI',leads
56,56,56,200201170ATL,24.0,5.0,3rd quarter,0:49.7,Eddie Robinson,CHI,False,2-pointer,0,66-62,'CHI',leads
57,57,57,200201170ATL,24.0,5.0,3rd quarter,0:48.9,Eddie Robinson,CHI,False,2-pointer,0,66-62,'CHI',leads
58,58,58,200201170ATL,24.0,5.0,3rd quarter,0:48.6,Tyson Chandler,CHI,True,2-pointer,0,68-62,'CHI',leads
59,59,59,200201170ATL,23.0,29.9,3rd quarter,0:00.1,Ron Mercer,CHI,False,3-pointer,25,68-65,'CHI',leads
60,60,60,200201170ATL,9.3,4.2,4th quarter,11:45.0,Fred Hoiberg,CHI,False,2-pointer,15,68-65,'CHI',leads
61,61,61,200201170ATL,24.0,5.0,4th quarter,11:42.0,Eddy Curry,CHI,True,2-pointer,0,70-65,'CHI',leads
62,62,62,200201170ATL,35.5,5.4,4th quarter,10:56.0,Fred Hoiberg,CHI,True,2-pointer,12,72-65,'CHI',leads
63,63,63,200201170ATL,45.8,17.2,4th quarter,10:20.0,Fred Hoiberg,CHI,False,3-pointer,25,72-67,'CHI',leads
64,64,64,200201170ATL,7.0,10.5,4th quarter,10:12.0,Eddie Robinson,CHI,True,2-pointer,18,74-67,'CHI',leads
65,65,65,200201170ATL,28.1,12.2,4th quarter,9:41.0,Kevin Ollie,CHI,False,2-pointer,8,74-70,'CHI',leads
66,66,66,200201170ATL,39.0,11.1,4th quarter,9:13.0,Eddy Curry,CHI,False,2-pointer,16,74-72,'CHI',leads
67,67,67,200201170ATL,24.0,5.0,4th quarter,9:10.0,Eddie Robinson,CHI,True,2-pointer,0,76-72,'CHI',leads
68,68,68,200201170ATL,18.8,10.5,4th quarter,8:38.0,Eddy Curry,CHI,False,2-pointer,8,76-75,'CHI',leads
69,69,69,200201170ATL,28.1,7.1,4th quarter,8:06.0,Marcus Fizer,CHI,False,2-pointer,5,76-77,'CHI',trails
70,70,70,200201170ATL,31.7,5.0,4th quarter,7:30.0,Marcus Fizer,CHI,False,2-pointer,8,76-80,'CHI',trails
71,71,71,200201170ATL,36.9,9.5,4th quarter,7:25.0,Ron Mercer,CHI,False,2-pointer,14,76-80,'CHI',trails
72,72,72,200201170ATL,14.4,20.4,4th quarter,5:27.0,Ron Mercer,CHI,True,2-pointer,18,80-82,'CHI',trails
73,73,73,200201170ATL,31.7,28.8,4th quarter,4:45.0,Greg Anthony,CHI,False,3-pointer,25,80-85,'CHI',trails
74,74,74,200201170ATL,22.4,8.8,4th quarter,4:10.0,Marcus Fizer,CHI,True,2-pointer,4,82-87,'CHI',trails
75,75,75,200201170ATL,24.0,5.0,4th quarter,3:08.0,Metta World,CHI,True,2-pointer,0,85-87,'CHI',trails
76,76,76,200201170ATL,28.7,6.1,4th quarter,2:29.0,Marcus Fizer,CHI,True,2-pointer,5,87-89,'CHI',trails
77,77,77,200201170ATL,25.8,29.9,4th quarter,2:00.0,Metta World,CHI,False,3-pointer,25,87-89,'CHI',trails
78,78,78,200201170ATL,24.0,5.0,4th quarter,1:42.0,Metta World,CHI,True,2-pointer,0,89-89,'CHI',tied
79,79,79,200201170ATL,36.3,15.6,4th quarter,0:37.3,Ron Mercer,CHI,True,2-pointer,16,92-91,'CHI',leads
80,80,80,200201170ATL,39.0,12.2,1st quarter,11:22.0,Shareef Abdur-Rahim,ATL,True,2-pointer,17,2-1,'CHI',leads
81,81,81,200201170ATL,30.2,6.1,1st quarter,10:47.0,DerMarr Johnson,ATL,False,2-pointer,6,2-1,'CHI',leads
82,82,82,200201170ATL,15.8,7.1,1st quarter,10:23.0,Jason Terry,ATL,False,2-pointer,8,2-1,'CHI',leads
83,83,83,200201170ATL,11.4,28.2,1st quarter,9:43.0,Jason Terry,ATL,False,3-pointer,26,2-3,'CHI',trails
84,84,84,200201170ATL,17.3,8.8,1st quarter,9:15.0,Nazr Mohammed,ATL,True,2-pointer,8,4-3,'CHI',leads
85,85,85,200201170ATL,36.9,8.8,1st quarter,8:33.0,Shareef Abdur-Rahim,ATL,False,2-pointer,13,4-5,'CHI',trails
86,86,86,200201170ATL,24.0,5.0,1st quarter,7:47.0,Nazr Mohammed,ATL,True,2-pointer,0,6-5,'CHI',leads
87,87,87,200201170ATL,11.4,17.7,1st quarter,7:29.0,Jason Terry,ATL,True,2-pointer,18,8-5,'CHI',leads
88,88,88,200201170ATL,24.0,5.0,1st quarter,6:43.0,Shareef Abdur-Rahim,ATL,False,2-pointer,0,8-7,'CHI',leads
89,89,89,200201170ATL,24.0,5.0,1st quarter,6:41.0,Nazr Mohammed,ATL,False,2-pointer,0,8-7,'CHI',leads
90,90,90,200201170ATL,24.0,5.0,1st quarter,6:39.0,Shareef Abdur-Rahim,ATL,False,2-pointer,0,8-7,'CHI',leads
91,91,91,200201170ATL,39.0,5.4,1st quarter,5:53.0,Mark Strickland,ATL,False,2-pointer,15,8-9,'CHI',trails
92,92,92,200201170ATL,23.9,24.4,1st quarter,5:29.0,Shareef Abdur-Rahim,ATL,True,2-pointer,19,10-11,'CHI',trails
93,93,93,200201170ATL,20.1,8.4,1st quarter,4:51.0,Shareef Abdur-Rahim,ATL,False,2-pointer,5,10-11,'CHI',trails
94,94,94,200201170ATL,13.5,7.8,1st quarter,4:45.0,Nazr Mohammed,ATL,False,2-pointer,11,10-11,'CHI',trails
95,95,95,200201170ATL,24.0,5.0,1st quarter,4:42.0,Mark Strickland,ATL,False,2-pointer,0,10-11,'CHI',trails
96,96,96,200201170ATL,24.0,5.0,1st quarter,4:40.0,Shareef Abdur-Rahim,ATL,False,2-pointer,0,10-11,'CHI',trails
97,97,97,200201170ATL,9.3,25.9,1st quarter,4:36.0,Jason Terry,ATL,False,3-pointer,26,10-11,'CHI',trails
98,98,98,200201170ATL,24.0,5.0,1st quarter,4:21.0,Nazr Mohammed,ATL,True,2-pointer,0,12-11,'CHI',leads
99,99,99,200201170ATL,23.0,10.5,1st quarter,3:40.0,Shareef Abdur-Rahim,ATL,True,2-pointer,6,14-13,'CHI',leads
100,100,100,200201170ATL,24.0,5.0,1st quarter,3:10.0,Jason Terry,ATL,True,2-pointer,0,16-15,'CHI',leads
101,101,101,200201170ATL,24.0,5.0,1st quarter,2:41.0,Mark Strickland,ATL,True,2-pointer,0,19-15,'CHI',leads
102,102,102,200201170ATL,23.0,12.8,1st quarter,2:08.0,DerMarr Johnson,ATL,False,2-pointer,8,19-15,'CHI',leads
103,103,103,200201170ATL,24.0,5.0,1st quarter,2:07.0,Mark Strickland,ATL,False,2-pointer,0,19-15,'CHI',leads
104,104,104,200201170ATL,24.0,5.0,1st quarter,2:06.0,Nazr Mohammed,ATL,True,2-pointer,0,21-15,'CHI',leads
105,105,105,200201170ATL,12.1,18.3,1st quarter,1:09.0,Shareef Abdur-Rahim,ATL,True,2-pointer,18,25-17,'CHI',leads
106,106,106,200201170ATL,12.1,5.4,1st quarter,0:32.9,Shareef Abdur-Rahim,ATL,False,2-pointer,12,25-19,'CHI',leads
107,107,107,200201170ATL,24.0,5.0,2nd quarter,11:11.0,Dion Glover,ATL,True,2-pointer,0,29-23,'CHI',leads
108,108,108,200201170ATL,24.0,5.0,2nd quarter,10:30.0,Dion Glover,ATL,True,2-pointer,0,31-23,'CHI',leads
109,109,109,200201170ATL,9.3,14.3,2nd quarter,9:51.0,Jacque Vaughn,ATL,True,2-pointer,17,33-25,'CHI',leads
110,110,110,200201170ATL,45.0,19.4,2nd quarter,8:57.0,Dion Glover,ATL,False,3-pointer,25,33-27,'CHI',leads
111,111,111,200201170ATL,23.0,9.9,2nd quarter,8:19.0,Jacque Vaughn,ATL,False,2-pointer,5,33-29,'CHI',leads
112,112,112,200201170ATL,24.0,5.0,2nd quarter,7:55.0,Shareef Abdur-Rahim,ATL,True,2-pointer,0,35-29,'CHI',leads
113,113,113,200201170ATL,24.0,5.0,2nd quarter,7:10.0,Jacque Vaughn,ATL,True,2-pointer,0,37-31,'CHI',leads
114,114,114,200201170ATL,24.0,5.0,2nd quarter,4:16.0,Mark Strickland,ATL,False,2-pointer,0,39-40,'CHI',trails
115,115,115,200201170ATL,47.3,13.2,2nd quarter,3:38.0,Dion Glover,ATL,False,3-pointer,25,39-40,'CHI',trails
116,116,116,200201170ATL,15.8,6.1,2nd quarter,3:30.0,Mark Strickland,ATL,True,2-pointer,8,41-40,'CHI',leads
117,117,117,200201170ATL,8.5,5.4,2nd quarter,3:21.0,Jason Terry,ATL,True,2-pointer,16,44-40,'CHI',leads
118,118,118,200201170ATL,24.0,5.0,2nd quarter,2:44.0,DerMarr Johnson,ATL,False,2-pointer,0,44-40,'CHI',leads
119,119,119,200201170ATL,24.0,5.0,2nd quarter,2:21.0,Leon Smith,ATL,False,2-pointer,0,44-40,'CHI',leads
120,120,120,200201170ATL,24.0,5.0,2nd quarter,2:18.0,Leon Smith,ATL,False,2-pointer,0,44-40,'CHI',leads
121,121,121,200201170ATL,40.5,11.1,2nd quarter,1:53.0,Mark Strickland,ATL,False,2-pointer,18,44-40,'CHI',leads
122,122,122,200201170ATL,36.9,27.8,2nd quarter,1:12.0,Jason Terry,ATL,False,3-pointer,26,44-41,'CHI',leads
123,123,123,200201170ATL,45.0,18.7,2nd quarter,0:44.1,DerMarr Johnson,ATL,True,3-pointer,25,47-44,'CHI',leads
124,124,124,200201170ATL,0.2,4.6,2nd quarter,0:01.1,Shareef Abdur-Rahim,ATL,False,3-pointer,24,47-44,'CHI',leads
125,125,125,200201170ATL,31.0,7.1,3rd quarter,11:43.0,Nazr Mohammed,ATL,False,2-pointer,7,47-44,'CHI',leads
126,126,126,200201170ATL,32.5,6.1,3rd quarter,11:10.0,Shareef Abdur-Rahim,ATL,False,2-pointer,9,47-44,'CHI',leads
127,127,127,200201170ATL,24.0,5.0,3rd quarter,10:19.0,Nazr Mohammed,ATL,False,2-pointer,0,47-44,'CHI',leads
128,128,128,200201170ATL,18.0,21.0,3rd quarter,9:25.0,Shareef Abdur-Rahim,ATL,False,2-pointer,17,47-46,'CHI',leads
129,129,129,200201170ATL,24.0,5.0,3rd quarter,8:43.0,Shareef Abdur-Rahim,ATL,True,2-pointer,0,49-49,'CHI',tied
130,130,130,200201170ATL,47.3,4.6,3rd quarter,7:45.0,DerMarr Johnson,ATL,False,3-pointer,23,50-51,'CHI',trails
131,131,131,200201170ATL,23.0,28.2,3rd quarter,7:08.0,Jason Terry,ATL,False,2-pointer,23,50-53,'CHI',trails
132,132,132,200201170ATL,24.0,5.0,3rd quarter,6:29.0,Shareef Abdur-Rahim,ATL,True,2-pointer,0,53-55,'CHI',trails
133,133,133,200201170ATL,25.1,31.6,3rd quarter,6:03.0,Jason Terry,ATL,True,3-pointer,27,56-55,'CHI',leads
134,134,134,200201170ATL,26.6,7.8,3rd quarter,5:37.0,Nazr Mohammed,ATL,True,2-pointer,4,58-57,'CHI',leads
135,135,135,200201170ATL,42.0,24.4,3rd quarter,4:54.0,Jason Terry,ATL,False,3-pointer,26,58-57,'CHI',leads
136,136,136,200201170ATL,24.0,5.0,3rd quarter,4:39.0,Shareef Abdur-Rahim,ATL,True,2-pointer,0,60-57,'CHI',leads
137,137,137,200201170ATL,36.3,27.2,3rd quarter,3:56.0,DerMarr Johnson,ATL,False,3-pointer,25,60-59,'CHI',leads
138,138,138,200201170ATL,24.0,5.0,3rd quarter,3:33.0,Nazr Mohammed,ATL,False,2-pointer,0,60-59,'CHI',leads
139,139,139,200201170ATL,24.0,5.0,3rd quarter,3:32.0,Shareef Abdur-Rahim,ATL,False,2-pointer,0,60-59,'CHI',leads
140,140,140,200201170ATL,24.0,5.0,3rd quarter,3:29.0,Nazr Mohammed,ATL,True,2-pointer,0,62-59,'CHI',leads
141,141,141,200201170ATL,24.0,5.0,3rd quarter,3:03.0,DerMarr Johnson,ATL,False,2-pointer,0,62-59,'CHI',leads
142,142,142,200201170ATL,1.1,9.5,3rd quarter,2:48.0,Jason Terry,ATL,False,3-pointer,23,62-59,'CHI',leads
143,143,143,200201170ATL,20.1,8.4,3rd quarter,2:11.0,Shareef Abdur-Rahim,ATL,False,2-pointer,5,62-62,'CHI',tied
144,144,144,200201170ATL,2.6,19.4,3rd quarter,1:07.0,DerMarr Johnson,ATL,False,3-pointer,26,62-66,'CHI',trails
145,145,145,200201170ATL,2.6,20.0,3rd quarter,0:25.7,Jason Terry,ATL,True,3-pointer,26,65-68,'CHI',trails
146,146,146,200201170ATL,0.2,6.1,4th quarter,11:21.0,Jason Terry,ATL,False,3-pointer,24,65-70,'CHI',trails
147,147,147,200201170ATL,24.0,5.0,4th quarter,10:37.0,Dion Glover,ATL,True,2-pointer,0,67-72,'CHI',trails
148,148,148,200201170ATL,0.2,5.4,4th quarter,9:57.0,Jacque Vaughn,ATL,True,3-pointer,24,70-74,'CHI',trails
149,149,149,200201170ATL,0.2,5.0,4th quarter,9:01.0,Jason Terry,ATL,True,3-pointer,24,75-76,'CHI',trails
150,150,150,200201170ATL,47.9,4.6,4th quarter,7:56.0,Jason Terry,ATL,True,3-pointer,24,80-76,'CHI',leads
151,151,151,200201170ATL,24.0,5.0,4th quarter,6:42.0,Nazr Mohammed,ATL,False,2-pointer,0,80-78,'CHI',leads
152,152,152,200201170ATL,36.3,5.4,4th quarter,5:48.0,Shareef Abdur-Rahim,ATL,True,2-pointer,12,82-78,'CHI',leads
153,153,153,200201170ATL,1.1,5.0,4th quarter,5:08.0,Jason Terry,ATL,True,3-pointer,23,85-80,'CHI',leads
154,154,154,200201170ATL,27.2,10.5,4th quarter,4:34.0,Jason Terry,ATL,True,2-pointer,6,87-80,'CHI',leads
155,155,155,200201170ATL,31.7,7.1,4th quarter,3:40.0,Dion Glover,ATL,False,2-pointer,8,87-82,'CHI',leads
156,156,156,200201170ATL,23.0,8.4,4th quarter,2:46.0,Shareef Abdur-Rahim,ATL,True,2-pointer,4,89-85,'CHI',leads
157,157,157,200201170ATL,20.9,21.0,4th quarter,1:26.0,Dion Glover,ATL,False,2-pointer,16,89-90,'CHI',trails
158,158,158,200201170ATL,24.0,5.0,4th quarter,0:51.1,Jacque Vaughn,ATL,True,2-pointer,0,91-90,'CHI',leads
159,159,159,200201170ATL,11.4,5.0,4th quarter,0:17.5,Shareef Abdur-Rahim,ATL,False,2-pointer,13,91-92,'CHI',trails
160,160,160,200201170ATL,43.5,23.8,4th quarter,0:05.7,Jason Terry,ATL,False,3-pointer,27,91-94,'CHI',trails
161,161,161,200201170ATL,34.8,30.9,4th quarter,0:00.3,Dion Glover,ATL,False,3-pointer,28,91-94,'CHI',trails
162,162,162,200201170CHH,15.4,8.6,1st quarter,11:13.0,Dikembe Mutombo,PHI,False,2-pointer,9,0-2,'CHH',trails
163,163,163,200201170CHH,27.2,13.0,1st quarter,11:08.0,Matt Harpring,PHI,True,2-pointer,9,2-2,'CHH',tied
164,164,164,200201170CHH,20.5,13.0,1st quarter,10:34.0,Eric Snow,PHI,False,2-pointer,9,2-4,'CHH',trails
165,165,165,200201170CHH,34.8,15.8,1st quarter,9:59.0,Eric Snow,PHI,False,2-pointer,15,2-6,'CHH',trails
166,166,166,200201170CHH,6.4,13.7,1st quarter,9:38.0,Allen Iverson,PHI,True,2-pointer,20,4-6,'CHH',trails
167,167,167,200201170CHH,4.9,14.7,1st quarter,9:11.0,Allen Iverson,PHI,True,2-pointer,21,6-8,'CHH',trails
168,168,168,200201170CHH,39.3,16.4,1st quarter,8:47.0,Allen Iverson,PHI,False,2-pointer,19,6-10,'CHH',trails
169,169,169,200201170CHH,24.0,5.0,1st quarter,8:10.0,Matt Harpring,PHI,True,2-pointer,0,8-12,'CHH',trails
170,170,170,200201170CHH,18.4,20.2,1st quarter,7:36.0,Allen Iverson,PHI,True,2-pointer,16,10-14,'CHH',trails
171,171,171,200201170CHH,13.9,19.1,1st quarter,7:12.0,Eric Snow,PHI,True,2-pointer,17,12-14,'CHH',trails
172,172,172,200201170CHH,6.4,12.6,1st quarter,5:53.0,Allen Iverson,PHI,True,2-pointer,19,14-16,'CHH',trails
173,173,173,200201170CHH,24.0,5.0,1st quarter,5:15.0,Allen Iverson,PHI,False,2-pointer,0,14-16,'CHH',trails
174,174,174,200201170CHH,8.5,6.5,1st quarter,5:08.0,Dikembe Mutombo,PHI,False,2-pointer,16,14-16,'CHH',trails
175,175,175,200201170CHH,7.0,6.9,1st quarter,5:03.0,Corie Blount,PHI,True,2-pointer,17,16-16,'CHH',tied
176,176,176,200201170CHH,36.9,17.5,1st quarter,3:26.0,Allen Iverson,PHI,True,2-pointer,18,18-21,'CHH',trails
177,177,177,200201170CHH,24.0,5.0,1st quarter,3:01.0,Eric Snow,PHI,False,2-pointer,0,18-23,'CHH',trails
178,178,178,200201170CHH,29.4,9.7,1st quarter,2:49.0,Matt Harpring,PHI,False,2-pointer,7,18-23,'CHH',trails
179,179,179,200201170CHH,14.6,7.6,1st quarter,2:14.0,Samuel Dalembert,PHI,True,2-pointer,10,20-25,'CHH',trails
180,180,180,200201170CHH,24.0,5.0,1st quarter,1:34.0,Aaron McKie,PHI,True,2-pointer,0,22-27,'CHH',trails
181,181,181,200201170CHH,42.0,7.6,1st quarter,0:49.4,Allen Iverson,PHI,False,2-pointer,18,22-29,'CHH',trails
182,182,182,200201170CHH,24.0,5.0,1st quarter,0:27.2,Speedy Claxton,PHI,False,2-pointer,0,22-31,'CHH',trails
183,183,183,200201170CHH,24.0,5.0,1st quarter,0:00.4,Allen Iverson,PHI,True,2-pointer,0,24-31,'CHH',trails
184,184,184,200201170CHH,18.4,13.7,2nd quarter,11:13.0,Dikembe Mutombo,PHI,False,2-pointer,10,25-31,'CHH',trails
185,185,185,200201170CHH,40.7,10.7,2nd quarter,11:03.0,Speedy Claxton,PHI,True,2-pointer,18,27-31,'CHH',trails
186,186,186,200201170CHH,4.0,22.3,2nd quarter,9:45.0,Aaron McKie,PHI,True,3-pointer,26,30-33,'CHH',trails
187,187,187,200201170CHH,24.0,5.0,2nd quarter,9:21.0,Allen Iverson,PHI,True,2-pointer,0,32-33,'CHH',trails
188,188,188,200201170CHH,24.0,5.0,2nd quarter,8:52.0,Speedy Claxton,PHI,True,2-pointer,0,34-33,'CHH',leads
189,189,189,200201170CHH,24.0,5.0,2nd quarter,7:59.0,Speedy Claxton,PHI,False,2-pointer,0,34-35,'CHH',trails
190,190,190,200201170CHH,24.0,5.0,2nd quarter,7:27.0,Derrick McKey,PHI,True,2-pointer,0,36-37,'CHH',trails
191,191,191,200201170CHH,28.7,11.3,2nd quarter,6:56.0,Allen Iverson,PHI,False,2-pointer,8,36-40,'CHH',trails
192,192,192,200201170CHH,24.0,5.0,2nd quarter,6:53.0,Dikembe Mutombo,PHI,True,2-pointer,0,38-40,'CHH',trails
193,193,193,200201170CHH,24.0,5.0,2nd quarter,6:29.0,Allen Iverson,PHI,True,2-pointer,0,40-40,'CHH',tied
194,194,194,200201170CHH,24.0,5.0,2nd quarter,5:40.0,Matt Harpring,PHI,True,2-pointer,0,44-40,'CHH',leads
195,195,195,200201170CHH,39.3,7.6,2nd quarter,3:56.0,Allen Iverson,PHI,False,2-pointer,16,45-43,'CHH',leads
196,196,196,200201170CHH,9.1,12.6,2nd quarter,2:49.0,Allen Iverson,PHI,False,2-pointer,17,45-47,'CHH',trails
197,197,197,200201170CHH,0.7,8.0,2nd quarter,1:17.0,Aaron McKie,PHI,True,3-pointer,23,50-49,'CHH',leads
198,198,198,200201170CHH,34.2,20.2,2nd quarter,0:38.8,Allen Iverson,PHI,False,2-pointer,18,50-51,'CHH',trails
199,199,199,200201170CHH,11.8,5.9,2nd quarter,0:32.2,Aaron McKie,PHI,True,2-pointer,12,52-51,'CHH',leads
200,200,200,200201170CHH,29.4,11.3,2nd quarter,0:12.4,Samuel Dalembert,PHI,False,2-pointer,8,52-51,'CHH',leads
201,201,201,200201170CHH,24.0,5.0,2nd quarter,0:02.1,Allen Iverson,PHI,True,2-pointer,0,54-51,'CHH',leads
202,202,202,200201170CHH,35.7,20.8,3rd quarter,11:37.0,Eric Snow,PHI,False,2-pointer,20,54-52,'CHH',leads
203,203,203,200201170CHH,24.0,5.0,3rd quarter,11:30.0,Matt Harpring,PHI,True,2-pointer,0,56-52,'CHH',leads
204,204,204,200201170CHH,24.0,5.0,3rd quarter,8:44.0,Allen Iverson,PHI,False,2-pointer,0,56-54,'CHH',leads
205,205,205,200201170CHH,17.5,13.7,3rd quarter,8:17.0,Allen Iverson,PHI,False,2-pointer,11,56-54,'CHH',leads
206,206,206,200201170CHH,14.6,22.3,3rd quarter,7:45.0,Allen Iverson,PHI,False,2-pointer,20,56-54,'CHH',leads
207,207,207,200201170CHH,41.4,23.6,3rd quarter,7:19.0,Allen Iverson,PHI,True,3-pointer,25,59-54,'CHH',leads
208,208,208,200201170CHH,44.7,21.3,3rd quarter,6:36.0,Allen Iverson,PHI,False,3-pointer,26,59-56,'CHH',leads
209,209,209,200201170CHH,24.0,5.0,3rd quarter,6:33.0,Matt Harpring,PHI,False,2-pointer,0,59-56,'CHH',leads
210,210,210,200201170CHH,43.5,14.1,3rd quarter,5:56.0,Aaron McKie,PHI,True,2-pointer,22,61-58,'CHH',leads
211,211,211,200201170CHH,9.7,27.4,3rd quarter,5:15.0,Allen Iverson,PHI,False,3-pointer,27,61-60,'CHH',leads
212,212,212,200201170CHH,46.8,6.5,3rd quarter,4:09.0,Aaron McKie,PHI,False,3-pointer,23,63-65,'CHH',trails
213,213,213,200201170CHH,24.0,5.0,3rd quarter,2:45.0,Allen Iverson,PHI,False,2-pointer,0,67-65,'CHH',leads
214,214,214,200201170CHH,24.0,5.0,3rd quarter,2:20.0,Speedy Claxton,PHI,False,2-pointer,0,67-65,'CHH',leads
215,215,215,200201170CHH,13.9,14.1,3rd quarter,1:46.0,Aaron McKie,PHI,True,2-pointer,14,69-65,'CHH',leads
216,216,216,200201170CHH,37.8,19.8,3rd quarter,1:24.0,Allen Iverson,PHI,True,2-pointer,20,71-65,'CHH',leads
217,217,217,200201170CHH,40.7,15.8,3rd quarter,0:46.6,Allen Iverson,PHI,True,2-pointer,20,73-67,'CHH',leads
218,218,218,200201170CHH,31.5,13.7,3rd quarter,0:23.2,Allen Iverson,PHI,False,2-pointer,11,73-69,'CHH',leads
219,219,219,200201170CHH,24.0,5.0,3rd quarter,0:15.4,Allen Iverson,PHI,False,2-pointer,0,73-69,'CHH',leads
220,220,220,200201170CHH,24.0,5.0,3rd quarter,0:12.2,Samuel Dalembert,PHI,False,2-pointer,0,73-69,'CHH',leads
221,221,221,200201170CHH,27.2,23.6,3rd quarter,0:01.0,Allen Iverson,PHI,False,2-pointer,19,73-71,'CHH',leads
222,222,222,200201170CHH,23.2,16.8,4th quarter,11:23.0,Allen Iverson,PHI,False,2-pointer,12,74-73,'CHH',leads
223,223,223,200201170CHH,24.0,5.0,4th quarter,11:10.0,Allen Iverson,PHI,True,2-pointer,0,76-73,'CHH',leads
224,224,224,200201170CHH,36.9,28.0,4th quarter,10:31.0,Allen Iverson,PHI,False,3-pointer,26,76-73,'CHH',leads
225,225,225,200201170CHH,4.9,24.6,4th quarter,9:54.0,Aaron McKie,PHI,False,3-pointer,27,76-76,'CHH',tied
226,226,226,200201170CHH,23.2,10.7,4th quarter,9:39.0,Derrick McKey,PHI,False,2-pointer,6,76-76,'CHH',tied
227,227,227,200201170CHH,39.3,16.4,4th quarter,9:05.0,Aaron McKie,PHI,True,2-pointer,19,78-76,'CHH',leads
228,228,228,200201170CHH,24.0,5.0,4th quarter,8:25.0,Allen Iverson,PHI,False,2-pointer,0,78-76,'CHH',leads
229,229,229,200201170CHH,24.0,5.0,4th quarter,8:23.0,Dikembe Mutombo,PHI,False,2-pointer,0,78-76,'CHH',leads
230,230,230,200201170CHH,24.0,5.0,4th quarter,7:20.0,Dikembe Mutombo,PHI,True,2-pointer,0,80-78,'CHH',leads
231,231,231,200201170CHH,8.5,25.0,4th quarter,6:04.0,Allen Iverson,PHI,False,3-pointer,25,81-82,'CHH',trails
232,232,232,200201170CHH,24.0,5.0,4th quarter,5:44.0,Speedy Claxton,PHI,False,2-pointer,0,81-82,'CHH',trails
233,233,233,200201170CHH,9.1,6.9,4th quarter,5:37.0,Speedy Claxton,PHI,False,2-pointer,15,81-82,'CHH',trails
234,234,234,200201170CHH,24.0,5.0,4th quarter,5:08.0,Eric Snow,PHI,True,2-pointer,0,83-82,'CHH',leads
235,235,235,200201170CHH,13.3,14.7,4th quarter,4:20.0,Aaron McKie,PHI,False,2-pointer,14,84-84,'CHH',tied
236,236,236,200201170CHH,22.4,22.3,4th quarter,4:14.0,Allen Iverson,PHI,False,2-pointer,17,84-84,'CHH',tied
237,237,237,200201170CHH,19.0,10.7,4th quarter,3:40.0,Eric Snow,PHI,False,2-pointer,8,84-86,'CHH',trails
238,238,238,200201170CHH,24.0,5.0,4th quarter,3:14.0,Eric Snow,PHI,False,2-pointer,0,84-86,'CHH',trails
239,239,239,200201170CHH,17.5,9.2,4th quarter,2:59.0,Aaron McKie,PHI,False,2-pointer,8,84-86,'CHH',trails
240,240,240,200201170CHH,24.0,5.0,4th quarter,2:56.0,Corie Blount,PHI,True,2-pointer,0,86-86,'CHH',tied
241,241,241,200201170CHH,6.4,6.9,4th quarter,1:24.0,Aaron McKie,PHI,True,2-pointer,18,89-88,'CHH',leads
242,242,242,200201170CHH,24.0,5.0,4th quarter,1:02.0,Eric Snow,PHI,True,2-pointer,0,91-88,'CHH',leads
243,243,243,200201170CHH,16.1,24.6,1st quarter,11:39.0,David Wesley,CHH,True,2-pointer,21,2-0,'CHH',leads
244,244,244,200201170CHH,14.6,21.9,1st quarter,10:53.0,David Wesley,CHH,True,2-pointer,19,4-2,'CHH',leads
245,245,245,200201170CHH,38.4,6.5,1st quarter,10:25.0,Lee Nailon,CHH,True,2-pointer,14,6-2,'CHH',leads
246,246,246,200201170CHH,7.8,27.4,1st quarter,9:49.0,Baron Davis,CHH,False,3-pointer,28,6-2,'CHH',leads
247,247,247,200201170CHH,38.4,6.5,1st quarter,9:26.0,Lee Nailon,CHH,True,2-pointer,14,8-4,'CHH',leads
248,248,248,200201170CHH,29.4,17.5,1st quarter,9:00.0,P.J. Brown,CHH,True,2-pointer,14,10-6,'CHH',leads
249,249,249,200201170CHH,39.3,14.1,1st quarter,8:30.0,Elden Campbell,CHH,True,2-pointer,18,12-6,'CHH',leads
250,250,250,200201170CHH,24.0,5.0,1st quarter,7:53.0,Elden Campbell,CHH,True,2-pointer,0,14-8,'CHH',leads
251,251,251,200201170CHH,39.9,17.5,1st quarter,7:24.0,David Wesley,CHH,False,2-pointer,20,14-10,'CHH',leads
252,252,252,200201170CHH,39.3,25.7,1st quarter,6:54.0,Baron Davis,CHH,False,3-pointer,26,14-12,'CHH',leads
253,253,253,200201170CHH,37.8,6.9,1st quarter,6:25.0,Lee Nailon,CHH,False,2-pointer,14,14-12,'CHH',leads
254,254,254,200201170CHH,24.0,5.0,1st quarter,6:16.0,Elden Campbell,CHH,False,2-pointer,0,14-12,'CHH',leads
255,255,255,200201170CHH,9.1,6.5,1st quarter,6:09.0,Lee Nailon,CHH,True,2-pointer,15,16-12,'CHH',leads
256,256,256,200201170CHH,39.9,11.3,1st quarter,5:35.0,David Wesley,CHH,False,2-pointer,17,16-14,'CHH',leads
257,257,257,200201170CHH,19.6,9.2,1st quarter,5:28.0,Lee Nailon,CHH,False,2-pointer,6,16-14,'CHH',leads
258,258,258,200201170CHH,13.3,24.0,1st quarter,4:09.0,David Wesley,CHH,True,2-pointer,22,19-16,'CHH',leads
259,259,259,200201170CHH,24.0,5.0,1st quarter,3:39.0,Baron Davis,CHH,True,2-pointer,0,21-16,'CHH',leads
260,260,260,200201170CHH,24.0,5.0,1st quarter,3:13.0,Jamaal Magloire,CHH,False,2-pointer,0,21-18,'CHH',leads
261,261,261,200201170CHH,24.0,5.0,1st quarter,3:12.0,Jamaal Magloire,CHH,True,2-pointer,0,23-18,'CHH',leads
262,262,262,200201170CHH,39.9,9.2,1st quarter,2:39.0,Lee Nailon,CHH,True,2-pointer,16,25-18,'CHH',leads
263,263,263,200201170CHH,16.9,8.0,1st quarter,1:50.0,Lee Nailon,CHH,True,2-pointer,8,27-20,'CHH',leads
264,264,264,200201170CHH,42.0,6.5,1st quarter,1:13.0,Lee Nailon,CHH,True,2-pointer,18,29-22,'CHH',leads
265,265,265,200201170CHH,28.7,14.1,1st quarter,0:04.3,P.J. Brown,CHH,False,2-pointer,10,31-22,'CHH',leads
266,266,266,200201170CHH,0.7,5.9,2nd quarter,10:37.0,Elden Campbell,CHH,False,3-pointer,23,31-27,'CHH',leads
267,267,267,200201170CHH,24.0,5.0,2nd quarter,10:09.0,Robert Traylor,CHH,False,2-pointer,0,31-27,'CHH',leads
268,268,268,200201170CHH,24.0,5.0,2nd quarter,10:06.0,Elden Campbell,CHH,True,2-pointer,0,33-27,'CHH',leads
269,269,269,200201170CHH,24.0,5.0,2nd quarter,8:58.0,Bryce Drew,CHH,False,2-pointer,0,33-32,'CHH',leads
270,270,270,200201170CHH,31.5,20.8,2nd quarter,8:28.0,Baron Davis,CHH,True,2-pointer,17,35-34,'CHH',leads
271,271,271,200201170CHH,36.9,15.8,2nd quarter,7:41.0,Lee Nailon,CHH,True,2-pointer,17,37-34,'CHH',leads
272,272,272,200201170CHH,24.0,5.0,2nd quarter,7:10.0,David Wesley,CHH,True,2-pointer,0,39-36,'CHH',leads
273,273,273,200201170CHH,7.0,8.6,2nd quarter,6:44.0,David Wesley,CHH,False,2-pointer,17,40-38,'CHH',leads
274,274,274,200201170CHH,25.8,20.8,2nd quarter,6:09.0,Baron Davis,CHH,False,2-pointer,16,40-40,'CHH',tied
275,275,275,200201170CHH,10.6,13.7,2nd quarter,5:52.0,Elden Campbell,CHH,False,2-pointer,16,40-42,'CHH',trails
276,276,276,200201170CHH,24.0,5.0,2nd quarter,5:47.0,Lee Nailon,CHH,False,2-pointer,0,40-42,'CHH',trails
277,277,277,200201170CHH,37.8,15.8,2nd quarter,5:18.0,David Wesley,CHH,False,2-pointer,18,40-44,'CHH',trails
278,278,278,200201170CHH,31.5,7.6,2nd quarter,4:52.0,Elden Campbell,CHH,False,2-pointer,8,40-44,'CHH',trails
279,279,279,200201170CHH,32.9,6.5,2nd quarter,4:14.0,Lee Nailon,CHH,True,2-pointer,9,42-45,'CHH',trails
280,280,280,200201170CHH,24.0,5.0,2nd quarter,3:48.0,Lee Nailon,CHH,True,2-pointer,0,45-45,'CHH',tied
281,281,281,200201170CHH,23.9,25.7,2nd quarter,3:10.0,Lee Nailon,CHH,True,2-pointer,21,47-45,'CHH',leads
282,282,282,200201170CHH,44.1,20.8,2nd quarter,2:37.0,Baron Davis,CHH,False,3-pointer,26,47-45,'CHH',leads
283,283,283,200201170CHH,24.0,5.0,2nd quarter,2:31.0,Jamaal Magloire,CHH,False,2-pointer,0,47-45,'CHH',leads
284,284,284,200201170CHH,15.4,20.2,2nd quarter,2:18.0,David Wesley,CHH,False,2-pointer,17,47-45,'CHH',leads
285,285,285,200201170CHH,13.3,29.1,2nd quarter,1:26.0,Baron Davis,CHH,False,3-pointer,26,49-47,'CHH',leads
286,286,286,200201170CHH,22.4,23.6,2nd quarter,0:59.1,P.J. Brown,CHH,True,2-pointer,19,51-50,'CHH',leads
287,287,287,200201170CHH,11.2,28.0,2nd quarter,0:20.8,David Wesley,CHH,False,3-pointer,26,51-52,'CHH',trails
288,288,288,200201170CHH,12.7,13.7,3rd quarter,10:20.0,Lee Nailon,CHH,False,2-pointer,14,54-56,'CHH',trails
289,289,289,200201170CHH,14.6,21.9,3rd quarter,9:50.0,Baron Davis,CHH,False,2-pointer,19,54-56,'CHH',trails
290,290,290,200201170CHH,32.9,29.5,3rd quarter,9:33.0,Baron Davis,CHH,False,3-pointer,26,54-56,'CHH',trails
291,291,291,200201170CHH,13.3,14.1,3rd quarter,8:58.0,Elden Campbell,CHH,False,2-pointer,14,54-56,'CHH',trails
292,292,292,200201170CHH,24.0,5.0,3rd quarter,8:53.0,P.J. Brown,CHH,False,2-pointer,0,54-56,'CHH',trails
293,293,293,200201170CHH,32.9,29.1,3rd quarter,8:35.0,David Wesley,CHH,False,3-pointer,26,54-56,'CHH',trails
294,294,294,200201170CHH,32.9,24.0,3rd quarter,7:59.0,Baron Davis,CHH,False,2-pointer,21,54-56,'CHH',trails
295,295,295,200201170CHH,24.0,5.0,3rd quarter,6:59.0,P.J. Brown,CHH,True,2-pointer,0,56-59,'CHH',trails
296,296,296,200201170CHH,11.2,6.5,3rd quarter,6:10.0,Elden Campbell,CHH,False,2-pointer,13,56-59,'CHH',trails
297,297,297,200201170CHH,2.8,20.8,3rd quarter,5:05.0,David Wesley,CHH,True,3-pointer,26,63-61,'CHH',leads
298,298,298,200201170CHH,16.1,8.0,3rd quarter,4:26.0,P.J. Brown,CHH,True,2-pointer,8,65-63,'CHH',leads
299,299,299,200201170CHH,27.9,25.7,3rd quarter,3:35.0,David Wesley,CHH,False,2-pointer,21,65-65,'CHH',tied
300,300,300,200201170CHH,21.1,25.0,3rd quarter,3:27.0,Lee Nailon,CHH,False,2-pointer,20,65-65,'CHH',tied
301,301,301,200201170CHH,23.2,10.7,3rd quarter,2:50.0,Jamaal Magloire,CHH,False,2-pointer,6,65-67,'CHH',trails
302,302,302,200201170CHH,34.2,21.3,3rd quarter,1:00.0,Bryce Drew,CHH,True,2-pointer,19,67-71,'CHH',trails
303,303,303,200201170CHH,26.4,21.9,3rd quarter,0:32.8,Bryce Drew,CHH,True,2-pointer,17,69-73,'CHH',trails
304,304,304,200201170CHH,13.9,19.1,3rd quarter,0:09.7,David Wesley,CHH,True,2-pointer,17,71-73,'CHH',trails
305,305,305,200201170CHH,18.4,20.8,4th quarter,11:45.0,Baron Davis,CHH,True,2-pointer,17,73-74,'CHH',trails
306,306,306,200201170CHH,29.4,15.8,4th quarter,10:46.0,Stacey Augmon,CHH,False,2-pointer,12,73-76,'CHH',trails
307,307,307,200201170CHH,18.4,30.1,4th quarter,10:14.0,Baron Davis,CHH,True,3-pointer,26,76-76,'CHH',tied
308,308,308,200201170CHH,11.2,16.4,4th quarter,9:22.0,Baron Davis,CHH,False,2-pointer,17,76-76,'CHH',tied
309,309,309,200201170CHH,20.5,15.8,4th quarter,7:58.0,David Wesley,CHH,False,2-pointer,11,76-78,'CHH',trails
310,310,310,200201170CHH,24.0,5.0,4th quarter,7:41.0,Baron Davis,CHH,False,2-pointer,0,76-78,'CHH',trails
311,311,311,200201170CHH,24.0,5.0,4th quarter,7:38.0,Baron Davis,CHH,True,2-pointer,0,78-78,'CHH',tied
312,312,312,200201170CHH,34.8,20.2,4th quarter,7:00.0,Lee Nailon,CHH,True,2-pointer,19,80-81,'CHH',trails
313,313,313,200201170CHH,24.0,5.0,4th quarter,6:26.0,David Wesley,CHH,True,2-pointer,0,82-81,'CHH',leads
314,314,314,200201170CHH,24.0,5.0,4th quarter,5:55.0,Elden Campbell,CHH,False,2-pointer,0,82-81,'CHH',leads
315,315,315,200201170CHH,24.0,5.0,4th quarter,5:18.0,David Wesley,CHH,False,2-pointer,0,82-81,'CHH',leads
316,316,316,200201170CHH,2.8,20.2,4th quarter,4:48.0,Baron Davis,CHH,False,3-pointer,26,82-84,'CHH',trails
317,317,317,200201170CHH,24.0,5.0,4th quarter,4:45.0,P.J. Brown,CHH,True,2-pointer,0,84-84,'CHH',tied
318,318,318,200201170CHH,15.4,8.6,4th quarter,3:05.0,Lee Nailon,CHH,False,2-pointer,9,86-84,'CHH',leads
319,319,319,200201170CHH,31.5,30.1,4th quarter,2:32.0,Baron Davis,CHH,False,3-pointer,26,86-86,'CHH',tied
320,320,320,200201170CHH,39.3,6.5,4th quarter,1:46.0,Lee Nailon,CHH,True,2-pointer,15,88-87,'CHH',leads
321,321,321,200201170CHH,8.5,6.5,4th quarter,1:07.0,Baron Davis,CHH,False,2-pointer,16,88-89,'CHH',trails
322,322,322,200201170CHH,23.2,31.8,4th quarter,0:48.6,David Wesley,CHH,False,3-pointer,27,88-91,'CHH',trails
323,323,323,200201170CHH,16.1,8.6,4th quarter,0:12.0,Lee Nailon,CHH,False,2-pointer,9,88-91,'CHH',trails
324,324,324,200201170CHH,27.2,30.1,4th quarter,0:06.9,David Wesley,CHH,False,3-pointer,25,88-93,'CHH',trails
325,325,325,200201170MEM,28.3,9.7,1st quarter,11:44.0,Steve Nash,DAL,True,2-pointer,6,2-0,'DAL',leads
326,326,326,200201170MEM,14.2,27.4,1st quarter,11:07.0,Johnny Newman,DAL,True,3-pointer,24,5-0,'DAL',leads
327,327,327,200201170MEM,31.3,19.8,1st quarter,10:16.0,Dirk Nowitzki,DAL,True,2-pointer,17,9-2,'DAL',leads
328,328,328,200201170MEM,14.8,20.2,1st quarter,9:46.0,Juwan Howard,DAL,False,2-pointer,18,9-2,'DAL',leads
329,329,329,200201170MEM,37.8,8.6,1st quarter,9:04.0,Dirk Nowitzki,DAL,False,2-pointer,14,9-5,'DAL',leads
330,330,330,200201170MEM,35.5,7.6,1st quarter,7:32.0,Juwan Howard,DAL,False,2-pointer,12,10-7,'DAL',leads
331,331,331,200201170MEM,32.5,19.1,1st quarter,7:03.0,Adrian Griffin,DAL,False,2-pointer,16,10-9,'DAL',leads
332,332,332,200201170MEM,24.0,5.0,1st quarter,6:29.0,Steve Nash,DAL,True,2-pointer,0,12-11,'DAL',leads
333,333,333,200201170MEM,46.2,5.4,1st quarter,5:57.0,Johnny Newman,DAL,True,3-pointer,22,15-13,'DAL',leads
334,334,334,200201170MEM,23.4,8.4,1st quarter,5:16.0,Juwan Howard,DAL,True,2-pointer,3,17-15,'DAL',leads
335,335,335,200201170MEM,38.0,3.7,1st quarter,4:41.0,Dirk Nowitzki,DAL,False,2-pointer,14,17-15,'DAL',leads
336,336,336,200201170MEM,24.0,5.0,1st quarter,3:46.0,Dirk Nowitzki,DAL,True,2-pointer,0,19-17,'DAL',leads
337,337,337,200201170MEM,24.0,5.0,1st quarter,3:23.0,Dirk Nowitzki,DAL,False,2-pointer,0,19-20,'DAL',trails
338,338,338,200201170MEM,11.2,25.7,1st quarter,3:04.0,Johnny Newman,DAL,True,3-pointer,24,22-20,'DAL',leads
339,339,339,200201170MEM,38.6,8.4,1st quarter,2:28.0,Johnny Newman,DAL,False,2-pointer,15,22-20,'DAL',leads
340,340,340,200201170MEM,24.0,5.0,1st quarter,2:08.0,Dirk Nowitzki,DAL,False,2-pointer,0,22-20,'DAL',leads
341,341,341,200201170MEM,24.0,5.0,1st quarter,2:07.0,Dirk Nowitzki,DAL,True,2-pointer,0,24-20,'DAL',leads
342,342,342,200201170MEM,23.6,30.1,1st quarter,1:34.0,Tim Hardaway,DAL,False,3-pointer,25,24-22,'DAL',leads
343,343,343,200201170MEM,12.1,7.6,1st quarter,0:49.3,Juwan Howard,DAL,True,2-pointer,12,27-25,'DAL',leads
344,344,344,200201170MEM,24.0,5.0,1st quarter,0:31.8,Adrian Griffin,DAL,True,2-pointer,0,29-25,'DAL',leads
345,345,345,200201170MEM,47.1,9.2,1st quarter,0:01.2,Greg Buckner,DAL,False,3-pointer,23,29-27,'DAL',leads
346,346,346,200201170MEM,24.0,5.0,2nd quarter,11:35.0,Greg Buckner,DAL,False,2-pointer,0,29-27,'DAL',leads
347,347,347,200201170MEM,24.0,5.0,2nd quarter,11:28.0,Dirk Nowitzki,DAL,False,2-pointer,0,29-27,'DAL',leads
348,348,348,200201170MEM,10.6,7.6,2nd quarter,10:54.0,Tim Hardaway,DAL,False,2-pointer,14,29-29,'DAL',tied
349,349,349,200201170MEM,-0.2,6.9,2nd quarter,10:49.0,Tim Hardaway,DAL,True,3-pointer,24,32-29,'DAL',leads
350,350,350,200201170MEM,17.7,10.7,2nd quarter,10:12.0,Adrian Griffin,DAL,True,2-pointer,9,34-31,'DAL',leads
351,351,351,200201170MEM,24.0,5.0,2nd quarter,9:23.0,Dirk Nowitzki,DAL,True,2-pointer,0,36-32,'DAL',leads
352,352,352,200201170MEM,16.9,6.9,2nd quarter,8:44.0,Greg Buckner,DAL,True,2-pointer,7,38-32,'DAL',leads
353,353,353,200201170MEM,17.5,24.0,2nd quarter,7:28.0,Juwan Howard,DAL,False,2-pointer,20,38-34,'DAL',leads
354,354,354,200201170MEM,22.2,9.2,2nd quarter,6:46.0,Juwan Howard,DAL,False,2-pointer,5,38-36,'DAL',leads
355,355,355,200201170MEM,24.0,5.0,2nd quarter,6:12.0,Dirk Nowitzki,DAL,True,2-pointer,0,42-38,'DAL',leads
356,356,356,200201170MEM,43.5,20.8,2nd quarter,5:41.0,Wang Zhizhi,DAL,True,3-pointer,25,46-38,'DAL',leads
357,357,357,200201170MEM,31.9,24.0,2nd quarter,5:02.0,Steve Nash,DAL,False,2-pointer,21,46-38,'DAL',leads
358,358,358,200201170MEM,39.5,3.7,2nd quarter,3:57.0,Dirk Nowitzki,DAL,False,2-pointer,16,46-41,'DAL',leads
359,359,359,200201170MEM,-0.2,5.0,2nd quarter,3:53.0,Wang Zhizhi,DAL,True,3-pointer,24,49-41,'DAL',leads
360,360,360,200201170MEM,30.6,23.4,2nd quarter,3:15.0,Tim Hardaway,DAL,False,2-pointer,20,49-43,'DAL',leads
361,361,361,200201170MEM,28.3,10.7,2nd quarter,3:07.0,Juwan Howard,DAL,False,2-pointer,7,49-43,'DAL',leads
362,362,362,200201170MEM,24.0,5.0,2nd quarter,2:42.0,Wang Zhizhi,DAL,True,2-pointer,0,51-43,'DAL',leads
363,363,363,200201170MEM,24.0,5.0,2nd quarter,2:09.0,Wang Zhizhi,DAL,False,2-pointer,0,51-44,'DAL',leads
364,364,364,200201170MEM,24.0,5.0,2nd quarter,1:46.0,Steve Nash,DAL,True,2-pointer,0,53-47,'DAL',leads
365,365,365,200201170MEM,24.0,5.0,2nd quarter,1:20.0,Juwan Howard,DAL,True,2-pointer,0,55-47,'DAL',leads
366,366,366,200201170MEM,33.4,10.7,2nd quarter,0:38.0,Juwan Howard,DAL,False,2-pointer,11,55-47,'DAL',leads
367,367,367,200201170MEM,7.0,16.8,3rd quarter,11:02.0,Steve Nash,DAL,False,2-pointer,21,55-51,'DAL',leads
368,368,368,200201170MEM,24.0,5.0,3rd quarter,10:00.0,Juwan Howard,DAL,False,2-pointer,0,55-53,'DAL',leads
369,369,369,200201170MEM,22.8,19.8,3rd quarter,9:25.0,Dirk Nowitzki,DAL,True,2-pointer,15,57-55,'DAL',leads
370,370,370,200201170MEM,34.0,13.0,3rd quarter,8:41.0,Dirk Nowitzki,DAL,False,2-pointer,13,57-55,'DAL',leads
371,371,371,200201170MEM,24.0,5.0,3rd quarter,8:41.0,Eduardo Nájera,DAL,False,2-pointer,0,57-55,'DAL',leads
372,372,372,200201170MEM,24.0,5.0,3rd quarter,8:09.0,Steve Nash,DAL,True,2-pointer,0,59-55,'DAL',leads
373,373,373,200201170MEM,14.8,9.7,3rd quarter,7:10.0,Adrian Griffin,DAL,False,2-pointer,10,60-55,'DAL',leads
374,374,374,200201170MEM,2.6,18.5,3rd quarter,6:30.0,Johnny Newman,DAL,False,3-pointer,25,60-57,'DAL',leads
375,375,375,200201170MEM,3.4,20.8,3rd quarter,5:48.0,Steve Nash,DAL,False,3-pointer,26,62-59,'DAL',leads
376,376,376,200201170MEM,39.9,7.6,3rd quarter,5:20.0,Eduardo Nájera,DAL,True,2-pointer,16,64-61,'DAL',leads
377,377,377,200201170MEM,19.8,15.1,3rd quarter,4:10.0,Adrian Griffin,DAL,True,2-pointer,11,68-63,'DAL',leads
378,378,378,200201170MEM,24.0,5.0,3rd quarter,3:41.0,Steve Nash,DAL,True,2-pointer,0,70-63,'DAL',leads
379,379,379,200201170MEM,24.0,5.0,3rd quarter,2:54.0,Steve Nash,DAL,True,2-pointer,0,74-64,'DAL',leads
380,380,380,200201170MEM,24.0,5.0,3rd quarter,1:35.0,Dirk Nowitzki,DAL,False,2-pointer,0,75-66,'DAL',leads
381,381,381,200201170MEM,8.5,5.4,3rd quarter,1:03.0,Eduardo Nájera,DAL,False,2-pointer,16,75-68,'DAL',leads
382,382,382,200201170MEM,24.0,5.0,3rd quarter,0:57.3,Dirk Nowitzki,DAL,False,2-pointer,0,75-68,'DAL',leads
383,383,383,200201170MEM,19.0,8.4,3rd quarter,0:51.9,Greg Buckner,DAL,False,2-pointer,6,75-68,'DAL',leads
384,384,384,200201170MEM,40.7,26.3,3rd quarter,0:31.7,Dirk Nowitzki,DAL,True,3-pointer,27,80-68,'DAL',leads
385,385,385,200201170MEM,24.0,5.0,4th quarter,11:49.0,Greg Buckner,DAL,False,2-pointer,0,82-68,'DAL',leads
386,386,386,200201170MEM,17.5,5.9,4th quarter,11:47.0,Greg Buckner,DAL,True,2-pointer,7,84-68,'DAL',leads
387,387,387,200201170MEM,39.3,6.9,4th quarter,10:55.0,Eduardo Nájera,DAL,False,2-pointer,15,84-71,'DAL',leads
388,388,388,200201170MEM,35.5,14.1,4th quarter,10:15.0,Dirk Nowitzki,DAL,False,2-pointer,15,84-73,'DAL',leads
389,389,389,200201170MEM,24.0,5.0,4th quarter,9:51.0,Tim Hardaway,DAL,True,2-pointer,0,86-73,'DAL',leads
390,390,390,200201170MEM,4.0,2.3,4th quarter,8:58.0,Tim Hardaway,DAL,False,2-pointer,20,86-78,'DAL',leads
391,391,391,200201170MEM,9.1,13.7,4th quarter,8:35.0,Steve Nash,DAL,True,2-pointer,17,88-78,'DAL',leads
392,392,392,200201170MEM,24.0,5.0,4th quarter,8:08.0,Eduardo Nájera,DAL,True,2-pointer,0,90-78,'DAL',leads
393,393,393,200201170MEM,24.0,5.0,4th quarter,6:50.0,Dirk Nowitzki,DAL,False,2-pointer,0,90-82,'DAL',leads
394,394,394,200201170MEM,36.9,15.8,4th quarter,6:27.0,Steve Nash,DAL,True,2-pointer,17,92-84,'DAL',leads
395,395,395,200201170MEM,24.7,16.4,4th quarter,5:55.0,Dirk Nowitzki,DAL,True,2-pointer,11,94-87,'DAL',leads
396,396,396,200201170MEM,37.8,5.9,4th quarter,5:06.0,Greg Buckner,DAL,False,2-pointer,14,94-87,'DAL',leads
397,397,397,200201170MEM,24.0,5.0,4th quarter,4:40.0,Adrian Griffin,DAL,True,2-pointer,0,96-87,'DAL',leads
398,398,398,200201170MEM,24.0,5.0,4th quarter,4:20.0,Adrian Griffin,DAL,True,2-pointer,0,98-87,'DAL',leads
399,399,399,200201170MEM,37.8,25.0,4th quarter,3:46.0,Dirk Nowitzki,DAL,True,3-pointer,24,101-89,'DAL',leads
400,400,400,200201170MEM,37.8,25.7,4th quarter,3:01.0,Steve Nash,DAL,False,3-pointer,25,101-91,'DAL',leads
401,401,401,200201170MEM,24.0,5.0,4th quarter,2:33.0,Steve Nash,DAL,False,2-pointer,0,101-93,'DAL',leads
402,402,402,200201170MEM,24.0,5.0,4th quarter,2:29.0,Steve Nash,DAL,False,2-pointer,0,101-93,'DAL',leads
403,403,403,200201170MEM,24.0,5.0,4th quarter,2:26.0,Greg Buckner,DAL,True,2-pointer,0,103-93,'DAL',leads
404,404,404,200201170MEM,3.4,19.8,4th quarter,1:46.0,Tim Hardaway,DAL,False,3-pointer,25,103-93,'DAL',leads
405,405,405,200201170MEM,47.1,8.0,4th quarter,0:59.5,Greg Buckner,DAL,False,3-pointer,23,103-93,'DAL',leads
406,406,406,200201170MEM,24.1,35.2,4th quarter,0:05.8,Tim Hardaway,DAL,True,3-pointer,30,108-97,'DAL',leads
407,407,407,200201170MEM,27.7,10.7,1st quarter,10:27.0,Tony Massenburg,MEM,True,2-pointer,7,2-7,'DAL',trails
408,408,408,200201170MEM,24.0,5.0,1st quarter,8:47.0,Shane Battier,MEM,True,2-pointer,0,7-9,'DAL',trails
409,409,409,200201170MEM,24.7,14.7,1st quarter,8:10.0,Shane Battier,MEM,False,2-pointer,10,7-10,'DAL',trails
410,410,410,200201170MEM,24.0,5.0,1st quarter,8:07.0,Shane Battier,MEM,False,2-pointer,0,7-10,'DAL',trails
411,411,411,200201170MEM,24.0,5.0,1st quarter,6:52.0,Pau Gasol,MEM,False,2-pointer,0,9-10,'DAL',trails
412,412,412,200201170MEM,24.0,5.0,1st quarter,6:49.0,Pau Gasol,MEM,True,2-pointer,0,11-10,'DAL',leads
413,413,413,200201170MEM,20.7,9.7,1st quarter,5:34.0,Pau Gasol,MEM,True,2-pointer,6,15-15,'DAL',tied
414,414,414,200201170MEM,30.6,24.0,1st quarter,4:57.0,Grant Long,MEM,False,2-pointer,20,15-17,'DAL',trails
415,415,415,200201170MEM,24.0,5.0,1st quarter,4:29.0,Stromile Swift,MEM,False,2-pointer,0,15-17,'DAL',trails
416,416,416,200201170MEM,36.3,20.8,1st quarter,4:06.0,Rodney Buford,MEM,True,2-pointer,20,17-17,'DAL',tied
417,417,417,200201170MEM,10.6,27.4,1st quarter,3:40.0,Jason Williams,MEM,True,3-pointer,26,20-19,'DAL',leads
418,418,418,200201170MEM,22.8,7.8,1st quarter,3:15.0,Pau Gasol,MEM,False,2-pointer,3,20-19,'DAL',leads
419,419,419,200201170MEM,1.1,16.8,1st quarter,2:38.0,Shane Battier,MEM,False,3-pointer,26,20-22,'DAL',trails
420,420,420,200201170MEM,7.0,25.7,1st quarter,2:18.0,Rodney Buford,MEM,False,3-pointer,27,20-22,'DAL',trails
421,421,421,200201170MEM,19.2,6.5,1st quarter,1:52.0,Shane Battier,MEM,True,2-pointer,5,22-24,'DAL',trails
422,422,422,200201170MEM,19.2,9.2,1st quarter,1:00.0,Pau Gasol,MEM,True,2-pointer,6,25-25,'DAL',tied
423,423,423,200201170MEM,18.4,8.6,1st quarter,0:39.2,Pau Gasol,MEM,False,2-pointer,7,25-27,'DAL',trails
424,424,424,200201170MEM,24.0,5.0,1st quarter,0:14.2,Stromile Swift,MEM,True,2-pointer,0,27-29,'DAL',trails
425,425,425,200201170MEM,24.0,5.0,2nd quarter,11:20.0,Stromile Swift,MEM,True,2-pointer,0,29-29,'DAL',tied
426,426,426,200201170MEM,12.1,9.7,2nd quarter,10:39.0,Rodney Buford,MEM,True,2-pointer,13,31-32,'DAL',trails
427,427,427,200201170MEM,11.2,10.7,2nd quarter,9:50.0,Rodney Buford,MEM,False,2-pointer,14,31-34,'DAL',trails
428,428,428,200201170MEM,19.2,9.2,2nd quarter,8:26.0,Brevin Knight,MEM,False,2-pointer,6,32-38,'DAL',trails
429,429,429,200201170MEM,8.5,12.6,2nd quarter,7:52.0,Jason Williams,MEM,False,2-pointer,17,32-38,'DAL',trails
430,430,430,200201170MEM,28.3,7.6,2nd quarter,7:48.0,Tony Massenburg,MEM,True,2-pointer,5,34-38,'DAL',trails
431,431,431,200201170MEM,24.0,5.0,2nd quarter,6:59.0,Stromile Swift,MEM,True,2-pointer,0,36-38,'DAL',trails
432,432,432,200201170MEM,16.1,12.0,2nd quarter,6:27.0,Brevin Knight,MEM,True,2-pointer,11,38-40,'DAL',trails
433,433,433,200201170MEM,4.9,21.3,2nd quarter,5:56.0,Jason Williams,MEM,False,3-pointer,25,38-43,'DAL',trails
434,434,434,200201170MEM,8.5,14.7,2nd quarter,4:21.0,Jason Williams,MEM,False,2-pointer,18,38-46,'DAL',trails
435,435,435,200201170MEM,24.0,5.0,2nd quarter,4:14.0,Pau Gasol,MEM,True,2-pointer,0,40-46,'DAL',trails
436,436,436,200201170MEM,24.0,5.0,2nd quarter,3:34.0,Grant Long,MEM,False,2-pointer,0,41-49,'DAL',trails
437,437,437,200201170MEM,24.0,5.0,2nd quarter,3:31.0,Pau Gasol,MEM,True,2-pointer,0,43-49,'DAL',trails
438,438,438,200201170MEM,22.8,12.0,2nd quarter,2:51.0,Tony Massenburg,MEM,False,2-pointer,7,43-49,'DAL',trails
439,439,439,200201170MEM,42.0,22.3,2nd quarter,2:00.0,Jason Williams,MEM,True,3-pointer,25,47-51,'DAL',trails
440,440,440,200201170MEM,29.1,11.3,2nd quarter,1:27.0,Pau Gasol,MEM,False,2-pointer,8,47-53,'DAL',trails
441,441,441,200201170MEM,1.3,10.1,2nd quarter,0:58.8,Jason Williams,MEM,False,3-pointer,23,47-55,'DAL',trails
442,442,442,200201170MEM,24.0,13.2,2nd quarter,0:25.3,Stromile Swift,MEM,True,2-pointer,8,49-55,'DAL',trails
443,443,443,200201170MEM,15.6,36.0,2nd quarter,0:00.1,Pau Gasol,MEM,False,3-pointer,32,49-55,'DAL',trails
444,444,444,200201170MEM,24.0,5.0,3rd quarter,11:47.0,Jason Williams,MEM,True,2-pointer,0,51-55,'DAL',trails
445,445,445,200201170MEM,29.8,26.3,3rd quarter,11:17.0,Jason Williams,MEM,False,2-pointer,22,51-55,'DAL',trails
446,446,446,200201170MEM,13.1,20.4,3rd quarter,10:40.0,Pau Gasol,MEM,False,2-pointer,19,51-55,'DAL',trails
447,447,447,200201170MEM,24.0,5.0,3rd quarter,10:18.0,Pau Gasol,MEM,True,2-pointer,0,53-55,'DAL',trails
448,448,448,200201170MEM,45.0,18.5,3rd quarter,9:51.0,Jason Williams,MEM,False,3-pointer,25,53-55,'DAL',trails
449,449,449,200201170MEM,24.0,5.0,3rd quarter,9:38.0,Pau Gasol,MEM,True,2-pointer,0,55-55,'DAL',tied
450,450,450,200201170MEM,26.2,8.4,3rd quarter,9:05.0,Shane Battier,MEM,False,2-pointer,4,55-57,'DAL',trails
451,451,451,200201170MEM,36.3,9.7,3rd quarter,8:23.0,Rodney Buford,MEM,False,2-pointer,13,55-57,'DAL',trails
452,452,452,200201170MEM,17.5,4.8,3rd quarter,7:19.0,Pau Gasol,MEM,False,2-pointer,7,55-60,'DAL',trails
453,453,453,200201170MEM,25.6,12.0,3rd quarter,6:48.0,Pau Gasol,MEM,True,2-pointer,7,57-60,'DAL',trails
454,454,454,200201170MEM,6.6,4.4,3rd quarter,5:38.0,Grant Long,MEM,True,2-pointer,17,61-62,'DAL',trails
455,455,455,200201170MEM,39.9,13.7,3rd quarter,4:57.0,Grant Long,MEM,False,2-pointer,18,61-64,'DAL',trails
456,456,456,200201170MEM,24.7,12.6,3rd quarter,4:33.0,Grant Long,MEM,True,2-pointer,8,63-66,'DAL',trails
457,457,457,200201170MEM,36.3,14.1,3rd quarter,3:54.0,Pau Gasol,MEM,False,2-pointer,15,63-68,'DAL',trails
458,458,458,200201170MEM,24.0,5.0,3rd quarter,3:26.0,Stromile Swift,MEM,False,2-pointer,0,63-70,'DAL',trails
459,459,459,200201170MEM,12.5,26.9,3rd quarter,2:41.0,Will Solomon,MEM,False,3-pointer,25,64-74,'DAL',trails
460,460,460,200201170MEM,7.2,5.2,3rd quarter,1:50.0,Brevin Knight,MEM,True,2-pointer,17,66-75,'DAL',trails
461,461,461,200201170MEM,24.0,5.0,3rd quarter,1:22.0,Brevin Knight,MEM,True,2-pointer,0,68-75,'DAL',trails
462,462,462,200201170MEM,9.9,26.9,3rd quarter,0:06.4,Will Solomon,MEM,False,3-pointer,26,68-80,'DAL',trails
463,463,463,200201170MEM,14.6,26.9,4th quarter,11:21.0,Rodney Buford,MEM,True,3-pointer,24,71-84,'DAL',trails
464,464,464,200201170MEM,17.5,5.2,4th quarter,10:38.0,Rodney Buford,MEM,True,2-pointer,7,73-84,'DAL',trails
465,465,465,200201170MEM,27.7,9.2,4th quarter,9:58.0,Stromile Swift,MEM,False,2-pointer,6,73-84,'DAL',trails
466,466,466,200201170MEM,40.7,22.9,4th quarter,9:31.0,Rodney Buford,MEM,True,3-pointer,24,76-86,'DAL',trails
467,467,467,200201170MEM,24.0,5.0,4th quarter,9:08.0,Jason Williams,MEM,True,2-pointer,0,78-86,'DAL',trails
468,468,468,200201170MEM,8.5,24.6,4th quarter,8:50.0,Jason Williams,MEM,False,3-pointer,25,78-86,'DAL',trails
469,469,469,200201170MEM,11.2,10.3,4th quarter,8:15.0,Brevin Knight,MEM,False,2-pointer,14,78-88,'DAL',trails
470,470,470,200201170MEM,24.0,5.0,4th quarter,7:43.0,Pau Gasol,MEM,True,2-pointer,0,80-90,'DAL',trails
471,471,471,200201170MEM,27.7,13.0,4th quarter,7:10.0,Stromile Swift,MEM,True,2-pointer,9,82-90,'DAL',trails
472,472,472,200201170MEM,41.4,22.9,4th quarter,6:13.0,Jason Williams,MEM,True,3-pointer,25,87-92,'DAL',trails
473,473,473,200201170MEM,40.7,24.0,4th quarter,5:33.0,Jason Williams,MEM,False,3-pointer,25,87-94,'DAL',trails
474,474,474,200201170MEM,27.0,11.3,4th quarter,4:51.0,Stromile Swift,MEM,False,2-pointer,7,87-94,'DAL',trails
475,475,475,200201170MEM,24.0,5.0,4th quarter,4:02.0,Brevin Knight,MEM,True,2-pointer,0,89-98,'DAL',trails
476,476,476,200201170MEM,24.0,5.0,4th quarter,3:26.0,Rodney Buford,MEM,True,2-pointer,0,91-101,'DAL',trails
477,477,477,200201170MEM,4.0,13.7,4th quarter,2:51.0,Grant Long,MEM,False,2-pointer,22,91-101,'DAL',trails
478,478,478,200201170MEM,23.4,7.8,4th quarter,2:47.0,Pau Gasol,MEM,True,2-pointer,3,93-101,'DAL',trails
479,479,479,200201170MEM,42.8,21.9,4th quarter,1:35.0,Jason Williams,MEM,False,3-pointer,25,93-103,'DAL',trails
480,480,480,200201170MEM,11.2,12.6,4th quarter,0:46.5,Brevin Knight,MEM,True,2-pointer,15,95-103,'DAL',trails
481,481,481,200201170MEM,24.0,5.0,4th quarter,0:29.7,Brevin Knight,MEM,True,2-pointer,0,97-105,'DAL',trails
482,482,482,200201170POR,17.7,21.3,1st quarter,11:46.0,Brian Grant,MIA,True,2-pointer,17,2-0,'POR',leads
483,483,483,200201170POR,8.7,14.1,1st quarter,11:18.0,Alonzo Mourning,MIA,False,2-pointer,18,2-0,'POR',leads
484,484,484,200201170POR,33.4,19.6,1st quarter,10:50.0,Eddie Jones,MIA,False,2-pointer,17,2-0,'POR',leads
485,485,485,200201170POR,36.7,3.7,1st quarter,9:48.0,Eddie Jones,MIA,True,2-pointer,13,4-3,'POR',leads
486,486,486,200201170POR,17.1,19.6,1st quarter,9:03.0,Rod Strickland,MIA,False,2-pointer,16,4-5,'POR',trails
487,487,487,200201170POR,24.0,5.0,1st quarter,9:00.0,Alonzo Mourning,MIA,False,2-pointer,0,4-5,'POR',trails
488,488,488,200201170POR,9.9,20.0,1st quarter,8:44.0,Eddie Jones,MIA,False,2-pointer,21,4-5,'POR',trails
489,489,489,200201170POR,31.3,5.7,1st quarter,8:25.0,Brian Grant,MIA,False,2-pointer,7,4-5,'POR',trails
490,490,490,200201170POR,38.2,9.9,1st quarter,7:51.0,Eddie Jones,MIA,False,2-pointer,15,4-7,'POR',trails
491,491,491,200201170POR,41.8,19.6,1st quarter,7:24.0,Rod Strickland,MIA,False,2-pointer,23,4-9,'POR',trails
492,492,492,200201170POR,39.5,6.7,1st quarter,7:02.0,Brian Grant,MIA,False,2-pointer,16,4-9,'POR',trails
493,493,493,200201170POR,16.7,28.8,1st quarter,6:39.0,Kendall Gill,MIA,False,3-pointer,25,4-9,'POR',trails
494,494,494,200201170POR,24.0,5.0,1st quarter,6:00.0,Brian Grant,MIA,True,2-pointer,0,6-9,'POR',trails
495,495,495,200201170POR,36.5,24.0,1st quarter,5:18.0,Eddie Jones,MIA,True,2-pointer,23,8-9,'POR',trails
496,496,496,200201170POR,24.0,5.0,1st quarter,4:36.0,Kendall Gill,MIA,False,2-pointer,0,8-11,'POR',trails
497,497,497,200201170POR,18.8,6.1,1st quarter,4:03.0,Alonzo Mourning,MIA,False,2-pointer,5,8-13,'POR',trails
498,498,498,200201170POR,24.0,5.0,1st quarter,4:01.0,Alonzo Mourning,MIA,False,2-pointer,0,8-13,'POR',trails
499,499,499,200201170POR,40.1,5.0,1st quarter,3:11.0,Jim Jackson,MIA,False,2-pointer,16,10-15,'POR',trails
500,500,500,200201170POR,25.1,29.3,1st quarter,2:41.0,LaPhonso Ellis,MIA,False,3-pointer,24,10-15,'POR',trails
501,501,501,200201170POR,15.2,28.8,1st quarter,2:08.0,Eddie House,MIA,False,3-pointer,25,10-16,'POR',trails
502,502,502,200201170POR,42.2,8.8,1st quarter,1:34.0,Jim Jackson,MIA,False,2-pointer,19,10-18,'POR',trails
503,503,503,200201170POR,40.1,3.9,1st quarter,0:53.6,Eddie House,MIA,False,2-pointer,16,10-18,'POR',trails
504,504,504,200201170POR,5.9,13.7,1st quarter,0:25.9,Eddie Jones,MIA,False,2-pointer,20,10-20,'POR',trails
505,505,505,200201170POR,40.7,24.0,1st quarter,0:00.2,Eddie Jones,MIA,True,3-pointer,25,13-20,'POR',trails
506,506,506,200201170POR,24.0,5.0,2nd quarter,11:41.0,Eddie Jones,MIA,True,2-pointer,0,15-20,'POR',trails
507,507,507,200201170POR,44.3,9.2,2nd quarter,9:49.0,Alonzo Mourning,MIA,False,2-pointer,21,15-26,'POR',trails
508,508,508,200201170POR,24.0,5.0,2nd quarter,9:28.0,Rod Strickland,MIA,True,2-pointer,0,17-26,'POR',trails
509,509,509,200201170POR,1.1,4.6,2nd quarter,8:40.0,LaPhonso Ellis,MIA,False,3-pointer,23,17-28,'POR',trails
510,510,510,200201170POR,17.3,18.5,2nd quarter,8:10.0,Rod Strickland,MIA,True,2-pointer,15,19-30,'POR',trails
511,511,511,200201170POR,20.3,18.5,2nd quarter,7:30.0,Kendall Gill,MIA,True,2-pointer,14,21-32,'POR',trails
512,512,512,200201170POR,6.6,5.0,2nd quarter,6:58.0,Kendall Gill,MIA,False,2-pointer,17,21-32,'POR',trails
513,513,513,200201170POR,45.2,3.9,2nd quarter,6:33.0,Jim Jackson,MIA,True,2-pointer,21,23-34,'POR',trails
514,514,514,200201170POR,34.2,18.1,2nd quarter,5:53.0,Rod Strickland,MIA,False,2-pointer,17,23-35,'POR',trails
515,515,515,200201170POR,24.0,5.0,2nd quarter,5:22.0,Alonzo Mourning,MIA,True,2-pointer,0,25-35,'POR',trails
516,516,516,200201170POR,24.5,7.6,2nd quarter,4:43.0,Alonzo Mourning,MIA,True,2-pointer,3,27-37,'POR',trails
517,517,517,200201170POR,43.7,5.0,2nd quarter,4:00.0,Brian Grant,MIA,True,2-pointer,20,29-40,'POR',trails
518,518,518,200201170POR,31.5,17.5,2nd quarter,3:27.0,Alonzo Mourning,MIA,True,2-pointer,15,31-41,'POR',trails
519,519,519,200201170POR,27.9,22.7,2nd quarter,3:00.0,Vladimir Stepania,MIA,True,2-pointer,18,33-41,'POR',trails
520,520,520,200201170POR,9.5,22.3,2nd quarter,2:15.0,Eddie Jones,MIA,False,2-pointer,23,33-44,'POR',trails
521,521,521,200201170POR,24.0,5.0,2nd quarter,1:25.0,Alonzo Mourning,MIA,True,2-pointer,0,35-44,'POR',trails
522,522,522,200201170POR,15.2,28.8,2nd quarter,0:56.8,Eddie Jones,MIA,False,3-pointer,25,35-44,'POR',trails
523,523,523,200201170POR,24.0,5.0,2nd quarter,0:53.5,Alonzo Mourning,MIA,False,2-pointer,0,35-44,'POR',trails
524,524,524,200201170POR,24.5,24.0,2nd quarter,0:16.5,Rod Strickland,MIA,True,2-pointer,19,37-47,'POR',trails
525,525,525,200201170POR,24.0,5.0,3rd quarter,11:43.0,Kendall Gill,MIA,False,2-pointer,0,37-47,'POR',trails
526,526,526,200201170POR,14.6,8.8,3rd quarter,11:37.0,Kendall Gill,MIA,True,2-pointer,10,39-47,'POR',trails
527,527,527,200201170POR,11.0,9.2,3rd quarter,10:59.0,Alonzo Mourning,MIA,False,2-pointer,14,39-47,'POR',trails
528,528,528,200201170POR,24.0,5.0,3rd quarter,10:05.0,Eddie Jones,MIA,True,2-pointer,0,41-50,'POR',trails
529,529,529,200201170POR,4.5,19.6,3rd quarter,9:24.0,Eddie Jones,MIA,False,3-pointer,24,42-51,'POR',trails
530,530,530,200201170POR,42.2,4.6,3rd quarter,8:00.0,Kendall Gill,MIA,False,2-pointer,18,44-53,'POR',trails
531,531,531,200201170POR,32.1,22.3,3rd quarter,7:31.0,Kendall Gill,MIA,False,2-pointer,19,44-53,'POR',trails
532,532,532,200201170POR,13.1,20.0,3rd quarter,6:31.0,Brian Grant,MIA,True,2-pointer,19,48-55,'POR',trails
533,533,533,200201170POR,24.0,5.0,3rd quarter,5:23.0,Eddie Jones,MIA,True,2-pointer,0,50-57,'POR',trails
534,534,534,200201170POR,16.7,13.0,3rd quarter,4:11.0,Jim Jackson,MIA,False,2-pointer,11,52-61,'POR',trails
535,535,535,200201170POR,23.9,29.9,3rd quarter,3:05.0,Eddie Jones,MIA,False,3-pointer,25,53-61,'POR',trails
536,536,536,200201170POR,24.0,5.0,3rd quarter,2:50.0,Alonzo Mourning,MIA,True,2-pointer,0,55-61,'POR',trails
537,537,537,200201170POR,41.6,7.1,3rd quarter,2:12.0,Eddie House,MIA,True,2-pointer,18,57-63,'POR',trails
538,538,538,200201170POR,38.6,19.1,3rd quarter,0:20.5,Eddie House,MIA,False,2-pointer,20,58-65,'POR',trails
539,539,539,200201170POR,14.6,6.5,4th quarter,11:10.0,Jim Jackson,MIA,True,2-pointer,10,60-66,'POR',trails
540,540,540,200201170POR,21.3,21.3,4th quarter,10:28.0,Kendall Gill,MIA,True,2-pointer,17,63-66,'POR',trails
541,541,541,200201170POR,24.0,5.0,4th quarter,10:06.0,Eddie House,MIA,False,2-pointer,0,63-66,'POR',trails
542,542,542,200201170POR,24.0,5.0,4th quarter,10:04.0,Vladimir Stepania,MIA,True,2-pointer,0,65-66,'POR',trails
543,543,543,200201170POR,31.5,18.5,4th quarter,9:19.0,Vladimir Stepania,MIA,False,2-pointer,15,65-66,'POR',trails
544,544,544,200201170POR,5.3,12.6,4th quarter,8:24.0,Jim Jackson,MIA,False,2-pointer,20,65-66,'POR',trails
545,545,545,200201170POR,25.1,8.8,4th quarter,8:01.0,Vladimir Stepania,MIA,False,2-pointer,4,65-66,'POR',trails
546,546,546,200201170POR,24.0,5.0,4th quarter,7:57.0,Vladimir Stepania,MIA,True,2-pointer,0,67-66,'POR',leads
547,547,547,200201170POR,1.7,2.9,4th quarter,7:22.0,Jim Jackson,MIA,True,3-pointer,22,70-66,'POR',leads
548,548,548,200201170POR,40.1,15.8,4th quarter,6:09.0,Kendall Gill,MIA,False,2-pointer,19,71-66,'POR',leads
549,549,549,200201170POR,24.0,5.0,4th quarter,5:32.0,Eddie Jones,MIA,True,2-pointer,0,73-68,'POR',leads
550,550,550,200201170POR,24.0,5.0,4th quarter,4:55.0,Alonzo Mourning,MIA,True,2-pointer,0,75-68,'POR',leads
551,551,551,200201170POR,39.5,23.4,4th quarter,4:08.0,Eddie Jones,MIA,True,3-pointer,24,78-70,'POR',leads
552,552,552,200201170POR,5.3,6.5,4th quarter,3:20.0,Eddie Jones,MIA,False,2-pointer,19,78-73,'POR',leads
553,553,553,200201170POR,46.4,11.3,4th quarter,2:32.0,Jim Jackson,MIA,True,3-pointer,23,81-75,'POR',leads
554,554,554,200201170POR,11.0,24.0,4th quarter,1:57.0,Brian Grant,MIA,False,2-pointer,23,81-78,'POR',leads
555,555,555,200201170POR,6.6,25.5,4th quarter,0:04.1,Eddie Jones,MIA,True,3-pointer,27,86-86,'POR',tied
556,556,556,200201170POR,3.8,14.7,1st overtime,4:46.0,Jim Jackson,MIA,True,2-pointer,22,88-86,'POR',leads
557,557,557,200201170POR,24.0,5.0,1st overtime,4:11.0,Kendall Gill,MIA,True,2-pointer,0,90-87,'POR',leads
558,558,558,200201170POR,39.5,5.4,1st overtime,3:33.0,Jim Jackson,MIA,False,2-pointer,16,90-87,'POR',leads
559,559,559,200201170POR,39.5,9.9,1st overtime,3:06.0,Eddie Jones,MIA,False,2-pointer,16,90-87,'POR',leads
560,560,560,200201170POR,47.3,4.6,1st overtime,2:24.0,Jim Jackson,MIA,False,3-pointer,23,90-87,'POR',leads
561,561,561,200201170POR,24.1,5.0,1st overtime,2:19.0,Kendall Gill,MIA,False,2-pointer,0,90-87,'POR',leads
562,562,562,200201170POR,27.9,27.2,1st overtime,1:42.0,Eddie Jones,MIA,False,2-pointer,23,90-87,'POR',leads
563,563,563,200201170POR,11.8,5.4,1st overtime,0:14.7,Alonzo Mourning,MIA,False,2-pointer,12,92-90,'POR',leads
564,564,564,200201170POR,2.8,8.4,1st quarter,11:30.0,Rasheed Wallace,POR,False,2-pointer,21,0-2,'POR',trails
565,565,565,200201170POR,9.9,20.0,1st quarter,10:59.0,Scottie Pippen,POR,False,2-pointer,21,0-2,'POR',trails
566,566,566,200201170POR,39.5,5.2,1st quarter,10:25.0,Damon Stoudamire,POR,False,2-pointer,16,0-2,'POR',trails
567,567,567,200201170POR,24.0,5.0,1st quarter,10:07.0,Damon Stoudamire,POR,True,2-pointer,0,2-2,'POR',tied
568,568,568,200201170POR,25.4,26.1,1st quarter,9:33.0,Bonzi Wells,POR,True,2-pointer,21,5-4,'POR',leads
569,569,569,200201170POR,7.2,17.5,1st quarter,8:51.0,Damon Stoudamire,POR,False,2-pointer,21,5-4,'POR',leads
570,570,570,200201170POR,24.0,5.0,1st quarter,8:10.0,Rasheed Wallace,POR,True,2-pointer,0,7-4,'POR',leads
571,571,571,200201170POR,24.0,5.0,1st quarter,7:42.0,Bonzi Wells,POR,False,2-pointer,0,7-4,'POR',leads
572,572,572,200201170POR,24.0,5.0,1st quarter,7:39.0,Dale Davis,POR,True,2-pointer,0,9-4,'POR',leads
573,573,573,200201170POR,24.0,5.0,1st quarter,7:09.0,Damon Stoudamire,POR,False,2-pointer,0,9-4,'POR',leads
574,574,574,200201170POR,30.8,14.1,1st quarter,6:18.0,Dale Davis,POR,False,2-pointer,11,9-4,'POR',leads
575,575,575,200201170POR,38.6,21.9,1st quarter,5:42.0,Rasheed Wallace,POR,False,2-pointer,22,9-6,'POR',leads
576,576,576,200201170POR,36.5,19.1,1st quarter,4:58.0,Rasheed Wallace,POR,True,2-pointer,19,11-8,'POR',leads
577,577,577,200201170POR,1.7,5.0,1st quarter,4:21.0,Bonzi Wells,POR,False,3-pointer,22,11-8,'POR',leads
578,578,578,200201170POR,25.8,29.9,1st quarter,3:37.0,Rasheed Wallace,POR,False,3-pointer,25,13-10,'POR',leads
579,579,579,200201170POR,5.3,5.0,1st quarter,2:54.0,Bonzi Wells,POR,False,2-pointer,19,15-10,'POR',leads
580,580,580,200201170POR,24.0,5.0,1st quarter,2:23.0,Damon Stoudamire,POR,False,2-pointer,0,16-10,'POR',leads
581,581,581,200201170POR,9.3,17.5,1st quarter,1:57.0,Shawn Kemp,POR,True,2-pointer,19,18-10,'POR',leads
582,582,582,200201170POR,25.8,29.3,1st quarter,1:18.0,Derek Anderson,POR,False,3-pointer,24,18-10,'POR',leads
583,583,583,200201170POR,24.0,5.0,1st quarter,0:48.4,Bonzi Wells,POR,True,2-pointer,0,20-10,'POR',leads
584,584,584,200201170POR,3.8,12.6,1st quarter,0:04.7,Derek Anderson,POR,False,2-pointer,22,20-10,'POR',leads
585,585,585,200201170POR,43.7,4.6,2nd quarter,11:48.0,Rick Brunson,POR,False,2-pointer,20,20-13,'POR',leads
586,586,586,200201170POR,3.8,14.7,2nd quarter,11:07.0,Derek Anderson,POR,False,2-pointer,22,20-15,'POR',leads
587,587,587,200201170POR,24.0,5.0,2nd quarter,11:03.0,Ruben Patterson,POR,False,2-pointer,0,20-15,'POR',leads
588,588,588,200201170POR,42.2,6.1,2nd quarter,10:56.0,Shawn Kemp,POR,False,2-pointer,18,20-15,'POR',leads
589,589,589,200201170POR,24.0,5.0,2nd quarter,10:52.0,Shawn Kemp,POR,True,2-pointer,0,22-15,'POR',leads
590,590,590,200201170POR,24.0,5.0,2nd quarter,10:29.0,Derek Anderson,POR,True,2-pointer,0,24-15,'POR',leads
591,591,591,200201170POR,10.4,5.0,2nd quarter,9:34.0,Derek Anderson,POR,False,2-pointer,14,26-15,'POR',leads
592,592,592,200201170POR,24.0,5.0,2nd quarter,9:06.0,Ruben Patterson,POR,True,2-pointer,0,28-17,'POR',leads
593,593,593,200201170POR,24.0,5.0,2nd quarter,8:31.0,Shawn Kemp,POR,True,2-pointer,0,30-17,'POR',leads
594,594,594,200201170POR,8.9,5.4,2nd quarter,7:45.0,Derek Anderson,POR,True,2-pointer,15,32-19,'POR',leads
595,595,595,200201170POR,24.0,5.0,2nd quarter,7:11.0,Rick Brunson,POR,False,2-pointer,0,32-21,'POR',leads
596,596,596,200201170POR,24.0,5.0,2nd quarter,7:08.0,Derek Anderson,POR,False,2-pointer,0,32-21,'POR',leads
597,597,597,200201170POR,24.0,5.0,2nd quarter,6:51.0,Ruben Patterson,POR,True,2-pointer,0,34-21,'POR',leads
598,598,598,200201170POR,29.4,15.8,2nd quarter,5:42.0,Rasheed Wallace,POR,False,2-pointer,12,35-23,'POR',leads
599,599,599,200201170POR,29.4,28.8,2nd quarter,4:20.0,Scottie Pippen,POR,True,3-pointer,24,40-27,'POR',leads
600,600,600,200201170POR,8.0,5.0,2nd quarter,3:14.0,Rasheed Wallace,POR,False,2-pointer,16,41-31,'POR',leads
601,601,601,200201170POR,22.4,31.6,2nd quarter,2:34.0,Rasheed Wallace,POR,True,3-pointer,27,44-33,'POR',leads
602,602,602,200201170POR,24.0,5.0,2nd quarter,1:40.0,Damon Stoudamire,POR,False,2-pointer,0,44-33,'POR',leads
603,603,603,200201170POR,28.7,5.4,2nd quarter,1:06.0,Rasheed Wallace,POR,False,2-pointer,5,44-35,'POR',leads
604,604,604,200201170POR,7.4,15.4,2nd quarter,0:31.2,Rasheed Wallace,POR,True,2-pointer,20,47-35,'POR',leads
605,605,605,200201170POR,10.4,19.6,2nd quarter,0:01.3,Damon Stoudamire,POR,False,2-pointer,20,47-37,'POR',leads
606,606,606,200201170POR,23.0,21.3,3rd quarter,11:20.0,Bonzi Wells,POR,False,2-pointer,16,47-39,'POR',leads
607,607,607,200201170POR,23.9,12.0,3rd quarter,10:20.0,Scottie Pippen,POR,True,2-pointer,7,49-39,'POR',leads
608,608,608,200201170POR,24.0,5.0,3rd quarter,9:17.0,Scottie Pippen,POR,False,2-pointer,0,51-42,'POR',leads
609,609,609,200201170POR,13.9,5.0,3rd quarter,9:00.0,Dale Davis,POR,True,2-pointer,10,53-44,'POR',leads
610,610,610,200201170POR,16.1,28.8,3rd quarter,8:31.0,Damon Stoudamire,POR,False,3-pointer,25,53-44,'POR',leads
611,611,611,200201170POR,24.0,5.0,3rd quarter,7:46.0,Bonzi Wells,POR,False,2-pointer,0,53-44,'POR',leads
612,612,612,200201170POR,24.5,14.1,3rd quarter,7:19.0,Damon Stoudamire,POR,True,2-pointer,9,55-44,'POR',leads
613,613,613,200201170POR,41.6,19.6,3rd quarter,6:45.0,Damon Stoudamire,POR,False,2-pointer,23,55-46,'POR',leads
614,614,614,200201170POR,19.4,25.0,3rd quarter,6:04.0,Shawn Kemp,POR,True,2-pointer,21,57-48,'POR',leads
615,615,615,200201170POR,24.0,5.0,3rd quarter,5:07.0,Derek Anderson,POR,False,2-pointer,0,57-50,'POR',leads
616,616,616,200201170POR,24.0,5.0,3rd quarter,5:04.0,Derek Anderson,POR,True,2-pointer,0,59-50,'POR',leads
617,617,617,200201170POR,24.0,5.0,3rd quarter,4:34.0,Shawn Kemp,POR,False,2-pointer,0,59-52,'POR',leads
618,618,618,200201170POR,24.0,5.0,3rd quarter,4:29.0,Shawn Kemp,POR,True,2-pointer,0,61-52,'POR',leads
619,619,619,200201170POR,42.2,12.0,3rd quarter,3:52.0,Steve Kerr,POR,False,2-pointer,20,61-52,'POR',leads
620,620,620,200201170POR,24.0,5.0,3rd quarter,3:20.0,Ruben Patterson,POR,False,2-pointer,0,61-53,'POR',leads
621,621,621,200201170POR,9.5,5.0,3rd quarter,2:28.0,Rasheed Wallace,POR,True,2-pointer,15,63-55,'POR',leads
622,622,622,200201170POR,8.9,25.5,3rd quarter,1:47.0,Rasheed Wallace,POR,False,3-pointer,25,63-57,'POR',leads
623,623,623,200201170POR,24.0,5.0,3rd quarter,1:14.0,Shawn Kemp,POR,False,2-pointer,0,63-57,'POR',leads
624,624,624,200201170POR,24.0,5.0,3rd quarter,1:12.0,Shawn Kemp,POR,True,2-pointer,0,65-57,'POR',leads
625,625,625,200201170POR,4.5,5.4,3rd quarter,0:38.9,Ruben Patterson,POR,False,2-pointer,20,65-58,'POR',leads
626,626,626,200201170POR,30.0,18.5,3rd quarter,0:02.1,Damon Stoudamire,POR,False,2-pointer,15,65-58,'POR',leads
627,627,627,200201170POR,27.2,29.9,4th quarter,10:47.0,Derek Anderson,POR,False,3-pointer,25,66-61,'POR',leads
628,628,628,200201170POR,36.5,24.0,4th quarter,9:43.0,Scottie Pippen,POR,False,2-pointer,23,66-65,'POR',leads
629,629,629,200201170POR,16.1,28.8,4th quarter,9:08.0,Rasheed Wallace,POR,False,3-pointer,25,66-65,'POR',leads
630,630,630,200201170POR,13.1,26.7,4th quarter,8:59.0,Scottie Pippen,POR,False,3-pointer,24,66-65,'POR',leads
631,631,631,200201170POR,17.3,15.8,4th quarter,8:45.0,Scottie Pippen,POR,False,2-pointer,13,66-65,'POR',leads
632,632,632,200201170POR,15.2,7.1,4th quarter,7:36.0,Rasheed Wallace,POR,False,2-pointer,9,66-67,'POR',trails
633,633,633,200201170POR,24.0,5.0,4th quarter,7:00.0,Bonzi Wells,POR,False,2-pointer,0,66-70,'POR',trails
634,634,634,200201170POR,30.8,8.8,4th quarter,5:52.0,Rasheed Wallace,POR,True,2-pointer,8,68-71,'POR',trails
635,635,635,200201170POR,27.2,10.9,4th quarter,5:12.0,Bonzi Wells,POR,False,2-pointer,7,68-73,'POR',trails
636,636,636,200201170POR,24.0,5.0,4th quarter,4:38.0,Derek Anderson,POR,True,2-pointer,0,70-75,'POR',trails
637,637,637,200201170POR,1.7,5.4,4th quarter,3:42.0,Derek Anderson,POR,True,3-pointer,22,73-78,'POR',trails
638,638,638,200201170POR,24.0,5.0,4th quarter,3:00.0,Damon Stoudamire,POR,True,2-pointer,0,75-78,'POR',trails
639,639,639,200201170POR,40.7,24.0,4th quarter,2:20.0,Damon Stoudamire,POR,True,3-pointer,25,78-81,'POR',trails
640,640,640,200201170POR,46.4,5.0,4th quarter,1:41.0,Bonzi Wells,POR,True,3-pointer,22,81-81,'POR',tied
641,641,641,200201170POR,32.9,28.2,4th quarter,1:07.0,Derek Anderson,POR,True,3-pointer,25,84-81,'POR',leads
642,642,642,200201170POR,18.2,30.5,4th quarter,0:32.5,Rasheed Wallace,POR,False,3-pointer,26,84-83,'POR',leads
643,643,643,200201170POR,38.0,25.5,4th quarter,0:10.8,Damon Stoudamire,POR,False,3-pointer,25,84-83,'POR',leads
644,644,644,200201170POR,10.8,10.5,4th quarter,0:07.5,Scottie Pippen,POR,False,2-pointer,14,84-83,'POR',leads
645,645,645,200201170POR,24.0,5.0,4th quarter,0:06.5,Rasheed Wallace,POR,True,2-pointer,0,86-83,'POR',leads
646,646,646,200201170POR,47.3,4.6,4th quarter,0:01.1,Rasheed Wallace,POR,False,3-pointer,23,86-86,'POR',tied
647,647,647,200201170POR,4.5,20.0,1st overtime,3:57.0,Bonzi Wells,POR,False,3-pointer,25,87-90,'POR',trails
648,648,648,200201170POR,12.5,26.1,1st overtime,3:23.0,Rasheed Wallace,POR,False,3-pointer,24,87-90,'POR',trails
649,649,649,200201170POR,47.3,5.0,1st overtime,2:03.0,Scottie Pippen,POR,False,3-pointer,23,87-90,'POR',trails
650,650,650,200201170POR,11.0,21.3,1st overtime,1:25.0,Rasheed Wallace,POR,False,2-pointer,21,87-90,'POR',trails
651,651,651,200201170POR,45.8,16.8,1st overtime,1:08.0,Scottie Pippen,POR,False,3-pointer,25,88-92,'POR',trails
652,652,652,200201170POR,11.0,26.1,1st overtime,1:03.0,Damon Stoudamire,POR,False,3-pointer,25,88-92,'POR',trails
653,653,653,200201170POR,27.5,7.1,1st overtime,1:01.0,Bonzi Wells,POR,True,2-pointer,4,90-92,'POR',trails
654,654,654,200201170POR,24.0,5.0,1st overtime,0:37.8,Damon Stoudamire,POR,False,2-pointer,0,90-92,'POR',trails
655,655,655,200201170POR,32.9,31.6,1st overtime,0:04.4,Derek Anderson,POR,False,3-pointer,28,90-92,'POR',trails
656,656,656,200201170POR,47.9,3.9,1st overtime,0:00.2,Rasheed Wallace,POR,False,3-pointer,24,90-92,'POR',trails
657,657,657,200201170SAS,31.7,22.3,1st quarter,11:50.0,Karl Malone,UTA,False,2-pointer,19,0-0,'SAS',tied
658,658,658,200201170SAS,23.9,5.0,1st quarter,11:04.0,Andrei Kirilenko,UTA,False,2-pointer,0,0-0,'SAS',tied
659,659,659,200201170SAS,18.8,21.9,1st quarter,10:53.0,DeShawn Stevenson,UTA,True,2-pointer,18,2-0,'SAS',leads
660,660,660,200201170SAS,23.9,5.9,1st quarter,10:01.0,DeShawn Stevenson,UTA,True,2-pointer,1,4-0,'SAS',leads
661,661,661,200201170SAS,32.5,19.8,1st quarter,9:23.0,John Stockton,UTA,True,2-pointer,17,6-2,'SAS',leads
662,662,662,200201170SAS,23.0,5.4,1st quarter,8:37.0,Jarron Collins,UTA,True,2-pointer,1,8-4,'SAS',leads
663,663,663,200201170SAS,30.2,22.3,1st quarter,8:10.0,Karl Malone,UTA,True,2-pointer,18,11-6,'SAS',leads
664,664,664,200201170SAS,23.9,5.0,1st quarter,7:35.0,Andrei Kirilenko,UTA,True,2-pointer,0,13-6,'SAS',leads
665,665,665,200201170SAS,24.3,4.4,1st quarter,7:10.0,John Stockton,UTA,True,2-pointer,1,15-8,'SAS',leads
666,666,666,200201170SAS,23.9,4.4,1st quarter,6:43.0,Jarron Collins,UTA,True,2-pointer,1,17-10,'SAS',leads
667,667,667,200201170SAS,40.3,5.4,1st quarter,6:05.0,John Stockton,UTA,False,2-pointer,16,17-12,'SAS',leads
668,668,668,200201170SAS,38.8,24.0,1st quarter,5:48.0,Karl Malone,UTA,True,3-pointer,24,20-12,'SAS',leads
669,669,669,200201170SAS,10.8,5.0,1st quarter,5:07.0,DeShawn Stevenson,UTA,False,2-pointer,13,20-14,'SAS',leads
670,670,670,200201170SAS,24.3,5.4,1st quarter,5:05.0,Karl Malone,UTA,True,2-pointer,1,22-14,'SAS',leads
671,671,671,200201170SAS,23.9,5.4,1st quarter,4:24.0,Andrei Kirilenko,UTA,True,2-pointer,0,24-16,'SAS',leads
672,672,672,200201170SAS,24.3,5.4,1st quarter,3:45.0,DeShawn Stevenson,UTA,False,2-pointer,1,25-18,'SAS',leads
673,673,673,200201170SAS,17.3,17.5,1st quarter,2:57.0,Bryon Russell,UTA,False,2-pointer,14,25-20,'SAS',leads
674,674,674,200201170SAS,23.0,5.4,1st quarter,2:31.0,DeShawn Stevenson,UTA,False,2-pointer,1,25-20,'SAS',leads
675,675,675,200201170SAS,23.0,6.9,1st quarter,2:29.0,Greg Ostertag,UTA,False,2-pointer,2,25-20,'SAS',leads
676,676,676,200201170SAS,38.8,21.3,1st quarter,2:13.0,John Starks,UTA,True,2-pointer,22,27-22,'SAS',leads
677,677,677,200201170SAS,16.7,22.3,1st quarter,1:41.0,John Amaechi,UTA,False,2-pointer,19,27-24,'SAS',leads
678,678,678,200201170SAS,41.8,5.9,1st quarter,1:24.0,DeShawn Stevenson,UTA,True,2-pointer,18,29-24,'SAS',leads
679,679,679,200201170SAS,28.7,10.3,1st quarter,0:40.7,John Amaechi,UTA,False,2-pointer,7,29-24,'SAS',leads
680,680,680,200201170SAS,31.7,21.3,1st quarter,0:04.3,Karl Malone,UTA,True,2-pointer,18,31-27,'SAS',leads
681,681,681,200201170SAS,33.1,6.5,2nd quarter,10:55.0,Jarron Collins,UTA,False,2-pointer,9,31-29,'SAS',leads
682,682,682,200201170SAS,13.7,7.6,2nd quarter,9:53.0,Andrei Kirilenko,UTA,True,2-pointer,11,33-29,'SAS',leads
683,683,683,200201170SAS,8.7,24.0,2nd quarter,9:23.0,Bryon Russell,UTA,False,3-pointer,24,33-29,'SAS',leads
684,684,684,200201170SAS,27.0,4.7,2nd quarter,8:51.0,Jarron Collins,UTA,False,2-pointer,3,33-31,'SAS',leads
685,685,685,200201170SAS,11.6,16.4,2nd quarter,8:29.0,John Stockton,UTA,True,2-pointer,17,35-32,'SAS',leads
686,686,686,200201170SAS,0.0,10.7,2nd quarter,7:18.0,Andrei Kirilenko,UTA,True,3-pointer,25,38-32,'SAS',leads
687,687,687,200201170SAS,37.4,12.0,2nd quarter,4:24.0,Karl Malone,UTA,True,2-pointer,15,42-39,'SAS',leads
688,688,688,200201170SAS,22.4,5.0,2nd quarter,3:56.0,Andrei Kirilenko,UTA,False,2-pointer,2,42-39,'SAS',leads
689,689,689,200201170SAS,11.6,15.1,2nd quarter,3:40.0,Bryon Russell,UTA,False,2-pointer,16,42-39,'SAS',leads
690,690,690,200201170SAS,22.4,5.0,2nd quarter,3:28.0,Scott Padgett,UTA,False,2-pointer,2,42-39,'SAS',leads
691,691,691,200201170SAS,23.0,3.7,2nd quarter,3:26.0,Andrei Kirilenko,UTA,False,2-pointer,2,42-39,'SAS',leads
692,692,692,200201170SAS,12.3,15.8,2nd quarter,3:23.0,Karl Malone,UTA,True,2-pointer,16,44-39,'SAS',leads
693,693,693,200201170SAS,36.1,8.0,2nd quarter,2:54.0,Karl Malone,UTA,True,2-pointer,12,46-39,'SAS',leads
694,694,694,200201170SAS,10.8,25.0,2nd quarter,2:13.0,Scott Padgett,UTA,True,3-pointer,24,49-41,'SAS',leads
695,695,695,200201170SAS,17.3,25.0,2nd quarter,1:25.0,Bryon Russell,UTA,False,2-pointer,21,49-43,'SAS',leads
696,696,696,200201170SAS,24.3,20.8,2nd quarter,0:52.7,DeShawn Stevenson,UTA,False,2-pointer,16,49-46,'SAS',leads
697,697,697,200201170SAS,0.0,2.7,2nd quarter,0:19.0,John Starks,UTA,True,3-pointer,24,52-48,'SAS',leads
698,698,698,200201170SAS,23.9,5.0,3rd quarter,10:55.0,Andrei Kirilenko,UTA,False,2-pointer,0,54-52,'SAS',leads
699,699,699,200201170SAS,20.9,6.5,3rd quarter,10:05.0,Jarron Collins,UTA,True,2-pointer,3,56-54,'SAS',leads
700,700,700,200201170SAS,38.8,6.5,3rd quarter,9:37.0,Jarron Collins,UTA,True,2-pointer,15,58-54,'SAS',leads
701,701,701,200201170SAS,36.1,19.8,3rd quarter,9:04.0,John Stockton,UTA,False,2-pointer,19,58-56,'SAS',leads
702,702,702,200201170SAS,9.3,9.7,3rd quarter,7:53.0,Karl Malone,UTA,False,2-pointer,15,60-56,'SAS',leads
703,703,703,200201170SAS,23.9,6.5,3rd quarter,7:40.0,Andrei Kirilenko,UTA,True,2-pointer,2,62-56,'SAS',leads
704,704,704,200201170SAS,30.2,6.9,3rd quarter,6:34.0,Jarron Collins,UTA,False,2-pointer,6,63-59,'SAS',leads
705,705,705,200201170SAS,27.2,5.9,3rd quarter,6:32.0,Jarron Collins,UTA,False,2-pointer,3,63-59,'SAS',leads
706,706,706,200201170SAS,15.2,21.9,3rd quarter,6:02.0,DeShawn Stevenson,UTA,False,2-pointer,19,63-61,'SAS',leads
707,707,707,200201170SAS,23.0,5.4,3rd quarter,5:49.0,Andrei Kirilenko,UTA,True,2-pointer,1,65-61,'SAS',leads
708,708,708,200201170SAS,38.2,8.0,3rd quarter,5:08.0,Karl Malone,UTA,False,2-pointer,15,65-63,'SAS',leads
709,709,709,200201170SAS,24.3,5.9,3rd quarter,5:05.0,Jarron Collins,UTA,False,2-pointer,1,65-63,'SAS',leads
710,710,710,200201170SAS,34.6,20.8,3rd quarter,4:41.0,Karl Malone,UTA,False,2-pointer,19,65-65,'SAS',tied
711,711,711,200201170SAS,23.9,4.4,3rd quarter,4:32.0,DeShawn Stevenson,UTA,True,2-pointer,1,67-65,'SAS',leads
712,712,712,200201170SAS,38.8,10.7,3rd quarter,3:50.0,Karl Malone,UTA,True,2-pointer,16,69-67,'SAS',leads
713,713,713,200201170SAS,47.5,10.3,3rd quarter,3:05.0,John Starks,UTA,False,3-pointer,24,69-69,'SAS',tied
714,714,714,200201170SAS,28.7,20.8,3rd quarter,0:46.4,Karl Malone,UTA,True,2-pointer,16,73-73,'SAS',tied
715,715,715,200201170SAS,40.3,9.2,3rd quarter,0:03.6,DeShawn Stevenson,UTA,False,2-pointer,17,73-73,'SAS',tied
716,716,716,200201170SAS,13.7,19.8,4th quarter,11:27.0,John Stockton,UTA,False,2-pointer,18,73-75,'SAS',trails
717,717,717,200201170SAS,31.7,9.7,4th quarter,10:41.0,Greg Ostertag,UTA,True,2-pointer,9,75-75,'SAS',tied
718,718,718,200201170SAS,30.2,22.3,4th quarter,9:15.0,Karl Malone,UTA,False,2-pointer,18,77-82,'SAS',trails
719,719,719,200201170SAS,23.9,5.0,4th quarter,9:09.0,Greg Ostertag,UTA,False,2-pointer,0,77-82,'SAS',trails
720,720,720,200201170SAS,23.9,5.9,4th quarter,7:33.0,John Stockton,UTA,True,2-pointer,1,83-87,'SAS',trails
721,721,721,200201170SAS,39.7,24.0,4th quarter,5:47.0,Bryon Russell,UTA,False,3-pointer,25,85-90,'SAS',trails
722,722,722,200201170SAS,37.4,25.0,4th quarter,5:05.0,John Stockton,UTA,False,3-pointer,24,85-90,'SAS',trails
723,723,723,200201170SAS,24.3,4.4,4th quarter,4:41.0,Andrei Kirilenko,UTA,True,2-pointer,1,87-90,'SAS',trails
724,724,724,200201170SAS,23.9,5.0,4th quarter,4:10.0,Bryon Russell,UTA,False,2-pointer,0,87-90,'SAS',trails
725,725,725,200201170SAS,24.3,5.0,4th quarter,4:07.0,Jarron Collins,UTA,False,2-pointer,0,87-90,'SAS',trails
726,726,726,200201170SAS,23.9,5.9,4th quarter,3:57.0,John Stockton,UTA,True,2-pointer,1,89-90,'SAS',trails
727,727,727,200201170SAS,17.3,22.9,4th quarter,3:31.0,John Stockton,UTA,True,2-pointer,19,91-92,'SAS',trails
728,728,728,200201170SAS,9.3,14.7,4th quarter,2:45.0,Karl Malone,UTA,False,2-pointer,18,91-95,'SAS',trails
729,729,729,200201170SAS,23.9,5.0,4th quarter,2:12.0,Karl Malone,UTA,True,2-pointer,0,94-97,'SAS',trails
730,730,730,200201170SAS,7.2,9.7,4th quarter,1:39.0,Karl Malone,UTA,True,2-pointer,17,96-99,'SAS',trails
731,731,731,200201170SAS,23.0,5.4,4th quarter,0:17.0,Andrei Kirilenko,UTA,True,2-pointer,1,98-99,'SAS',trails
732,732,732,200201170SAS,25.8,29.5,4th quarter,0:08.4,Andrei Kirilenko,UTA,False,3-pointer,25,98-102,'SAS',trails
733,733,733,200201170SAS,10.8,25.0,4th quarter,0:04.0,Scott Padgett,UTA,False,3-pointer,24,98-102,'SAS',trails
734,734,734,200201170SAS,8.7,24.0,4th quarter,0:01.0,Scott Padgett,UTA,False,3-pointer,24,98-102,'SAS',trails
735,735,735,200201170SAS,23.9,5.4,1st quarter,11:24.0,Tim Duncan,SAS,False,2-pointer,0,0-0,'SAS',tied
736,736,736,200201170SAS,10.2,13.7,1st quarter,10:30.0,Tim Duncan,SAS,False,2-pointer,16,0-2,'SAS',trails
737,737,737,200201170SAS,17.3,25.0,1st quarter,10:09.0,Steve Smith,SAS,False,2-pointer,21,0-2,'SAS',trails
738,738,738,200201170SAS,20.9,6.9,1st quarter,9:45.0,Charles Smith,SAS,False,2-pointer,4,0-4,'SAS',trails
739,739,739,200201170SAS,7.2,20.2,1st quarter,9:38.0,Charles Smith,SAS,True,2-pointer,23,2-4,'SAS',trails
740,740,740,200201170SAS,23.9,5.9,1st quarter,9:01.0,Antonio Daniels,SAS,True,2-pointer,1,4-6,'SAS',trails
741,741,741,200201170SAS,24.3,6.5,1st quarter,7:49.0,Tim Duncan,SAS,False,2-pointer,2,6-11,'SAS',trails
742,742,742,200201170SAS,22.4,5.4,1st quarter,6:56.0,Charles Smith,SAS,True,2-pointer,2,10-15,'SAS',trails
743,743,743,200201170SAS,23.9,5.0,1st quarter,5:25.0,Tim Duncan,SAS,True,2-pointer,0,14-20,'SAS',trails
744,744,744,200201170SAS,39.7,24.0,1st quarter,4:51.0,Charles Smith,SAS,False,3-pointer,25,14-22,'SAS',trails
745,745,745,200201170SAS,33.8,24.6,1st quarter,3:58.0,Antonio Daniels,SAS,True,2-pointer,22,18-25,'SAS',trails
746,746,746,200201170SAS,23.9,5.4,1st quarter,3:39.0,Charles Smith,SAS,False,2-pointer,0,18-25,'SAS',trails
747,747,747,200201170SAS,46.8,10.7,1st quarter,2:49.0,Charles Smith,SAS,False,3-pointer,24,20-25,'SAS',trails
748,748,748,200201170SAS,23.9,5.0,1st quarter,2:00.0,Tim Duncan,SAS,True,2-pointer,0,24-27,'SAS',trails
749,749,749,200201170SAS,32.5,23.6,1st quarter,1:00.0,Terry Porter,SAS,False,2-pointer,20,24-29,'SAS',trails
750,750,750,200201170SAS,0.0,10.7,1st quarter,0:28.0,Charles Smith,SAS,True,3-pointer,25,27-29,'SAS',trails
751,751,751,200201170SAS,27.2,37.9,1st quarter,0:00.0,Charles Smith,SAS,False,3-pointer,33,27-31,'SAS',trails
752,752,752,200201170SAS,22.4,5.9,2nd quarter,11:46.0,Stephen Jackson,SAS,False,2-pointer,2,27-31,'SAS',trails
753,753,753,200201170SAS,16.7,25.7,2nd quarter,11:16.0,Stephen Jackson,SAS,True,2-pointer,22,29-31,'SAS',trails
754,754,754,200201170SAS,23.9,3.7,2nd quarter,10:39.0,Malik Rose,SAS,False,2-pointer,1,29-31,'SAS',trails
755,755,755,200201170SAS,0.0,3.7,2nd quarter,10:11.0,Stephen Jackson,SAS,False,3-pointer,24,29-31,'SAS',trails
756,756,756,200201170SAS,23.9,5.9,2nd quarter,9:32.0,Antonio Daniels,SAS,False,2-pointer,1,29-33,'SAS',trails
757,757,757,200201170SAS,23.0,5.9,2nd quarter,9:02.0,Terry Porter,SAS,False,2-pointer,1,29-33,'SAS',trails
758,758,758,200201170SAS,23.9,5.4,2nd quarter,9:00.0,David Robinson,SAS,True,2-pointer,0,31-33,'SAS',trails
759,759,759,200201170SAS,9.3,13.7,2nd quarter,8:16.0,Malik Rose,SAS,False,2-pointer,17,32-35,'SAS',trails
760,760,760,200201170SAS,33.8,9.2,2nd quarter,7:41.0,David Robinson,SAS,False,2-pointer,11,32-35,'SAS',trails
761,761,761,200201170SAS,34.6,19.8,2nd quarter,7:36.0,Terry Porter,SAS,False,2-pointer,18,32-35,'SAS',trails
762,762,762,200201170SAS,3.6,12.0,2nd quarter,7:10.0,Stephen Jackson,SAS,True,2-pointer,22,34-38,'SAS',trails
763,763,763,200201170SAS,0.0,3.7,2nd quarter,6:32.0,Steve Smith,SAS,False,3-pointer,24,34-40,'SAS',trails
764,764,764,200201170SAS,22.4,5.4,2nd quarter,6:29.0,David Robinson,SAS,False,2-pointer,2,34-40,'SAS',trails
765,765,765,200201170SAS,12.3,26.3,2nd quarter,6:13.0,Stephen Jackson,SAS,False,3-pointer,24,34-40,'SAS',trails
766,766,766,200201170SAS,17.3,10.7,2nd quarter,5:21.0,Tim Duncan,SAS,False,2-pointer,9,36-40,'SAS',trails
767,767,767,200201170SAS,11.6,2.7,2nd quarter,4:43.0,Steve Smith,SAS,True,2-pointer,13,39-40,'SAS',trails
768,768,768,200201170SAS,29.6,6.5,2nd quarter,3:49.0,Antonio Daniels,SAS,False,2-pointer,6,39-42,'SAS',trails
769,769,769,200201170SAS,23.0,10.7,2nd quarter,2:32.0,Tim Duncan,SAS,True,2-pointer,6,41-46,'SAS',trails
770,770,770,200201170SAS,23.0,5.4,2nd quarter,1:49.0,David Robinson,SAS,True,2-pointer,1,43-49,'SAS',trails
771,771,771,200201170SAS,20.9,10.3,2nd quarter,1:07.0,Tim Duncan,SAS,True,2-pointer,6,45-49,'SAS',trails
772,772,772,200201170SAS,24.3,6.5,2nd quarter,0:33.5,Charles Smith,SAS,True,2-pointer,2,48-49,'SAS',trails
773,773,773,200201170SAS,36.1,5.0,2nd quarter,0:02.7,Malik Rose,SAS,False,2-pointer,12,48-52,'SAS',trails
774,774,774,200201170SAS,17.3,9.2,3rd quarter,11:46.0,Charles Smith,SAS,True,2-pointer,8,50-52,'SAS',trails
775,775,775,200201170SAS,23.9,5.0,3rd quarter,11:07.0,Antonio Daniels,SAS,True,2-pointer,0,52-54,'SAS',trails
776,776,776,200201170SAS,0.7,9.7,3rd quarter,10:46.0,Steve Smith,SAS,False,3-pointer,24,52-54,'SAS',trails
777,777,777,200201170SAS,24.0,5.0,3rd quarter,10:32.0,Antonio Daniels,SAS,True,2-pointer,0,54-54,'SAS',tied
778,778,778,200201170SAS,17.3,11.3,3rd quarter,9:23.0,Antonio Daniels,SAS,True,2-pointer,9,56-58,'SAS',trails
779,779,779,200201170SAS,41.8,22.3,3rd quarter,8:26.0,Charles Smith,SAS,False,3-pointer,25,56-60,'SAS',trails
780,780,780,200201170SAS,23.9,5.4,3rd quarter,8:23.0,Steve Smith,SAS,False,2-pointer,0,56-60,'SAS',trails
781,781,781,200201170SAS,7.8,24.0,3rd quarter,8:10.0,Antonio Daniels,SAS,False,3-pointer,25,56-60,'SAS',trails
782,782,782,200201170SAS,16.7,21.9,3rd quarter,7:12.0,Malik Rose,SAS,False,2-pointer,18,57-62,'SAS',trails
783,783,783,200201170SAS,23.0,12.6,3rd quarter,6:51.0,Tim Duncan,SAS,True,2-pointer,8,59-63,'SAS',trails
784,784,784,200201170SAS,24.3,5.9,3rd quarter,6:19.0,Tim Duncan,SAS,True,2-pointer,1,61-63,'SAS',trails
785,785,785,200201170SAS,23.0,5.4,3rd quarter,5:28.0,Steve Smith,SAS,True,2-pointer,1,63-65,'SAS',trails
786,786,786,200201170SAS,24.3,5.4,3rd quarter,4:57.0,Malik Rose,SAS,True,2-pointer,1,65-65,'SAS',tied
787,787,787,200201170SAS,17.3,9.7,3rd quarter,3:27.0,Steve Smith,SAS,True,2-pointer,8,69-69,'SAS',tied
788,788,788,200201170SAS,23.9,5.0,3rd quarter,2:44.0,Steve Smith,SAS,False,2-pointer,0,69-71,'SAS',trails
789,789,789,200201170SAS,23.0,5.9,3rd quarter,1:53.0,Charles Smith,SAS,True,2-pointer,1,71-71,'SAS',tied
790,790,790,200201170SAS,23.9,5.0,3rd quarter,0:58.7,Tim Duncan,SAS,True,2-pointer,0,73-71,'SAS',leads
791,791,791,200201170SAS,23.9,5.4,3rd quarter,0:26.5,Terry Porter,SAS,False,2-pointer,0,73-73,'SAS',tied
792,792,792,200201170SAS,18.2,12.0,4th quarter,11:06.0,Tim Duncan,SAS,False,2-pointer,9,75-73,'SAS',leads
793,793,793,200201170SAS,25.1,11.3,4th quarter,10:24.0,Charles Smith,SAS,True,2-pointer,6,77-75,'SAS',leads
794,794,794,200201170SAS,38.2,9.7,4th quarter,9:57.0,Charles Smith,SAS,False,2-pointer,15,77-77,'SAS',tied
795,795,795,200201170SAS,12.3,26.3,4th quarter,9:51.0,Stephen Jackson,SAS,True,3-pointer,24,80-77,'SAS',leads
796,796,796,200201170SAS,24.3,5.4,4th quarter,9:30.0,Charles Smith,SAS,True,2-pointer,1,82-77,'SAS',leads
797,797,797,200201170SAS,23.9,29.1,4th quarter,8:54.0,Stephen Jackson,SAS,True,3-pointer,24,85-77,'SAS',leads
798,798,798,200201170SAS,20.3,11.3,4th quarter,7:52.0,Tim Duncan,SAS,False,2-pointer,7,87-80,'SAS',leads
799,799,799,200201170SAS,27.9,15.8,4th quarter,7:04.0,Tim Duncan,SAS,False,2-pointer,11,88-83,'SAS',leads
800,800,800,200201170SAS,30.2,7.6,4th quarter,6:20.0,Tim Duncan,SAS,True,2-pointer,7,90-85,'SAS',leads
801,801,801,200201170SAS,43.9,4.4,4th quarter,5:24.0,Antonio Daniels,SAS,False,2-pointer,20,90-85,'SAS',leads
802,802,802,200201170SAS,25.8,8.0,4th quarter,4:49.0,Tim Duncan,SAS,False,2-pointer,4,90-85,'SAS',leads
803,803,803,200201170SAS,38.2,25.0,4th quarter,4:19.0,Charles Smith,SAS,False,3-pointer,25,90-87,'SAS',leads
804,804,804,200201170SAS,46.8,4.4,4th quarter,3:10.0,Steve Smith,SAS,True,3-pointer,23,95-91,'SAS',leads
805,805,805,200201170SAS,15.8,5.0,4th quarter,2:27.0,Tim Duncan,SAS,True,2-pointer,8,97-92,'SAS',leads
806,806,806,200201170SAS,18.2,9.7,4th quarter,1:57.0,Antonio Daniels,SAS,True,2-pointer,7,99-94,'SAS',leads
807,807,807,200201170SAS,38.2,9.2,4th quarter,1:14.0,David Robinson,SAS,False,2-pointer,15,99-96,'SAS',leads
808,808,808,200201170SAS,25.8,5.4,4th quarter,1:12.0,David Robinson,SAS,False,2-pointer,2,99-96,'SAS',leads
809,809,809,200201170SAS,38.8,26.3,4th quarter,0:21.3,Antonio Daniels,SAS,False,3-pointer,26,99-96,'SAS',leads
