,Unnamed: 0.1,Unnamed: 0,match_id,shotX,shotY,quarter,time_remaining,player,team,made,shot_type,distance,score,opp,status
0,0,0,200212050ATL,23.5,8.1,1st quarter,11:44.0,Anthony Mason,MIL,True,2-pointer,3,2-0,'MIL',leads
1,1,1,200212050ATL,8.2,24.9,1st quarter,11:14.0,Sam Cassell,MIL,True,3-pointer,25,5-0,'MIL',leads
2,2,2,200212050ATL,39.8,20.5,1st quarter,10:39.0,Michael Redd,MIL,True,2-pointer,22,7-2,'MIL',leads
3,3,3,200212050ATL,6.8,5.3,1st quarter,10:10.0,Tim Thomas,MIL,False,2-pointer,17,7-4,'MIL',leads
4,4,4,200212050ATL,8.9,6.5,1st quarter,10:07.0,Sam Cassell,MIL,True,2-pointer,15,9-4,'MIL',leads
5,5,5,200212050ATL,32.7,6.5,1st quarter,9:38.0,Tim Thomas,MIL,True,2-pointer,9,11-6,'MIL',leads
6,6,6,200212050ATL,5.9,8.1,1st quarter,8:04.0,Sam Cassell,MIL,False,2-pointer,18,14-10,'MIL',leads
7,7,7,200212050ATL,40.7,9.6,1st quarter,7:47.0,Tim Thomas,MIL,False,2-pointer,17,14-10,'MIL',leads
8,8,8,200212050ATL,39.8,12.4,1st quarter,6:58.0,Michael Redd,MIL,True,2-pointer,17,16-14,'MIL',leads
9,9,9,200212050ATL,10.5,21.1,1st quarter,6:23.0,Michael Redd,MIL,False,2-pointer,21,16-16,'MIL',tied
10,10,10,200212050ATL,23.7,20.5,1st quarter,5:56.0,Anthony Mason,MIL,True,2-pointer,16,18-18,'MIL',tied
11,11,11,200212050ATL,3.5,20.5,1st quarter,4:50.0,Tim Thomas,MIL,False,3-pointer,26,18-20,'MIL',trails
12,12,12,200212050ATL,14.0,6.3,1st quarter,3:33.0,Marcus Haislip,MIL,False,2-pointer,10,18-26,'MIL',trails
13,13,13,200212050ATL,21.2,26.2,1st quarter,3:26.0,Kevin Ollie,MIL,False,2-pointer,21,18-26,'MIL',trails
14,14,14,200212050ATL,0.8,5.2,1st quarter,3:06.0,Ray Allen,MIL,True,3-pointer,23,21-26,'MIL',trails
15,15,15,200212050ATL,0.0,2.9,1st quarter,2:32.0,Marcus Haislip,MIL,False,3-pointer,24,21-26,'MIL',trails
16,16,16,200212050ATL,24.0,5.0,1st quarter,2:18.0,Ray Allen,MIL,True,2-pointer,0,23-26,'MIL',trails
17,17,17,200212050ATL,38.3,19.3,1st quarter,1:02.0,Ray Allen,MIL,True,2-pointer,20,25-28,'MIL',trails
18,18,18,200212050ATL,15.8,4.5,1st quarter,0:37.5,Anthony Mason,MIL,False,2-pointer,8,25-28,'MIL',trails
19,19,19,200212050ATL,11.0,5.7,1st quarter,0:06.7,Ray Allen,MIL,False,2-pointer,13,25-31,'MIL',trails
20,20,20,200212050ATL,3.8,19.8,2nd quarter,10:49.0,Ray Allen,MIL,True,3-pointer,25,28-36,'MIL',trails
21,21,21,200212050ATL,12.0,10.9,2nd quarter,10:03.0,Jason Caffey,MIL,False,2-pointer,13,28-38,'MIL',trails
22,22,22,200212050ATL,8.1,4.4,2nd quarter,9:55.0,Marcus Haislip,MIL,False,2-pointer,16,28-38,'MIL',trails
23,23,23,200212050ATL,24.0,5.0,2nd quarter,9:24.0,Jason Caffey,MIL,True,2-pointer,0,30-38,'MIL',trails
24,24,24,200212050ATL,28.3,30.0,2nd quarter,8:53.0,Michael Redd,MIL,False,3-pointer,25,30-38,'MIL',trails
25,25,25,200212050ATL,10.9,5.0,2nd quarter,8:01.0,Sam Cassell,MIL,False,2-pointer,13,30-38,'MIL',trails
26,26,26,200212050ATL,1.0,4.7,2nd quarter,7:45.0,Michael Redd,MIL,True,3-pointer,23,33-38,'MIL',trails
27,27,27,200212050ATL,8.9,7.6,2nd quarter,7:19.0,Jason Caffey,MIL,True,2-pointer,15,35-38,'MIL',trails
28,28,28,200212050ATL,24.0,5.0,2nd quarter,6:32.0,Michael Redd,MIL,True,2-pointer,0,37-41,'MIL',trails
29,29,29,200212050ATL,39.8,5.0,2nd quarter,5:42.0,Jason Caffey,MIL,False,2-pointer,16,37-43,'MIL',trails
30,30,30,200212050ATL,24.0,5.0,2nd quarter,5:40.0,Michael Redd,MIL,True,2-pointer,0,39-43,'MIL',trails
31,31,31,200212050ATL,24.0,5.0,2nd quarter,5:07.0,Ervin Johnson,MIL,True,2-pointer,0,42-45,'MIL',trails
32,32,32,200212050ATL,24.3,25.4,2nd quarter,4:08.0,Michael Redd,MIL,False,2-pointer,20,42-49,'MIL',trails
33,33,33,200212050ATL,9.5,5.0,2nd quarter,4:03.0,Jason Caffey,MIL,False,2-pointer,15,42-49,'MIL',trails
34,34,34,200212050ATL,27.9,9.8,2nd quarter,2:53.0,Tim Thomas,MIL,True,2-pointer,6,46-53,'MIL',trails
35,35,35,200212050ATL,35.0,5.5,2nd quarter,2:30.0,Ray Allen,MIL,True,2-pointer,11,48-53,'MIL',trails
36,36,36,200212050ATL,4.9,5.2,2nd quarter,1:56.0,Tim Thomas,MIL,True,2-pointer,19,50-53,'MIL',trails
37,37,37,200212050ATL,24.0,5.0,2nd quarter,1:13.0,Ray Allen,MIL,True,2-pointer,0,52-55,'MIL',trails
38,38,38,200212050ATL,24.0,5.0,2nd quarter,0:29.8,Anthony Mason,MIL,False,2-pointer,0,52-55,'MIL',trails
39,39,39,200212050ATL,24.0,5.0,2nd quarter,0:24.8,Sam Cassell,MIL,False,2-pointer,0,52-55,'MIL',trails
40,40,40,200212050ATL,24.0,5.0,3rd quarter,11:31.0,Tim Thomas,MIL,False,2-pointer,0,52-57,'MIL',trails
41,41,41,200212050ATL,38.8,22.3,3rd quarter,11:05.0,Tim Thomas,MIL,True,2-pointer,23,54-59,'MIL',trails
42,42,42,200212050ATL,40.1,7.2,3rd quarter,10:28.0,Tim Thomas,MIL,True,2-pointer,16,56-59,'MIL',trails
43,43,43,200212050ATL,24.0,5.0,3rd quarter,9:27.0,Sam Cassell,MIL,False,2-pointer,0,56-59,'MIL',trails
44,44,44,200212050ATL,48.3,4.4,3rd quarter,8:54.0,Tim Thomas,MIL,True,3-pointer,24,59-61,'MIL',trails
45,45,45,200212050ATL,24.0,5.0,3rd quarter,8:23.0,Anthony Mason,MIL,False,2-pointer,0,59-63,'MIL',trails
46,46,46,200212050ATL,11.5,5.0,3rd quarter,7:52.0,Anthony Mason,MIL,False,2-pointer,13,59-63,'MIL',trails
47,47,47,200212050ATL,31.1,13.7,3rd quarter,7:31.0,Sam Cassell,MIL,True,2-pointer,11,61-63,'MIL',trails
48,48,48,200212050ATL,10.2,5.3,3rd quarter,6:51.0,Tim Thomas,MIL,False,2-pointer,14,62-63,'MIL',trails
49,49,49,200212050ATL,39.3,4.1,3rd quarter,6:44.0,Michael Redd,MIL,False,2-pointer,15,62-63,'MIL',trails
50,50,50,200212050ATL,14.1,24.2,3rd quarter,6:25.0,Sam Cassell,MIL,False,2-pointer,22,63-63,'MIL',tied
51,51,51,200212050ATL,40.7,23.6,3rd quarter,6:19.0,Sam Cassell,MIL,False,3-pointer,25,63-63,'MIL',tied
52,52,52,200212050ATL,24.0,5.0,3rd quarter,5:29.0,Anthony Mason,MIL,True,2-pointer,0,67-63,'MIL',leads
53,53,53,200212050ATL,33.7,6.3,3rd quarter,4:46.0,Ray Allen,MIL,False,2-pointer,10,67-64,'MIL',leads
54,54,54,200212050ATL,5.8,6.2,3rd quarter,4:07.0,Sam Cassell,MIL,False,2-pointer,18,67-64,'MIL',leads
55,55,55,200212050ATL,0.2,3.9,3rd quarter,3:48.0,Ray Allen,MIL,False,3-pointer,24,67-65,'MIL',leads
56,56,56,200212050ATL,11.5,12.2,3rd quarter,3:12.0,Ray Allen,MIL,False,2-pointer,14,67-67,'MIL',tied
57,57,57,200212050ATL,34.7,4.9,3rd quarter,2:32.0,Anthony Mason,MIL,False,2-pointer,11,67-69,'MIL',trails
58,58,58,200212050ATL,17.8,17.8,3rd quarter,1:49.0,Ray Allen,MIL,False,2-pointer,14,67-71,'MIL',trails
59,59,59,200212050ATL,24.0,5.0,3rd quarter,1:10.0,Sam Cassell,MIL,True,2-pointer,0,69-73,'MIL',trails
60,60,60,200212050ATL,21.5,11.6,3rd quarter,0:33.8,Michael Redd,MIL,False,2-pointer,7,69-75,'MIL',trails
61,61,61,200212050ATL,9.5,25.1,3rd quarter,0:03.2,Sam Cassell,MIL,False,3-pointer,25,69-77,'MIL',trails
62,62,62,200212050ATL,15.5,20.6,4th quarter,11:38.0,Jason Caffey,MIL,False,2-pointer,18,69-77,'MIL',trails
63,63,63,200212050ATL,37.6,5.3,4th quarter,9:45.0,Jason Caffey,MIL,False,2-pointer,14,71-81,'MIL',trails
64,64,64,200212050ATL,24.0,5.0,4th quarter,9:43.0,Michael Redd,MIL,True,2-pointer,0,73-81,'MIL',trails
65,65,65,200212050ATL,46.8,6.7,4th quarter,8:35.0,Tim Thomas,MIL,False,3-pointer,23,74-84,'MIL',trails
66,66,66,200212050ATL,40.9,26.2,4th quarter,7:34.0,Michael Redd,MIL,False,3-pointer,27,74-86,'MIL',trails
67,67,67,200212050ATL,24.0,5.0,4th quarter,6:44.0,Jason Caffey,MIL,True,2-pointer,0,76-86,'MIL',trails
68,68,68,200212050ATL,14.3,6.2,4th quarter,5:19.0,Ray Allen,MIL,True,2-pointer,10,78-90,'MIL',trails
69,69,69,200212050ATL,4.0,21.6,4th quarter,4:27.0,Ray Allen,MIL,False,3-pointer,26,78-92,'MIL',trails
70,70,70,200212050ATL,47.5,4.2,4th quarter,3:50.0,Tim Thomas,MIL,False,3-pointer,24,78-92,'MIL',trails
71,71,71,200212050ATL,24.0,5.0,4th quarter,3:13.0,Kevin Ollie,MIL,True,2-pointer,0,80-95,'MIL',trails
72,72,72,200212050ATL,47.3,4.7,4th quarter,1:35.0,Marcus Haislip,MIL,False,3-pointer,23,80-97,'MIL',trails
73,73,73,200212050ATL,22.9,13.4,4th quarter,0:20.7,Ronald Murray,MIL,False,2-pointer,8,80-98,'MIL',trails
74,74,74,200212050ATL,24.0,5.0,4th quarter,0:04.6,Michael Redd,MIL,False,2-pointer,0,80-98,'MIL',trails
75,75,75,200212050ATL,32.4,6.0,1st quarter,11:26.0,Theo Ratliff,ATL,False,2-pointer,8,0-2,'MIL',trails
76,76,76,200212050ATL,36.8,17.5,1st quarter,11:01.0,Jason Terry,ATL,True,2-pointer,18,2-5,'MIL',trails
77,77,77,200212050ATL,5.9,7.3,1st quarter,10:25.0,Glenn Robinson,ATL,True,2-pointer,18,4-7,'MIL',trails
78,78,78,200212050ATL,38.1,6.3,1st quarter,9:28.0,Glenn Robinson,ATL,False,2-pointer,14,6-11,'MIL',trails
79,79,79,200212050ATL,46.7,15.7,1st quarter,8:52.0,Glenn Robinson,ATL,False,3-pointer,25,6-12,'MIL',trails
80,80,80,200212050ATL,23.7,9.5,1st quarter,8:44.0,Theo Ratliff,ATL,True,2-pointer,5,8-12,'MIL',trails
81,81,81,200212050ATL,14.5,19.3,1st quarter,8:17.0,Glenn Robinson,ATL,True,2-pointer,17,10-14,'MIL',trails
82,82,82,200212050ATL,24.0,5.0,1st quarter,7:57.0,Glenn Robinson,ATL,False,2-pointer,0,10-14,'MIL',trails
83,83,83,200212050ATL,34.0,19.0,1st quarter,7:42.0,Jason Terry,ATL,True,2-pointer,17,12-14,'MIL',trails
84,84,84,200212050ATL,23.8,11.6,1st quarter,7:09.0,Glenn Robinson,ATL,True,2-pointer,7,14-14,'MIL',tied
85,85,85,200212050ATL,7.2,8.0,1st quarter,6:42.0,Jason Terry,ATL,True,2-pointer,17,16-16,'MIL',tied
86,86,86,200212050ATL,15.0,18.7,1st quarter,6:15.0,Jason Terry,ATL,True,2-pointer,16,18-16,'MIL',leads
87,87,87,200212050ATL,38.0,7.3,1st quarter,5:42.0,Shareef Abdur-Rahim,ATL,False,2-pointer,14,18-18,'MIL',tied
88,88,88,200212050ATL,24.0,5.0,1st quarter,5:40.0,Shareef Abdur-Rahim,ATL,True,2-pointer,0,20-18,'MIL',leads
89,89,89,200212050ATL,24.0,5.0,1st quarter,5:00.0,Glenn Robinson,ATL,False,2-pointer,0,20-18,'MIL',leads
90,90,90,200212050ATL,24.0,5.0,1st quarter,4:36.0,Ira Newble,ATL,True,2-pointer,0,22-18,'MIL',leads
91,91,91,200212050ATL,24.0,5.0,1st quarter,4:15.0,Theo Ratliff,ATL,True,2-pointer,0,24-18,'MIL',leads
92,92,92,200212050ATL,24.0,5.0,1st quarter,3:54.0,Shareef Abdur-Rahim,ATL,True,2-pointer,0,26-18,'MIL',leads
93,93,93,200212050ATL,37.8,19.8,1st quarter,3:19.0,Glenn Robinson,ATL,False,2-pointer,20,26-18,'MIL',leads
94,94,94,200212050ATL,13.3,10.3,1st quarter,2:46.0,Glenn Robinson,ATL,False,2-pointer,12,26-21,'MIL',leads
95,95,95,200212050ATL,24.0,5.0,1st quarter,2:25.0,Jason Terry,ATL,False,2-pointer,0,26-21,'MIL',leads
96,96,96,200212050ATL,19.6,13.4,1st quarter,1:57.0,Shareef Abdur-Rahim,ATL,True,2-pointer,9,28-23,'MIL',leads
97,97,97,200212050ATL,47.5,3.6,1st quarter,1:23.0,Glenn Robinson,ATL,False,3-pointer,24,28-23,'MIL',leads
98,98,98,200212050ATL,13.8,28.0,1st quarter,0:31.5,Jason Terry,ATL,True,3-pointer,25,31-25,'MIL',leads
99,99,99,200212050ATL,42.2,19.3,1st quarter,0:00.1,Jason Terry,ATL,False,2-pointer,23,31-25,'MIL',leads
100,100,100,200212050ATL,13.3,20.3,2nd quarter,11:43.0,Glenn Robinson,ATL,False,2-pointer,19,31-25,'MIL',leads
101,101,101,200212050ATL,46.7,4.9,2nd quarter,11:26.0,Jason Terry,ATL,True,3-pointer,23,34-25,'MIL',leads
102,102,102,200212050ATL,24.0,5.0,2nd quarter,11:10.0,Jason Terry,ATL,True,2-pointer,0,36-25,'MIL',leads
103,103,103,200212050ATL,17.9,6.5,2nd quarter,10:40.0,Glenn Robinson,ATL,True,2-pointer,6,38-28,'MIL',leads
104,104,104,200212050ATL,27.9,6.5,2nd quarter,9:36.0,Darvin Ham,ATL,False,2-pointer,4,38-28,'MIL',leads
105,105,105,200212050ATL,40.7,24.4,2nd quarter,9:02.0,Dion Glover,ATL,False,3-pointer,26,38-30,'MIL',leads
106,106,106,200212050ATL,6.8,3.1,2nd quarter,8:30.0,Dion Glover,ATL,False,2-pointer,17,38-30,'MIL',leads
107,107,107,200212050ATL,24.0,5.0,2nd quarter,7:54.0,Dion Glover,ATL,False,2-pointer,0,38-30,'MIL',leads
108,108,108,200212050ATL,0.8,4.5,2nd quarter,7:32.0,Matt Maloney,ATL,False,3-pointer,23,38-33,'MIL',leads
109,109,109,200212050ATL,47.3,3.2,2nd quarter,6:52.0,Matt Maloney,ATL,True,3-pointer,23,41-35,'MIL',leads
110,110,110,200212050ATL,32.9,5.3,2nd quarter,6:06.0,Alan Henderson,ATL,True,2-pointer,9,43-37,'MIL',leads
111,111,111,200212050ATL,39.3,4.9,2nd quarter,5:23.0,Glenn Robinson,ATL,True,2-pointer,15,45-40,'MIL',leads
112,112,112,200212050ATL,46.8,3.4,2nd quarter,4:50.0,Matt Maloney,ATL,False,3-pointer,23,45-42,'MIL',leads
113,113,113,200212050ATL,24.0,5.0,2nd quarter,4:26.0,Ira Newble,ATL,True,2-pointer,0,49-42,'MIL',leads
114,114,114,200212050ATL,14.0,19.3,2nd quarter,3:45.0,Glenn Robinson,ATL,False,2-pointer,17,49-42,'MIL',leads
115,115,115,200212050ATL,24.0,5.0,2nd quarter,3:40.0,Glenn Robinson,ATL,True,2-pointer,0,51-42,'MIL',leads
116,116,116,200212050ATL,9.1,12.6,2nd quarter,3:09.0,Shareef Abdur-Rahim,ATL,True,2-pointer,17,53-44,'MIL',leads
117,117,117,200212050ATL,24.0,5.0,2nd quarter,2:10.0,Jason Terry,ATL,False,2-pointer,0,53-48,'MIL',leads
118,118,118,200212050ATL,22.9,29.2,2nd quarter,2:06.0,Shareef Abdur-Rahim,ATL,False,3-pointer,24,53-48,'MIL',leads
119,119,119,200212050ATL,19.2,6.0,2nd quarter,1:33.0,Shareef Abdur-Rahim,ATL,True,2-pointer,5,55-50,'MIL',leads
120,120,120,200212050ATL,11.2,3.7,2nd quarter,0:59.8,Shareef Abdur-Rahim,ATL,False,2-pointer,13,55-52,'MIL',leads
121,121,121,200212050ATL,11.4,27.7,2nd quarter,0:45.8,Jason Terry,ATL,False,3-pointer,26,55-52,'MIL',leads
122,122,122,200212050ATL,7.9,24.9,2nd quarter,0:00.4,Ira Newble,ATL,False,3-pointer,26,55-52,'MIL',leads
123,123,123,200212050ATL,24.0,5.0,3rd quarter,11:25.0,Shareef Abdur-Rahim,ATL,True,2-pointer,0,59-52,'MIL',leads
124,124,124,200212050ATL,22.2,23.9,3rd quarter,10:41.0,Jason Terry,ATL,False,2-pointer,19,59-54,'MIL',leads
125,125,125,200212050ATL,11.5,17.7,3rd quarter,10:05.0,Glenn Robinson,ATL,False,2-pointer,18,59-56,'MIL',leads
126,126,126,200212050ATL,28.6,23.6,3rd quarter,9:37.0,Shareef Abdur-Rahim,ATL,False,2-pointer,19,59-56,'MIL',leads
127,127,127,200212050ATL,4.9,4.5,3rd quarter,9:10.0,Ira Newble,ATL,True,2-pointer,19,61-56,'MIL',leads
128,128,128,200212050ATL,6.3,4.4,3rd quarter,8:38.0,Ira Newble,ATL,True,2-pointer,18,63-59,'MIL',leads
129,129,129,200212050ATL,13.7,12.2,3rd quarter,7:11.0,Glenn Robinson,ATL,False,2-pointer,13,63-62,'MIL',leads
130,130,130,200212050ATL,18.4,14.1,3rd quarter,5:52.0,Glenn Robinson,ATL,False,2-pointer,11,63-65,'MIL',trails
131,131,131,200212050ATL,24.0,5.0,3rd quarter,3:39.0,Shareef Abdur-Rahim,ATL,True,2-pointer,0,67-67,'MIL',tied
132,132,132,200212050ATL,42.9,4.5,3rd quarter,2:59.0,Ira Newble,ATL,True,2-pointer,19,69-67,'MIL',leads
133,133,133,200212050ATL,18.4,13.1,3rd quarter,2:17.0,Glenn Robinson,ATL,True,2-pointer,10,71-67,'MIL',leads
134,134,134,200212050ATL,31.7,13.7,3rd quarter,1:27.0,Theo Ratliff,ATL,True,2-pointer,12,73-67,'MIL',leads
135,135,135,200212050ATL,38.4,5.2,3rd quarter,0:49.0,Alan Henderson,ATL,True,2-pointer,14,75-69,'MIL',leads
136,136,136,200212050ATL,41.4,7.6,3rd quarter,0:24.1,Ira Newble,ATL,True,2-pointer,18,77-69,'MIL',leads
137,137,137,200212050ATL,20.6,29.5,4th quarter,10:54.0,Jason Terry,ATL,False,3-pointer,25,79-69,'MIL',leads
138,138,138,200212050ATL,34.5,19.5,4th quarter,10:51.0,Jason Terry,ATL,True,2-pointer,18,81-69,'MIL',leads
139,139,139,200212050ATL,9.1,8.1,4th quarter,9:25.0,Shareef Abdur-Rahim,ATL,False,2-pointer,15,81-73,'MIL',leads
140,140,140,200212050ATL,41.4,24.9,4th quarter,8:51.0,Dion Glover,ATL,True,3-pointer,26,84-74,'MIL',leads
141,141,141,200212050ATL,24.0,5.0,4th quarter,8:28.0,Glenn Robinson,ATL,True,2-pointer,0,86-74,'MIL',leads
142,142,142,200212050ATL,7.6,3.6,4th quarter,7:47.0,Glenn Robinson,ATL,False,2-pointer,16,86-74,'MIL',leads
143,143,143,200212050ATL,6.9,9.6,4th quarter,5:42.0,Glenn Robinson,ATL,True,2-pointer,18,90-76,'MIL',leads
144,144,144,200212050ATL,40.6,27.0,4th quarter,5:01.0,Dion Glover,ATL,False,3-pointer,28,90-78,'MIL',leads
145,145,145,200212050ATL,34.5,29.7,4th quarter,3:29.0,Glenn Robinson,ATL,True,3-pointer,27,95-78,'MIL',leads
146,146,146,200212050ATL,9.9,5.0,4th quarter,2:48.0,Theo Ratliff,ATL,False,2-pointer,14,95-80,'MIL',leads
147,147,147,200212050ATL,33.4,28.0,4th quarter,2:28.0,Jason Terry,ATL,False,3-pointer,25,95-80,'MIL',leads
148,148,148,200212050ATL,28.3,31.0,4th quarter,2:11.0,Glenn Robinson,ATL,False,3-pointer,26,95-80,'MIL',leads
149,149,149,200212050ATL,13.0,5.0,4th quarter,1:51.0,Theo Ratliff,ATL,True,2-pointer,11,97-80,'MIL',leads
150,150,150,200212050ATL,23.5,10.6,4th quarter,1:10.0,Shareef Abdur-Rahim,ATL,False,2-pointer,6,97-80,'MIL',leads
151,151,151,200212050ATL,32.5,6.5,4th quarter,0:13.6,Dion Glover,ATL,False,2-pointer,9,98-80,'MIL',leads
152,152,152,200212050GSW,24.0,16.7,1st quarter,11:37.0,Gary Trent,MIN,True,2-pointer,12,2-0,'GSW',leads
153,153,153,200212050GSW,24.0,5.0,1st quarter,10:59.0,Rasho Nesterović,MIN,True,2-pointer,0,4-0,'GSW',leads
154,154,154,200212050GSW,11.5,16.4,1st quarter,9:58.0,Kevin Garnett,MIN,False,2-pointer,17,4-5,'GSW',trails
155,155,155,200212050GSW,24.0,5.0,1st quarter,9:30.0,Rasho Nesterović,MIN,True,2-pointer,0,6-7,'GSW',trails
156,156,156,200212050GSW,24.0,5.0,1st quarter,8:58.0,Kendall Gill,MIN,True,2-pointer,0,8-10,'GSW',trails
157,157,157,200212050GSW,19.4,29.8,1st quarter,8:42.0,Troy Hudson,MIN,True,3-pointer,25,11-10,'GSW',leads
158,158,158,200212050GSW,38.0,19.8,1st quarter,8:18.0,Troy Hudson,MIN,True,2-pointer,20,13-10,'GSW',leads
159,159,159,200212050GSW,39.1,5.0,1st quarter,7:44.0,Kendall Gill,MIN,True,2-pointer,15,15-10,'GSW',leads
160,160,160,200212050GSW,24.0,5.0,1st quarter,7:11.0,Kevin Garnett,MIN,True,2-pointer,0,17-12,'GSW',leads
161,161,161,200212050GSW,24.0,10.6,1st quarter,6:21.0,Rasho Nesterović,MIN,False,2-pointer,6,17-14,'GSW',leads
162,162,162,200212050GSW,12.3,18.3,1st quarter,6:11.0,Troy Hudson,MIN,False,2-pointer,18,17-14,'GSW',leads
163,163,163,200212050GSW,40.1,17.2,1st quarter,5:54.0,Kevin Garnett,MIN,False,2-pointer,20,17-14,'GSW',leads
164,164,164,200212050GSW,7.1,5.3,1st quarter,4:11.0,Troy Hudson,MIN,False,2-pointer,17,21-16,'GSW',leads
165,165,165,200212050GSW,24.0,5.0,1st quarter,4:04.0,Rasho Nesterović,MIN,True,2-pointer,0,23-16,'GSW',leads
166,166,166,200212050GSW,21.4,8.6,1st quarter,3:33.0,Kevin Garnett,MIN,False,2-pointer,4,23-18,'GSW',leads
167,167,167,200212050GSW,25.0,7.6,1st quarter,3:26.0,Kevin Garnett,MIN,True,2-pointer,3,25-18,'GSW',leads
168,168,168,200212050GSW,26.3,10.6,1st quarter,2:26.0,Kevin Garnett,MIN,False,2-pointer,6,27-20,'GSW',leads
169,169,169,200212050GSW,33.4,11.8,1st quarter,2:00.0,Rasho Nesterović,MIN,True,2-pointer,12,29-22,'GSW',leads
170,170,170,200212050GSW,24.1,11.3,1st quarter,1:29.0,Rod Strickland,MIN,True,2-pointer,6,31-22,'GSW',leads
171,171,171,200212050GSW,24.0,5.0,1st quarter,1:02.0,Kendall Gill,MIN,False,2-pointer,0,31-22,'GSW',leads
172,172,172,200212050GSW,14.1,23.3,1st quarter,0:43.4,Kendall Gill,MIN,True,2-pointer,21,33-22,'GSW',leads
173,173,173,200212050GSW,30.1,9.1,1st quarter,0:03.2,Rasho Nesterović,MIN,False,2-pointer,7,33-24,'GSW',leads
174,174,174,200212050GSW,39.6,20.5,2nd quarter,11:26.0,Rod Strickland,MIN,False,2-pointer,22,33-24,'GSW',leads
175,175,175,200212050GSW,22.5,9.0,2nd quarter,11:11.0,Joe Smith,MIN,True,2-pointer,4,35-24,'GSW',leads
176,176,176,200212050GSW,24.0,5.0,2nd quarter,10:55.0,Kendall Gill,MIN,True,2-pointer,0,37-24,'GSW',leads
177,177,177,200212050GSW,24.0,5.0,2nd quarter,10:25.0,Rod Strickland,MIN,True,2-pointer,0,39-24,'GSW',leads
178,178,178,200212050GSW,30.7,6.5,2nd quarter,9:46.0,Rod Strickland,MIN,False,2-pointer,7,39-26,'GSW',leads
179,179,179,200212050GSW,8.9,5.3,2nd quarter,8:55.0,Kevin Garnett,MIN,True,2-pointer,15,41-29,'GSW',leads
180,180,180,200212050GSW,12.8,22.3,2nd quarter,7:47.0,Kevin Garnett,MIN,True,2-pointer,21,43-31,'GSW',leads
181,181,181,200212050GSW,37.3,5.0,2nd quarter,7:25.0,Anthony Peeler,MIN,False,2-pointer,13,43-33,'GSW',leads
182,182,182,200212050GSW,40.4,5.2,2nd quarter,7:14.0,Joe Smith,MIN,False,2-pointer,16,43-33,'GSW',leads
183,183,183,200212050GSW,24.0,5.0,2nd quarter,6:40.0,Joe Smith,MIN,True,2-pointer,0,45-35,'GSW',leads
184,184,184,200212050GSW,21.9,17.2,2nd quarter,6:06.0,Rod Strickland,MIN,True,2-pointer,12,47-35,'GSW',leads
185,185,185,200212050GSW,24.0,5.0,2nd quarter,5:45.0,Anthony Peeler,MIN,True,2-pointer,0,49-35,'GSW',leads
186,186,186,200212050GSW,22.7,26.5,2nd quarter,5:15.0,Anthony Peeler,MIN,True,2-pointer,22,51-35,'GSW',leads
187,187,187,200212050GSW,24.0,5.0,2nd quarter,4:51.0,Marc Jackson,MIN,True,2-pointer,0,53-37,'GSW',leads
188,188,188,200212050GSW,35.7,23.9,2nd quarter,3:46.0,Rod Strickland,MIN,False,2-pointer,22,53-39,'GSW',leads
189,189,189,200212050GSW,26.6,8.8,2nd quarter,3:42.0,Joe Smith,MIN,False,2-pointer,5,53-39,'GSW',leads
190,190,190,200212050GSW,24.0,9.9,2nd quarter,3:09.0,Rasho Nesterović,MIN,True,2-pointer,5,57-41,'GSW',leads
191,191,191,200212050GSW,26.8,7.2,2nd quarter,2:10.0,Reggie Slater,MIN,False,2-pointer,4,57-46,'GSW',leads
192,192,192,200212050GSW,26.3,7.5,2nd quarter,2:07.0,Reggie Slater,MIN,False,2-pointer,3,57-46,'GSW',leads
193,193,193,200212050GSW,20.2,10.8,2nd quarter,1:40.0,Kevin Garnett,MIN,False,2-pointer,7,58-49,'GSW',leads
194,194,194,200212050GSW,24.0,5.0,2nd quarter,0:47.0,Reggie Slater,MIN,True,2-pointer,0,62-51,'GSW',leads
195,195,195,200212050GSW,44.5,2.9,2nd quarter,0:24.2,Anthony Peeler,MIN,False,2-pointer,21,62-52,'GSW',leads
196,196,196,200212050GSW,37.5,19.3,2nd quarter,0:03.2,Troy Hudson,MIN,False,2-pointer,20,62-52,'GSW',leads
197,197,197,200212050GSW,40.3,3.6,2nd quarter,0:00.4,Anthony Peeler,MIN,True,2-pointer,16,64-52,'GSW',leads
198,198,198,200212050GSW,18.4,14.5,3rd quarter,11:18.0,Kendall Gill,MIN,False,2-pointer,11,64-54,'GSW',leads
199,199,199,200212050GSW,22.2,6.3,3rd quarter,10:16.0,Kendall Gill,MIN,False,2-pointer,2,66-59,'GSW',leads
200,200,200,200212050GSW,33.8,24.2,3rd quarter,10:05.0,Troy Hudson,MIN,False,2-pointer,22,66-59,'GSW',leads
201,201,201,200212050GSW,30.4,28.7,3rd quarter,9:59.0,Troy Hudson,MIN,False,3-pointer,25,66-59,'GSW',leads
202,202,202,200212050GSW,10.9,17.8,3rd quarter,9:29.0,Rasho Nesterović,MIN,True,2-pointer,18,68-60,'GSW',leads
203,203,203,200212050GSW,35.7,16.4,3rd quarter,9:08.0,Rasho Nesterović,MIN,False,2-pointer,16,68-60,'GSW',leads
204,204,204,200212050GSW,11.0,13.7,3rd quarter,8:56.0,Kendall Gill,MIN,False,2-pointer,16,68-60,'GSW',leads
205,205,205,200212050GSW,37.6,26.9,3rd quarter,8:15.0,Troy Hudson,MIN,False,3-pointer,26,68-62,'GSW',leads
206,206,206,200212050GSW,28.7,8.0,3rd quarter,6:38.0,Kevin Garnett,MIN,False,2-pointer,6,68-67,'GSW',leads
207,207,207,200212050GSW,19.9,20.0,3rd quarter,6:10.0,Rod Strickland,MIN,True,2-pointer,16,70-69,'GSW',leads
208,208,208,200212050GSW,26.6,7.0,3rd quarter,5:34.0,Rod Strickland,MIN,False,2-pointer,3,70-69,'GSW',leads
209,209,209,200212050GSW,4.0,6.5,3rd quarter,5:19.0,Kendall Gill,MIN,False,2-pointer,20,70-70,'GSW',tied
210,210,210,200212050GSW,24.0,5.0,3rd quarter,5:14.0,Rasho Nesterović,MIN,True,2-pointer,0,72-70,'GSW',leads
211,211,211,200212050GSW,23.8,15.7,3rd quarter,4:42.0,Rasho Nesterović,MIN,False,2-pointer,11,72-70,'GSW',leads
212,212,212,200212050GSW,37.3,8.1,3rd quarter,4:23.0,Joe Smith,MIN,True,2-pointer,14,74-72,'GSW',leads
213,213,213,200212050GSW,19.2,8.6,3rd quarter,3:53.0,Kevin Garnett,MIN,False,2-pointer,6,74-72,'GSW',leads
214,214,214,200212050GSW,24.0,5.0,3rd quarter,3:10.0,Kevin Garnett,MIN,True,2-pointer,0,77-72,'GSW',leads
215,215,215,200212050GSW,25.3,9.9,3rd quarter,2:45.0,Joe Smith,MIN,False,2-pointer,5,78-72,'GSW',leads
216,216,216,200212050GSW,5.9,4.9,3rd quarter,1:59.0,Joe Smith,MIN,True,2-pointer,18,80-74,'GSW',leads
217,217,217,200212050GSW,24.0,5.0,3rd quarter,1:29.0,Rod Strickland,MIN,True,2-pointer,0,82-74,'GSW',leads
218,218,218,200212050GSW,32.2,20.6,3rd quarter,0:23.3,Rod Strickland,MIN,False,2-pointer,18,82-74,'GSW',leads
219,219,219,200212050GSW,33.7,6.8,4th quarter,11:45.0,Rasho Nesterović,MIN,False,2-pointer,10,82-74,'GSW',leads
220,220,220,200212050GSW,6.1,4.5,4th quarter,11:08.0,Anthony Peeler,MIN,True,2-pointer,18,84-77,'GSW',leads
221,221,221,200212050GSW,24.0,5.0,4th quarter,10:35.0,Rod Strickland,MIN,True,2-pointer,0,86-79,'GSW',leads
222,222,222,200212050GSW,8.4,4.4,4th quarter,10:13.0,Anthony Peeler,MIN,True,2-pointer,16,88-79,'GSW',leads
223,223,223,200212050GSW,6.6,4.2,4th quarter,9:52.0,Kendall Gill,MIN,True,2-pointer,17,90-79,'GSW',leads
224,224,224,200212050GSW,16.1,18.2,4th quarter,8:50.0,Anthony Peeler,MIN,True,2-pointer,15,92-79,'GSW',leads
225,225,225,200212050GSW,25.6,21.0,4th quarter,8:21.0,Anthony Peeler,MIN,False,2-pointer,16,92-82,'GSW',leads
226,226,226,200212050GSW,22.9,11.4,4th quarter,7:33.0,Kendall Gill,MIN,True,2-pointer,6,94-82,'GSW',leads
227,227,227,200212050GSW,43.0,4.4,4th quarter,7:05.0,Kendall Gill,MIN,False,2-pointer,19,95-82,'GSW',leads
228,228,228,200212050GSW,20.1,8.0,4th quarter,7:01.0,Joe Smith,MIN,False,2-pointer,5,95-82,'GSW',leads
229,229,229,200212050GSW,24.0,5.0,4th quarter,6:39.0,Anthony Peeler,MIN,True,2-pointer,0,98-82,'GSW',leads
230,230,230,200212050GSW,9.7,26.9,4th quarter,6:13.0,Anthony Peeler,MIN,True,3-pointer,26,101-84,'GSW',leads
231,231,231,200212050GSW,11.0,20.5,4th quarter,5:15.0,Kevin Garnett,MIN,True,2-pointer,20,103-86,'GSW',leads
232,232,232,200212050GSW,24.1,15.5,4th quarter,4:46.0,Troy Hudson,MIN,False,2-pointer,11,103-88,'GSW',leads
233,233,233,200212050GSW,9.9,5.3,4th quarter,4:38.0,Kevin Garnett,MIN,True,2-pointer,14,105-88,'GSW',leads
234,234,234,200212050GSW,20.9,9.0,4th quarter,4:02.0,Kevin Garnett,MIN,False,2-pointer,5,105-90,'GSW',leads
235,235,235,200212050GSW,6.4,5.0,4th quarter,3:36.0,Joe Smith,MIN,False,2-pointer,18,105-93,'GSW',leads
236,236,236,200212050GSW,24.0,5.0,4th quarter,3:21.0,Joe Smith,MIN,True,2-pointer,0,107-93,'GSW',leads
237,237,237,200212050GSW,34.8,5.2,4th quarter,2:45.0,Joe Smith,MIN,True,2-pointer,11,109-93,'GSW',leads
238,238,238,200212050GSW,7.7,6.3,4th quarter,2:07.0,Anthony Peeler,MIN,False,2-pointer,16,109-95,'GSW',leads
239,239,239,200212050GSW,12.3,3.2,4th quarter,1:18.0,Anthony Peeler,MIN,False,2-pointer,12,109-95,'GSW',leads
240,240,240,200212050GSW,24.0,5.0,4th quarter,0:42.1,Reggie Slater,MIN,True,2-pointer,0,112-95,'GSW',leads
241,241,241,200212050GSW,6.8,24.2,4th quarter,0:02.4,Igor Rakočević,MIN,False,3-pointer,26,112-98,'GSW',leads
242,242,242,200212050GSW,20.2,10.6,4th quarter,0:00.3,Kevin Garnett,MIN,True,2-pointer,7,114-98,'GSW',leads
243,243,243,200212050GSW,9.7,5.5,1st quarter,11:20.0,Gilbert Arenas,GSW,False,2-pointer,14,0-2,'GSW',trails
244,244,244,200212050GSW,37.8,26.0,1st quarter,10:41.0,Antawn Jamison,GSW,False,3-pointer,25,0-4,'GSW',trails
245,245,245,200212050GSW,24.0,5.0,1st quarter,10:36.0,Antawn Jamison,GSW,True,2-pointer,0,2-4,'GSW',trails
246,246,246,200212050GSW,1.7,4.2,1st quarter,10:13.0,Troy Murphy,GSW,True,3-pointer,22,5-4,'GSW',leads
247,247,247,200212050GSW,24.0,5.0,1st quarter,9:50.0,Jason Richardson,GSW,True,2-pointer,0,7-4,'GSW',leads
248,248,248,200212050GSW,24.1,9.1,1st quarter,9:15.0,Antawn Jamison,GSW,True,2-pointer,4,9-6,'GSW',leads
249,249,249,200212050GSW,26.1,15.5,1st quarter,8:50.0,Jason Richardson,GSW,False,2-pointer,11,10-8,'GSW',leads
250,250,250,200212050GSW,40.1,11.9,1st quarter,8:26.0,Troy Murphy,GSW,False,2-pointer,18,10-11,'GSW',trails
251,251,251,200212050GSW,24.0,5.0,1st quarter,7:23.0,Troy Murphy,GSW,True,2-pointer,0,12-15,'GSW',trails
252,252,252,200212050GSW,25.8,7.2,1st quarter,6:54.0,Gilbert Arenas,GSW,False,2-pointer,3,12-17,'GSW',trails
253,253,253,200212050GSW,38.8,5.2,1st quarter,5:43.0,Antawn Jamison,GSW,False,2-pointer,15,14-17,'GSW',trails
254,254,254,200212050GSW,20.9,6.8,1st quarter,5:40.0,Erick Dampier,GSW,False,2-pointer,4,14-17,'GSW',trails
255,255,255,200212050GSW,24.0,5.0,1st quarter,5:39.0,Troy Murphy,GSW,True,2-pointer,0,16-17,'GSW',trails
256,256,256,200212050GSW,4.9,6.7,1st quarter,5:09.0,Troy Murphy,GSW,False,2-pointer,19,16-19,'GSW',trails
257,257,257,200212050GSW,7.6,5.8,1st quarter,5:01.0,Troy Murphy,GSW,False,2-pointer,16,16-19,'GSW',trails
258,258,258,200212050GSW,21.5,23.7,1st quarter,4:30.0,Troy Murphy,GSW,False,2-pointer,19,16-21,'GSW',trails
259,259,259,200212050GSW,20.9,10.1,1st quarter,3:18.0,Jason Richardson,GSW,False,2-pointer,6,18-25,'GSW',trails
260,260,260,200212050GSW,24.0,5.0,1st quarter,3:18.0,Troy Murphy,GSW,False,2-pointer,0,18-25,'GSW',trails
261,261,261,200212050GSW,32.9,9.0,1st quarter,2:57.0,Antawn Jamison,GSW,False,2-pointer,10,18-27,'GSW',trails
262,262,262,200212050GSW,40.4,6.0,1st quarter,2:49.0,Antawn Jamison,GSW,True,2-pointer,16,20-27,'GSW',trails
263,263,263,200212050GSW,24.0,5.0,1st quarter,2:18.0,Troy Murphy,GSW,True,2-pointer,0,22-27,'GSW',trails
264,264,264,200212050GSW,18.1,21.0,1st quarter,1:41.0,Earl Boykins,GSW,False,2-pointer,17,22-29,'GSW',trails
265,265,265,200212050GSW,20.1,26.4,1st quarter,0:24.0,Earl Boykins,GSW,True,2-pointer,22,24-33,'GSW',trails
266,266,266,200212050GSW,0.8,5.5,2nd quarter,11:01.0,Óscar Torres,GSW,False,3-pointer,23,24-35,'GSW',trails
267,267,267,200212050GSW,18.9,18.7,2nd quarter,10:32.0,Adonal Foyle,GSW,False,2-pointer,15,24-37,'GSW',trails
268,268,268,200212050GSW,24.8,11.4,2nd quarter,10:02.0,Earl Boykins,GSW,False,2-pointer,6,24-39,'GSW',trails
269,269,269,200212050GSW,24.0,5.0,2nd quarter,9:58.0,Mike Dunleavy,GSW,True,2-pointer,0,26-39,'GSW',trails
270,270,270,200212050GSW,32.4,28.0,2nd quarter,9:36.0,Antawn Jamison,GSW,True,3-pointer,24,29-39,'GSW',trails
271,271,271,200212050GSW,21.2,29.7,2nd quarter,8:38.0,Óscar Torres,GSW,False,3-pointer,25,29-41,'GSW',trails
272,272,272,200212050GSW,18.9,8.8,2nd quarter,8:09.0,Troy Murphy,GSW,False,2-pointer,6,29-41,'GSW',trails
273,273,273,200212050GSW,24.0,5.0,2nd quarter,8:07.0,Antawn Jamison,GSW,True,2-pointer,0,31-41,'GSW',trails
274,274,274,200212050GSW,41.6,11.8,2nd quarter,7:31.0,Óscar Torres,GSW,True,2-pointer,19,33-43,'GSW',trails
275,275,275,200212050GSW,40.3,24.9,2nd quarter,7:05.0,Mike Dunleavy,GSW,False,3-pointer,26,33-43,'GSW',trails
276,276,276,200212050GSW,21.1,7.6,2nd quarter,7:02.0,Antawn Jamison,GSW,True,2-pointer,4,35-43,'GSW',trails
277,277,277,200212050GSW,39.6,16.2,2nd quarter,6:22.0,Antawn Jamison,GSW,False,2-pointer,19,35-45,'GSW',trails
278,278,278,200212050GSW,35.7,19.5,2nd quarter,5:49.0,Earl Boykins,GSW,False,2-pointer,19,35-47,'GSW',trails
279,279,279,200212050GSW,34.8,21.0,2nd quarter,5:06.0,Gilbert Arenas,GSW,True,2-pointer,19,37-51,'GSW',trails
280,280,280,200212050GSW,36.1,19.3,2nd quarter,4:19.0,Mike Dunleavy,GSW,False,2-pointer,19,37-53,'GSW',trails
281,281,281,200212050GSW,6.4,23.1,2nd quarter,4:10.0,Mike Dunleavy,GSW,False,3-pointer,25,37-53,'GSW',trails
282,282,282,200212050GSW,37.5,19.5,2nd quarter,4:01.0,Antawn Jamison,GSW,True,2-pointer,20,39-53,'GSW',trails
283,283,283,200212050GSW,24.0,5.0,2nd quarter,3:26.0,Erick Dampier,GSW,True,2-pointer,0,41-55,'GSW',trails
284,284,284,200212050GSW,22.2,29.8,2nd quarter,2:52.0,Gilbert Arenas,GSW,True,3-pointer,25,44-57,'GSW',trails
285,285,285,200212050GSW,13.2,10.8,2nd quarter,2:23.0,Jason Richardson,GSW,False,2-pointer,12,45-57,'GSW',trails
286,286,286,200212050GSW,24.0,5.0,2nd quarter,1:55.0,Jason Richardson,GSW,True,2-pointer,0,48-58,'GSW',trails
287,287,287,200212050GSW,4.9,21.4,2nd quarter,1:28.0,Gilbert Arenas,GSW,False,3-pointer,25,49-60,'GSW',trails
288,288,288,200212050GSW,47.3,10.1,2nd quarter,1:04.0,Mike Dunleavy,GSW,False,3-pointer,24,49-60,'GSW',trails
289,289,289,200212050GSW,41.7,4.1,3rd quarter,11:40.0,Antawn Jamison,GSW,True,2-pointer,18,54-64,'GSW',trails
290,290,290,200212050GSW,20.9,8.6,3rd quarter,11:05.0,Erick Dampier,GSW,False,2-pointer,5,54-64,'GSW',trails
291,291,291,200212050GSW,47.2,3.7,3rd quarter,10:32.0,Gilbert Arenas,GSW,False,3-pointer,23,56-66,'GSW',trails
292,292,292,200212050GSW,24.0,5.0,3rd quarter,10:30.0,Troy Murphy,GSW,False,2-pointer,0,56-66,'GSW',trails
293,293,293,200212050GSW,15.1,28.7,3rd quarter,10:26.0,Jason Richardson,GSW,True,3-pointer,25,59-66,'GSW',trails
294,294,294,200212050GSW,15.5,23.6,3rd quarter,9:20.0,Gilbert Arenas,GSW,False,2-pointer,20,60-68,'GSW',trails
295,295,295,200212050GSW,24.0,5.0,3rd quarter,8:52.0,Jason Richardson,GSW,True,2-pointer,0,62-68,'GSW',trails
296,296,296,200212050GSW,12.0,26.7,3rd quarter,8:05.0,Jason Richardson,GSW,True,3-pointer,25,65-68,'GSW',trails
297,297,297,200212050GSW,24.0,5.0,3rd quarter,6:58.0,Jason Richardson,GSW,True,2-pointer,0,67-68,'GSW',trails
298,298,298,200212050GSW,24.0,5.0,3rd quarter,6:31.0,Erick Dampier,GSW,True,2-pointer,0,69-68,'GSW',leads
299,299,299,200212050GSW,24.0,5.0,3rd quarter,5:44.0,Gilbert Arenas,GSW,False,2-pointer,0,69-70,'GSW',trails
300,300,300,200212050GSW,24.0,5.0,3rd quarter,5:43.0,Antawn Jamison,GSW,False,2-pointer,0,69-70,'GSW',trails
301,301,301,200212050GSW,13.0,27.0,3rd quarter,5:05.0,Antawn Jamison,GSW,False,3-pointer,25,70-72,'GSW',trails
302,302,302,200212050GSW,27.3,25.9,3rd quarter,4:11.0,Troy Murphy,GSW,False,2-pointer,21,72-74,'GSW',trails
303,303,303,200212050GSW,26.8,10.6,3rd quarter,3:16.0,Jason Richardson,GSW,False,2-pointer,6,72-75,'GSW',trails
304,304,304,200212050GSW,14.8,22.1,3rd quarter,2:20.0,Troy Murphy,GSW,False,2-pointer,19,72-78,'GSW',trails
305,305,305,200212050GSW,8.6,5.2,3rd quarter,1:36.0,Erick Dampier,GSW,False,2-pointer,15,74-80,'GSW',trails
306,306,306,200212050GSW,38.9,25.7,3rd quarter,1:04.0,Gilbert Arenas,GSW,False,3-pointer,26,74-82,'GSW',trails
307,307,307,200212050GSW,40.7,24.1,3rd quarter,0:50.9,Jason Richardson,GSW,False,3-pointer,25,74-82,'GSW',trails
308,308,308,200212050GSW,35.8,19.8,3rd quarter,0:03.2,Gilbert Arenas,GSW,False,2-pointer,19,74-82,'GSW',trails
309,309,309,200212050GSW,21.9,8.3,3rd quarter,0:00.2,Antawn Jamison,GSW,False,2-pointer,4,74-82,'GSW',trails
310,310,310,200212050GSW,24.1,30.0,4th quarter,11:22.0,Mike Dunleavy,GSW,True,3-pointer,25,77-82,'GSW',trails
311,311,311,200212050GSW,44.5,3.4,4th quarter,10:48.0,Antawn Jamison,GSW,True,2-pointer,21,79-84,'GSW',trails
312,312,312,200212050GSW,24.0,5.0,4th quarter,9:05.0,Jason Richardson,GSW,False,2-pointer,0,79-90,'GSW',trails
313,313,313,200212050GSW,4.5,19.3,4th quarter,8:35.0,Mike Dunleavy,GSW,True,3-pointer,24,82-92,'GSW',trails
314,314,314,200212050GSW,47.8,4.2,4th quarter,7:20.0,Mike Dunleavy,GSW,False,3-pointer,24,82-95,'GSW',trails
315,315,315,200212050GSW,7.6,4.5,4th quarter,6:47.0,Antawn Jamison,GSW,False,2-pointer,16,82-96,'GSW',trails
316,316,316,200212050GSW,5.6,4.9,4th quarter,5:52.0,Óscar Torres,GSW,False,2-pointer,18,84-101,'GSW',trails
317,317,317,200212050GSW,24.0,5.0,4th quarter,5:50.0,Antawn Jamison,GSW,True,2-pointer,0,86-101,'GSW',trails
318,318,318,200212050GSW,39.9,18.8,4th quarter,4:19.0,Jason Richardson,GSW,True,2-pointer,21,90-105,'GSW',trails
319,319,319,200212050GSW,24.0,5.0,4th quarter,3:49.0,Gilbert Arenas,GSW,True,2-pointer,0,92-105,'GSW',trails
320,320,320,200212050GSW,24.3,28.3,4th quarter,3:10.0,Gilbert Arenas,GSW,False,2-pointer,23,93-107,'GSW',trails
321,321,321,200212050GSW,26.1,8.6,4th quarter,2:28.0,Antawn Jamison,GSW,True,2-pointer,4,95-109,'GSW',trails
322,322,322,200212050GSW,42.9,21.8,4th quarter,2:00.0,Jason Richardson,GSW,False,3-pointer,25,95-109,'GSW',trails
323,323,323,200212050GSW,25.3,30.7,4th quarter,1:07.0,Gilbert Arenas,GSW,False,3-pointer,26,95-109,'GSW',trails
324,324,324,200212050GSW,40.6,24.7,4th quarter,0:37.3,Jason Richardson,GSW,True,3-pointer,26,98-112,'GSW',trails
