,Unnamed: 0.1,Unnamed: 0,match_id,shotX,shotY,quarter,time_remaining,player,team,made,shot_type,distance,score,opp,status
0,0,0,200204240DAL,41.2,4.6,1st quarter,11:39.0,Sam Mitchell,MIN,False,2-pointer,17,0-0,'DAL',tied
1,1,1,200204240DAL,42.6,17.5,1st quarter,11:12.0,Chauncey Billups,MIN,False,2-pointer,22,0-1,'DAL',trails
2,2,2,200204240DAL,24.0,5.0,1st quarter,10:25.0,Chauncey Billups,MIN,False,2-pointer,0,0-3,'DAL',trails
3,3,3,200204240DAL,28.5,8.8,1st quarter,10:19.0,Rasho Nesterović,MIN,False,2-pointer,6,0-3,'DAL',trails
4,4,4,200204240DAL,24.0,5.0,1st quarter,10:13.0,Rasho Nesterović,MIN,True,2-pointer,0,2-3,'DAL',trails
5,5,5,200204240DAL,34.2,13.0,1st quarter,9:45.0,Wally Szczerbiak,MIN,True,2-pointer,13,4-3,'DAL',leads
6,6,6,200204240DAL,24.0,5.0,1st quarter,9:20.0,Kevin Garnett,MIN,True,2-pointer,0,6-6,'DAL',tied
7,7,7,200204240DAL,37.8,14.7,1st quarter,8:31.0,Kevin Garnett,MIN,False,2-pointer,17,6-8,'DAL',trails
8,8,8,200204240DAL,24.0,5.0,1st quarter,8:10.0,Chauncey Billups,MIN,False,2-pointer,0,6-8,'DAL',trails
9,9,9,200204240DAL,24.0,5.0,1st quarter,7:48.0,Wally Szczerbiak,MIN,True,2-pointer,0,8-8,'DAL',tied
10,10,10,200204240DAL,32.1,13.0,1st quarter,7:10.0,Kevin Garnett,MIN,False,2-pointer,11,8-8,'DAL',tied
11,11,11,200204240DAL,16.1,13.7,1st quarter,7:02.0,Wally Szczerbiak,MIN,True,2-pointer,12,10-8,'DAL',leads
12,12,12,200204240DAL,25.8,8.8,1st quarter,6:33.0,Rasho Nesterović,MIN,False,2-pointer,4,10-8,'DAL',leads
13,13,13,200204240DAL,28.5,9.2,1st quarter,6:00.0,Wally Szczerbiak,MIN,False,2-pointer,6,10-10,'DAL',tied
14,14,14,200204240DAL,24.0,5.0,1st quarter,6:00.0,Kevin Garnett,MIN,True,2-pointer,0,12-10,'DAL',leads
15,15,15,200204240DAL,24.0,5.0,1st quarter,5:34.0,Chauncey Billups,MIN,False,2-pointer,0,12-12,'DAL',tied
16,16,16,200204240DAL,24.0,5.0,1st quarter,5:32.0,Rasho Nesterović,MIN,True,2-pointer,0,14-12,'DAL',leads
17,17,17,200204240DAL,43.3,6.5,1st quarter,4:47.0,Wally Szczerbiak,MIN,True,2-pointer,19,16-15,'DAL',leads
18,18,18,200204240DAL,25.8,18.1,1st quarter,3:48.0,Chauncey Billups,MIN,False,2-pointer,13,17-18,'DAL',trails
19,19,19,200204240DAL,34.2,19.1,1st quarter,3:24.0,Kevin Garnett,MIN,False,2-pointer,17,18-18,'DAL',tied
20,20,20,200204240DAL,24.0,5.0,1st quarter,0:55.2,Robert Pack,MIN,True,2-pointer,0,25-26,'DAL',trails
21,21,21,200204240DAL,6.7,5.7,1st quarter,0:44.9,Robert Pack,MIN,False,2-pointer,17,26-28,'DAL',trails
22,22,22,200204240DAL,33.4,8.8,1st quarter,0:05.8,Kevin Garnett,MIN,True,2-pointer,10,28-30,'DAL',trails
23,23,23,200204240DAL,22.4,8.2,2nd quarter,11:46.0,Kevin Garnett,MIN,True,2-pointer,4,30-33,'DAL',trails
24,24,24,200204240DAL,37.2,23.4,2nd quarter,10:33.0,Kevin Garnett,MIN,True,2-pointer,23,32-35,'DAL',trails
25,25,25,200204240DAL,24.0,5.0,2nd quarter,10:07.0,Gary Trent,MIN,True,2-pointer,0,34-35,'DAL',trails
26,26,26,200204240DAL,33.6,8.0,2nd quarter,9:32.0,Kevin Garnett,MIN,True,2-pointer,10,36-37,'DAL',trails
27,27,27,200204240DAL,32.7,7.1,2nd quarter,7:54.0,Gary Trent,MIN,True,2-pointer,9,39-39,'DAL',tied
28,28,28,200204240DAL,30.6,11.3,2nd quarter,7:13.0,Gary Trent,MIN,True,2-pointer,9,41-39,'DAL',leads
29,29,29,200204240DAL,4.9,4.6,2nd quarter,6:02.0,Joe Smith,MIN,True,2-pointer,19,43-41,'DAL',leads
30,30,30,200204240DAL,36.3,18.5,2nd quarter,5:25.0,Kevin Garnett,MIN,False,2-pointer,18,43-43,'DAL',tied
31,31,31,200204240DAL,24.0,5.0,2nd quarter,5:21.0,Joe Smith,MIN,True,2-pointer,0,45-43,'DAL',leads
32,32,32,200204240DAL,24.0,5.0,2nd quarter,4:47.0,Felipe López,MIN,False,2-pointer,0,45-45,'DAL',tied
33,33,33,200204240DAL,24.0,5.0,2nd quarter,4:45.0,Kevin Garnett,MIN,False,2-pointer,0,45-45,'DAL',tied
34,34,34,200204240DAL,30.6,7.1,2nd quarter,4:05.0,Chauncey Billups,MIN,True,2-pointer,7,47-48,'DAL',trails
35,35,35,200204240DAL,6.4,5.4,2nd quarter,3:44.0,Chauncey Billups,MIN,False,2-pointer,18,47-50,'DAL',trails
36,36,36,200204240DAL,1.9,6.1,2nd quarter,3:37.0,Chauncey Billups,MIN,True,3-pointer,22,50-50,'DAL',tied
37,37,37,200204240DAL,21.7,10.9,2nd quarter,3:08.0,Gary Trent,MIN,False,2-pointer,6,50-50,'DAL',tied
38,38,38,200204240DAL,24.0,5.0,2nd quarter,3:04.0,Wally Szczerbiak,MIN,True,2-pointer,0,52-50,'DAL',leads
39,39,39,200204240DAL,47.7,5.0,2nd quarter,2:22.0,Felipe López,MIN,False,3-pointer,24,52-52,'DAL',tied
40,40,40,200204240DAL,41.2,22.7,2nd quarter,2:14.0,Chauncey Billups,MIN,True,3-pointer,25,55-52,'DAL',leads
41,41,41,200204240DAL,30.0,10.9,2nd quarter,1:51.0,Gary Trent,MIN,False,2-pointer,8,55-54,'DAL',leads
42,42,42,200204240DAL,30.6,10.3,2nd quarter,1:24.0,Joe Smith,MIN,False,2-pointer,8,55-57,'DAL',trails
43,43,43,200204240DAL,14.8,8.8,2nd quarter,1:16.0,Wally Szczerbiak,MIN,True,2-pointer,10,57-57,'DAL',tied
44,44,44,200204240DAL,12.5,11.3,2nd quarter,0:56.1,Wally Szczerbiak,MIN,True,2-pointer,13,59-59,'DAL',tied
45,45,45,200204240DAL,21.7,9.2,2nd quarter,0:20.1,Chauncey Billups,MIN,False,2-pointer,5,59-61,'DAL',trails
46,46,46,200204240DAL,20.3,8.2,3rd quarter,11:45.0,Wally Szczerbiak,MIN,False,2-pointer,5,59-63,'DAL',trails
47,47,47,200204240DAL,5.5,6.1,3rd quarter,11:12.0,Sam Mitchell,MIN,False,2-pointer,19,59-65,'DAL',trails
48,48,48,200204240DAL,22.4,20.6,3rd quarter,10:59.0,Rasho Nesterović,MIN,False,2-pointer,16,59-65,'DAL',trails
49,49,49,200204240DAL,24.0,5.0,3rd quarter,10:27.0,Kevin Garnett,MIN,True,2-pointer,0,61-65,'DAL',trails
50,50,50,200204240DAL,27.2,8.8,3rd quarter,9:43.0,Rasho Nesterović,MIN,True,2-pointer,5,64-67,'DAL',trails
51,51,51,200204240DAL,44.7,7.1,3rd quarter,9:18.0,Sam Mitchell,MIN,True,2-pointer,21,66-67,'DAL',trails
52,52,52,200204240DAL,12.5,16.4,3rd quarter,8:45.0,Sam Mitchell,MIN,False,2-pointer,16,66-69,'DAL',trails
53,53,53,200204240DAL,26.6,15.8,3rd quarter,7:04.0,Kevin Garnett,MIN,False,2-pointer,11,69-77,'DAL',trails
54,54,54,200204240DAL,30.0,9.2,3rd quarter,6:28.0,Kevin Garnett,MIN,True,2-pointer,7,71-77,'DAL',trails
55,55,55,200204240DAL,14.8,20.6,3rd quarter,5:19.0,Chauncey Billups,MIN,True,2-pointer,18,73-82,'DAL',trails
56,56,56,200204240DAL,1.9,12.6,3rd quarter,4:25.0,Wally Szczerbiak,MIN,False,3-pointer,23,73-84,'DAL',trails
57,57,57,200204240DAL,24.0,5.0,3rd quarter,3:28.0,Kevin Garnett,MIN,False,2-pointer,0,75-86,'DAL',trails
58,58,58,200204240DAL,24.0,5.0,3rd quarter,3:06.0,Chauncey Billups,MIN,True,2-pointer,0,77-86,'DAL',trails
59,59,59,200204240DAL,25.8,9.9,3rd quarter,2:14.0,Wally Szczerbiak,MIN,False,2-pointer,5,79-89,'DAL',trails
60,60,60,200204240DAL,10.4,6.1,3rd quarter,1:55.0,Kevin Garnett,MIN,False,2-pointer,14,79-91,'DAL',trails
61,61,61,200204240DAL,24.0,5.0,3rd quarter,1:28.0,Chauncey Billups,MIN,True,2-pointer,0,81-92,'DAL',trails
62,62,62,200204240DAL,24.0,5.0,3rd quarter,1:03.0,Wally Szczerbiak,MIN,True,2-pointer,0,84-92,'DAL',trails
63,63,63,200204240DAL,16.1,26.1,3rd quarter,0:32.7,Chauncey Billups,MIN,True,2-pointer,23,86-95,'DAL',trails
64,64,64,200204240DAL,11.8,27.2,3rd quarter,0:02.0,Kevin Garnett,MIN,False,3-pointer,25,86-97,'DAL',trails
65,65,65,200204240DAL,24.0,5.0,4th quarter,11:23.0,Gary Trent,MIN,True,2-pointer,0,88-99,'DAL',trails
66,66,66,200204240DAL,7.0,16.4,4th quarter,10:45.0,Kevin Garnett,MIN,False,2-pointer,20,88-99,'DAL',trails
67,67,67,200204240DAL,32.7,25.5,4th quarter,10:10.0,Chauncey Billups,MIN,False,2-pointer,22,88-99,'DAL',trails
68,68,68,200204240DAL,14.2,17.5,4th quarter,9:09.0,Wally Szczerbiak,MIN,True,2-pointer,16,91-102,'DAL',trails
69,69,69,200204240DAL,21.7,19.1,4th quarter,8:30.0,Wally Szczerbiak,MIN,False,2-pointer,14,91-102,'DAL',trails
70,70,70,200204240DAL,47.7,8.2,4th quarter,8:10.0,Wally Szczerbiak,MIN,False,3-pointer,24,91-102,'DAL',trails
71,71,71,200204240DAL,24.0,5.0,4th quarter,7:25.0,Rasho Nesterović,MIN,True,2-pointer,0,93-105,'DAL',trails
72,72,72,200204240DAL,23.0,10.3,4th quarter,6:04.0,Wally Szczerbiak,MIN,False,2-pointer,5,94-105,'DAL',trails
73,73,73,200204240DAL,24.0,5.0,4th quarter,5:25.0,Kevin Garnett,MIN,True,2-pointer,0,96-108,'DAL',trails
74,74,74,200204240DAL,35.0,14.1,4th quarter,3:28.0,Wally Szczerbiak,MIN,False,2-pointer,14,99-116,'DAL',trails
75,75,75,200204240DAL,32.1,7.6,4th quarter,2:55.0,Chauncey Billups,MIN,True,2-pointer,9,101-118,'DAL',trails
76,76,76,200204240DAL,27.9,8.2,4th quarter,1:50.0,Chauncey Billups,MIN,True,2-pointer,5,105-118,'DAL',trails
77,77,77,200204240DAL,3.4,18.1,4th quarter,0:48.4,Chauncey Billups,MIN,True,3-pointer,24,110-120,'DAL',trails
78,78,78,200204240DAL,37.8,26.1,4th quarter,0:20.8,Chauncey Billups,MIN,False,3-pointer,25,110-122,'DAL',trails
79,79,79,200204240DAL,27.9,6.5,1st quarter,11:48.0,Dirk Nowitzki,DAL,False,2-pointer,4,0-0,'DAL',tied
80,80,80,200204240DAL,24.0,5.0,1st quarter,11:20.0,Steve Nash,DAL,False,2-pointer,0,1-0,'DAL',leads
81,81,81,200204240DAL,24.0,5.0,1st quarter,11:03.0,Michael Finley,DAL,False,2-pointer,0,1-0,'DAL',leads
82,82,82,200204240DAL,32.3,9.0,1st quarter,10:59.0,Michael Finley,DAL,True,2-pointer,9,3-0,'DAL',leads
83,83,83,200204240DAL,22.4,8.8,1st quarter,10:31.0,Steve Nash,DAL,False,2-pointer,4,3-0,'DAL',leads
84,84,84,200204240DAL,39.9,6.1,1st quarter,9:53.0,Dirk Nowitzki,DAL,False,2-pointer,16,3-2,'DAL',leads
85,85,85,200204240DAL,9.1,24.0,1st quarter,9:37.0,Steve Nash,DAL,True,3-pointer,24,6-4,'DAL',leads
86,86,86,200204240DAL,18.2,28.2,1st quarter,9:03.0,Raef LaFrentz,DAL,False,3-pointer,24,6-6,'DAL',tied
87,87,87,200204240DAL,25.1,14.7,1st quarter,8:59.0,Michael Finley,DAL,True,2-pointer,10,8-6,'DAL',leads
88,88,88,200204240DAL,24.5,18.5,1st quarter,8:22.0,Michael Finley,DAL,False,2-pointer,14,8-6,'DAL',leads
89,89,89,200204240DAL,37.2,5.4,1st quarter,7:56.0,Dirk Nowitzki,DAL,False,2-pointer,13,8-6,'DAL',leads
90,90,90,200204240DAL,29.4,22.7,1st quarter,7:23.0,Eduardo Nájera,DAL,False,2-pointer,19,8-8,'DAL',tied
91,91,91,200204240DAL,24.0,5.0,1st quarter,6:21.0,Raef LaFrentz,DAL,False,2-pointer,0,8-10,'DAL',trails
92,92,92,200204240DAL,41.2,3.9,1st quarter,6:16.0,Eduardo Nájera,DAL,True,2-pointer,17,10-10,'DAL',tied
93,93,93,200204240DAL,43.3,16.8,1st quarter,5:43.0,Steve Nash,DAL,True,2-pointer,23,12-12,'DAL',tied
94,94,94,200204240DAL,16.1,17.5,1st quarter,5:14.0,Eduardo Nájera,DAL,False,2-pointer,15,12-14,'DAL',trails
95,95,95,200204240DAL,9.7,24.0,1st quarter,5:06.0,Dirk Nowitzki,DAL,True,3-pointer,24,15-14,'DAL',leads
96,96,96,200204240DAL,8.3,23.4,1st quarter,4:25.0,Steve Nash,DAL,True,3-pointer,24,18-16,'DAL',leads
97,97,97,200204240DAL,24.0,5.0,1st quarter,3:54.0,Evan Eschmeyer,DAL,False,2-pointer,0,18-17,'DAL',leads
98,98,98,200204240DAL,37.8,25.5,1st quarter,3:35.0,Dirk Nowitzki,DAL,False,3-pointer,25,18-18,'DAL',tied
99,99,99,200204240DAL,37.2,20.0,1st quarter,3:13.0,Dirk Nowitzki,DAL,False,2-pointer,20,18-18,'DAL',tied
100,100,100,200204240DAL,37.2,5.4,1st quarter,2:50.0,Raef LaFrentz,DAL,True,2-pointer,13,20-20,'DAL',tied
101,101,101,200204240DAL,24.0,5.0,1st quarter,2:27.0,Dirk Nowitzki,DAL,False,2-pointer,0,20-20,'DAL',tied
102,102,102,200204240DAL,35.9,5.7,1st quarter,2:00.0,Michael Finley,DAL,False,2-pointer,12,20-22,'DAL',trails
103,103,103,200204240DAL,24.0,5.0,1st quarter,1:57.0,Raef LaFrentz,DAL,True,2-pointer,0,22-22,'DAL',tied
104,104,104,200204240DAL,36.3,20.0,1st quarter,1:33.0,Dirk Nowitzki,DAL,True,2-pointer,19,24-22,'DAL',leads
105,105,105,200204240DAL,32.7,20.6,1st quarter,1:09.0,Nick Van,DAL,True,2-pointer,18,26-23,'DAL',leads
106,106,106,200204240DAL,39.3,20.6,1st quarter,0:44.9,Nick Van,DAL,True,2-pointer,22,28-26,'DAL',leads
107,107,107,200204240DAL,24.0,5.0,1st quarter,0:26.6,Michael Finley,DAL,True,2-pointer,0,30-26,'DAL',leads
108,108,108,200204240DAL,18.2,28.8,1st quarter,0:00.0,Michael Finley,DAL,True,3-pointer,25,33-28,'DAL',leads
109,109,109,200204240DAL,1.3,9.2,2nd quarter,11:24.0,Michael Finley,DAL,False,3-pointer,23,33-30,'DAL',leads
110,110,110,200204240DAL,24.0,5.0,2nd quarter,10:18.0,Greg Buckner,DAL,False,2-pointer,0,35-32,'DAL',leads
111,111,111,200204240DAL,24.0,5.0,2nd quarter,9:50.0,Nick Van,DAL,True,2-pointer,0,37-34,'DAL',leads
112,112,112,200204240DAL,14.2,18.5,2nd quarter,9:05.0,Dirk Nowitzki,DAL,False,2-pointer,17,37-36,'DAL',leads
113,113,113,200204240DAL,35.0,13.7,2nd quarter,9:00.0,Michael Finley,DAL,False,2-pointer,14,37-36,'DAL',leads
114,114,114,200204240DAL,25.8,9.9,2nd quarter,8:33.0,Eduardo Nájera,DAL,False,2-pointer,5,37-36,'DAL',leads
115,115,115,200204240DAL,24.0,5.0,2nd quarter,8:13.0,Dirk Nowitzki,DAL,True,2-pointer,0,39-37,'DAL',leads
116,116,116,200204240DAL,34.2,25.5,2nd quarter,7:33.0,Nick Van,DAL,False,2-pointer,23,39-39,'DAL',tied
117,117,117,200204240DAL,26.6,29.9,2nd quarter,6:54.0,Steve Nash,DAL,False,3-pointer,25,39-41,'DAL',trails
118,118,118,200204240DAL,11.8,13.0,2nd quarter,5:49.0,Dirk Nowitzki,DAL,True,2-pointer,15,43-43,'DAL',tied
119,119,119,200204240DAL,24.0,5.0,2nd quarter,5:13.0,Eduardo Nájera,DAL,True,2-pointer,0,45-45,'DAL',tied
120,120,120,200204240DAL,24.0,5.0,2nd quarter,4:41.0,Michael Finley,DAL,False,2-pointer,0,45-45,'DAL',tied
121,121,121,200204240DAL,24.0,5.0,2nd quarter,4:39.0,Dirk Nowitzki,DAL,False,2-pointer,0,45-45,'DAL',tied
122,122,122,200204240DAL,20.9,7.6,2nd quarter,4:26.0,Nick Van,DAL,False,2-pointer,4,45-45,'DAL',tied
123,123,123,200204240DAL,37.2,27.2,2nd quarter,4:20.0,Steve Nash,DAL,True,3-pointer,26,48-45,'DAL',leads
124,124,124,200204240DAL,23.0,8.8,2nd quarter,3:58.0,Nick Van,DAL,True,2-pointer,4,50-47,'DAL',leads
125,125,125,200204240DAL,23.0,8.8,2nd quarter,3:26.0,Nick Van,DAL,False,2-pointer,4,50-50,'DAL',tied
126,126,126,200204240DAL,24.0,5.0,2nd quarter,2:45.0,Raef LaFrentz,DAL,True,2-pointer,0,52-52,'DAL',tied
127,127,127,200204240DAL,24.0,5.0,2nd quarter,1:43.0,Steve Nash,DAL,True,2-pointer,0,56-55,'DAL',leads
128,128,128,200204240DAL,21.7,25.0,2nd quarter,0:36.1,Steve Nash,DAL,False,2-pointer,20,59-59,'DAL',tied
129,129,129,200204240DAL,24.0,5.0,2nd quarter,0:15.2,Michael Finley,DAL,True,2-pointer,0,63-59,'DAL',leads
130,130,130,200204240DAL,24.0,5.0,3rd quarter,11:40.0,Michael Finley,DAL,True,2-pointer,0,65-59,'DAL',leads
131,131,131,200204240DAL,24.0,5.0,3rd quarter,10:07.0,Dirk Nowitzki,DAL,False,2-pointer,0,65-62,'DAL',leads
132,132,132,200204240DAL,24.5,37.1,3rd quarter,10:01.0,Steve Nash,DAL,False,3-pointer,32,65-62,'DAL',leads
133,133,133,200204240DAL,24.0,5.0,3rd quarter,9:59.0,Raef LaFrentz,DAL,True,2-pointer,0,67-62,'DAL',leads
134,134,134,200204240DAL,37.8,26.7,3rd quarter,9:26.0,Raef LaFrentz,DAL,False,3-pointer,26,67-64,'DAL',leads
135,135,135,200204240DAL,31.5,16.4,3rd quarter,9:09.0,Eduardo Nájera,DAL,True,2-pointer,14,69-66,'DAL',leads
136,136,136,200204240DAL,40.1,9.5,3rd quarter,8:35.0,Dirk Nowitzki,DAL,True,2-pointer,17,71-66,'DAL',leads
137,137,137,200204240DAL,24.0,5.0,3rd quarter,7:51.0,Eduardo Nájera,DAL,True,2-pointer,0,75-67,'DAL',leads
138,138,138,200204240DAL,37.2,18.5,3rd quarter,7:26.0,Steve Nash,DAL,True,2-pointer,19,77-69,'DAL',leads
139,139,139,200204240DAL,40.5,18.5,3rd quarter,6:49.0,Dirk Nowitzki,DAL,False,2-pointer,21,77-69,'DAL',leads
140,140,140,200204240DAL,40.5,4.6,3rd quarter,6:12.0,Raef LaFrentz,DAL,True,2-pointer,17,79-71,'DAL',leads
141,141,141,200204240DAL,39.9,25.5,3rd quarter,5:33.0,Michael Finley,DAL,True,3-pointer,26,82-71,'DAL',leads
142,142,142,200204240DAL,15.4,10.3,3rd quarter,5:00.0,Steve Nash,DAL,False,2-pointer,10,82-73,'DAL',leads
143,143,143,200204240DAL,24.0,5.0,3rd quarter,4:48.0,Michael Finley,DAL,True,2-pointer,0,84-73,'DAL',leads
144,144,144,200204240DAL,47.1,15.4,3rd quarter,4:19.0,Michael Finley,DAL,False,3-pointer,25,84-73,'DAL',leads
145,145,145,200204240DAL,24.0,5.0,3rd quarter,4:14.0,Raef LaFrentz,DAL,True,2-pointer,0,86-73,'DAL',leads
146,146,146,200204240DAL,25.8,19.1,3rd quarter,3:40.0,Dirk Nowitzki,DAL,False,2-pointer,14,86-75,'DAL',leads
147,147,147,200204240DAL,47.1,6.1,3rd quarter,3:13.0,Nick Van,DAL,False,3-pointer,23,86-75,'DAL',leads
148,148,148,200204240DAL,22.4,9.2,3rd quarter,2:30.0,Nick Van,DAL,True,2-pointer,4,89-79,'DAL',leads
149,149,149,200204240DAL,33.4,25.0,3rd quarter,1:09.0,Michael Finley,DAL,False,2-pointer,22,92-82,'DAL',leads
150,150,150,200204240DAL,24.0,5.0,3rd quarter,0:40.9,Dirk Nowitzki,DAL,True,2-pointer,0,94-84,'DAL',leads
151,151,151,200204240DAL,14.8,6.5,3rd quarter,0:11.2,Michael Finley,DAL,True,2-pointer,9,97-86,'DAL',leads
152,152,152,200204240DAL,14.2,18.1,4th quarter,11:38.0,Michael Finley,DAL,True,2-pointer,16,99-86,'DAL',leads
153,153,153,200204240DAL,18.2,28.2,4th quarter,11:13.0,Steve Nash,DAL,False,3-pointer,24,99-88,'DAL',leads
154,154,154,200204240DAL,37.2,5.0,4th quarter,10:38.0,Michael Finley,DAL,False,2-pointer,13,99-88,'DAL',leads
155,155,155,200204240DAL,25.1,9.2,4th quarter,10:21.0,Michael Finley,DAL,False,2-pointer,4,99-88,'DAL',leads
156,156,156,200204240DAL,24.0,5.0,4th quarter,10:16.0,Raef LaFrentz,DAL,False,2-pointer,0,99-88,'DAL',leads
157,157,157,200204240DAL,44.7,9.2,4th quarter,9:53.0,Steve Nash,DAL,False,2-pointer,21,99-88,'DAL',leads
158,158,158,200204240DAL,42.6,20.6,4th quarter,9:25.0,Nick Van,DAL,True,3-pointer,24,102-89,'DAL',leads
159,159,159,200204240DAL,34.2,8.2,4th quarter,8:45.0,Dirk Nowitzki,DAL,False,2-pointer,11,102-91,'DAL',leads
160,160,160,200204240DAL,29.4,29.3,4th quarter,8:18.0,Raef LaFrentz,DAL,False,3-pointer,25,102-91,'DAL',leads
161,161,161,200204240DAL,46.2,17.5,4th quarter,8:02.0,Dirk Nowitzki,DAL,True,3-pointer,25,105-91,'DAL',leads
162,162,162,200204240DAL,27.9,10.3,4th quarter,7:39.0,Michael Finley,DAL,False,2-pointer,7,105-91,'DAL',leads
163,163,163,200204240DAL,41.2,5.4,4th quarter,7:03.0,Raef LaFrentz,DAL,False,2-pointer,17,105-93,'DAL',leads
164,164,164,200204240DAL,14.2,26.7,4th quarter,5:48.0,Nick Van,DAL,True,3-pointer,24,108-94,'DAL',leads
165,165,165,200204240DAL,47.7,8.2,4th quarter,5:06.0,Dirk Nowitzki,DAL,True,3-pointer,24,111-96,'DAL',leads
166,166,166,200204240DAL,47.1,6.1,4th quarter,4:36.0,Dirk Nowitzki,DAL,True,3-pointer,23,114-98,'DAL',leads
167,167,167,200204240DAL,13.3,4.6,4th quarter,3:46.0,Raef LaFrentz,DAL,True,2-pointer,11,116-99,'DAL',leads
168,168,168,200204240DAL,31.5,10.9,4th quarter,3:07.0,Michael Finley,DAL,True,2-pointer,10,118-99,'DAL',leads
169,169,169,200204240DAL,33.4,8.8,4th quarter,2:32.0,Michael Finley,DAL,False,2-pointer,10,118-101,'DAL',leads
170,170,170,200204240DAL,47.7,14.1,4th quarter,1:58.0,Nick Van,DAL,False,3-pointer,25,118-103,'DAL',leads
171,171,171,200204240DAL,6.4,5.4,4th quarter,0:54.6,Eduardo Nájera,DAL,True,2-pointer,18,120-107,'DAL',leads
172,172,172,200204240DAL,7.0,5.4,4th quarter,0:27.1,Eduardo Nájera,DAL,True,2-pointer,17,122-110,'DAL',leads
173,173,173,200204240DET,24.0,5.0,1st quarter,11:19.0,Keon Clark,TOR,False,2-pointer,0,0-0,'TOR',tied
174,174,174,200204240DET,8.5,9.0,1st quarter,10:48.0,Antonio Davis,TOR,False,2-pointer,16,0-1,'TOR',trails
175,175,175,200204240DET,24.0,5.0,1st quarter,10:44.0,Morris Peterson,TOR,True,2-pointer,0,2-1,'TOR',leads
176,176,176,200204240DET,37.2,6.1,1st quarter,10:15.0,Antonio Davis,TOR,True,2-pointer,13,4-1,'TOR',leads
177,177,177,200204240DET,7.8,26.5,1st quarter,9:46.0,Chris Childs,TOR,False,3-pointer,27,4-1,'TOR',leads
178,178,178,200204240DET,9.1,5.0,1st quarter,9:06.0,Keon Clark,TOR,True,2-pointer,15,6-1,'TOR',leads
179,179,179,200204240DET,37.2,14.1,1st quarter,8:26.0,Alvin Williams,TOR,False,2-pointer,16,6-1,'TOR',leads
180,180,180,200204240DET,6.4,4.8,1st quarter,7:52.0,Morris Peterson,TOR,False,2-pointer,18,6-4,'TOR',leads
181,181,181,200204240DET,24.0,5.0,1st quarter,7:34.0,Alvin Williams,TOR,True,2-pointer,0,8-6,'TOR',leads
182,182,182,200204240DET,4.9,5.7,1st quarter,7:06.0,Alvin Williams,TOR,True,2-pointer,19,10-6,'TOR',leads
183,183,183,200204240DET,13.3,7.3,1st quarter,6:14.0,Chris Childs,TOR,True,2-pointer,11,12-8,'TOR',leads
184,184,184,200204240DET,37.2,13.7,1st quarter,5:39.0,Keon Clark,TOR,True,2-pointer,16,14-8,'TOR',leads
185,185,185,200204240DET,11.8,10.1,1st quarter,5:04.0,Keon Clark,TOR,True,2-pointer,13,16-10,'TOR',leads
186,186,186,200204240DET,1.9,20.2,1st quarter,4:32.0,Chris Childs,TOR,True,3-pointer,27,19-12,'TOR',leads
187,187,187,200204240DET,34.4,9.7,1st quarter,3:37.0,Keon Clark,TOR,False,2-pointer,11,21-16,'TOR',leads
188,188,188,200204240DET,9.7,5.0,1st quarter,3:18.0,Chris Childs,TOR,False,2-pointer,14,21-16,'TOR',leads
189,189,189,200204240DET,1.3,16.2,1st quarter,2:38.0,Chris Childs,TOR,True,3-pointer,25,24-21,'TOR',leads
190,190,190,200204240DET,7.0,18.1,1st quarter,2:05.0,Chris Childs,TOR,False,2-pointer,21,24-21,'TOR',leads
191,191,191,200204240DET,24.0,5.0,1st quarter,2:02.0,Jerome Williams,TOR,False,2-pointer,0,24-21,'TOR',leads
192,192,192,200204240DET,24.0,5.0,1st quarter,2:00.0,Jerome Williams,TOR,False,2-pointer,0,24-21,'TOR',leads
193,193,193,200204240DET,24.0,5.0,1st quarter,1:35.0,Antonio Davis,TOR,True,2-pointer,0,28-23,'TOR',leads
194,194,194,200204240DET,37.2,15.1,1st quarter,0:24.3,Jerome Williams,TOR,True,2-pointer,17,30-27,'TOR',leads
195,195,195,200204240DET,38.0,11.8,2nd quarter,11:36.0,Jerome Williams,TOR,False,2-pointer,16,30-27,'TOR',leads
196,196,196,200204240DET,24.0,5.0,2nd quarter,11:29.0,Jerome Williams,TOR,True,2-pointer,0,32-27,'TOR',leads
197,197,197,200204240DET,13.3,18.1,2nd quarter,10:52.0,Chris Childs,TOR,False,2-pointer,17,32-29,'TOR',leads
198,198,198,200204240DET,10.6,9.0,2nd quarter,10:34.0,Antonio Davis,TOR,True,2-pointer,14,34-29,'TOR',leads
199,199,199,200204240DET,24.0,5.0,2nd quarter,9:46.0,Jerome Williams,TOR,True,2-pointer,0,36-29,'TOR',leads
200,200,200,200204240DET,3.4,20.2,2nd quarter,8:58.0,Chris Childs,TOR,True,3-pointer,26,39-29,'TOR',leads
201,201,201,200204240DET,24.0,5.0,2nd quarter,7:52.0,Morris Peterson,TOR,True,2-pointer,0,41-32,'TOR',leads
202,202,202,200204240DET,16.9,20.2,2nd quarter,6:57.0,Alvin Williams,TOR,False,2-pointer,17,41-35,'TOR',leads
203,203,203,200204240DET,7.0,5.0,2nd quarter,6:48.0,Jerome Williams,TOR,False,2-pointer,17,41-35,'TOR',leads
204,204,204,200204240DET,6.4,13.0,2nd quarter,6:12.0,Alvin Williams,TOR,True,2-pointer,19,43-35,'TOR',leads
205,205,205,200204240DET,1.9,17.5,2nd quarter,5:34.0,Alvin Williams,TOR,False,3-pointer,25,43-37,'TOR',leads
206,206,206,200204240DET,30.2,30.3,2nd quarter,5:18.0,Morris Peterson,TOR,False,3-pointer,26,43-37,'TOR',leads
207,207,207,200204240DET,40.7,24.8,2nd quarter,5:14.0,Morris Peterson,TOR,False,3-pointer,26,43-37,'TOR',leads
208,208,208,200204240DET,24.0,5.0,2nd quarter,4:29.0,Morris Peterson,TOR,False,2-pointer,0,43-40,'TOR',leads
209,209,209,200204240DET,11.2,11.8,2nd quarter,4:02.0,Keon Clark,TOR,True,2-pointer,14,45-40,'TOR',leads
210,210,210,200204240DET,10.6,21.9,2nd quarter,3:30.0,Chris Childs,TOR,False,2-pointer,22,45-40,'TOR',leads
211,211,211,200204240DET,24.0,5.0,2nd quarter,2:22.0,Keon Clark,TOR,False,2-pointer,0,47-42,'TOR',leads
212,212,212,200204240DET,24.0,5.0,2nd quarter,1:40.0,Keon Clark,TOR,True,2-pointer,0,49-42,'TOR',leads
213,213,213,200204240DET,11.2,16.8,2nd quarter,1:03.0,Antonio Davis,TOR,False,2-pointer,17,49-43,'TOR',leads
214,214,214,200204240DET,17.5,8.0,2nd quarter,0:14.3,Antonio Davis,TOR,False,2-pointer,7,49-46,'TOR',leads
215,215,215,200204240DET,24.0,5.0,3rd quarter,10:35.0,Morris Peterson,TOR,True,2-pointer,0,52-51,'TOR',leads
216,216,216,200204240DET,24.0,5.0,3rd quarter,9:34.0,Chris Childs,TOR,False,2-pointer,0,53-53,'TOR',tied
217,217,217,200204240DET,26.6,24.8,3rd quarter,9:14.0,Alvin Williams,TOR,False,2-pointer,20,53-53,'TOR',tied
218,218,218,200204240DET,24.0,5.0,3rd quarter,8:23.0,Morris Peterson,TOR,True,2-pointer,0,55-55,'TOR',tied
219,219,219,200204240DET,24.0,5.0,3rd quarter,7:57.0,Alvin Williams,TOR,False,2-pointer,0,55-55,'TOR',tied
220,220,220,200204240DET,24.0,5.0,3rd quarter,7:00.0,Alvin Williams,TOR,False,2-pointer,0,55-57,'TOR',trails
221,221,221,200204240DET,37.2,20.2,3rd quarter,6:16.0,Alvin Williams,TOR,False,2-pointer,20,55-57,'TOR',trails
222,222,222,200204240DET,9.7,27.6,3rd quarter,5:59.0,Chris Childs,TOR,True,3-pointer,27,58-57,'TOR',leads
223,223,223,200204240DET,41.6,9.0,3rd quarter,4:37.0,Jerome Williams,TOR,True,2-pointer,18,62-61,'TOR',leads
224,224,224,200204240DET,6.4,6.1,3rd quarter,3:55.0,Jerome Williams,TOR,False,2-pointer,18,62-61,'TOR',leads
225,225,225,200204240DET,38.0,16.8,3rd quarter,3:29.0,Chris Childs,TOR,True,2-pointer,18,64-62,'TOR',leads
226,226,226,200204240DET,9.7,10.7,3rd quarter,2:00.0,Keon Clark,TOR,False,2-pointer,15,65-68,'TOR',trails
227,227,227,200204240DET,33.8,12.4,3rd quarter,1:32.0,Alvin Williams,TOR,False,2-pointer,12,65-70,'TOR',trails
228,228,228,200204240DET,24.0,5.0,3rd quarter,1:03.0,Chris Childs,TOR,False,2-pointer,0,65-70,'TOR',trails
229,229,229,200204240DET,31.0,8.0,3rd quarter,0:53.6,Antonio Davis,TOR,False,2-pointer,8,65-70,'TOR',trails
230,230,230,200204240DET,10.6,13.7,3rd quarter,0:22.7,Chris Childs,TOR,True,2-pointer,16,67-72,'TOR',trails
231,231,231,200204240DET,24.0,5.0,4th quarter,11:36.0,Jerome Williams,TOR,True,2-pointer,0,69-72,'TOR',trails
232,232,232,200204240DET,35.9,17.5,4th quarter,11:10.0,Antonio Davis,TOR,True,2-pointer,17,71-72,'TOR',trails
233,233,233,200204240DET,11.2,9.7,4th quarter,10:29.0,Hakeem Olajuwon,TOR,False,2-pointer,14,71-74,'TOR',trails
234,234,234,200204240DET,24.0,5.0,4th quarter,9:43.0,Antonio Davis,TOR,False,2-pointer,0,71-74,'TOR',trails
235,235,235,200204240DET,24.0,5.0,4th quarter,9:42.0,Hakeem Olajuwon,TOR,True,2-pointer,0,73-74,'TOR',trails
236,236,236,200204240DET,38.6,6.1,4th quarter,9:02.0,Antonio Davis,TOR,True,2-pointer,15,75-76,'TOR',trails
237,237,237,200204240DET,35.3,20.2,4th quarter,8:19.0,Chris Childs,TOR,True,2-pointer,19,77-78,'TOR',trails
238,238,238,200204240DET,47.9,6.7,4th quarter,7:43.0,Alvin Williams,TOR,False,3-pointer,24,77-78,'TOR',trails
239,239,239,200204240DET,33.8,13.0,4th quarter,7:03.0,Hakeem Olajuwon,TOR,True,2-pointer,13,79-80,'TOR',trails
240,240,240,200204240DET,11.8,5.7,4th quarter,6:00.0,Hakeem Olajuwon,TOR,True,2-pointer,12,81-80,'TOR',leads
241,241,241,200204240DET,24.0,5.0,4th quarter,5:29.0,Chris Childs,TOR,True,2-pointer,0,83-80,'TOR',leads
242,242,242,200204240DET,39.3,18.1,4th quarter,4:49.0,Antonio Davis,TOR,True,2-pointer,20,85-83,'TOR',leads
243,243,243,200204240DET,35.9,8.6,4th quarter,4:08.0,Hakeem Olajuwon,TOR,False,2-pointer,12,85-86,'TOR',trails
244,244,244,200204240DET,8.5,15.8,4th quarter,3:11.0,Alvin Williams,TOR,True,2-pointer,19,87-89,'TOR',trails
245,245,245,200204240DET,24.0,5.0,4th quarter,2:32.0,Antonio Davis,TOR,False,2-pointer,0,87-91,'TOR',trails
246,246,246,200204240DET,40.1,5.7,4th quarter,1:44.0,Keon Clark,TOR,False,2-pointer,16,87-94,'TOR',trails
247,247,247,200204240DET,24.0,5.0,4th quarter,1:41.0,Antonio Davis,TOR,False,2-pointer,0,87-94,'TOR',trails
248,248,248,200204240DET,24.0,5.0,4th quarter,1:39.0,Antonio Davis,TOR,True,2-pointer,0,89-94,'TOR',trails
249,249,249,200204240DET,24.0,5.0,4th quarter,1:08.0,Morris Peterson,TOR,False,2-pointer,0,89-94,'TOR',trails
250,250,250,200204240DET,35.9,6.1,4th quarter,0:35.1,Antonio Davis,TOR,True,2-pointer,12,91-94,'TOR',trails
251,251,251,200204240DET,47.9,11.1,4th quarter,0:07.7,Alvin Williams,TOR,False,3-pointer,25,91-94,'TOR',trails
252,252,252,200204240DET,40.1,17.5,4th quarter,0:02.2,Alvin Williams,TOR,False,2-pointer,20,91-96,'TOR',trails
253,253,253,200204240DET,10.6,30.3,1st quarter,11:44.0,Chucky Atkins,DET,False,3-pointer,29,0-0,'TOR',tied
254,254,254,200204240DET,7.8,26.5,1st quarter,10:25.0,Jerry Stackhouse,DET,False,3-pointer,27,1-2,'TOR',trails
255,255,255,200204240DET,31.7,9.7,1st quarter,9:53.0,Clifford Robinson,DET,False,2-pointer,9,1-4,'TOR',trails
256,256,256,200204240DET,38.6,7.3,1st quarter,9:35.0,Jerry Stackhouse,DET,False,2-pointer,15,1-4,'TOR',trails
257,257,257,200204240DET,15.4,9.0,1st quarter,9:29.0,Chucky Atkins,DET,False,2-pointer,9,1-4,'TOR',trails
258,258,258,200204240DET,24.0,5.0,1st quarter,8:49.0,Michael Curry,DET,False,2-pointer,0,1-6,'TOR',trails
259,259,259,200204240DET,1.3,6.1,1st quarter,8:11.0,Chucky Atkins,DET,True,3-pointer,23,4-6,'TOR',trails
260,260,260,200204240DET,27.9,16.8,1st quarter,7:20.0,Jerry Stackhouse,DET,False,2-pointer,12,6-8,'TOR',trails
261,261,261,200204240DET,27.2,12.4,1st quarter,6:48.0,Clifford Robinson,DET,False,2-pointer,8,6-10,'TOR',trails
262,262,262,200204240DET,24.0,5.0,1st quarter,6:36.0,Chucky Atkins,DET,True,2-pointer,0,8-10,'TOR',trails
263,263,263,200204240DET,11.2,15.1,1st quarter,5:55.0,Clifford Robinson,DET,False,2-pointer,16,8-12,'TOR',trails
264,264,264,200204240DET,24.0,5.0,1st quarter,5:22.0,Chucky Atkins,DET,True,2-pointer,0,10-14,'TOR',trails
265,265,265,200204240DET,41.6,13.0,1st quarter,4:45.0,Michael Curry,DET,True,2-pointer,19,12-16,'TOR',trails
266,266,266,200204240DET,24.0,5.0,1st quarter,4:18.0,Jerry Stackhouse,DET,True,2-pointer,0,14-19,'TOR',trails
267,267,267,200204240DET,32.3,9.0,1st quarter,3:55.0,Jerry Stackhouse,DET,True,2-pointer,9,16-21,'TOR',trails
268,268,268,200204240DET,42.2,5.0,1st quarter,3:26.0,Jerry Stackhouse,DET,False,2-pointer,18,16-21,'TOR',trails
269,269,269,200204240DET,24.0,5.0,1st quarter,3:14.0,Jerry Stackhouse,DET,True,2-pointer,0,18-21,'TOR',trails
270,270,270,200204240DET,24.0,5.0,1st quarter,2:57.0,Ben Wallace,DET,True,2-pointer,0,21-21,'TOR',tied
271,271,271,200204240DET,24.0,5.0,1st quarter,2:17.0,Ben Wallace,DET,False,2-pointer,0,21-24,'TOR',trails
272,272,272,200204240DET,38.6,10.1,1st quarter,1:13.0,Ben Wallace,DET,True,2-pointer,15,25-28,'TOR',trails
273,273,273,200204240DET,45.2,10.1,1st quarter,0:39.7,Chucky Atkins,DET,True,2-pointer,22,27-28,'TOR',trails
274,274,274,200204240DET,41.6,5.7,2nd quarter,11:11.0,Corliss Williamson,DET,True,2-pointer,18,29-32,'TOR',trails
275,275,275,200204240DET,47.9,10.1,2nd quarter,10:06.0,Corliss Williamson,DET,False,3-pointer,24,29-34,'TOR',trails
276,276,276,200204240DET,35.9,7.3,2nd quarter,9:53.0,Ben Wallace,DET,False,2-pointer,12,29-34,'TOR',trails
277,277,277,200204240DET,27.9,10.7,2nd quarter,9:18.0,Corliss Williamson,DET,False,2-pointer,7,29-36,'TOR',trails
278,278,278,200204240DET,13.9,8.0,2nd quarter,8:37.0,Željko Rebrača,DET,False,2-pointer,11,29-39,'TOR',trails
279,279,279,200204240DET,45.8,20.8,2nd quarter,8:10.0,Jon Barry,DET,True,3-pointer,27,32-39,'TOR',trails
280,280,280,200204240DET,1.3,5.7,2nd quarter,7:33.0,Jon Barry,DET,True,3-pointer,23,35-41,'TOR',trails
281,281,281,200204240DET,26.0,29.9,2nd quarter,7:07.0,Jon Barry,DET,False,3-pointer,25,35-41,'TOR',trails
282,282,282,200204240DET,47.3,8.0,2nd quarter,6:37.0,Clifford Robinson,DET,False,3-pointer,23,35-41,'TOR',trails
283,283,283,200204240DET,33.1,6.7,2nd quarter,6:00.0,Corliss Williamson,DET,True,2-pointer,9,37-43,'TOR',trails
284,284,284,200204240DET,27.9,32.0,2nd quarter,4:53.0,Clifford Robinson,DET,True,3-pointer,27,40-43,'TOR',trails
285,285,285,200204240DET,31.7,30.9,2nd quarter,3:47.0,Jon Barry,DET,False,3-pointer,27,40-45,'TOR',trails
286,286,286,200204240DET,29.6,12.4,2nd quarter,3:05.0,Jerry Stackhouse,DET,False,2-pointer,9,40-45,'TOR',trails
287,287,287,200204240DET,24.0,5.0,2nd quarter,3:01.0,Ben Wallace,DET,False,2-pointer,0,40-45,'TOR',trails
288,288,288,200204240DET,27.9,11.1,2nd quarter,2:40.0,Corliss Williamson,DET,True,2-pointer,7,42-47,'TOR',trails
289,289,289,200204240DET,37.2,5.0,2nd quarter,2:02.0,Jon Barry,DET,False,2-pointer,13,42-47,'TOR',trails
290,290,290,200204240DET,46.4,15.1,2nd quarter,0:00.9,Jerry Stackhouse,DET,False,3-pointer,25,46-49,'TOR',trails
291,291,291,200204240DET,24.0,5.0,3rd quarter,11:27.0,Chucky Atkins,DET,True,2-pointer,0,49-50,'TOR',trails
292,292,292,200204240DET,16.9,8.6,3rd quarter,10:47.0,Jerry Stackhouse,DET,False,2-pointer,8,51-50,'TOR',leads
293,293,293,200204240DET,24.0,5.0,3rd quarter,10:42.0,Jerry Stackhouse,DET,False,2-pointer,0,51-50,'TOR',leads
294,294,294,200204240DET,24.0,5.0,3rd quarter,9:59.0,Clifford Robinson,DET,False,2-pointer,0,51-53,'TOR',trails
295,295,295,200204240DET,10.6,20.2,3rd quarter,9:53.0,Chucky Atkins,DET,False,2-pointer,20,51-53,'TOR',trails
296,296,296,200204240DET,15.4,9.0,3rd quarter,9:19.0,Jerry Stackhouse,DET,False,2-pointer,9,53-53,'TOR',tied
297,297,297,200204240DET,48.5,5.7,3rd quarter,8:05.0,Clifford Robinson,DET,False,3-pointer,25,55-55,'TOR',tied
298,298,298,200204240DET,0.5,5.0,3rd quarter,7:36.0,Clifford Robinson,DET,False,3-pointer,24,55-55,'TOR',tied
299,299,299,200204240DET,24.0,5.0,3rd quarter,7:32.0,Clifford Robinson,DET,True,2-pointer,0,57-55,'TOR',leads
300,300,300,200204240DET,4.9,9.0,3rd quarter,7:11.0,Jerry Stackhouse,DET,False,2-pointer,20,57-55,'TOR',leads
301,301,301,200204240DET,24.0,5.0,3rd quarter,6:42.0,Chucky Atkins,DET,False,2-pointer,0,57-55,'TOR',leads
302,302,302,200204240DET,24.0,5.0,3rd quarter,5:42.0,Ben Wallace,DET,True,2-pointer,0,59-58,'TOR',leads
303,303,303,200204240DET,33.1,31.6,3rd quarter,5:03.0,Chucky Atkins,DET,False,3-pointer,28,59-60,'TOR',trails
304,304,304,200204240DET,24.0,5.0,3rd quarter,4:58.0,Corliss Williamson,DET,True,2-pointer,0,61-60,'TOR',leads
305,305,305,200204240DET,43.1,4.2,3rd quarter,4:17.0,Corliss Williamson,DET,False,2-pointer,19,61-62,'TOR',trails
306,306,306,200204240DET,24.0,5.0,3rd quarter,4:02.0,Jerry Stackhouse,DET,False,2-pointer,0,61-62,'TOR',trails
307,307,307,200204240DET,24.0,5.0,3rd quarter,3:07.0,Chucky Atkins,DET,False,2-pointer,0,62-64,'TOR',trails
308,308,308,200204240DET,24.0,5.0,3rd quarter,3:05.0,Chucky Atkins,DET,True,2-pointer,0,64-64,'TOR',tied
309,309,309,200204240DET,47.3,13.7,3rd quarter,2:23.0,Jerry Stackhouse,DET,True,3-pointer,25,68-65,'TOR',leads
310,310,310,200204240DET,24.0,5.0,3rd quarter,1:52.0,Jerry Stackhouse,DET,True,2-pointer,0,70-65,'TOR',leads
311,311,311,200204240DET,24.0,5.0,3rd quarter,0:02.0,Jerry Stackhouse,DET,False,2-pointer,0,72-67,'TOR',leads
312,312,312,200204240DET,24.0,5.0,3rd quarter,0:00.8,Ben Wallace,DET,False,2-pointer,0,72-67,'TOR',leads
313,313,313,200204240DET,6.4,4.8,4th quarter,11:41.0,Jon Barry,DET,False,2-pointer,18,72-67,'TOR',leads
314,314,314,200204240DET,38.6,28.8,4th quarter,11:21.0,Jerry Stackhouse,DET,False,3-pointer,28,72-69,'TOR',leads
315,315,315,200204240DET,9.1,7.3,4th quarter,10:55.0,Jon Barry,DET,True,2-pointer,15,74-71,'TOR',leads
316,316,316,200204240DET,47.3,4.2,4th quarter,9:56.0,Damon Jones,DET,False,3-pointer,23,74-71,'TOR',leads
317,317,317,200204240DET,24.0,5.0,4th quarter,9:24.0,Damon Jones,DET,True,2-pointer,0,76-73,'TOR',leads
318,318,318,200204240DET,13.3,5.7,4th quarter,7:58.0,Corliss Williamson,DET,False,2-pointer,11,78-77,'TOR',leads
319,319,319,200204240DET,17.5,9.0,4th quarter,7:24.0,Željko Rebrača,DET,True,2-pointer,8,80-77,'TOR',leads
320,320,320,200204240DET,47.9,9.0,4th quarter,5:17.0,Jerry Stackhouse,DET,True,3-pointer,24,83-83,'TOR',tied
321,321,321,200204240DET,1.3,5.0,4th quarter,4:34.0,Jon Barry,DET,True,3-pointer,23,86-85,'TOR',leads
322,322,322,200204240DET,46.4,20.2,4th quarter,3:28.0,Jerry Stackhouse,DET,True,3-pointer,27,89-85,'TOR',leads
323,323,323,200204240DET,47.9,14.7,4th quarter,2:09.0,Jerry Stackhouse,DET,True,3-pointer,26,94-87,'TOR',leads
324,324,324,200204240DET,38.6,6.1,4th quarter,1:21.0,Jerry Stackhouse,DET,False,2-pointer,15,94-89,'TOR',leads
325,325,325,200204240DET,24.0,5.0,4th quarter,0:47.8,Chucky Atkins,DET,False,2-pointer,0,94-89,'TOR',leads
326,326,326,200204240DET,24.0,5.0,4th quarter,0:18.6,Clifford Robinson,DET,False,2-pointer,0,94-91,'TOR',leads
