,Unnamed: 0.1,Unnamed: 0,match_id,shotX,shotY,quarter,time_remaining,player,team,made,shot_type,distance,score,opp,status
0,0,0,200204280MIN,26.8,9.7,1st quarter,11:34.0,Dirk Nowitzki,DAL,True,2-pointer,5,2-0,'DAL',leads
1,1,1,200204280MIN,24.5,31.2,1st quarter,10:21.0,Steve Nash,DAL,False,3-pointer,26,4-2,'DAL',leads
2,2,2,200204280MIN,47.3,4.4,1st quarter,9:59.0,Raef LaFrentz,DAL,True,3-pointer,23,7-2,'DAL',leads
3,3,3,200204280MIN,45.0,21.9,1st quarter,9:20.0,Dirk Nowitzki,DAL,True,3-pointer,27,11-3,'DAL',leads
4,4,4,200204280MIN,35.5,27.8,1st quarter,8:50.0,Michael Finley,DAL,False,3-pointer,26,11-3,'DAL',leads
5,5,5,200204280MIN,2.1,17.2,1st quarter,8:14.0,Raef LaFrentz,DAL,True,3-pointer,25,14-5,'DAL',leads
6,6,6,200204280MIN,47.3,2.7,1st quarter,7:22.0,Dirk Nowitzki,DAL,True,3-pointer,23,19-7,'DAL',leads
7,7,7,200204280MIN,8.0,13.0,1st quarter,6:33.0,Dirk Nowitzki,DAL,True,2-pointer,18,21-9,'DAL',leads
8,8,8,200204280MIN,30.4,29.5,1st quarter,6:08.0,Steve Nash,DAL,False,3-pointer,25,21-9,'DAL',leads
9,9,9,200204280MIN,8.7,2.3,1st quarter,5:15.0,Dirk Nowitzki,DAL,True,2-pointer,16,23-13,'DAL',leads
10,10,10,200204280MIN,28.9,14.3,1st quarter,4:56.0,Steve Nash,DAL,True,2-pointer,11,25-16,'DAL',leads
11,11,11,200204280MIN,24.0,5.0,1st quarter,4:34.0,Dirk Nowitzki,DAL,True,2-pointer,0,27-17,'DAL',leads
12,12,12,200204280MIN,8.7,17.2,1st quarter,4:14.0,Steve Nash,DAL,True,2-pointer,20,30-17,'DAL',leads
13,13,13,200204280MIN,29.6,7.3,1st quarter,3:27.0,Steve Nash,DAL,False,2-pointer,6,30-18,'DAL',leads
14,14,14,200204280MIN,18.2,7.8,1st quarter,3:26.0,Greg Buckner,DAL,True,2-pointer,6,32-18,'DAL',leads
15,15,15,200204280MIN,1.5,16.6,1st quarter,2:58.0,Steve Nash,DAL,False,3-pointer,25,32-18,'DAL',leads
16,16,16,200204280MIN,24.0,5.0,1st quarter,2:43.0,Nick Van,DAL,False,2-pointer,0,32-18,'DAL',leads
17,17,17,200204280MIN,33.4,28.8,1st quarter,2:39.0,Michael Finley,DAL,True,3-pointer,26,35-18,'DAL',leads
18,18,18,200204280MIN,16.7,16.6,1st quarter,2:00.0,Nick Van,DAL,False,2-pointer,14,35-20,'DAL',leads
19,19,19,200204280MIN,18.2,12.6,1st quarter,1:31.0,Michael Finley,DAL,True,2-pointer,10,37-23,'DAL',leads
20,20,20,200204280MIN,24.0,5.0,1st quarter,1:05.0,Michael Finley,DAL,True,2-pointer,0,39-25,'DAL',leads
21,21,21,200204280MIN,35.5,28.2,1st quarter,0:23.7,Nick Van,DAL,False,3-pointer,26,40-27,'DAL',leads
22,22,22,200204280MIN,24.0,5.0,2nd quarter,11:41.0,Steve Nash,DAL,True,2-pointer,0,42-28,'DAL',leads
23,23,23,200204280MIN,20.5,10.7,2nd quarter,10:10.0,Greg Buckner,DAL,False,2-pointer,7,46-28,'DAL',leads
24,24,24,200204280MIN,11.6,10.7,2nd quarter,9:19.0,Michael Finley,DAL,True,2-pointer,14,51-32,'DAL',leads
25,25,25,200204280MIN,17.3,7.3,2nd quarter,8:26.0,Steve Nash,DAL,False,2-pointer,7,53-34,'DAL',leads
26,26,26,200204280MIN,43.5,18.9,2nd quarter,8:00.0,Nick Van,DAL,False,3-pointer,24,53-34,'DAL',leads
27,27,27,200204280MIN,13.7,7.3,2nd quarter,7:37.0,Nick Van,DAL,False,2-pointer,11,53-36,'DAL',leads
28,28,28,200204280MIN,6.6,11.3,2nd quarter,7:03.0,Steve Nash,DAL,False,2-pointer,19,53-38,'DAL',leads
29,29,29,200204280MIN,36.9,6.7,2nd quarter,6:22.0,Shawn Bradley,DAL,True,2-pointer,13,55-41,'DAL',leads
30,30,30,200204280MIN,37.6,10.7,2nd quarter,5:17.0,Dirk Nowitzki,DAL,True,2-pointer,15,59-43,'DAL',leads
31,31,31,200204280MIN,10.8,13.0,2nd quarter,3:03.0,Dirk Nowitzki,DAL,False,2-pointer,15,62-47,'DAL',leads
32,32,32,200204280MIN,24.0,5.0,2nd quarter,3:00.0,Greg Buckner,DAL,False,2-pointer,0,62-47,'DAL',leads
33,33,33,200204280MIN,8.0,17.7,2nd quarter,2:20.0,Michael Finley,DAL,False,2-pointer,20,62-50,'DAL',leads
34,34,34,200204280MIN,26.8,10.7,2nd quarter,1:58.0,Nick Van,DAL,False,2-pointer,6,62-52,'DAL',leads
35,35,35,200204280MIN,42.0,4.4,2nd quarter,1:32.0,Dirk Nowitzki,DAL,False,2-pointer,18,62-54,'DAL',leads
36,36,36,200204280MIN,47.3,3.3,2nd quarter,1:08.0,Nick Van,DAL,True,3-pointer,23,65-56,'DAL',leads
37,37,37,200204280MIN,26.8,9.0,2nd quarter,0:30.0,Nick Van,DAL,False,2-pointer,5,65-56,'DAL',leads
38,38,38,200204280MIN,24.0,5.0,2nd quarter,0:28.6,Dirk Nowitzki,DAL,False,2-pointer,0,65-56,'DAL',leads
39,39,39,200204280MIN,24.0,5.0,2nd quarter,0:28.1,Dirk Nowitzki,DAL,True,2-pointer,0,67-56,'DAL',leads
40,40,40,200204280MIN,40.5,23.6,3rd quarter,11:44.0,Steve Nash,DAL,True,3-pointer,25,70-57,'DAL',leads
41,41,41,200204280MIN,26.8,22.5,3rd quarter,11:11.0,Eduardo Nájera,DAL,True,2-pointer,18,72-59,'DAL',leads
42,42,42,200204280MIN,41.4,3.3,3rd quarter,9:49.0,Steve Nash,DAL,False,2-pointer,17,74-63,'DAL',leads
43,43,43,200204280MIN,1.5,7.3,3rd quarter,9:15.0,Dirk Nowitzki,DAL,True,3-pointer,23,77-63,'DAL',leads
44,44,44,200204280MIN,28.3,29.5,3rd quarter,8:13.0,Michael Finley,DAL,True,3-pointer,25,82-63,'DAL',leads
45,45,45,200204280MIN,43.5,2.7,3rd quarter,7:38.0,Dirk Nowitzki,DAL,False,2-pointer,20,82-65,'DAL',leads
46,46,46,200204280MIN,19.0,9.0,3rd quarter,7:04.0,Shawn Bradley,DAL,False,2-pointer,6,82-68,'DAL',leads
47,47,47,200204280MIN,34.0,9.0,3rd quarter,6:46.0,Shawn Bradley,DAL,False,2-pointer,11,82-69,'DAL',leads
48,48,48,200204280MIN,39.0,16.6,3rd quarter,6:33.0,Steve Nash,DAL,False,2-pointer,19,82-70,'DAL',leads
49,49,49,200204280MIN,12.3,27.8,3rd quarter,5:51.0,Wang Zhizhi,DAL,False,3-pointer,26,82-72,'DAL',leads
50,50,50,200204280MIN,43.5,9.7,3rd quarter,5:12.0,Michael Finley,DAL,False,2-pointer,20,82-74,'DAL',leads
51,51,51,200204280MIN,6.6,22.5,3rd quarter,4:35.0,Steve Nash,DAL,True,3-pointer,25,85-74,'DAL',leads
52,52,52,200204280MIN,43.5,10.3,3rd quarter,3:54.0,Dirk Nowitzki,DAL,False,2-pointer,20,85-74,'DAL',leads
53,53,53,200204280MIN,39.9,14.9,3rd quarter,3:28.0,Wang Zhizhi,DAL,True,2-pointer,19,87-77,'DAL',leads
54,54,54,200204280MIN,6.6,23.1,3rd quarter,2:59.0,Wang Zhizhi,DAL,False,3-pointer,25,87-77,'DAL',leads
55,55,55,200204280MIN,39.9,2.3,3rd quarter,2:41.0,Nick Van,DAL,False,2-pointer,16,87-77,'DAL',leads
56,56,56,200204280MIN,28.9,9.7,3rd quarter,2:20.0,Michael Finley,DAL,True,2-pointer,7,89-77,'DAL',leads
57,57,57,200204280MIN,10.2,13.0,3rd quarter,1:36.0,Michael Finley,DAL,True,2-pointer,16,91-77,'DAL',leads
58,58,58,200204280MIN,0.7,3.9,3rd quarter,0:53.3,Michael Finley,DAL,True,3-pointer,23,95-77,'DAL',leads
59,59,59,200204280MIN,24.0,5.0,3rd quarter,0:01.0,Nick Van,DAL,False,2-pointer,0,97-79,'DAL',leads
60,60,60,200204280MIN,7.2,24.2,4th quarter,10:46.0,Steve Nash,DAL,False,3-pointer,26,97-82,'DAL',leads
61,61,61,200204280MIN,24.0,5.0,4th quarter,10:14.0,Nick Van,DAL,False,2-pointer,0,97-84,'DAL',leads
62,62,62,200204280MIN,41.4,13.7,4th quarter,9:39.0,Michael Finley,DAL,False,2-pointer,19,97-84,'DAL',leads
63,63,63,200204280MIN,8.7,14.3,4th quarter,9:07.0,Dirk Nowitzki,DAL,True,2-pointer,18,99-85,'DAL',leads
64,64,64,200204280MIN,1.5,18.9,4th quarter,8:39.0,Nick Van,DAL,False,3-pointer,26,99-88,'DAL',leads
65,65,65,200204280MIN,8.0,13.7,4th quarter,7:36.0,Michael Finley,DAL,False,2-pointer,18,99-88,'DAL',leads
66,66,66,200204280MIN,24.0,5.0,4th quarter,6:29.0,Steve Nash,DAL,False,2-pointer,0,101-93,'DAL',leads
67,67,67,200204280MIN,40.5,23.6,4th quarter,6:04.0,Michael Finley,DAL,True,3-pointer,25,104-95,'DAL',leads
68,68,68,200204280MIN,24.5,12.6,4th quarter,5:22.0,Michael Finley,DAL,False,2-pointer,8,104-98,'DAL',leads
69,69,69,200204280MIN,6.6,23.6,4th quarter,4:42.0,Michael Finley,DAL,False,3-pointer,25,104-100,'DAL',leads
70,70,70,200204280MIN,15.2,9.0,4th quarter,3:45.0,Nick Van,DAL,False,2-pointer,10,104-101,'DAL',leads
71,71,71,200204280MIN,23.4,20.6,4th quarter,3:26.0,Eduardo Nájera,DAL,False,2-pointer,16,104-101,'DAL',leads
72,72,72,200204280MIN,5.7,3.3,4th quarter,3:01.0,Dirk Nowitzki,DAL,False,2-pointer,18,104-101,'DAL',leads
73,73,73,200204280MIN,26.8,10.7,4th quarter,2:37.0,Michael Finley,DAL,False,2-pointer,6,104-101,'DAL',leads
74,74,74,200204280MIN,24.0,5.0,4th quarter,2:36.0,Eduardo Nájera,DAL,True,2-pointer,0,106-101,'DAL',leads
75,75,75,200204280MIN,20.5,29.5,4th quarter,1:47.0,Steve Nash,DAL,True,3-pointer,25,109-101,'DAL',leads
76,76,76,200204280MIN,38.4,9.7,4th quarter,1:24.0,Dirk Nowitzki,DAL,True,2-pointer,15,111-101,'DAL',leads
77,77,77,200204280MIN,19.6,14.9,4th quarter,0:33.9,Eduardo Nájera,DAL,True,2-pointer,11,115-102,'DAL',leads
78,78,78,200204280MIN,40.1,2.5,1st quarter,11:43.0,Wally Szczerbiak,MIN,False,2-pointer,16,0-0,'DAL',tied
79,79,79,200204280MIN,45.0,5.0,1st quarter,11:16.0,Chauncey Billups,MIN,False,2-pointer,21,0-2,'DAL',trails
80,80,80,200204280MIN,19.6,9.7,1st quarter,11:08.0,Rasho Nesterović,MIN,False,2-pointer,6,0-2,'DAL',trails
81,81,81,200204280MIN,24.0,5.0,1st quarter,10:42.0,Rasho Nesterović,MIN,True,2-pointer,0,2-4,'DAL',trails
82,82,82,200204280MIN,24.0,5.0,1st quarter,8:35.0,Kevin Garnett,MIN,True,2-pointer,0,5-11,'DAL',trails
83,83,83,200204280MIN,8.7,16.6,1st quarter,8:01.0,Kevin Garnett,MIN,True,2-pointer,19,7-14,'DAL',trails
84,84,84,200204280MIN,24.0,11.3,1st quarter,7:06.0,Kevin Garnett,MIN,False,2-pointer,6,7-19,'DAL',trails
85,85,85,200204280MIN,24.0,5.0,1st quarter,6:49.0,Chauncey Billups,MIN,True,2-pointer,0,9-19,'DAL',trails
86,86,86,200204280MIN,24.0,5.0,1st quarter,6:01.0,Kevin Garnett,MIN,True,2-pointer,0,11-21,'DAL',trails
87,87,87,200204280MIN,26.0,24.8,1st quarter,5:40.0,Chauncey Billups,MIN,True,2-pointer,20,13-21,'DAL',trails
88,88,88,200204280MIN,37.6,26.5,1st quarter,5:05.0,Chauncey Billups,MIN,True,3-pointer,25,16-23,'DAL',trails
89,89,89,200204280MIN,18.2,15.4,1st quarter,4:25.0,Chauncey Billups,MIN,False,2-pointer,12,17-28,'DAL',trails
90,90,90,200204280MIN,25.4,10.7,1st quarter,3:50.0,Wally Szczerbiak,MIN,False,2-pointer,6,17-30,'DAL',trails
91,91,91,200204280MIN,24.0,5.0,1st quarter,2:50.0,Chauncey Billups,MIN,False,2-pointer,0,18-32,'DAL',trails
92,92,92,200204280MIN,10.2,25.9,1st quarter,1:53.0,Anthony Peeler,MIN,True,3-pointer,25,23-35,'DAL',trails
93,93,93,200204280MIN,33.4,13.7,1st quarter,1:21.0,Kevin Garnett,MIN,True,2-pointer,13,25-37,'DAL',trails
94,94,94,200204280MIN,13.7,22.5,2nd quarter,11:15.0,Kevin Garnett,MIN,False,2-pointer,20,28-42,'DAL',trails
95,95,95,200204280MIN,30.4,10.7,2nd quarter,10:47.0,Anthony Peeler,MIN,False,2-pointer,9,28-44,'DAL',trails
96,96,96,200204280MIN,27.5,20.6,2nd quarter,10:00.0,Wally Szczerbiak,MIN,True,2-pointer,16,30-46,'DAL',trails
97,97,97,200204280MIN,19.6,9.7,2nd quarter,9:34.0,Kevin Garnett,MIN,True,2-pointer,6,32-49,'DAL',trails
98,98,98,200204280MIN,24.0,5.0,2nd quarter,9:04.0,Kevin Garnett,MIN,False,2-pointer,0,32-51,'DAL',trails
99,99,99,200204280MIN,6.6,2.7,2nd quarter,8:53.0,Kevin Garnett,MIN,True,2-pointer,18,34-51,'DAL',trails
100,100,100,200204280MIN,24.0,10.7,2nd quarter,7:52.0,Wally Szczerbiak,MIN,True,2-pointer,6,36-53,'DAL',trails
101,101,101,200204280MIN,39.9,24.8,2nd quarter,7:31.0,Anthony Peeler,MIN,False,3-pointer,25,36-53,'DAL',trails
102,102,102,200204280MIN,24.0,5.0,2nd quarter,7:11.0,Wally Szczerbiak,MIN,True,2-pointer,0,38-53,'DAL',trails
103,103,103,200204280MIN,29.6,7.8,2nd quarter,6:43.0,Rasho Nesterović,MIN,True,2-pointer,6,41-53,'DAL',trails
104,104,104,200204280MIN,14.4,28.8,2nd quarter,5:39.0,Chauncey Billups,MIN,False,3-pointer,26,41-57,'DAL',trails
105,105,105,200204280MIN,28.3,11.3,2nd quarter,4:58.0,Rasho Nesterović,MIN,False,2-pointer,8,43-59,'DAL',trails
106,106,106,200204280MIN,15.2,5.4,2nd quarter,4:02.0,Chauncey Billups,MIN,False,2-pointer,9,45-61,'DAL',trails
107,107,107,200204280MIN,8.0,3.9,2nd quarter,3:42.0,Wally Szczerbiak,MIN,False,2-pointer,16,45-62,'DAL',trails
108,108,108,200204280MIN,25.4,12.0,2nd quarter,3:23.0,Wally Szczerbiak,MIN,False,2-pointer,7,45-62,'DAL',trails
109,109,109,200204280MIN,24.0,5.0,2nd quarter,3:21.0,Joe Smith,MIN,True,2-pointer,0,47-62,'DAL',trails
110,110,110,200204280MIN,44.3,21.3,2nd quarter,2:36.0,Anthony Peeler,MIN,True,3-pointer,26,50-62,'DAL',trails
111,111,111,200204280MIN,0.7,2.7,2nd quarter,0:42.0,Anthony Peeler,MIN,False,3-pointer,23,56-65,'DAL',trails
112,112,112,200204280MIN,12.3,29.5,2nd quarter,0:00.2,Chauncey Billups,MIN,False,3-pointer,27,57-67,'DAL',trails
113,113,113,200204280MIN,19.0,11.3,3rd quarter,11:29.0,Kevin Garnett,MIN,True,2-pointer,8,59-70,'DAL',trails
114,114,114,200204280MIN,23.4,11.3,3rd quarter,10:59.0,Kevin Garnett,MIN,True,2-pointer,6,61-72,'DAL',trails
115,115,115,200204280MIN,0.7,12.6,3rd quarter,10:14.0,Chauncey Billups,MIN,False,3-pointer,25,61-74,'DAL',trails
116,116,116,200204280MIN,39.9,2.7,3rd quarter,10:07.0,Anthony Peeler,MIN,True,2-pointer,16,63-74,'DAL',trails
117,117,117,200204280MIN,3.0,7.8,3rd quarter,9:41.0,Wally Szczerbiak,MIN,False,2-pointer,21,63-74,'DAL',trails
118,118,118,200204280MIN,28.9,7.8,3rd quarter,9:32.0,Chauncey Billups,MIN,False,2-pointer,6,63-74,'DAL',trails
119,119,119,200204280MIN,6.6,13.7,3rd quarter,8:53.0,Anthony Peeler,MIN,False,2-pointer,19,63-77,'DAL',trails
120,120,120,200204280MIN,42.8,23.1,3rd quarter,8:44.0,Wally Szczerbiak,MIN,False,3-pointer,26,63-77,'DAL',trails
121,121,121,200204280MIN,19.6,10.3,3rd quarter,8:21.0,Kevin Garnett,MIN,False,2-pointer,7,63-79,'DAL',trails
122,122,122,200204280MIN,24.0,5.0,3rd quarter,7:58.0,Rasho Nesterović,MIN,True,2-pointer,0,65-82,'DAL',trails
123,123,123,200204280MIN,0.7,2.7,3rd quarter,7:24.0,Anthony Peeler,MIN,True,3-pointer,23,68-82,'DAL',trails
124,124,124,200204280MIN,24.0,5.0,3rd quarter,6:10.0,Anthony Peeler,MIN,True,2-pointer,0,72-82,'DAL',trails
125,125,125,200204280MIN,13.1,6.7,3rd quarter,5:38.0,Rasho Nesterović,MIN,False,2-pointer,11,72-82,'DAL',trails
126,126,126,200204280MIN,16.7,6.7,3rd quarter,4:59.0,Kevin Garnett,MIN,False,2-pointer,8,74-82,'DAL',trails
127,127,127,200204280MIN,1.5,16.0,3rd quarter,3:48.0,Chauncey Billups,MIN,True,3-pointer,25,77-85,'DAL',trails
128,128,128,200204280MIN,16.7,8.4,3rd quarter,3:09.0,Kevin Garnett,MIN,False,2-pointer,8,77-87,'DAL',trails
129,129,129,200204280MIN,32.5,28.2,3rd quarter,2:50.0,Chauncey Billups,MIN,False,3-pointer,25,77-87,'DAL',trails
130,130,130,200204280MIN,6.6,16.0,3rd quarter,1:59.0,Robert Pack,MIN,False,2-pointer,21,77-89,'DAL',trails
131,131,131,200204280MIN,10.8,20.0,3rd quarter,1:20.0,Joe Smith,MIN,False,2-pointer,20,77-91,'DAL',trails
132,132,132,200204280MIN,5.1,2.7,3rd quarter,0:37.1,Gary Trent,MIN,False,2-pointer,19,77-95,'DAL',trails
133,133,133,200204280MIN,15.2,23.1,3rd quarter,0:20.6,Chauncey Billups,MIN,True,2-pointer,20,79-97,'DAL',trails
134,134,134,200204280MIN,28.9,9.7,4th quarter,11:48.0,Kevin Garnett,MIN,False,2-pointer,7,79-97,'DAL',trails
135,135,135,200204280MIN,24.0,9.0,4th quarter,11:45.0,Kevin Garnett,MIN,True,2-pointer,4,81-97,'DAL',trails
136,136,136,200204280MIN,26.8,10.3,4th quarter,10:35.0,Gary Trent,MIN,True,2-pointer,6,84-97,'DAL',trails
137,137,137,200204280MIN,0.0,3.3,4th quarter,8:50.0,Felipe López,MIN,True,3-pointer,24,88-99,'DAL',trails
138,138,138,200204280MIN,24.0,5.0,4th quarter,8:22.0,Felipe López,MIN,False,2-pointer,0,88-99,'DAL',trails
139,139,139,200204280MIN,8.7,9.7,4th quarter,7:44.0,Kevin Garnett,MIN,False,2-pointer,16,88-99,'DAL',trails
140,140,140,200204280MIN,32.5,28.8,4th quarter,7:29.0,Anthony Peeler,MIN,True,3-pointer,25,91-99,'DAL',trails
141,141,141,200204280MIN,20.5,30.5,4th quarter,6:51.0,Anthony Peeler,MIN,False,3-pointer,26,91-101,'DAL',trails
142,142,142,200204280MIN,24.0,5.0,4th quarter,6:48.0,Gary Trent,MIN,True,2-pointer,0,93-101,'DAL',trails
143,143,143,200204280MIN,0.7,16.6,4th quarter,5:52.0,Wally Szczerbiak,MIN,True,3-pointer,26,98-104,'DAL',trails
144,144,144,200204280MIN,25.4,25.9,4th quarter,5:06.0,Wally Szczerbiak,MIN,True,2-pointer,21,100-104,'DAL',trails
145,145,145,200204280MIN,19.0,10.3,4th quarter,4:07.0,Anthony Peeler,MIN,False,2-pointer,7,100-104,'DAL',trails
146,146,146,200204280MIN,24.0,5.0,4th quarter,4:04.0,Kevin Garnett,MIN,False,2-pointer,0,100-104,'DAL',trails
147,147,147,200204280MIN,24.0,5.0,4th quarter,3:14.0,Kevin Garnett,MIN,False,2-pointer,0,101-104,'DAL',trails
148,148,148,200204280MIN,14.4,20.0,4th quarter,2:21.0,Chauncey Billups,MIN,False,2-pointer,18,101-106,'DAL',trails
149,149,149,200204280MIN,2.1,16.6,4th quarter,1:54.0,Wally Szczerbiak,MIN,False,3-pointer,25,101-106,'DAL',trails
150,150,150,200204280MIN,27.5,11.3,4th quarter,1:14.0,Chauncey Billups,MIN,False,2-pointer,7,101-111,'DAL',trails
151,151,151,200204280MIN,5.1,13.0,4th quarter,0:25.6,Anthony Peeler,MIN,False,2-pointer,21,102-115,'DAL',trails
152,152,152,200204280PHI,8.0,28.2,1st quarter,11:50.0,Paul Pierce,BOS,False,3-pointer,28,0-0,'BOS',tied
153,153,153,200204280PHI,0.7,4.6,1st quarter,11:06.0,Antoine Walker,BOS,True,3-pointer,23,3-3,'BOS',tied
154,154,154,200204280PHI,24.0,5.0,1st quarter,10:14.0,Antoine Walker,BOS,False,2-pointer,0,3-5,'BOS',trails
155,155,155,200204280PHI,29.8,16.8,1st quarter,9:50.0,Tony Battie,BOS,False,2-pointer,13,3-7,'BOS',trails
156,156,156,200204280PHI,34.6,16.8,1st quarter,9:27.0,Kenny Anderson,BOS,False,2-pointer,16,3-7,'BOS',trails
157,157,157,200204280PHI,34.0,13.7,1st quarter,9:02.0,Paul Pierce,BOS,True,2-pointer,13,5-9,'BOS',trails
158,158,158,200204280PHI,8.0,27.2,1st quarter,6:55.0,Paul Pierce,BOS,True,3-pointer,27,10-17,'BOS',trails
159,159,159,200204280PHI,9.9,9.2,1st quarter,6:22.0,Paul Pierce,BOS,False,2-pointer,15,10-17,'BOS',trails
160,160,160,200204280PHI,34.6,10.9,1st quarter,5:36.0,Tony Battie,BOS,False,2-pointer,12,10-19,'BOS',trails
161,161,161,200204280PHI,48.7,3.9,1st quarter,5:02.0,Eric Williams,BOS,False,3-pointer,25,10-22,'BOS',trails
162,162,162,200204280PHI,25.4,17.5,1st quarter,4:12.0,Eric Williams,BOS,True,2-pointer,13,12-22,'BOS',trails
163,163,163,200204280PHI,24.0,5.0,1st quarter,3:43.0,Erick Strickland,BOS,False,2-pointer,0,12-22,'BOS',trails
164,164,164,200204280PHI,24.0,5.0,1st quarter,3:42.0,Paul Pierce,BOS,True,2-pointer,0,14-22,'BOS',trails
165,165,165,200204280PHI,21.3,7.6,1st quarter,2:58.0,Eric Williams,BOS,True,2-pointer,4,16-24,'BOS',trails
166,166,166,200204280PHI,28.9,29.9,1st quarter,2:18.0,Rodney Rogers,BOS,True,3-pointer,25,19-26,'BOS',trails
167,167,167,200204280PHI,24.0,5.0,1st quarter,1:35.0,Eric Williams,BOS,True,2-pointer,0,21-28,'BOS',trails
168,168,168,200204280PHI,24.0,5.0,1st quarter,0:47.6,Rodney Rogers,BOS,False,2-pointer,0,21-28,'BOS',trails
169,169,169,200204280PHI,37.4,27.2,2nd quarter,11:28.0,Paul Pierce,BOS,True,3-pointer,26,24-30,'BOS',trails
170,170,170,200204280PHI,33.4,6.1,2nd quarter,10:30.0,Antoine Walker,BOS,False,2-pointer,9,26-33,'BOS',trails
171,171,171,200204280PHI,24.0,5.0,2nd quarter,10:15.0,Rodney Rogers,BOS,True,2-pointer,0,28-33,'BOS',trails
172,172,172,200204280PHI,37.4,27.2,2nd quarter,9:41.0,Antoine Walker,BOS,True,3-pointer,26,31-33,'BOS',trails
173,173,173,200204280PHI,39.5,24.0,2nd quarter,8:41.0,Rodney Rogers,BOS,False,3-pointer,25,31-37,'BOS',trails
174,174,174,200204280PHI,10.8,27.8,2nd quarter,8:17.0,Walter McCarty,BOS,False,3-pointer,26,31-37,'BOS',trails
175,175,175,200204280PHI,31.3,6.1,2nd quarter,6:42.0,Tony Battie,BOS,False,2-pointer,7,31-46,'BOS',trails
176,176,176,200204280PHI,20.7,12.0,2nd quarter,6:06.0,Paul Pierce,BOS,False,2-pointer,8,31-46,'BOS',trails
177,177,177,200204280PHI,24.7,31.6,2nd quarter,6:01.0,Antoine Walker,BOS,True,3-pointer,27,34-46,'BOS',trails
178,178,178,200204280PHI,24.1,8.2,2nd quarter,5:10.0,Paul Pierce,BOS,False,2-pointer,3,34-49,'BOS',trails
179,179,179,200204280PHI,34.0,29.3,2nd quarter,5:06.0,Antoine Walker,BOS,True,3-pointer,26,37-49,'BOS',trails
180,180,180,200204280PHI,24.0,5.0,2nd quarter,4:01.0,Antoine Walker,BOS,False,2-pointer,0,37-53,'BOS',trails
181,181,181,200204280PHI,43.3,21.9,2nd quarter,3:29.0,Antoine Walker,BOS,True,3-pointer,26,40-53,'BOS',trails
182,182,182,200204280PHI,10.8,25.5,2nd quarter,2:37.0,Antoine Walker,BOS,True,3-pointer,24,43-53,'BOS',trails
183,183,183,200204280PHI,24.0,5.0,2nd quarter,2:03.0,Kenny Anderson,BOS,True,2-pointer,0,45-55,'BOS',trails
184,184,184,200204280PHI,24.0,5.0,2nd quarter,1:26.0,Rodney Rogers,BOS,True,2-pointer,0,47-55,'BOS',trails
185,185,185,200204280PHI,34.6,20.6,2nd quarter,0:49.4,Kenny Anderson,BOS,True,2-pointer,19,49-55,'BOS',trails
186,186,186,200204280PHI,34.0,28.2,2nd quarter,0:23.0,Antoine Walker,BOS,True,3-pointer,25,52-55,'BOS',trails
187,187,187,200204280PHI,9.9,8.8,3rd quarter,11:27.0,Tony Battie,BOS,True,2-pointer,15,54-60,'BOS',trails
188,188,188,200204280PHI,24.1,30.5,3rd quarter,10:50.0,Paul Pierce,BOS,True,3-pointer,26,57-60,'BOS',trails
189,189,189,200204280PHI,5.1,22.3,3rd quarter,9:50.0,Paul Pierce,BOS,True,3-pointer,26,62-60,'BOS',leads
190,190,190,200204280PHI,8.7,27.2,3rd quarter,9:15.0,Paul Pierce,BOS,True,3-pointer,27,65-62,'BOS',leads
191,191,191,200204280PHI,39.5,26.7,3rd quarter,8:36.0,Antoine Walker,BOS,False,3-pointer,27,65-64,'BOS',leads
192,192,192,200204280PHI,36.1,28.2,3rd quarter,8:06.0,Paul Pierce,BOS,False,3-pointer,26,65-66,'BOS',trails
193,193,193,200204280PHI,24.0,5.0,3rd quarter,7:25.0,Antoine Walker,BOS,True,2-pointer,0,67-66,'BOS',leads
194,194,194,200204280PHI,24.0,5.0,3rd quarter,7:09.0,Tony Battie,BOS,True,2-pointer,0,69-66,'BOS',leads
195,195,195,200204280PHI,10.8,10.9,3rd quarter,6:34.0,Tony Battie,BOS,True,2-pointer,14,72-68,'BOS',leads
196,196,196,200204280PHI,38.8,5.0,3rd quarter,5:58.0,Tony Battie,BOS,True,2-pointer,15,74-68,'BOS',leads
197,197,197,200204280PHI,34.6,16.8,3rd quarter,4:56.0,Erick Strickland,BOS,False,2-pointer,16,75-71,'BOS',leads
198,198,198,200204280PHI,38.2,7.1,3rd quarter,4:22.0,Paul Pierce,BOS,False,2-pointer,14,75-73,'BOS',leads
199,199,199,200204280PHI,37.4,10.9,3rd quarter,3:58.0,Paul Pierce,BOS,False,2-pointer,15,76-75,'BOS',leads
200,200,200,200204280PHI,24.0,5.0,3rd quarter,3:29.0,Antoine Walker,BOS,False,2-pointer,0,76-75,'BOS',leads
201,201,201,200204280PHI,0.7,4.6,3rd quarter,2:47.0,Paul Pierce,BOS,False,3-pointer,23,76-77,'BOS',trails
202,202,202,200204280PHI,8.7,28.2,3rd quarter,0:55.9,Antoine Walker,BOS,False,3-pointer,28,77-82,'BOS',trails
203,203,203,200204280PHI,24.0,5.0,3rd quarter,0:53.7,Rodney Rogers,BOS,False,2-pointer,0,77-82,'BOS',trails
204,204,204,200204280PHI,38.2,25.5,3rd quarter,0:33.3,Antoine Walker,BOS,False,3-pointer,25,79-82,'BOS',trails
205,205,205,200204280PHI,24.0,5.0,4th quarter,11:48.0,Walter McCarty,BOS,True,2-pointer,0,83-83,'BOS',tied
206,206,206,200204280PHI,24.0,5.0,4th quarter,11:09.0,Antoine Walker,BOS,False,2-pointer,0,83-83,'BOS',tied
207,207,207,200204280PHI,44.5,22.7,4th quarter,10:49.0,Antoine Walker,BOS,False,3-pointer,27,83-83,'BOS',tied
208,208,208,200204280PHI,24.0,5.0,4th quarter,10:31.0,Walter McCarty,BOS,True,2-pointer,0,85-84,'BOS',leads
209,209,209,200204280PHI,34.0,19.6,4th quarter,9:50.0,Kenny Anderson,BOS,True,2-pointer,18,87-86,'BOS',leads
210,210,210,200204280PHI,24.0,5.0,4th quarter,9:13.0,Antoine Walker,BOS,True,2-pointer,0,89-86,'BOS',leads
211,211,211,200204280PHI,44.5,20.6,4th quarter,8:10.0,Rodney Rogers,BOS,True,3-pointer,26,92-88,'BOS',leads
212,212,212,200204280PHI,1.5,2.5,4th quarter,7:29.0,Paul Pierce,BOS,False,3-pointer,23,92-90,'BOS',leads
213,213,213,200204280PHI,24.0,5.0,4th quarter,6:17.0,Kenny Anderson,BOS,True,2-pointer,0,94-92,'BOS',leads
214,214,214,200204280PHI,24.0,5.0,4th quarter,5:42.0,Paul Pierce,BOS,False,2-pointer,0,94-93,'BOS',leads
215,215,215,200204280PHI,24.0,5.0,4th quarter,5:41.0,Walter McCarty,BOS,True,2-pointer,0,96-93,'BOS',leads
216,216,216,200204280PHI,9.9,27.8,4th quarter,5:05.0,Antoine Walker,BOS,False,3-pointer,27,96-93,'BOS',leads
217,217,217,200204280PHI,36.1,13.7,4th quarter,4:37.0,Kenny Anderson,BOS,False,2-pointer,15,96-93,'BOS',leads
218,218,218,200204280PHI,8.0,4.6,4th quarter,3:57.0,Walter McCarty,BOS,False,2-pointer,16,96-96,'BOS',tied
219,219,219,200204280PHI,12.1,9.9,4th quarter,3:19.0,Paul Pierce,BOS,True,2-pointer,13,98-96,'BOS',leads
220,220,220,200204280PHI,45.4,19.1,4th quarter,1:32.0,Rodney Rogers,BOS,True,3-pointer,26,103-100,'BOS',leads
221,221,221,200204280PHI,9.9,9.2,4th quarter,0:35.5,Paul Pierce,BOS,False,2-pointer,15,103-104,'BOS',trails
222,222,222,200204280PHI,36.7,28.8,4th quarter,0:28.4,Antoine Walker,BOS,False,3-pointer,27,103-104,'BOS',trails
223,223,223,200204280PHI,40.3,26.7,4th quarter,0:15.8,Rodney Rogers,BOS,False,3-pointer,27,103-106,'BOS',trails
224,224,224,200204280PHI,42.4,25.0,4th quarter,0:02.9,Paul Pierce,BOS,False,3-pointer,27,103-106,'BOS',trails
225,225,225,200204280PHI,26.2,22.7,1st quarter,11:27.0,Eric Snow,PHI,True,2-pointer,18,3-0,'BOS',leads
226,226,226,200204280PHI,15.0,18.5,1st quarter,10:47.0,Matt Harpring,PHI,False,2-pointer,16,3-3,'BOS',tied
227,227,227,200204280PHI,24.0,5.0,1st quarter,10:36.0,Allen Iverson,PHI,True,2-pointer,0,5-3,'BOS',leads
228,228,228,200204280PHI,41.8,3.9,1st quarter,8:48.0,Allen Iverson,PHI,True,2-pointer,18,11-5,'BOS',leads
229,229,229,200204280PHI,36.7,9.9,1st quarter,8:27.0,Allen Iverson,PHI,False,2-pointer,14,11-5,'BOS',leads
230,230,230,200204280PHI,7.2,2.5,1st quarter,8:19.0,Matt Harpring,PHI,True,2-pointer,17,13-5,'BOS',leads
231,231,231,200204280PHI,24.1,13.7,1st quarter,7:45.0,Eric Snow,PHI,True,2-pointer,9,15-7,'BOS',leads
232,232,232,200204280PHI,38.8,3.5,1st quarter,7:13.0,Allen Iverson,PHI,True,2-pointer,15,17-7,'BOS',leads
233,233,233,200204280PHI,7.2,15.4,1st quarter,5:59.0,Eric Snow,PHI,True,2-pointer,20,19-10,'BOS',leads
234,234,234,200204280PHI,9.3,25.5,1st quarter,5:25.0,Derrick Coleman,PHI,True,3-pointer,25,22-10,'BOS',leads
235,235,235,200204280PHI,33.4,14.7,1st quarter,4:36.0,Matt Harpring,PHI,False,2-pointer,14,22-10,'BOS',leads
236,236,236,200204280PHI,8.7,3.5,1st quarter,3:55.0,Allen Iverson,PHI,False,2-pointer,15,22-12,'BOS',leads
237,237,237,200204280PHI,39.5,4.6,1st quarter,3:17.0,Matt Harpring,PHI,True,2-pointer,16,24-14,'BOS',leads
238,238,238,200204280PHI,24.0,5.0,1st quarter,2:38.0,Derrick Coleman,PHI,False,2-pointer,0,24-16,'BOS',leads
239,239,239,200204280PHI,24.0,5.0,1st quarter,2:37.0,Corie Blount,PHI,True,2-pointer,0,26-16,'BOS',leads
240,240,240,200204280PHI,34.0,3.5,1st quarter,1:54.0,Derrick Coleman,PHI,True,2-pointer,10,28-19,'BOS',leads
241,241,241,200204280PHI,40.9,9.2,1st quarter,0:58.5,Corie Blount,PHI,False,2-pointer,17,28-21,'BOS',leads
242,242,242,200204280PHI,12.1,4.6,2nd quarter,11:43.0,Derrick Coleman,PHI,False,2-pointer,12,30-21,'BOS',leads
243,243,243,200204280PHI,47.5,5.4,2nd quarter,10:51.0,Aaron McKie,PHI,True,3-pointer,24,33-26,'BOS',leads
244,244,244,200204280PHI,4.3,3.9,2nd quarter,9:50.0,Derrick McKey,PHI,False,2-pointer,20,33-28,'BOS',leads
245,245,245,200204280PHI,7.2,5.0,2nd quarter,8:59.0,Speedy Claxton,PHI,True,2-pointer,17,37-31,'BOS',leads
246,246,246,200204280PHI,16.3,23.4,2nd quarter,8:29.0,Allen Iverson,PHI,False,2-pointer,20,37-31,'BOS',leads
247,247,247,200204280PHI,24.0,5.0,2nd quarter,8:26.0,Dikembe Mutombo,PHI,False,2-pointer,0,37-31,'BOS',leads
248,248,248,200204280PHI,24.0,5.0,2nd quarter,8:25.0,Matt Harpring,PHI,False,2-pointer,0,37-31,'BOS',leads
249,249,249,200204280PHI,24.0,5.0,2nd quarter,7:45.0,Allen Iverson,PHI,True,2-pointer,0,39-31,'BOS',leads
250,250,250,200204280PHI,24.0,5.0,2nd quarter,7:17.0,Allen Iverson,PHI,True,2-pointer,0,43-31,'BOS',leads
251,251,251,200204280PHI,24.0,5.0,2nd quarter,6:51.0,Matt Harpring,PHI,True,2-pointer,0,45-31,'BOS',leads
252,252,252,200204280PHI,36.7,3.9,2nd quarter,6:30.0,Eric Snow,PHI,False,2-pointer,13,46-31,'BOS',leads
253,253,253,200204280PHI,32.5,4.6,2nd quarter,5:35.0,Dikembe Mutombo,PHI,False,2-pointer,9,46-34,'BOS',leads
254,254,254,200204280PHI,12.1,27.2,2nd quarter,5:31.0,Allen Iverson,PHI,True,3-pointer,25,49-34,'BOS',leads
255,255,255,200204280PHI,18.6,5.4,2nd quarter,4:47.0,Aaron McKie,PHI,False,2-pointer,5,49-37,'BOS',leads
256,256,256,200204280PHI,24.0,5.0,2nd quarter,4:44.0,Dikembe Mutombo,PHI,True,2-pointer,0,51-37,'BOS',leads
257,257,257,200204280PHI,24.0,5.0,2nd quarter,4:21.0,Allen Iverson,PHI,True,2-pointer,0,53-37,'BOS',leads
258,258,258,200204280PHI,24.0,5.0,2nd quarter,3:53.0,Allen Iverson,PHI,False,2-pointer,0,53-37,'BOS',leads
259,259,259,200204280PHI,24.0,5.0,2nd quarter,3:51.0,Derrick McKey,PHI,False,2-pointer,0,53-37,'BOS',leads
260,260,260,200204280PHI,24.0,5.0,2nd quarter,3:34.0,Allen Iverson,PHI,False,2-pointer,0,53-37,'BOS',leads
261,261,261,200204280PHI,16.3,20.0,2nd quarter,2:54.0,Eric Snow,PHI,False,2-pointer,17,53-40,'BOS',leads
262,262,262,200204280PHI,5.7,22.7,2nd quarter,1:45.0,Aaron McKie,PHI,False,3-pointer,25,55-45,'BOS',leads
263,263,263,200204280PHI,12.9,21.3,2nd quarter,0:59.2,Aaron McKie,PHI,False,2-pointer,20,55-47,'BOS',leads
264,264,264,200204280PHI,42.4,3.9,2nd quarter,0:30.6,Aaron McKie,PHI,False,2-pointer,18,55-49,'BOS',leads
265,265,265,200204280PHI,47.5,3.5,2nd quarter,0:02.9,Eric Snow,PHI,True,3-pointer,24,58-52,'BOS',leads
266,266,266,200204280PHI,9.9,7.6,3rd quarter,11:49.0,Matt Harpring,PHI,True,2-pointer,14,60-52,'BOS',leads
267,267,267,200204280PHI,24.0,5.0,3rd quarter,11:03.0,Dikembe Mutombo,PHI,False,2-pointer,0,60-54,'BOS',leads
268,268,268,200204280PHI,5.7,14.7,3rd quarter,9:58.0,Allen Iverson,PHI,False,2-pointer,21,60-59,'BOS',leads
269,269,269,200204280PHI,24.0,5.0,3rd quarter,9:33.0,Eric Snow,PHI,True,2-pointer,0,62-62,'BOS',tied
270,270,270,200204280PHI,37.4,18.5,3rd quarter,8:56.0,Allen Iverson,PHI,False,2-pointer,19,62-65,'BOS',trails
271,271,271,200204280PHI,24.0,5.0,3rd quarter,8:53.0,Derrick Coleman,PHI,False,2-pointer,0,62-65,'BOS',trails
272,272,272,200204280PHI,24.0,5.0,3rd quarter,7:52.0,Matt Harpring,PHI,False,2-pointer,0,66-65,'BOS',leads
273,273,273,200204280PHI,23.4,21.3,3rd quarter,6:52.0,Eric Snow,PHI,True,2-pointer,16,68-70,'BOS',trails
274,274,274,200204280PHI,30.4,29.3,3rd quarter,6:16.0,Allen Iverson,PHI,False,3-pointer,25,68-72,'BOS',trails
275,275,275,200204280PHI,43.3,3.9,3rd quarter,5:40.0,Derrick Coleman,PHI,True,2-pointer,19,70-74,'BOS',trails
276,276,276,200204280PHI,24.0,5.0,3rd quarter,3:50.0,Allen Iverson,PHI,False,2-pointer,0,75-76,'BOS',trails
277,277,277,200204280PHI,39.5,5.4,3rd quarter,3:16.0,Aaron McKie,PHI,True,2-pointer,16,77-76,'BOS',leads
278,278,278,200204280PHI,5.7,24.6,3rd quarter,2:21.0,Allen Iverson,PHI,True,3-pointer,27,80-76,'BOS',leads
279,279,279,200204280PHI,24.0,5.0,3rd quarter,1:41.0,Derrick Coleman,PHI,True,2-pointer,0,82-77,'BOS',leads
280,280,280,200204280PHI,4.3,22.3,3rd quarter,1:17.0,Derrick Coleman,PHI,False,3-pointer,26,82-77,'BOS',leads
281,281,281,200204280PHI,24.0,5.0,3rd quarter,0:41.9,Allen Iverson,PHI,False,2-pointer,0,82-79,'BOS',leads
282,282,282,200204280PHI,6.6,24.0,4th quarter,11:24.0,Allen Iverson,PHI,False,3-pointer,26,83-83,'BOS',tied
283,283,283,200204280PHI,17.1,28.8,4th quarter,11:20.0,Aaron McKie,PHI,False,3-pointer,25,83-83,'BOS',tied
284,284,284,200204280PHI,24.0,5.0,4th quarter,11:00.0,Aaron McKie,PHI,False,2-pointer,0,83-83,'BOS',tied
285,285,285,200204280PHI,42.4,5.4,4th quarter,9:28.0,Matt Harpring,PHI,False,2-pointer,18,86-87,'BOS',trails
286,286,286,200204280PHI,38.2,12.6,4th quarter,8:55.0,Matt Harpring,PHI,False,2-pointer,16,86-89,'BOS',trails
287,287,287,200204280PHI,15.0,10.9,4th quarter,8:26.0,Eric Snow,PHI,True,2-pointer,11,88-89,'BOS',trails
288,288,288,200204280PHI,24.1,21.3,4th quarter,7:48.0,Eric Snow,PHI,True,2-pointer,16,90-92,'BOS',trails
289,289,289,200204280PHI,40.3,4.6,4th quarter,7:18.0,Allen Iverson,PHI,False,2-pointer,16,90-92,'BOS',trails
290,290,290,200204280PHI,39.5,10.9,4th quarter,6:34.0,Eric Snow,PHI,True,2-pointer,17,92-92,'BOS',tied
291,291,291,200204280PHI,24.0,5.0,4th quarter,5:20.0,Eric Snow,PHI,False,2-pointer,0,93-96,'BOS',trails
292,292,292,200204280PHI,47.5,3.5,4th quarter,4:22.0,Allen Iverson,PHI,True,3-pointer,24,96-96,'BOS',tied
293,293,293,200204280PHI,9.9,13.0,4th quarter,3:40.0,Eric Snow,PHI,False,2-pointer,16,96-96,'BOS',tied
294,294,294,200204280PHI,20.1,17.5,4th quarter,3:07.0,Allen Iverson,PHI,False,2-pointer,13,96-98,'BOS',trails
295,295,295,200204280PHI,22.2,15.8,4th quarter,2:12.0,Eric Snow,PHI,False,2-pointer,11,98-98,'BOS',tied
296,296,296,200204280PHI,22.2,18.1,4th quarter,1:48.0,Allen Iverson,PHI,True,2-pointer,13,100-100,'BOS',tied
297,297,297,200204280PHI,24.7,16.4,4th quarter,0:45.9,Aaron McKie,PHI,False,2-pointer,11,102-103,'BOS',trails
298,298,298,200204280PHI,24.0,5.0,4th quarter,0:45.5,Derrick Coleman,PHI,True,2-pointer,0,104-103,'BOS',leads
299,299,299,200204280POR,24.7,18.5,1st quarter,11:02.0,Kobe Bryant,LAL,True,2-pointer,14,2-0,'POR',leads
300,300,300,200204280POR,6.2,21.9,1st quarter,10:34.0,Derek Fisher,LAL,False,3-pointer,25,2-0,'POR',leads
301,301,301,200204280POR,17.1,3.5,1st quarter,10:04.0,Shaquille O'Neal,LAL,False,2-pointer,7,2-0,'POR',leads
302,302,302,200204280POR,7.0,5.4,1st quarter,9:32.0,Derek Fisher,LAL,False,2-pointer,17,2-2,'POR',tied
303,303,303,200204280POR,47.1,6.1,1st quarter,9:04.0,Rick Fox,LAL,False,3-pointer,23,2-2,'POR',tied
304,304,304,200204280POR,44.7,3.5,1st quarter,7:00.0,Kobe Bryant,LAL,False,2-pointer,21,4-6,'POR',trails
305,305,305,200204280POR,24.1,9.2,1st quarter,6:56.0,Samaki Walker,LAL,False,2-pointer,4,4-6,'POR',trails
306,306,306,200204280POR,38.4,6.1,1st quarter,6:31.0,Samaki Walker,LAL,True,2-pointer,14,6-9,'POR',trails
307,307,307,200204280POR,14.2,8.8,1st quarter,5:38.0,Rick Fox,LAL,True,2-pointer,11,8-9,'POR',trails
308,308,308,200204280POR,24.7,8.2,1st quarter,4:24.0,Shaquille O'Neal,LAL,True,2-pointer,3,10-11,'POR',trails
309,309,309,200204280POR,38.4,18.5,1st quarter,3:47.0,Kobe Bryant,LAL,False,2-pointer,20,10-11,'POR',trails
310,310,310,200204280POR,24.0,5.0,1st quarter,3:17.0,Kobe Bryant,LAL,True,2-pointer,0,12-11,'POR',leads
311,311,311,200204280POR,35.3,26.9,1st quarter,2:39.0,Derek Fisher,LAL,True,3-pointer,25,15-13,'POR',leads
312,312,312,200204280POR,44.1,4.6,1st quarter,0:32.4,Robert Horry,LAL,False,2-pointer,20,17-17,'POR',tied
313,313,313,200204280POR,16.3,27.8,2nd quarter,11:46.0,Brian Shaw,LAL,False,3-pointer,24,19-19,'POR',tied
314,314,314,200204280POR,21.3,20.0,2nd quarter,11:17.0,Brian Shaw,LAL,True,2-pointer,15,21-20,'POR',leads
315,315,315,200204280POR,24.0,5.0,2nd quarter,10:12.0,Devean George,LAL,True,2-pointer,0,25-20,'POR',leads
316,316,316,200204280POR,1.3,3.9,2nd quarter,9:19.0,Brian Shaw,LAL,False,3-pointer,23,25-22,'POR',leads
317,317,317,200204280POR,14.2,26.7,2nd quarter,8:54.0,Devean George,LAL,True,3-pointer,24,28-24,'POR',leads
318,318,318,200204280POR,24.0,5.0,2nd quarter,8:35.0,Robert Horry,LAL,True,2-pointer,0,30-24,'POR',leads
319,319,319,200204280POR,39.0,18.5,2nd quarter,8:03.0,Kobe Bryant,LAL,True,2-pointer,20,32-26,'POR',leads
320,320,320,200204280POR,42.0,6.1,2nd quarter,7:26.0,Robert Horry,LAL,False,2-pointer,18,32-27,'POR',leads
321,321,321,200204280POR,44.1,9.2,2nd quarter,6:58.0,Devean George,LAL,False,2-pointer,21,32-30,'POR',leads
322,322,322,200204280POR,43.3,5.0,2nd quarter,5:08.0,Kobe Bryant,LAL,False,2-pointer,19,34-34,'POR',tied
323,323,323,200204280POR,24.0,5.0,2nd quarter,5:05.0,Devean George,LAL,False,2-pointer,0,34-34,'POR',tied
324,324,324,200204280POR,24.0,5.0,2nd quarter,4:22.0,Kobe Bryant,LAL,True,2-pointer,0,36-37,'POR',trails
325,325,325,200204280POR,24.0,5.0,2nd quarter,3:46.0,Robert Horry,LAL,True,2-pointer,0,38-37,'POR',leads
326,326,326,200204280POR,24.0,5.0,2nd quarter,2:57.0,Kobe Bryant,LAL,False,2-pointer,0,39-39,'POR',tied
327,327,327,200204280POR,27.5,28.8,2nd quarter,2:35.0,Kobe Bryant,LAL,True,3-pointer,24,42-39,'POR',leads
328,328,328,200204280POR,24.0,5.0,2nd quarter,0:47.4,Rick Fox,LAL,True,2-pointer,0,46-39,'POR',leads
329,329,329,200204280POR,2.8,16.4,2nd quarter,0:19.9,Derek Fisher,LAL,True,3-pointer,24,50-41,'POR',leads
330,330,330,200204280POR,34.8,4.6,3rd quarter,11:42.0,Samaki Walker,LAL,False,2-pointer,11,50-41,'POR',leads
331,331,331,200204280POR,23.9,5.0,3rd quarter,11:39.0,Samaki Walker,LAL,False,2-pointer,0,50-41,'POR',leads
332,332,332,200204280POR,13.3,6.1,3rd quarter,11:09.0,Kobe Bryant,LAL,False,2-pointer,11,50-43,'POR',leads
333,333,333,200204280POR,17.7,5.0,3rd quarter,10:35.0,Samaki Walker,LAL,False,2-pointer,6,50-45,'POR',leads
334,334,334,200204280POR,11.8,18.5,3rd quarter,10:15.0,Kobe Bryant,LAL,False,2-pointer,18,50-45,'POR',leads
335,335,335,200204280POR,19.2,14.1,3rd quarter,9:44.0,Shaquille O'Neal,LAL,False,2-pointer,10,50-45,'POR',leads
336,336,336,200204280POR,17.7,4.6,3rd quarter,9:00.0,Kobe Bryant,LAL,False,2-pointer,6,50-47,'POR',leads
337,337,337,200204280POR,1.3,15.4,3rd quarter,7:54.0,Rick Fox,LAL,False,3-pointer,25,52-52,'POR',tied
338,338,338,200204280POR,14.2,5.0,3rd quarter,6:36.0,Shaquille O'Neal,LAL,False,2-pointer,10,53-56,'POR',trails
339,339,339,200204280POR,23.4,8.8,3rd quarter,5:57.0,Shaquille O'Neal,LAL,False,2-pointer,4,53-58,'POR',trails
340,340,340,200204280POR,6.2,12.6,3rd quarter,4:45.0,Kobe Bryant,LAL,True,2-pointer,19,57-60,'POR',trails
341,341,341,200204280POR,30.4,19.1,3rd quarter,4:09.0,Rick Fox,LAL,True,2-pointer,15,59-62,'POR',trails
342,342,342,200204280POR,31.9,5.0,3rd quarter,3:43.0,Kobe Bryant,LAL,True,2-pointer,8,61-62,'POR',trails
343,343,343,200204280POR,24.7,19.6,3rd quarter,3:16.0,Rick Fox,LAL,False,2-pointer,15,61-62,'POR',trails
344,344,344,200204280POR,0.5,16.4,3rd quarter,2:07.0,Derek Fisher,LAL,True,3-pointer,26,65-64,'POR',leads
345,345,345,200204280POR,29.8,28.2,3rd quarter,1:20.0,Derek Fisher,LAL,False,3-pointer,24,65-67,'POR',trails
346,346,346,200204280POR,17.1,9.9,3rd quarter,1:01.0,Rick Fox,LAL,True,2-pointer,8,67-67,'POR',tied
347,347,347,200204280POR,26.2,32.6,3rd quarter,0:00.3,Robert Horry,LAL,False,3-pointer,28,67-67,'POR',tied
348,348,348,200204280POR,13.3,11.3,4th quarter,11:14.0,Robert Horry,LAL,False,2-pointer,12,67-72,'POR',trails
349,349,349,200204280POR,24.0,5.0,4th quarter,11:12.0,Shaquille O'Neal,LAL,True,2-pointer,0,69-72,'POR',trails
350,350,350,200204280POR,24.0,5.0,4th quarter,10:57.0,Devean George,LAL,True,2-pointer,0,71-72,'POR',trails
351,351,351,200204280POR,1.3,2.9,4th quarter,10:12.0,Robert Horry,LAL,False,3-pointer,23,71-74,'POR',trails
352,352,352,200204280POR,24.0,5.0,4th quarter,9:41.0,Rick Fox,LAL,True,2-pointer,0,73-76,'POR',trails
353,353,353,200204280POR,13.3,27.8,4th quarter,9:08.0,Devean George,LAL,False,3-pointer,25,73-78,'POR',trails
354,354,354,200204280POR,24.0,5.0,4th quarter,8:38.0,Shaquille O'Neal,LAL,False,2-pointer,0,73-78,'POR',trails
355,355,355,200204280POR,24.0,5.0,4th quarter,8:36.0,Shaquille O'Neal,LAL,True,2-pointer,0,75-78,'POR',trails
356,356,356,200204280POR,34.2,27.8,4th quarter,7:54.0,Lindsey Hunter,LAL,False,3-pointer,25,75-78,'POR',trails
357,357,357,200204280POR,14.8,5.0,4th quarter,6:30.0,Kobe Bryant,LAL,False,2-pointer,9,75-78,'POR',trails
358,358,358,200204280POR,1.9,15.8,4th quarter,5:53.0,Kobe Bryant,LAL,True,3-pointer,25,78-78,'POR',tied
359,359,359,200204280POR,19.8,7.6,4th quarter,5:10.0,Shaquille O'Neal,LAL,True,2-pointer,5,80-80,'POR',tied
360,360,360,200204280POR,24.0,5.0,4th quarter,4:35.0,Shaquille O'Neal,LAL,True,2-pointer,0,82-82,'POR',tied
361,361,361,200204280POR,24.0,5.0,4th quarter,4:09.0,Rick Fox,LAL,True,2-pointer,0,84-82,'POR',leads
362,362,362,200204280POR,24.0,5.0,4th quarter,3:33.0,Kobe Bryant,LAL,False,2-pointer,0,84-82,'POR',leads
363,363,363,200204280POR,5.5,21.3,4th quarter,2:58.0,Kobe Bryant,LAL,False,3-pointer,25,84-82,'POR',leads
364,364,364,200204280POR,16.3,6.5,4th quarter,1:50.0,Shaquille O'Neal,LAL,False,2-pointer,8,84-85,'POR',trails
365,365,365,200204280POR,47.1,4.6,4th quarter,1:22.0,Robert Horry,LAL,False,3-pointer,23,84-87,'POR',trails
366,366,366,200204280POR,24.0,5.0,4th quarter,0:33.0,Rick Fox,LAL,True,2-pointer,0,86-89,'POR',trails
367,367,367,200204280POR,11.8,27.8,4th quarter,0:12.7,Kobe Bryant,LAL,True,3-pointer,26,89-90,'POR',trails
368,368,368,200204280POR,46.4,4.6,4th quarter,0:02.1,Robert Horry,LAL,True,3-pointer,22,92-91,'POR',leads
369,369,369,200204280POR,11.8,5.0,1st quarter,11:46.0,Rasheed Wallace,POR,False,2-pointer,12,0-0,'POR',tied
370,370,370,200204280POR,22.8,9.2,1st quarter,11:27.0,Rasheed Wallace,POR,False,2-pointer,4,0-0,'POR',tied
371,371,371,200204280POR,8.3,12.6,1st quarter,10:44.0,Scottie Pippen,POR,False,2-pointer,17,0-2,'POR',trails
372,372,372,200204280POR,8.3,16.8,1st quarter,10:14.0,Bonzi Wells,POR,False,2-pointer,20,0-2,'POR',trails
373,373,373,200204280POR,24.0,5.0,1st quarter,9:52.0,Scottie Pippen,POR,True,2-pointer,0,2-2,'POR',tied
374,374,374,200204280POR,37.8,3.9,1st quarter,9:22.0,Dale Davis,POR,False,2-pointer,14,2-2,'POR',tied
375,375,375,200204280POR,24.0,5.0,1st quarter,8:48.0,Damon Stoudamire,POR,False,2-pointer,0,2-2,'POR',tied
376,376,376,200204280POR,24.0,5.0,1st quarter,8:46.0,Dale Davis,POR,False,2-pointer,0,2-2,'POR',tied
377,377,377,200204280POR,24.0,5.0,1st quarter,8:43.0,Scottie Pippen,POR,False,2-pointer,0,2-2,'POR',tied
378,378,378,200204280POR,21.5,14.5,1st quarter,8:36.0,Damon Stoudamire,POR,False,2-pointer,10,2-2,'POR',tied
379,379,379,200204280POR,24.0,5.0,1st quarter,8:08.0,Bonzi Wells,POR,True,2-pointer,0,4-2,'POR',leads
380,380,380,200204280POR,20.3,19.8,1st quarter,7:32.0,Dale Davis,POR,False,2-pointer,15,4-4,'POR',tied
381,381,381,200204280POR,24.0,5.0,1st quarter,7:18.0,Bonzi Wells,POR,True,2-pointer,0,6-4,'POR',leads
382,382,382,200204280POR,23.4,29.3,1st quarter,6:46.0,Rasheed Wallace,POR,True,3-pointer,24,9-4,'POR',leads
383,383,383,200204280POR,45.6,16.8,1st quarter,6:05.0,Bonzi Wells,POR,False,3-pointer,25,9-6,'POR',leads
384,384,384,200204280POR,47.1,4.6,1st quarter,5:18.0,Rasheed Wallace,POR,False,3-pointer,23,9-8,'POR',leads
385,385,385,200204280POR,13.3,5.4,1st quarter,5:04.0,Scottie Pippen,POR,False,2-pointer,11,9-8,'POR',leads
386,386,386,200204280POR,11.8,18.5,1st quarter,4:53.0,Rasheed Wallace,POR,False,2-pointer,18,9-8,'POR',leads
387,387,387,200204280POR,24.0,5.0,1st quarter,4:48.0,Scottie Pippen,POR,True,2-pointer,0,11-8,'POR',leads
388,388,388,200204280POR,16.3,5.0,1st quarter,4:01.0,Bonzi Wells,POR,False,2-pointer,8,11-10,'POR',leads
389,389,389,200204280POR,14.2,4.6,1st quarter,3:29.0,Rasheed Wallace,POR,False,2-pointer,10,11-10,'POR',leads
390,390,390,200204280POR,24.0,5.0,1st quarter,3:25.0,Scottie Pippen,POR,False,2-pointer,0,11-10,'POR',leads
391,391,391,200204280POR,24.1,25.0,1st quarter,2:59.0,Derek Anderson,POR,True,2-pointer,20,13-12,'POR',leads
392,392,392,200204280POR,24.0,5.0,1st quarter,2:17.0,Derek Anderson,POR,False,2-pointer,0,13-15,'POR',trails
393,393,393,200204280POR,24.0,5.0,1st quarter,2:03.0,Scottie Pippen,POR,True,2-pointer,0,15-15,'POR',tied
394,394,394,200204280POR,24.0,5.0,1st quarter,1:24.0,Bonzi Wells,POR,False,2-pointer,0,15-17,'POR',trails
395,395,395,200204280POR,30.4,4.6,1st quarter,0:55.6,Rasheed Wallace,POR,True,2-pointer,6,17-17,'POR',tied
396,396,396,200204280POR,40.5,5.4,1st quarter,0:09.9,Derek Anderson,POR,True,2-pointer,17,19-17,'POR',leads
397,397,397,200204280POR,40.5,7.6,2nd quarter,11:00.0,Bonzi Wells,POR,False,2-pointer,17,20-21,'POR',trails
398,398,398,200204280POR,30.4,6.5,2nd quarter,10:48.0,Derek Anderson,POR,False,2-pointer,7,20-21,'POR',trails
399,399,399,200204280POR,27.5,6.1,2nd quarter,9:41.0,Shawn Kemp,POR,True,2-pointer,4,22-25,'POR',trails
400,400,400,200204280POR,24.0,5.0,2nd quarter,9:13.0,Scottie Pippen,POR,True,2-pointer,0,24-25,'POR',trails
401,401,401,200204280POR,37.8,18.5,2nd quarter,8:21.0,Steve Kerr,POR,True,2-pointer,19,26-30,'POR',trails
402,402,402,200204280POR,31.9,28.8,2nd quarter,7:19.0,Steve Kerr,POR,True,3-pointer,25,30-32,'POR',trails
403,403,403,200204280POR,34.2,27.2,2nd quarter,6:35.0,Steve Kerr,POR,False,3-pointer,24,30-32,'POR',trails
404,404,404,200204280POR,24.0,5.0,2nd quarter,6:33.0,Shawn Kemp,POR,False,2-pointer,0,30-32,'POR',trails
405,405,405,200204280POR,17.3,5.2,2nd quarter,6:31.0,Derek Anderson,POR,False,2-pointer,7,30-32,'POR',trails
406,406,406,200204280POR,13.3,21.3,2nd quarter,6:03.0,Steve Kerr,POR,False,2-pointer,20,30-34,'POR',trails
407,407,407,200204280POR,24.0,5.0,2nd quarter,5:27.0,Rasheed Wallace,POR,True,2-pointer,0,34-34,'POR',tied
408,408,408,200204280POR,10.6,7.1,2nd quarter,4:50.0,Derek Anderson,POR,False,2-pointer,14,34-34,'POR',tied
409,409,409,200204280POR,1.5,4.4,2nd quarter,4:41.0,Derek Anderson,POR,True,3-pointer,23,37-34,'POR',leads
410,410,410,200204280POR,41.2,9.9,2nd quarter,4:02.0,Scottie Pippen,POR,False,2-pointer,18,37-36,'POR',leads
411,411,411,200204280POR,36.3,23.4,2nd quarter,3:31.0,Steve Kerr,POR,True,2-pointer,22,39-39,'POR',tied
412,412,412,200204280POR,31.9,5.0,2nd quarter,2:14.0,Rasheed Wallace,POR,False,2-pointer,8,39-42,'POR',trails
413,413,413,200204280POR,46.2,7.1,2nd quarter,2:11.0,Rasheed Wallace,POR,False,3-pointer,22,39-42,'POR',trails
414,414,414,200204280POR,46.2,15.8,2nd quarter,2:04.0,Rasheed Wallace,POR,False,3-pointer,25,39-42,'POR',trails
415,415,415,200204280POR,24.1,9.2,2nd quarter,1:40.0,Chris Dudley,POR,False,2-pointer,4,39-43,'POR',trails
416,416,416,200204280POR,22.4,28.8,2nd quarter,1:35.0,Steve Kerr,POR,False,3-pointer,24,39-43,'POR',trails
417,417,417,200204280POR,24.0,5.0,2nd quarter,0:00.4,Scottie Pippen,POR,False,2-pointer,0,41-50,'POR',trails
418,418,418,200204280POR,24.0,5.0,3rd quarter,11:31.0,Rasheed Wallace,POR,True,2-pointer,0,43-50,'POR',trails
419,419,419,200204280POR,24.0,5.0,3rd quarter,11:02.0,Bonzi Wells,POR,True,2-pointer,0,45-50,'POR',trails
420,420,420,200204280POR,28.9,6.5,3rd quarter,9:58.0,Scottie Pippen,POR,False,2-pointer,5,45-50,'POR',trails
421,421,421,200204280POR,19.2,5.0,3rd quarter,9:25.0,Rasheed Wallace,POR,False,2-pointer,5,45-50,'POR',trails
422,422,422,200204280POR,24.0,5.0,3rd quarter,9:22.0,Scottie Pippen,POR,True,2-pointer,0,47-50,'POR',trails
423,423,423,200204280POR,33.4,4.6,3rd quarter,8:43.0,Rasheed Wallace,POR,True,2-pointer,9,49-50,'POR',trails
424,424,424,200204280POR,46.4,5.0,3rd quarter,8:04.0,Scottie Pippen,POR,True,3-pointer,22,52-52,'POR',tied
425,425,425,200204280POR,28.3,19.1,3rd quarter,7:08.0,Rasheed Wallace,POR,True,2-pointer,15,56-53,'POR',leads
426,426,426,200204280POR,42.8,20.8,3rd quarter,6:28.0,Bonzi Wells,POR,False,3-pointer,25,56-53,'POR',leads
427,427,427,200204280POR,19.2,5.4,3rd quarter,6:15.0,Bonzi Wells,POR,True,2-pointer,5,58-53,'POR',leads
428,428,428,200204280POR,10.6,5.0,3rd quarter,5:32.0,Rasheed Wallace,POR,False,2-pointer,13,58-53,'POR',leads
429,429,429,200204280POR,29.8,28.2,3rd quarter,4:52.0,Damon Stoudamire,POR,False,3-pointer,24,60-55,'POR',leads
430,430,430,200204280POR,16.3,6.1,3rd quarter,4:25.0,Bonzi Wells,POR,True,2-pointer,8,62-57,'POR',leads
431,431,431,200204280POR,24.0,5.0,3rd quarter,2:33.0,Damon Stoudamire,POR,True,2-pointer,0,64-62,'POR',leads
432,432,432,200204280POR,21.3,7.1,3rd quarter,1:49.0,Derek Anderson,POR,False,2-pointer,3,64-65,'POR',trails
433,433,433,200204280POR,47.1,5.0,3rd quarter,1:44.0,Damon Stoudamire,POR,True,3-pointer,23,67-65,'POR',leads
434,434,434,200204280POR,7.0,23.4,3rd quarter,1:15.0,Derek Anderson,POR,False,3-pointer,25,67-65,'POR',leads
435,435,435,200204280POR,27.5,26.1,3rd quarter,0:50.0,Damon Stoudamire,POR,False,2-pointer,21,67-67,'POR',tied
436,436,436,200204280POR,36.3,9.9,3rd quarter,0:21.9,Bonzi Wells,POR,False,2-pointer,13,67-67,'POR',tied
437,437,437,200204280POR,24.0,5.0,4th quarter,11:48.0,Bonzi Wells,POR,True,2-pointer,0,69-67,'POR',leads
438,438,438,200204280POR,24.0,5.0,4th quarter,11:30.0,Bonzi Wells,POR,True,2-pointer,0,71-67,'POR',leads
439,439,439,200204280POR,9.1,9.9,4th quarter,10:36.0,Steve Kerr,POR,True,2-pointer,16,74-71,'POR',leads
440,440,440,200204280POR,24.0,5.0,4th quarter,9:27.0,Derek Anderson,POR,False,2-pointer,0,76-73,'POR',leads
441,441,441,200204280POR,33.4,22.7,4th quarter,8:57.0,Derek Anderson,POR,False,2-pointer,20,78-73,'POR',leads
442,442,442,200204280POR,44.1,25.0,4th quarter,8:10.0,Rasheed Wallace,POR,False,3-pointer,28,78-75,'POR',leads
443,443,443,200204280POR,12.7,10.9,4th quarter,7:32.0,Derek Anderson,POR,False,2-pointer,13,78-75,'POR',leads
444,444,444,200204280POR,10.6,21.3,4th quarter,7:18.0,Rasheed Wallace,POR,False,2-pointer,21,78-75,'POR',leads
445,445,445,200204280POR,17.1,5.0,4th quarter,6:47.0,Rasheed Wallace,POR,False,2-pointer,7,78-75,'POR',leads
446,446,446,200204280POR,26.2,8.2,4th quarter,5:34.0,Rasheed Wallace,POR,True,2-pointer,4,80-78,'POR',leads
447,447,447,200204280POR,22.8,9.9,4th quarter,3:47.0,Bonzi Wells,POR,False,2-pointer,5,82-84,'POR',trails
448,448,448,200204280POR,10.6,26.1,4th quarter,3:20.0,Scottie Pippen,POR,False,3-pointer,25,82-84,'POR',trails
449,449,449,200204280POR,23.4,28.8,4th quarter,2:44.0,Damon Stoudamire,POR,True,3-pointer,24,85-84,'POR',leads
450,450,450,200204280POR,11.8,22.3,4th quarter,1:08.0,Rasheed Wallace,POR,False,2-pointer,21,87-84,'POR',leads
451,451,451,200204280POR,24.0,5.0,4th quarter,0:39.0,Scottie Pippen,POR,False,2-pointer,0,87-84,'POR',leads
452,452,452,200204280POR,24.0,5.0,4th quarter,0:39.0,Rasheed Wallace,POR,True,2-pointer,0,89-84,'POR',leads
