,Unnamed: 0.1,Unnamed: 0,match_id,shotX,shotY,quarter,time_remaining,player,team,made,shot_type,distance,score,opp,status
0,0,0,200203140CHH,24.0,5.0,1st quarter,10:48.0,Jarron Collins,UTA,False,2-pointer,0,0-0,'CHH',tied
1,1,1,200203140CHH,24.0,5.0,1st quarter,10:45.0,Jarron Collins,UTA,True,2-pointer,0,2-0,'CHH',leads
2,2,2,200203140CHH,24.0,5.0,1st quarter,10:04.0,John Stockton,UTA,True,2-pointer,0,5-2,'CHH',leads
3,3,3,200203140CHH,45.4,5.2,1st quarter,9:39.0,Bryon Russell,UTA,True,2-pointer,21,7-2,'CHH',leads
4,4,4,200203140CHH,41.8,9.5,1st quarter,8:51.0,John Stockton,UTA,True,2-pointer,18,9-2,'CHH',leads
5,5,5,200203140CHH,24.0,5.0,1st quarter,8:07.0,John Stockton,UTA,False,2-pointer,0,9-4,'CHH',leads
6,6,6,200203140CHH,24.0,5.0,1st quarter,8:03.0,Jarron Collins,UTA,True,2-pointer,0,11-4,'CHH',leads
7,7,7,200203140CHH,24.0,5.0,1st quarter,7:07.0,Donyell Marshall,UTA,False,2-pointer,0,13-6,'CHH',leads
8,8,8,200203140CHH,38.2,11.1,1st quarter,6:44.0,Karl Malone,UTA,False,2-pointer,15,13-8,'CHH',leads
9,9,9,200203140CHH,24.0,5.0,1st quarter,6:21.0,Karl Malone,UTA,False,2-pointer,0,13-9,'CHH',leads
10,10,10,200203140CHH,24.0,5.0,1st quarter,6:15.0,Karl Malone,UTA,True,2-pointer,0,15-9,'CHH',leads
11,11,11,200203140CHH,36.7,15.6,1st quarter,5:57.0,Bryon Russell,UTA,False,2-pointer,17,15-9,'CHH',leads
12,12,12,200203140CHH,40.9,11.8,1st quarter,4:53.0,Karl Malone,UTA,False,2-pointer,18,15-13,'CHH',leads
13,13,13,200203140CHH,33.4,10.5,1st quarter,4:05.0,Donyell Marshall,UTA,False,2-pointer,11,15-15,'CHH',tied
14,14,14,200203140CHH,24.0,5.0,1st quarter,3:50.0,Karl Malone,UTA,False,2-pointer,0,15-15,'CHH',tied
15,15,15,200203140CHH,4.3,14.5,1st quarter,3:30.0,Bryon Russell,UTA,False,2-pointer,22,15-15,'CHH',tied
16,16,16,200203140CHH,24.0,5.0,1st quarter,2:54.0,Bryon Russell,UTA,False,2-pointer,0,15-19,'CHH',trails
17,17,17,200203140CHH,24.0,5.0,1st quarter,2:08.0,Karl Malone,UTA,False,2-pointer,0,15-21,'CHH',trails
18,18,18,200203140CHH,44.5,23.1,1st quarter,2:00.0,Rusty LaRue,UTA,False,3-pointer,27,15-21,'CHH',trails
19,19,19,200203140CHH,12.9,13.2,1st quarter,0:48.2,Andrei Kirilenko,UTA,False,2-pointer,14,16-24,'CHH',trails
20,20,20,200203140CHH,10.8,12.8,1st quarter,0:33.0,DeShawn Stevenson,UTA,True,2-pointer,15,18-24,'CHH',trails
21,21,21,200203140CHH,20.7,23.1,2nd quarter,10:59.0,Scott Padgett,UTA,False,2-pointer,18,19-28,'CHH',trails
22,22,22,200203140CHH,24.0,5.0,2nd quarter,9:53.0,Andrei Kirilenko,UTA,True,2-pointer,0,21-28,'CHH',trails
23,23,23,200203140CHH,24.0,5.0,2nd quarter,8:51.0,DeShawn Stevenson,UTA,False,2-pointer,0,21-31,'CHH',trails
24,24,24,200203140CHH,46.6,18.3,2nd quarter,8:18.0,John Starks,UTA,True,3-pointer,26,24-33,'CHH',trails
25,25,25,200203140CHH,24.0,5.0,2nd quarter,7:04.0,John Amaechi,UTA,False,2-pointer,0,25-36,'CHH',trails
26,26,26,200203140CHH,24.0,5.0,2nd quarter,6:16.0,John Amaechi,UTA,True,2-pointer,0,29-36,'CHH',trails
27,27,27,200203140CHH,36.7,18.3,2nd quarter,5:26.0,Karl Malone,UTA,False,2-pointer,18,30-38,'CHH',trails
28,28,28,200203140CHH,24.0,5.0,2nd quarter,4:31.0,John Amaechi,UTA,False,2-pointer,0,30-41,'CHH',trails
29,29,29,200203140CHH,20.7,10.1,2nd quarter,3:32.0,John Amaechi,UTA,False,2-pointer,6,30-43,'CHH',trails
30,30,30,200203140CHH,39.5,11.1,2nd quarter,3:06.0,Karl Malone,UTA,False,2-pointer,17,30-46,'CHH',trails
31,31,31,200203140CHH,24.0,5.0,2nd quarter,2:18.0,Donyell Marshall,UTA,False,2-pointer,0,30-48,'CHH',trails
32,32,32,200203140CHH,7.2,15.6,2nd quarter,1:37.0,Bryon Russell,UTA,False,2-pointer,20,32-51,'CHH',trails
33,33,33,200203140CHH,24.0,5.0,2nd quarter,1:03.0,Karl Malone,UTA,False,2-pointer,0,32-51,'CHH',trails
34,34,34,200203140CHH,24.0,5.0,2nd quarter,0:58.3,Donyell Marshall,UTA,False,2-pointer,0,32-51,'CHH',trails
35,35,35,200203140CHH,24.0,5.0,2nd quarter,0:40.2,John Stockton,UTA,True,2-pointer,0,34-53,'CHH',trails
36,36,36,200203140CHH,25.4,30.7,2nd quarter,0:16.3,Donyell Marshall,UTA,True,3-pointer,26,37-55,'CHH',trails
37,37,37,200203140CHH,24.0,5.0,3rd quarter,11:42.0,Donyell Marshall,UTA,False,2-pointer,0,37-55,'CHH',trails
38,38,38,200203140CHH,24.0,5.0,3rd quarter,11:40.0,Donyell Marshall,UTA,True,2-pointer,0,39-55,'CHH',trails
39,39,39,200203140CHH,34.0,6.7,3rd quarter,10:56.0,Bryon Russell,UTA,False,2-pointer,10,39-57,'CHH',trails
40,40,40,200203140CHH,24.0,5.0,3rd quarter,10:52.0,Donyell Marshall,UTA,False,2-pointer,0,39-57,'CHH',trails
41,41,41,200203140CHH,36.7,19.4,3rd quarter,10:38.0,John Stockton,UTA,False,2-pointer,19,39-59,'CHH',trails
42,42,42,200203140CHH,24.0,5.0,3rd quarter,10:06.0,Jarron Collins,UTA,False,2-pointer,0,39-61,'CHH',trails
43,43,43,200203140CHH,24.0,5.0,3rd quarter,10:01.0,Bryon Russell,UTA,False,2-pointer,0,39-61,'CHH',trails
44,44,44,200203140CHH,24.0,5.0,3rd quarter,9:57.0,Jarron Collins,UTA,False,2-pointer,0,39-61,'CHH',trails
45,45,45,200203140CHH,24.0,5.0,3rd quarter,9:48.0,Donyell Marshall,UTA,False,2-pointer,0,39-61,'CHH',trails
46,46,46,200203140CHH,39.5,10.1,3rd quarter,9:40.0,Karl Malone,UTA,False,2-pointer,16,39-61,'CHH',trails
47,47,47,200203140CHH,24.0,5.0,3rd quarter,9:35.0,Donyell Marshall,UTA,True,2-pointer,0,41-61,'CHH',trails
48,48,48,200203140CHH,8.0,8.4,3rd quarter,8:44.0,Bryon Russell,UTA,False,2-pointer,16,42-63,'CHH',trails
49,49,49,200203140CHH,12.9,6.3,3rd quarter,7:30.0,John Stockton,UTA,True,2-pointer,11,44-68,'CHH',trails
50,50,50,200203140CHH,36.7,29.3,3rd quarter,6:48.0,Bryon Russell,UTA,False,3-pointer,27,44-70,'CHH',trails
51,51,51,200203140CHH,24.0,5.0,3rd quarter,6:41.0,Bryon Russell,UTA,False,2-pointer,0,44-70,'CHH',trails
52,52,52,200203140CHH,24.0,5.0,3rd quarter,6:40.0,Karl Malone,UTA,False,2-pointer,0,44-70,'CHH',trails
53,53,53,200203140CHH,24.0,5.0,3rd quarter,6:36.0,Donyell Marshall,UTA,True,2-pointer,0,46-70,'CHH',trails
54,54,54,200203140CHH,34.6,21.0,3rd quarter,5:23.0,DeShawn Stevenson,UTA,False,2-pointer,19,46-70,'CHH',trails
55,55,55,200203140CHH,24.0,5.0,3rd quarter,5:02.0,Jarron Collins,UTA,False,2-pointer,0,46-70,'CHH',trails
56,56,56,200203140CHH,8.0,24.8,3rd quarter,4:24.0,Bryon Russell,UTA,True,3-pointer,25,49-70,'CHH',trails
57,57,57,200203140CHH,42.4,13.2,3rd quarter,3:49.0,Scott Padgett,UTA,False,2-pointer,20,49-70,'CHH',trails
58,58,58,200203140CHH,24.0,5.0,3rd quarter,3:17.0,Donyell Marshall,UTA,False,2-pointer,0,49-72,'CHH',trails
59,59,59,200203140CHH,24.0,5.0,3rd quarter,2:58.0,Donyell Marshall,UTA,True,2-pointer,0,51-74,'CHH',trails
60,60,60,200203140CHH,24.0,5.0,3rd quarter,0:44.6,DeShawn Stevenson,UTA,True,2-pointer,0,56-76,'CHH',trails
61,61,61,200203140CHH,8.0,12.8,4th quarter,11:25.0,DeShawn Stevenson,UTA,False,2-pointer,18,56-78,'CHH',trails
62,62,62,200203140CHH,24.0,5.0,4th quarter,11:22.0,Scott Padgett,UTA,False,2-pointer,0,56-78,'CHH',trails
63,63,63,200203140CHH,20.5,9.9,4th quarter,11:13.0,DeShawn Stevenson,UTA,False,2-pointer,6,56-78,'CHH',trails
64,64,64,200203140CHH,24.0,5.0,4th quarter,11:11.0,Greg Ostertag,UTA,False,2-pointer,0,56-78,'CHH',trails
65,65,65,200203140CHH,9.3,14.5,4th quarter,10:45.0,Scott Padgett,UTA,False,2-pointer,18,56-78,'CHH',trails
66,66,66,200203140CHH,24.0,5.0,4th quarter,10:33.0,Greg Ostertag,UTA,True,2-pointer,0,58-78,'CHH',trails
67,67,67,200203140CHH,24.0,5.0,4th quarter,10:00.0,John Amaechi,UTA,False,2-pointer,0,58-78,'CHH',trails
68,68,68,200203140CHH,24.0,5.0,4th quarter,9:48.0,DeShawn Stevenson,UTA,False,2-pointer,0,58-78,'CHH',trails
69,69,69,200203140CHH,24.0,5.0,4th quarter,9:46.0,Andrei Kirilenko,UTA,True,2-pointer,0,60-78,'CHH',trails
70,70,70,200203140CHH,24.0,5.0,4th quarter,9:09.0,Andrei Kirilenko,UTA,True,2-pointer,0,62-81,'CHH',trails
71,71,71,200203140CHH,24.0,5.0,4th quarter,8:45.0,Andrei Kirilenko,UTA,True,2-pointer,0,64-83,'CHH',trails
72,72,72,200203140CHH,24.0,5.0,4th quarter,7:42.0,John Amaechi,UTA,True,2-pointer,0,66-86,'CHH',trails
73,73,73,200203140CHH,24.0,5.0,4th quarter,6:32.0,John Amaechi,UTA,True,2-pointer,0,68-88,'CHH',trails
74,74,74,200203140CHH,46.6,16.0,4th quarter,4:50.0,Scott Padgett,UTA,False,3-pointer,25,68-93,'CHH',trails
75,75,75,200203140CHH,21.3,10.5,4th quarter,4:32.0,John Starks,UTA,True,2-pointer,6,70-93,'CHH',trails
76,76,76,200203140CHH,4.3,10.5,4th quarter,4:00.0,John Starks,UTA,True,2-pointer,20,72-93,'CHH',trails
77,77,77,200203140CHH,24.0,5.0,4th quarter,3:31.0,DeShawn Stevenson,UTA,False,2-pointer,0,72-93,'CHH',trails
78,78,78,200203140CHH,24.0,5.0,4th quarter,3:27.0,Greg Ostertag,UTA,False,2-pointer,0,72-93,'CHH',trails
79,79,79,200203140CHH,47.5,10.5,4th quarter,3:06.0,John Starks,UTA,False,3-pointer,24,72-93,'CHH',trails
80,80,80,200203140CHH,47.5,10.5,4th quarter,2:37.0,Scott Padgett,UTA,True,3-pointer,24,76-96,'CHH',trails
81,81,81,200203140CHH,24.0,5.0,4th quarter,1:11.0,DeShawn Stevenson,UTA,True,2-pointer,0,80-98,'CHH',trails
82,82,82,200203140CHH,18.6,21.5,4th quarter,0:43.3,John Amaechi,UTA,False,2-pointer,17,80-100,'CHH',trails
83,83,83,200203140CHH,34.0,6.3,1st quarter,11:41.0,Elden Campbell,CHH,False,2-pointer,10,0-0,'CHH',tied
84,84,84,200203140CHH,30.4,11.1,1st quarter,9:47.0,P.J. Brown,CHH,False,2-pointer,9,2-5,'CHH',trails
85,85,85,200203140CHH,35.5,12.8,1st quarter,9:16.0,Jamal Mashburn,CHH,False,2-pointer,14,2-7,'CHH',trails
86,86,86,200203140CHH,12.1,14.9,1st quarter,8:34.0,David Wesley,CHH,False,2-pointer,15,2-9,'CHH',trails
87,87,87,200203140CHH,24.0,5.0,1st quarter,7:22.0,Elden Campbell,CHH,True,2-pointer,0,6-13,'CHH',trails
88,88,88,200203140CHH,24.0,5.0,1st quarter,7:02.0,P.J. Brown,CHH,True,2-pointer,0,8-13,'CHH',trails
89,89,89,200203140CHH,8.7,12.2,1st quarter,6:05.0,Jamal Mashburn,CHH,False,2-pointer,17,9-15,'CHH',trails
90,90,90,200203140CHH,24.0,5.0,1st quarter,5:50.0,P.J. Brown,CHH,True,2-pointer,0,11-15,'CHH',trails
91,91,91,200203140CHH,30.4,6.7,1st quarter,5:14.0,Jamal Mashburn,CHH,True,2-pointer,7,13-15,'CHH',trails
92,92,92,200203140CHH,24.0,5.0,1st quarter,4:27.0,Baron Davis,CHH,True,2-pointer,0,15-15,'CHH',tied
93,93,93,200203140CHH,47.5,6.7,1st quarter,3:58.0,David Wesley,CHH,False,3-pointer,24,15-15,'CHH',tied
94,94,94,200203140CHH,38.2,26.9,1st quarter,3:16.0,David Wesley,CHH,True,3-pointer,26,19-15,'CHH',leads
95,95,95,200203140CHH,31.3,14.5,1st quarter,2:27.0,P.J. Brown,CHH,True,2-pointer,12,21-15,'CHH',leads
96,96,96,200203140CHH,17.7,13.2,1st quarter,1:52.0,Jamal Mashburn,CHH,True,2-pointer,10,23-15,'CHH',leads
97,97,97,200203140CHH,35.5,13.9,1st quarter,1:27.0,Jamal Mashburn,CHH,False,2-pointer,15,24-15,'CHH',leads
98,98,98,200203140CHH,24.0,5.0,1st quarter,0:15.0,Jamaal Magloire,CHH,False,2-pointer,0,24-18,'CHH',leads
99,99,99,200203140CHH,10.8,16.6,1st quarter,0:01.8,Jamal Mashburn,CHH,True,2-pointer,18,26-18,'CHH',leads
100,100,100,200203140CHH,24.0,5.0,2nd quarter,11:28.0,George Lynch,CHH,True,2-pointer,0,28-19,'CHH',leads
101,101,101,200203140CHH,9.9,14.5,2nd quarter,10:42.0,Lee Nailon,CHH,False,2-pointer,17,28-19,'CHH',leads
102,102,102,200203140CHH,12.9,9.0,2nd quarter,10:36.0,Baron Davis,CHH,False,2-pointer,12,28-19,'CHH',leads
103,103,103,200203140CHH,5.1,6.7,2nd quarter,10:04.0,Stacey Augmon,CHH,False,2-pointer,19,28-19,'CHH',leads
104,104,104,200203140CHH,46.0,18.7,2nd quarter,9:33.0,Baron Davis,CHH,True,3-pointer,26,31-21,'CHH',leads
105,105,105,200203140CHH,8.7,19.4,2nd quarter,8:33.0,David Wesley,CHH,False,2-pointer,21,31-21,'CHH',leads
106,106,106,200203140CHH,24.0,5.0,2nd quarter,8:29.0,Lee Nailon,CHH,True,2-pointer,0,33-21,'CHH',leads
107,107,107,200203140CHH,7.2,24.8,2nd quarter,7:55.0,Jamal Mashburn,CHH,False,3-pointer,26,33-24,'CHH',leads
108,108,108,200203140CHH,24.0,5.0,2nd quarter,7:48.0,Jamaal Magloire,CHH,True,2-pointer,0,35-24,'CHH',leads
109,109,109,200203140CHH,11.4,6.7,2nd quarter,6:57.0,Baron Davis,CHH,False,2-pointer,13,36-25,'CHH',leads
110,110,110,200203140CHH,6.6,14.9,2nd quarter,6:35.0,David Wesley,CHH,False,2-pointer,20,36-27,'CHH',leads
111,111,111,200203140CHH,10.8,28.2,2nd quarter,5:07.0,David Wesley,CHH,True,3-pointer,27,41-30,'CHH',leads
112,112,112,200203140CHH,3.6,20.4,2nd quarter,4:38.0,David Wesley,CHH,False,3-pointer,26,41-30,'CHH',leads
113,113,113,200203140CHH,13.5,7.8,2nd quarter,4:11.0,Elden Campbell,CHH,False,2-pointer,11,41-30,'CHH',leads
114,114,114,200203140CHH,37.4,13.9,2nd quarter,4:06.0,David Wesley,CHH,False,2-pointer,16,41-30,'CHH',leads
115,115,115,200203140CHH,24.0,5.0,2nd quarter,3:50.0,Baron Davis,CHH,True,2-pointer,0,43-30,'CHH',leads
116,116,116,200203140CHH,0.7,6.3,2nd quarter,3:23.0,Baron Davis,CHH,True,3-pointer,23,46-30,'CHH',leads
117,117,117,200203140CHH,38.2,22.5,2nd quarter,2:33.0,David Wesley,CHH,True,2-pointer,23,48-30,'CHH',leads
118,118,118,200203140CHH,38.8,18.3,2nd quarter,1:52.0,Jamal Mashburn,CHH,True,2-pointer,20,51-32,'CHH',leads
119,119,119,200203140CHH,24.0,5.0,2nd quarter,0:34.4,Baron Davis,CHH,True,2-pointer,0,55-34,'CHH',leads
120,120,120,200203140CHH,12.9,11.1,2nd quarter,0:02.5,Jamal Mashburn,CHH,False,2-pointer,13,55-37,'CHH',leads
121,121,121,200203140CHH,24.0,5.0,3rd quarter,11:24.0,Elden Campbell,CHH,True,2-pointer,0,57-39,'CHH',leads
122,122,122,200203140CHH,24.0,6.0,3rd quarter,10:46.0,Jamal Mashburn,CHH,True,2-pointer,1,59-39,'CHH',leads
123,123,123,200203140CHH,24.0,5.0,3rd quarter,10:29.0,Jamal Mashburn,CHH,True,2-pointer,0,61-39,'CHH',leads
124,124,124,200203140CHH,9.9,5.7,3rd quarter,9:20.0,Jamal Mashburn,CHH,True,2-pointer,14,63-41,'CHH',leads
125,125,125,200203140CHH,7.2,15.6,3rd quarter,9:05.0,David Wesley,CHH,False,2-pointer,20,63-42,'CHH',leads
126,126,126,200203140CHH,0.7,6.3,3rd quarter,8:25.0,Jamal Mashburn,CHH,True,3-pointer,23,66-42,'CHH',leads
127,127,127,200203140CHH,24.0,5.0,3rd quarter,7:46.0,Elden Campbell,CHH,True,2-pointer,0,68-42,'CHH',leads
128,128,128,200203140CHH,24.0,5.0,3rd quarter,7:07.0,Baron Davis,CHH,False,2-pointer,0,68-44,'CHH',leads
129,129,129,200203140CHH,24.0,5.0,3rd quarter,7:06.0,Baron Davis,CHH,True,2-pointer,0,70-44,'CHH',leads
130,130,130,200203140CHH,25.4,21.0,3rd quarter,6:15.0,Jamal Mashburn,CHH,False,2-pointer,16,70-46,'CHH',leads
131,131,131,200203140CHH,12.1,20.4,3rd quarter,5:40.0,Jamal Mashburn,CHH,False,2-pointer,19,70-46,'CHH',leads
132,132,132,200203140CHH,8.0,25.9,3rd quarter,4:47.0,David Wesley,CHH,False,3-pointer,26,70-46,'CHH',leads
133,133,133,200203140CHH,35.5,12.2,3rd quarter,3:29.0,George Lynch,CHH,True,2-pointer,14,72-49,'CHH',leads
134,134,134,200203140CHH,17.7,6.7,3rd quarter,3:09.0,Lee Nailon,CHH,False,2-pointer,7,72-49,'CHH',leads
135,135,135,200203140CHH,24.0,5.0,3rd quarter,3:05.0,Lee Nailon,CHH,True,2-pointer,0,74-49,'CHH',leads
136,136,136,200203140CHH,38.2,17.0,3rd quarter,2:37.0,Stacey Augmon,CHH,True,2-pointer,19,76-51,'CHH',leads
137,137,137,200203140CHH,24.0,5.0,3rd quarter,1:57.0,Stacey Augmon,CHH,False,2-pointer,0,76-53,'CHH',leads
138,138,138,200203140CHH,36.7,19.4,3rd quarter,1:18.0,Lee Nailon,CHH,False,2-pointer,19,76-54,'CHH',leads
139,139,139,200203140CHH,8.0,7.8,3rd quarter,0:52.6,Lee Nailon,CHH,False,2-pointer,16,76-54,'CHH',leads
140,140,140,200203140CHH,19.2,12.2,3rd quarter,0:25.5,Lee Nailon,CHH,False,2-pointer,9,76-56,'CHH',leads
141,141,141,200203140CHH,19.2,21.0,3rd quarter,0:01.0,George Lynch,CHH,False,2-pointer,17,76-56,'CHH',leads
142,142,142,200203140CHH,24.0,5.0,4th quarter,11:42.0,Jamaal Magloire,CHH,True,2-pointer,0,78-56,'CHH',leads
143,143,143,200203140CHH,10.8,7.8,4th quarter,10:14.0,Jamal Mashburn,CHH,False,2-pointer,13,78-58,'CHH',leads
144,144,144,200203140CHH,1.5,7.3,4th quarter,9:24.0,Jamal Mashburn,CHH,True,3-pointer,23,81-60,'CHH',leads
145,145,145,200203140CHH,38.2,16.6,4th quarter,8:35.0,Jamaal Magloire,CHH,False,2-pointer,18,83-64,'CHH',leads
146,146,146,200203140CHH,33.4,21.5,4th quarter,8:01.0,P.J. Brown,CHH,True,2-pointer,19,86-64,'CHH',leads
147,147,147,200203140CHH,8.7,10.1,4th quarter,7:18.0,Jamal Mashburn,CHH,False,2-pointer,16,86-66,'CHH',leads
148,148,148,200203140CHH,24.0,5.0,4th quarter,6:50.0,Lee Nailon,CHH,False,2-pointer,0,86-66,'CHH',leads
149,149,149,200203140CHH,24.0,5.0,4th quarter,6:49.0,Lee Nailon,CHH,False,2-pointer,0,86-66,'CHH',leads
150,150,150,200203140CHH,24.0,5.0,4th quarter,6:24.0,Jamaal Magloire,CHH,False,2-pointer,0,88-68,'CHH',leads
151,151,151,200203140CHH,5.7,24.2,4th quarter,6:09.0,Baron Davis,CHH,True,3-pointer,27,91-68,'CHH',leads
152,152,152,200203140CHH,24.0,5.0,4th quarter,5:43.0,Lee Nailon,CHH,False,2-pointer,0,91-68,'CHH',leads
153,153,153,200203140CHH,24.0,5.0,4th quarter,5:41.0,P.J. Brown,CHH,False,2-pointer,0,91-68,'CHH',leads
154,154,154,200203140CHH,31.9,12.8,4th quarter,5:17.0,Lee Nailon,CHH,True,2-pointer,11,93-68,'CHH',leads
155,155,155,200203140CHH,24.0,5.0,4th quarter,4:41.0,Robert Traylor,CHH,False,2-pointer,0,93-68,'CHH',leads
156,156,156,200203140CHH,17.1,10.1,4th quarter,4:10.0,Kirk Haston,CHH,False,2-pointer,9,93-70,'CHH',leads
157,157,157,200203140CHH,19.2,9.0,4th quarter,3:40.0,Kirk Haston,CHH,False,2-pointer,6,93-72,'CHH',leads
158,158,158,200203140CHH,37.4,17.7,4th quarter,3:15.0,Robert Traylor,CHH,False,2-pointer,18,93-72,'CHH',leads
159,159,159,200203140CHH,5.1,22.1,4th quarter,2:49.0,George Lynch,CHH,True,3-pointer,25,96-73,'CHH',leads
160,160,160,200203140CHH,24.0,5.0,4th quarter,2:18.0,Robert Traylor,CHH,False,2-pointer,0,96-76,'CHH',leads
161,161,161,200203140CHH,24.0,5.0,4th quarter,2:14.0,Robert Traylor,CHH,False,2-pointer,0,96-76,'CHH',leads
162,162,162,200203140CHH,15.0,22.5,4th quarter,1:47.0,Bryce Drew,CHH,True,2-pointer,20,98-76,'CHH',leads
163,163,163,200203140CHH,24.0,5.0,4th quarter,1:00.0,Robert Traylor,CHH,True,2-pointer,0,100-80,'CHH',leads
164,164,164,200203140CHH,24.0,5.0,4th quarter,0:25.9,Bryce Drew,CHH,False,2-pointer,0,100-80,'CHH',leads
165,165,165,200203140CHH,24.0,5.0,4th quarter,0:24.0,George Lynch,CHH,False,2-pointer,0,100-80,'CHH',leads
166,166,166,200203140GSW,19.4,7.6,1st quarter,11:39.0,Shaquille O'Neal,LAL,True,2-pointer,5,2-0,'LAL',leads
167,167,167,200203140GSW,24.0,5.0,1st quarter,11:18.0,Kobe Bryant,LAL,True,2-pointer,0,4-2,'LAL',leads
168,168,168,200203140GSW,37.6,18.3,1st quarter,10:35.0,Kobe Bryant,LAL,False,2-pointer,19,4-2,'LAL',leads
169,169,169,200203140GSW,43.3,2.7,1st quarter,9:38.0,Lindsey Hunter,LAL,False,2-pointer,19,4-2,'LAL',leads
170,170,170,200203140GSW,24.1,11.8,1st quarter,9:00.0,Shaquille O'Neal,LAL,True,2-pointer,7,6-4,'LAL',leads
171,171,171,200203140GSW,24.0,5.0,1st quarter,8:18.0,Rick Fox,LAL,True,2-pointer,0,8-7,'LAL',leads
172,172,172,200203140GSW,38.2,20.0,1st quarter,7:45.0,Kobe Bryant,LAL,False,2-pointer,21,8-9,'LAL',trails
173,173,173,200203140GSW,20.9,7.6,1st quarter,7:42.0,Rick Fox,LAL,False,2-pointer,4,8-9,'LAL',trails
174,174,174,200203140GSW,24.0,5.0,1st quarter,7:17.0,Kobe Bryant,LAL,True,2-pointer,0,10-11,'LAL',trails
175,175,175,200203140GSW,27.7,9.0,1st quarter,6:38.0,Shaquille O'Neal,LAL,False,2-pointer,5,10-13,'LAL',trails
176,176,176,200203140GSW,23.6,5.0,1st quarter,6:34.0,Shaquille O'Neal,LAL,False,2-pointer,0,10-13,'LAL',trails
177,177,177,200203140GSW,26.2,8.0,1st quarter,6:27.0,Shaquille O'Neal,LAL,False,2-pointer,4,10-13,'LAL',trails
178,178,178,200203140GSW,11.0,4.4,1st quarter,5:50.0,Kobe Bryant,LAL,False,2-pointer,13,10-15,'LAL',trails
179,179,179,200203140GSW,34.0,6.9,1st quarter,5:26.0,Lindsey Hunter,LAL,False,2-pointer,10,11-15,'LAL',trails
180,180,180,200203140GSW,18.2,10.7,1st quarter,5:22.0,Shaquille O'Neal,LAL,False,2-pointer,8,11-15,'LAL',trails
181,181,181,200203140GSW,37.6,18.9,1st quarter,4:59.0,Lindsey Hunter,LAL,False,2-pointer,19,11-15,'LAL',trails
182,182,182,200203140GSW,41.2,5.9,1st quarter,4:13.0,Mitch Richmond,LAL,True,2-pointer,17,14-18,'LAL',trails
183,183,183,200203140GSW,24.0,5.0,1st quarter,3:45.0,Shaquille O'Neal,LAL,True,2-pointer,0,16-18,'LAL',trails
184,184,184,200203140GSW,24.0,5.0,1st quarter,3:15.0,Shaquille O'Neal,LAL,True,2-pointer,0,18-18,'LAL',tied
185,185,185,200203140GSW,8.3,23.8,1st quarter,2:45.0,Lindsey Hunter,LAL,False,3-pointer,24,18-18,'LAL',tied
186,186,186,200203140GSW,24.0,5.0,1st quarter,2:30.0,Mitch Richmond,LAL,True,2-pointer,0,20-18,'LAL',leads
187,187,187,200203140GSW,16.7,6.9,1st quarter,2:04.0,Mitch Richmond,LAL,False,2-pointer,8,20-18,'LAL',leads
188,188,188,200203140GSW,10.4,21.7,1st quarter,1:42.0,Derek Fisher,LAL,True,2-pointer,22,23-18,'LAL',leads
189,189,189,200203140GSW,24.9,8.0,1st quarter,1:18.0,Kobe Bryant,LAL,False,2-pointer,3,23-18,'LAL',leads
190,190,190,200203140GSW,29.8,9.0,1st quarter,0:31.4,Kobe Bryant,LAL,False,2-pointer,7,23-22,'LAL',leads
191,191,191,200203140GSW,24.0,5.0,1st quarter,0:29.8,Kobe Bryant,LAL,True,2-pointer,0,25-22,'LAL',leads
192,192,192,200203140GSW,35.5,19.4,2nd quarter,11:26.0,Derek Fisher,LAL,False,2-pointer,18,25-22,'LAL',leads
193,193,193,200203140GSW,24.1,30.3,2nd quarter,10:46.0,Mitch Richmond,LAL,False,3-pointer,25,25-24,'LAL',leads
194,194,194,200203140GSW,38.2,13.5,2nd quarter,10:14.0,Derek Fisher,LAL,False,2-pointer,17,25-24,'LAL',leads
195,195,195,200203140GSW,23.6,7.6,2nd quarter,10:11.0,Rick Fox,LAL,False,2-pointer,3,25-24,'LAL',leads
196,196,196,200203140GSW,8.9,3.9,2nd quarter,9:10.0,Stanislav Medvedenko,LAL,True,2-pointer,15,27-26,'LAL',leads
197,197,197,200203140GSW,41.2,5.9,2nd quarter,8:34.0,Stanislav Medvedenko,LAL,False,2-pointer,17,27-28,'LAL',trails
198,198,198,200203140GSW,24.0,5.0,2nd quarter,8:32.0,Rick Fox,LAL,True,2-pointer,0,29-28,'LAL',leads
199,199,199,200203140GSW,21.5,7.6,2nd quarter,7:47.0,Shaquille O'Neal,LAL,True,2-pointer,4,31-30,'LAL',leads
200,200,200,200203140GSW,24.0,5.0,2nd quarter,7:09.0,Shaquille O'Neal,LAL,True,2-pointer,0,35-30,'LAL',leads
201,201,201,200203140GSW,27.0,6.9,2nd quarter,6:43.0,Stanislav Medvedenko,LAL,False,2-pointer,4,35-30,'LAL',leads
202,202,202,200203140GSW,26.2,7.6,2nd quarter,6:37.0,Kobe Bryant,LAL,False,2-pointer,3,35-30,'LAL',leads
203,203,203,200203140GSW,24.0,5.0,2nd quarter,6:12.0,Shaquille O'Neal,LAL,True,2-pointer,0,37-32,'LAL',leads
204,204,204,200203140GSW,8.9,4.4,2nd quarter,5:19.0,Stanislav Medvedenko,LAL,False,2-pointer,15,37-33,'LAL',leads
205,205,205,200203140GSW,29.1,11.1,2nd quarter,4:57.0,Stanislav Medvedenko,LAL,False,2-pointer,8,37-33,'LAL',leads
206,206,206,200203140GSW,12.5,27.6,2nd quarter,4:50.0,Derek Fisher,LAL,True,3-pointer,25,40-33,'LAL',leads
207,207,207,200203140GSW,11.6,21.7,2nd quarter,4:23.0,Derek Fisher,LAL,False,2-pointer,21,40-33,'LAL',leads
208,208,208,200203140GSW,24.0,5.0,2nd quarter,4:02.0,Kobe Bryant,LAL,True,2-pointer,0,42-33,'LAL',leads
209,209,209,200203140GSW,24.0,5.0,2nd quarter,2:25.0,Kobe Bryant,LAL,True,2-pointer,0,46-37,'LAL',leads
210,210,210,200203140GSW,40.5,24.2,2nd quarter,2:08.0,Derek Fisher,LAL,False,3-pointer,25,46-37,'LAL',leads
211,211,211,200203140GSW,46.6,2.7,2nd quarter,1:44.0,Derek Fisher,LAL,True,3-pointer,23,49-37,'LAL',leads
212,212,212,200203140GSW,19.4,7.6,2nd quarter,1:09.0,Shaquille O'Neal,LAL,False,2-pointer,5,49-39,'LAL',leads
213,213,213,200203140GSW,13.1,18.9,2nd quarter,0:47.5,Kobe Bryant,LAL,False,2-pointer,18,49-39,'LAL',leads
214,214,214,200203140GSW,36.7,17.2,3rd quarter,10:44.0,Rick Fox,LAL,True,2-pointer,18,52-45,'LAL',leads
215,215,215,200203140GSW,22.2,20.4,3rd quarter,9:36.0,Robert Horry,LAL,True,2-pointer,16,54-49,'LAL',leads
216,216,216,200203140GSW,40.5,5.9,3rd quarter,9:17.0,Rick Fox,LAL,False,2-pointer,17,54-49,'LAL',leads
217,217,217,200203140GSW,21.5,6.3,3rd quarter,8:46.0,Shaquille O'Neal,LAL,False,2-pointer,3,54-50,'LAL',leads
218,218,218,200203140GSW,24.0,5.0,3rd quarter,8:22.0,Kobe Bryant,LAL,True,2-pointer,0,56-50,'LAL',leads
219,219,219,200203140GSW,24.0,5.0,3rd quarter,7:39.0,Kobe Bryant,LAL,True,2-pointer,0,60-50,'LAL',leads
220,220,220,200203140GSW,6.2,4.4,3rd quarter,6:34.0,Lindsey Hunter,LAL,False,2-pointer,18,61-55,'LAL',leads
221,221,221,200203140GSW,7.6,24.2,3rd quarter,5:30.0,Robert Horry,LAL,True,3-pointer,25,64-58,'LAL',leads
222,222,222,200203140GSW,33.4,6.3,3rd quarter,4:54.0,Rick Fox,LAL,True,2-pointer,9,66-60,'LAL',leads
223,223,223,200203140GSW,27.7,8.0,3rd quarter,3:56.0,Devean George,LAL,False,2-pointer,5,66-62,'LAL',leads
224,224,224,200203140GSW,0.5,2.7,3rd quarter,3:31.0,Devean George,LAL,False,3-pointer,24,66-62,'LAL',leads
225,225,225,200203140GSW,9.5,6.3,3rd quarter,3:04.0,Stanislav Medvedenko,LAL,False,2-pointer,15,66-65,'LAL',leads
226,226,226,200203140GSW,24.0,5.0,3rd quarter,1:31.0,Shaquille O'Neal,LAL,True,2-pointer,0,70-67,'LAL',leads
227,227,227,200203140GSW,26.2,6.9,3rd quarter,0:30.6,Stanislav Medvedenko,LAL,False,2-pointer,3,70-73,'LAL',trails
228,228,228,200203140GSW,24.0,5.0,3rd quarter,0:30.3,Stanislav Medvedenko,LAL,True,2-pointer,0,72-73,'LAL',trails
229,229,229,200203140GSW,24.0,5.0,3rd quarter,0:12.5,Devean George,LAL,True,2-pointer,0,74-73,'LAL',leads
230,230,230,200203140GSW,41.8,23.1,4th quarter,11:37.0,Devean George,LAL,True,3-pointer,25,77-73,'LAL',leads
231,231,231,200203140GSW,24.0,5.0,4th quarter,10:38.0,Shaquille O'Neal,LAL,True,2-pointer,0,81-73,'LAL',leads
232,232,232,200203140GSW,6.8,23.8,4th quarter,10:09.0,Mitch Richmond,LAL,False,3-pointer,25,81-75,'LAL',leads
233,233,233,200203140GSW,16.7,30.3,4th quarter,9:44.0,Derek Fisher,LAL,False,3-pointer,26,81-75,'LAL',leads
234,234,234,200203140GSW,24.0,5.0,4th quarter,9:41.0,Devean George,LAL,False,2-pointer,0,81-75,'LAL',leads
235,235,235,200203140GSW,27.7,9.0,4th quarter,9:39.0,Devean George,LAL,False,2-pointer,5,81-75,'LAL',leads
236,236,236,200203140GSW,21.5,6.9,4th quarter,9:02.0,Derek Fisher,LAL,False,2-pointer,3,81-78,'LAL',leads
237,237,237,200203140GSW,24.0,5.0,4th quarter,7:24.0,Shaquille O'Neal,LAL,True,2-pointer,0,87-81,'LAL',leads
238,238,238,200203140GSW,27.7,9.0,4th quarter,6:44.0,Derek Fisher,LAL,False,2-pointer,5,87-83,'LAL',leads
239,239,239,200203140GSW,24.0,5.0,4th quarter,6:43.0,Rick Fox,LAL,False,2-pointer,0,87-83,'LAL',leads
240,240,240,200203140GSW,24.0,5.0,4th quarter,6:15.0,Shaquille O'Neal,LAL,True,2-pointer,0,89-85,'LAL',leads
241,241,241,200203140GSW,36.7,26.5,4th quarter,5:53.0,Robert Horry,LAL,False,3-pointer,25,89-86,'LAL',leads
242,242,242,200203140GSW,19.4,21.0,4th quarter,5:17.0,Rick Fox,LAL,False,2-pointer,17,89-86,'LAL',leads
243,243,243,200203140GSW,17.3,7.6,4th quarter,5:06.0,Shaquille O'Neal,LAL,False,2-pointer,7,90-86,'LAL',leads
244,244,244,200203140GSW,38.2,26.5,4th quarter,4:35.0,Derek Fisher,LAL,False,3-pointer,26,90-88,'LAL',leads
245,245,245,200203140GSW,36.7,16.6,4th quarter,4:30.0,Rick Fox,LAL,True,2-pointer,17,92-88,'LAL',leads
246,246,246,200203140GSW,24.0,5.0,4th quarter,2:36.0,Shaquille O'Neal,LAL,True,2-pointer,0,98-92,'LAL',leads
247,247,247,200203140GSW,23.6,6.9,4th quarter,1:58.0,Shaquille O'Neal,LAL,True,2-pointer,2,100-92,'LAL',leads
248,248,248,200203140GSW,24.0,5.0,4th quarter,1:30.0,Rick Fox,LAL,True,2-pointer,0,103-94,'LAL',leads
249,249,249,200203140GSW,16.7,29.3,4th quarter,0:47.3,Devean George,LAL,False,3-pointer,25,103-94,'LAL',leads
250,250,250,200203140GSW,16.7,6.9,1st quarter,11:28.0,Antawn Jamison,GSW,False,2-pointer,8,0-2,'LAL',trails
251,251,251,200203140GSW,24.0,5.0,1st quarter,11:26.0,Danny Fortson,GSW,True,2-pointer,0,2-2,'LAL',tied
252,252,252,200203140GSW,35.5,7.6,1st quarter,11:01.0,Erick Dampier,GSW,False,2-pointer,12,2-4,'LAL',trails
253,253,253,200203140GSW,41.8,4.4,1st quarter,10:45.0,Gilbert Arenas,GSW,False,2-pointer,18,2-4,'LAL',trails
254,254,254,200203140GSW,34.0,18.9,1st quarter,10:06.0,Danny Fortson,GSW,False,2-pointer,17,2-4,'LAL',trails
255,255,255,200203140GSW,16.7,14.9,1st quarter,9:46.0,Jason Richardson,GSW,False,2-pointer,12,2-4,'LAL',trails
256,256,256,200203140GSW,24.0,5.0,1st quarter,9:22.0,Gilbert Arenas,GSW,True,2-pointer,0,4-4,'LAL',tied
257,257,257,200203140GSW,4.7,21.0,1st quarter,8:45.0,Jason Richardson,GSW,True,3-pointer,25,7-6,'LAL',leads
258,258,258,200203140GSW,34.0,20.0,1st quarter,8:04.0,Antawn Jamison,GSW,False,2-pointer,18,7-8,'LAL',trails
259,259,259,200203140GSW,24.0,5.0,1st quarter,8:01.0,Erick Dampier,GSW,True,2-pointer,0,9-8,'LAL',leads
260,260,260,200203140GSW,10.4,5.2,1st quarter,7:04.0,Jason Richardson,GSW,True,2-pointer,14,13-10,'LAL',leads
261,261,261,200203140GSW,24.0,5.0,1st quarter,6:19.0,Jason Richardson,GSW,True,2-pointer,0,15-10,'LAL',leads
262,262,262,200203140GSW,40.5,5.9,1st quarter,5:36.0,Jason Richardson,GSW,False,2-pointer,17,15-11,'LAL',leads
263,263,263,200203140GSW,19.4,7.6,1st quarter,5:33.0,Danny Fortson,GSW,False,2-pointer,5,15-11,'LAL',leads
264,264,264,200203140GSW,23.0,9.7,1st quarter,5:12.0,Larry Hughes,GSW,False,2-pointer,5,15-11,'LAL',leads
265,265,265,200203140GSW,20.3,8.0,1st quarter,3:57.0,Antawn Jamison,GSW,False,2-pointer,5,18-14,'LAL',leads
266,266,266,200203140GSW,24.0,5.0,1st quarter,3:55.0,Antawn Jamison,GSW,False,2-pointer,0,18-14,'LAL',leads
267,267,267,200203140GSW,21.5,24.2,1st quarter,3:28.0,Larry Hughes,GSW,False,2-pointer,19,18-16,'LAL',leads
268,268,268,200203140GSW,14.4,19.4,1st quarter,2:57.0,Adonal Foyle,GSW,False,2-pointer,17,18-18,'LAL',tied
269,269,269,200203140GSW,36.7,25.9,1st quarter,2:35.0,Jason Richardson,GSW,False,3-pointer,24,18-18,'LAL',tied
270,270,270,200203140GSW,24.0,5.0,1st quarter,2:10.0,Gilbert Arenas,GSW,False,2-pointer,0,18-20,'LAL',trails
271,271,271,200203140GSW,21.5,10.7,1st quarter,1:56.0,Antawn Jamison,GSW,False,2-pointer,6,18-20,'LAL',trails
272,272,272,200203140GSW,15.2,21.0,1st quarter,1:26.0,Jason Richardson,GSW,False,2-pointer,18,18-23,'LAL',trails
273,273,273,200203140GSW,28.5,8.6,1st quarter,1:09.0,Antawn Jamison,GSW,True,2-pointer,6,20-23,'LAL',trails
274,274,274,200203140GSW,6.2,3.9,2nd quarter,11:44.0,Larry Hughes,GSW,False,2-pointer,18,22-25,'LAL',trails
275,275,275,200203140GSW,31.3,7.6,2nd quarter,11:10.0,Adonal Foyle,GSW,False,2-pointer,8,22-25,'LAL',trails
276,276,276,200203140GSW,24.0,5.0,2nd quarter,11:06.0,Antawn Jamison,GSW,True,2-pointer,0,24-25,'LAL',trails
277,277,277,200203140GSW,27.7,8.6,2nd quarter,10:31.0,Adonal Foyle,GSW,False,2-pointer,5,24-25,'LAL',trails
278,278,278,200203140GSW,24.0,5.0,2nd quarter,10:29.0,Adonal Foyle,GSW,False,2-pointer,0,24-25,'LAL',trails
279,279,279,200203140GSW,12.5,18.9,2nd quarter,10:04.0,Troy Murphy,GSW,True,2-pointer,18,26-25,'LAL',leads
280,280,280,200203140GSW,35.5,20.4,2nd quarter,9:29.0,Bob Sura,GSW,False,2-pointer,19,26-25,'LAL',leads
281,281,281,200203140GSW,23.0,8.6,2nd quarter,8:44.0,Bob Sura,GSW,True,2-pointer,4,28-27,'LAL',leads
282,282,282,200203140GSW,34.0,21.0,2nd quarter,8:18.0,Larry Hughes,GSW,False,2-pointer,19,28-29,'LAL',trails
283,283,283,200203140GSW,23.6,10.3,2nd quarter,8:00.0,Adonal Foyle,GSW,True,2-pointer,5,30-29,'LAL',leads
284,284,284,200203140GSW,17.3,22.1,2nd quarter,6:56.0,Jason Richardson,GSW,False,2-pointer,18,30-35,'LAL',trails
285,285,285,200203140GSW,24.0,5.0,2nd quarter,6:30.0,Bob Sura,GSW,True,2-pointer,0,32-35,'LAL',trails
286,286,286,200203140GSW,8.3,5.9,2nd quarter,5:27.0,Jason Richardson,GSW,False,2-pointer,16,33-37,'LAL',trails
287,287,287,200203140GSW,36.1,26.9,2nd quarter,5:05.0,Antawn Jamison,GSW,False,3-pointer,25,33-37,'LAL',trails
288,288,288,200203140GSW,39.7,5.0,2nd quarter,4:28.0,Danny Fortson,GSW,False,2-pointer,16,33-40,'LAL',trails
289,289,289,200203140GSW,24.0,5.0,2nd quarter,4:07.0,Gilbert Arenas,GSW,False,2-pointer,0,33-40,'LAL',trails
290,290,290,200203140GSW,23.6,11.8,2nd quarter,3:38.0,Jason Richardson,GSW,True,2-pointer,7,35-42,'LAL',trails
291,291,291,200203140GSW,46.6,4.4,2nd quarter,3:03.0,Antawn Jamison,GSW,False,3-pointer,23,35-44,'LAL',trails
292,292,292,200203140GSW,33.4,21.7,2nd quarter,1:55.0,Danny Fortson,GSW,False,2-pointer,19,37-46,'LAL',trails
293,293,293,200203140GSW,41.8,4.4,2nd quarter,1:33.0,Antawn Jamison,GSW,True,2-pointer,18,39-49,'LAL',trails
294,294,294,200203140GSW,11.6,18.9,2nd quarter,1:03.0,Gilbert Arenas,GSW,False,2-pointer,19,39-49,'LAL',trails
295,295,295,200203140GSW,21.5,29.3,2nd quarter,0:36.3,Gilbert Arenas,GSW,False,3-pointer,24,39-50,'LAL',trails
296,296,296,200203140GSW,25.6,8.6,2nd quarter,0:14.4,Jason Richardson,GSW,True,2-pointer,4,41-50,'LAL',trails
297,297,297,200203140GSW,25.6,6.9,2nd quarter,0:00.2,Jason Richardson,GSW,False,2-pointer,2,41-50,'LAL',trails
298,298,298,200203140GSW,21.5,10.3,3rd quarter,11:39.0,Antawn Jamison,GSW,True,2-pointer,6,43-50,'LAL',trails
299,299,299,200203140GSW,11.0,14.5,3rd quarter,10:59.0,Jason Richardson,GSW,True,2-pointer,16,45-50,'LAL',trails
300,300,300,200203140GSW,24.0,5.0,3rd quarter,10:38.0,Adonal Foyle,GSW,True,2-pointer,0,47-52,'LAL',trails
301,301,301,200203140GSW,8.9,14.5,3rd quarter,10:01.0,Danny Fortson,GSW,True,2-pointer,18,49-52,'LAL',trails
302,302,302,200203140GSW,20.9,7.6,3rd quarter,9:22.0,Danny Fortson,GSW,False,2-pointer,4,49-54,'LAL',trails
303,303,303,200203140GSW,41.2,23.1,3rd quarter,8:38.0,Antawn Jamison,GSW,False,3-pointer,25,50-54,'LAL',trails
304,304,304,200203140GSW,12.5,20.4,3rd quarter,8:15.0,Jason Richardson,GSW,False,2-pointer,19,50-56,'LAL',trails
305,305,305,200203140GSW,33.4,6.3,3rd quarter,7:48.0,Danny Fortson,GSW,False,2-pointer,9,50-58,'LAL',trails
306,306,306,200203140GSW,40.5,23.8,3rd quarter,7:18.0,Antawn Jamison,GSW,True,3-pointer,25,53-60,'LAL',trails
307,307,307,200203140GSW,24.0,5.0,3rd quarter,6:49.0,Danny Fortson,GSW,True,2-pointer,0,55-61,'LAL',trails
308,308,308,200203140GSW,20.3,10.3,3rd quarter,6:20.0,Antawn Jamison,GSW,True,2-pointer,6,57-61,'LAL',trails
309,309,309,200203140GSW,33.4,9.7,3rd quarter,5:49.0,Jason Richardson,GSW,False,2-pointer,11,58-61,'LAL',trails
310,310,310,200203140GSW,18.8,10.3,3rd quarter,4:14.0,Antawn Jamison,GSW,True,2-pointer,7,62-66,'LAL',trails
311,311,311,200203140GSW,20.9,7.6,3rd quarter,3:41.0,Antawn Jamison,GSW,False,2-pointer,4,62-66,'LAL',trails
312,312,312,200203140GSW,24.0,5.0,3rd quarter,3:24.0,Antawn Jamison,GSW,True,2-pointer,0,64-66,'LAL',trails
313,313,313,200203140GSW,31.9,7.6,3rd quarter,2:49.0,Erick Dampier,GSW,False,2-pointer,8,65-66,'LAL',trails
314,314,314,200203140GSW,8.3,12.4,3rd quarter,2:21.0,Jason Richardson,GSW,True,2-pointer,17,67-68,'LAL',trails
315,315,315,200203140GSW,1.7,17.2,3rd quarter,1:48.0,Jason Richardson,GSW,False,3-pointer,25,67-68,'LAL',trails
316,316,316,200203140GSW,23.6,23.8,3rd quarter,1:08.0,Troy Murphy,GSW,True,2-pointer,19,69-70,'LAL',trails
317,317,317,200203140GSW,27.7,8.6,3rd quarter,0:03.9,Larry Hughes,GSW,False,2-pointer,5,73-74,'LAL',trails
318,318,318,200203140GSW,26.2,9.7,4th quarter,11:17.0,Antawn Jamison,GSW,False,2-pointer,5,73-77,'LAL',trails
319,319,319,200203140GSW,34.6,20.0,4th quarter,10:53.0,Gilbert Arenas,GSW,False,2-pointer,18,73-79,'LAL',trails
320,320,320,200203140GSW,24.0,5.0,4th quarter,10:22.0,Bob Sura,GSW,True,2-pointer,0,75-81,'LAL',trails
321,321,321,200203140GSW,8.9,24.2,4th quarter,10:02.0,Bob Sura,GSW,False,3-pointer,24,75-81,'LAL',trails
322,322,322,200203140GSW,39.7,24.8,4th quarter,9:25.0,Gilbert Arenas,GSW,True,3-pointer,25,78-81,'LAL',trails
323,323,323,200203140GSW,10.4,22.1,4th quarter,8:40.0,Larry Hughes,GSW,False,2-pointer,22,78-83,'LAL',trails
324,324,324,200203140GSW,25.6,9.7,4th quarter,8:06.0,Larry Hughes,GSW,True,2-pointer,5,80-83,'LAL',trails
325,325,325,200203140GSW,24.0,5.0,4th quarter,6:33.0,Bob Sura,GSW,True,2-pointer,0,85-87,'LAL',trails
326,326,326,200203140GSW,27.0,7.6,4th quarter,5:47.0,Jason Richardson,GSW,False,2-pointer,4,86-89,'LAL',trails
327,327,327,200203140GSW,34.0,18.9,4th quarter,4:16.0,Jason Richardson,GSW,True,2-pointer,17,90-92,'LAL',trails
328,328,328,200203140GSW,24.0,5.0,4th quarter,3:43.0,Danny Fortson,GSW,True,2-pointer,0,92-92,'LAL',tied
329,329,329,200203140GSW,22.2,20.4,4th quarter,2:50.0,Adonal Foyle,GSW,False,2-pointer,16,92-96,'LAL',trails
330,330,330,200203140GSW,30.6,7.6,4th quarter,2:19.0,Jason Richardson,GSW,False,2-pointer,7,92-98,'LAL',trails
331,331,331,200203140GSW,24.1,26.5,4th quarter,1:48.0,Gilbert Arenas,GSW,True,2-pointer,22,94-101,'LAL',trails
332,332,332,200203140GSW,36.1,27.6,4th quarter,0:40.9,Jason Richardson,GSW,False,3-pointer,26,94-103,'LAL',trails
333,333,333,200203140GSW,24.0,5.0,4th quarter,0:38.7,Antawn Jamison,GSW,False,2-pointer,0,94-103,'LAL',trails
334,334,334,200203140GSW,46.6,14.9,4th quarter,0:35.7,Gilbert Arenas,GSW,True,3-pointer,25,97-103,'LAL',trails
335,335,335,200203140GSW,22.2,8.6,4th quarter,0:29.1,Bob Sura,GSW,True,2-pointer,4,99-105,'LAL',trails
336,336,336,200203140GSW,42.4,23.1,4th quarter,0:12.8,Jason Richardson,GSW,True,3-pointer,26,102-108,'LAL',trails
337,337,337,200203140GSW,15.8,29.3,4th quarter,0:06.4,Dean Oliver,GSW,False,3-pointer,26,102-110,'LAL',trails
338,338,338,200203140NYK,9.9,6.5,1st quarter,11:27.0,Peja Stojaković,SAC,True,2-pointer,14,2-2,'NYK',tied
339,339,339,200203140NYK,37.4,8.0,1st quarter,10:54.0,Vlade Divac,SAC,True,2-pointer,14,4-2,'NYK',leads
340,340,340,200203140NYK,34.0,20.2,1st quarter,10:06.0,Peja Stojaković,SAC,False,2-pointer,18,4-4,'NYK',tied
341,341,341,200203140NYK,22.6,10.7,1st quarter,9:37.0,Vlade Divac,SAC,False,2-pointer,6,4-4,'NYK',tied
342,342,342,200203140NYK,24.0,5.0,1st quarter,9:01.0,Peja Stojaković,SAC,True,2-pointer,0,6-6,'NYK',tied
343,343,343,200203140NYK,24.0,5.0,1st quarter,8:31.0,Vlade Divac,SAC,True,2-pointer,0,8-6,'NYK',leads
344,344,344,200203140NYK,34.8,9.5,1st quarter,7:51.0,Doug Christie,SAC,False,2-pointer,12,8-8,'NYK',tied
345,345,345,200203140NYK,24.0,5.0,1st quarter,7:47.0,Doug Christie,SAC,False,2-pointer,0,8-8,'NYK',tied
346,346,346,200203140NYK,24.0,5.0,1st quarter,7:20.0,Vlade Divac,SAC,True,2-pointer,0,10-10,'NYK',tied
347,347,347,200203140NYK,46.6,15.8,1st quarter,6:54.0,Doug Christie,SAC,False,3-pointer,25,10-13,'NYK',trails
348,348,348,200203140NYK,45.0,17.2,1st quarter,6:17.0,Mike Bibby,SAC,False,3-pointer,24,10-16,'NYK',trails
349,349,349,200203140NYK,24.0,5.0,1st quarter,5:50.0,Vlade Divac,SAC,False,2-pointer,0,10-18,'NYK',trails
350,350,350,200203140NYK,24.0,5.0,1st quarter,5:44.0,Doug Christie,SAC,True,2-pointer,0,12-18,'NYK',trails
351,351,351,200203140NYK,-0.2,2.5,1st quarter,5:08.0,Peja Stojaković,SAC,False,3-pointer,24,12-18,'NYK',trails
352,352,352,200203140NYK,6.6,20.2,1st quarter,4:39.0,Mike Bibby,SAC,False,2-pointer,23,12-20,'NYK',trails
353,353,353,200203140NYK,24.0,5.0,1st quarter,4:19.0,Mike Bibby,SAC,False,2-pointer,0,12-22,'NYK',trails
354,354,354,200203140NYK,24.0,5.0,1st quarter,4:03.0,Peja Stojaković,SAC,True,2-pointer,0,14-24,'NYK',trails
355,355,355,200203140NYK,39.0,24.4,1st quarter,3:10.0,Peja Stojaković,SAC,False,3-pointer,25,14-26,'NYK',trails
356,356,356,200203140NYK,36.5,5.0,1st quarter,2:38.0,Doug Christie,SAC,True,2-pointer,13,16-28,'NYK',trails
357,357,357,200203140NYK,24.0,5.0,1st quarter,1:29.0,Scot Pollard,SAC,False,2-pointer,0,16-32,'NYK',trails
358,358,358,200203140NYK,47.5,3.1,1st quarter,0:54.6,Bobby Jackson,SAC,True,3-pointer,24,19-34,'NYK',trails
359,359,359,200203140NYK,24.0,5.0,1st quarter,0:25.1,Doug Christie,SAC,False,2-pointer,0,19-36,'NYK',trails
360,360,360,200203140NYK,24.0,5.0,1st quarter,0:18.7,Bobby Jackson,SAC,False,2-pointer,0,19-36,'NYK',trails
361,361,361,200203140NYK,18.2,29.3,2nd quarter,10:41.0,Hedo Türkoğlu,SAC,True,3-pointer,25,24-40,'NYK',trails
362,362,362,200203140NYK,24.0,5.0,2nd quarter,10:02.0,Vlade Divac,SAC,True,2-pointer,0,26-40,'NYK',trails
363,363,363,200203140NYK,24.0,5.0,2nd quarter,9:36.0,Doug Christie,SAC,True,2-pointer,0,28-40,'NYK',trails
364,364,364,200203140NYK,38.8,7.8,2nd quarter,9:01.0,Hedo Türkoğlu,SAC,True,2-pointer,15,30-42,'NYK',trails
365,365,365,200203140NYK,12.3,15.6,2nd quarter,8:25.0,Bobby Jackson,SAC,False,2-pointer,16,30-42,'NYK',trails
366,366,366,200203140NYK,27.9,17.7,2nd quarter,6:42.0,Peja Stojaković,SAC,False,2-pointer,13,34-47,'NYK',trails
367,367,367,200203140NYK,6.4,5.0,2nd quarter,5:29.0,Peja Stojaković,SAC,True,2-pointer,18,36-49,'NYK',trails
368,368,368,200203140NYK,24.0,5.0,2nd quarter,5:09.0,Bobby Jackson,SAC,True,2-pointer,0,38-49,'NYK',trails
369,369,369,200203140NYK,24.0,5.0,2nd quarter,4:35.0,Peja Stojaković,SAC,False,2-pointer,0,38-51,'NYK',trails
370,370,370,200203140NYK,19.0,4.4,2nd quarter,4:03.0,Vlade Divac,SAC,False,2-pointer,5,40-51,'NYK',trails
371,371,371,200203140NYK,24.0,5.0,2nd quarter,3:31.0,Doug Christie,SAC,False,2-pointer,0,40-51,'NYK',trails
372,372,372,200203140NYK,24.0,5.0,2nd quarter,2:12.0,Mike Bibby,SAC,True,2-pointer,0,44-55,'NYK',trails
373,373,373,200203140NYK,24.0,5.0,2nd quarter,1:13.0,Doug Christie,SAC,True,2-pointer,0,46-58,'NYK',trails
374,374,374,200203140NYK,29.6,25.7,3rd quarter,11:47.0,Mike Bibby,SAC,True,2-pointer,21,50-64,'NYK',trails
375,375,375,200203140NYK,12.3,13.5,3rd quarter,11:22.0,Vlade Divac,SAC,False,2-pointer,14,50-64,'NYK',trails
376,376,376,200203140NYK,24.0,5.0,3rd quarter,11:20.0,Scot Pollard,SAC,False,2-pointer,0,50-64,'NYK',trails
377,377,377,200203140NYK,24.0,5.0,3rd quarter,11:18.0,Scot Pollard,SAC,False,2-pointer,0,50-64,'NYK',trails
378,378,378,200203140NYK,24.0,5.0,3rd quarter,11:15.0,Scot Pollard,SAC,True,2-pointer,0,52-64,'NYK',trails
379,379,379,200203140NYK,24.0,5.0,3rd quarter,10:54.0,Vlade Divac,SAC,False,2-pointer,0,52-64,'NYK',trails
380,380,380,200203140NYK,24.0,5.0,3rd quarter,10:12.0,Mike Bibby,SAC,True,2-pointer,0,54-66,'NYK',trails
381,381,381,200203140NYK,24.0,5.0,3rd quarter,9:44.0,Vlade Divac,SAC,False,2-pointer,0,54-68,'NYK',trails
382,382,382,200203140NYK,44.7,20.0,3rd quarter,9:37.0,Peja Stojaković,SAC,False,3-pointer,26,54-68,'NYK',trails
383,383,383,200203140NYK,31.3,14.9,3rd quarter,9:28.0,Mike Bibby,SAC,True,2-pointer,12,56-68,'NYK',trails
384,384,384,200203140NYK,44.7,20.0,3rd quarter,8:41.0,Mike Bibby,SAC,False,3-pointer,26,56-68,'NYK',trails
385,385,385,200203140NYK,32.9,13.5,3rd quarter,8:07.0,Peja Stojaković,SAC,False,2-pointer,12,56-70,'NYK',trails
386,386,386,200203140NYK,24.0,5.0,3rd quarter,7:33.0,Peja Stojaković,SAC,True,2-pointer,0,58-70,'NYK',trails
387,387,387,200203140NYK,6.4,9.9,3rd quarter,7:06.0,Mike Bibby,SAC,True,2-pointer,18,60-72,'NYK',trails
388,388,388,200203140NYK,24.0,5.0,3rd quarter,6:41.0,Peja Stojaković,SAC,True,2-pointer,0,62-72,'NYK',trails
389,389,389,200203140NYK,8.9,5.0,3rd quarter,6:04.0,Peja Stojaković,SAC,False,2-pointer,15,62-72,'NYK',trails
390,390,390,200203140NYK,47.3,3.7,3rd quarter,5:41.0,Doug Christie,SAC,True,3-pointer,23,65-74,'NYK',trails
391,391,391,200203140NYK,24.0,5.0,3rd quarter,5:17.0,Mike Bibby,SAC,True,2-pointer,0,67-74,'NYK',trails
392,392,392,200203140NYK,24.0,5.0,3rd quarter,4:22.0,Peja Stojaković,SAC,False,2-pointer,0,67-74,'NYK',trails
393,393,393,200203140NYK,10.6,11.3,3rd quarter,3:29.0,Mike Bibby,SAC,False,2-pointer,15,67-77,'NYK',trails
394,394,394,200203140NYK,47.3,12.0,3rd quarter,1:55.0,Doug Christie,SAC,False,3-pointer,24,67-81,'NYK',trails
395,395,395,200203140NYK,24.0,21.3,3rd quarter,1:25.0,Mike Bibby,SAC,False,2-pointer,16,67-84,'NYK',trails
396,396,396,200203140NYK,26.2,11.3,3rd quarter,0:30.6,Vlade Divac,SAC,False,2-pointer,7,69-88,'NYK',trails
397,397,397,200203140NYK,28.9,24.4,4th quarter,11:34.0,Mike Bibby,SAC,False,2-pointer,20,71-88,'NYK',trails
398,398,398,200203140NYK,23.4,8.6,4th quarter,11:28.0,Vlade Divac,SAC,True,2-pointer,4,73-88,'NYK',trails
399,399,399,200203140NYK,12.5,17.2,4th quarter,10:23.0,Lawrence Funderburke,SAC,False,2-pointer,17,73-90,'NYK',trails
400,400,400,200203140NYK,0.9,4.6,4th quarter,9:53.0,Bobby Jackson,SAC,False,3-pointer,23,73-90,'NYK',trails
401,401,401,200203140NYK,46.6,10.1,4th quarter,9:45.0,Mike Bibby,SAC,False,3-pointer,23,73-90,'NYK',trails
402,402,402,200203140NYK,9.1,15.1,4th quarter,9:15.0,Hedo Türkoğlu,SAC,False,2-pointer,18,73-90,'NYK',trails
403,403,403,200203140NYK,24.0,5.0,4th quarter,8:29.0,Bobby Jackson,SAC,True,2-pointer,0,75-93,'NYK',trails
404,404,404,200203140NYK,15.0,23.8,4th quarter,7:52.0,Hedo Türkoğlu,SAC,False,2-pointer,21,76-93,'NYK',trails
405,405,405,200203140NYK,24.0,5.0,4th quarter,7:48.0,Scot Pollard,SAC,True,2-pointer,0,78-93,'NYK',trails
406,406,406,200203140NYK,9.1,6.5,4th quarter,7:17.0,Mike Bibby,SAC,False,2-pointer,15,78-93,'NYK',trails
407,407,407,200203140NYK,24.0,5.0,4th quarter,7:11.0,Hedo Türkoğlu,SAC,True,2-pointer,0,80-93,'NYK',trails
408,408,408,200203140NYK,34.0,8.0,4th quarter,6:36.0,Lawrence Funderburke,SAC,False,2-pointer,10,80-95,'NYK',trails
409,409,409,200203140NYK,24.0,5.0,4th quarter,6:34.0,Scot Pollard,SAC,False,2-pointer,0,80-95,'NYK',trails
410,410,410,200203140NYK,24.0,5.0,4th quarter,6:00.0,Bobby Jackson,SAC,True,2-pointer,0,82-95,'NYK',trails
411,411,411,200203140NYK,24.0,5.0,4th quarter,5:24.0,Hedo Türkoğlu,SAC,False,2-pointer,0,83-95,'NYK',trails
412,412,412,200203140NYK,48.3,3.9,4th quarter,5:19.0,Bobby Jackson,SAC,False,3-pointer,24,83-95,'NYK',trails
413,413,413,200203140NYK,24.0,5.0,4th quarter,5:14.0,Scot Pollard,SAC,True,2-pointer,0,85-95,'NYK',trails
414,414,414,200203140NYK,28.1,13.0,4th quarter,4:45.0,Hedo Türkoğlu,SAC,False,2-pointer,9,85-97,'NYK',trails
415,415,415,200203140NYK,30.6,7.3,4th quarter,4:24.0,Hedo Türkoğlu,SAC,False,2-pointer,7,85-99,'NYK',trails
416,416,416,200203140NYK,24.0,5.0,4th quarter,3:56.0,Hedo Türkoğlu,SAC,False,2-pointer,0,87-99,'NYK',trails
417,417,417,200203140NYK,43.1,20.8,4th quarter,3:26.0,Mike Bibby,SAC,True,3-pointer,25,90-101,'NYK',trails
418,418,418,200203140NYK,45.0,18.7,4th quarter,3:03.0,Mike Bibby,SAC,False,3-pointer,25,90-101,'NYK',trails
419,419,419,200203140NYK,24.1,10.7,4th quarter,2:36.0,Chucky Brown,SAC,True,2-pointer,6,92-103,'NYK',trails
420,420,420,200203140NYK,24.0,5.0,4th quarter,2:14.0,Lawrence Funderburke,SAC,True,2-pointer,0,94-105,'NYK',trails
421,421,421,200203140NYK,44.1,20.8,4th quarter,0:53.7,Bobby Jackson,SAC,False,3-pointer,26,94-109,'NYK',trails
422,422,422,200203140NYK,24.0,5.0,4th quarter,0:32.7,Gerald Wallace,SAC,True,2-pointer,0,96-111,'NYK',trails
423,423,423,200203140NYK,32.3,29.5,4th quarter,0:04.5,Hedo Türkoğlu,SAC,False,3-pointer,26,96-113,'NYK',trails
424,424,424,200203140NYK,15.8,15.1,1st quarter,11:45.0,Latrell Sprewell,NYK,True,2-pointer,13,2-0,'NYK',leads
425,425,425,200203140NYK,15.0,8.0,1st quarter,11:11.0,Latrell Sprewell,NYK,False,2-pointer,9,2-2,'NYK',tied
426,426,426,200203140NYK,5.7,7.3,1st quarter,10:41.0,Allan Houston,NYK,True,2-pointer,18,4-4,'NYK',tied
427,427,427,200203140NYK,25.8,27.2,1st quarter,10:25.0,Allan Houston,NYK,False,2-pointer,22,4-4,'NYK',tied
428,428,428,200203140NYK,21.5,13.7,1st quarter,9:50.0,Kurt Thomas,NYK,False,2-pointer,9,4-4,'NYK',tied
429,429,429,200203140NYK,24.1,15.8,1st quarter,9:26.0,Kurt Thomas,NYK,True,2-pointer,11,6-4,'NYK',leads
430,430,430,200203140NYK,39.0,2.5,1st quarter,8:43.0,Kurt Thomas,NYK,False,2-pointer,15,6-6,'NYK',tied
431,431,431,200203140NYK,30.6,18.7,1st quarter,8:07.0,Kurt Thomas,NYK,True,2-pointer,15,8-8,'NYK',tied
432,432,432,200203140NYK,11.6,8.6,1st quarter,7:40.0,Allan Houston,NYK,True,2-pointer,13,10-8,'NYK',leads
433,433,433,200203140NYK,23.4,29.5,1st quarter,7:03.0,Latrell Sprewell,NYK,True,3-pointer,25,13-10,'NYK',leads
434,434,434,200203140NYK,46.6,4.6,1st quarter,6:42.0,Latrell Sprewell,NYK,True,3-pointer,23,16-10,'NYK',leads
435,435,435,200203140NYK,24.0,5.0,1st quarter,6:09.0,Mark Jackson,NYK,True,2-pointer,0,18-10,'NYK',leads
436,436,436,200203140NYK,42.2,17.2,1st quarter,5:20.0,Allan Houston,NYK,False,2-pointer,22,18-12,'NYK',leads
437,437,437,200203140NYK,30.6,12.2,1st quarter,4:56.0,Latrell Sprewell,NYK,True,2-pointer,10,20-12,'NYK',leads
438,438,438,200203140NYK,24.1,13.0,1st quarter,4:28.0,Latrell Sprewell,NYK,True,2-pointer,8,22-12,'NYK',leads
439,439,439,200203140NYK,24.0,5.0,1st quarter,4:14.0,Kurt Thomas,NYK,True,2-pointer,0,24-12,'NYK',leads
440,440,440,200203140NYK,40.7,2.5,1st quarter,3:40.0,Kurt Thomas,NYK,False,2-pointer,17,24-14,'NYK',leads
441,441,441,200203140NYK,22.6,10.7,1st quarter,3:20.0,Clarence Weatherspoon,NYK,True,2-pointer,6,26-14,'NYK',leads
442,442,442,200203140NYK,38.2,21.5,1st quarter,3:03.0,Allan Houston,NYK,True,2-pointer,22,28-14,'NYK',leads
443,443,443,200203140NYK,14.2,13.0,1st quarter,2:22.0,Latrell Sprewell,NYK,True,2-pointer,13,30-16,'NYK',leads
444,444,444,200203140NYK,24.0,5.0,1st quarter,1:41.0,Clarence Weatherspoon,NYK,True,2-pointer,0,32-16,'NYK',leads
445,445,445,200203140NYK,18.4,13.0,1st quarter,1:17.0,Mark Jackson,NYK,True,2-pointer,10,34-16,'NYK',leads
446,446,446,200203140NYK,44.7,2.9,2nd quarter,11:27.0,Allan Houston,NYK,False,2-pointer,21,38-21,'NYK',leads
447,447,447,200203140NYK,3.8,1.4,2nd quarter,10:53.0,Mark Jackson,NYK,True,2-pointer,21,40-21,'NYK',leads
448,448,448,200203140NYK,12.3,6.3,2nd quarter,10:23.0,Kurt Thomas,NYK,False,2-pointer,12,40-24,'NYK',leads
449,449,449,200203140NYK,24.7,11.3,2nd quarter,8:41.0,Kurt Thomas,NYK,False,2-pointer,6,42-30,'NYK',leads
450,450,450,200203140NYK,19.6,10.5,2nd quarter,8:38.0,Howard Eisley,NYK,False,2-pointer,7,42-30,'NYK',leads
451,451,451,200203140NYK,23.2,9.9,2nd quarter,8:02.0,Othella Harrington,NYK,True,2-pointer,5,44-30,'NYK',leads
452,452,452,200203140NYK,38.8,6.3,2nd quarter,7:31.0,Shandon Anderson,NYK,False,2-pointer,15,44-32,'NYK',leads
453,453,453,200203140NYK,24.0,5.0,2nd quarter,7:26.0,Kurt Thomas,NYK,False,2-pointer,0,44-32,'NYK',leads
454,454,454,200203140NYK,24.0,5.0,2nd quarter,6:59.0,Latrell Sprewell,NYK,False,2-pointer,0,44-34,'NYK',leads
455,455,455,200203140NYK,46.4,16.4,2nd quarter,6:54.0,Latrell Sprewell,NYK,True,3-pointer,25,47-34,'NYK',leads
456,456,456,200203140NYK,24.0,5.0,2nd quarter,6:30.0,Clarence Weatherspoon,NYK,False,2-pointer,0,47-34,'NYK',leads
457,457,457,200203140NYK,30.4,13.5,2nd quarter,6:05.0,Othella Harrington,NYK,False,2-pointer,11,47-34,'NYK',leads
458,458,458,200203140NYK,24.0,5.0,2nd quarter,5:42.0,Latrell Sprewell,NYK,True,2-pointer,0,49-34,'NYK',leads
459,459,459,200203140NYK,11.4,16.4,2nd quarter,5:16.0,Clarence Weatherspoon,NYK,False,2-pointer,17,49-36,'NYK',leads
460,460,460,200203140NYK,24.0,5.0,2nd quarter,4:54.0,Charlie Ward,NYK,True,2-pointer,0,51-38,'NYK',leads
461,461,461,200203140NYK,-0.4,2.9,2nd quarter,3:12.0,Charlie Ward,NYK,False,3-pointer,24,51-42,'NYK',leads
462,462,462,200203140NYK,24.0,5.0,2nd quarter,2:53.0,Kurt Thomas,NYK,True,2-pointer,0,53-42,'NYK',leads
463,463,463,200203140NYK,22.4,9.2,2nd quarter,2:26.0,Clarence Weatherspoon,NYK,True,2-pointer,4,55-42,'NYK',leads
464,464,464,200203140NYK,27.9,24.8,2nd quarter,1:51.0,Shandon Anderson,NYK,False,2-pointer,20,55-44,'NYK',leads
465,465,465,200203140NYK,4.7,20.0,2nd quarter,1:27.0,Latrell Sprewell,NYK,True,3-pointer,24,58-44,'NYK',leads
466,466,466,200203140NYK,18.2,10.5,2nd quarter,0:56.8,Clarence Weatherspoon,NYK,True,2-pointer,8,60-46,'NYK',leads
467,467,467,200203140NYK,22.4,10.5,2nd quarter,0:32.4,Kurt Thomas,NYK,True,2-pointer,6,62-48,'NYK',leads
468,468,468,200203140NYK,8.0,2.3,2nd quarter,0:00.8,Clarence Weatherspoon,NYK,True,2-pointer,16,64-48,'NYK',leads
469,469,469,200203140NYK,30.4,20.0,3rd quarter,11:05.0,Allan Houston,NYK,False,2-pointer,16,64-52,'NYK',leads
470,470,470,200203140NYK,2.4,17.7,3rd quarter,10:47.0,Latrell Sprewell,NYK,False,3-pointer,25,64-52,'NYK',leads
471,471,471,200203140NYK,26.2,8.4,3rd quarter,10:23.0,Mark Jackson,NYK,True,2-pointer,4,66-52,'NYK',leads
472,472,472,200203140NYK,8.9,18.5,3rd quarter,10:02.0,Latrell Sprewell,NYK,True,2-pointer,20,68-54,'NYK',leads
473,473,473,200203140NYK,24.0,5.0,3rd quarter,9:12.0,Allan Houston,NYK,False,2-pointer,0,68-56,'NYK',leads
474,474,474,200203140NYK,24.0,5.0,3rd quarter,9:10.0,Kurt Thomas,NYK,False,2-pointer,0,68-56,'NYK',leads
475,475,475,200203140NYK,19.6,9.9,3rd quarter,8:58.0,Mark Jackson,NYK,False,2-pointer,7,68-56,'NYK',leads
476,476,476,200203140NYK,24.0,5.0,3rd quarter,8:30.0,Latrell Sprewell,NYK,False,2-pointer,0,68-56,'NYK',leads
477,477,477,200203140NYK,31.7,6.9,3rd quarter,8:27.0,Latrell Sprewell,NYK,True,2-pointer,8,70-56,'NYK',leads
478,478,478,200203140NYK,42.0,8.4,3rd quarter,7:58.0,Mark Jackson,NYK,False,2-pointer,18,70-56,'NYK',leads
479,479,479,200203140NYK,1.5,15.6,3rd quarter,7:46.0,Latrell Sprewell,NYK,False,3-pointer,25,70-56,'NYK',leads
480,480,480,200203140NYK,38.8,7.8,3rd quarter,7:13.0,Allan Houston,NYK,True,2-pointer,15,72-58,'NYK',leads
481,481,481,200203140NYK,24.0,5.0,3rd quarter,6:22.0,Allan Houston,NYK,False,2-pointer,0,72-62,'NYK',leads
482,482,482,200203140NYK,10.6,2.9,3rd quarter,5:55.0,Allan Houston,NYK,True,2-pointer,14,74-62,'NYK',leads
483,483,483,200203140NYK,18.2,29.3,3rd quarter,5:24.0,Allan Houston,NYK,False,3-pointer,25,74-65,'NYK',leads
484,484,484,200203140NYK,8.9,12.0,3rd quarter,4:59.0,Clarence Weatherspoon,NYK,False,2-pointer,17,74-67,'NYK',leads
485,485,485,200203140NYK,44.7,20.0,3rd quarter,4:15.0,Latrell Sprewell,NYK,True,3-pointer,26,77-67,'NYK',leads
486,486,486,200203140NYK,43.9,20.6,3rd quarter,3:38.0,Charlie Ward,NYK,False,3-pointer,25,77-67,'NYK',leads
487,487,487,200203140NYK,22.4,9.9,3rd quarter,3:15.0,Kurt Thomas,NYK,False,2-pointer,5,77-67,'NYK',leads
488,488,488,200203140NYK,24.0,5.0,3rd quarter,3:00.0,Allan Houston,NYK,False,2-pointer,0,77-67,'NYK',leads
489,489,489,200203140NYK,24.0,5.0,3rd quarter,2:58.0,Kurt Thomas,NYK,False,2-pointer,0,77-67,'NYK',leads
490,490,490,200203140NYK,8.9,5.0,3rd quarter,2:23.0,Allan Houston,NYK,False,2-pointer,15,79-67,'NYK',leads
491,491,491,200203140NYK,13.9,7.1,3rd quarter,1:42.0,Kurt Thomas,NYK,True,2-pointer,10,83-67,'NYK',leads
492,492,492,200203140NYK,24.0,5.0,3rd quarter,1:20.0,Charlie Ward,NYK,False,2-pointer,0,84-67,'NYK',leads
493,493,493,200203140NYK,31.3,8.4,3rd quarter,0:41.6,Kurt Thomas,NYK,True,2-pointer,8,88-69,'NYK',leads
494,494,494,200203140NYK,23.4,29.5,4th quarter,11:49.0,Latrell Sprewell,NYK,False,3-pointer,25,88-71,'NYK',leads
495,495,495,200203140NYK,43.1,20.8,4th quarter,11:02.0,Charlie Ward,NYK,False,3-pointer,25,88-73,'NYK',leads
496,496,496,200203140NYK,24.0,5.0,4th quarter,10:45.0,Latrell Sprewell,NYK,True,2-pointer,0,90-73,'NYK',leads
497,497,497,200203140NYK,24.0,5.0,4th quarter,10:13.0,Charlie Ward,NYK,False,2-pointer,0,90-73,'NYK',leads
498,498,498,200203140NYK,4.9,21.5,4th quarter,9:32.0,Allan Houston,NYK,False,3-pointer,25,90-73,'NYK',leads
499,499,499,200203140NYK,10.8,26.5,4th quarter,9:24.0,Allan Houston,NYK,False,3-pointer,25,90-73,'NYK',leads
500,500,500,200203140NYK,46.6,12.2,4th quarter,8:48.0,Charlie Ward,NYK,True,3-pointer,24,93-73,'NYK',leads
501,501,501,200203140NYK,10.8,7.3,4th quarter,8:13.0,Clarence Weatherspoon,NYK,False,2-pointer,13,93-76,'NYK',leads
502,502,502,200203140NYK,11.6,13.7,4th quarter,7:27.0,Latrell Sprewell,NYK,False,2-pointer,15,93-78,'NYK',leads
503,503,503,200203140NYK,12.5,10.1,4th quarter,7:23.0,Clarence Weatherspoon,NYK,False,2-pointer,13,93-78,'NYK',leads
504,504,504,200203140NYK,25.8,11.6,4th quarter,6:06.0,Kurt Thomas,NYK,False,2-pointer,7,95-80,'NYK',leads
505,505,505,200203140NYK,28.1,13.7,4th quarter,5:40.0,Kurt Thomas,NYK,False,2-pointer,10,95-83,'NYK',leads
506,506,506,200203140NYK,23.4,15.8,4th quarter,4:56.0,Latrell Sprewell,NYK,True,2-pointer,11,97-85,'NYK',leads
507,507,507,200203140NYK,40.7,10.7,4th quarter,4:02.0,Latrell Sprewell,NYK,False,2-pointer,18,99-87,'NYK',leads
508,508,508,200203140NYK,38.2,11.6,4th quarter,3:41.0,Allan Houston,NYK,True,2-pointer,16,101-87,'NYK',leads
509,509,509,200203140NYK,24.0,5.0,4th quarter,2:47.0,Latrell Sprewell,NYK,True,2-pointer,0,103-90,'NYK',leads
510,510,510,200203140NYK,22.6,13.7,4th quarter,2:21.0,Latrell Sprewell,NYK,True,2-pointer,9,105-92,'NYK',leads
511,511,511,200203140NYK,13.3,22.9,4th quarter,1:47.0,Kurt Thomas,NYK,True,2-pointer,21,107-94,'NYK',leads
512,512,512,200203140NYK,45.0,16.6,4th quarter,1:25.0,Latrell Sprewell,NYK,False,3-pointer,24,107-94,'NYK',leads
513,513,513,200203140NYK,18.4,13.0,4th quarter,1:03.0,Latrell Sprewell,NYK,True,2-pointer,10,109-94,'NYK',leads
514,514,514,200203140NYK,24.0,5.0,4th quarter,0:39.7,Kurt Thomas,NYK,True,2-pointer,0,111-94,'NYK',leads
515,515,515,200203140NYK,11.6,5.0,4th quarter,0:14.5,Mark Jackson,NYK,True,2-pointer,12,113-96,'NYK',leads
516,516,516,200203140POR,9.1,24.6,1st quarter,11:42.0,Dirk Nowitzki,DAL,True,3-pointer,25,3-0,'POR',leads
517,517,517,200203140POR,7.0,22.7,1st quarter,11:07.0,Raef LaFrentz,DAL,False,3-pointer,25,3-3,'POR',tied
518,518,518,200203140POR,24.0,5.0,1st quarter,10:52.0,Steve Nash,DAL,True,2-pointer,0,5-3,'POR',leads
519,519,519,200203140POR,12.7,19.1,1st quarter,10:05.0,Michael Finley,DAL,True,2-pointer,18,7-5,'POR',leads
520,520,520,200203140POR,24.0,5.0,1st quarter,9:34.0,Dirk Nowitzki,DAL,False,2-pointer,0,7-7,'POR',tied
521,521,521,200203140POR,24.5,8.4,1st quarter,9:31.0,Michael Finley,DAL,False,2-pointer,3,7-7,'POR',tied
522,522,522,200203140POR,24.0,5.0,1st quarter,8:57.0,Michael Finley,DAL,True,2-pointer,0,9-9,'POR',tied
523,523,523,200203140POR,11.8,13.7,1st quarter,7:38.0,Michael Finley,DAL,False,2-pointer,15,9-14,'POR',trails
524,524,524,200203140POR,19.2,17.5,1st quarter,7:13.0,Steve Nash,DAL,False,2-pointer,13,9-16,'POR',trails
525,525,525,200203140POR,12.7,5.4,1st quarter,6:29.0,Michael Finley,DAL,False,2-pointer,11,9-18,'POR',trails
526,526,526,200203140POR,21.5,25.0,1st quarter,5:41.0,Michael Finley,DAL,True,2-pointer,20,11-21,'POR',trails
527,527,527,200203140POR,11.8,19.1,1st quarter,5:00.0,Michael Finley,DAL,False,2-pointer,19,11-23,'POR',trails
528,528,528,200203140POR,13.3,27.8,1st quarter,4:06.0,Dirk Nowitzki,DAL,False,3-pointer,25,13-23,'POR',trails
529,529,529,200203140POR,17.1,9.2,1st quarter,3:01.0,Dirk Nowitzki,DAL,False,2-pointer,8,13-25,'POR',trails
530,530,530,200203140POR,24.0,5.0,1st quarter,2:59.0,Shawn Bradley,DAL,True,2-pointer,0,15-25,'POR',trails
531,531,531,200203140POR,24.0,5.0,1st quarter,2:17.0,Dirk Nowitzki,DAL,True,2-pointer,0,17-28,'POR',trails
532,532,532,200203140POR,24.1,13.7,1st quarter,1:36.0,Nick Van,DAL,True,2-pointer,9,19-30,'POR',trails
533,533,533,200203140POR,42.6,21.9,1st quarter,1:07.0,Dirk Nowitzki,DAL,True,3-pointer,25,22-30,'POR',trails
534,534,534,200203140POR,43.3,21.3,1st quarter,0:09.2,Dirk Nowitzki,DAL,False,3-pointer,25,22-32,'POR',trails
535,535,535,200203140POR,24.0,5.0,1st quarter,0:08.1,Michael Finley,DAL,True,2-pointer,0,24-32,'POR',trails
536,536,536,200203140POR,21.3,12.0,2nd quarter,11:20.0,Nick Van,DAL,True,2-pointer,8,26-32,'POR',trails
537,537,537,200203140POR,10.6,13.0,2nd quarter,10:14.0,Dirk Nowitzki,DAL,False,2-pointer,16,28-36,'POR',trails
538,538,538,200203140POR,11.2,12.6,2nd quarter,8:34.0,Steve Nash,DAL,False,2-pointer,15,28-43,'POR',trails
539,539,539,200203140POR,24.0,5.0,2nd quarter,8:12.0,Nick Van,DAL,True,2-pointer,0,30-43,'POR',trails
540,540,540,200203140POR,47.1,16.8,2nd quarter,7:41.0,Steve Nash,DAL,True,3-pointer,26,33-43,'POR',trails
541,541,541,200203140POR,30.0,8.0,2nd quarter,6:48.0,Nick Van,DAL,True,2-pointer,7,35-46,'POR',trails
542,542,542,200203140POR,7.0,4.6,2nd quarter,6:10.0,Nick Van,DAL,True,2-pointer,17,37-50,'POR',trails
543,543,543,200203140POR,36.9,9.2,2nd quarter,5:20.0,Nick Van,DAL,False,2-pointer,14,37-52,'POR',trails
544,544,544,200203140POR,14.2,22.7,2nd quarter,4:57.0,Adrian Griffin,DAL,False,2-pointer,20,37-52,'POR',trails
545,545,545,200203140POR,11.2,13.0,2nd quarter,4:19.0,Nick Van,DAL,False,2-pointer,15,37-55,'POR',trails
546,546,546,200203140POR,24.0,5.0,2nd quarter,3:42.0,Nick Van,DAL,False,2-pointer,0,37-57,'POR',trails
547,547,547,200203140POR,24.0,5.0,2nd quarter,3:40.0,Raef LaFrentz,DAL,True,2-pointer,0,39-57,'POR',trails
548,548,548,200203140POR,24.0,5.0,2nd quarter,2:33.0,Greg Buckner,DAL,False,2-pointer,0,41-60,'POR',trails
549,549,549,200203140POR,7.0,25.0,2nd quarter,2:29.0,Dirk Nowitzki,DAL,True,3-pointer,26,44-60,'POR',trails
550,550,550,200203140POR,6.2,9.9,2nd quarter,0:37.5,Greg Buckner,DAL,False,2-pointer,18,44-70,'POR',trails
551,551,551,200203140POR,24.0,5.0,3rd quarter,11:31.0,Dirk Nowitzki,DAL,False,2-pointer,0,46-73,'POR',trails
552,552,552,200203140POR,10.4,22.7,3rd quarter,11:03.0,Raef LaFrentz,DAL,True,2-pointer,22,48-75,'POR',trails
553,553,553,200203140POR,18.6,16.8,3rd quarter,10:36.0,Raef LaFrentz,DAL,False,2-pointer,13,48-77,'POR',trails
554,554,554,200203140POR,24.0,5.0,3rd quarter,10:10.0,Avery Johnson,DAL,True,2-pointer,0,50-79,'POR',trails
555,555,555,200203140POR,36.3,27.2,3rd quarter,9:30.0,Dirk Nowitzki,DAL,False,3-pointer,25,50-81,'POR',trails
556,556,556,200203140POR,37.8,26.1,3rd quarter,9:18.0,Wang Zhizhi,DAL,False,3-pointer,25,50-82,'POR',trails
557,557,557,200203140POR,24.0,5.0,3rd quarter,8:01.0,Greg Buckner,DAL,True,2-pointer,0,52-84,'POR',trails
558,558,558,200203140POR,24.0,5.0,3rd quarter,7:29.0,Wang Zhizhi,DAL,True,2-pointer,0,54-85,'POR',trails
559,559,559,200203140POR,9.1,5.4,3rd quarter,6:47.0,Greg Buckner,DAL,False,2-pointer,15,54-89,'POR',trails
560,560,560,200203140POR,42.6,4.4,3rd quarter,5:59.0,Nick Van,DAL,True,2-pointer,19,56-90,'POR',trails
561,561,561,200203140POR,16.1,5.7,3rd quarter,5:54.0,Nick Van,DAL,False,2-pointer,8,56-90,'POR',trails
562,562,562,200203140POR,42.6,9.2,3rd quarter,5:21.0,Eduardo Nájera,DAL,False,2-pointer,19,58-93,'POR',trails
563,563,563,200203140POR,24.0,5.0,3rd quarter,4:37.0,Avery Johnson,DAL,False,2-pointer,0,58-93,'POR',trails
564,564,564,200203140POR,21.3,29.3,3rd quarter,4:08.0,Wang Zhizhi,DAL,False,3-pointer,24,58-96,'POR',trails
565,565,565,200203140POR,16.3,4.6,3rd quarter,2:52.0,Wang Zhizhi,DAL,True,2-pointer,8,60-101,'POR',trails
566,566,566,200203140POR,37.8,20.0,3rd quarter,1:08.0,Michael Finley,DAL,False,2-pointer,20,62-108,'POR',trails
567,567,567,200203140POR,24.0,5.0,3rd quarter,0:47.6,Dirk Nowitzki,DAL,True,2-pointer,0,64-108,'POR',trails
568,568,568,200203140POR,3.4,3.5,4th quarter,11:49.0,Michael Finley,DAL,True,2-pointer,21,72-111,'POR',trails
569,569,569,200203140POR,42.6,8.2,4th quarter,11:18.0,Michael Finley,DAL,True,2-pointer,19,74-114,'POR',trails
570,570,570,200203140POR,22.0,18.5,4th quarter,10:46.0,Adrian Griffin,DAL,False,2-pointer,14,74-116,'POR',trails
571,571,571,200203140POR,24.0,5.0,4th quarter,10:09.0,Michael Finley,DAL,True,2-pointer,0,76-116,'POR',trails
572,572,572,200203140POR,47.7,4.6,4th quarter,9:32.0,Raef LaFrentz,DAL,False,3-pointer,24,76-116,'POR',trails
573,573,573,200203140POR,24.0,5.0,4th quarter,9:08.0,Michael Finley,DAL,True,2-pointer,0,78-116,'POR',trails
574,574,574,200203140POR,24.0,5.0,4th quarter,8:33.0,Avery Johnson,DAL,True,2-pointer,0,80-118,'POR',trails
575,575,575,200203140POR,7.0,14.1,4th quarter,7:55.0,Eduardo Nájera,DAL,False,2-pointer,19,80-120,'POR',trails
576,576,576,200203140POR,24.0,5.0,4th quarter,7:49.0,Eduardo Nájera,DAL,True,2-pointer,0,82-120,'POR',trails
577,577,577,200203140POR,10.6,18.5,4th quarter,7:14.0,Shawn Bradley,DAL,True,2-pointer,19,84-123,'POR',trails
578,578,578,200203140POR,20.7,16.4,4th quarter,5:55.0,Greg Buckner,DAL,False,2-pointer,12,84-123,'POR',trails
579,579,579,200203140POR,24.0,5.0,4th quarter,5:29.0,Avery Johnson,DAL,True,2-pointer,0,86-123,'POR',trails
580,580,580,200203140POR,34.2,14.7,4th quarter,5:07.0,Avery Johnson,DAL,True,2-pointer,14,88-123,'POR',trails
581,581,581,200203140POR,15.6,3.5,4th quarter,4:43.0,Raef LaFrentz,DAL,False,2-pointer,9,89-123,'POR',trails
582,582,582,200203140POR,21.5,6.9,4th quarter,4:38.0,Eduardo Nájera,DAL,True,2-pointer,3,91-123,'POR',trails
583,583,583,200203140POR,24.0,5.0,4th quarter,4:04.0,Wang Zhizhi,DAL,False,2-pointer,0,91-126,'POR',trails
584,584,584,200203140POR,22.8,26.7,4th quarter,3:28.0,Wang Zhizhi,DAL,True,2-pointer,22,95-126,'POR',trails
585,585,585,200203140POR,22.0,26.1,4th quarter,2:55.0,Raef LaFrentz,DAL,True,2-pointer,21,97-128,'POR',trails
586,586,586,200203140POR,42.8,5.7,4th quarter,2:30.0,Eduardo Nájera,DAL,False,2-pointer,19,98-128,'POR',trails
587,587,587,200203140POR,24.0,5.0,4th quarter,1:56.0,Eduardo Nájera,DAL,True,2-pointer,0,100-128,'POR',trails
588,588,588,200203140POR,24.0,5.0,4th quarter,1:02.0,Greg Buckner,DAL,True,2-pointer,0,102-132,'POR',trails
589,589,589,200203140POR,24.0,5.0,4th quarter,0:44.9,Wang Zhizhi,DAL,True,2-pointer,0,104-132,'POR',trails
590,590,590,200203140POR,24.0,5.0,4th quarter,0:19.2,Wang Zhizhi,DAL,True,2-pointer,0,106-132,'POR',trails
591,591,591,200203140POR,34.8,5.0,1st quarter,11:24.0,Scottie Pippen,POR,False,2-pointer,11,0-3,'POR',trails
592,592,592,200203140POR,47.7,3.9,1st quarter,11:19.0,Rasheed Wallace,POR,True,3-pointer,24,3-3,'POR',tied
593,593,593,200203140POR,26.8,9.9,1st quarter,10:29.0,Rasheed Wallace,POR,True,2-pointer,6,5-5,'POR',tied
594,594,594,200203140POR,24.0,5.0,1st quarter,9:49.0,Scottie Pippen,POR,True,2-pointer,0,7-7,'POR',tied
595,595,595,200203140POR,24.1,10.9,1st quarter,9:26.0,Damon Stoudamire,POR,False,2-pointer,6,7-7,'POR',tied
596,596,596,200203140POR,24.0,5.0,1st quarter,9:03.0,Scottie Pippen,POR,True,2-pointer,0,9-7,'POR',leads
597,597,597,200203140POR,32.7,6.1,1st quarter,8:41.0,Rasheed Wallace,POR,True,2-pointer,9,11-9,'POR',leads
598,598,598,200203140POR,8.3,24.6,1st quarter,8:05.0,Rasheed Wallace,POR,True,3-pointer,25,14-9,'POR',leads
599,599,599,200203140POR,16.1,5.7,1st quarter,7:29.0,Damon Stoudamire,POR,True,2-pointer,8,16-9,'POR',leads
600,600,600,200203140POR,24.0,5.0,1st quarter,6:05.0,Dale Davis,POR,True,2-pointer,0,20-9,'POR',leads
601,601,601,200203140POR,19.2,14.1,1st quarter,5:21.0,Rasheed Wallace,POR,False,2-pointer,10,21-11,'POR',leads
602,602,602,200203140POR,24.0,5.0,1st quarter,5:18.0,Bonzi Wells,POR,True,2-pointer,0,23-11,'POR',leads
603,603,603,200203140POR,31.3,18.1,1st quarter,4:34.0,Scottie Pippen,POR,False,2-pointer,15,23-11,'POR',leads
604,604,604,200203140POR,7.6,24.0,1st quarter,4:15.0,Scottie Pippen,POR,False,3-pointer,25,23-13,'POR',leads
605,605,605,200203140POR,6.2,5.4,1st quarter,3:49.0,Dale Davis,POR,False,2-pointer,18,23-13,'POR',leads
606,606,606,200203140POR,8.3,28.8,1st quarter,3:40.0,Rasheed Wallace,POR,False,3-pointer,29,23-13,'POR',leads
607,607,607,200203140POR,24.0,5.0,1st quarter,3:29.0,Rasheed Wallace,POR,True,2-pointer,0,25-13,'POR',leads
608,608,608,200203140POR,47.7,5.4,1st quarter,2:48.0,Damon Stoudamire,POR,False,3-pointer,24,25-15,'POR',leads
609,609,609,200203140POR,47.1,7.1,1st quarter,2:32.0,Rasheed Wallace,POR,True,3-pointer,23,28-15,'POR',leads
610,610,610,200203140POR,26.8,28.8,1st quarter,1:15.0,Bonzi Wells,POR,False,3-pointer,24,30-19,'POR',leads
611,611,611,200203140POR,11.8,17.5,1st quarter,0:49.5,Shawn Kemp,POR,False,2-pointer,17,30-22,'POR',leads
612,612,612,200203140POR,24.0,5.0,1st quarter,0:29.1,Bonzi Wells,POR,True,2-pointer,0,32-22,'POR',leads
613,613,613,200203140POR,10.6,10.3,2nd quarter,11:42.0,Damon Stoudamire,POR,False,2-pointer,14,32-24,'POR',leads
614,614,614,200203140POR,19.2,9.9,2nd quarter,11:08.0,Rasheed Wallace,POR,True,2-pointer,7,34-26,'POR',leads
615,615,615,200203140POR,24.0,5.0,2nd quarter,10:48.0,Rasheed Wallace,POR,True,2-pointer,0,36-26,'POR',leads
616,616,616,200203140POR,0.5,5.4,2nd quarter,10:21.0,Damon Stoudamire,POR,False,3-pointer,24,36-28,'POR',leads
617,617,617,200203140POR,24.0,5.0,2nd quarter,9:44.0,Shawn Kemp,POR,True,2-pointer,0,39-28,'POR',leads
618,618,618,200203140POR,28.3,26.1,2nd quarter,9:32.0,Derek Anderson,POR,True,2-pointer,22,41-28,'POR',leads
619,619,619,200203140POR,24.0,5.0,2nd quarter,8:44.0,Ruben Patterson,POR,True,2-pointer,0,43-28,'POR',leads
620,620,620,200203140POR,24.0,5.0,2nd quarter,8:19.0,Shawn Kemp,POR,False,2-pointer,0,43-28,'POR',leads
621,621,621,200203140POR,1.9,17.5,2nd quarter,7:52.0,Derek Anderson,POR,False,3-pointer,25,43-30,'POR',leads
622,622,622,200203140POR,24.0,5.0,2nd quarter,7:19.0,Dale Davis,POR,False,2-pointer,0,43-33,'POR',leads
623,623,623,200203140POR,23.4,29.3,2nd quarter,7:09.0,Derek Anderson,POR,True,3-pointer,24,46-33,'POR',leads
624,624,624,200203140POR,10.6,27.8,2nd quarter,6:34.0,Derek Anderson,POR,True,3-pointer,26,50-35,'POR',leads
625,625,625,200203140POR,9.5,18.9,2nd quarter,5:46.0,Rasheed Wallace,POR,True,2-pointer,20,52-37,'POR',leads
626,626,626,200203140POR,-0.2,8.2,2nd quarter,5:12.0,Derek Anderson,POR,False,3-pointer,24,52-37,'POR',leads
627,627,627,200203140POR,13.3,26.7,2nd quarter,4:48.0,Rasheed Wallace,POR,False,3-pointer,24,52-37,'POR',leads
628,628,628,200203140POR,11.2,26.1,2nd quarter,4:36.0,Rasheed Wallace,POR,True,3-pointer,25,55-37,'POR',leads
629,629,629,200203140POR,24.0,5.0,2nd quarter,4:03.0,Dale Davis,POR,True,2-pointer,0,57-37,'POR',leads
630,630,630,200203140POR,24.0,5.0,2nd quarter,3:15.0,Scottie Pippen,POR,False,2-pointer,0,57-41,'POR',leads
631,631,631,200203140POR,24.1,18.5,2nd quarter,3:08.0,Rasheed Wallace,POR,False,2-pointer,14,57-41,'POR',leads
632,632,632,200203140POR,24.0,5.0,2nd quarter,2:51.0,Scottie Pippen,POR,True,2-pointer,0,59-41,'POR',leads
633,633,633,200203140POR,24.0,5.0,2nd quarter,2:10.0,Ruben Patterson,POR,True,2-pointer,0,62-44,'POR',leads
634,634,634,200203140POR,10.6,16.8,2nd quarter,1:44.0,Bonzi Wells,POR,True,2-pointer,18,64-44,'POR',leads
635,635,635,200203140POR,24.0,5.0,2nd quarter,1:24.0,Ruben Patterson,POR,True,2-pointer,0,66-44,'POR',leads
636,636,636,200203140POR,24.0,5.0,2nd quarter,1:05.0,Ruben Patterson,POR,True,2-pointer,0,68-44,'POR',leads
637,637,637,200203140POR,24.0,5.0,2nd quarter,0:52.0,Rasheed Wallace,POR,True,2-pointer,0,70-44,'POR',leads
638,638,638,200203140POR,24.0,5.0,2nd quarter,0:31.3,Bonzi Wells,POR,True,2-pointer,0,72-44,'POR',leads
639,639,639,200203140POR,22.0,28.2,2nd quarter,0:00.6,Bonzi Wells,POR,False,2-pointer,23,73-46,'POR',leads
640,640,640,200203140POR,39.0,4.6,3rd quarter,11:36.0,Rasheed Wallace,POR,False,2-pointer,15,73-46,'POR',leads
641,641,641,200203140POR,24.0,5.0,3rd quarter,11:08.0,Rasheed Wallace,POR,True,2-pointer,0,75-46,'POR',leads
642,642,642,200203140POR,42.0,7.6,3rd quarter,10:52.0,Bonzi Wells,POR,True,2-pointer,18,77-48,'POR',leads
643,643,643,200203140POR,24.0,5.0,3rd quarter,10:27.0,Dale Davis,POR,True,2-pointer,0,79-48,'POR',leads
644,644,644,200203140POR,14.8,25.0,3rd quarter,9:47.0,Scottie Pippen,POR,True,2-pointer,22,81-50,'POR',leads
645,645,645,200203140POR,24.0,5.0,3rd quarter,8:33.0,Dale Davis,POR,False,2-pointer,0,82-50,'POR',leads
646,646,646,200203140POR,4.0,2.5,3rd quarter,6:59.0,Scottie Pippen,POR,True,2-pointer,20,89-54,'POR',leads
647,647,647,200203140POR,21.3,15.4,3rd quarter,5:59.0,Bonzi Wells,POR,False,2-pointer,11,90-54,'POR',leads
648,648,648,200203140POR,13.3,28.2,3rd quarter,5:45.0,Rasheed Wallace,POR,True,3-pointer,26,93-56,'POR',leads
649,649,649,200203140POR,27.5,33.7,3rd quarter,4:57.0,Scottie Pippen,POR,False,3-pointer,29,93-58,'POR',leads
650,650,650,200203140POR,14.8,29.3,3rd quarter,4:29.0,Scottie Pippen,POR,True,3-pointer,26,96-58,'POR',leads
651,651,651,200203140POR,10.6,21.3,3rd quarter,4:02.0,Damon Stoudamire,POR,True,2-pointer,21,98-58,'POR',leads
652,652,652,200203140POR,28.9,28.8,3rd quarter,3:29.0,Rasheed Wallace,POR,True,3-pointer,24,101-58,'POR',leads
653,653,653,200203140POR,24.0,5.0,3rd quarter,3:05.0,Bonzi Wells,POR,False,2-pointer,0,101-58,'POR',leads
654,654,654,200203140POR,24.0,5.0,3rd quarter,2:31.0,Ruben Patterson,POR,True,2-pointer,0,103-60,'POR',leads
655,655,655,200203140POR,46.2,16.4,3rd quarter,1:26.0,Rasheed Wallace,POR,False,3-pointer,25,106-62,'POR',leads
656,656,656,200203140POR,32.9,7.3,3rd quarter,1:23.0,Damon Stoudamire,POR,True,2-pointer,9,108-62,'POR',leads
657,657,657,200203140POR,39.9,25.0,3rd quarter,0:51.9,Scottie Pippen,POR,False,3-pointer,26,108-62,'POR',leads
658,658,658,200203140POR,24.7,30.5,3rd quarter,0:30.9,Rasheed Wallace,POR,False,3-pointer,26,108-64,'POR',leads
659,659,659,200203140POR,22.8,43.0,3rd quarter,0:00.3,Derek Anderson,POR,True,3-pointer,38,111-70,'POR',leads
660,660,660,200203140POR,34.2,27.8,4th quarter,11:29.0,Steve Kerr,POR,True,3-pointer,25,114-72,'POR',leads
661,661,661,200203140POR,23.9,27.4,4th quarter,10:59.0,Derek Anderson,POR,True,2-pointer,22,116-74,'POR',leads
662,662,662,200203140POR,40.5,5.4,4th quarter,10:32.0,Zach Randolph,POR,False,2-pointer,17,116-74,'POR',leads
663,663,663,200203140POR,41.2,13.0,4th quarter,10:20.0,Zach Randolph,POR,False,2-pointer,19,116-74,'POR',leads
664,664,664,200203140POR,24.0,5.0,4th quarter,8:46.0,Ruben Patterson,POR,True,2-pointer,0,118-78,'POR',leads
665,665,665,200203140POR,33.4,14.7,4th quarter,8:10.0,Steve Kerr,POR,True,2-pointer,14,120-80,'POR',leads
666,666,666,200203140POR,12.7,28.2,4th quarter,7:30.0,Derek Anderson,POR,True,3-pointer,26,123-82,'POR',leads
667,667,667,200203140POR,23.4,14.7,4th quarter,7:00.0,Rick Brunson,POR,False,2-pointer,10,123-84,'POR',leads
668,668,668,200203140POR,31.9,10.3,4th quarter,6:58.0,Zach Randolph,POR,False,2-pointer,10,123-84,'POR',leads
669,669,669,200203140POR,24.0,5.0,4th quarter,6:31.0,Zach Randolph,POR,False,2-pointer,0,123-84,'POR',leads
670,670,670,200203140POR,40.5,18.1,4th quarter,6:29.0,Steve Kerr,POR,False,2-pointer,21,123-84,'POR',leads
671,671,671,200203140POR,42.0,21.9,4th quarter,5:37.0,Rick Brunson,POR,False,3-pointer,25,123-84,'POR',leads
672,672,672,200203140POR,39.9,26.1,4th quarter,4:20.0,Derek Anderson,POR,True,3-pointer,26,126-91,'POR',leads
673,673,673,200203140POR,24.0,5.0,4th quarter,3:37.0,Ruben Patterson,POR,False,2-pointer,0,126-93,'POR',leads
674,674,674,200203140POR,25.4,10.3,4th quarter,3:10.0,Rick Brunson,POR,False,2-pointer,5,126-95,'POR',leads
675,675,675,200203140POR,24.0,5.0,4th quarter,3:07.0,Zach Randolph,POR,True,2-pointer,0,128-95,'POR',leads
676,676,676,200203140POR,30.4,11.3,4th quarter,2:34.0,Steve Kerr,POR,False,2-pointer,9,128-98,'POR',leads
677,677,677,200203140POR,18.6,30.9,4th quarter,2:08.0,Derek Anderson,POR,False,3-pointer,26,128-98,'POR',leads
678,678,678,200203140POR,34.2,25.5,4th quarter,1:39.0,Steve Kerr,POR,True,2-pointer,23,130-100,'POR',leads
679,679,679,200203140POR,12.7,8.8,4th quarter,1:13.0,Zach Randolph,POR,True,2-pointer,12,132-100,'POR',leads
680,680,680,200203140POR,41.2,10.3,4th quarter,0:29.2,Zach Randolph,POR,False,2-pointer,18,132-104,'POR',leads
681,681,681,200203140SAS,23.9,5.4,1st quarter,11:41.0,Eddy Curry,CHI,True,2-pointer,0,2-0,'SAS',leads
682,682,682,200203140SAS,23.9,7.6,1st quarter,11:15.0,Jalen Rose,CHI,False,2-pointer,3,2-2,'SAS',tied
683,683,683,200203140SAS,33.8,9.2,1st quarter,11:11.0,Jalen Rose,CHI,True,2-pointer,11,4-2,'SAS',leads
684,684,684,200203140SAS,23.9,5.9,1st quarter,10:28.0,Travis Best,CHI,True,2-pointer,1,6-4,'SAS',leads
685,685,685,200203140SAS,13.1,11.3,1st quarter,10:15.0,Trenton Hassell,CHI,False,2-pointer,13,6-4,'SAS',leads
686,686,686,200203140SAS,24.3,5.4,1st quarter,9:38.0,Tyson Chandler,CHI,False,2-pointer,1,6-4,'SAS',leads
687,687,687,200203140SAS,27.9,10.7,1st quarter,9:03.0,Jalen Rose,CHI,False,2-pointer,7,6-4,'SAS',leads
688,688,688,200203140SAS,23.0,6.5,1st quarter,8:35.0,Trenton Hassell,CHI,False,2-pointer,2,6-7,'SAS',trails
689,689,689,200203140SAS,23.0,8.6,1st quarter,7:43.0,Marcus Fizer,CHI,False,2-pointer,4,6-7,'SAS',trails
690,690,690,200203140SAS,39.7,15.8,1st quarter,7:11.0,Trenton Hassell,CHI,False,2-pointer,19,6-7,'SAS',trails
691,691,691,200203140SAS,18.8,29.5,1st quarter,7:05.0,Jalen Rose,CHI,False,3-pointer,25,6-7,'SAS',trails
692,692,692,200203140SAS,36.1,5.9,1st quarter,6:18.0,Marcus Fizer,CHI,False,2-pointer,12,6-7,'SAS',trails
693,693,693,200203140SAS,40.9,3.8,1st quarter,5:41.0,Eddy Curry,CHI,False,2-pointer,17,6-9,'SAS',trails
694,694,694,200203140SAS,31.0,21.3,1st quarter,5:03.0,Trenton Hassell,CHI,True,2-pointer,18,8-11,'SAS',trails
695,695,695,200203140SAS,23.0,5.4,1st quarter,4:01.0,Dalibor Bagarić,CHI,True,2-pointer,1,10-13,'SAS',trails
696,696,696,200203140SAS,33.1,19.8,1st quarter,3:35.0,Trenton Hassell,CHI,False,2-pointer,17,10-13,'SAS',trails
697,697,697,200203140SAS,13.1,19.1,1st quarter,3:27.0,Jamal Crawford,CHI,False,2-pointer,18,10-13,'SAS',trails
698,698,698,200203140SAS,29.6,22.3,1st quarter,3:22.0,Jalen Rose,CHI,True,2-pointer,18,12-13,'SAS',trails
699,699,699,200203140SAS,43.9,20.2,1st quarter,2:51.0,Jalen Rose,CHI,True,3-pointer,25,15-13,'SAS',leads
700,700,700,200203140SAS,25.8,5.9,1st quarter,2:33.0,Trenton Hassell,CHI,False,2-pointer,2,15-13,'SAS',leads
701,701,701,200203140SAS,17.3,20.2,1st quarter,2:05.0,Marcus Fizer,CHI,False,2-pointer,17,15-15,'SAS',tied
702,702,702,200203140SAS,34.6,27.4,1st quarter,1:38.0,Jamal Crawford,CHI,False,3-pointer,25,15-15,'SAS',tied
703,703,703,200203140SAS,24.3,5.0,1st quarter,1:09.0,Dalibor Bagarić,CHI,False,2-pointer,0,15-17,'SAS',trails
704,704,704,200203140SAS,23.9,5.9,1st quarter,1:04.0,Marcus Fizer,CHI,True,2-pointer,1,17-17,'SAS',tied
705,705,705,200203140SAS,13.1,13.7,1st quarter,0:29.8,Jalen Rose,CHI,False,2-pointer,14,17-19,'SAS',trails
706,706,706,200203140SAS,24.3,5.4,1st quarter,0:04.5,Jalen Rose,CHI,False,2-pointer,1,17-22,'SAS',trails
707,707,707,200203140SAS,23.9,5.4,1st quarter,0:04.2,Marcus Fizer,CHI,False,2-pointer,0,17-22,'SAS',trails
708,708,708,200203140SAS,37.4,10.3,2nd quarter,10:52.0,Jamal Crawford,CHI,False,2-pointer,14,19-25,'SAS',trails
709,709,709,200203140SAS,23.9,6.5,2nd quarter,10:28.0,Marcus Fizer,CHI,True,2-pointer,2,21-25,'SAS',trails
710,710,710,200203140SAS,33.1,5.9,2nd quarter,10:01.0,Trenton Hassell,CHI,False,2-pointer,9,21-27,'SAS',trails
711,711,711,200203140SAS,13.1,20.8,2nd quarter,9:30.0,Marcus Fizer,CHI,False,2-pointer,19,21-29,'SAS',trails
712,712,712,200203140SAS,29.6,9.2,2nd quarter,9:00.0,Marcus Fizer,CHI,False,2-pointer,7,21-31,'SAS',trails
713,713,713,200203140SAS,23.9,5.4,2nd quarter,8:57.0,Eddy Curry,CHI,True,2-pointer,0,23-31,'SAS',trails
714,714,714,200203140SAS,8.7,24.6,2nd quarter,8:36.0,Jalen Rose,CHI,False,3-pointer,25,23-31,'SAS',trails
715,715,715,200203140SAS,24.3,8.0,2nd quarter,8:09.0,Jalen Rose,CHI,False,2-pointer,3,23-32,'SAS',trails
716,716,716,200203140SAS,25.1,20.8,2nd quarter,7:35.0,Travis Best,CHI,True,2-pointer,16,25-34,'SAS',trails
717,717,717,200203140SAS,19.4,6.5,2nd quarter,7:11.0,Marcus Fizer,CHI,True,2-pointer,5,27-34,'SAS',trails
718,718,718,200203140SAS,23.9,5.4,2nd quarter,6:45.0,Jalen Rose,CHI,True,2-pointer,0,30-34,'SAS',trails
719,719,719,200203140SAS,36.1,8.6,2nd quarter,5:53.0,Eddy Curry,CHI,False,2-pointer,13,30-36,'SAS',trails
720,720,720,200203140SAS,12.3,5.4,2nd quarter,5:08.0,Jalen Rose,CHI,False,2-pointer,12,30-37,'SAS',trails
721,721,721,200203140SAS,42.4,14.7,2nd quarter,4:39.0,Jalen Rose,CHI,False,2-pointer,21,30-37,'SAS',trails
722,722,722,200203140SAS,24.3,5.4,2nd quarter,4:38.0,Tyson Chandler,CHI,True,2-pointer,1,32-37,'SAS',trails
723,723,723,200203140SAS,23.0,6.9,2nd quarter,4:03.0,Eddy Curry,CHI,False,2-pointer,2,32-39,'SAS',trails
724,724,724,200203140SAS,23.9,5.4,2nd quarter,4:00.0,Trenton Hassell,CHI,True,2-pointer,0,34-39,'SAS',trails
725,725,725,200203140SAS,18.8,11.3,2nd quarter,3:28.0,Jalen Rose,CHI,True,2-pointer,8,36-40,'SAS',trails
726,726,726,200203140SAS,24.3,5.0,2nd quarter,2:23.0,Marcus Fizer,CHI,True,2-pointer,0,39-42,'SAS',trails
727,727,727,200203140SAS,12.3,5.9,2nd quarter,1:50.0,Marcus Fizer,CHI,False,2-pointer,12,39-42,'SAS',trails
728,728,728,200203140SAS,25.1,10.7,2nd quarter,1:44.0,Jalen Rose,CHI,False,2-pointer,6,39-42,'SAS',trails
729,729,729,200203140SAS,23.9,10.3,2nd quarter,0:19.6,Travis Best,CHI,True,2-pointer,5,42-46,'SAS',trails
730,730,730,200203140SAS,27.2,5.4,2nd quarter,0:01.4,Trenton Hassell,CHI,False,2-pointer,3,42-46,'SAS',trails
731,731,731,200203140SAS,18.2,18.5,3rd quarter,11:03.0,Jalen Rose,CHI,False,2-pointer,15,42-49,'SAS',trails
732,732,732,200203140SAS,14.6,8.0,3rd quarter,10:34.0,Jalen Rose,CHI,True,2-pointer,10,44-51,'SAS',trails
733,733,733,200203140SAS,21.7,5.4,3rd quarter,9:01.0,Travis Best,CHI,True,2-pointer,2,50-55,'SAS',trails
734,734,734,200203140SAS,23.0,6.5,3rd quarter,8:38.0,Trenton Hassell,CHI,True,2-pointer,2,52-55,'SAS',trails
735,735,735,200203140SAS,23.0,12.0,3rd quarter,8:07.0,Jalen Rose,CHI,False,2-pointer,7,52-58,'SAS',trails
736,736,736,200203140SAS,23.9,5.9,3rd quarter,7:44.0,Eddy Curry,CHI,True,2-pointer,1,54-58,'SAS',trails
737,737,737,200203140SAS,22.4,10.7,3rd quarter,6:38.0,Jalen Rose,CHI,False,2-pointer,6,54-60,'SAS',trails
738,738,738,200203140SAS,20.3,7.6,3rd quarter,6:09.0,Eddy Curry,CHI,False,2-pointer,5,54-62,'SAS',trails
739,739,739,200203140SAS,5.1,22.3,3rd quarter,5:30.0,Trenton Hassell,CHI,True,3-pointer,26,57-65,'SAS',trails
740,740,740,200203140SAS,15.2,28.4,3rd quarter,4:57.0,Jalen Rose,CHI,False,3-pointer,25,57-65,'SAS',trails
741,741,741,200203140SAS,24.3,9.2,3rd quarter,4:18.0,Marcus Fizer,CHI,False,2-pointer,4,57-65,'SAS',trails
742,742,742,200203140SAS,34.6,25.0,3rd quarter,3:57.0,Travis Best,CHI,True,2-pointer,23,59-66,'SAS',trails
743,743,743,200203140SAS,42.4,20.8,3rd quarter,3:18.0,Jalen Rose,CHI,False,3-pointer,24,59-66,'SAS',trails
744,744,744,200203140SAS,24.3,10.3,3rd quarter,1:53.0,Dalibor Bagarić,CHI,False,2-pointer,5,60-68,'SAS',trails
745,745,745,200203140SAS,23.9,8.6,3rd quarter,1:16.0,Marcus Fizer,CHI,True,2-pointer,4,62-68,'SAS',trails
746,746,746,200203140SAS,4.3,21.3,3rd quarter,0:43.8,Trenton Hassell,CHI,False,3-pointer,26,62-68,'SAS',trails
747,747,747,200203140SAS,23.0,5.4,3rd quarter,0:38.1,Marcus Fizer,CHI,True,2-pointer,1,64-68,'SAS',trails
748,748,748,200203140SAS,12.3,3.7,4th quarter,11:15.0,Marcus Fizer,CHI,True,2-pointer,12,69-68,'SAS',leads
749,749,749,200203140SAS,21.7,5.4,4th quarter,10:49.0,Marcus Fizer,CHI,True,2-pointer,2,71-68,'SAS',leads
750,750,750,200203140SAS,28.7,8.0,4th quarter,9:58.0,Jalen Rose,CHI,False,2-pointer,6,71-69,'SAS',leads
751,751,751,200203140SAS,22.4,5.9,4th quarter,9:25.0,Marcus Fizer,CHI,False,2-pointer,2,71-69,'SAS',leads
752,752,752,200203140SAS,36.1,16.8,4th quarter,8:36.0,Jalen Rose,CHI,False,2-pointer,17,71-71,'SAS',tied
753,753,753,200203140SAS,25.1,5.4,4th quarter,7:55.0,Fred Hoiberg,CHI,False,2-pointer,1,71-71,'SAS',tied
754,754,754,200203140SAS,9.3,25.7,4th quarter,7:26.0,Jamal Crawford,CHI,False,3-pointer,25,71-71,'SAS',tied
755,755,755,200203140SAS,21.7,13.7,4th quarter,6:39.0,Jamal Crawford,CHI,False,2-pointer,9,71-71,'SAS',tied
756,756,756,200203140SAS,29.6,19.1,4th quarter,6:10.0,Charles Oakley,CHI,False,2-pointer,15,71-73,'SAS',trails
757,757,757,200203140SAS,24.3,5.9,4th quarter,5:46.0,Marcus Fizer,CHI,False,2-pointer,1,71-76,'SAS',trails
758,758,758,200203140SAS,34.6,5.4,4th quarter,5:11.0,Marcus Fizer,CHI,False,2-pointer,11,71-77,'SAS',trails
759,759,759,200203140SAS,23.9,10.7,4th quarter,4:55.0,Jalen Rose,CHI,False,2-pointer,6,71-77,'SAS',trails
760,760,760,200203140SAS,34.6,20.8,4th quarter,4:37.0,Charles Oakley,CHI,True,2-pointer,19,73-78,'SAS',trails
761,761,761,200203140SAS,23.9,5.4,4th quarter,4:00.0,Travis Best,CHI,True,2-pointer,0,75-78,'SAS',trails
762,762,762,200203140SAS,18.2,6.5,4th quarter,3:29.0,Marcus Fizer,CHI,True,2-pointer,6,78-80,'SAS',trails
763,763,763,200203140SAS,33.8,5.9,4th quarter,2:55.0,Jalen Rose,CHI,False,2-pointer,10,78-80,'SAS',trails
764,764,764,200203140SAS,23.0,5.0,4th quarter,2:17.0,Travis Best,CHI,True,2-pointer,1,80-83,'SAS',trails
765,765,765,200203140SAS,29.6,21.9,4th quarter,1:41.0,Travis Best,CHI,False,2-pointer,18,81-83,'SAS',trails
766,766,766,200203140SAS,13.8,8.0,4th quarter,1:04.0,Marcus Fizer,CHI,False,2-pointer,11,81-85,'SAS',trails
767,767,767,200203140SAS,30.2,9.2,4th quarter,0:36.4,Travis Best,CHI,False,2-pointer,7,81-87,'SAS',trails
768,768,768,200203140SAS,24.3,5.4,4th quarter,0:34.8,Marcus Fizer,CHI,True,2-pointer,1,83-87,'SAS',trails
769,769,769,200203140SAS,33.1,5.9,4th quarter,0:22.2,Travis Best,CHI,False,2-pointer,9,83-88,'SAS',trails
770,770,770,200203140SAS,0.7,6.5,4th quarter,0:17.1,Jalen Rose,CHI,True,3-pointer,23,86-88,'SAS',trails
771,771,771,200203140SAS,45.4,17.5,4th quarter,0:10.4,Trenton Hassell,CHI,False,3-pointer,25,86-90,'SAS',trails
772,772,772,200203140SAS,38.8,6.9,1st quarter,11:33.0,Steve Smith,SAS,True,2-pointer,15,2-2,'SAS',tied
773,773,773,200203140SAS,25.8,29.5,1st quarter,9:52.0,Bruce Bowen,SAS,False,3-pointer,25,4-6,'SAS',trails
774,774,774,200203140SAS,11.6,5.9,1st quarter,9:22.0,Steve Smith,SAS,False,2-pointer,12,4-6,'SAS',trails
775,775,775,200203140SAS,34.6,7.6,1st quarter,8:51.0,Tim Duncan,SAS,False,2-pointer,11,4-6,'SAS',trails
776,776,776,200203140SAS,24.3,5.9,1st quarter,8:47.0,David Robinson,SAS,False,2-pointer,1,4-6,'SAS',trails
777,777,777,200203140SAS,23.9,6.5,1st quarter,8:46.0,David Robinson,SAS,True,2-pointer,2,6-6,'SAS',tied
778,778,778,200203140SAS,2.8,17.9,1st quarter,8:04.0,Steve Smith,SAS,False,3-pointer,25,7-6,'SAS',leads
779,779,779,200203140SAS,22.4,5.9,1st quarter,6:59.0,Tony Parker,SAS,False,2-pointer,2,7-6,'SAS',leads
780,780,780,200203140SAS,9.9,8.8,1st quarter,6:51.0,David Robinson,SAS,False,2-pointer,15,7-6,'SAS',leads
781,781,781,200203140SAS,22.6,16.7,1st quarter,5:58.0,Tim Duncan,SAS,True,2-pointer,12,9-6,'SAS',leads
782,782,782,200203140SAS,23.9,6.9,1st quarter,5:29.0,Tim Duncan,SAS,True,2-pointer,2,11-6,'SAS',leads
783,783,783,200203140SAS,38.2,14.1,1st quarter,4:42.0,David Robinson,SAS,False,2-pointer,17,11-8,'SAS',leads
784,784,784,200203140SAS,23.0,10.3,1st quarter,4:16.0,Tim Duncan,SAS,True,2-pointer,5,13-8,'SAS',leads
785,785,785,200203140SAS,25.1,5.9,1st quarter,3:01.0,Tim Duncan,SAS,False,2-pointer,1,13-12,'SAS',leads
786,786,786,200203140SAS,23.9,5.9,1st quarter,2:59.0,Malik Rose,SAS,False,2-pointer,1,13-12,'SAS',leads
787,787,787,200203140SAS,33.1,20.2,1st quarter,2:21.0,Tim Duncan,SAS,False,2-pointer,18,15-15,'SAS',tied
788,788,788,200203140SAS,36.1,7.6,1st quarter,1:53.0,Malik Rose,SAS,False,2-pointer,12,15-15,'SAS',tied
789,789,789,200203140SAS,31.7,21.3,1st quarter,1:25.0,Terry Porter,SAS,True,2-pointer,18,17-15,'SAS',leads
790,790,790,200203140SAS,13.7,14.1,1st quarter,0:45.8,Malik Rose,SAS,True,2-pointer,14,19-17,'SAS',leads
791,791,791,200203140SAS,24.3,5.4,1st quarter,0:12.3,Tim Duncan,SAS,True,2-pointer,1,22-17,'SAS',leads
792,792,792,200203140SAS,0.7,4.4,2nd quarter,11:46.0,Bruce Bowen,SAS,True,3-pointer,23,25-19,'SAS',leads
793,793,793,200203140SAS,15.2,14.1,2nd quarter,11:12.0,Malik Rose,SAS,False,2-pointer,13,25-19,'SAS',leads
794,794,794,200203140SAS,23.9,5.9,2nd quarter,10:47.0,Antonio Daniels,SAS,False,2-pointer,1,25-19,'SAS',leads
795,795,795,200203140SAS,28.7,6.5,2nd quarter,10:09.0,Terry Porter,SAS,True,2-pointer,5,27-21,'SAS',leads
796,796,796,200203140SAS,23.9,5.4,2nd quarter,9:55.0,Charles Smith,SAS,True,2-pointer,0,29-21,'SAS',leads
797,797,797,200203140SAS,25.1,6.9,2nd quarter,8:21.0,Charles Smith,SAS,False,2-pointer,2,31-23,'SAS',leads
798,798,798,200203140SAS,23.9,5.9,2nd quarter,7:55.0,Malik Rose,SAS,False,2-pointer,1,32-23,'SAS',leads
799,799,799,200203140SAS,23.0,6.9,2nd quarter,7:53.0,Malik Rose,SAS,True,2-pointer,2,34-23,'SAS',leads
800,800,800,200203140SAS,24.3,5.9,2nd quarter,7:22.0,David Robinson,SAS,False,2-pointer,1,34-25,'SAS',leads
801,801,801,200203140SAS,19.4,13.7,2nd quarter,7:00.0,Charles Smith,SAS,False,2-pointer,10,34-28,'SAS',leads
802,802,802,200203140SAS,36.7,6.5,2nd quarter,6:52.0,Malik Rose,SAS,False,2-pointer,13,34-28,'SAS',leads
803,803,803,200203140SAS,27.2,13.0,2nd quarter,6:22.0,Antonio Daniels,SAS,True,2-pointer,9,36-30,'SAS',leads
804,804,804,200203140SAS,23.0,5.9,2nd quarter,5:36.0,Charles Smith,SAS,False,2-pointer,1,36-30,'SAS',leads
805,805,805,200203140SAS,46.8,5.9,2nd quarter,5:00.0,Bruce Bowen,SAS,False,3-pointer,23,37-30,'SAS',leads
806,806,806,200203140SAS,23.0,5.9,2nd quarter,3:04.0,David Robinson,SAS,True,2-pointer,1,42-36,'SAS',leads
807,807,807,200203140SAS,15.8,6.5,2nd quarter,2:30.0,Tim Duncan,SAS,False,2-pointer,8,42-37,'SAS',leads
808,808,808,200203140SAS,10.8,15.1,2nd quarter,2:07.0,Mark Bryant,SAS,False,2-pointer,17,42-39,'SAS',leads
809,809,809,200203140SAS,36.7,15.1,2nd quarter,1:27.0,Bruce Bowen,SAS,False,2-pointer,16,42-39,'SAS',leads
810,810,810,200203140SAS,23.9,5.4,2nd quarter,1:08.0,Antonio Daniels,SAS,True,2-pointer,0,44-39,'SAS',leads
811,811,811,200203140SAS,23.9,5.4,2nd quarter,0:33.0,Tim Duncan,SAS,True,2-pointer,0,46-40,'SAS',leads
812,812,812,200203140SAS,13.7,17.9,2nd quarter,0:03.7,Tim Duncan,SAS,False,2-pointer,17,46-42,'SAS',leads
813,813,813,200203140SAS,42.4,21.3,3rd quarter,11:44.0,Bruce Bowen,SAS,False,3-pointer,25,46-42,'SAS',leads
814,814,814,200203140SAS,41.8,22.9,3rd quarter,11:25.0,Tony Parker,SAS,True,3-pointer,25,49-42,'SAS',leads
815,815,815,200203140SAS,24.3,5.4,3rd quarter,10:55.0,Antonio Daniels,SAS,True,2-pointer,1,51-42,'SAS',leads
816,816,816,200203140SAS,39.7,10.7,3rd quarter,10:12.0,Tony Parker,SAS,False,2-pointer,17,51-44,'SAS',leads
817,817,817,200203140SAS,23.0,5.9,3rd quarter,9:46.0,David Robinson,SAS,True,2-pointer,1,53-46,'SAS',leads
818,818,818,200203140SAS,9.3,5.9,3rd quarter,9:17.0,Tony Parker,SAS,True,2-pointer,15,55-48,'SAS',leads
819,819,819,200203140SAS,0.7,3.3,3rd quarter,8:45.0,Antonio Daniels,SAS,False,3-pointer,23,55-50,'SAS',leads
820,820,820,200203140SAS,23.9,5.9,3rd quarter,8:26.0,Tim Duncan,SAS,True,2-pointer,1,57-52,'SAS',leads
821,821,821,200203140SAS,42.4,21.3,3rd quarter,7:52.0,Tony Parker,SAS,False,3-pointer,25,58-52,'SAS',leads
822,822,822,200203140SAS,24.3,5.9,3rd quarter,7:16.0,Antonio Daniels,SAS,True,2-pointer,1,60-54,'SAS',leads
823,823,823,200203140SAS,23.0,5.9,3rd quarter,6:26.0,David Robinson,SAS,True,2-pointer,1,62-54,'SAS',leads
824,824,824,200203140SAS,3.6,19.8,3rd quarter,5:55.0,Tony Parker,SAS,True,3-pointer,25,65-54,'SAS',leads
825,825,825,200203140SAS,19.4,15.1,3rd quarter,5:06.0,Tim Duncan,SAS,False,2-pointer,11,65-57,'SAS',leads
826,826,826,200203140SAS,43.9,20.2,3rd quarter,3:42.0,Antonio Daniels,SAS,False,3-pointer,25,66-59,'SAS',leads
827,827,827,200203140SAS,23.9,5.4,3rd quarter,2:52.0,Malik Rose,SAS,True,2-pointer,0,68-60,'SAS',leads
828,828,828,200203140SAS,28.7,6.5,3rd quarter,1:35.0,Malik Rose,SAS,False,2-pointer,5,68-60,'SAS',leads
829,829,829,200203140SAS,24.3,9.7,3rd quarter,0:54.7,Antonio Daniels,SAS,False,2-pointer,5,68-62,'SAS',leads
830,830,830,200203140SAS,19.4,29.1,3rd quarter,0:26.3,Terry Porter,SAS,False,3-pointer,25,68-64,'SAS',leads
831,831,831,200203140SAS,24.3,7.6,4th quarter,11:33.0,David Robinson,SAS,False,2-pointer,3,68-67,'SAS',leads
832,832,832,200203140SAS,36.7,8.0,4th quarter,10:23.0,Malik Rose,SAS,False,2-pointer,13,68-71,'SAS',trails
833,833,833,200203140SAS,0.7,16.4,4th quarter,9:43.0,Bruce Bowen,SAS,False,3-pointer,26,69-71,'SAS',trails
834,834,834,200203140SAS,13.1,17.9,4th quarter,9:14.0,Tony Parker,SAS,False,2-pointer,17,69-71,'SAS',trails
835,835,835,200203140SAS,23.0,10.3,4th quarter,8:56.0,Bruce Bowen,SAS,True,2-pointer,5,71-71,'SAS',tied
836,836,836,200203140SAS,9.3,24.6,4th quarter,8:15.0,Tony Parker,SAS,False,3-pointer,25,71-71,'SAS',tied
837,837,837,200203140SAS,23.0,6.5,4th quarter,8:09.0,David Robinson,SAS,False,2-pointer,2,71-71,'SAS',tied
838,838,838,200203140SAS,3.6,19.1,4th quarter,7:49.0,Danny Ferry,SAS,False,3-pointer,25,71-71,'SAS',tied
839,839,839,200203140SAS,24.3,13.7,4th quarter,6:55.0,Tim Duncan,SAS,False,2-pointer,9,71-71,'SAS',tied
840,840,840,200203140SAS,46.8,13.0,4th quarter,6:00.0,Danny Ferry,SAS,True,3-pointer,24,76-71,'SAS',leads
841,841,841,200203140SAS,0.7,7.6,4th quarter,2:37.0,Tony Parker,SAS,True,3-pointer,23,83-78,'SAS',leads
842,842,842,200203140SAS,18.9,7.4,4th quarter,1:56.0,Tim Duncan,SAS,False,2-pointer,6,83-81,'SAS',leads
