,Unnamed: 0.1,Unnamed: 0,match_id,shotX,shotY,quarter,time_remaining,player,team,made,shot_type,distance,score,opp,status
0,0,0,200211100NYK,24.5,8.1,1st quarter,11:44.0,P.J. Brown,NOH,False,2-pointer,3,0-0,'NYK',tied
1,1,1,200211100NYK,13.2,22.8,1st quarter,11:23.0,Jamal Mashburn,NOH,True,2-pointer,21,2-2,'NYK',tied
2,2,2,200211100NYK,31.5,7.2,1st quarter,10:38.0,Baron Davis,NOH,False,2-pointer,8,2-4,'NYK',trails
3,3,3,200211100NYK,26.9,9.0,1st quarter,10:07.0,Jamaal Magloire,NOH,False,2-pointer,5,2-4,'NYK',trails
4,4,4,200211100NYK,5.4,8.5,1st quarter,9:39.0,David Wesley,NOH,False,2-pointer,19,2-4,'NYK',trails
5,5,5,200211100NYK,24.0,5.0,1st quarter,9:16.0,Jamaal Magloire,NOH,True,2-pointer,0,4-7,'NYK',trails
6,6,6,200211100NYK,24.0,5.0,1st quarter,8:42.0,Jamaal Magloire,NOH,True,2-pointer,0,6-9,'NYK',trails
7,7,7,200211100NYK,19.4,5.8,1st quarter,8:12.0,Jamaal Magloire,NOH,True,2-pointer,5,8-9,'NYK',trails
8,8,8,200211100NYK,14.1,27.7,1st quarter,7:33.0,David Wesley,NOH,False,3-pointer,25,8-9,'NYK',trails
9,9,9,200211100NYK,29.1,4.5,1st quarter,6:05.0,P.J. Brown,NOH,True,2-pointer,5,10-11,'NYK',trails
10,10,10,200211100NYK,24.0,5.0,1st quarter,5:30.0,Baron Davis,NOH,False,2-pointer,0,10-13,'NYK',trails
11,11,11,200211100NYK,9.5,25.7,1st quarter,4:51.0,David Wesley,NOH,True,3-pointer,25,13-15,'NYK',trails
12,12,12,200211100NYK,16.3,17.2,1st quarter,4:22.0,Jamaal Magloire,NOH,False,2-pointer,14,13-15,'NYK',trails
13,13,13,200211100NYK,5.6,20.5,1st quarter,4:17.0,Jamal Mashburn,NOH,False,3-pointer,24,13-15,'NYK',trails
14,14,14,200211100NYK,19.9,7.6,1st quarter,3:19.0,Robert Traylor,NOH,False,2-pointer,5,13-18,'NYK',trails
15,15,15,200211100NYK,24.0,5.0,1st quarter,2:41.0,P.J. Brown,NOH,True,2-pointer,0,15-20,'NYK',trails
16,16,16,200211100NYK,17.4,12.1,1st quarter,2:15.0,P.J. Brown,NOH,True,2-pointer,10,17-22,'NYK',trails
17,17,17,200211100NYK,35.5,20.8,1st quarter,1:31.0,Jamal Mashburn,NOH,False,2-pointer,20,17-22,'NYK',trails
18,18,18,200211100NYK,24.0,5.0,1st quarter,1:28.0,P.J. Brown,NOH,False,2-pointer,0,17-22,'NYK',trails
19,19,19,200211100NYK,24.0,5.0,1st quarter,1:25.0,Robert Traylor,NOH,False,2-pointer,0,17-22,'NYK',trails
20,20,20,200211100NYK,11.5,16.7,1st quarter,1:05.0,Courtney Alexander,NOH,False,2-pointer,17,17-22,'NYK',trails
21,21,21,200211100NYK,24.0,5.0,1st quarter,0:41.9,P.J. Brown,NOH,False,2-pointer,0,17-24,'NYK',trails
22,22,22,200211100NYK,35.5,27.4,1st quarter,0:00.2,Jamal Mashburn,NOH,False,3-pointer,25,17-24,'NYK',trails
23,23,23,200211100NYK,24.0,5.0,2nd quarter,11:00.0,Courtney Alexander,NOH,False,2-pointer,0,19-26,'NYK',trails
24,24,24,200211100NYK,24.8,15.4,2nd quarter,9:43.0,Courtney Alexander,NOH,True,2-pointer,10,21-30,'NYK',trails
25,25,25,200211100NYK,28.3,30.3,2nd quarter,9:11.0,Baron Davis,NOH,False,3-pointer,26,21-30,'NYK',trails
26,26,26,200211100NYK,18.3,9.8,2nd quarter,8:09.0,Baron Davis,NOH,False,2-pointer,7,21-30,'NYK',trails
27,27,27,200211100NYK,31.4,9.0,2nd quarter,8:01.0,Jamaal Magloire,NOH,False,2-pointer,8,21-30,'NYK',trails
28,28,28,200211100NYK,24.0,5.0,2nd quarter,7:34.0,George Lynch,NOH,True,2-pointer,0,23-30,'NYK',trails
29,29,29,200211100NYK,24.0,5.0,2nd quarter,6:11.0,Stacey Augmon,NOH,False,2-pointer,0,25-33,'NYK',trails
30,30,30,200211100NYK,24.0,5.0,2nd quarter,6:07.0,George Lynch,NOH,False,2-pointer,0,25-33,'NYK',trails
31,31,31,200211100NYK,24.0,5.0,2nd quarter,5:18.0,P.J. Brown,NOH,False,2-pointer,0,25-35,'NYK',trails
32,32,32,200211100NYK,11.4,16.0,2nd quarter,4:47.0,Baron Davis,NOH,True,2-pointer,17,27-35,'NYK',trails
33,33,33,200211100NYK,24.0,5.0,2nd quarter,4:20.0,George Lynch,NOH,False,2-pointer,0,27-35,'NYK',trails
34,34,34,200211100NYK,24.0,5.0,2nd quarter,4:17.0,George Lynch,NOH,False,2-pointer,0,27-35,'NYK',trails
35,35,35,200211100NYK,24.0,5.0,2nd quarter,4:06.0,Baron Davis,NOH,True,2-pointer,0,29-35,'NYK',trails
36,36,36,200211100NYK,25.6,17.0,2nd quarter,3:14.0,P.J. Brown,NOH,True,2-pointer,12,32-37,'NYK',trails
37,37,37,200211100NYK,36.5,16.4,2nd quarter,2:44.0,Jamal Mashburn,NOH,False,2-pointer,17,32-39,'NYK',trails
38,38,38,200211100NYK,24.0,5.0,2nd quarter,2:40.0,P.J. Brown,NOH,False,2-pointer,0,32-39,'NYK',trails
39,39,39,200211100NYK,7.7,24.1,2nd quarter,2:33.0,David Wesley,NOH,True,3-pointer,25,35-39,'NYK',trails
40,40,40,200211100NYK,8.2,24.2,2nd quarter,1:18.0,Baron Davis,NOH,False,3-pointer,25,37-44,'NYK',trails
41,41,41,200211100NYK,24.0,5.0,2nd quarter,1:09.0,George Lynch,NOH,False,2-pointer,0,37-44,'NYK',trails
42,42,42,200211100NYK,33.5,11.1,2nd quarter,0:01.0,Jamal Mashburn,NOH,False,2-pointer,11,40-50,'NYK',trails
43,43,43,200211100NYK,24.5,11.6,3rd quarter,11:27.0,Jamal Mashburn,NOH,False,2-pointer,7,40-50,'NYK',trails
44,44,44,200211100NYK,11.2,16.5,3rd quarter,10:32.0,P.J. Brown,NOH,True,2-pointer,17,42-54,'NYK',trails
45,45,45,200211100NYK,24.0,5.0,3rd quarter,10:02.0,Baron Davis,NOH,True,2-pointer,0,44-54,'NYK',trails
46,46,46,200211100NYK,42.9,4.5,3rd quarter,9:23.0,David Wesley,NOH,True,2-pointer,19,47-54,'NYK',trails
47,47,47,200211100NYK,4.9,5.2,3rd quarter,8:40.0,David Wesley,NOH,True,2-pointer,19,49-56,'NYK',trails
48,48,48,200211100NYK,7.6,23.6,3rd quarter,7:59.0,Baron Davis,NOH,False,3-pointer,25,49-56,'NYK',trails
49,49,49,200211100NYK,15.5,15.9,3rd quarter,7:24.0,P.J. Brown,NOH,False,2-pointer,14,49-59,'NYK',trails
50,50,50,200211100NYK,30.9,28.2,3rd quarter,6:56.0,David Wesley,NOH,False,3-pointer,24,49-59,'NYK',trails
51,51,51,200211100NYK,24.0,5.0,3rd quarter,6:54.0,P.J. Brown,NOH,True,2-pointer,0,51-59,'NYK',trails
52,52,52,200211100NYK,6.8,5.5,3rd quarter,6:06.0,David Wesley,NOH,False,2-pointer,17,51-61,'NYK',trails
53,53,53,200211100NYK,25.8,15.2,3rd quarter,5:40.0,Baron Davis,NOH,True,2-pointer,10,53-64,'NYK',trails
54,54,54,200211100NYK,24.0,5.0,3rd quarter,5:07.0,Baron Davis,NOH,True,2-pointer,0,55-64,'NYK',trails
55,55,55,200211100NYK,9.1,5.5,3rd quarter,4:32.0,Baron Davis,NOH,False,2-pointer,15,55-64,'NYK',trails
56,56,56,200211100NYK,18.3,7.8,3rd quarter,3:26.0,Jamal Mashburn,NOH,True,2-pointer,6,57-66,'NYK',trails
57,57,57,200211100NYK,42.9,4.1,3rd quarter,2:33.0,Courtney Alexander,NOH,False,2-pointer,19,57-66,'NYK',trails
58,58,58,200211100NYK,36.3,25.9,3rd quarter,2:25.0,Jamal Mashburn,NOH,False,3-pointer,24,57-66,'NYK',trails
59,59,59,200211100NYK,10.5,26.0,3rd quarter,1:55.0,David Wesley,NOH,False,3-pointer,25,57-68,'NYK',trails
60,60,60,200211100NYK,6.1,22.8,3rd quarter,1:36.0,Baron Davis,NOH,False,3-pointer,25,57-68,'NYK',trails
61,61,61,200211100NYK,8.1,23.9,3rd quarter,1:30.0,David Wesley,NOH,False,3-pointer,25,57-68,'NYK',trails
62,62,62,200211100NYK,10.0,17.3,3rd quarter,0:56.1,Courtney Alexander,NOH,True,2-pointer,19,59-69,'NYK',trails
63,63,63,200211100NYK,10.0,9.1,3rd quarter,0:24.2,Jamal Mashburn,NOH,False,2-pointer,15,59-71,'NYK',trails
64,64,64,200211100NYK,8.4,24.2,3rd quarter,0:01.1,Baron Davis,NOH,False,3-pointer,25,59-71,'NYK',trails
65,65,65,200211100NYK,24.0,5.0,3rd quarter,0:00.2,Jamal Mashburn,NOH,True,2-pointer,0,61-71,'NYK',trails
66,66,66,200211100NYK,24.0,5.0,4th quarter,11:15.0,David Wesley,NOH,False,2-pointer,0,62-71,'NYK',trails
67,67,67,200211100NYK,28.1,9.0,4th quarter,10:46.0,Jamal Mashburn,NOH,True,2-pointer,6,64-71,'NYK',trails
68,68,68,200211100NYK,34.3,5.3,4th quarter,10:05.0,Courtney Alexander,NOH,False,2-pointer,10,64-71,'NYK',trails
69,69,69,200211100NYK,24.0,5.0,4th quarter,9:22.0,Courtney Alexander,NOH,False,2-pointer,0,64-73,'NYK',trails
70,70,70,200211100NYK,24.0,5.0,4th quarter,9:04.0,David Wesley,NOH,True,2-pointer,0,66-73,'NYK',trails
71,71,71,200211100NYK,14.5,9.3,4th quarter,8:25.0,Jamal Mashburn,NOH,True,2-pointer,10,68-75,'NYK',trails
72,72,72,200211100NYK,15.1,19.3,4th quarter,7:40.0,Jamal Mashburn,NOH,False,2-pointer,17,68-75,'NYK',trails
73,73,73,200211100NYK,24.0,5.0,4th quarter,7:14.0,Courtney Alexander,NOH,True,2-pointer,0,70-75,'NYK',trails
74,74,74,200211100NYK,6.6,24.7,4th quarter,6:40.0,Baron Davis,NOH,True,3-pointer,26,74-75,'NYK',trails
75,75,75,200211100NYK,6.8,22.9,4th quarter,5:50.0,Baron Davis,NOH,False,3-pointer,25,74-77,'NYK',trails
76,76,76,200211100NYK,28.1,25.4,4th quarter,5:34.0,Baron Davis,NOH,False,2-pointer,21,74-77,'NYK',trails
77,77,77,200211100NYK,39.4,4.5,4th quarter,5:09.0,Courtney Alexander,NOH,False,2-pointer,15,74-77,'NYK',trails
78,78,78,200211100NYK,24.0,5.0,4th quarter,4:27.0,Stacey Augmon,NOH,True,2-pointer,0,76-77,'NYK',trails
79,79,79,200211100NYK,38.0,4.1,4th quarter,3:40.0,Stacey Augmon,NOH,False,2-pointer,14,77-77,'NYK',tied
80,80,80,200211100NYK,14.5,21.4,4th quarter,3:05.0,Jamal Mashburn,NOH,False,2-pointer,19,77-77,'NYK',tied
81,81,81,200211100NYK,23.2,9.5,4th quarter,2:21.0,Baron Davis,NOH,True,2-pointer,5,79-77,'NYK',leads
82,82,82,200211100NYK,24.0,5.0,4th quarter,1:06.0,Baron Davis,NOH,False,2-pointer,0,79-81,'NYK',trails
83,83,83,200211100NYK,24.0,5.0,4th quarter,1:04.0,Jamaal Magloire,NOH,False,2-pointer,0,79-81,'NYK',trails
84,84,84,200211100NYK,24.3,31.1,4th quarter,0:12.8,Baron Davis,NOH,True,3-pointer,26,83-83,'NYK',tied
85,85,85,200211100NYK,11.0,13.4,4th quarter,0:02.2,Baron Davis,NOH,False,2-pointer,15,83-83,'NYK',tied
86,86,86,200211100NYK,33.0,9.1,1st overtime,4:39.0,Jamal Mashburn,NOH,False,2-pointer,10,83-83,'NYK',tied
87,87,87,200211100NYK,24.0,5.0,1st overtime,3:59.0,Stacey Augmon,NOH,True,2-pointer,0,85-86,'NYK',trails
88,88,88,200211100NYK,27.9,7.8,1st overtime,3:25.0,Jamal Mashburn,NOH,False,2-pointer,5,85-89,'NYK',trails
89,89,89,200211100NYK,24.0,5.0,1st overtime,2:46.0,Baron Davis,NOH,True,2-pointer,0,87-89,'NYK',trails
90,90,90,200211100NYK,23.7,31.1,1st overtime,2:07.0,Baron Davis,NOH,True,3-pointer,26,90-91,'NYK',trails
91,91,91,200211100NYK,24.0,5.0,1st overtime,1:30.0,Stacey Augmon,NOH,True,2-pointer,0,92-91,'NYK',leads
92,92,92,200211100NYK,19.4,7.5,1st overtime,0:52.3,P.J. Brown,NOH,True,2-pointer,5,94-91,'NYK',leads
93,93,93,200211100NYK,24.0,5.0,1st overtime,0:35.2,Stacey Augmon,NOH,True,2-pointer,0,96-91,'NYK',leads
94,94,94,200211100NYK,24.0,5.0,1st quarter,11:38.0,Kurt Thomas,NYK,True,2-pointer,0,2-0,'NYK',leads
95,95,95,200211100NYK,32.5,8.5,1st quarter,11:02.0,Shandon Anderson,NYK,True,2-pointer,9,4-2,'NYK',leads
96,96,96,200211100NYK,13.5,11.4,1st quarter,10:21.0,Allan Houston,NYK,False,2-pointer,12,4-2,'NYK',leads
97,97,97,200211100NYK,21.4,29.7,1st quarter,9:56.0,Allan Houston,NYK,False,3-pointer,25,4-2,'NYK',leads
98,98,98,200211100NYK,24.0,5.0,1st quarter,9:35.0,Shandon Anderson,NYK,True,2-pointer,0,6-2,'NYK',leads
99,99,99,200211100NYK,29.1,9.0,1st quarter,8:56.0,Clarence Weatherspoon,NYK,True,2-pointer,6,9-4,'NYK',leads
100,100,100,200211100NYK,36.0,14.1,1st quarter,8:25.0,Allan Houston,NYK,False,2-pointer,15,9-6,'NYK',leads
101,101,101,200211100NYK,24.0,5.0,1st quarter,7:52.0,Allan Houston,NYK,False,2-pointer,0,9-8,'NYK',leads
102,102,102,200211100NYK,47.3,5.7,1st quarter,7:46.0,Howard Eisley,NYK,False,3-pointer,23,9-8,'NYK',leads
103,103,103,200211100NYK,26.6,9.1,1st quarter,7:20.0,Allan Houston,NYK,False,2-pointer,5,9-8,'NYK',leads
104,104,104,200211100NYK,7.9,10.3,1st quarter,6:54.0,Clarence Weatherspoon,NYK,False,2-pointer,17,9-8,'NYK',leads
105,105,105,200211100NYK,23.0,8.1,1st quarter,6:24.0,Kurt Thomas,NYK,True,2-pointer,3,11-8,'NYK',leads
106,106,106,200211100NYK,32.5,24.4,1st quarter,5:46.0,Allan Houston,NYK,True,2-pointer,21,13-10,'NYK',leads
107,107,107,200211100NYK,24.0,5.0,1st quarter,5:24.0,Allan Houston,NYK,False,2-pointer,0,13-10,'NYK',leads
108,108,108,200211100NYK,24.0,5.0,1st quarter,5:17.0,Shandon Anderson,NYK,False,2-pointer,0,13-10,'NYK',leads
109,109,109,200211100NYK,30.4,5.2,1st quarter,5:13.0,Shandon Anderson,NYK,True,2-pointer,6,15-10,'NYK',leads
110,110,110,200211100NYK,36.6,5.5,1st quarter,4:36.0,Shandon Anderson,NYK,False,2-pointer,13,15-13,'NYK',leads
111,111,111,200211100NYK,23.5,29.5,1st quarter,4:09.0,Allan Houston,NYK,False,3-pointer,25,15-13,'NYK',leads
112,112,112,200211100NYK,32.7,30.2,1st quarter,3:40.0,Howard Eisley,NYK,True,3-pointer,27,18-13,'NYK',leads
113,113,113,200211100NYK,24.6,8.3,1st quarter,3:01.0,Kurt Thomas,NYK,True,2-pointer,3,20-13,'NYK',leads
114,114,114,200211100NYK,35.3,6.8,1st quarter,2:28.0,Kurt Thomas,NYK,True,2-pointer,11,22-15,'NYK',leads
115,115,115,200211100NYK,34.0,24.1,1st quarter,1:55.0,Allan Houston,NYK,False,2-pointer,22,22-17,'NYK',leads
116,116,116,200211100NYK,24.0,5.0,1st quarter,1:17.0,Shandon Anderson,NYK,False,2-pointer,0,22-17,'NYK',leads
117,117,117,200211100NYK,25.8,20.1,1st quarter,0:27.8,Kurt Thomas,NYK,False,2-pointer,15,24-17,'NYK',leads
118,118,118,200211100NYK,20.6,7.8,2nd quarter,11:13.0,Lee Nailon,NYK,True,2-pointer,4,26-19,'NYK',leads
119,119,119,200211100NYK,24.0,5.0,2nd quarter,10:54.0,Shandon Anderson,NYK,False,2-pointer,0,26-19,'NYK',leads
120,120,120,200211100NYK,24.0,5.0,2nd quarter,10:52.0,Kurt Thomas,NYK,True,2-pointer,0,28-19,'NYK',leads
121,121,121,200211100NYK,27.8,8.1,2nd quarter,10:11.0,Lee Nailon,NYK,False,2-pointer,5,28-19,'NYK',leads
122,122,122,200211100NYK,24.0,5.0,2nd quarter,10:02.0,Othella Harrington,NYK,True,2-pointer,0,30-19,'NYK',leads
123,123,123,200211100NYK,7.6,12.4,2nd quarter,9:27.0,Othella Harrington,NYK,False,2-pointer,18,30-21,'NYK',leads
124,124,124,200211100NYK,24.0,5.0,2nd quarter,7:18.0,Othella Harrington,NYK,True,2-pointer,0,32-23,'NYK',leads
125,125,125,200211100NYK,36.0,19.0,2nd quarter,6:02.0,Allan Houston,NYK,True,2-pointer,18,35-25,'NYK',leads
126,126,126,200211100NYK,8.1,12.1,2nd quarter,5:33.0,Allan Houston,NYK,False,2-pointer,17,35-25,'NYK',leads
127,127,127,200211100NYK,35.3,17.3,2nd quarter,4:59.0,Allan Houston,NYK,False,2-pointer,17,35-25,'NYK',leads
128,128,128,200211100NYK,21.9,19.3,2nd quarter,3:34.0,Allan Houston,NYK,True,2-pointer,14,37-30,'NYK',leads
129,129,129,200211100NYK,11.5,5.8,2nd quarter,3:00.0,Allan Houston,NYK,True,2-pointer,13,39-32,'NYK',leads
130,130,130,200211100NYK,12.3,8.1,2nd quarter,2:14.0,Allan Houston,NYK,True,2-pointer,12,41-35,'NYK',leads
131,131,131,200211100NYK,10.4,13.9,2nd quarter,1:42.0,Allan Houston,NYK,False,2-pointer,16,42-37,'NYK',leads
132,132,132,200211100NYK,24.0,5.0,2nd quarter,1:40.0,Kurt Thomas,NYK,False,2-pointer,0,42-37,'NYK',leads
133,133,133,200211100NYK,24.0,5.0,2nd quarter,1:38.0,Kurt Thomas,NYK,True,2-pointer,0,44-37,'NYK',leads
134,134,134,200211100NYK,24.0,5.0,2nd quarter,1:03.0,Howard Eisley,NYK,True,2-pointer,0,46-37,'NYK',leads
135,135,135,200211100NYK,24.0,5.0,2nd quarter,0:34.8,Shandon Anderson,NYK,True,2-pointer,0,49-39,'NYK',leads
136,136,136,200211100NYK,36.5,11.6,3rd quarter,10:51.0,Kurt Thomas,NYK,True,2-pointer,14,54-40,'NYK',leads
137,137,137,200211100NYK,47.3,8.5,3rd quarter,10:10.0,Allan Houston,NYK,False,3-pointer,24,54-42,'NYK',leads
138,138,138,200211100NYK,25.3,33.1,3rd quarter,9:41.0,Howard Eisley,NYK,False,3-pointer,28,54-45,'NYK',leads
139,139,139,200211100NYK,34.2,6.2,3rd quarter,9:03.0,Kurt Thomas,NYK,False,2-pointer,10,54-47,'NYK',leads
140,140,140,200211100NYK,24.0,5.0,3rd quarter,9:01.0,Clarence Weatherspoon,NYK,False,2-pointer,0,54-47,'NYK',leads
141,141,141,200211100NYK,24.0,5.0,3rd quarter,8:57.0,Kurt Thomas,NYK,False,2-pointer,0,54-47,'NYK',leads
142,142,142,200211100NYK,48.1,3.6,3rd quarter,8:20.0,Shandon Anderson,NYK,False,3-pointer,24,56-49,'NYK',leads
143,143,143,200211100NYK,24.0,5.0,3rd quarter,8:16.0,Shandon Anderson,NYK,False,2-pointer,0,56-49,'NYK',leads
144,144,144,200211100NYK,24.0,5.0,3rd quarter,8:15.0,Clarence Weatherspoon,NYK,False,2-pointer,0,56-49,'NYK',leads
145,145,145,200211100NYK,47.0,5.0,3rd quarter,7:43.0,Allan Houston,NYK,True,3-pointer,23,59-49,'NYK',leads
146,146,146,200211100NYK,24.0,5.0,3rd quarter,7:06.0,Kurt Thomas,NYK,False,2-pointer,0,59-49,'NYK',leads
147,147,147,200211100NYK,38.4,7.2,3rd quarter,6:34.0,Allan Houston,NYK,True,2-pointer,15,61-51,'NYK',leads
148,148,148,200211100NYK,24.0,5.0,3rd quarter,5:59.0,Howard Eisley,NYK,True,2-pointer,0,63-51,'NYK',leads
149,149,149,200211100NYK,11.2,13.4,3rd quarter,5:20.0,Kurt Thomas,NYK,False,2-pointer,15,64-53,'NYK',leads
150,150,150,200211100NYK,37.3,28.3,3rd quarter,4:49.0,Howard Eisley,NYK,False,3-pointer,27,64-55,'NYK',leads
151,151,151,200211100NYK,17.6,12.1,3rd quarter,4:14.0,Kurt Thomas,NYK,False,2-pointer,10,64-55,'NYK',leads
152,152,152,200211100NYK,24.0,5.0,3rd quarter,4:12.0,Clarence Weatherspoon,NYK,False,2-pointer,0,64-55,'NYK',leads
153,153,153,200211100NYK,24.0,5.0,3rd quarter,4:00.0,Shandon Anderson,NYK,False,2-pointer,0,64-55,'NYK',leads
154,154,154,200211100NYK,24.0,5.0,3rd quarter,3:56.0,Howard Eisley,NYK,False,2-pointer,0,64-55,'NYK',leads
155,155,155,200211100NYK,11.2,9.8,3rd quarter,3:49.0,Shandon Anderson,NYK,True,2-pointer,14,66-55,'NYK',leads
156,156,156,200211100NYK,37.6,17.5,3rd quarter,3:06.0,Shandon Anderson,NYK,False,2-pointer,18,66-57,'NYK',leads
157,157,157,200211100NYK,6.9,20.8,3rd quarter,2:09.0,Allan Houston,NYK,True,2-pointer,23,68-57,'NYK',leads
158,158,158,200211100NYK,24.0,5.0,3rd quarter,0:35.3,Lee Nailon,NYK,True,2-pointer,0,71-59,'NYK',leads
159,159,159,200211100NYK,24.0,5.0,4th quarter,11:32.0,Lee Nailon,NYK,False,2-pointer,0,71-62,'NYK',leads
160,160,160,200211100NYK,24.0,5.0,4th quarter,11:31.0,Lee Nailon,NYK,False,2-pointer,0,71-62,'NYK',leads
161,161,161,200211100NYK,24.0,5.0,4th quarter,11:29.0,Kurt Thomas,NYK,False,2-pointer,0,71-62,'NYK',leads
162,162,162,200211100NYK,24.0,5.0,4th quarter,11:26.0,Lee Nailon,NYK,False,2-pointer,0,71-62,'NYK',leads
163,163,163,200211100NYK,24.0,5.0,4th quarter,11:23.0,Kurt Thomas,NYK,False,2-pointer,0,71-62,'NYK',leads
164,164,164,200211100NYK,30.1,18.5,4th quarter,10:22.0,Kurt Thomas,NYK,False,2-pointer,15,71-64,'NYK',leads
165,165,165,200211100NYK,17.8,4.4,4th quarter,10:18.0,Lee Nailon,NYK,False,2-pointer,6,71-64,'NYK',leads
166,166,166,200211100NYK,12.2,5.7,4th quarter,9:47.0,Allan Houston,NYK,True,2-pointer,12,73-64,'NYK',leads
167,167,167,200211100NYK,6.4,9.5,4th quarter,8:46.0,Lee Nailon,NYK,True,2-pointer,18,75-66,'NYK',leads
168,168,168,200211100NYK,24.0,5.0,4th quarter,8:00.0,Allan Houston,NYK,False,2-pointer,0,75-68,'NYK',leads
169,169,169,200211100NYK,33.2,8.5,4th quarter,7:56.0,Shandon Anderson,NYK,False,2-pointer,10,75-68,'NYK',leads
170,170,170,200211100NYK,12.0,15.7,4th quarter,5:21.0,Howard Eisley,NYK,False,2-pointer,16,77-74,'NYK',leads
171,171,171,200211100NYK,10.0,13.6,4th quarter,4:05.0,Allan Houston,NYK,False,2-pointer,16,77-77,'NYK',tied
172,172,172,200211100NYK,8.7,4.5,4th quarter,3:25.0,Kurt Thomas,NYK,False,2-pointer,15,77-77,'NYK',tied
173,173,173,200211100NYK,34.3,6.0,4th quarter,2:42.0,Lee Nailon,NYK,False,2-pointer,10,77-77,'NYK',tied
174,174,174,200211100NYK,35.8,7.0,4th quarter,2:09.0,Allan Houston,NYK,True,2-pointer,12,79-79,'NYK',tied
175,175,175,200211100NYK,19.4,9.1,4th quarter,1:30.0,Lee Nailon,NYK,True,2-pointer,6,81-79,'NYK',leads
176,176,176,200211100NYK,36.1,10.1,4th quarter,0:50.1,Lee Nailon,NYK,True,2-pointer,13,83-79,'NYK',leads
177,177,177,200211100NYK,9.9,2.9,4th quarter,0:22.4,Allan Houston,NYK,False,2-pointer,14,83-80,'NYK',leads
178,178,178,200211100NYK,47.6,10.8,1st overtime,4:25.0,Allan Houston,NYK,True,3-pointer,24,86-83,'NYK',leads
179,179,179,200211100NYK,26.3,9.1,1st overtime,3:38.0,Lee Nailon,NYK,True,2-pointer,5,88-85,'NYK',leads
180,180,180,200211100NYK,24.0,5.0,1st overtime,3:06.0,Allan Houston,NYK,False,2-pointer,0,89-85,'NYK',leads
181,181,181,200211100NYK,4.0,3.9,1st overtime,1:43.0,Allan Houston,NYK,False,2-pointer,20,91-90,'NYK',leads
182,182,182,200211100NYK,7.7,9.0,1st overtime,1:16.0,Allan Houston,NYK,False,2-pointer,17,91-92,'NYK',trails
183,183,183,200211100NYK,10.5,27.4,1st overtime,0:31.6,Allan Houston,NYK,False,3-pointer,26,91-96,'NYK',trails
184,184,184,200211100NYK,11.7,26.9,1st overtime,0:13.8,Shandon Anderson,NYK,False,3-pointer,25,91-97,'NYK',trails
185,185,185,200211100ORL,6.9,3.4,1st quarter,11:02.0,Andre Miller,LAC,False,2-pointer,17,1-2,'ORL',trails
186,186,186,200211100ORL,10.2,24.2,1st quarter,9:52.0,Eric Piatkowski,LAC,True,2-pointer,24,3-7,'ORL',trails
187,187,187,200211100ORL,38.8,9.6,1st quarter,9:28.0,Elton Brand,LAC,False,2-pointer,16,3-7,'ORL',trails
188,188,188,200211100ORL,30.2,19.8,1st quarter,8:57.0,Andre Miller,LAC,False,2-pointer,16,3-9,'ORL',trails
189,189,189,200211100ORL,33.2,5.0,1st quarter,8:18.0,Andre Miller,LAC,False,2-pointer,9,3-11,'ORL',trails
190,190,190,200211100ORL,24.0,5.0,1st quarter,7:33.0,Michael Olowokandi,LAC,True,2-pointer,0,5-13,'ORL',trails
191,191,191,200211100ORL,35.3,4.1,1st quarter,6:04.0,Michael Olowokandi,LAC,False,2-pointer,11,7-17,'ORL',trails
192,192,192,200211100ORL,24.0,5.0,1st quarter,6:02.0,Andre Miller,LAC,True,2-pointer,0,9-17,'ORL',trails
193,193,193,200211100ORL,3.6,18.5,1st quarter,5:24.0,Andre Miller,LAC,False,3-pointer,24,9-19,'ORL',trails
194,194,194,200211100ORL,27.8,9.3,1st quarter,4:52.0,Michael Olowokandi,LAC,True,2-pointer,6,11-21,'ORL',trails
195,195,195,200211100ORL,38.0,8.3,1st quarter,4:15.0,Michael Olowokandi,LAC,True,2-pointer,14,13-24,'ORL',trails
196,196,196,200211100ORL,24.0,5.0,1st quarter,3:44.0,Michael Olowokandi,LAC,True,2-pointer,0,15-24,'ORL',trails
197,197,197,200211100ORL,15.8,10.3,1st quarter,3:14.0,Andre Miller,LAC,False,2-pointer,10,15-27,'ORL',trails
198,198,198,200211100ORL,32.2,5.0,1st quarter,2:14.0,Michael Olowokandi,LAC,True,2-pointer,8,19-29,'ORL',trails
199,199,199,200211100ORL,24.0,5.0,1st quarter,1:37.0,Andre Miller,LAC,True,2-pointer,0,21-29,'ORL',trails
200,200,200,200211100ORL,31.7,5.3,1st quarter,0:34.3,Michael Olowokandi,LAC,False,2-pointer,8,23-31,'ORL',trails
201,201,201,200211100ORL,24.0,5.0,1st quarter,0:14.6,Andre Miller,LAC,True,2-pointer,0,25-31,'ORL',trails
202,202,202,200211100ORL,27.1,19.1,2nd quarter,10:59.0,Andre Miller,LAC,True,2-pointer,14,27-35,'ORL',trails
203,203,203,200211100ORL,28.6,14.7,2nd quarter,10:29.0,Andre Miller,LAC,True,2-pointer,11,29-35,'ORL',trails
204,204,204,200211100ORL,23.0,10.4,2nd quarter,10:06.0,Andre Miller,LAC,False,2-pointer,5,29-38,'ORL',trails
205,205,205,200211100ORL,24.0,5.0,2nd quarter,10:03.0,Michael Olowokandi,LAC,True,2-pointer,0,31-38,'ORL',trails
206,206,206,200211100ORL,15.1,5.0,2nd quarter,9:38.0,Michael Olowokandi,LAC,False,2-pointer,9,31-40,'ORL',trails
207,207,207,200211100ORL,24.0,5.0,2nd quarter,8:37.0,Andre Miller,LAC,True,2-pointer,0,37-42,'ORL',trails
208,208,208,200211100ORL,8.2,18.7,2nd quarter,8:08.0,Sean Rooks,LAC,True,2-pointer,21,39-42,'ORL',trails
209,209,209,200211100ORL,24.0,5.0,2nd quarter,7:45.0,Elton Brand,LAC,True,2-pointer,0,41-43,'ORL',trails
210,210,210,200211100ORL,24.0,5.0,2nd quarter,7:19.0,Keyon Dooling,LAC,False,2-pointer,0,41-43,'ORL',trails
211,211,211,200211100ORL,7.9,11.9,2nd quarter,7:00.0,Sean Rooks,LAC,True,2-pointer,18,43-43,'ORL',tied
212,212,212,200211100ORL,24.0,5.0,2nd quarter,6:27.0,Michael Olowokandi,LAC,True,2-pointer,0,45-45,'ORL',tied
213,213,213,200211100ORL,38.8,16.4,2nd quarter,5:46.0,Keyon Dooling,LAC,True,2-pointer,19,47-47,'ORL',tied
214,214,214,200211100ORL,24.0,5.0,2nd quarter,5:32.0,Corey Maggette,LAC,True,2-pointer,0,49-47,'ORL',leads
215,215,215,200211100ORL,3.3,9.0,2nd quarter,5:05.0,Marko Jarić,LAC,False,2-pointer,21,49-47,'ORL',leads
216,216,216,200211100ORL,32.9,4.4,2nd quarter,4:06.0,Michael Olowokandi,LAC,True,2-pointer,9,51-49,'ORL',leads
217,217,217,200211100ORL,24.0,5.0,2nd quarter,3:41.0,Corey Maggette,LAC,True,2-pointer,0,53-51,'ORL',leads
218,218,218,200211100ORL,17.8,20.5,2nd quarter,2:35.0,Sean Rooks,LAC,False,2-pointer,17,53-55,'ORL',trails
219,219,219,200211100ORL,41.4,4.1,2nd quarter,2:05.0,Keyon Dooling,LAC,True,2-pointer,17,55-58,'ORL',trails
220,220,220,200211100ORL,16.8,7.3,2nd quarter,1:38.0,Elton Brand,LAC,False,2-pointer,8,55-60,'ORL',trails
221,221,221,200211100ORL,16.0,8.5,2nd quarter,1:22.0,Andre Miller,LAC,True,2-pointer,9,57-60,'ORL',trails
222,222,222,200211100ORL,24.0,5.0,2nd quarter,0:13.2,Elton Brand,LAC,False,2-pointer,0,57-62,'ORL',trails
223,223,223,200211100ORL,1.2,2.6,3rd quarter,10:56.0,Eric Piatkowski,LAC,False,3-pointer,23,57-65,'ORL',trails
224,224,224,200211100ORL,24.0,5.0,3rd quarter,10:52.0,Michael Olowokandi,LAC,True,2-pointer,0,59-65,'ORL',trails
225,225,225,200211100ORL,25.3,15.9,3rd quarter,10:17.0,Corey Maggette,LAC,False,2-pointer,11,59-67,'ORL',trails
226,226,226,200211100ORL,24.0,5.0,3rd quarter,10:15.0,Elton Brand,LAC,True,2-pointer,0,61-67,'ORL',trails
227,227,227,200211100ORL,24.0,5.0,3rd quarter,9:44.0,Eric Piatkowski,LAC,True,2-pointer,0,65-69,'ORL',trails
228,228,228,200211100ORL,2.6,16.8,3rd quarter,9:27.0,Corey Maggette,LAC,False,3-pointer,24,65-69,'ORL',trails
229,229,229,200211100ORL,9.7,24.9,3rd quarter,8:40.0,Eric Piatkowski,LAC,True,3-pointer,25,68-69,'ORL',trails
230,230,230,200211100ORL,24.0,5.0,3rd quarter,8:24.0,Corey Maggette,LAC,True,2-pointer,0,70-69,'ORL',leads
231,231,231,200211100ORL,35.2,3.9,3rd quarter,7:58.0,Michael Olowokandi,LAC,True,2-pointer,11,72-70,'ORL',leads
232,232,232,200211100ORL,41.2,22.3,3rd quarter,7:28.0,Corey Maggette,LAC,True,3-pointer,24,75-70,'ORL',leads
233,233,233,200211100ORL,40.3,4.9,3rd quarter,6:45.0,Michael Olowokandi,LAC,False,2-pointer,16,75-72,'ORL',leads
234,234,234,200211100ORL,31.9,17.2,3rd quarter,6:19.0,Andre Miller,LAC,False,2-pointer,15,75-74,'ORL',leads
235,235,235,200211100ORL,15.3,5.0,3rd quarter,5:37.0,Elton Brand,LAC,True,2-pointer,9,77-76,'ORL',leads
236,236,236,200211100ORL,24.0,5.0,3rd quarter,4:50.0,Elton Brand,LAC,True,2-pointer,0,81-76,'ORL',leads
237,237,237,200211100ORL,12.7,3.2,3rd quarter,3:45.0,Elton Brand,LAC,False,2-pointer,11,81-78,'ORL',leads
238,238,238,200211100ORL,46.3,3.6,3rd quarter,2:30.0,Eric Piatkowski,LAC,True,3-pointer,22,85-78,'ORL',leads
239,239,239,200211100ORL,24.0,5.0,3rd quarter,1:53.0,Eric Piatkowski,LAC,True,2-pointer,0,87-80,'ORL',leads
240,240,240,200211100ORL,5.8,2.6,3rd quarter,0:53.3,Eric Piatkowski,LAC,True,2-pointer,18,90-82,'ORL',leads
241,241,241,200211100ORL,37.8,21.9,3rd quarter,0:25.2,Keyon Dooling,LAC,False,2-pointer,22,90-84,'ORL',leads
242,242,242,200211100ORL,24.0,5.0,4th quarter,11:22.0,Eric Piatkowski,LAC,True,2-pointer,0,92-84,'ORL',leads
243,243,243,200211100ORL,40.9,9.0,4th quarter,10:48.0,Keyon Dooling,LAC,False,2-pointer,17,92-84,'ORL',leads
244,244,244,200211100ORL,24.0,5.0,4th quarter,10:45.0,Elton Brand,LAC,False,2-pointer,0,92-84,'ORL',leads
245,245,245,200211100ORL,39.6,11.8,4th quarter,9:57.0,Sean Rooks,LAC,False,2-pointer,17,94-86,'ORL',leads
246,246,246,200211100ORL,43.2,14.5,4th quarter,9:19.0,Marko Jarić,LAC,False,2-pointer,21,94-88,'ORL',leads
247,247,247,200211100ORL,39.6,15.7,4th quarter,8:45.0,Andre Miller,LAC,False,2-pointer,19,94-90,'ORL',leads
248,248,248,200211100ORL,16.3,3.1,4th quarter,8:13.0,Andre Miller,LAC,False,2-pointer,8,94-93,'ORL',leads
249,249,249,200211100ORL,39.6,11.9,4th quarter,7:43.0,Andre Miller,LAC,True,2-pointer,17,96-95,'ORL',leads
250,250,250,200211100ORL,24.0,5.0,4th quarter,7:02.0,Andre Miller,LAC,True,2-pointer,0,98-97,'ORL',leads
251,251,251,200211100ORL,30.6,11.9,4th quarter,5:56.0,Keyon Dooling,LAC,False,2-pointer,10,100-100,'ORL',tied
252,252,252,200211100ORL,24.0,5.0,4th quarter,5:44.0,Corey Maggette,LAC,True,2-pointer,0,102-101,'ORL',leads
253,253,253,200211100ORL,24.0,5.0,4th quarter,5:10.0,Corey Maggette,LAC,False,2-pointer,0,102-103,'ORL',trails
254,254,254,200211100ORL,24.0,5.0,4th quarter,5:08.0,Elton Brand,LAC,True,2-pointer,0,104-103,'ORL',leads
255,255,255,200211100ORL,27.1,10.6,4th quarter,4:38.0,Elton Brand,LAC,True,2-pointer,6,106-105,'ORL',leads
256,256,256,200211100ORL,24.6,8.1,4th quarter,3:17.0,Andre Miller,LAC,False,2-pointer,3,106-111,'ORL',trails
257,257,257,200211100ORL,1.0,2.7,4th quarter,2:51.0,Eric Piatkowski,LAC,True,3-pointer,23,109-113,'ORL',trails
258,258,258,200211100ORL,41.2,4.4,4th quarter,1:39.0,Corey Maggette,LAC,True,2-pointer,17,113-115,'ORL',trails
259,259,259,200211100ORL,23.0,9.6,4th quarter,0:58.8,Corey Maggette,LAC,False,2-pointer,5,113-115,'ORL',trails
260,260,260,200211100ORL,36.0,12.2,1st quarter,11:25.0,Grant Hill,ORL,True,2-pointer,14,2-1,'ORL',leads
261,261,261,200211100ORL,21.1,29.0,1st quarter,10:54.0,Pat Garrity,ORL,True,3-pointer,24,5-1,'ORL',leads
262,262,262,200211100ORL,7.1,9.0,1st quarter,10:16.0,Tracy McGrady,ORL,True,2-pointer,17,7-1,'ORL',leads
263,263,263,200211100ORL,28.6,27.4,1st quarter,9:40.0,Pat Burke,ORL,False,2-pointer,23,7-3,'ORL',leads
264,264,264,200211100ORL,12.8,5.0,1st quarter,9:20.0,Darrell Armstrong,ORL,True,2-pointer,11,9-3,'ORL',leads
265,265,265,200211100ORL,24.0,5.0,1st quarter,8:42.0,Pat Burke,ORL,False,2-pointer,0,9-3,'ORL',leads
266,266,266,200211100ORL,24.0,5.0,1st quarter,8:41.0,Grant Hill,ORL,False,2-pointer,0,9-3,'ORL',leads
267,267,267,200211100ORL,24.0,5.0,1st quarter,8:39.0,Grant Hill,ORL,True,2-pointer,0,11-3,'ORL',leads
268,268,268,200211100ORL,24.0,5.0,1st quarter,7:49.0,Tracy McGrady,ORL,True,2-pointer,0,13-3,'ORL',leads
269,269,269,200211100ORL,41.7,4.1,1st quarter,7:18.0,Tracy McGrady,ORL,True,2-pointer,18,15-5,'ORL',leads
270,270,270,200211100ORL,37.5,25.4,1st quarter,6:49.0,Tracy McGrady,ORL,False,3-pointer,24,15-7,'ORL',leads
271,271,271,200211100ORL,24.0,5.0,1st quarter,6:29.0,Tracy McGrady,ORL,True,2-pointer,0,17-7,'ORL',leads
272,272,272,200211100ORL,41.9,23.4,1st quarter,5:41.0,Pat Garrity,ORL,False,3-pointer,26,17-9,'ORL',leads
273,273,273,200211100ORL,24.0,5.0,1st quarter,5:39.0,Grant Hill,ORL,True,2-pointer,0,19-9,'ORL',leads
274,274,274,200211100ORL,41.7,9.9,1st quarter,5:12.0,Tracy McGrady,ORL,True,2-pointer,18,21-9,'ORL',leads
275,275,275,200211100ORL,1.8,3.2,1st quarter,4:41.0,Tracy McGrady,ORL,True,3-pointer,22,24-11,'ORL',leads
276,276,276,200211100ORL,30.6,17.7,1st quarter,4:01.0,Pat Garrity,ORL,False,2-pointer,14,24-13,'ORL',leads
277,277,277,200211100ORL,13.3,17.5,1st quarter,3:33.0,Tracy McGrady,ORL,True,2-pointer,16,26-15,'ORL',leads
278,278,278,200211100ORL,39.9,3.6,1st quarter,2:58.0,Tracy McGrady,ORL,False,2-pointer,16,27-15,'ORL',leads
279,279,279,200211100ORL,26.3,22.1,1st quarter,2:27.0,Mike Miller,ORL,True,2-pointer,17,29-17,'ORL',leads
280,280,280,200211100ORL,9.7,25.4,1st quarter,1:55.0,Mike Miller,ORL,False,3-pointer,25,29-19,'ORL',leads
281,281,281,200211100ORL,5.8,19.1,1st quarter,1:26.0,Pat Garrity,ORL,False,2-pointer,23,29-21,'ORL',leads
282,282,282,200211100ORL,28.1,23.9,1st quarter,0:50.3,Jacque Vaughn,ORL,False,2-pointer,19,29-23,'ORL',leads
283,283,283,200211100ORL,6.1,17.8,1st quarter,0:45.6,Mike Miller,ORL,True,2-pointer,22,31-23,'ORL',leads
284,284,284,200211100ORL,40.1,24.4,1st quarter,0:03.0,Tracy McGrady,ORL,False,3-pointer,25,31-25,'ORL',leads
285,285,285,200211100ORL,21.5,24.1,2nd quarter,11:45.0,Mike Miller,ORL,True,2-pointer,19,33-25,'ORL',leads
286,286,286,200211100ORL,24.0,5.0,2nd quarter,11:15.0,Grant Hill,ORL,True,2-pointer,0,35-25,'ORL',leads
287,287,287,200211100ORL,41.9,23.1,2nd quarter,10:39.0,Mike Miller,ORL,False,3-pointer,25,35-27,'ORL',leads
288,288,288,200211100ORL,20.9,9.5,2nd quarter,10:23.0,Jacque Vaughn,ORL,True,2-pointer,5,37-29,'ORL',leads
289,289,289,200211100ORL,24.0,5.0,2nd quarter,9:51.0,Grant Hill,ORL,True,2-pointer,0,40-31,'ORL',leads
290,290,290,200211100ORL,24.0,5.0,2nd quarter,9:25.0,Mike Miller,ORL,True,2-pointer,0,42-33,'ORL',leads
291,291,291,200211100ORL,1.2,4.9,2nd quarter,8:51.0,Mike Miller,ORL,False,3-pointer,23,42-35,'ORL',leads
292,292,292,200211100ORL,6.8,4.4,2nd quarter,8:43.0,Shawn Kemp,ORL,False,2-pointer,17,42-35,'ORL',leads
293,293,293,200211100ORL,6.6,3.6,2nd quarter,6:08.0,Tracy McGrady,ORL,True,2-pointer,17,47-45,'ORL',leads
294,294,294,200211100ORL,0.8,5.7,2nd quarter,5:18.0,Darrell Armstrong,ORL,False,3-pointer,23,47-49,'ORL',trails
295,295,295,200211100ORL,4.9,2.7,2nd quarter,4:53.0,Pat Garrity,ORL,False,2-pointer,19,47-49,'ORL',trails
296,296,296,200211100ORL,23.0,29.5,2nd quarter,4:48.0,Tracy McGrady,ORL,False,3-pointer,25,47-49,'ORL',trails
297,297,297,200211100ORL,24.0,5.0,2nd quarter,4:29.0,Grant Hill,ORL,True,2-pointer,0,49-49,'ORL',tied
298,298,298,200211100ORL,40.7,22.8,2nd quarter,3:23.0,Mike Miller,ORL,False,3-pointer,24,51-53,'ORL',trails
299,299,299,200211100ORL,24.0,5.0,2nd quarter,2:50.0,Pat Burke,ORL,True,2-pointer,0,55-53,'ORL',leads
300,300,300,200211100ORL,4.1,20.5,2nd quarter,2:24.0,Mike Miller,ORL,True,3-pointer,25,58-53,'ORL',leads
301,301,301,200211100ORL,24.0,5.0,2nd quarter,1:29.0,Pat Burke,ORL,False,2-pointer,0,60-55,'ORL',leads
302,302,302,200211100ORL,20.9,23.6,2nd quarter,1:04.0,Mike Miller,ORL,True,2-pointer,19,62-57,'ORL',leads
303,303,303,200211100ORL,39.3,24.2,2nd quarter,0:33.3,Mike Miller,ORL,False,3-pointer,25,62-57,'ORL',leads
304,304,304,200211100ORL,4.1,19.0,3rd quarter,11:47.0,Pat Garrity,ORL,True,3-pointer,24,65-57,'ORL',leads
305,305,305,200211100ORL,42.9,20.3,3rd quarter,11:05.0,Darrell Armstrong,ORL,False,3-pointer,24,65-57,'ORL',leads
306,306,306,200211100ORL,15.6,7.6,3rd quarter,10:40.0,Tracy McGrady,ORL,False,2-pointer,9,65-59,'ORL',leads
307,307,307,200211100ORL,24.0,5.0,3rd quarter,10:37.0,Tracy McGrady,ORL,True,2-pointer,0,67-59,'ORL',leads
308,308,308,200211100ORL,5.8,10.3,3rd quarter,9:00.0,Tracy McGrady,ORL,False,2-pointer,19,69-65,'ORL',leads
309,309,309,200211100ORL,24.0,5.0,3rd quarter,8:29.0,Grant Hill,ORL,False,2-pointer,0,69-68,'ORL',leads
310,310,310,200211100ORL,24.0,5.0,3rd quarter,8:28.0,Pat Burke,ORL,False,2-pointer,0,69-68,'ORL',leads
311,311,311,200211100ORL,41.2,21.9,3rd quarter,7:42.0,Darrell Armstrong,ORL,False,3-pointer,24,70-72,'ORL',trails
312,312,312,200211100ORL,41.2,13.1,3rd quarter,7:09.0,Tracy McGrady,ORL,True,2-pointer,19,72-75,'ORL',trails
313,313,313,200211100ORL,24.0,5.0,3rd quarter,6:38.0,Grant Hill,ORL,True,2-pointer,0,74-75,'ORL',trails
314,314,314,200211100ORL,24.5,14.2,3rd quarter,6:10.0,Darrell Armstrong,ORL,False,2-pointer,9,74-75,'ORL',trails
315,315,315,200211100ORL,24.0,5.0,3rd quarter,6:04.0,Darrell Armstrong,ORL,False,2-pointer,0,74-75,'ORL',trails
316,316,316,200211100ORL,43.4,19.3,3rd quarter,4:54.0,Darrell Armstrong,ORL,False,3-pointer,24,76-79,'ORL',trails
317,317,317,200211100ORL,42.6,9.8,3rd quarter,4:32.0,Pat Burke,ORL,True,2-pointer,19,78-81,'ORL',trails
318,318,318,200211100ORL,39.1,3.1,3rd quarter,3:37.0,Mike Miller,ORL,False,2-pointer,15,78-81,'ORL',trails
319,319,319,200211100ORL,12.8,22.9,3rd quarter,3:15.0,Pat Burke,ORL,False,2-pointer,21,78-81,'ORL',trails
320,320,320,200211100ORL,24.0,5.0,3rd quarter,2:40.0,Mike Miller,ORL,False,2-pointer,0,78-82,'ORL',trails
321,321,321,200211100ORL,36.6,17.0,3rd quarter,2:13.0,Tracy McGrady,ORL,True,2-pointer,17,80-85,'ORL',trails
322,322,322,200211100ORL,7.4,22.9,3rd quarter,1:31.0,Tracy McGrady,ORL,False,3-pointer,24,80-88,'ORL',trails
323,323,323,200211100ORL,24.8,8.1,3rd quarter,1:10.0,Ryan Humphrey,ORL,False,2-pointer,3,80-88,'ORL',trails
324,324,324,200211100ORL,3.3,18.8,3rd quarter,0:01.1,Mike Miller,ORL,False,3-pointer,25,84-90,'ORL',trails
325,325,325,200211100ORL,45.7,16.8,4th quarter,10:58.0,Pat Garrity,ORL,False,3-pointer,25,84-92,'ORL',trails
326,326,326,200211100ORL,45.5,14.4,4th quarter,10:19.0,Pat Garrity,ORL,True,2-pointer,23,86-94,'ORL',trails
327,327,327,200211100ORL,37.6,24.4,4th quarter,9:43.0,Darrell Armstrong,ORL,True,2-pointer,24,88-94,'ORL',trails
328,328,328,200211100ORL,24.0,5.0,4th quarter,9:13.0,Grant Hill,ORL,True,2-pointer,0,90-94,'ORL',trails
329,329,329,200211100ORL,47.0,2.7,4th quarter,8:32.0,Pat Garrity,ORL,True,3-pointer,23,93-94,'ORL',trails
330,330,330,200211100ORL,24.0,5.0,4th quarter,8:07.0,Tracy McGrady,ORL,True,2-pointer,0,95-94,'ORL',leads
331,331,331,200211100ORL,20.7,11.1,4th quarter,7:26.0,Grant Hill,ORL,True,2-pointer,7,97-96,'ORL',leads
332,332,332,200211100ORL,44.4,19.1,4th quarter,6:44.0,Darrell Armstrong,ORL,False,3-pointer,25,97-98,'ORL',trails
333,333,333,200211100ORL,16.3,27.9,4th quarter,6:32.0,Tracy McGrady,ORL,False,3-pointer,24,97-98,'ORL',trails
334,334,334,200211100ORL,11.0,25.7,4th quarter,6:15.0,Mike Miller,ORL,True,3-pointer,24,100-100,'ORL',tied
335,335,335,200211100ORL,37.0,26.2,4th quarter,4:10.0,Darrell Armstrong,ORL,True,3-pointer,25,109-106,'ORL',leads
336,336,336,200211100ORL,24.0,5.0,4th quarter,3:39.0,Darrell Armstrong,ORL,True,2-pointer,0,111-106,'ORL',leads
337,337,337,200211100ORL,27.1,8.0,4th quarter,2:01.0,Mike Miller,ORL,False,2-pointer,4,115-111,'ORL',leads
338,338,338,200211100ORL,44.2,18.0,4th quarter,1:20.0,Mike Miller,ORL,False,3-pointer,24,115-113,'ORL',leads
339,339,339,200211100ORL,46.8,4.2,4th quarter,0:41.9,Darrell Armstrong,ORL,False,3-pointer,23,115-115,'ORL',tied
340,340,340,200211100ORL,0.5,3.6,4th quarter,0:20.4,Pat Garrity,ORL,False,3-pointer,24,115-117,'ORL',trails
341,341,341,200211100ORL,24.0,5.0,4th quarter,0:10.8,Darrell Armstrong,ORL,False,2-pointer,0,115-120,'ORL',trails
342,342,342,200211100ORL,20.7,29.0,4th quarter,0:05.4,Tracy McGrady,ORL,False,3-pointer,24,115-120,'ORL',trails
343,343,343,200211100ORL,24.0,5.0,4th quarter,0:03.4,Mike Miller,ORL,False,2-pointer,0,115-120,'ORL',trails
344,344,344,200211100ORL,12.8,9.5,4th quarter,0:00.0,Grant Hill,ORL,True,2-pointer,12,117-120,'ORL',trails
345,345,345,200211100SAC,23.7,11.8,1st quarter,11:41.0,Ira Newble,ATL,False,2-pointer,7,0-0,'SAC',tied
346,346,346,200211100SAC,24.0,5.0,1st quarter,11:39.0,Theo Ratliff,ATL,False,2-pointer,0,0-0,'SAC',tied
347,347,347,200211100SAC,29.7,5.7,1st quarter,11:08.0,Shareef Abdur-Rahim,ATL,False,2-pointer,6,0-2,'SAC',trails
348,348,348,200211100SAC,24.0,5.0,1st quarter,11:06.0,Theo Ratliff,ATL,False,2-pointer,0,0-2,'SAC',trails
349,349,349,200211100SAC,24.0,5.0,1st quarter,11:05.0,Theo Ratliff,ATL,True,2-pointer,0,2-2,'SAC',tied
350,350,350,200211100SAC,24.0,5.0,1st quarter,10:40.0,Ira Newble,ATL,True,2-pointer,0,4-2,'SAC',leads
351,351,351,200211100SAC,33.5,6.0,1st quarter,10:07.0,Theo Ratliff,ATL,True,2-pointer,10,6-5,'SAC',leads
352,352,352,200211100SAC,27.3,29.0,1st quarter,9:42.0,Glenn Robinson,ATL,False,3-pointer,24,6-5,'SAC',leads
353,353,353,200211100SAC,36.0,6.2,1st quarter,9:14.0,Theo Ratliff,ATL,False,2-pointer,12,6-7,'SAC',trails
354,354,354,200211100SAC,20.2,5.3,1st quarter,8:50.0,Shareef Abdur-Rahim,ATL,True,2-pointer,4,8-7,'SAC',leads
355,355,355,200211100SAC,23.0,11.4,1st quarter,8:16.0,Shareef Abdur-Rahim,ATL,True,2-pointer,6,10-9,'SAC',leads
356,356,356,200211100SAC,11.4,19.8,1st quarter,6:50.0,Shareef Abdur-Rahim,ATL,False,2-pointer,19,10-16,'SAC',trails
357,357,357,200211100SAC,35.8,21.0,1st quarter,6:30.0,Jason Terry,ATL,True,2-pointer,20,12-16,'SAC',trails
358,358,358,200211100SAC,27.9,29.5,1st quarter,5:52.0,Jason Terry,ATL,False,3-pointer,25,12-18,'SAC',trails
359,359,359,200211100SAC,12.3,5.0,1st quarter,5:08.0,Jason Terry,ATL,True,2-pointer,12,14-20,'SAC',trails
360,360,360,200211100SAC,20.6,20.8,1st quarter,4:34.0,Jason Terry,ATL,False,2-pointer,16,14-20,'SAC',trails
361,361,361,200211100SAC,23.5,14.2,1st quarter,3:34.0,Alan Henderson,ATL,True,2-pointer,9,16-24,'SAC',trails
362,362,362,200211100SAC,24.0,5.0,1st quarter,3:08.0,Dion Glover,ATL,False,2-pointer,0,16-24,'SAC',trails
363,363,363,200211100SAC,24.5,27.5,1st quarter,2:55.0,Ira Newble,ATL,False,2-pointer,23,16-24,'SAC',trails
364,364,364,200211100SAC,31.4,8.0,1st quarter,2:36.0,Dion Glover,ATL,True,2-pointer,8,18-24,'SAC',trails
365,365,365,200211100SAC,33.2,25.2,1st quarter,2:02.0,Dion Glover,ATL,False,2-pointer,22,18-24,'SAC',trails
366,366,366,200211100SAC,8.2,14.2,1st quarter,1:36.0,Shareef Abdur-Rahim,ATL,True,2-pointer,18,20-26,'SAC',trails
367,367,367,200211100SAC,26.1,22.6,1st quarter,1:08.0,Shareef Abdur-Rahim,ATL,False,2-pointer,18,20-28,'SAC',trails
368,368,368,200211100SAC,35.2,27.9,1st quarter,0:05.3,Jason Terry,ATL,False,3-pointer,25,20-28,'SAC',trails
369,369,369,200211100SAC,20.4,10.4,2nd quarter,10:34.0,Alan Henderson,ATL,False,2-pointer,6,24-29,'SAC',trails
370,370,370,200211100SAC,20.7,8.6,2nd quarter,10:31.0,Alan Henderson,ATL,True,2-pointer,5,26-29,'SAC',trails
371,371,371,200211100SAC,24.5,12.1,2nd quarter,9:50.0,Alan Henderson,ATL,False,2-pointer,7,26-31,'SAC',trails
372,372,372,200211100SAC,19.4,6.0,2nd quarter,8:36.0,Dion Glover,ATL,False,2-pointer,5,26-33,'SAC',trails
373,373,373,200211100SAC,24.0,5.0,2nd quarter,8:34.0,Alan Henderson,ATL,True,2-pointer,0,28-33,'SAC',trails
374,374,374,200211100SAC,26.8,11.1,2nd quarter,8:11.0,Glenn Robinson,ATL,False,2-pointer,7,28-35,'SAC',trails
375,375,375,200211100SAC,20.2,10.6,2nd quarter,7:50.0,Shareef Abdur-Rahim,ATL,True,2-pointer,7,30-35,'SAC',trails
376,376,376,200211100SAC,30.7,25.7,2nd quarter,6:45.0,Shareef Abdur-Rahim,ATL,False,2-pointer,22,32-38,'SAC',trails
377,377,377,200211100SAC,34.3,20.6,2nd quarter,6:24.0,Jason Terry,ATL,True,2-pointer,19,34-38,'SAC',trails
378,378,378,200211100SAC,27.6,6.8,2nd quarter,5:59.0,Glenn Robinson,ATL,False,2-pointer,4,34-38,'SAC',trails
379,379,379,200211100SAC,39.3,10.4,2nd quarter,5:56.0,Glenn Robinson,ATL,False,2-pointer,16,34-38,'SAC',trails
380,380,380,200211100SAC,39.4,7.2,2nd quarter,5:43.0,Glenn Robinson,ATL,False,2-pointer,16,34-38,'SAC',trails
381,381,381,200211100SAC,27.6,6.5,2nd quarter,5:11.0,Ira Newble,ATL,True,2-pointer,4,36-38,'SAC',trails
382,382,382,200211100SAC,10.4,5.0,2nd quarter,4:34.0,Glenn Robinson,ATL,False,2-pointer,14,36-40,'SAC',trails
383,383,383,200211100SAC,24.0,5.0,2nd quarter,3:00.0,Ira Newble,ATL,True,2-pointer,0,40-40,'SAC',tied
384,384,384,200211100SAC,9.2,4.5,2nd quarter,2:31.0,Glenn Robinson,ATL,True,2-pointer,15,42-40,'SAC',leads
385,385,385,200211100SAC,37.6,17.8,2nd quarter,1:57.0,Glenn Robinson,ATL,True,2-pointer,19,44-42,'SAC',leads
386,386,386,200211100SAC,7.9,6.0,2nd quarter,1:33.0,Glenn Robinson,ATL,True,2-pointer,16,46-44,'SAC',leads
387,387,387,200211100SAC,6.9,10.4,2nd quarter,0:21.6,Shareef Abdur-Rahim,ATL,False,2-pointer,18,47-48,'SAC',trails
388,388,388,200211100SAC,24.0,5.0,2nd quarter,0:00.0,Amal McCaskill,ATL,False,2-pointer,0,47-48,'SAC',trails
389,389,389,200211100SAC,17.4,22.6,3rd quarter,11:28.0,Theo Ratliff,ATL,False,2-pointer,19,47-50,'SAC',trails
390,390,390,200211100SAC,24.0,5.0,3rd quarter,11:04.0,Shareef Abdur-Rahim,ATL,False,2-pointer,0,47-50,'SAC',trails
391,391,391,200211100SAC,39.8,12.1,3rd quarter,10:41.0,Ira Newble,ATL,False,2-pointer,17,47-52,'SAC',trails
392,392,392,200211100SAC,41.7,8.6,3rd quarter,9:12.0,Theo Ratliff,ATL,False,2-pointer,18,47-54,'SAC',trails
393,393,393,200211100SAC,22.4,9.1,3rd quarter,8:11.0,Theo Ratliff,ATL,False,2-pointer,4,49-56,'SAC',trails
394,394,394,200211100SAC,19.1,8.0,3rd quarter,7:52.0,Theo Ratliff,ATL,False,2-pointer,6,49-56,'SAC',trails
395,395,395,200211100SAC,23.0,11.8,3rd quarter,6:53.0,Shareef Abdur-Rahim,ATL,True,2-pointer,7,51-61,'SAC',trails
396,396,396,200211100SAC,19.7,17.2,3rd quarter,6:30.0,Glenn Robinson,ATL,True,2-pointer,13,53-61,'SAC',trails
397,397,397,200211100SAC,47.8,8.5,3rd quarter,5:48.0,Shareef Abdur-Rahim,ATL,True,3-pointer,24,56-64,'SAC',trails
398,398,398,200211100SAC,1.0,5.8,3rd quarter,5:12.0,Jason Terry,ATL,True,3-pointer,23,59-64,'SAC',trails
399,399,399,200211100SAC,24.0,5.0,3rd quarter,4:38.0,Theo Ratliff,ATL,True,2-pointer,0,61-67,'SAC',trails
400,400,400,200211100SAC,43.2,20.0,3rd quarter,4:09.0,Glenn Robinson,ATL,True,3-pointer,24,64-67,'SAC',trails
401,401,401,200211100SAC,11.2,26.4,3rd quarter,3:31.0,Shareef Abdur-Rahim,ATL,True,3-pointer,25,67-67,'SAC',tied
402,402,402,200211100SAC,24.0,9.9,3rd quarter,3:00.0,Shareef Abdur-Rahim,ATL,False,2-pointer,5,67-69,'SAC',trails
403,403,403,200211100SAC,46.5,8.3,3rd quarter,2:25.0,Jason Terry,ATL,False,3-pointer,23,67-71,'SAC',trails
404,404,404,200211100SAC,18.9,10.4,3rd quarter,1:43.0,Glenn Robinson,ATL,False,2-pointer,7,67-71,'SAC',trails
405,405,405,200211100SAC,24.0,5.0,3rd quarter,1:26.0,Jason Terry,ATL,False,2-pointer,0,67-71,'SAC',trails
406,406,406,200211100SAC,24.0,5.0,3rd quarter,1:24.0,Ira Newble,ATL,True,2-pointer,0,69-71,'SAC',trails
407,407,407,200211100SAC,41.2,9.8,3rd quarter,0:47.7,Ira Newble,ATL,False,2-pointer,18,69-73,'SAC',trails
408,408,408,200211100SAC,13.2,24.1,3rd quarter,0:27.9,Shareef Abdur-Rahim,ATL,True,2-pointer,22,71-75,'SAC',trails
409,409,409,200211100SAC,4.6,5.2,4th quarter,11:39.0,Emanual Davis,ATL,True,2-pointer,19,73-75,'SAC',trails
410,410,410,200211100SAC,19.7,9.9,4th quarter,10:42.0,Emanual Davis,ATL,False,2-pointer,7,73-77,'SAC',trails
411,411,411,200211100SAC,24.0,5.0,4th quarter,9:57.0,Dion Glover,ATL,True,2-pointer,0,75-79,'SAC',trails
412,412,412,200211100SAC,29.1,22.9,4th quarter,9:28.0,Glenn Robinson,ATL,False,2-pointer,19,75-79,'SAC',trails
413,413,413,200211100SAC,24.0,5.0,4th quarter,9:26.0,Theo Ratliff,ATL,True,2-pointer,0,77-79,'SAC',trails
414,414,414,200211100SAC,36.3,9.8,4th quarter,8:01.0,Jason Terry,ATL,False,2-pointer,13,77-86,'SAC',trails
415,415,415,200211100SAC,21.2,27.0,4th quarter,7:31.0,Shareef Abdur-Rahim,ATL,False,2-pointer,22,77-86,'SAC',trails
416,416,416,200211100SAC,24.0,5.0,4th quarter,7:28.0,Dion Glover,ATL,True,2-pointer,0,79-86,'SAC',trails
417,417,417,200211100SAC,39.1,17.2,4th quarter,6:17.0,Dion Glover,ATL,True,2-pointer,19,81-91,'SAC',trails
418,418,418,200211100SAC,31.4,12.2,4th quarter,5:33.0,Jason Terry,ATL,False,2-pointer,10,81-91,'SAC',trails
419,419,419,200211100SAC,47.3,5.0,4th quarter,5:05.0,Dion Glover,ATL,True,3-pointer,23,84-93,'SAC',trails
420,420,420,200211100SAC,24.0,5.0,4th quarter,4:34.0,Theo Ratliff,ATL,True,2-pointer,0,86-93,'SAC',trails
421,421,421,200211100SAC,24.0,5.0,4th quarter,3:41.0,Dion Glover,ATL,False,2-pointer,0,87-93,'SAC',trails
422,422,422,200211100SAC,40.3,13.4,4th quarter,2:57.0,Jason Terry,ATL,False,2-pointer,18,87-95,'SAC',trails
423,423,423,200211100SAC,24.0,5.0,4th quarter,2:39.0,Glenn Robinson,ATL,True,2-pointer,0,89-95,'SAC',trails
424,424,424,200211100SAC,43.5,21.1,4th quarter,2:06.0,Glenn Robinson,ATL,False,3-pointer,25,89-97,'SAC',trails
425,425,425,200211100SAC,8.4,25.6,4th quarter,0:45.4,Glenn Robinson,ATL,False,3-pointer,26,95-101,'SAC',trails
426,426,426,200211100SAC,24.0,5.0,4th quarter,0:18.3,Theo Ratliff,ATL,True,2-pointer,0,97-103,'SAC',trails
427,427,427,200211100SAC,17.3,29.5,4th quarter,0:07.8,Jason Terry,ATL,False,3-pointer,25,97-105,'SAC',trails
428,428,428,200211100SAC,23.0,22.6,1st quarter,11:25.0,Chris Webber,SAC,True,2-pointer,18,2-0,'SAC',leads
429,429,429,200211100SAC,25.1,9.9,1st quarter,10:48.0,Vlade Divac,SAC,False,2-pointer,5,2-2,'SAC',tied
430,430,430,200211100SAC,47.5,6.0,1st quarter,10:26.0,Peja Stojaković,SAC,True,3-pointer,24,5-4,'SAC',leads
431,431,431,200211100SAC,18.1,6.5,1st quarter,9:49.0,Chris Webber,SAC,False,2-pointer,6,5-6,'SAC',trails
432,432,432,200211100SAC,20.1,7.0,1st quarter,9:34.0,Chris Webber,SAC,True,2-pointer,4,7-6,'SAC',leads
433,433,433,200211100SAC,40.9,9.3,1st quarter,8:57.0,Doug Christie,SAC,False,2-pointer,17,7-6,'SAC',leads
434,434,434,200211100SAC,24.0,15.5,1st quarter,8:30.0,Vlade Divac,SAC,True,2-pointer,11,9-8,'SAC',leads
435,435,435,200211100SAC,7.2,6.0,1st quarter,8:02.0,Vlade Divac,SAC,True,2-pointer,17,11-10,'SAC',leads
436,436,436,200211100SAC,37.3,26.2,1st quarter,7:10.0,Peja Stojaković,SAC,True,3-pointer,25,16-10,'SAC',leads
437,437,437,200211100SAC,11.0,16.8,1st quarter,6:40.0,Chris Webber,SAC,False,2-pointer,18,16-10,'SAC',leads
438,438,438,200211100SAC,24.0,5.0,1st quarter,6:17.0,Bobby Jackson,SAC,True,2-pointer,0,18-12,'SAC',leads
439,439,439,200211100SAC,24.0,5.0,1st quarter,5:33.0,Bobby Jackson,SAC,True,2-pointer,0,20-12,'SAC',leads
440,440,440,200211100SAC,43.2,20.8,1st quarter,4:53.0,Peja Stojaković,SAC,False,3-pointer,25,20-14,'SAC',leads
441,441,441,200211100SAC,24.0,5.0,1st quarter,4:41.0,Bobby Jackson,SAC,False,2-pointer,0,20-14,'SAC',leads
442,442,442,200211100SAC,24.0,5.0,1st quarter,4:28.0,Peja Stojaković,SAC,True,2-pointer,0,22-14,'SAC',leads
443,443,443,200211100SAC,24.0,5.0,1st quarter,3:56.0,Chris Webber,SAC,False,2-pointer,0,22-14,'SAC',leads
444,444,444,200211100SAC,24.0,5.0,1st quarter,3:54.0,Chris Webber,SAC,True,2-pointer,0,24-14,'SAC',leads
445,445,445,200211100SAC,6.8,19.5,1st quarter,3:17.0,Doug Christie,SAC,False,2-pointer,23,24-16,'SAC',leads
446,446,446,200211100SAC,24.0,5.0,1st quarter,3:14.0,Vlade Divac,SAC,False,2-pointer,0,24-16,'SAC',leads
447,447,447,200211100SAC,2.8,5.0,1st quarter,2:47.0,Peja Stojaković,SAC,False,2-pointer,21,24-16,'SAC',leads
448,448,448,200211100SAC,24.0,5.0,1st quarter,2:23.0,Vlade Divac,SAC,False,2-pointer,0,24-18,'SAC',leads
449,449,449,200211100SAC,38.3,9.1,1st quarter,1:50.0,Chris Webber,SAC,True,2-pointer,15,26-18,'SAC',leads
450,450,450,200211100SAC,24.8,10.9,1st quarter,1:19.0,Bobby Jackson,SAC,True,2-pointer,6,28-20,'SAC',leads
451,451,451,200211100SAC,14.6,28.5,1st quarter,0:56.7,Peja Stojaković,SAC,False,3-pointer,25,28-20,'SAC',leads
452,452,452,200211100SAC,32.2,21.0,1st quarter,0:24.3,Keon Clark,SAC,False,2-pointer,18,28-20,'SAC',leads
453,453,453,200211100SAC,47.5,7.5,2nd quarter,11:14.0,Damon Jones,SAC,False,3-pointer,24,29-22,'SAC',leads
454,454,454,200211100SAC,28.3,17.7,2nd quarter,10:46.0,Peja Stojaković,SAC,False,2-pointer,13,29-24,'SAC',leads
455,455,455,200211100SAC,24.3,21.0,2nd quarter,10:15.0,Chris Webber,SAC,True,2-pointer,16,31-26,'SAC',leads
456,456,456,200211100SAC,4.5,3.7,2nd quarter,9:34.0,Hedo Türkoğlu,SAC,False,2-pointer,20,31-26,'SAC',leads
457,457,457,200211100SAC,25.3,26.9,2nd quarter,9:07.0,Damon Jones,SAC,False,2-pointer,22,31-26,'SAC',leads
458,458,458,200211100SAC,17.8,6.7,2nd quarter,9:00.0,Hedo Türkoğlu,SAC,True,2-pointer,6,33-26,'SAC',leads
459,459,459,200211100SAC,24.0,5.0,2nd quarter,7:27.0,Vlade Divac,SAC,True,2-pointer,0,37-30,'SAC',leads
460,460,460,200211100SAC,43.4,20.1,2nd quarter,7:11.0,Hedo Türkoğlu,SAC,False,3-pointer,25,38-32,'SAC',leads
461,461,461,200211100SAC,24.0,5.0,2nd quarter,6:31.0,Damon Jones,SAC,False,2-pointer,0,38-32,'SAC',leads
462,462,462,200211100SAC,40.6,8.6,2nd quarter,6:08.0,Hedo Türkoğlu,SAC,False,2-pointer,17,38-34,'SAC',leads
463,463,463,200211100SAC,38.9,5.2,2nd quarter,5:20.0,Lawrence Funderburke,SAC,False,2-pointer,15,38-34,'SAC',leads
464,464,464,200211100SAC,33.4,21.3,2nd quarter,4:54.0,Bobby Jackson,SAC,True,2-pointer,19,40-36,'SAC',leads
465,465,465,200211100SAC,24.0,5.0,2nd quarter,4:27.0,Hedo Türkoğlu,SAC,False,2-pointer,0,40-36,'SAC',leads
466,466,466,200211100SAC,36.8,20.1,2nd quarter,4:00.0,Doug Christie,SAC,False,2-pointer,20,40-38,'SAC',leads
467,467,467,200211100SAC,18.6,24.4,2nd quarter,3:44.0,Chris Webber,SAC,False,2-pointer,20,40-38,'SAC',leads
468,468,468,200211100SAC,25.0,15.4,2nd quarter,3:09.0,Bobby Jackson,SAC,False,2-pointer,10,40-38,'SAC',leads
469,469,469,200211100SAC,28.1,8.0,2nd quarter,3:06.0,Vlade Divac,SAC,False,2-pointer,5,40-38,'SAC',leads
470,470,470,200211100SAC,25.5,26.4,2nd quarter,2:40.0,Peja Stojaković,SAC,False,2-pointer,21,40-40,'SAC',tied
471,471,471,200211100SAC,24.0,5.0,2nd quarter,2:14.0,Bobby Jackson,SAC,True,2-pointer,0,42-42,'SAC',tied
472,472,472,200211100SAC,20.9,14.4,2nd quarter,1:11.0,Chris Webber,SAC,True,2-pointer,10,46-46,'SAC',tied
473,473,473,200211100SAC,47.6,6.5,2nd quarter,0:53.7,Bobby Jackson,SAC,False,3-pointer,24,46-46,'SAC',tied
474,474,474,200211100SAC,36.6,20.5,2nd quarter,0:33.7,Chris Webber,SAC,True,2-pointer,20,48-47,'SAC',leads
475,475,475,200211100SAC,8.6,9.5,3rd quarter,11:20.0,Chris Webber,SAC,False,2-pointer,16,50-47,'SAC',leads
476,476,476,200211100SAC,18.9,8.6,3rd quarter,10:57.0,Chris Webber,SAC,True,2-pointer,6,52-47,'SAC',leads
477,477,477,200211100SAC,36.3,26.7,3rd quarter,10:32.0,Peja Stojaković,SAC,False,3-pointer,25,52-47,'SAC',leads
478,478,478,200211100SAC,3.0,19.3,3rd quarter,10:22.0,Peja Stojaković,SAC,False,3-pointer,25,52-47,'SAC',leads
479,479,479,200211100SAC,18.1,8.3,3rd quarter,10:19.0,Chris Webber,SAC,True,2-pointer,7,54-47,'SAC',leads
480,480,480,200211100SAC,8.2,11.9,3rd quarter,9:27.0,Chris Webber,SAC,False,2-pointer,17,54-47,'SAC',leads
481,481,481,200211100SAC,13.5,20.3,3rd quarter,8:31.0,Chris Webber,SAC,True,2-pointer,19,56-49,'SAC',leads
482,482,482,200211100SAC,37.5,25.4,3rd quarter,7:09.0,Peja Stojaković,SAC,True,3-pointer,24,61-49,'SAC',leads
483,483,483,200211100SAC,0.7,6.5,3rd quarter,6:12.0,Doug Christie,SAC,True,3-pointer,23,64-53,'SAC',leads
484,484,484,200211100SAC,19.7,11.6,3rd quarter,5:29.0,Chris Webber,SAC,False,2-pointer,8,64-56,'SAC',leads
485,485,485,200211100SAC,37.8,25.6,3rd quarter,4:52.0,Doug Christie,SAC,True,3-pointer,25,67-59,'SAC',leads
486,486,486,200211100SAC,19.9,8.3,3rd quarter,3:43.0,Peja Stojaković,SAC,False,2-pointer,5,67-64,'SAC',leads
487,487,487,200211100SAC,27.8,9.1,3rd quarter,3:41.0,Peja Stojaković,SAC,False,2-pointer,6,67-64,'SAC',leads
488,488,488,200211100SAC,26.4,7.2,3rd quarter,3:18.0,Doug Christie,SAC,True,2-pointer,3,69-67,'SAC',leads
489,489,489,200211100SAC,19.7,10.1,3rd quarter,2:39.0,Keon Clark,SAC,True,2-pointer,7,71-67,'SAC',leads
490,490,490,200211100SAC,23.7,12.6,3rd quarter,1:52.0,Chris Webber,SAC,False,2-pointer,8,71-67,'SAC',leads
491,491,491,200211100SAC,0.7,5.0,3rd quarter,1:31.0,Hedo Türkoğlu,SAC,False,3-pointer,23,71-67,'SAC',leads
492,492,492,200211100SAC,17.1,6.7,3rd quarter,1:09.0,Chris Webber,SAC,True,2-pointer,7,73-69,'SAC',leads
493,493,493,200211100SAC,41.2,19.6,3rd quarter,0:39.7,Peja Stojaković,SAC,True,2-pointer,23,75-69,'SAC',leads
494,494,494,200211100SAC,38.3,17.0,3rd quarter,0:11.7,Keon Clark,SAC,False,2-pointer,19,75-71,'SAC',leads
495,495,495,200211100SAC,18.8,29.7,3rd quarter,0:07.7,Peja Stojaković,SAC,False,3-pointer,25,75-71,'SAC',leads
496,496,496,200211100SAC,19.9,9.3,4th quarter,11:20.0,Doug Christie,SAC,True,2-pointer,6,77-73,'SAC',leads
497,497,497,200211100SAC,32.9,5.3,4th quarter,10:55.0,Chris Webber,SAC,False,2-pointer,9,77-73,'SAC',leads
498,498,498,200211100SAC,21.7,12.6,4th quarter,10:30.0,Keon Clark,SAC,False,2-pointer,8,77-73,'SAC',leads
499,499,499,200211100SAC,24.0,5.0,4th quarter,10:28.0,Chris Webber,SAC,True,2-pointer,0,79-73,'SAC',leads
500,500,500,200211100SAC,32.7,24.9,4th quarter,9:38.0,Chris Webber,SAC,False,2-pointer,22,79-75,'SAC',leads
501,501,501,200211100SAC,25.6,12.6,4th quarter,9:05.0,Hedo Türkoğlu,SAC,False,2-pointer,8,79-77,'SAC',leads
502,502,502,200211100SAC,1.3,15.7,4th quarter,8:59.0,Doug Christie,SAC,True,3-pointer,25,82-77,'SAC',leads
503,503,503,200211100SAC,24.0,5.0,4th quarter,8:33.0,Chris Webber,SAC,True,2-pointer,0,84-77,'SAC',leads
504,504,504,200211100SAC,3.6,14.1,4th quarter,8:14.0,Doug Christie,SAC,True,2-pointer,22,86-77,'SAC',leads
505,505,505,200211100SAC,24.0,5.0,4th quarter,7:48.0,Bobby Jackson,SAC,False,2-pointer,0,86-77,'SAC',leads
506,506,506,200211100SAC,22.2,30.3,4th quarter,7:06.0,Bobby Jackson,SAC,True,3-pointer,25,89-79,'SAC',leads
507,507,507,200211100SAC,47.5,6.5,4th quarter,6:47.0,Hedo Türkoğlu,SAC,False,3-pointer,24,89-79,'SAC',leads
508,508,508,200211100SAC,31.1,20.8,4th quarter,6:36.0,Bobby Jackson,SAC,True,2-pointer,17,91-79,'SAC',leads
509,509,509,200211100SAC,14.1,4.1,4th quarter,5:52.0,Bobby Jackson,SAC,False,2-pointer,10,91-81,'SAC',leads
510,510,510,200211100SAC,24.0,5.0,4th quarter,5:22.0,Keon Clark,SAC,True,2-pointer,0,93-81,'SAC',leads
511,511,511,200211100SAC,46.7,14.4,4th quarter,4:47.0,Doug Christie,SAC,False,3-pointer,25,93-84,'SAC',leads
512,512,512,200211100SAC,20.4,11.6,4th quarter,4:14.0,Hedo Türkoğlu,SAC,False,2-pointer,8,93-86,'SAC',leads
513,513,513,200211100SAC,24.8,24.7,4th quarter,3:49.0,Chris Webber,SAC,False,2-pointer,20,93-87,'SAC',leads
514,514,514,200211100SAC,8.2,15.2,4th quarter,3:25.0,Doug Christie,SAC,True,2-pointer,19,95-87,'SAC',leads
515,515,515,200211100SAC,24.0,5.0,4th quarter,2:21.0,Peja Stojaković,SAC,True,2-pointer,0,97-89,'SAC',leads
516,516,516,200211100SAC,24.0,5.0,4th quarter,1:53.0,Bobby Jackson,SAC,True,2-pointer,0,99-89,'SAC',leads
