,Unnamed: 0.1,Unnamed: 0,match_id,shotX,shotY,quarter,time_remaining,player,team,made,shot_type,distance,score,opp,status
0,0,0,200212120CHI,40.9,8.5,1st quarter,11:34.0,Ben Wallace,DET,False,2-pointer,17,0-0,'DET',tied
1,1,1,200212120CHI,34.3,21.8,1st quarter,10:56.0,Richard Hamilton,DET,True,2-pointer,20,2-2,'DET',tied
2,2,2,200212120CHI,9.1,3.6,1st quarter,10:22.0,Clifford Robinson,DET,True,2-pointer,15,4-4,'DET',tied
3,3,3,200212120CHI,40.6,24.2,1st quarter,9:52.0,Chauncey Billups,DET,False,3-pointer,25,4-4,'DET',tied
4,4,4,200212120CHI,24.0,5.0,1st quarter,9:25.0,Ben Wallace,DET,True,2-pointer,0,6-6,'DET',tied
5,5,5,200212120CHI,15.8,8.3,1st quarter,8:59.0,Clifford Robinson,DET,True,2-pointer,9,8-6,'DET',leads
6,6,6,200212120CHI,0.7,3.7,1st quarter,8:35.0,Richard Hamilton,DET,False,3-pointer,23,8-6,'DET',leads
7,7,7,200212120CHI,24.0,5.0,1st quarter,8:29.0,Richard Hamilton,DET,True,2-pointer,0,10-6,'DET',leads
8,8,8,200212120CHI,10.2,5.3,1st quarter,7:47.0,Clifford Robinson,DET,False,2-pointer,14,10-8,'DET',leads
9,9,9,200212120CHI,24.0,5.0,1st quarter,7:31.0,Richard Hamilton,DET,False,2-pointer,0,10-8,'DET',leads
10,10,10,200212120CHI,8.9,24.9,1st quarter,7:13.0,Clifford Robinson,DET,True,3-pointer,25,13-8,'DET',leads
11,11,11,200212120CHI,45.8,13.2,1st quarter,6:38.0,Chauncey Billups,DET,True,2-pointer,23,15-8,'DET',leads
12,12,12,200212120CHI,20.9,11.4,1st quarter,4:40.0,Clifford Robinson,DET,False,2-pointer,7,15-12,'DET',leads
13,13,13,200212120CHI,24.0,5.0,1st quarter,4:11.0,Clifford Robinson,DET,False,2-pointer,0,15-12,'DET',leads
14,14,14,200212120CHI,23.2,11.3,1st quarter,3:31.0,Richard Hamilton,DET,False,2-pointer,6,15-14,'DET',leads
15,15,15,200212120CHI,24.0,5.0,1st quarter,2:51.0,Corliss Williamson,DET,True,2-pointer,0,17-14,'DET',leads
16,16,16,200212120CHI,24.0,5.0,1st quarter,2:24.0,Richard Hamilton,DET,True,2-pointer,0,19-14,'DET',leads
17,17,17,200212120CHI,25.5,29.3,1st quarter,1:59.0,Clifford Robinson,DET,False,3-pointer,24,19-14,'DET',leads
18,18,18,200212120CHI,27.4,26.0,1st quarter,1:32.0,Richard Hamilton,DET,False,2-pointer,21,19-14,'DET',leads
19,19,19,200212120CHI,24.0,5.0,1st quarter,1:16.0,Chauncey Billups,DET,True,2-pointer,0,21-14,'DET',leads
20,20,20,200212120CHI,24.0,5.0,1st quarter,0:30.5,Željko Rebrača,DET,True,2-pointer,0,23-16,'DET',leads
21,21,21,200212120CHI,24.0,5.0,2nd quarter,11:02.0,Željko Rebrača,DET,True,2-pointer,0,26-16,'DET',leads
22,22,22,200212120CHI,11.5,25.9,2nd quarter,9:51.0,Chucky Atkins,DET,False,3-pointer,24,26-20,'DET',leads
23,23,23,200212120CHI,28.9,11.3,2nd quarter,9:47.0,Corliss Williamson,DET,False,2-pointer,8,26-20,'DET',leads
24,24,24,200212120CHI,35.2,23.9,2nd quarter,9:08.0,Chucky Atkins,DET,False,2-pointer,22,26-22,'DET',leads
25,25,25,200212120CHI,0.8,3.7,2nd quarter,8:45.0,Jon Barry,DET,False,3-pointer,23,26-24,'DET',leads
26,26,26,200212120CHI,11.0,4.1,2nd quarter,8:19.0,Željko Rebrača,DET,False,2-pointer,13,26-24,'DET',leads
27,27,27,200212120CHI,24.0,5.0,2nd quarter,7:45.0,Jon Barry,DET,False,2-pointer,0,26-24,'DET',leads
28,28,28,200212120CHI,13.0,7.0,2nd quarter,7:06.0,Corliss Williamson,DET,True,2-pointer,11,28-26,'DET',leads
29,29,29,200212120CHI,28.7,11.6,2nd quarter,5:57.0,Clifford Robinson,DET,True,2-pointer,8,30-26,'DET',leads
30,30,30,200212120CHI,24.0,5.0,2nd quarter,5:26.0,Chucky Atkins,DET,False,2-pointer,0,30-26,'DET',leads
31,31,31,200212120CHI,24.0,5.0,2nd quarter,5:07.0,Corliss Williamson,DET,True,2-pointer,0,32-26,'DET',leads
32,32,32,200212120CHI,10.5,26.4,2nd quarter,4:40.0,Clifford Robinson,DET,False,3-pointer,25,32-26,'DET',leads
33,33,33,200212120CHI,16.5,25.9,2nd quarter,4:34.0,Jon Barry,DET,True,2-pointer,22,34-26,'DET',leads
34,34,34,200212120CHI,25.1,10.3,2nd quarter,3:50.0,Corliss Williamson,DET,False,2-pointer,5,34-28,'DET',leads
35,35,35,200212120CHI,39.9,11.8,2nd quarter,3:17.0,Jon Barry,DET,True,2-pointer,17,36-28,'DET',leads
36,36,36,200212120CHI,0.0,5.5,2nd quarter,2:36.0,Chucky Atkins,DET,False,3-pointer,24,36-28,'DET',leads
37,37,37,200212120CHI,34.8,5.3,2nd quarter,2:26.0,Richard Hamilton,DET,True,2-pointer,11,38-28,'DET',leads
38,38,38,200212120CHI,40.6,5.0,2nd quarter,1:41.0,Chucky Atkins,DET,False,2-pointer,17,38-30,'DET',leads
39,39,39,200212120CHI,47.2,5.0,2nd quarter,1:34.0,Chucky Atkins,DET,True,3-pointer,23,41-30,'DET',leads
40,40,40,200212120CHI,47.2,5.0,2nd quarter,0:58.7,Chucky Atkins,DET,False,3-pointer,23,41-32,'DET',leads
41,41,41,200212120CHI,13.3,5.8,2nd quarter,0:39.9,Clifford Robinson,DET,False,2-pointer,11,41-32,'DET',leads
42,42,42,200212120CHI,41.1,24.6,3rd quarter,11:25.0,Chauncey Billups,DET,False,3-pointer,26,41-32,'DET',leads
43,43,43,200212120CHI,18.8,21.8,3rd quarter,10:59.0,Richard Hamilton,DET,False,2-pointer,18,41-33,'DET',leads
44,44,44,200212120CHI,24.0,5.0,3rd quarter,10:34.0,Clifford Robinson,DET,True,2-pointer,0,43-33,'DET',leads
45,45,45,200212120CHI,36.0,23.7,3rd quarter,9:38.0,Chauncey Billups,DET,False,2-pointer,22,43-35,'DET',leads
46,46,46,200212120CHI,5.4,5.0,3rd quarter,8:39.0,Richard Hamilton,DET,False,2-pointer,19,45-37,'DET',leads
47,47,47,200212120CHI,15.1,5.0,3rd quarter,8:13.0,Chauncey Billups,DET,False,2-pointer,9,45-40,'DET',leads
48,48,48,200212120CHI,35.5,18.7,3rd quarter,8:09.0,Richard Hamilton,DET,False,2-pointer,18,45-40,'DET',leads
49,49,49,200212120CHI,24.0,5.0,3rd quarter,7:51.0,Richard Hamilton,DET,False,2-pointer,0,45-40,'DET',leads
50,50,50,200212120CHI,24.0,5.0,3rd quarter,7:20.0,Richard Hamilton,DET,False,2-pointer,0,45-42,'DET',leads
51,51,51,200212120CHI,6.6,21.9,3rd quarter,6:58.0,Chauncey Billups,DET,False,3-pointer,24,45-42,'DET',leads
52,52,52,200212120CHI,24.0,5.0,3rd quarter,6:52.0,Chauncey Billups,DET,True,2-pointer,0,47-42,'DET',leads
53,53,53,200212120CHI,46.5,4.4,3rd quarter,6:24.0,Chauncey Billups,DET,True,3-pointer,23,50-44,'DET',leads
54,54,54,200212120CHI,22.9,12.6,3rd quarter,5:51.0,Chauncey Billups,DET,True,2-pointer,8,52-44,'DET',leads
55,55,55,200212120CHI,10.7,26.4,3rd quarter,4:37.0,Clifford Robinson,DET,False,3-pointer,25,54-46,'DET',leads
56,56,56,200212120CHI,39.1,5.8,3rd quarter,4:08.0,Richard Hamilton,DET,False,2-pointer,15,54-46,'DET',leads
57,57,57,200212120CHI,24.0,5.0,3rd quarter,3:30.0,Richard Hamilton,DET,False,2-pointer,0,54-48,'DET',leads
58,58,58,200212120CHI,36.5,27.5,3rd quarter,3:24.0,Michael Curry,DET,False,3-pointer,26,54-48,'DET',leads
59,59,59,200212120CHI,38.4,15.2,3rd quarter,3:13.0,Richard Hamilton,DET,False,2-pointer,18,54-48,'DET',leads
60,60,60,200212120CHI,14.5,17.3,3rd quarter,1:55.0,Richard Hamilton,DET,False,2-pointer,16,56-53,'DET',leads
61,61,61,200212120CHI,9.6,26.0,3rd quarter,1:22.0,Chauncey Billups,DET,False,3-pointer,25,56-53,'DET',leads
62,62,62,200212120CHI,21.5,22.4,3rd quarter,0:17.8,Ben Wallace,DET,False,2-pointer,18,59-55,'DET',leads
63,63,63,200212120CHI,24.0,5.0,4th quarter,11:42.0,Chauncey Billups,DET,True,2-pointer,0,61-55,'DET',leads
64,64,64,200212120CHI,24.0,5.0,4th quarter,11:05.0,Corliss Williamson,DET,False,2-pointer,0,61-57,'DET',leads
65,65,65,200212120CHI,24.0,5.0,4th quarter,9:56.0,Corliss Williamson,DET,False,2-pointer,0,61-57,'DET',leads
66,66,66,200212120CHI,24.0,5.0,4th quarter,9:56.0,Corliss Williamson,DET,False,2-pointer,0,61-57,'DET',leads
67,67,67,200212120CHI,21.9,8.6,4th quarter,9:56.0,Željko Rebrača,DET,True,2-pointer,4,63-57,'DET',leads
68,68,68,200212120CHI,28.9,12.4,4th quarter,9:22.0,Corliss Williamson,DET,False,2-pointer,9,64-57,'DET',leads
69,69,69,200212120CHI,29.2,21.0,4th quarter,8:33.0,Corliss Williamson,DET,False,2-pointer,17,64-59,'DET',leads
70,70,70,200212120CHI,18.3,12.4,4th quarter,7:41.0,Željko Rebrača,DET,False,2-pointer,9,64-61,'DET',leads
71,71,71,200212120CHI,24.0,5.0,4th quarter,7:39.0,Corliss Williamson,DET,True,2-pointer,0,66-61,'DET',leads
72,72,72,200212120CHI,38.3,26.4,4th quarter,6:03.0,Chauncey Billups,DET,False,3-pointer,26,66-68,'DET',trails
73,73,73,200212120CHI,32.0,7.6,4th quarter,4:37.0,Ben Wallace,DET,False,2-pointer,8,69-70,'DET',trails
74,74,74,200212120CHI,24.0,5.0,4th quarter,4:31.0,Ben Wallace,DET,True,2-pointer,0,71-70,'DET',leads
75,75,75,200212120CHI,47.5,5.0,4th quarter,3:43.0,Chauncey Billups,DET,True,3-pointer,24,74-70,'DET',leads
76,76,76,200212120CHI,24.0,5.0,4th quarter,3:02.0,Corliss Williamson,DET,True,2-pointer,0,76-70,'DET',leads
77,77,77,200212120CHI,16.9,6.7,4th quarter,2:30.0,Corliss Williamson,DET,True,2-pointer,7,78-72,'DET',leads
78,78,78,200212120CHI,15.8,16.7,4th quarter,1:46.0,Richard Hamilton,DET,False,2-pointer,14,78-72,'DET',leads
79,79,79,200212120CHI,41.9,23.9,4th quarter,1:08.0,Chauncey Billups,DET,True,3-pointer,26,81-74,'DET',leads
80,80,80,200212120CHI,4.9,5.3,4th quarter,0:34.2,Clifford Robinson,DET,False,2-pointer,19,81-74,'DET',leads
81,81,81,200212120CHI,24.0,5.0,1st quarter,11:20.0,Eddy Curry,CHI,True,2-pointer,0,2-0,'DET',leads
82,82,82,200212120CHI,17.6,19.5,1st quarter,10:36.0,Donyell Marshall,CHI,True,2-pointer,16,4-2,'DET',leads
83,83,83,200212120CHI,34.3,11.6,1st quarter,9:41.0,Eddy Curry,CHI,True,2-pointer,12,6-4,'DET',leads
84,84,84,200212120CHI,24.0,5.0,1st quarter,8:09.0,Jay Williams,CHI,False,2-pointer,0,6-10,'DET',trails
85,85,85,200212120CHI,11.8,23.7,1st quarter,8:06.0,Jay Williams,CHI,True,2-pointer,22,8-10,'DET',trails
86,86,86,200212120CHI,3.6,8.5,1st quarter,7:37.0,Trenton Hassell,CHI,False,2-pointer,21,8-10,'DET',trails
87,87,87,200212120CHI,31.2,8.1,1st quarter,6:15.0,Eddy Curry,CHI,True,2-pointer,8,10-15,'DET',trails
88,88,88,200212120CHI,24.0,11.3,1st quarter,5:36.0,Jalen Rose,CHI,True,2-pointer,6,12-15,'DET',trails
89,89,89,200212120CHI,41.2,5.0,1st quarter,4:52.0,Eddy Curry,CHI,False,2-pointer,17,12-15,'DET',trails
90,90,90,200212120CHI,8.9,23.9,1st quarter,4:29.0,Jay Williams,CHI,False,3-pointer,24,12-15,'DET',trails
91,91,91,200212120CHI,11.8,20.8,1st quarter,3:53.0,Jalen Rose,CHI,False,2-pointer,20,12-15,'DET',trails
92,92,92,200212120CHI,15.3,21.9,1st quarter,3:49.0,Jalen Rose,CHI,True,2-pointer,19,14-15,'DET',trails
93,93,93,200212120CHI,38.3,16.8,1st quarter,3:16.0,Donyell Marshall,CHI,False,2-pointer,19,14-15,'DET',trails
94,94,94,200212120CHI,36.8,15.0,1st quarter,2:39.0,Jalen Rose,CHI,False,2-pointer,16,14-17,'DET',trails
95,95,95,200212120CHI,9.9,18.5,1st quarter,1:48.0,Jamal Crawford,CHI,False,2-pointer,20,14-19,'DET',trails
96,96,96,200212120CHI,24.0,5.0,1st quarter,1:20.0,Jalen Rose,CHI,False,2-pointer,0,14-19,'DET',trails
97,97,97,200212120CHI,24.0,5.0,1st quarter,0:53.8,Donyell Marshall,CHI,False,2-pointer,0,14-21,'DET',trails
98,98,98,200212120CHI,24.0,5.0,1st quarter,0:51.8,Corie Blount,CHI,False,2-pointer,0,14-21,'DET',trails
99,99,99,200212120CHI,10.9,17.2,1st quarter,0:47.8,Jamal Crawford,CHI,False,2-pointer,18,14-21,'DET',trails
100,100,100,200212120CHI,24.0,5.0,1st quarter,0:46.7,Corie Blount,CHI,True,2-pointer,0,16-21,'DET',trails
101,101,101,200212120CHI,42.9,5.2,1st quarter,0:00.2,Jalen Rose,CHI,False,2-pointer,19,16-23,'DET',trails
102,102,102,200212120CHI,39.9,4.5,2nd quarter,11:10.0,Corie Blount,CHI,False,2-pointer,16,16-24,'DET',trails
103,103,103,200212120CHI,37.8,23.9,2nd quarter,10:36.0,Jamal Crawford,CHI,True,2-pointer,23,18-26,'DET',trails
104,104,104,200212120CHI,29.7,8.0,2nd quarter,9:34.0,Marcus Fizer,CHI,True,2-pointer,6,22-26,'DET',trails
105,105,105,200212120CHI,33.0,23.3,2nd quarter,9:01.0,Jalen Rose,CHI,True,2-pointer,20,24-26,'DET',trails
106,106,106,200212120CHI,38.9,5.8,2nd quarter,8:38.0,Jalen Rose,CHI,False,2-pointer,15,24-26,'DET',trails
107,107,107,200212120CHI,39.3,8.6,2nd quarter,7:57.0,Marcus Fizer,CHI,False,2-pointer,16,24-26,'DET',trails
108,108,108,200212120CHI,24.0,12.2,2nd quarter,7:30.0,Jalen Rose,CHI,False,2-pointer,7,24-26,'DET',trails
109,109,109,200212120CHI,24.0,5.0,2nd quarter,7:27.0,Marcus Fizer,CHI,True,2-pointer,0,26-26,'DET',tied
110,110,110,200212120CHI,32.4,19.1,2nd quarter,5:38.0,Jamal Crawford,CHI,False,2-pointer,16,26-30,'DET',trails
111,111,111,200212120CHI,13.0,5.5,2nd quarter,5:12.0,Tyson Chandler,CHI,False,2-pointer,11,26-30,'DET',trails
112,112,112,200212120CHI,38.4,14.1,2nd quarter,4:55.0,Jalen Rose,CHI,False,2-pointer,17,26-32,'DET',trails
113,113,113,200212120CHI,41.4,5.3,2nd quarter,4:12.0,Donyell Marshall,CHI,True,2-pointer,17,28-34,'DET',trails
114,114,114,200212120CHI,10.2,27.5,2nd quarter,3:38.0,Jay Williams,CHI,False,3-pointer,26,28-34,'DET',trails
115,115,115,200212120CHI,24.0,5.0,2nd quarter,3:34.0,Eddy Curry,CHI,False,2-pointer,0,28-34,'DET',trails
116,116,116,200212120CHI,19.7,9.6,2nd quarter,3:32.0,Donyell Marshall,CHI,False,2-pointer,6,28-34,'DET',trails
117,117,117,200212120CHI,47.3,5.3,2nd quarter,3:03.0,Jalen Rose,CHI,False,3-pointer,23,28-36,'DET',trails
118,118,118,200212120CHI,32.9,9.1,2nd quarter,2:51.0,Eddy Curry,CHI,False,2-pointer,10,28-36,'DET',trails
119,119,119,200212120CHI,8.9,7.3,2nd quarter,2:00.0,Donyell Marshall,CHI,True,2-pointer,15,30-38,'DET',trails
120,120,120,200212120CHI,24.0,5.0,2nd quarter,1:18.0,Donyell Marshall,CHI,True,2-pointer,0,32-41,'DET',trails
121,121,121,200212120CHI,11.0,20.8,2nd quarter,0:29.9,Fred Hoiberg,CHI,False,2-pointer,20,32-41,'DET',trails
122,122,122,200212120CHI,27.1,10.1,3rd quarter,11:44.0,Donyell Marshall,CHI,False,2-pointer,6,32-41,'DET',trails
123,123,123,200212120CHI,23.7,9.6,3rd quarter,10:47.0,Jalen Rose,CHI,False,2-pointer,5,33-41,'DET',trails
124,124,124,200212120CHI,24.0,5.0,3rd quarter,10:45.0,Eddy Curry,CHI,False,2-pointer,0,33-41,'DET',trails
125,125,125,200212120CHI,24.0,12.4,3rd quarter,10:01.0,Donyell Marshall,CHI,True,2-pointer,7,35-43,'DET',trails
126,126,126,200212120CHI,24.0,5.0,3rd quarter,9:29.0,Eddy Curry,CHI,True,2-pointer,0,37-43,'DET',trails
127,127,127,200212120CHI,24.0,5.0,3rd quarter,8:53.0,Eddy Curry,CHI,False,2-pointer,0,37-45,'DET',trails
128,128,128,200212120CHI,24.0,5.0,3rd quarter,8:33.0,Jay Williams,CHI,True,2-pointer,0,39-45,'DET',trails
129,129,129,200212120CHI,27.1,10.4,3rd quarter,7:38.0,Donyell Marshall,CHI,True,2-pointer,6,42-45,'DET',trails
130,130,130,200212120CHI,30.1,8.0,3rd quarter,6:03.0,Eddy Curry,CHI,False,2-pointer,7,44-50,'DET',trails
131,131,131,200212120CHI,5.8,3.9,3rd quarter,5:22.0,Jay Williams,CHI,False,2-pointer,18,44-52,'DET',trails
132,132,132,200212120CHI,23.8,12.2,3rd quarter,4:50.0,Jalen Rose,CHI,True,2-pointer,7,46-54,'DET',trails
133,133,133,200212120CHI,40.1,10.6,3rd quarter,4:28.0,Jalen Rose,CHI,False,2-pointer,17,46-54,'DET',trails
134,134,134,200212120CHI,19.7,12.4,3rd quarter,3:53.0,Trenton Hassell,CHI,True,2-pointer,9,48-54,'DET',trails
135,135,135,200212120CHI,24.0,5.0,3rd quarter,2:51.0,Jay Williams,CHI,True,2-pointer,0,52-56,'DET',trails
136,136,136,200212120CHI,16.8,18.8,3rd quarter,1:46.0,Jalen Rose,CHI,False,2-pointer,16,53-56,'DET',trails
137,137,137,200212120CHI,10.2,25.9,3rd quarter,1:07.0,Jay Williams,CHI,False,3-pointer,25,53-57,'DET',trails
138,138,138,200212120CHI,24.0,5.0,3rd quarter,1:04.0,Marcus Fizer,CHI,True,2-pointer,0,55-57,'DET',trails
139,139,139,200212120CHI,26.9,13.2,3rd quarter,0:35.9,Jay Williams,CHI,False,2-pointer,9,55-59,'DET',trails
140,140,140,200212120CHI,37.0,20.0,3rd quarter,0:00.8,Marcus Fizer,CHI,False,2-pointer,20,55-59,'DET',trails
141,141,141,200212120CHI,39.8,17.2,4th quarter,11:27.0,Jalen Rose,CHI,True,2-pointer,20,57-61,'DET',trails
142,142,142,200212120CHI,30.1,9.5,4th quarter,10:50.0,Marcus Fizer,CHI,False,2-pointer,8,57-61,'DET',trails
143,143,143,200212120CHI,13.5,18.7,4th quarter,10:21.0,Jalen Rose,CHI,False,2-pointer,17,57-61,'DET',trails
144,144,144,200212120CHI,24.0,5.0,4th quarter,9:02.0,Jalen Rose,CHI,False,2-pointer,0,57-64,'DET',trails
145,145,145,200212120CHI,9.5,7.6,4th quarter,9:00.0,Jalen Rose,CHI,True,2-pointer,15,59-64,'DET',trails
146,146,146,200212120CHI,38.0,17.8,4th quarter,8:13.0,Jalen Rose,CHI,False,2-pointer,19,59-64,'DET',trails
147,147,147,200212120CHI,24.3,13.2,4th quarter,8:06.0,Marcus Fizer,CHI,True,2-pointer,8,61-64,'DET',trails
148,148,148,200212120CHI,9.1,25.2,4th quarter,7:23.0,Jamal Crawford,CHI,True,3-pointer,25,64-66,'DET',trails
149,149,149,200212120CHI,24.0,5.0,4th quarter,6:56.0,Jamal Crawford,CHI,True,2-pointer,0,66-66,'DET',tied
150,150,150,200212120CHI,23.8,11.8,4th quarter,6:23.0,Jamal Crawford,CHI,True,2-pointer,7,68-66,'DET',leads
151,151,151,200212120CHI,48.0,11.3,4th quarter,5:49.0,Jalen Rose,CHI,False,3-pointer,25,68-66,'DET',leads
152,152,152,200212120CHI,47.5,8.3,4th quarter,5:43.0,Jalen Rose,CHI,False,3-pointer,24,68-66,'DET',leads
153,153,153,200212120CHI,40.4,6.5,4th quarter,5:11.0,Fred Hoiberg,CHI,False,2-pointer,16,68-68,'DET',tied
154,154,154,200212120CHI,26.0,11.4,4th quarter,5:05.0,Marcus Fizer,CHI,True,2-pointer,7,70-68,'DET',leads
155,155,155,200212120CHI,46.7,6.3,4th quarter,3:15.0,Jamal Crawford,CHI,False,3-pointer,23,70-74,'DET',trails
156,156,156,200212120CHI,24.0,5.0,4th quarter,2:49.0,Donyell Marshall,CHI,True,2-pointer,0,72-76,'DET',trails
157,157,157,200212120CHI,22.5,11.6,4th quarter,2:10.0,Marcus Fizer,CHI,False,2-pointer,7,72-78,'DET',trails
158,158,158,200212120CHI,23.0,14.4,4th quarter,1:32.0,Jalen Rose,CHI,True,2-pointer,9,74-78,'DET',trails
159,159,159,200212120CHI,23.0,15.7,4th quarter,0:55.3,Jay Williams,CHI,False,2-pointer,11,74-81,'DET',trails
160,160,160,200212120CHI,24.0,5.0,4th quarter,0:07.4,Jay Williams,CHI,True,2-pointer,0,76-84,'DET',trails
161,161,161,200212120CHI,24.0,5.0,4th quarter,0:00.1,Jay Williams,CHI,False,2-pointer,0,76-86,'DET',trails
162,162,162,200212120MIN,19.7,22.3,1st quarter,11:45.0,Dion Glover,ATL,False,2-pointer,18,0-0,'MIN',tied
163,163,163,200212120MIN,8.9,5.3,1st quarter,11:11.0,Jason Terry,ATL,True,2-pointer,15,2-0,'MIN',leads
164,164,164,200212120MIN,24.0,5.0,1st quarter,10:54.0,Glenn Robinson,ATL,True,2-pointer,0,4-0,'MIN',leads
165,165,165,200212120MIN,19.2,22.4,1st quarter,10:23.0,Glenn Robinson,ATL,False,2-pointer,18,4-2,'MIN',leads
166,166,166,200212120MIN,11.2,4.2,1st quarter,10:07.0,Shareef Abdur-Rahim,ATL,False,2-pointer,13,4-4,'MIN',tied
167,167,167,200212120MIN,24.0,5.0,1st quarter,9:58.0,Glenn Robinson,ATL,True,2-pointer,0,6-4,'MIN',leads
168,168,168,200212120MIN,36.3,9.1,1st quarter,9:33.0,Theo Ratliff,ATL,True,2-pointer,13,8-4,'MIN',leads
169,169,169,200212120MIN,4.3,23.7,1st quarter,8:50.0,Dion Glover,ATL,False,3-pointer,27,8-6,'MIN',leads
170,170,170,200212120MIN,6.3,10.4,1st quarter,8:29.0,Shareef Abdur-Rahim,ATL,False,2-pointer,19,8-6,'MIN',leads
171,171,171,200212120MIN,38.8,26.0,1st quarter,8:24.0,Glenn Robinson,ATL,False,3-pointer,26,8-6,'MIN',leads
172,172,172,200212120MIN,47.8,5.0,1st quarter,8:11.0,Shareef Abdur-Rahim,ATL,True,3-pointer,24,11-6,'MIN',leads
173,173,173,200212120MIN,8.2,16.8,1st quarter,7:27.0,Shareef Abdur-Rahim,ATL,True,2-pointer,20,13-6,'MIN',leads
174,174,174,200212120MIN,1.0,9.1,1st quarter,7:02.0,Glenn Robinson,ATL,True,3-pointer,23,16-8,'MIN',leads
175,175,175,200212120MIN,24.0,5.0,1st quarter,6:38.0,Glenn Robinson,ATL,False,2-pointer,0,16-8,'MIN',leads
176,176,176,200212120MIN,24.0,5.0,1st quarter,6:35.0,Dion Glover,ATL,True,2-pointer,0,18-8,'MIN',leads
177,177,177,200212120MIN,12.2,7.2,1st quarter,5:50.0,Theo Ratliff,ATL,False,2-pointer,12,18-10,'MIN',leads
178,178,178,200212120MIN,9.2,4.4,1st quarter,5:36.0,Dion Glover,ATL,False,2-pointer,15,18-10,'MIN',leads
179,179,179,200212120MIN,38.9,4.5,1st quarter,5:03.0,Theo Ratliff,ATL,False,2-pointer,15,19-10,'MIN',leads
180,180,180,200212120MIN,26.0,11.8,1st quarter,4:07.0,Theo Ratliff,ATL,True,2-pointer,7,23-14,'MIN',leads
181,181,181,200212120MIN,5.4,12.4,1st quarter,3:37.0,Shareef Abdur-Rahim,ATL,False,2-pointer,20,23-16,'MIN',leads
182,182,182,200212120MIN,37.1,10.1,1st quarter,3:33.0,Dion Glover,ATL,False,2-pointer,14,23-16,'MIN',leads
183,183,183,200212120MIN,35.7,28.7,1st quarter,3:06.0,Glenn Robinson,ATL,True,3-pointer,26,26-19,'MIN',leads
184,184,184,200212120MIN,42.2,5.0,1st quarter,2:44.0,Glenn Robinson,ATL,False,2-pointer,18,26-21,'MIN',leads
185,185,185,200212120MIN,8.1,5.5,1st quarter,2:01.0,Alan Henderson,ATL,True,2-pointer,16,28-23,'MIN',leads
186,186,186,200212120MIN,27.8,18.2,1st quarter,0:52.1,Alan Henderson,ATL,True,2-pointer,14,30-27,'MIN',leads
187,187,187,200212120MIN,38.8,26.4,1st quarter,0:29.5,Jason Terry,ATL,False,3-pointer,26,30-29,'MIN',leads
188,188,188,200212120MIN,26.6,11.4,2nd quarter,11:23.0,Alan Henderson,ATL,False,2-pointer,7,30-29,'MIN',leads
189,189,189,200212120MIN,1.8,2.9,2nd quarter,10:48.0,Emanual Davis,ATL,True,3-pointer,22,33-32,'MIN',leads
190,190,190,200212120MIN,26.1,9.6,2nd quarter,9:31.0,Emanual Davis,ATL,True,2-pointer,5,35-36,'MIN',trails
191,191,191,200212120MIN,22.4,25.6,2nd quarter,9:00.0,Emanual Davis,ATL,True,2-pointer,21,37-36,'MIN',leads
192,192,192,200212120MIN,24.0,5.0,2nd quarter,8:44.0,Dion Glover,ATL,True,2-pointer,0,39-36,'MIN',leads
193,193,193,200212120MIN,4.5,2.6,2nd quarter,8:10.0,Emanual Davis,ATL,True,2-pointer,20,41-36,'MIN',leads
194,194,194,200212120MIN,24.0,5.0,2nd quarter,6:49.0,Dion Glover,ATL,False,2-pointer,0,43-40,'MIN',leads
195,195,195,200212120MIN,24.0,5.0,2nd quarter,6:40.0,Shareef Abdur-Rahim,ATL,True,2-pointer,0,45-40,'MIN',leads
196,196,196,200212120MIN,24.0,5.0,2nd quarter,6:03.0,Darvin Ham,ATL,True,2-pointer,0,47-43,'MIN',leads
197,197,197,200212120MIN,6.6,5.3,2nd quarter,5:30.0,Shareef Abdur-Rahim,ATL,True,2-pointer,17,49-45,'MIN',leads
198,198,198,200212120MIN,39.4,9.1,2nd quarter,4:50.0,Glenn Robinson,ATL,False,2-pointer,16,49-46,'MIN',leads
199,199,199,200212120MIN,2.0,15.2,2nd quarter,4:06.0,Jason Terry,ATL,True,3-pointer,24,52-48,'MIN',leads
200,200,200,200212120MIN,16.5,29.7,2nd quarter,2:53.0,Jason Terry,ATL,False,3-pointer,26,52-51,'MIN',leads
201,201,201,200212120MIN,15.3,24.7,2nd quarter,2:20.0,Glenn Robinson,ATL,False,2-pointer,22,52-53,'MIN',trails
202,202,202,200212120MIN,8.7,3.6,2nd quarter,1:58.0,Jason Terry,ATL,False,2-pointer,15,53-53,'MIN',tied
203,203,203,200212120MIN,1.5,2.7,2nd quarter,1:46.0,Glenn Robinson,ATL,True,3-pointer,23,56-53,'MIN',leads
204,204,204,200212120MIN,24.0,5.0,2nd quarter,1:11.0,Shareef Abdur-Rahim,ATL,False,2-pointer,0,56-56,'MIN',tied
205,205,205,200212120MIN,47.3,5.5,2nd quarter,0:02.5,Dion Glover,ATL,False,3-pointer,23,56-61,'MIN',trails
206,206,206,200212120MIN,36.3,22.4,3rd quarter,11:39.0,Glenn Robinson,ATL,True,2-pointer,21,58-63,'MIN',trails
207,207,207,200212120MIN,3.5,18.5,3rd quarter,11:08.0,Glenn Robinson,ATL,False,3-pointer,25,58-65,'MIN',trails
208,208,208,200212120MIN,24.0,5.0,3rd quarter,10:47.0,Dion Glover,ATL,False,2-pointer,0,58-65,'MIN',trails
209,209,209,200212120MIN,40.3,4.2,3rd quarter,10:17.0,Theo Ratliff,ATL,False,2-pointer,16,58-67,'MIN',trails
210,210,210,200212120MIN,47.2,2.9,3rd quarter,9:36.0,Dion Glover,ATL,False,3-pointer,23,58-69,'MIN',trails
211,211,211,200212120MIN,33.0,6.5,3rd quarter,9:33.0,Dion Glover,ATL,False,2-pointer,9,58-69,'MIN',trails
212,212,212,200212120MIN,24.0,5.0,3rd quarter,9:15.0,Glenn Robinson,ATL,True,2-pointer,0,60-69,'MIN',trails
213,213,213,200212120MIN,43.2,22.4,3rd quarter,8:19.0,Glenn Robinson,ATL,False,3-pointer,26,60-71,'MIN',trails
214,214,214,200212120MIN,24.0,5.0,3rd quarter,8:13.0,Theo Ratliff,ATL,True,2-pointer,0,62-71,'MIN',trails
215,215,215,200212120MIN,5.3,22.3,3rd quarter,7:21.0,Jason Terry,ATL,False,3-pointer,25,62-73,'MIN',trails
216,216,216,200212120MIN,33.8,18.2,3rd quarter,6:20.0,Glenn Robinson,ATL,True,2-pointer,16,64-75,'MIN',trails
217,217,217,200212120MIN,24.0,5.0,3rd quarter,5:44.0,Dion Glover,ATL,False,2-pointer,0,64-75,'MIN',trails
218,218,218,200212120MIN,16.1,13.1,3rd quarter,5:15.0,Theo Ratliff,ATL,False,2-pointer,11,64-75,'MIN',trails
219,219,219,200212120MIN,18.9,23.3,3rd quarter,4:36.0,Shareef Abdur-Rahim,ATL,True,2-pointer,19,66-77,'MIN',trails
220,220,220,200212120MIN,41.6,18.5,3rd quarter,3:36.0,Glenn Robinson,ATL,False,2-pointer,22,68-77,'MIN',trails
221,221,221,200212120MIN,24.0,5.0,3rd quarter,2:50.0,Emanual Davis,ATL,True,2-pointer,0,70-79,'MIN',trails
222,222,222,200212120MIN,12.3,21.4,3rd quarter,2:01.0,Jason Terry,ATL,False,2-pointer,20,70-79,'MIN',trails
223,223,223,200212120MIN,39.4,10.3,3rd quarter,1:32.0,Emanual Davis,ATL,False,2-pointer,16,70-79,'MIN',trails
224,224,224,200212120MIN,20.1,16.7,3rd quarter,0:58.4,Darvin Ham,ATL,False,2-pointer,12,70-82,'MIN',trails
225,225,225,200212120MIN,24.0,5.0,3rd quarter,0:28.5,Darvin Ham,ATL,False,2-pointer,0,70-85,'MIN',trails
226,226,226,200212120MIN,28.1,30.2,3rd quarter,0:03.7,Jason Terry,ATL,True,3-pointer,26,73-87,'MIN',trails
227,227,227,200212120MIN,36.1,5.8,4th quarter,11:45.0,Shareef Abdur-Rahim,ATL,False,2-pointer,12,73-87,'MIN',trails
228,228,228,200212120MIN,7.9,4.2,4th quarter,11:35.0,Alan Henderson,ATL,True,2-pointer,16,75-87,'MIN',trails
229,229,229,200212120MIN,27.9,24.2,4th quarter,11:03.0,Glenn Robinson,ATL,True,2-pointer,20,77-89,'MIN',trails
230,230,230,200212120MIN,7.4,4.2,4th quarter,10:37.0,Alan Henderson,ATL,False,2-pointer,17,77-89,'MIN',trails
231,231,231,200212120MIN,27.6,13.9,4th quarter,10:08.0,Glenn Robinson,ATL,False,2-pointer,10,77-90,'MIN',trails
232,232,232,200212120MIN,36.0,22.4,4th quarter,9:19.0,Dion Glover,ATL,True,2-pointer,21,79-94,'MIN',trails
233,233,233,200212120MIN,8.2,4.5,4th quarter,8:14.0,Shareef Abdur-Rahim,ATL,True,2-pointer,16,81-96,'MIN',trails
234,234,234,200212120MIN,35.3,17.7,4th quarter,7:47.0,Theo Ratliff,ATL,False,2-pointer,17,81-97,'MIN',trails
235,235,235,200212120MIN,37.0,12.2,4th quarter,7:40.0,Shareef Abdur-Rahim,ATL,False,2-pointer,15,81-97,'MIN',trails
236,236,236,200212120MIN,1.8,5.8,4th quarter,7:04.0,Emanual Davis,ATL,True,3-pointer,22,84-99,'MIN',trails
237,237,237,200212120MIN,1.8,3.7,4th quarter,5:31.0,Emanual Davis,ATL,False,3-pointer,22,85-104,'MIN',trails
238,238,238,200212120MIN,42.7,5.0,4th quarter,3:59.0,Alan Henderson,ATL,False,2-pointer,19,85-107,'MIN',trails
239,239,239,200212120MIN,22.0,11.6,4th quarter,3:36.0,Jason Terry,ATL,True,2-pointer,7,87-109,'MIN',trails
240,240,240,200212120MIN,8.9,12.7,4th quarter,2:52.0,Nazr Mohammed,ATL,False,2-pointer,17,87-111,'MIN',trails
241,241,241,200212120MIN,42.1,3.7,4th quarter,2:48.0,Dion Glover,ATL,False,2-pointer,18,87-111,'MIN',trails
242,242,242,200212120MIN,8.2,4.2,4th quarter,2:09.0,Nazr Mohammed,ATL,False,2-pointer,16,87-111,'MIN',trails
243,243,243,200212120MIN,28.1,10.1,4th quarter,2:06.0,Darvin Ham,ATL,True,2-pointer,7,89-111,'MIN',trails
244,244,244,200212120MIN,24.0,5.0,4th quarter,1:42.0,Dion Glover,ATL,False,2-pointer,0,89-111,'MIN',trails
245,245,245,200212120MIN,41.7,3.6,4th quarter,1:01.0,Darvin Ham,ATL,True,2-pointer,18,93-111,'MIN',trails
246,246,246,200212120MIN,24.0,5.0,4th quarter,0:03.4,Nazr Mohammed,ATL,True,2-pointer,0,95-113,'MIN',trails
247,247,247,200212120MIN,10.9,21.3,1st quarter,11:22.0,Kendall Gill,MIN,False,2-pointer,21,0-0,'MIN',tied
248,248,248,200212120MIN,28.9,9.9,1st quarter,11:19.0,Rasho Nesterović,MIN,False,2-pointer,7,0-0,'MIN',tied
249,249,249,200212120MIN,24.0,5.0,1st quarter,11:16.0,Kevin Garnett,MIN,False,2-pointer,0,0-0,'MIN',tied
250,250,250,200212120MIN,9.4,4.1,1st quarter,11:01.0,Kevin Garnett,MIN,False,2-pointer,15,0-2,'MIN',trails
251,251,251,200212120MIN,28.1,10.1,1st quarter,10:36.0,Gary Trent,MIN,True,2-pointer,7,2-4,'MIN',trails
252,252,252,200212120MIN,5.4,3.1,1st quarter,9:45.0,Kendall Gill,MIN,False,2-pointer,19,4-6,'MIN',trails
253,253,253,200212120MIN,22.4,23.7,1st quarter,9:16.0,Rasho Nesterović,MIN,True,2-pointer,19,6-8,'MIN',trails
254,254,254,200212120MIN,7.1,9.0,1st quarter,8:42.0,Troy Hudson,MIN,False,2-pointer,17,6-8,'MIN',trails
255,255,255,200212120MIN,24.0,5.0,1st quarter,7:41.0,Rasho Nesterović,MIN,False,2-pointer,0,6-11,'MIN',trails
256,256,256,200212120MIN,24.0,5.0,1st quarter,7:15.0,Rasho Nesterović,MIN,True,2-pointer,0,8-13,'MIN',trails
257,257,257,200212120MIN,22.2,9.9,1st quarter,6:15.0,Kevin Garnett,MIN,True,2-pointer,5,10-18,'MIN',trails
258,258,258,200212120MIN,39.9,4.5,1st quarter,5:23.0,Joe Smith,MIN,False,2-pointer,16,10-18,'MIN',trails
259,259,259,200212120MIN,7.6,4.1,1st quarter,4:55.0,Joe Smith,MIN,True,2-pointer,16,12-19,'MIN',trails
260,260,260,200212120MIN,28.9,23.1,1st quarter,4:31.0,Rasho Nesterović,MIN,True,2-pointer,19,14-21,'MIN',trails
261,261,261,200212120MIN,44.9,4.4,1st quarter,3:57.0,Anthony Peeler,MIN,False,2-pointer,21,14-23,'MIN',trails
262,262,262,200212120MIN,25.5,11.3,1st quarter,3:51.0,Joe Smith,MIN,True,2-pointer,6,16-23,'MIN',trails
263,263,263,200212120MIN,32.0,29.5,1st quarter,3:25.0,Anthony Peeler,MIN,True,3-pointer,26,19-23,'MIN',trails
264,264,264,200212120MIN,10.7,2.9,1st quarter,2:28.0,Kevin Garnett,MIN,True,2-pointer,13,23-26,'MIN',trails
265,265,265,200212120MIN,39.6,3.4,1st quarter,1:49.0,Kevin Garnett,MIN,True,2-pointer,16,25-28,'MIN',trails
266,266,266,200212120MIN,6.6,4.9,1st quarter,1:26.0,Anthony Peeler,MIN,True,2-pointer,17,27-28,'MIN',trails
267,267,267,200212120MIN,24.0,5.0,1st quarter,0:39.3,Marc Jackson,MIN,False,2-pointer,0,27-30,'MIN',trails
268,268,268,200212120MIN,40.4,18.0,1st quarter,0:01.0,Troy Hudson,MIN,False,2-pointer,21,29-30,'MIN',trails
269,269,269,200212120MIN,14.8,7.3,2nd quarter,11:45.0,Kevin Garnett,MIN,False,2-pointer,9,29-30,'MIN',trails
270,270,270,200212120MIN,24.0,5.0,2nd quarter,11:15.0,Anthony Peeler,MIN,False,2-pointer,0,29-30,'MIN',trails
271,271,271,200212120MIN,24.0,5.0,2nd quarter,11:10.0,Anthony Peeler,MIN,False,2-pointer,0,29-30,'MIN',trails
272,272,272,200212120MIN,24.0,5.0,2nd quarter,11:07.0,Joe Smith,MIN,True,2-pointer,0,31-30,'MIN',leads
273,273,273,200212120MIN,16.6,6.5,2nd quarter,10:21.0,Marc Jackson,MIN,True,2-pointer,8,34-33,'MIN',leads
274,274,274,200212120MIN,28.1,9.6,2nd quarter,9:54.0,Marc Jackson,MIN,True,2-pointer,6,36-33,'MIN',leads
275,275,275,200212120MIN,44.5,3.4,2nd quarter,9:19.0,Kendall Gill,MIN,False,2-pointer,21,36-35,'MIN',leads
276,276,276,200212120MIN,8.1,4.7,2nd quarter,8:49.0,Joe Smith,MIN,False,2-pointer,16,36-37,'MIN',trails
277,277,277,200212120MIN,39.1,17.3,2nd quarter,8:28.0,Rod Strickland,MIN,False,2-pointer,19,36-39,'MIN',trails
278,278,278,200212120MIN,40.1,4.4,2nd quarter,7:52.0,Kendall Gill,MIN,False,2-pointer,16,36-41,'MIN',trails
279,279,279,200212120MIN,24.0,5.0,2nd quarter,7:50.0,Joe Smith,MIN,True,2-pointer,0,38-41,'MIN',trails
280,280,280,200212120MIN,38.0,6.7,2nd quarter,7:21.0,Kevin Garnett,MIN,False,2-pointer,14,38-43,'MIN',trails
281,281,281,200212120MIN,24.0,5.0,2nd quarter,7:17.0,Kendall Gill,MIN,False,2-pointer,0,38-43,'MIN',trails
282,282,282,200212120MIN,24.0,5.0,2nd quarter,7:15.0,Kendall Gill,MIN,True,2-pointer,0,40-43,'MIN',trails
283,283,283,200212120MIN,7.1,23.6,2nd quarter,6:23.0,Troy Hudson,MIN,True,3-pointer,25,43-45,'MIN',trails
284,284,284,200212120MIN,6.6,22.6,2nd quarter,5:47.0,Troy Hudson,MIN,False,3-pointer,25,43-47,'MIN',trails
285,285,285,200212120MIN,18.9,9.6,2nd quarter,5:44.0,Rasho Nesterović,MIN,True,2-pointer,7,45-47,'MIN',trails
286,286,286,200212120MIN,8.1,18.8,2nd quarter,5:10.0,Troy Hudson,MIN,False,2-pointer,21,45-49,'MIN',trails
287,287,287,200212120MIN,24.0,5.0,2nd quarter,4:36.0,Kendall Gill,MIN,False,2-pointer,0,46-49,'MIN',trails
288,288,288,200212120MIN,24.0,5.0,2nd quarter,4:33.0,Kendall Gill,MIN,False,2-pointer,0,46-49,'MIN',trails
289,289,289,200212120MIN,24.0,5.0,2nd quarter,4:31.0,Rasho Nesterović,MIN,True,2-pointer,0,48-49,'MIN',trails
290,290,290,200212120MIN,4.6,2.1,2nd quarter,3:34.0,Kendall Gill,MIN,False,2-pointer,20,49-52,'MIN',trails
291,291,291,200212120MIN,24.0,5.0,2nd quarter,3:19.0,Kendall Gill,MIN,True,2-pointer,0,51-52,'MIN',trails
292,292,292,200212120MIN,44.7,4.1,2nd quarter,2:36.0,Troy Hudson,MIN,False,2-pointer,21,51-52,'MIN',trails
293,293,293,200212120MIN,24.0,5.0,2nd quarter,2:31.0,Gary Trent,MIN,True,2-pointer,0,53-52,'MIN',leads
294,294,294,200212120MIN,45.7,18.2,2nd quarter,1:27.0,Kevin Garnett,MIN,True,3-pointer,25,56-56,'MIN',tied
295,295,295,200212120MIN,42.6,14.4,2nd quarter,1:02.0,Troy Hudson,MIN,True,2-pointer,21,58-56,'MIN',leads
296,296,296,200212120MIN,45.7,19.5,2nd quarter,0:25.7,Troy Hudson,MIN,True,3-pointer,26,61-56,'MIN',leads
297,297,297,200212120MIN,7.7,21.6,2nd quarter,0:00.0,Kendall Gill,MIN,True,2-pointer,23,63-56,'MIN',leads
298,298,298,200212120MIN,38.8,20.5,3rd quarter,11:48.0,Gary Trent,MIN,False,2-pointer,21,63-56,'MIN',leads
299,299,299,200212120MIN,24.0,5.0,3rd quarter,11:26.0,Rasho Nesterović,MIN,True,2-pointer,0,65-58,'MIN',leads
300,300,300,200212120MIN,27.9,23.9,3rd quarter,10:56.0,Rasho Nesterović,MIN,False,2-pointer,19,65-58,'MIN',leads
301,301,301,200212120MIN,21.5,16.8,3rd quarter,10:38.0,Troy Hudson,MIN,True,2-pointer,12,67-58,'MIN',leads
302,302,302,200212120MIN,22.7,21.3,3rd quarter,10:04.0,Rasho Nesterović,MIN,True,2-pointer,16,69-58,'MIN',leads
303,303,303,200212120MIN,26.9,10.4,3rd quarter,9:21.0,Rasho Nesterović,MIN,False,2-pointer,6,69-58,'MIN',leads
304,304,304,200212120MIN,9.5,11.8,3rd quarter,8:00.0,Kendall Gill,MIN,False,2-pointer,16,71-62,'MIN',leads
305,305,305,200212120MIN,7.7,3.7,3rd quarter,7:43.0,Gary Trent,MIN,True,2-pointer,16,73-62,'MIN',leads
306,306,306,200212120MIN,24.0,5.0,3rd quarter,7:28.0,Kendall Gill,MIN,False,2-pointer,0,73-62,'MIN',leads
307,307,307,200212120MIN,10.7,11.6,3rd quarter,6:55.0,Kevin Garnett,MIN,False,2-pointer,15,73-62,'MIN',leads
308,308,308,200212120MIN,30.4,22.6,3rd quarter,6:43.0,Rasho Nesterović,MIN,True,2-pointer,19,75-62,'MIN',leads
309,309,309,200212120MIN,5.4,7.5,3rd quarter,5:35.0,Gary Trent,MIN,False,2-pointer,19,75-64,'MIN',leads
310,310,310,200212120MIN,36.1,22.3,3rd quarter,4:55.0,Kevin Garnett,MIN,True,2-pointer,21,77-64,'MIN',leads
311,311,311,200212120MIN,36.3,9.1,3rd quarter,4:20.0,Kevin Garnett,MIN,False,2-pointer,13,77-66,'MIN',leads
312,312,312,200212120MIN,31.1,16.8,3rd quarter,3:42.0,Kevin Garnett,MIN,False,2-pointer,14,77-68,'MIN',leads
313,313,313,200212120MIN,7.1,5.3,3rd quarter,3:17.0,Marc Jackson,MIN,False,2-pointer,17,77-68,'MIN',leads
314,314,314,200212120MIN,24.0,5.0,3rd quarter,3:14.0,Joe Smith,MIN,True,2-pointer,0,79-68,'MIN',leads
315,315,315,200212120MIN,20.9,12.1,3rd quarter,2:30.0,Rod Strickland,MIN,False,2-pointer,8,79-70,'MIN',leads
316,316,316,200212120MIN,2.3,17.0,3rd quarter,1:18.0,Anthony Peeler,MIN,True,3-pointer,25,82-70,'MIN',leads
317,317,317,200212120MIN,8.7,24.7,3rd quarter,0:48.8,Kevin Garnett,MIN,True,3-pointer,25,85-70,'MIN',leads
318,318,318,200212120MIN,24.0,5.0,3rd quarter,0:24.0,Kevin Garnett,MIN,True,2-pointer,0,87-70,'MIN',leads
319,319,319,200212120MIN,8.1,9.1,4th quarter,10:46.0,Marc Jackson,MIN,False,2-pointer,16,89-77,'MIN',leads
320,320,320,200212120MIN,24.0,5.0,4th quarter,10:01.0,Kendall Gill,MIN,True,2-pointer,0,92-77,'MIN',leads
321,321,321,200212120MIN,9.5,9.6,4th quarter,7:22.0,Kevin Garnett,MIN,True,2-pointer,15,99-81,'MIN',leads
322,322,322,200212120MIN,39.6,25.2,4th quarter,6:19.0,Troy Hudson,MIN,True,3-pointer,26,102-85,'MIN',leads
323,323,323,200212120MIN,24.0,5.0,4th quarter,5:52.0,Kevin Garnett,MIN,False,2-pointer,0,102-85,'MIN',leads
324,324,324,200212120MIN,9.7,14.5,4th quarter,5:49.0,Kendall Gill,MIN,True,2-pointer,17,104-85,'MIN',leads
325,325,325,200212120MIN,24.0,5.0,4th quarter,4:59.0,Kevin Garnett,MIN,True,2-pointer,0,107-85,'MIN',leads
326,326,326,200212120MIN,24.0,5.0,4th quarter,3:51.0,Kendall Gill,MIN,False,2-pointer,0,107-85,'MIN',leads
327,327,327,200212120MIN,24.0,5.0,4th quarter,3:50.0,Joe Smith,MIN,True,2-pointer,0,109-85,'MIN',leads
328,328,328,200212120MIN,19.9,9.0,4th quarter,3:15.0,Rasho Nesterović,MIN,True,2-pointer,6,111-87,'MIN',leads
329,329,329,200212120MIN,42.4,8.1,4th quarter,2:33.0,Troy Hudson,MIN,False,2-pointer,19,111-87,'MIN',leads
330,330,330,200212120MIN,24.0,5.0,4th quarter,1:50.0,Igor Rakočević,MIN,False,2-pointer,0,111-89,'MIN',leads
331,331,331,200212120MIN,28.6,14.1,4th quarter,1:17.0,Loren Woods,MIN,False,2-pointer,10,111-91,'MIN',leads
332,332,332,200212120MIN,20.4,22.3,4th quarter,0:47.4,Reggie Slater,MIN,False,2-pointer,18,111-93,'MIN',leads
333,333,333,200212120MIN,24.0,5.0,4th quarter,0:09.9,Loren Woods,MIN,True,2-pointer,0,113-93,'MIN',leads
334,334,334,200212120UTA,28.1,8.8,1st quarter,11:44.0,Jamaal Magloire,NOH,False,2-pointer,6,0-0,'UTA',tied
335,335,335,200212120UTA,12.3,5.2,1st quarter,11:14.0,Jamal Mashburn,NOH,True,2-pointer,12,2-2,'UTA',tied
336,336,336,200212120UTA,19.4,28.3,1st quarter,10:42.0,David Wesley,NOH,False,3-pointer,24,2-2,'UTA',tied
337,337,337,200212120UTA,38.9,22.6,1st quarter,10:20.0,Jamal Mashburn,NOH,False,2-pointer,23,2-2,'UTA',tied
338,338,338,200212120UTA,10.9,18.5,1st quarter,10:09.0,David Wesley,NOH,False,2-pointer,19,2-2,'UTA',tied
339,339,339,200212120UTA,38.0,24.9,1st quarter,8:48.0,Baron Davis,NOH,False,3-pointer,24,2-6,'UTA',trails
340,340,340,200212120UTA,24.0,5.0,1st quarter,8:07.0,Jamaal Magloire,NOH,False,2-pointer,0,2-6,'UTA',trails
341,341,341,200212120UTA,24.0,5.0,1st quarter,8:04.0,Jamaal Magloire,NOH,False,2-pointer,0,2-6,'UTA',trails
342,342,342,200212120UTA,5.3,2.7,1st quarter,7:45.0,David Wesley,NOH,False,2-pointer,19,2-8,'UTA',trails
343,343,343,200212120UTA,19.1,29.0,1st quarter,7:04.0,Baron Davis,NOH,False,3-pointer,25,2-10,'UTA',trails
344,344,344,200212120UTA,4.6,2.2,1st quarter,6:34.0,P.J. Brown,NOH,False,2-pointer,20,2-10,'UTA',trails
345,345,345,200212120UTA,24.0,5.0,1st quarter,6:32.0,Jamaal Magloire,NOH,True,2-pointer,0,4-10,'UTA',trails
346,346,346,200212120UTA,36.3,10.6,1st quarter,4:35.0,Jamal Mashburn,NOH,False,2-pointer,14,6-14,'UTA',trails
347,347,347,200212120UTA,16.9,28.7,1st quarter,4:31.0,Baron Davis,NOH,False,3-pointer,25,6-14,'UTA',trails
348,348,348,200212120UTA,2.8,5.2,1st quarter,4:00.0,Jamal Mashburn,NOH,True,2-pointer,21,8-14,'UTA',trails
349,349,349,200212120UTA,37.0,18.5,1st quarter,3:31.0,Jamal Mashburn,NOH,True,2-pointer,19,10-14,'UTA',trails
350,350,350,200212120UTA,18.8,24.4,1st quarter,2:12.0,Elden Campbell,NOH,False,2-pointer,20,10-16,'UTA',trails
351,351,351,200212120UTA,40.4,23.4,1st quarter,1:06.0,Baron Davis,NOH,False,3-pointer,25,10-21,'UTA',trails
352,352,352,200212120UTA,25.5,20.8,1st quarter,0:24.9,Jamal Mashburn,NOH,True,2-pointer,16,12-24,'UTA',trails
353,353,353,200212120UTA,26.8,36.9,1st quarter,0:00.1,Baron Davis,NOH,False,3-pointer,32,12-24,'UTA',trails
354,354,354,200212120UTA,24.0,5.0,2nd quarter,11:01.0,George Lynch,NOH,False,2-pointer,0,12-24,'UTA',trails
355,355,355,200212120UTA,27.4,6.7,2nd quarter,10:59.0,George Lynch,NOH,False,2-pointer,4,12-24,'UTA',trails
356,356,356,200212120UTA,24.1,24.6,2nd quarter,10:17.0,Courtney Alexander,NOH,False,2-pointer,20,12-24,'UTA',trails
357,357,357,200212120UTA,24.0,5.0,2nd quarter,9:08.0,George Lynch,NOH,False,2-pointer,0,12-26,'UTA',trails
358,358,358,200212120UTA,25.5,9.1,2nd quarter,8:59.0,Elden Campbell,NOH,True,2-pointer,4,14-26,'UTA',trails
359,359,359,200212120UTA,13.8,4.2,2nd quarter,7:52.0,Elden Campbell,NOH,True,2-pointer,10,18-26,'UTA',trails
360,360,360,200212120UTA,43.2,6.0,2nd quarter,7:11.0,Jamal Mashburn,NOH,False,2-pointer,19,18-28,'UTA',trails
361,361,361,200212120UTA,25.0,12.2,2nd quarter,6:54.0,George Lynch,NOH,False,2-pointer,7,18-28,'UTA',trails
362,362,362,200212120UTA,5.8,2.9,2nd quarter,6:44.0,Elden Campbell,NOH,True,2-pointer,18,20-28,'UTA',trails
363,363,363,200212120UTA,24.0,5.0,2nd quarter,5:42.0,Jamal Mashburn,NOH,False,2-pointer,0,21-30,'UTA',trails
364,364,364,200212120UTA,20.1,20.0,2nd quarter,5:31.0,Stacey Augmon,NOH,False,2-pointer,16,21-30,'UTA',trails
365,365,365,200212120UTA,32.2,4.7,2nd quarter,4:57.0,P.J. Brown,NOH,False,2-pointer,8,21-32,'UTA',trails
366,366,366,200212120UTA,37.1,25.9,2nd quarter,4:10.0,David Wesley,NOH,True,3-pointer,25,24-34,'UTA',trails
367,367,367,200212120UTA,39.1,23.7,2nd quarter,3:29.0,David Wesley,NOH,True,3-pointer,24,27-34,'UTA',trails
368,368,368,200212120UTA,15.6,19.5,2nd quarter,3:01.0,Jamal Mashburn,NOH,False,2-pointer,17,27-34,'UTA',trails
369,369,369,200212120UTA,24.0,5.0,2nd quarter,2:30.0,Jamaal Magloire,NOH,True,2-pointer,0,29-36,'UTA',trails
370,370,370,200212120UTA,24.0,5.0,2nd quarter,1:50.0,Jamal Mashburn,NOH,False,2-pointer,0,29-38,'UTA',trails
371,371,371,200212120UTA,39.3,23.1,2nd quarter,1:22.0,David Wesley,NOH,True,3-pointer,24,33-38,'UTA',trails
372,372,372,200212120UTA,24.0,5.0,2nd quarter,1:03.0,Jamaal Magloire,NOH,True,2-pointer,0,35-38,'UTA',trails
373,373,373,200212120UTA,21.2,23.4,2nd quarter,0:29.6,Baron Davis,NOH,False,2-pointer,19,35-38,'UTA',trails
374,374,374,200212120UTA,24.0,5.0,2nd quarter,0:06.9,Jamal Mashburn,NOH,False,2-pointer,0,35-38,'UTA',trails
375,375,375,200212120UTA,25.1,29.2,3rd quarter,11:31.0,David Wesley,NOH,True,3-pointer,24,38-40,'UTA',trails
376,376,376,200212120UTA,24.0,5.0,3rd quarter,11:13.0,David Wesley,NOH,True,2-pointer,0,40-40,'UTA',tied
377,377,377,200212120UTA,8.2,15.5,3rd quarter,10:17.0,Jamal Mashburn,NOH,True,2-pointer,19,45-41,'UTA',leads
378,378,378,200212120UTA,6.9,2.6,3rd quarter,9:29.0,David Wesley,NOH,False,2-pointer,17,45-43,'UTA',leads
379,379,379,200212120UTA,26.3,20.0,3rd quarter,9:01.0,Jamal Mashburn,NOH,True,2-pointer,15,47-45,'UTA',leads
380,380,380,200212120UTA,24.0,24.4,3rd quarter,8:27.0,Jamal Mashburn,NOH,False,2-pointer,19,47-47,'UTA',tied
381,381,381,200212120UTA,24.0,5.0,3rd quarter,8:25.0,Jamaal Magloire,NOH,True,2-pointer,0,49-47,'UTA',leads
382,382,382,200212120UTA,24.0,5.0,3rd quarter,7:42.0,Jamaal Magloire,NOH,True,2-pointer,0,51-49,'UTA',leads
383,383,383,200212120UTA,39.9,22.8,3rd quarter,7:07.0,David Wesley,NOH,True,3-pointer,24,54-51,'UTA',leads
384,384,384,200212120UTA,1.2,2.9,3rd quarter,6:20.0,David Wesley,NOH,True,3-pointer,23,57-53,'UTA',leads
385,385,385,200212120UTA,33.5,27.2,3rd quarter,5:28.0,Baron Davis,NOH,False,3-pointer,24,57-55,'UTA',leads
386,386,386,200212120UTA,31.1,6.2,3rd quarter,5:04.0,Jamaal Magloire,NOH,True,2-pointer,7,59-55,'UTA',leads
387,387,387,200212120UTA,24.0,5.0,3rd quarter,4:10.0,David Wesley,NOH,False,2-pointer,0,60-55,'UTA',leads
388,388,388,200212120UTA,36.8,25.4,3rd quarter,4:03.0,Jamal Mashburn,NOH,True,3-pointer,24,63-55,'UTA',leads
389,389,389,200212120UTA,38.1,18.3,3rd quarter,2:49.0,Jamal Mashburn,NOH,False,2-pointer,19,63-59,'UTA',leads
390,390,390,200212120UTA,5.6,20.8,3rd quarter,1:44.0,Jamal Mashburn,NOH,True,3-pointer,24,66-63,'UTA',leads
391,391,391,200212120UTA,4.0,2.4,3rd quarter,0:54.4,Baron Davis,NOH,True,2-pointer,20,68-63,'UTA',leads
392,392,392,200212120UTA,1.7,4.2,3rd quarter,0:21.0,David Wesley,NOH,True,3-pointer,22,71-65,'UTA',leads
393,393,393,200212120UTA,13.7,27.4,3rd quarter,0:02.0,Baron Davis,NOH,False,3-pointer,25,71-67,'UTA',leads
394,394,394,200212120UTA,23.7,16.8,4th quarter,11:39.0,Stacey Augmon,NOH,False,2-pointer,12,71-67,'UTA',leads
395,395,395,200212120UTA,37.3,18.2,4th quarter,10:49.0,Jamal Mashburn,NOH,False,2-pointer,19,71-69,'UTA',leads
396,396,396,200212120UTA,38.8,16.8,4th quarter,9:47.0,Baron Davis,NOH,False,2-pointer,19,71-69,'UTA',leads
397,397,397,200212120UTA,24.0,5.0,4th quarter,8:41.0,Jamal Mashburn,NOH,False,2-pointer,0,71-71,'UTA',tied
398,398,398,200212120UTA,24.6,7.3,4th quarter,8:39.0,Jamal Mashburn,NOH,False,2-pointer,2,71-71,'UTA',tied
399,399,399,200212120UTA,20.7,22.4,4th quarter,8:23.0,David Wesley,NOH,True,2-pointer,18,73-72,'UTA',leads
400,400,400,200212120UTA,8.7,20.8,4th quarter,6:56.0,David Wesley,NOH,False,2-pointer,22,75-74,'UTA',leads
401,401,401,200212120UTA,24.0,5.0,4th quarter,6:14.0,Jamal Mashburn,NOH,False,2-pointer,0,76-74,'UTA',leads
402,402,402,200212120UTA,24.0,5.0,4th quarter,5:19.0,Elden Campbell,NOH,True,2-pointer,0,78-77,'UTA',leads
403,403,403,200212120UTA,13.7,2.4,4th quarter,4:02.0,Jamaal Magloire,NOH,False,2-pointer,11,78-78,'UTA',tied
404,404,404,200212120UTA,47.3,3.9,4th quarter,3:03.0,David Wesley,NOH,True,3-pointer,23,82-82,'UTA',tied
405,405,405,200212120UTA,31.9,4.1,4th quarter,1:42.0,Elden Campbell,NOH,False,2-pointer,8,84-84,'UTA',tied
406,406,406,200212120UTA,27.6,29.8,4th quarter,0:58.0,Baron Davis,NOH,True,3-pointer,25,88-84,'UTA',leads
407,407,407,200212120UTA,24.0,5.0,4th quarter,0:30.1,Baron Davis,NOH,False,2-pointer,0,88-86,'UTA',leads
408,408,408,200212120UTA,45.2,16.4,4th quarter,0:24.1,David Wesley,NOH,False,3-pointer,24,88-86,'UTA',leads
409,409,409,200212120UTA,24.0,5.0,4th quarter,0:06.1,Baron Davis,NOH,True,2-pointer,0,90-86,'UTA',leads
410,410,410,200212120UTA,4.0,3.4,1st quarter,11:35.0,Matt Harpring,UTA,True,2-pointer,20,2-0,'UTA',leads
411,411,411,200212120UTA,24.0,5.0,1st quarter,10:27.0,Greg Ostertag,UTA,False,2-pointer,0,2-2,'UTA',tied
412,412,412,200212120UTA,27.1,22.1,1st quarter,9:48.0,Matt Harpring,UTA,False,2-pointer,17,2-2,'UTA',tied
413,413,413,200212120UTA,33.2,14.5,1st quarter,9:41.0,John Stockton,UTA,False,2-pointer,13,2-2,'UTA',tied
414,414,414,200212120UTA,24.0,5.0,1st quarter,9:38.0,Greg Ostertag,UTA,True,2-pointer,0,4-2,'UTA',leads
415,415,415,200212120UTA,24.0,5.0,1st quarter,9:12.0,Karl Malone,UTA,True,2-pointer,0,6-2,'UTA',leads
416,416,416,200212120UTA,24.3,22.4,1st quarter,8:20.0,Greg Ostertag,UTA,False,2-pointer,17,6-2,'UTA',leads
417,417,417,200212120UTA,24.0,5.0,1st quarter,8:01.0,Matt Harpring,UTA,True,2-pointer,0,8-2,'UTA',leads
418,418,418,200212120UTA,24.0,5.0,1st quarter,7:19.0,Calbert Cheaney,UTA,True,2-pointer,0,10-2,'UTA',leads
419,419,419,200212120UTA,24.0,5.0,1st quarter,6:56.0,Calbert Cheaney,UTA,False,2-pointer,0,10-2,'UTA',leads
420,420,420,200212120UTA,24.0,5.0,1st quarter,5:39.0,Calbert Cheaney,UTA,True,2-pointer,0,12-6,'UTA',leads
421,421,421,200212120UTA,24.0,5.0,1st quarter,4:52.0,Matt Harpring,UTA,True,2-pointer,0,14-6,'UTA',leads
422,422,422,200212120UTA,34.5,20.5,1st quarter,3:39.0,Karl Malone,UTA,False,2-pointer,19,14-8,'UTA',leads
423,423,423,200212120UTA,24.0,5.0,1st quarter,3:16.0,Karl Malone,UTA,True,2-pointer,0,16-10,'UTA',leads
424,424,424,200212120UTA,29.9,10.1,1st quarter,2:54.0,Matt Harpring,UTA,False,2-pointer,8,16-10,'UTA',leads
425,425,425,200212120UTA,33.8,27.4,1st quarter,1:46.0,Andrei Kirilenko,UTA,True,3-pointer,24,19-10,'UTA',leads
426,426,426,200212120UTA,24.0,5.0,1st quarter,1:17.0,Matt Harpring,UTA,True,2-pointer,0,21-10,'UTA',leads
427,427,427,200212120UTA,11.8,26.5,1st quarter,0:45.7,Mark Jackson,UTA,True,3-pointer,25,24-10,'UTA',leads
428,428,428,200212120UTA,25.8,24.2,2nd quarter,11:37.0,Scott Padgett,UTA,False,2-pointer,19,24-12,'UTA',leads
429,429,429,200212120UTA,14.3,18.3,2nd quarter,10:39.0,Calbert Cheaney,UTA,False,2-pointer,16,24-12,'UTA',leads
430,430,430,200212120UTA,24.0,5.0,2nd quarter,10:34.0,Andrei Kirilenko,UTA,False,2-pointer,0,24-12,'UTA',leads
431,431,431,200212120UTA,24.0,5.0,2nd quarter,10:34.0,Andrei Kirilenko,UTA,False,2-pointer,0,24-12,'UTA',leads
432,432,432,200212120UTA,24.0,5.0,2nd quarter,10:01.0,Andrei Kirilenko,UTA,True,2-pointer,0,26-12,'UTA',leads
433,433,433,200212120UTA,8.9,3.6,2nd quarter,9:24.0,Jarron Collins,UTA,False,2-pointer,15,26-12,'UTA',leads
434,434,434,200212120UTA,12.0,7.5,2nd quarter,8:40.0,Mark Jackson,UTA,False,2-pointer,12,26-14,'UTA',leads
435,435,435,200212120UTA,32.9,22.1,2nd quarter,8:15.0,Scott Padgett,UTA,False,2-pointer,19,26-16,'UTA',leads
436,436,436,200212120UTA,38.1,17.0,2nd quarter,7:32.0,John Stockton,UTA,True,2-pointer,19,28-18,'UTA',leads
437,437,437,200212120UTA,43.4,3.4,2nd quarter,6:25.0,John Stockton,UTA,True,2-pointer,19,30-20,'UTA',leads
438,438,438,200212120UTA,24.0,5.0,2nd quarter,5:20.0,Calbert Cheaney,UTA,True,2-pointer,0,32-21,'UTA',leads
439,439,439,200212120UTA,39.1,8.0,2nd quarter,4:45.0,Karl Malone,UTA,False,2-pointer,15,32-21,'UTA',leads
440,440,440,200212120UTA,24.0,5.0,2nd quarter,4:18.0,Karl Malone,UTA,True,2-pointer,0,34-21,'UTA',leads
441,441,441,200212120UTA,9.4,5.7,2nd quarter,3:45.0,Karl Malone,UTA,False,2-pointer,15,34-24,'UTA',leads
442,442,442,200212120UTA,24.0,5.0,2nd quarter,3:10.0,John Stockton,UTA,False,2-pointer,0,34-27,'UTA',leads
443,443,443,200212120UTA,24.0,5.0,2nd quarter,2:44.0,Calbert Cheaney,UTA,True,2-pointer,0,36-27,'UTA',leads
444,444,444,200212120UTA,11.8,14.7,2nd quarter,0:46.6,John Amaechi,UTA,False,2-pointer,16,38-35,'UTA',leads
445,445,445,200212120UTA,12.0,28.8,2nd quarter,0:00.1,John Stockton,UTA,False,3-pointer,27,38-35,'UTA',leads
446,446,446,200212120UTA,24.0,5.0,3rd quarter,11:48.0,Karl Malone,UTA,True,2-pointer,0,40-35,'UTA',leads
447,447,447,200212120UTA,25.0,8.5,3rd quarter,9:59.0,Calbert Cheaney,UTA,True,2-pointer,4,43-45,'UTA',trails
448,448,448,200212120UTA,24.0,5.0,3rd quarter,9:19.0,Matt Harpring,UTA,True,2-pointer,0,45-45,'UTA',tied
449,449,449,200212120UTA,24.0,5.0,3rd quarter,8:46.0,John Stockton,UTA,True,2-pointer,0,47-47,'UTA',tied
450,450,450,200212120UTA,24.0,5.0,3rd quarter,7:19.0,Calbert Cheaney,UTA,True,2-pointer,0,51-51,'UTA',tied
451,451,451,200212120UTA,24.0,5.0,3rd quarter,6:52.0,Greg Ostertag,UTA,False,2-pointer,0,51-54,'UTA',trails
452,452,452,200212120UTA,7.1,14.5,3rd quarter,6:33.0,Calbert Cheaney,UTA,False,2-pointer,19,51-54,'UTA',trails
453,453,453,200212120UTA,24.0,5.0,3rd quarter,6:32.0,Greg Ostertag,UTA,False,2-pointer,0,51-54,'UTA',trails
454,454,454,200212120UTA,20.4,28.5,3rd quarter,5:54.0,John Stockton,UTA,False,3-pointer,24,53-57,'UTA',trails
455,455,455,200212120UTA,26.3,13.1,3rd quarter,5:52.0,Calbert Cheaney,UTA,True,2-pointer,8,55-57,'UTA',trails
456,456,456,200212120UTA,40.4,2.9,3rd quarter,4:37.0,John Stockton,UTA,False,2-pointer,17,55-59,'UTA',trails
457,457,457,200212120UTA,24.0,5.0,3rd quarter,4:15.0,Karl Malone,UTA,False,2-pointer,0,55-60,'UTA',trails
458,458,458,200212120UTA,45.3,4.1,3rd quarter,3:42.0,Matt Harpring,UTA,True,2-pointer,21,57-63,'UTA',trails
459,459,459,200212120UTA,24.0,5.0,3rd quarter,3:08.0,Andrei Kirilenko,UTA,True,2-pointer,0,59-63,'UTA',trails
460,460,460,200212120UTA,24.0,18.5,3rd quarter,2:42.0,Mark Jackson,UTA,True,2-pointer,14,61-63,'UTA',trails
461,461,461,200212120UTA,24.0,5.0,3rd quarter,2:06.0,Matt Harpring,UTA,True,2-pointer,0,63-63,'UTA',tied
462,462,462,200212120UTA,35.5,22.4,3rd quarter,1:18.0,Karl Malone,UTA,False,2-pointer,21,63-66,'UTA',trails
463,463,463,200212120UTA,24.0,5.0,3rd quarter,0:41.2,Karl Malone,UTA,True,2-pointer,0,65-68,'UTA',trails
464,464,464,200212120UTA,24.0,5.0,3rd quarter,0:10.6,Andrei Kirilenko,UTA,True,2-pointer,0,67-71,'UTA',trails
465,465,465,200212120UTA,24.0,5.0,4th quarter,11:15.0,John Amaechi,UTA,True,2-pointer,0,69-71,'UTA',trails
466,466,466,200212120UTA,17.3,5.0,4th quarter,10:40.0,Calbert Cheaney,UTA,False,2-pointer,7,69-71,'UTA',trails
467,467,467,200212120UTA,18.4,6.2,4th quarter,10:07.0,John Amaechi,UTA,False,2-pointer,6,69-71,'UTA',trails
468,468,468,200212120UTA,24.0,5.0,4th quarter,9:24.0,John Amaechi,UTA,False,2-pointer,0,71-71,'UTA',tied
469,469,469,200212120UTA,33.2,12.1,4th quarter,7:35.0,John Stockton,UTA,False,2-pointer,12,72-75,'UTA',trails
470,470,470,200212120UTA,7.2,22.9,4th quarter,7:23.0,Matt Harpring,UTA,False,3-pointer,25,72-75,'UTA',trails
471,471,471,200212120UTA,24.0,5.0,4th quarter,7:14.0,Calbert Cheaney,UTA,True,2-pointer,0,74-75,'UTA',trails
472,472,472,200212120UTA,37.6,18.0,4th quarter,6:43.0,Karl Malone,UTA,False,2-pointer,19,74-76,'UTA',trails
473,473,473,200212120UTA,9.2,17.0,4th quarter,6:37.0,Matt Harpring,UTA,False,2-pointer,19,74-76,'UTA',trails
474,474,474,200212120UTA,12.5,26.2,4th quarter,6:02.0,Andrei Kirilenko,UTA,True,3-pointer,24,77-76,'UTA',leads
475,475,475,200212120UTA,24.0,5.0,4th quarter,4:20.0,Andrei Kirilenko,UTA,False,2-pointer,0,78-78,'UTA',tied
476,476,476,200212120UTA,38.9,3.2,4th quarter,3:55.0,Karl Malone,UTA,True,2-pointer,15,80-78,'UTA',leads
477,477,477,200212120UTA,27.1,6.8,4th quarter,3:09.0,Andrei Kirilenko,UTA,False,2-pointer,4,82-79,'UTA',leads
478,478,478,200212120UTA,45.7,15.2,4th quarter,2:02.0,Matt Harpring,UTA,False,3-pointer,24,84-84,'UTA',tied
479,479,479,200212120UTA,43.9,3.2,4th quarter,1:21.0,Matt Harpring,UTA,False,2-pointer,20,84-85,'UTA',trails
480,480,480,200212120UTA,38.3,6.3,4th quarter,0:50.5,Karl Malone,UTA,True,2-pointer,14,86-88,'UTA',trails
481,481,481,200212120UTA,37.3,17.2,4th quarter,0:09.0,Karl Malone,UTA,False,2-pointer,18,86-88,'UTA',trails
482,482,482,200212120UTA,24.0,5.0,4th quarter,0:01.8,John Stockton,UTA,True,2-pointer,0,88-91,'UTA',trails
