,Unnamed: 0.1,Unnamed: 0,match_id,shotX,shotY,quarter,time_remaining,player,team,made,shot_type,distance,score,opp,status
0,0,0,200202280CLE,23.0,17.5,1st quarter,11:21.0,Bruce Bowen,SAS,False,2-pointer,13,0-0,'SAS',tied
1,1,1,200202280CLE,10.8,5.0,1st quarter,10:51.0,David Robinson,SAS,True,2-pointer,13,2-2,'SAS',tied
2,2,2,200202280CLE,23.0,13.2,1st quarter,10:14.0,Bruce Bowen,SAS,True,2-pointer,8,4-3,'SAS',leads
3,3,3,200202280CLE,13.7,20.2,1st quarter,9:17.0,Tony Parker,SAS,True,2-pointer,18,7-7,'SAS',tied
4,4,4,200202280CLE,23.9,5.7,1st quarter,8:40.0,Bruce Bowen,SAS,True,2-pointer,1,9-7,'SAS',leads
5,5,5,200202280CLE,0.7,1.8,1st quarter,7:59.0,Steve Smith,SAS,False,3-pointer,24,9-9,'SAS',tied
6,6,6,200202280CLE,26.4,7.6,1st quarter,7:38.0,Tim Duncan,SAS,True,2-pointer,4,11-9,'SAS',leads
7,7,7,200202280CLE,23.9,4.2,1st quarter,7:08.0,David Robinson,SAS,True,2-pointer,1,13-11,'SAS',leads
8,8,8,200202280CLE,33.8,6.3,1st quarter,6:35.0,Tim Duncan,SAS,False,2-pointer,10,13-14,'SAS',trails
9,9,9,200202280CLE,20.9,5.7,1st quarter,5:33.0,Steve Smith,SAS,False,2-pointer,3,13-14,'SAS',trails
10,10,10,200202280CLE,24.3,4.6,1st quarter,5:07.0,Tim Duncan,SAS,True,2-pointer,1,15-14,'SAS',leads
11,11,11,200202280CLE,23.0,5.7,1st quarter,4:41.0,Tim Duncan,SAS,True,2-pointer,1,17-17,'SAS',tied
12,12,12,200202280CLE,0.7,5.7,1st quarter,2:59.0,Charles Smith,SAS,False,3-pointer,23,19-23,'SAS',trails
13,13,13,200202280CLE,25.1,5.7,1st quarter,2:55.0,Tim Duncan,SAS,True,2-pointer,1,21-23,'SAS',trails
14,14,14,200202280CLE,13.7,8.0,1st quarter,2:26.0,Charles Smith,SAS,False,2-pointer,11,21-23,'SAS',trails
15,15,15,200202280CLE,25.1,17.5,1st quarter,2:21.0,Antonio Daniels,SAS,False,2-pointer,13,21-23,'SAS',trails
16,16,16,200202280CLE,46.8,4.2,1st quarter,1:22.0,Antonio Daniels,SAS,False,3-pointer,23,23-25,'SAS',trails
17,17,17,200202280CLE,24.3,7.6,1st quarter,1:01.0,Tim Duncan,SAS,True,2-pointer,3,25-28,'SAS',trails
18,18,18,200202280CLE,8.7,5.0,1st quarter,0:27.9,Tim Duncan,SAS,False,2-pointer,15,26-30,'SAS',trails
19,19,19,200202280CLE,24.3,4.2,1st quarter,0:26.9,Charles Smith,SAS,True,2-pointer,1,28-30,'SAS',trails
20,20,20,200202280CLE,43.3,29.1,1st quarter,0:00.0,Tim Duncan,SAS,False,3-pointer,31,28-30,'SAS',trails
21,21,21,200202280CLE,20.9,5.0,2nd quarter,11:41.0,Malik Rose,SAS,True,2-pointer,3,30-30,'SAS',tied
22,22,22,200202280CLE,9.3,12.2,2nd quarter,10:59.0,Malik Rose,SAS,False,2-pointer,16,30-32,'SAS',trails
23,23,23,200202280CLE,27.9,6.3,2nd quarter,10:23.0,Malik Rose,SAS,True,2-pointer,4,32-34,'SAS',trails
24,24,24,200202280CLE,37.4,6.3,2nd quarter,10:00.0,Antonio Daniels,SAS,True,2-pointer,13,34-34,'SAS',tied
25,25,25,200202280CLE,36.1,6.3,2nd quarter,9:26.0,Malik Rose,SAS,True,2-pointer,12,36-36,'SAS',tied
26,26,26,200202280CLE,11.6,6.3,2nd quarter,7:19.0,Tim Duncan,SAS,True,2-pointer,12,40-41,'SAS',trails
27,27,27,200202280CLE,36.1,8.6,2nd quarter,6:43.0,David Robinson,SAS,True,2-pointer,13,43-42,'SAS',leads
28,28,28,200202280CLE,23.9,20.8,2nd quarter,6:09.0,David Robinson,SAS,False,2-pointer,16,43-42,'SAS',leads
29,29,29,200202280CLE,36.7,3.5,2nd quarter,5:42.0,Danny Ferry,SAS,False,2-pointer,13,43-42,'SAS',leads
30,30,30,200202280CLE,33.1,8.0,2nd quarter,5:06.0,Tim Duncan,SAS,True,2-pointer,10,45-45,'SAS',tied
31,31,31,200202280CLE,11.6,6.3,2nd quarter,2:40.0,Steve Smith,SAS,False,2-pointer,12,47-49,'SAS',trails
32,32,32,200202280CLE,24.3,6.3,2nd quarter,1:09.0,Bruce Bowen,SAS,True,2-pointer,1,51-49,'SAS',leads
33,33,33,200202280CLE,35.3,4.2,2nd quarter,0:10.9,Tim Duncan,SAS,False,2-pointer,11,51-51,'SAS',tied
34,34,34,200202280CLE,38.8,9.2,2nd quarter,0:00.9,Tony Parker,SAS,False,2-pointer,15,51-52,'SAS',trails
35,35,35,200202280CLE,23.9,9.9,3rd quarter,11:40.0,Bruce Bowen,SAS,False,2-pointer,5,51-52,'SAS',trails
36,36,36,200202280CLE,24.3,4.6,3rd quarter,10:36.0,David Robinson,SAS,True,2-pointer,1,55-54,'SAS',leads
37,37,37,200202280CLE,34.6,10.9,3rd quarter,9:46.0,David Robinson,SAS,True,2-pointer,12,57-56,'SAS',leads
38,38,38,200202280CLE,24.3,4.2,3rd quarter,8:49.0,Tim Duncan,SAS,True,2-pointer,1,61-58,'SAS',leads
39,39,39,200202280CLE,38.2,1.8,3rd quarter,8:04.0,Bruce Bowen,SAS,False,2-pointer,15,61-61,'SAS',tied
40,40,40,200202280CLE,23.0,8.6,3rd quarter,7:17.0,Tim Duncan,SAS,True,2-pointer,4,65-61,'SAS',leads
41,41,41,200202280CLE,19.4,4.2,3rd quarter,6:29.0,Charles Smith,SAS,False,2-pointer,5,65-63,'SAS',leads
42,42,42,200202280CLE,33.8,18.5,3rd quarter,6:07.0,David Robinson,SAS,True,2-pointer,17,67-65,'SAS',leads
43,43,43,200202280CLE,5.1,6.9,3rd quarter,5:19.0,Bruce Bowen,SAS,False,2-pointer,19,67-67,'SAS',tied
44,44,44,200202280CLE,7.8,3.5,3rd quarter,5:09.0,David Robinson,SAS,False,2-pointer,16,67-67,'SAS',tied
45,45,45,200202280CLE,45.4,17.7,3rd quarter,4:22.0,Bruce Bowen,SAS,False,3-pointer,25,67-71,'SAS',trails
46,46,46,200202280CLE,38.2,25.3,3rd quarter,3:34.0,Antonio Daniels,SAS,False,3-pointer,25,67-73,'SAS',trails
47,47,47,200202280CLE,23.9,6.7,3rd quarter,3:29.0,Tim Duncan,SAS,False,2-pointer,2,67-73,'SAS',trails
48,48,48,200202280CLE,24.3,5.4,3rd quarter,3:27.0,Malik Rose,SAS,True,2-pointer,1,69-73,'SAS',trails
49,49,49,200202280CLE,23.0,6.1,3rd quarter,3:11.0,Charles Smith,SAS,False,2-pointer,1,69-73,'SAS',trails
50,50,50,200202280CLE,46.8,5.0,3rd quarter,2:49.0,Charles Smith,SAS,True,3-pointer,23,72-73,'SAS',trails
51,51,51,200202280CLE,23.9,6.7,3rd quarter,2:19.0,Antonio Daniels,SAS,True,2-pointer,2,74-75,'SAS',trails
52,52,52,200202280CLE,33.1,3.9,3rd quarter,1:36.0,Malik Rose,SAS,True,2-pointer,9,76-75,'SAS',leads
53,53,53,200202280CLE,43.9,20.0,3rd quarter,0:06.9,Charles Smith,SAS,False,3-pointer,25,76-77,'SAS',trails
54,54,54,200202280CLE,5.7,3.9,4th quarter,11:31.0,Antonio Daniels,SAS,True,2-pointer,18,78-77,'SAS',leads
55,55,55,200202280CLE,34.6,12.6,4th quarter,10:49.0,Danny Ferry,SAS,False,2-pointer,13,78-79,'SAS',trails
56,56,56,200202280CLE,46.8,2.9,4th quarter,10:21.0,Danny Ferry,SAS,False,3-pointer,23,78-81,'SAS',trails
57,57,57,200202280CLE,33.8,28.6,4th quarter,10:12.0,Antonio Daniels,SAS,True,3-pointer,26,81-81,'SAS',tied
58,58,58,200202280CLE,0.0,10.1,4th quarter,9:35.0,Danny Ferry,SAS,False,3-pointer,25,81-81,'SAS',tied
59,59,59,200202280CLE,20.9,5.4,4th quarter,9:26.0,Tim Duncan,SAS,True,2-pointer,3,83-81,'SAS',leads
60,60,60,200202280CLE,15.8,18.3,4th quarter,8:31.0,Tim Duncan,SAS,False,2-pointer,16,84-83,'SAS',leads
61,61,61,200202280CLE,24.3,5.0,4th quarter,7:58.0,Tim Duncan,SAS,True,2-pointer,0,88-83,'SAS',leads
62,62,62,200202280CLE,23.0,12.6,4th quarter,7:21.0,Tim Duncan,SAS,True,2-pointer,8,90-84,'SAS',leads
63,63,63,200202280CLE,23.9,3.9,4th quarter,6:47.0,Malik Rose,SAS,True,2-pointer,1,93-84,'SAS',leads
64,64,64,200202280CLE,10.2,7.1,4th quarter,5:30.0,Malik Rose,SAS,True,2-pointer,14,95-86,'SAS',leads
65,65,65,200202280CLE,5.7,3.5,4th quarter,4:54.0,Tim Duncan,SAS,False,2-pointer,18,95-89,'SAS',leads
66,66,66,200202280CLE,32.5,22.3,4th quarter,4:33.0,Antonio Daniels,SAS,False,2-pointer,19,95-91,'SAS',leads
67,67,67,200202280CLE,4.3,21.9,4th quarter,3:58.0,Antonio Daniels,SAS,False,3-pointer,26,95-91,'SAS',leads
68,68,68,200202280CLE,46.8,5.4,4th quarter,3:13.0,Danny Ferry,SAS,False,3-pointer,23,95-91,'SAS',leads
69,69,69,200202280CLE,25.1,8.4,4th quarter,2:33.0,Tim Duncan,SAS,False,2-pointer,4,95-91,'SAS',leads
70,70,70,200202280CLE,0.7,2.3,4th quarter,1:03.0,Danny Ferry,SAS,False,3-pointer,23,96-96,'SAS',tied
71,71,71,200202280CLE,23.0,5.4,4th quarter,0:33.2,David Robinson,SAS,True,2-pointer,1,98-96,'SAS',leads
72,72,72,200202280CLE,-0.8,4.6,1st overtime,4:37.0,Danny Ferry,SAS,True,3-pointer,25,104-101,'SAS',leads
73,73,73,200202280CLE,0.7,5.4,1st overtime,4:01.0,Danny Ferry,SAS,False,3-pointer,23,104-101,'SAS',leads
74,74,74,200202280CLE,0.7,1.6,1st overtime,2:38.0,Charles Smith,SAS,False,3-pointer,24,106-103,'SAS',leads
75,75,75,200202280CLE,9.3,13.0,1st overtime,2:06.0,Antonio Daniels,SAS,False,2-pointer,17,106-105,'SAS',leads
76,76,76,200202280CLE,40.9,9.7,1st overtime,1:13.0,Charles Smith,SAS,False,2-pointer,18,106-109,'SAS',trails
77,77,77,200202280CLE,33.8,18.3,1st overtime,0:44.4,Antonio Daniels,SAS,False,2-pointer,17,106-111,'SAS',trails
78,78,78,200202280CLE,23.9,6.1,1st overtime,0:19.9,Antonio Daniels,SAS,False,2-pointer,1,106-113,'SAS',trails
79,79,79,200202280CLE,36.7,12.2,1st quarter,11:44.0,Zydrunas Ilgauskas,CLE,False,2-pointer,15,0-0,'SAS',tied
80,80,80,200202280CLE,33.1,4.2,1st quarter,11:01.0,Zydrunas Ilgauskas,CLE,True,2-pointer,9,2-0,'SAS',leads
81,81,81,200202280CLE,26.4,6.3,1st quarter,9:33.0,Andre Miller,CLE,True,2-pointer,3,7-5,'SAS',leads
82,82,82,200202280CLE,23.9,31.4,1st quarter,8:52.0,Wesley Person,CLE,False,3-pointer,26,7-7,'SAS',tied
83,83,83,200202280CLE,11.6,3.5,1st quarter,8:16.0,Lamond Murray,CLE,True,2-pointer,12,9-9,'SAS',tied
84,84,84,200202280CLE,9.3,3.5,1st quarter,7:22.0,Zydrunas Ilgauskas,CLE,True,2-pointer,15,11-11,'SAS',tied
85,85,85,200202280CLE,38.2,25.0,1st quarter,6:51.0,Lamond Murray,CLE,True,3-pointer,25,14-13,'SAS',leads
86,86,86,200202280CLE,37.4,2.9,1st quarter,6:20.0,Tyrone Hill,CLE,False,2-pointer,14,14-13,'SAS',leads
87,87,87,200202280CLE,35.3,16.8,1st quarter,5:54.0,Andre Miller,CLE,False,2-pointer,16,14-13,'SAS',leads
88,88,88,200202280CLE,33.8,17.5,1st quarter,4:54.0,Wesley Person,CLE,True,2-pointer,16,16-15,'SAS',leads
89,89,89,200202280CLE,24.1,17.2,1st quarter,4:19.0,Zydrunas Ilgauskas,CLE,True,2-pointer,12,19-17,'SAS',leads
90,90,90,200202280CLE,23.9,5.7,1st quarter,3:23.0,Wesley Person,CLE,True,2-pointer,1,23-19,'SAS',leads
91,91,91,200202280CLE,39.7,12.2,1st quarter,2:38.0,Jumaine Jones,CLE,False,2-pointer,17,23-21,'SAS',leads
92,92,92,200202280CLE,2.1,17.5,1st quarter,2:13.0,Lamond Murray,CLE,False,3-pointer,25,23-21,'SAS',leads
93,93,93,200202280CLE,17.3,5.7,1st quarter,1:40.0,Lamond Murray,CLE,True,2-pointer,7,25-23,'SAS',leads
94,94,94,200202280CLE,23.0,5.7,1st quarter,1:16.0,Andre Miller,CLE,True,2-pointer,1,27-23,'SAS',leads
95,95,95,200202280CLE,18.2,10.5,1st quarter,0:47.2,Lamond Murray,CLE,True,2-pointer,8,30-26,'SAS',leads
96,96,96,200202280CLE,9.3,16.8,1st quarter,0:05.9,Lamond Murray,CLE,False,2-pointer,19,30-28,'SAS',leads
97,97,97,200202280CLE,36.1,15.1,2nd quarter,11:14.0,Jumaine Jones,CLE,True,2-pointer,16,32-30,'SAS',leads
98,98,98,200202280CLE,7.8,6.3,2nd quarter,10:50.0,Andre Miller,CLE,True,2-pointer,16,34-30,'SAS',leads
99,99,99,200202280CLE,38.2,4.6,2nd quarter,10:08.0,Andre Miller,CLE,False,2-pointer,14,34-32,'SAS',leads
100,100,100,200202280CLE,15.2,22.1,2nd quarter,9:49.0,Wesley Person,CLE,True,2-pointer,19,36-34,'SAS',leads
101,101,101,200202280CLE,23.9,10.9,2nd quarter,9:10.0,Ricky Davis,CLE,False,2-pointer,6,36-36,'SAS',tied
102,102,102,200202280CLE,25.1,5.7,2nd quarter,8:41.0,Brian Skinner,CLE,True,2-pointer,1,38-38,'SAS',tied
103,103,103,200202280CLE,2.8,10.9,2nd quarter,8:13.0,Lamond Murray,CLE,False,2-pointer,22,38-38,'SAS',tied
104,104,104,200202280CLE,0.0,8.6,2nd quarter,8:08.0,Lamond Murray,CLE,True,3-pointer,24,41-38,'SAS',leads
105,105,105,200202280CLE,13.1,4.6,2nd quarter,7:36.0,Zydrunas Ilgauskas,CLE,False,2-pointer,11,41-38,'SAS',leads
106,106,106,200202280CLE,2.1,19.8,2nd quarter,6:18.0,Andre Miller,CLE,False,3-pointer,26,42-43,'SAS',trails
107,107,107,200202280CLE,13.7,14.5,2nd quarter,5:55.0,Zydrunas Ilgauskas,CLE,False,2-pointer,14,42-43,'SAS',trails
108,108,108,200202280CLE,38.2,25.7,2nd quarter,5:33.0,Ricky Davis,CLE,True,3-pointer,25,45-43,'SAS',leads
109,109,109,200202280CLE,21.7,6.3,2nd quarter,4:44.0,Andre Miller,CLE,True,2-pointer,3,47-45,'SAS',leads
110,110,110,200202280CLE,21.7,23.8,2nd quarter,4:07.0,Andre Miller,CLE,False,2-pointer,19,47-45,'SAS',leads
111,111,111,200202280CLE,25.1,4.6,2nd quarter,4:03.0,Ricky Davis,CLE,False,2-pointer,1,47-45,'SAS',leads
112,112,112,200202280CLE,29.6,29.7,2nd quarter,3:23.0,Lamond Murray,CLE,False,3-pointer,25,47-47,'SAS',tied
113,113,113,200202280CLE,8.7,8.0,2nd quarter,3:06.0,Andre Miller,CLE,True,2-pointer,16,49-47,'SAS',leads
114,114,114,200202280CLE,0.7,2.9,2nd quarter,1:51.0,Lamond Murray,CLE,False,3-pointer,23,49-49,'SAS',tied
115,115,115,200202280CLE,24.3,20.2,2nd quarter,1:30.0,Andre Miller,CLE,False,2-pointer,15,49-49,'SAS',tied
116,116,116,200202280CLE,13.1,9.2,2nd quarter,0:42.9,Ricky Davis,CLE,False,2-pointer,12,49-51,'SAS',trails
117,117,117,200202280CLE,38.2,4.6,2nd quarter,0:34.5,Michael Doleac,CLE,True,2-pointer,14,51-51,'SAS',tied
118,118,118,200202280CLE,38.8,5.7,3rd quarter,11:31.0,Andre Miller,CLE,True,2-pointer,15,54-51,'SAS',leads
119,119,119,200202280CLE,35.3,17.5,3rd quarter,10:51.0,Wesley Person,CLE,False,2-pointer,17,54-53,'SAS',leads
120,120,120,200202280CLE,38.8,4.2,3rd quarter,10:20.0,Zydrunas Ilgauskas,CLE,False,2-pointer,15,54-55,'SAS',trails
121,121,121,200202280CLE,25.8,6.3,3rd quarter,9:59.0,Andre Miller,CLE,True,2-pointer,2,56-55,'SAS',leads
122,122,122,200202280CLE,33.1,17.5,3rd quarter,8:57.0,Zydrunas Ilgauskas,CLE,False,2-pointer,15,58-59,'SAS',trails
123,123,123,200202280CLE,43.9,19.1,3rd quarter,8:28.0,Lamond Murray,CLE,True,3-pointer,24,61-61,'SAS',tied
124,124,124,200202280CLE,12.3,16.2,3rd quarter,7:56.0,Wesley Person,CLE,False,2-pointer,16,61-61,'SAS',tied
125,125,125,200202280CLE,9.3,6.9,3rd quarter,7:39.0,Andre Miller,CLE,False,2-pointer,15,61-63,'SAS',trails
126,126,126,200202280CLE,33.1,5.7,3rd quarter,6:57.0,Zydrunas Ilgauskas,CLE,False,2-pointer,9,61-65,'SAS',trails
127,127,127,200202280CLE,12.3,5.7,3rd quarter,6:48.0,Wesley Person,CLE,False,2-pointer,12,61-65,'SAS',trails
128,128,128,200202280CLE,36.7,4.6,3rd quarter,6:44.0,Wesley Person,CLE,True,2-pointer,13,63-65,'SAS',trails
129,129,129,200202280CLE,20.9,6.3,3rd quarter,5:47.0,Tyrone Hill,CLE,True,2-pointer,3,67-67,'SAS',tied
130,130,130,200202280CLE,24.3,6.1,3rd quarter,5:01.0,Tyrone Hill,CLE,True,2-pointer,1,69-67,'SAS',leads
131,131,131,200202280CLE,25.8,5.4,3rd quarter,4:40.0,Tyrone Hill,CLE,True,2-pointer,2,71-67,'SAS',leads
132,132,132,200202280CLE,29.6,33.5,3rd quarter,3:55.0,Andre Miller,CLE,False,3-pointer,29,73-67,'SAS',leads
133,133,133,200202280CLE,12.3,8.4,3rd quarter,3:17.0,Tyrone Hill,CLE,False,2-pointer,12,73-69,'SAS',leads
134,134,134,200202280CLE,32.5,17.0,3rd quarter,2:35.0,Wesley Person,CLE,True,2-pointer,15,75-72,'SAS',leads
135,135,135,200202280CLE,37.4,20.6,3rd quarter,1:15.0,Lamond Murray,CLE,False,2-pointer,21,75-76,'SAS',trails
136,136,136,200202280CLE,23.9,12.0,3rd quarter,0:51.9,Andre Miller,CLE,False,2-pointer,7,75-76,'SAS',trails
137,137,137,200202280CLE,27.2,4.6,3rd quarter,0:25.9,Brian Skinner,CLE,False,2-pointer,3,75-76,'SAS',trails
138,138,138,200202280CLE,23.9,4.6,3rd quarter,0:24.9,Brian Skinner,CLE,True,2-pointer,0,77-76,'SAS',leads
139,139,139,200202280CLE,33.1,18.3,4th quarter,11:48.0,Wesley Person,CLE,False,2-pointer,16,77-76,'SAS',leads
140,140,140,200202280CLE,13.1,17.7,4th quarter,11:09.0,Wesley Person,CLE,True,2-pointer,17,79-78,'SAS',leads
141,141,141,200202280CLE,24.3,20.0,4th quarter,10:43.0,Andre Miller,CLE,True,2-pointer,15,81-78,'SAS',leads
142,142,142,200202280CLE,25.8,7.1,4th quarter,9:03.0,Ricky Davis,CLE,False,2-pointer,3,81-83,'SAS',trails
143,143,143,200202280CLE,23.0,5.4,4th quarter,8:59.0,Brian Skinner,CLE,True,2-pointer,1,83-83,'SAS',tied
144,144,144,200202280CLE,27.9,6.7,4th quarter,6:34.0,Andre Miller,CLE,False,2-pointer,4,84-93,'SAS',trails
145,145,145,200202280CLE,24.3,4.6,4th quarter,6:32.0,Brian Skinner,CLE,True,2-pointer,1,86-93,'SAS',trails
146,146,146,200202280CLE,34.6,20.0,4th quarter,5:47.0,Andre Miller,CLE,False,2-pointer,18,86-93,'SAS',trails
147,147,147,200202280CLE,23.9,7.8,4th quarter,5:14.0,Andre Miller,CLE,True,2-pointer,3,88-95,'SAS',trails
148,148,148,200202280CLE,36.1,6.1,4th quarter,3:34.0,Andre Miller,CLE,False,2-pointer,12,91-95,'SAS',trails
149,149,149,200202280CLE,35.3,14.3,4th quarter,2:58.0,Tyrone Hill,CLE,False,2-pointer,15,91-95,'SAS',trails
150,150,150,200202280CLE,25.8,5.4,4th quarter,1:56.0,Andre Miller,CLE,False,2-pointer,2,93-95,'SAS',trails
151,151,151,200202280CLE,27.9,6.1,4th quarter,1:18.0,Zydrunas Ilgauskas,CLE,True,2-pointer,4,95-96,'SAS',trails
152,152,152,200202280CLE,40.3,26.3,4th quarter,0:21.9,Lamond Murray,CLE,False,3-pointer,27,96-98,'SAS',trails
153,153,153,200202280CLE,20.3,5.4,4th quarter,0:14.9,Andre Miller,CLE,True,2-pointer,4,98-100,'SAS',trails
154,154,154,200202280CLE,24.3,30.5,4th quarter,0:00.0,Andre Miller,CLE,True,3-pointer,26,101-101,'SAS',tied
155,155,155,200202280CLE,7.8,3.5,1st overtime,4:16.0,Tyrone Hill,CLE,False,2-pointer,16,101-104,'SAS',trails
156,156,156,200202280CLE,13.1,17.0,1st overtime,3:42.0,Lamond Murray,CLE,True,2-pointer,16,103-104,'SAS',trails
157,157,157,200202280CLE,15.8,10.7,1st overtime,1:32.0,Andre Miller,CLE,True,2-pointer,10,109-106,'SAS',leads
158,158,158,200202280CLE,14.6,5.0,1st overtime,0:51.6,Andre Miller,CLE,True,2-pointer,9,111-106,'SAS',leads
159,159,159,200202280CLE,38.2,3.5,1st overtime,0:24.5,Tyrone Hill,CLE,True,2-pointer,14,113-106,'SAS',leads
160,160,160,200202280MIA,43.3,5.4,1st quarter,11:16.0,Clarence Weatherspoon,NYK,False,2-pointer,19,0-2,'NYK',trails
161,161,161,200202280MIA,31.7,17.9,1st quarter,10:55.0,Latrell Sprewell,NYK,True,2-pointer,15,2-2,'NYK',tied
162,162,162,200202280MIA,27.2,29.5,1st quarter,10:28.0,Latrell Sprewell,NYK,True,3-pointer,25,6-4,'NYK',leads
163,163,163,200202280MIA,33.1,4.4,1st quarter,9:53.0,Kurt Thomas,NYK,False,2-pointer,9,6-4,'NYK',leads
164,164,164,200202280MIA,24.0,5.0,1st quarter,9:49.0,Clarence Weatherspoon,NYK,False,2-pointer,0,6-4,'NYK',leads
165,165,165,200202280MIA,38.2,6.5,1st quarter,9:47.0,Clarence Weatherspoon,NYK,True,2-pointer,14,8-4,'NYK',leads
166,166,166,200202280MIA,39.7,3.7,1st quarter,9:07.0,Kurt Thomas,NYK,True,2-pointer,16,10-4,'NYK',leads
167,167,167,200202280MIA,24.0,5.0,1st quarter,8:44.0,Latrell Sprewell,NYK,False,2-pointer,0,10-4,'NYK',leads
168,168,168,200202280MIA,25.1,8.2,1st quarter,8:42.0,Kurt Thomas,NYK,False,2-pointer,3,10-4,'NYK',leads
169,169,169,200202280MIA,41.8,22.1,1st quarter,8:17.0,Allan Houston,NYK,False,3-pointer,25,10-4,'NYK',leads
170,170,170,200202280MIA,24.0,5.0,1st quarter,7:58.0,Latrell Sprewell,NYK,False,2-pointer,0,10-4,'NYK',leads
171,171,171,200202280MIA,10.2,25.9,1st quarter,7:28.0,Latrell Sprewell,NYK,True,3-pointer,25,13-6,'NYK',leads
172,172,172,200202280MIA,38.2,24.8,1st quarter,6:59.0,Mark Jackson,NYK,False,3-pointer,24,13-9,'NYK',leads
173,173,173,200202280MIA,7.2,5.4,1st quarter,6:28.0,Clarence Weatherspoon,NYK,True,2-pointer,17,15-11,'NYK',leads
174,174,174,200202280MIA,24.0,5.0,1st quarter,5:14.0,Latrell Sprewell,NYK,False,2-pointer,0,15-15,'NYK',tied
175,175,175,200202280MIA,36.1,17.5,1st quarter,4:44.0,Kurt Thomas,NYK,True,2-pointer,17,17-17,'NYK',tied
176,176,176,200202280MIA,10.8,25.9,1st quarter,4:16.0,Allan Houston,NYK,True,3-pointer,25,20-17,'NYK',leads
177,177,177,200202280MIA,10.8,18.5,1st quarter,3:45.0,Allan Houston,NYK,False,2-pointer,19,20-19,'NYK',leads
178,178,178,200202280MIA,24.0,5.0,1st quarter,2:46.0,Allan Houston,NYK,True,2-pointer,0,24-20,'NYK',leads
179,179,179,200202280MIA,17.3,24.8,1st quarter,1:59.0,Allan Houston,NYK,True,2-pointer,21,26-22,'NYK',leads
180,180,180,200202280MIA,24.0,5.0,1st quarter,1:36.0,Allan Houston,NYK,False,2-pointer,0,26-22,'NYK',leads
181,181,181,200202280MIA,30.2,8.2,1st quarter,0:32.3,Clarence Weatherspoon,NYK,True,2-pointer,7,29-22,'NYK',leads
182,182,182,200202280MIA,31.0,17.9,1st quarter,0:01.9,Allan Houston,NYK,False,2-pointer,15,30-22,'NYK',leads
183,183,183,200202280MIA,21.7,13.5,2nd quarter,11:41.0,Othella Harrington,NYK,True,2-pointer,9,32-22,'NYK',leads
184,184,184,200202280MIA,10.2,5.9,2nd quarter,10:43.0,Allan Houston,NYK,False,2-pointer,14,32-27,'NYK',leads
185,185,185,200202280MIA,24.0,5.0,2nd quarter,9:51.0,Shandon Anderson,NYK,True,2-pointer,0,34-29,'NYK',leads
186,186,186,200202280MIA,36.1,5.9,2nd quarter,8:59.0,Othella Harrington,NYK,False,2-pointer,12,34-29,'NYK',leads
187,187,187,200202280MIA,15.2,18.5,2nd quarter,7:54.0,Shandon Anderson,NYK,False,2-pointer,16,35-31,'NYK',leads
188,188,188,200202280MIA,24.0,5.0,2nd quarter,7:09.0,Shandon Anderson,NYK,True,2-pointer,0,37-31,'NYK',leads
189,189,189,200202280MIA,45.4,11.6,2nd quarter,6:27.0,Howard Eisley,NYK,False,2-pointer,22,37-33,'NYK',leads
190,190,190,200202280MIA,27.2,7.6,2nd quarter,5:59.0,Othella Harrington,NYK,True,2-pointer,4,39-33,'NYK',leads
191,191,191,200202280MIA,33.8,20.8,2nd quarter,4:46.0,Latrell Sprewell,NYK,False,2-pointer,19,41-35,'NYK',leads
192,192,192,200202280MIA,7.8,23.1,2nd quarter,4:11.0,Allan Houston,NYK,True,3-pointer,24,44-37,'NYK',leads
193,193,193,200202280MIA,31.0,28.4,2nd quarter,3:06.0,Allan Houston,NYK,False,3-pointer,24,45-39,'NYK',leads
194,194,194,200202280MIA,24.0,5.0,2nd quarter,2:29.0,Allan Houston,NYK,False,2-pointer,0,45-41,'NYK',leads
195,195,195,200202280MIA,24.0,5.0,2nd quarter,2:25.0,Allan Houston,NYK,True,2-pointer,0,47-41,'NYK',leads
196,196,196,200202280MIA,34.6,5.4,2nd quarter,1:19.0,Latrell Sprewell,NYK,False,2-pointer,11,47-43,'NYK',leads
197,197,197,200202280MIA,6.4,5.9,2nd quarter,0:55.8,Kurt Thomas,NYK,False,2-pointer,18,47-45,'NYK',leads
198,198,198,200202280MIA,12.3,16.2,2nd quarter,0:22.6,Kurt Thomas,NYK,True,2-pointer,16,49-47,'NYK',leads
199,199,199,200202280MIA,24.3,11.6,3rd quarter,11:47.0,Latrell Sprewell,NYK,True,2-pointer,7,51-47,'NYK',leads
200,200,200,200202280MIA,0.7,5.4,3rd quarter,11:10.0,Mark Jackson,NYK,True,3-pointer,23,54-49,'NYK',leads
201,201,201,200202280MIA,36.7,5.4,3rd quarter,10:42.0,Kurt Thomas,NYK,False,2-pointer,13,54-49,'NYK',leads
202,202,202,200202280MIA,7.8,24.4,3rd quarter,9:47.0,Latrell Sprewell,NYK,False,3-pointer,25,54-49,'NYK',leads
203,203,203,200202280MIA,24.0,5.0,3rd quarter,9:25.0,Clarence Weatherspoon,NYK,False,2-pointer,0,54-49,'NYK',leads
204,204,204,200202280MIA,18.8,8.2,3rd quarter,8:53.0,Allan Houston,NYK,False,2-pointer,6,56-51,'NYK',leads
205,205,205,200202280MIA,24.0,5.0,3rd quarter,8:49.0,Clarence Weatherspoon,NYK,True,2-pointer,0,58-51,'NYK',leads
206,206,206,200202280MIA,44.5,4.4,3rd quarter,8:13.0,Allan Houston,NYK,False,2-pointer,21,58-51,'NYK',leads
207,207,207,200202280MIA,7.2,5.9,3rd quarter,7:44.0,Allan Houston,NYK,False,2-pointer,17,60-51,'NYK',leads
208,208,208,200202280MIA,7.2,11.6,3rd quarter,7:14.0,Kurt Thomas,NYK,False,2-pointer,18,60-52,'NYK',leads
209,209,209,200202280MIA,25.8,15.1,3rd quarter,6:48.0,Mark Jackson,NYK,False,2-pointer,10,60-54,'NYK',leads
210,210,210,200202280MIA,10.2,5.4,3rd quarter,6:24.0,Allan Houston,NYK,False,2-pointer,14,60-57,'NYK',leads
211,211,211,200202280MIA,33.8,27.2,3rd quarter,6:19.0,Latrell Sprewell,NYK,False,3-pointer,24,60-57,'NYK',leads
212,212,212,200202280MIA,40.3,22.7,3rd quarter,5:47.0,Mark Jackson,NYK,True,3-pointer,24,63-57,'NYK',leads
213,213,213,200202280MIA,33.8,19.1,3rd quarter,4:40.0,Latrell Sprewell,NYK,True,2-pointer,17,65-60,'NYK',leads
214,214,214,200202280MIA,10.8,20.2,3rd quarter,3:30.0,Howard Eisley,NYK,False,2-pointer,20,67-62,'NYK',leads
215,215,215,200202280MIA,9.3,20.2,3rd quarter,2:59.0,Latrell Sprewell,NYK,False,2-pointer,21,67-62,'NYK',leads
216,216,216,200202280MIA,11.6,17.9,3rd quarter,2:22.0,Kurt Thomas,NYK,True,2-pointer,18,69-62,'NYK',leads
217,217,217,200202280MIA,32.5,17.9,3rd quarter,1:36.0,Latrell Sprewell,NYK,False,2-pointer,15,70-64,'NYK',leads
218,218,218,200202280MIA,30.2,16.8,3rd quarter,0:44.3,Howard Eisley,NYK,False,2-pointer,13,70-67,'NYK',leads
219,219,219,200202280MIA,38.2,9.2,3rd quarter,0:04.5,Allan Houston,NYK,True,2-pointer,15,74-67,'NYK',leads
220,220,220,200202280MIA,18.8,16.8,4th quarter,11:25.0,Howard Eisley,NYK,False,2-pointer,13,74-69,'NYK',leads
221,221,221,200202280MIA,7.2,22.7,4th quarter,10:51.0,Allan Houston,NYK,False,3-pointer,24,74-71,'NYK',leads
222,222,222,200202280MIA,24.0,5.0,4th quarter,9:52.0,Shandon Anderson,NYK,False,2-pointer,0,74-75,'NYK',trails
223,223,223,200202280MIA,43.3,20.2,4th quarter,9:18.0,Latrell Sprewell,NYK,False,3-pointer,25,74-77,'NYK',trails
224,224,224,200202280MIA,25.1,15.1,4th quarter,8:10.0,Latrell Sprewell,NYK,False,2-pointer,10,74-79,'NYK',trails
225,225,225,200202280MIA,34.6,27.2,4th quarter,7:32.0,Allan Houston,NYK,False,3-pointer,25,74-81,'NYK',trails
226,226,226,200202280MIA,45.4,16.2,4th quarter,6:49.0,Charlie Ward,NYK,True,3-pointer,24,77-83,'NYK',trails
227,227,227,200202280MIA,23.0,7.6,4th quarter,4:56.0,Clarence Weatherspoon,NYK,False,2-pointer,3,77-91,'NYK',trails
228,228,228,200202280MIA,24.0,5.0,4th quarter,4:14.0,Latrell Sprewell,NYK,True,2-pointer,0,79-94,'NYK',trails
229,229,229,200202280MIA,26.4,10.5,4th quarter,3:48.0,Othella Harrington,NYK,False,2-pointer,6,79-96,'NYK',trails
230,230,230,200202280MIA,40.9,5.9,4th quarter,3:15.0,Allan Houston,NYK,False,2-pointer,17,80-96,'NYK',trails
231,231,231,200202280MIA,0.7,6.5,4th quarter,2:18.0,Allan Houston,NYK,False,3-pointer,23,80-96,'NYK',trails
232,232,232,200202280MIA,33.8,19.8,4th quarter,2:00.0,Allan Houston,NYK,True,2-pointer,18,82-98,'NYK',trails
233,233,233,200202280MIA,24.0,5.0,4th quarter,1:35.0,Othella Harrington,NYK,False,2-pointer,0,82-98,'NYK',trails
234,234,234,200202280MIA,23.9,11.1,4th quarter,1:18.0,Othella Harrington,NYK,True,2-pointer,6,84-100,'NYK',trails
235,235,235,200202280MIA,36.9,20.4,4th quarter,0:16.8,Travis Knight,NYK,False,2-pointer,20,86-100,'NYK',trails
236,236,236,200202280MIA,8.7,24.4,4th quarter,0:11.4,Mark Jackson,NYK,False,3-pointer,25,86-100,'NYK',trails
237,237,237,200202280MIA,13.7,6.5,4th quarter,0:06.0,Travis Knight,NYK,False,2-pointer,10,86-100,'NYK',trails
238,238,238,200202280MIA,34.6,17.5,1st quarter,11:36.0,Brian Grant,MIA,True,2-pointer,16,2-0,'NYK',leads
239,239,239,200202280MIA,31.0,5.9,1st quarter,10:39.0,Alonzo Mourning,MIA,True,2-pointer,7,4-3,'NYK',leads
240,240,240,200202280MIA,16.7,18.5,1st quarter,10:13.0,Rod Strickland,MIA,False,2-pointer,15,4-6,'NYK',trails
241,241,241,200202280MIA,30.2,25.9,1st quarter,9:28.0,Kendall Gill,MIA,False,2-pointer,22,4-8,'NYK',trails
242,242,242,200202280MIA,40.3,5.9,1st quarter,8:31.0,Alonzo Mourning,MIA,False,2-pointer,16,4-10,'NYK',trails
243,243,243,200202280MIA,11.6,17.5,1st quarter,8:06.0,Brian Grant,MIA,False,2-pointer,18,4-10,'NYK',trails
244,244,244,200202280MIA,24.0,5.0,1st quarter,7:44.0,Brian Grant,MIA,True,2-pointer,0,6-10,'NYK',trails
245,245,245,200202280MIA,14.6,5.4,1st quarter,7:15.0,Alonzo Mourning,MIA,True,2-pointer,9,8-13,'NYK',trails
246,246,246,200202280MIA,5.7,15.8,1st quarter,6:09.0,Eddie Jones,MIA,True,2-pointer,21,13-15,'NYK',trails
247,247,247,200202280MIA,37.4,16.8,1st quarter,5:35.0,Eddie Jones,MIA,True,2-pointer,18,15-15,'NYK',tied
248,248,248,200202280MIA,30.2,15.1,1st quarter,5:07.0,Rod Strickland,MIA,True,2-pointer,12,17-15,'NYK',leads
249,249,249,200202280MIA,5.1,5.4,1st quarter,4:22.0,Brian Grant,MIA,False,2-pointer,19,17-17,'NYK',tied
250,250,250,200202280MIA,13.7,17.5,1st quarter,2:26.0,Jim Jackson,MIA,True,2-pointer,16,22-24,'NYK',trails
251,251,251,200202280MIA,35.3,19.1,1st quarter,1:42.0,Chris Gatling,MIA,False,2-pointer,18,22-26,'NYK',trails
252,252,252,200202280MIA,13.1,22.1,1st quarter,1:22.0,Rod Strickland,MIA,False,2-pointer,20,22-26,'NYK',trails
253,253,253,200202280MIA,10.8,15.1,1st quarter,1:06.0,Alonzo Mourning,MIA,False,2-pointer,17,22-26,'NYK',trails
254,254,254,200202280MIA,7.8,14.1,1st quarter,0:41.6,Kendall Gill,MIA,False,2-pointer,19,22-27,'NYK',trails
255,255,255,200202280MIA,31.7,23.1,1st quarter,0:17.0,Chris Gatling,MIA,False,2-pointer,20,22-30,'NYK',trails
256,256,256,200202280MIA,27.2,29.1,2nd quarter,11:25.0,Eddie Jones,MIA,True,3-pointer,24,25-32,'NYK',trails
257,257,257,200202280MIA,25.1,24.4,2nd quarter,10:59.0,Anthony Carter,MIA,True,2-pointer,19,27-32,'NYK',trails
258,258,258,200202280MIA,7.8,19.1,2nd quarter,10:20.0,Eddie Jones,MIA,True,2-pointer,21,29-32,'NYK',trails
259,259,259,200202280MIA,24.0,5.0,2nd quarter,9:58.0,Kendall Gill,MIA,False,2-pointer,0,29-32,'NYK',trails
260,260,260,200202280MIA,24.0,5.0,2nd quarter,9:26.0,Chris Gatling,MIA,False,2-pointer,0,29-34,'NYK',trails
261,261,261,200202280MIA,34.6,17.5,2nd quarter,9:17.0,Chris Gatling,MIA,False,2-pointer,16,29-34,'NYK',trails
262,262,262,200202280MIA,24.0,5.0,2nd quarter,8:42.0,Chris Gatling,MIA,True,2-pointer,0,31-34,'NYK',trails
263,263,263,200202280MIA,25.1,19.8,2nd quarter,8:14.0,Eddie Jones,MIA,False,2-pointer,15,31-35,'NYK',trails
264,264,264,200202280MIA,12.3,22.1,2nd quarter,7:31.0,Anthony Carter,MIA,False,2-pointer,21,31-35,'NYK',trails
265,265,265,200202280MIA,27.9,7.6,2nd quarter,6:50.0,Brian Grant,MIA,False,2-pointer,5,31-37,'NYK',trails
266,266,266,200202280MIA,24.0,5.0,2nd quarter,6:08.0,Brian Grant,MIA,False,2-pointer,0,33-37,'NYK',trails
267,267,267,200202280MIA,9.3,8.2,2nd quarter,5:43.0,Jim Jackson,MIA,True,2-pointer,15,35-39,'NYK',trails
268,268,268,200202280MIA,24.0,5.0,2nd quarter,4:26.0,Kendall Gill,MIA,True,2-pointer,0,37-41,'NYK',trails
269,269,269,200202280MIA,20.3,19.8,2nd quarter,3:35.0,Rod Strickland,MIA,False,2-pointer,15,37-45,'NYK',trails
270,270,270,200202280MIA,37.4,7.6,2nd quarter,3:29.0,Jim Jackson,MIA,True,2-pointer,14,39-45,'NYK',trails
271,271,271,200202280MIA,24.0,5.0,2nd quarter,2:47.0,Jim Jackson,MIA,True,2-pointer,0,41-45,'NYK',trails
272,272,272,200202280MIA,40.9,5.9,2nd quarter,2:01.0,Jim Jackson,MIA,False,2-pointer,17,41-47,'NYK',trails
273,273,273,200202280MIA,24.0,5.0,2nd quarter,1:38.0,Rod Strickland,MIA,True,2-pointer,0,43-47,'NYK',trails
274,274,274,200202280MIA,11.6,17.9,2nd quarter,1:11.0,Chris Gatling,MIA,True,2-pointer,18,45-47,'NYK',trails
275,275,275,200202280MIA,16.7,5.9,2nd quarter,0:35.1,Alonzo Mourning,MIA,False,2-pointer,7,45-47,'NYK',trails
276,276,276,200202280MIA,24.0,5.0,2nd quarter,0:33.0,Alonzo Mourning,MIA,True,2-pointer,0,47-47,'NYK',tied
277,277,277,200202280MIA,10.8,20.8,2nd quarter,0:01.0,Eddie Jones,MIA,False,2-pointer,21,47-49,'NYK',trails
278,278,278,200202280MIA,26.4,8.2,3rd quarter,11:27.0,Brian Grant,MIA,True,2-pointer,4,49-51,'NYK',trails
279,279,279,200202280MIA,33.8,7.1,3rd quarter,10:55.0,Rod Strickland,MIA,False,2-pointer,10,49-54,'NYK',trails
280,280,280,200202280MIA,7.2,22.7,3rd quarter,10:34.0,Eddie Jones,MIA,False,3-pointer,24,49-54,'NYK',trails
281,281,281,200202280MIA,7.2,7.1,3rd quarter,10:17.0,Kendall Gill,MIA,False,2-pointer,17,49-54,'NYK',trails
282,282,282,200202280MIA,42.4,5.4,3rd quarter,9:55.0,Brian Grant,MIA,False,2-pointer,18,49-54,'NYK',trails
283,283,283,200202280MIA,27.2,24.4,3rd quarter,9:10.0,Eddie Jones,MIA,True,2-pointer,20,51-56,'NYK',trails
284,284,284,200202280MIA,24.3,12.8,3rd quarter,8:34.0,Eddie Jones,MIA,False,2-pointer,8,51-58,'NYK',trails
285,285,285,200202280MIA,24.0,5.0,3rd quarter,7:08.0,Vladimir Stepania,MIA,True,2-pointer,0,54-60,'NYK',trails
286,286,286,200202280MIA,46.8,5.4,3rd quarter,6:38.0,Eddie Jones,MIA,True,3-pointer,23,57-60,'NYK',trails
287,287,287,200202280MIA,11.6,19.8,3rd quarter,6:02.0,Brian Grant,MIA,False,2-pointer,19,57-60,'NYK',trails
288,288,288,200202280MIA,30.2,18.5,3rd quarter,5:27.0,Eddie Jones,MIA,False,2-pointer,15,57-63,'NYK',trails
289,289,289,200202280MIA,24.0,5.0,3rd quarter,5:15.0,Jim Jackson,MIA,True,2-pointer,0,59-63,'NYK',trails
290,290,290,200202280MIA,13.1,22.1,3rd quarter,4:23.0,Eddie Jones,MIA,True,2-pointer,20,62-65,'NYK',trails
291,291,291,200202280MIA,38.2,5.4,3rd quarter,3:58.0,Eddie Jones,MIA,False,2-pointer,14,62-67,'NYK',trails
292,292,292,200202280MIA,7.8,17.5,3rd quarter,3:46.0,Chris Gatling,MIA,False,2-pointer,20,62-67,'NYK',trails
293,293,293,200202280MIA,31.0,19.8,3rd quarter,3:13.0,Rod Strickland,MIA,False,2-pointer,16,62-67,'NYK',trails
294,294,294,200202280MIA,30.2,19.1,3rd quarter,2:36.0,Vladimir Stepania,MIA,False,2-pointer,15,62-67,'NYK',trails
295,295,295,200202280MIA,15.8,18.5,3rd quarter,1:44.0,Jim Jackson,MIA,False,2-pointer,16,64-69,'NYK',trails
296,296,296,200202280MIA,5.1,20.2,3rd quarter,1:00.0,Eddie Jones,MIA,True,3-pointer,24,67-70,'NYK',trails
297,297,297,200202280MIA,40.9,5.4,3rd quarter,0:17.6,Chris Gatling,MIA,False,2-pointer,17,67-72,'NYK',trails
298,298,298,200202280MIA,5.7,13.5,3rd quarter,0:00.1,Jim Jackson,MIA,False,2-pointer,20,67-74,'NYK',trails
299,299,299,200202280MIA,10.8,20.8,4th quarter,11:39.0,Anthony Carter,MIA,True,2-pointer,21,69-74,'NYK',trails
300,300,300,200202280MIA,24.0,5.0,4th quarter,10:44.0,Eddie Jones,MIA,True,2-pointer,0,73-74,'NYK',trails
301,301,301,200202280MIA,23.0,8.8,4th quarter,9:38.0,Chris Gatling,MIA,True,2-pointer,4,77-74,'NYK',leads
302,302,302,200202280MIA,37.4,22.1,4th quarter,8:32.0,Anthony Carter,MIA,True,2-pointer,22,79-74,'NYK',leads
303,303,303,200202280MIA,13.1,12.2,4th quarter,7:47.0,Chris Gatling,MIA,True,2-pointer,13,81-74,'NYK',leads
304,304,304,200202280MIA,23.0,8.2,4th quarter,7:12.0,Chris Gatling,MIA,True,2-pointer,3,83-74,'NYK',leads
305,305,305,200202280MIA,20.3,11.6,4th quarter,6:27.0,Eddie Jones,MIA,True,2-pointer,8,85-77,'NYK',leads
306,306,306,200202280MIA,27.9,29.1,4th quarter,5:54.0,Jim Jackson,MIA,True,3-pointer,24,88-77,'NYK',leads
307,307,307,200202280MIA,46.8,13.5,4th quarter,5:13.0,Eddie Jones,MIA,True,3-pointer,24,91-77,'NYK',leads
308,308,308,200202280MIA,24.0,5.0,4th quarter,4:36.0,Vladimir Stepania,MIA,False,2-pointer,0,91-77,'NYK',leads
309,309,309,200202280MIA,24.0,5.0,4th quarter,4:31.0,Chris Gatling,MIA,True,2-pointer,0,94-77,'NYK',leads
310,310,310,200202280MIA,14.6,6.5,4th quarter,3:26.0,Jim Jackson,MIA,False,2-pointer,10,96-80,'NYK',leads
311,311,311,200202280MIA,9.3,20.2,4th quarter,2:51.0,Anthony Carter,MIA,False,2-pointer,21,96-80,'NYK',leads
312,312,312,200202280MIA,31.0,10.5,4th quarter,2:42.0,Jim Jackson,MIA,False,2-pointer,9,96-80,'NYK',leads
313,313,313,200202280MIA,24.0,5.0,4th quarter,2:12.0,Eddie Jones,MIA,True,2-pointer,0,98-80,'NYK',leads
314,314,314,200202280MIA,13.7,5.4,4th quarter,1:40.0,Vladimir Stepania,MIA,False,2-pointer,10,98-82,'NYK',leads
315,315,315,200202280MIA,26.4,7.1,4th quarter,1:29.0,Vladimir Stepania,MIA,True,2-pointer,3,100-82,'NYK',leads
316,316,316,200202280MIA,46.8,5.9,4th quarter,0:55.5,Jim Jackson,MIA,False,3-pointer,23,100-84,'NYK',leads
317,317,317,200202280PHO,24.0,5.0,1st quarter,11:18.0,Brad Miller,IND,True,2-pointer,0,2-2,'IND',tied
318,318,318,200202280PHO,24.0,5.0,1st quarter,10:30.0,Brad Miller,IND,True,2-pointer,0,4-2,'IND',leads
319,319,319,200202280PHO,24.0,5.0,1st quarter,10:04.0,Jermaine O'Neal,IND,True,2-pointer,0,6-4,'IND',leads
320,320,320,200202280PHO,24.0,5.0,1st quarter,10:00.0,Brad Miller,IND,False,2-pointer,0,6-4,'IND',leads
321,321,321,200202280PHO,24.0,5.0,1st quarter,9:59.0,Brad Miller,IND,False,2-pointer,0,6-4,'IND',leads
322,322,322,200202280PHO,3.6,22.3,1st quarter,9:36.0,Reggie Miller,IND,False,3-pointer,27,6-4,'IND',leads
323,323,323,200202280PHO,17.3,14.1,1st quarter,8:49.0,Reggie Miller,IND,True,2-pointer,11,10-6,'IND',leads
324,324,324,200202280PHO,24.3,15.1,1st quarter,8:04.0,Jermaine O'Neal,IND,False,2-pointer,10,10-8,'IND',leads
325,325,325,200202280PHO,24.0,5.0,1st quarter,7:44.0,Jermaine O'Neal,IND,False,2-pointer,0,10-8,'IND',leads
326,326,326,200202280PHO,40.3,11.3,1st quarter,7:13.0,Jonathan Bender,IND,False,2-pointer,17,10-10,'IND',tied
327,327,327,200202280PHO,13.7,4.8,1st quarter,7:11.0,Jermaine O'Neal,IND,True,2-pointer,10,12-10,'IND',leads
328,328,328,200202280PHO,24.0,5.0,1st quarter,6:29.0,Jermaine O'Neal,IND,False,2-pointer,0,13-10,'IND',leads
329,329,329,200202280PHO,35.3,7.3,1st quarter,6:00.0,Reggie Miller,IND,True,2-pointer,12,15-12,'IND',leads
330,330,330,200202280PHO,24.0,5.0,1st quarter,5:19.0,Jermaine O'Neal,IND,True,2-pointer,0,20-16,'IND',leads
331,331,331,200202280PHO,24.0,5.0,1st quarter,4:51.0,Brad Miller,IND,True,2-pointer,0,22-16,'IND',leads
332,332,332,200202280PHO,25.1,20.2,1st quarter,4:11.0,Jermaine O'Neal,IND,False,2-pointer,15,22-18,'IND',leads
333,333,333,200202280PHO,9.3,11.3,1st quarter,2:19.0,Reggie Miller,IND,True,2-pointer,16,26-22,'IND',leads
334,334,334,200202280PHO,17.3,11.3,1st quarter,1:58.0,Jonathan Bender,IND,True,2-pointer,9,28-22,'IND',leads
335,335,335,200202280PHO,15.8,20.2,1st quarter,1:17.0,Brad Miller,IND,False,2-pointer,17,28-24,'IND',leads
336,336,336,200202280PHO,24.0,5.0,1st quarter,0:04.5,Metta World,IND,True,2-pointer,0,32-24,'IND',leads
337,337,337,200202280PHO,38.8,8.0,2nd quarter,11:39.0,Kevin Ollie,IND,False,2-pointer,15,32-24,'IND',leads
338,338,338,200202280PHO,14.6,16.8,2nd quarter,11:00.0,Brad Miller,IND,True,2-pointer,15,34-24,'IND',leads
339,339,339,200202280PHO,15.2,21.9,2nd quarter,9:16.0,Metta World,IND,False,2-pointer,19,35-29,'IND',leads
340,340,340,200202280PHO,5.7,6.9,2nd quarter,8:54.0,Jonathan Bender,IND,False,2-pointer,18,35-29,'IND',leads
341,341,341,200202280PHO,36.1,16.4,2nd quarter,8:09.0,Jeff Foster,IND,False,2-pointer,17,35-31,'IND',leads
342,342,342,200202280PHO,34.6,24.2,2nd quarter,7:36.0,Austin Croshere,IND,True,2-pointer,22,37-33,'IND',leads
343,343,343,200202280PHO,29.6,10.1,2nd quarter,6:41.0,Jeff Foster,IND,True,2-pointer,8,39-36,'IND',leads
344,344,344,200202280PHO,7.8,15.1,2nd quarter,6:10.0,Metta World,IND,True,2-pointer,19,41-38,'IND',leads
345,345,345,200202280PHO,33.1,6.9,2nd quarter,5:40.0,Metta World,IND,True,2-pointer,9,43-38,'IND',leads
346,346,346,200202280PHO,24.0,5.0,2nd quarter,4:58.0,Jamaal Tinsley,IND,True,2-pointer,0,45-38,'IND',leads
347,347,347,200202280PHO,36.7,11.3,2nd quarter,4:03.0,Brad Miller,IND,False,2-pointer,14,45-42,'IND',leads
348,348,348,200202280PHO,15.8,10.1,2nd quarter,2:58.0,Jermaine O'Neal,IND,False,2-pointer,10,45-44,'IND',leads
349,349,349,200202280PHO,45.4,17.5,2nd quarter,2:22.0,Jamaal Tinsley,IND,True,3-pointer,25,48-46,'IND',leads
350,350,350,200202280PHO,24.0,5.0,2nd quarter,0:43.9,Jamaal Tinsley,IND,True,2-pointer,0,50-50,'IND',tied
351,351,351,200202280PHO,46.0,16.4,2nd quarter,0:20.6,Reggie Miller,IND,False,3-pointer,25,50-52,'IND',trails
352,352,352,200202280PHO,13.1,16.8,3rd quarter,11:46.0,Brad Miller,IND,True,2-pointer,16,52-54,'IND',trails
353,353,353,200202280PHO,38.2,14.1,3rd quarter,11:11.0,Jermaine O'Neal,IND,True,2-pointer,17,54-54,'IND',tied
354,354,354,200202280PHO,2.8,19.8,3rd quarter,10:25.0,Reggie Miller,IND,True,3-pointer,26,57-57,'IND',tied
355,355,355,200202280PHO,29.6,20.2,3rd quarter,9:43.0,Jonathan Bender,IND,False,2-pointer,16,57-59,'IND',trails
356,356,356,200202280PHO,14.6,19.8,3rd quarter,9:04.0,Reggie Miller,IND,False,2-pointer,18,57-61,'IND',trails
357,357,357,200202280PHO,5.7,24.2,3rd quarter,8:12.0,Jonathan Bender,IND,False,3-pointer,27,58-63,'IND',trails
358,358,358,200202280PHO,24.0,5.0,3rd quarter,8:07.0,Jamaal Tinsley,IND,True,2-pointer,0,60-63,'IND',trails
359,359,359,200202280PHO,2.8,21.9,3rd quarter,7:19.0,Reggie Miller,IND,False,3-pointer,27,60-65,'IND',trails
360,360,360,200202280PHO,28.7,12.4,3rd quarter,7:15.0,Jonathan Bender,IND,True,2-pointer,9,62-65,'IND',trails
361,361,361,200202280PHO,45.4,20.8,3rd quarter,6:50.0,Reggie Miller,IND,False,3-pointer,27,62-65,'IND',trails
362,362,362,200202280PHO,33.1,18.5,3rd quarter,5:37.0,Jeff Foster,IND,False,2-pointer,16,64-68,'IND',trails
363,363,363,200202280PHO,24.0,5.0,3rd quarter,4:52.0,Jonathan Bender,IND,False,2-pointer,0,64-70,'IND',trails
364,364,364,200202280PHO,24.0,5.0,3rd quarter,4:49.0,Jermaine O'Neal,IND,True,2-pointer,0,66-70,'IND',trails
365,365,365,200202280PHO,29.6,24.8,3rd quarter,4:15.0,Jeff Foster,IND,False,2-pointer,21,66-70,'IND',trails
366,366,366,200202280PHO,25.8,17.9,3rd quarter,3:42.0,Jermaine O'Neal,IND,False,2-pointer,13,66-72,'IND',trails
367,367,367,200202280PHO,38.8,6.9,3rd quarter,3:09.0,Metta World,IND,False,2-pointer,15,66-72,'IND',trails
368,368,368,200202280PHO,36.1,18.5,3rd quarter,2:02.0,Jonathan Bender,IND,True,2-pointer,18,68-72,'IND',trails
369,369,369,200202280PHO,34.6,21.3,3rd quarter,1:06.0,Jeff Foster,IND,False,2-pointer,19,68-72,'IND',trails
370,370,370,200202280PHO,24.0,5.0,3rd quarter,0:49.7,Kevin Ollie,IND,True,2-pointer,0,70-72,'IND',trails
371,371,371,200202280PHO,24.0,5.0,3rd quarter,0:39.0,Metta World,IND,False,2-pointer,0,70-72,'IND',trails
372,372,372,200202280PHO,0.0,10.1,3rd quarter,0:03.0,Jeff Foster,IND,True,3-pointer,25,73-72,'IND',leads
373,373,373,200202280PHO,11.6,9.0,4th quarter,11:15.0,Brad Miller,IND,True,2-pointer,13,75-74,'IND',leads
374,374,374,200202280PHO,36.7,6.3,4th quarter,9:42.0,Brad Miller,IND,True,2-pointer,13,79-74,'IND',leads
375,375,375,200202280PHO,10.8,17.9,4th quarter,9:00.0,Reggie Miller,IND,False,2-pointer,18,79-74,'IND',leads
376,376,376,200202280PHO,1.5,20.2,4th quarter,8:27.0,Reggie Miller,IND,False,3-pointer,27,79-76,'IND',leads
377,377,377,200202280PHO,12.3,20.2,4th quarter,7:41.0,Jermaine O'Neal,IND,False,2-pointer,19,79-76,'IND',leads
378,378,378,200202280PHO,38.2,26.3,4th quarter,6:31.0,Jamaal Tinsley,IND,False,3-pointer,26,81-79,'IND',leads
379,379,379,200202280PHO,24.0,5.0,4th quarter,5:43.0,Brad Miller,IND,True,2-pointer,0,84-79,'IND',leads
380,380,380,200202280PHO,13.7,19.8,4th quarter,5:05.0,Brad Miller,IND,False,2-pointer,18,85-79,'IND',leads
381,381,381,200202280PHO,24.0,5.0,4th quarter,5:01.0,Jermaine O'Neal,IND,False,2-pointer,0,85-79,'IND',leads
382,382,382,200202280PHO,43.9,21.3,4th quarter,4:40.0,Reggie Miller,IND,False,3-pointer,26,85-79,'IND',leads
383,383,383,200202280PHO,41.8,23.6,4th quarter,3:19.0,Jamaal Tinsley,IND,False,3-pointer,26,87-81,'IND',leads
384,384,384,200202280PHO,24.0,5.0,4th quarter,3:17.0,Brad Miller,IND,True,2-pointer,0,89-81,'IND',leads
385,385,385,200202280PHO,14.6,20.8,4th quarter,2:12.0,Reggie Miller,IND,False,2-pointer,18,90-81,'IND',leads
386,386,386,200202280PHO,11.6,11.3,4th quarter,1:38.0,Brad Miller,IND,False,2-pointer,14,90-83,'IND',leads
387,387,387,200202280PHO,36.7,11.8,4th quarter,1:12.0,Jamaal Tinsley,IND,True,2-pointer,14,92-83,'IND',leads
388,388,388,200202280PHO,38.2,10.1,4th quarter,0:00.4,Jermaine O'Neal,IND,False,2-pointer,15,94-94,'IND',tied
389,389,389,200202280PHO,36.7,15.1,1st overtime,4:43.0,Reggie Miller,IND,True,2-pointer,16,96-94,'IND',leads
390,390,390,200202280PHO,2.1,20.2,1st overtime,4:05.0,Reggie Miller,IND,False,3-pointer,27,96-96,'IND',tied
391,391,391,200202280PHO,26.4,16.4,1st overtime,3:00.0,Jermaine O'Neal,IND,True,2-pointer,12,98-98,'IND',tied
392,392,392,200202280PHO,37.4,28.6,1st overtime,1:37.0,Jamaal Tinsley,IND,False,3-pointer,27,98-102,'IND',trails
393,393,393,200202280PHO,4.3,21.9,1st overtime,1:24.0,Jonathan Bender,IND,False,3-pointer,26,98-102,'IND',trails
394,394,394,200202280PHO,34.6,29.7,1st overtime,0:38.3,Jermaine O'Neal,IND,False,3-pointer,27,98-104,'IND',trails
395,395,395,200202280PHO,15.8,29.7,1st overtime,0:20.5,Jamaal Tinsley,IND,False,3-pointer,26,98-106,'IND',trails
396,396,396,200202280PHO,24.0,5.0,1st overtime,0:06.8,Jamaal Tinsley,IND,True,2-pointer,0,100-107,'IND',trails
397,397,397,200202280PHO,24.0,5.0,1st quarter,11:41.0,Shawn Marion,PHO,False,2-pointer,0,0-0,'IND',tied
398,398,398,200202280PHO,24.0,5.0,1st quarter,11:38.0,Jake Tsakalidis,PHO,True,2-pointer,0,2-0,'IND',leads
399,399,399,200202280PHO,16.7,18.5,1st quarter,10:58.0,Joe Johnson,PHO,False,2-pointer,15,2-2,'IND',tied
400,400,400,200202280PHO,13.7,24.8,1st quarter,10:36.0,Tom Gugliotta,PHO,False,2-pointer,22,2-2,'IND',tied
401,401,401,200202280PHO,15.2,19.8,1st quarter,10:11.0,Tom Gugliotta,PHO,True,2-pointer,17,4-4,'IND',tied
402,402,402,200202280PHO,30.2,16.8,1st quarter,9:51.0,Jake Tsakalidis,PHO,False,2-pointer,13,4-6,'IND',trails
403,403,403,200202280PHO,7.2,6.9,1st quarter,9:43.0,Joe Johnson,PHO,False,2-pointer,17,4-6,'IND',trails
404,404,404,200202280PHO,24.0,5.0,1st quarter,9:30.0,Shawn Marion,PHO,True,2-pointer,0,6-6,'IND',tied
405,405,405,200202280PHO,24.0,5.0,1st quarter,9:05.0,Jake Tsakalidis,PHO,False,2-pointer,0,6-8,'IND',trails
406,406,406,200202280PHO,24.0,5.0,1st quarter,8:27.0,Jake Tsakalidis,PHO,True,2-pointer,0,8-10,'IND',trails
407,407,407,200202280PHO,37.4,16.4,1st quarter,7:32.0,Shawn Marion,PHO,True,2-pointer,18,10-10,'IND',tied
408,408,408,200202280PHO,23.0,20.8,1st quarter,6:54.0,Stephon Marbury,PHO,False,2-pointer,16,10-13,'IND',trails
409,409,409,200202280PHO,24.0,5.0,1st quarter,6:25.0,Stephon Marbury,PHO,True,2-pointer,0,12-13,'IND',trails
410,410,410,200202280PHO,33.1,21.3,1st quarter,5:48.0,Joe Johnson,PHO,False,2-pointer,19,12-16,'IND',trails
411,411,411,200202280PHO,24.3,14.1,1st quarter,5:46.0,Jake Tsakalidis,PHO,True,2-pointer,9,14-16,'IND',trails
412,412,412,200202280PHO,39.7,6.9,1st quarter,5:26.0,Anfernee Hardaway,PHO,True,2-pointer,16,16-18,'IND',trails
413,413,413,200202280PHO,23.9,15.1,1st quarter,5:00.0,Shawn Marion,PHO,False,2-pointer,10,16-20,'IND',trails
414,414,414,200202280PHO,24.0,5.0,1st quarter,4:56.0,Jake Tsakalidis,PHO,False,2-pointer,0,16-20,'IND',trails
415,415,415,200202280PHO,33.8,7.3,1st quarter,4:30.0,Shawn Marion,PHO,True,2-pointer,10,18-22,'IND',trails
416,416,416,200202280PHO,25.8,16.8,1st quarter,3:48.0,Bo Outlaw,PHO,False,2-pointer,12,18-22,'IND',trails
417,417,417,200202280PHO,17.3,16.8,1st quarter,3:33.0,Anfernee Hardaway,PHO,True,2-pointer,14,20-24,'IND',trails
418,418,418,200202280PHO,25.1,16.4,1st quarter,2:55.0,Anfernee Hardaway,PHO,False,2-pointer,11,20-24,'IND',trails
419,419,419,200202280PHO,37.4,17.5,1st quarter,2:41.0,Stephon Marbury,PHO,True,2-pointer,18,22-24,'IND',trails
420,420,420,200202280PHO,6.4,6.3,1st quarter,1:38.0,Shawn Marion,PHO,True,2-pointer,18,24-28,'IND',trails
421,421,421,200202280PHO,6.4,25.3,1st quarter,0:23.1,Stephon Marbury,PHO,False,3-pointer,27,24-30,'IND',trails
422,422,422,200202280PHO,43.3,25.3,1st quarter,0:00.0,Stephon Marbury,PHO,False,3-pointer,28,24-32,'IND',trails
423,423,423,200202280PHO,33.1,14.1,2nd quarter,11:20.0,Anfernee Hardaway,PHO,False,2-pointer,13,24-32,'IND',trails
424,424,424,200202280PHO,12.3,17.5,2nd quarter,10:38.0,Shawn Marion,PHO,True,2-pointer,17,26-34,'IND',trails
425,425,425,200202280PHO,24.0,5.0,2nd quarter,10:07.0,Milt Palacio,PHO,False,2-pointer,0,26-35,'IND',trails
426,426,426,200202280PHO,45.4,20.2,2nd quarter,9:53.0,Dan Majerle,PHO,True,3-pointer,26,29-35,'IND',trails
427,427,427,200202280PHO,24.0,5.0,2nd quarter,9:04.0,Shawn Marion,PHO,False,2-pointer,0,29-35,'IND',trails
428,428,428,200202280PHO,5.1,6.9,2nd quarter,8:34.0,Joe Johnson,PHO,False,2-pointer,19,29-35,'IND',trails
429,429,429,200202280PHO,24.0,5.0,2nd quarter,8:32.0,Anfernee Hardaway,PHO,True,2-pointer,0,31-35,'IND',trails
430,430,430,200202280PHO,15.8,22.3,2nd quarter,7:52.0,Milt Palacio,PHO,True,2-pointer,19,33-35,'IND',trails
431,431,431,200202280PHO,15.8,29.7,2nd quarter,6:56.0,Dan Majerle,PHO,True,3-pointer,26,36-37,'IND',trails
432,432,432,200202280PHO,24.0,5.0,2nd quarter,6:26.0,Joe Johnson,PHO,False,2-pointer,0,36-39,'IND',trails
433,433,433,200202280PHO,24.0,5.0,2nd quarter,6:24.0,Tom Gugliotta,PHO,True,2-pointer,0,38-39,'IND',trails
434,434,434,200202280PHO,10.8,9.7,2nd quarter,5:14.0,Joe Johnson,PHO,False,2-pointer,14,38-43,'IND',trails
435,435,435,200202280PHO,5.7,6.9,2nd quarter,4:36.0,Tom Gugliotta,PHO,True,2-pointer,18,40-45,'IND',trails
436,436,436,200202280PHO,24.0,5.0,2nd quarter,4:26.0,Milt Palacio,PHO,True,2-pointer,0,42-45,'IND',trails
437,437,437,200202280PHO,46.8,5.0,2nd quarter,3:44.0,Milt Palacio,PHO,False,3-pointer,23,42-45,'IND',trails
438,438,438,200202280PHO,23.0,12.4,2nd quarter,3:36.0,Anfernee Hardaway,PHO,False,2-pointer,7,42-45,'IND',trails
439,439,439,200202280PHO,7.8,14.1,2nd quarter,3:22.0,Tom Gugliotta,PHO,True,2-pointer,19,44-45,'IND',trails
440,440,440,200202280PHO,9.3,16.8,2nd quarter,2:46.0,Shawn Marion,PHO,True,2-pointer,19,46-45,'IND',leads
441,441,441,200202280PHO,10.2,17.5,2nd quarter,2:04.0,Stephon Marbury,PHO,True,2-pointer,19,48-48,'IND',tied
442,442,442,200202280PHO,24.0,5.0,2nd quarter,1:34.0,Milt Palacio,PHO,True,2-pointer,0,50-48,'IND',leads
443,443,443,200202280PHO,37.4,17.5,2nd quarter,1:15.0,Milt Palacio,PHO,False,2-pointer,18,50-48,'IND',leads
444,444,444,200202280PHO,40.9,8.4,2nd quarter,0:57.9,Tom Gugliotta,PHO,False,2-pointer,17,50-48,'IND',leads
445,445,445,200202280PHO,24.0,5.0,2nd quarter,0:00.4,Stephon Marbury,PHO,False,2-pointer,0,52-50,'IND',leads
446,446,446,200202280PHO,24.0,5.0,2nd quarter,0:00.0,Jake Tsakalidis,PHO,True,2-pointer,0,54-50,'IND',leads
447,447,447,200202280PHO,15.2,19.1,3rd quarter,11:29.0,Stephon Marbury,PHO,False,2-pointer,17,54-52,'IND',leads
448,448,448,200202280PHO,47.5,4.2,3rd quarter,10:46.0,Joe Johnson,PHO,True,3-pointer,24,57-54,'IND',leads
449,449,449,200202280PHO,33.8,20.8,3rd quarter,10:04.0,Tom Gugliotta,PHO,True,2-pointer,19,59-57,'IND',leads
450,450,450,200202280PHO,24.0,5.0,3rd quarter,9:29.0,Jake Tsakalidis,PHO,False,2-pointer,0,59-57,'IND',leads
451,451,451,200202280PHO,24.0,5.0,3rd quarter,9:21.0,Shawn Marion,PHO,True,2-pointer,0,61-57,'IND',leads
452,452,452,200202280PHO,36.1,17.9,3rd quarter,8:52.0,Tom Gugliotta,PHO,True,2-pointer,18,63-57,'IND',leads
453,453,453,200202280PHO,24.0,5.0,3rd quarter,7:49.0,Stephon Marbury,PHO,False,2-pointer,0,63-60,'IND',leads
454,454,454,200202280PHO,35.3,7.3,3rd quarter,7:35.0,Shawn Marion,PHO,True,2-pointer,12,65-60,'IND',leads
455,455,455,200202280PHO,24.0,5.0,3rd quarter,7:01.0,Stephon Marbury,PHO,False,2-pointer,0,65-62,'IND',leads
456,456,456,200202280PHO,5.7,14.7,3rd quarter,6:27.0,Stephon Marbury,PHO,True,2-pointer,21,67-64,'IND',leads
457,457,457,200202280PHO,36.1,16.8,3rd quarter,5:11.0,Joe Johnson,PHO,False,2-pointer,17,68-64,'IND',leads
458,458,458,200202280PHO,39.7,4.8,3rd quarter,5:07.0,Shawn Marion,PHO,True,2-pointer,16,70-64,'IND',leads
459,459,459,200202280PHO,11.6,19.1,3rd quarter,4:02.0,Anfernee Hardaway,PHO,True,2-pointer,19,72-66,'IND',leads
460,460,460,200202280PHO,15.8,21.9,3rd quarter,3:23.0,Milt Palacio,PHO,False,2-pointer,19,72-66,'IND',leads
461,461,461,200202280PHO,18.8,16.4,3rd quarter,2:16.0,Dan Majerle,PHO,False,2-pointer,13,72-66,'IND',leads
462,462,462,200202280PHO,14.6,21.3,3rd quarter,1:39.0,Anfernee Hardaway,PHO,False,2-pointer,19,72-68,'IND',leads
463,463,463,200202280PHO,24.0,5.0,3rd quarter,1:36.0,Milt Palacio,PHO,False,2-pointer,0,72-68,'IND',leads
464,464,464,200202280PHO,20.3,20.8,3rd quarter,1:26.0,Tom Gugliotta,PHO,False,2-pointer,16,72-68,'IND',leads
465,465,465,200202280PHO,7.8,38.1,3rd quarter,0:00.0,Milt Palacio,PHO,False,3-pointer,37,72-73,'IND',trails
466,466,466,200202280PHO,24.0,5.0,4th quarter,11:45.0,Anfernee Hardaway,PHO,True,2-pointer,0,74-73,'IND',leads
467,467,467,200202280PHO,12.3,15.8,4th quarter,10:50.0,Anfernee Hardaway,PHO,False,2-pointer,16,74-75,'IND',trails
468,468,468,200202280PHO,45.4,19.1,4th quarter,10:03.0,Joe Johnson,PHO,False,3-pointer,26,74-77,'IND',trails
469,469,469,200202280PHO,14.6,18.5,4th quarter,9:19.0,Stephon Marbury,PHO,False,2-pointer,16,74-79,'IND',trails
470,470,470,200202280PHO,31.7,21.3,4th quarter,8:43.0,Tom Gugliotta,PHO,True,2-pointer,18,76-79,'IND',trails
471,471,471,200202280PHO,45.4,19.8,4th quarter,7:20.0,Stephon Marbury,PHO,True,3-pointer,26,79-81,'IND',trails
472,472,472,200202280PHO,24.0,5.0,4th quarter,6:48.0,Stephon Marbury,PHO,False,2-pointer,0,79-81,'IND',trails
473,473,473,200202280PHO,23.9,14.7,4th quarter,6:00.0,Jake Tsakalidis,PHO,False,2-pointer,10,79-82,'IND',trails
474,474,474,200202280PHO,38.2,15.8,4th quarter,5:27.0,Shawn Marion,PHO,False,2-pointer,18,79-85,'IND',trails
475,475,475,200202280PHO,24.0,5.0,4th quarter,4:47.0,Stephon Marbury,PHO,False,2-pointer,0,79-85,'IND',trails
476,476,476,200202280PHO,24.0,5.0,4th quarter,4:31.0,Stephon Marbury,PHO,False,2-pointer,0,79-85,'IND',trails
477,477,477,200202280PHO,35.3,8.0,4th quarter,3:35.0,Shawn Marion,PHO,False,2-pointer,12,81-87,'IND',trails
478,478,478,200202280PHO,37.4,16.8,4th quarter,3:02.0,Anfernee Hardaway,PHO,False,2-pointer,18,81-90,'IND',trails
479,479,479,200202280PHO,24.0,5.0,4th quarter,2:58.0,Stephon Marbury,PHO,False,2-pointer,0,81-90,'IND',trails
480,480,480,200202280PHO,2.8,18.5,4th quarter,2:27.0,Shawn Marion,PHO,False,3-pointer,25,81-90,'IND',trails
481,481,481,200202280PHO,24.0,5.0,4th quarter,1:57.0,Anfernee Hardaway,PHO,True,2-pointer,0,83-90,'IND',trails
482,482,482,200202280PHO,38.2,8.4,4th quarter,1:27.0,Tom Gugliotta,PHO,False,2-pointer,15,83-90,'IND',trails
483,483,483,200202280PHO,7.2,6.3,4th quarter,1:00.0,Tom Gugliotta,PHO,True,2-pointer,17,85-92,'IND',trails
484,484,484,200202280PHO,0.0,9.7,4th quarter,0:37.3,Tom Gugliotta,PHO,False,3-pointer,24,85-92,'IND',trails
485,485,485,200202280PHO,16.7,30.3,4th quarter,0:31.8,Stephon Marbury,PHO,True,3-pointer,26,88-92,'IND',trails
486,486,486,200202280PHO,24.0,5.0,4th quarter,0:24.4,Stephon Marbury,PHO,True,2-pointer,0,90-94,'IND',trails
487,487,487,200202280PHO,24.0,5.0,4th quarter,0:15.9,Stephon Marbury,PHO,True,2-pointer,0,92-94,'IND',trails
488,488,488,200202280PHO,24.0,5.0,4th quarter,0:08.0,Stephon Marbury,PHO,True,2-pointer,0,94-94,'IND',tied
489,489,489,200202280PHO,15.2,6.3,1st overtime,4:23.0,Anfernee Hardaway,PHO,True,2-pointer,9,96-96,'IND',tied
490,490,490,200202280PHO,24.0,5.0,1st overtime,3:48.0,Stephon Marbury,PHO,False,2-pointer,0,96-96,'IND',tied
491,491,491,200202280PHO,23.0,21.3,1st overtime,3:16.0,Tom Gugliotta,PHO,True,2-pointer,16,98-96,'IND',leads
492,492,492,200202280PHO,24.0,5.0,1st overtime,2:33.0,Stephon Marbury,PHO,True,2-pointer,0,100-98,'IND',leads
493,493,493,200202280PHO,39.7,26.9,1st overtime,1:52.0,Tom Gugliotta,PHO,False,3-pointer,27,100-98,'IND',leads
494,494,494,200202280PHO,24.0,5.0,1st overtime,1:51.0,Anfernee Hardaway,PHO,True,2-pointer,0,102-98,'IND',leads
495,495,495,200202280PHO,32.5,23.6,1st overtime,1:00.0,Stephon Marbury,PHO,False,2-pointer,20,102-98,'IND',leads
496,496,496,200202280PHO,38.2,16.8,1st overtime,0:46.9,Shawn Marion,PHO,True,2-pointer,18,104-98,'IND',leads
497,497,497,200202280UTA,38.6,21.3,1st quarter,11:34.0,Rodney Buford,MEM,True,2-pointer,22,2-0,'UTA',leads
498,498,498,200202280UTA,9.5,18.7,1st quarter,10:59.0,Rodney Buford,MEM,True,2-pointer,20,4-2,'UTA',leads
499,499,499,200202280UTA,24.1,9.5,1st quarter,9:09.0,Lorenzen Wright,MEM,True,2-pointer,5,6-8,'UTA',trails
500,500,500,200202280UTA,24.0,5.0,1st quarter,8:35.0,Pau Gasol,MEM,False,2-pointer,0,6-8,'UTA',trails
501,501,501,200202280UTA,30.2,5.4,1st quarter,7:29.0,Shane Battier,MEM,False,2-pointer,6,6-12,'UTA',trails
502,502,502,200202280UTA,40.9,8.8,1st quarter,7:25.0,Shane Battier,MEM,False,2-pointer,17,6-12,'UTA',trails
503,503,503,200202280UTA,24.0,5.0,1st quarter,7:03.0,Shane Battier,MEM,False,2-pointer,0,7-12,'UTA',trails
504,504,504,200202280UTA,24.0,5.0,1st quarter,7:02.0,Shane Battier,MEM,False,2-pointer,0,7-12,'UTA',trails
505,505,505,200202280UTA,37.8,9.5,1st quarter,6:07.0,Will Solomon,MEM,True,2-pointer,15,9-14,'UTA',trails
506,506,506,200202280UTA,36.3,20.0,1st quarter,5:36.0,Rodney Buford,MEM,False,2-pointer,19,9-16,'UTA',trails
507,507,507,200202280UTA,24.0,5.0,1st quarter,5:33.0,Pau Gasol,MEM,False,2-pointer,0,9-16,'UTA',trails
508,508,508,200202280UTA,24.1,12.4,1st quarter,4:33.0,Lorenzen Wright,MEM,False,2-pointer,7,10-18,'UTA',trails
509,509,509,200202280UTA,10.2,15.4,1st quarter,4:19.0,Shane Battier,MEM,True,2-pointer,17,12-18,'UTA',trails
510,510,510,200202280UTA,9.5,17.7,1st quarter,3:27.0,Shane Battier,MEM,False,2-pointer,19,12-22,'UTA',trails
511,511,511,200202280UTA,24.0,5.0,1st quarter,3:25.0,Rodney Buford,MEM,True,2-pointer,0,14-22,'UTA',trails
512,512,512,200202280UTA,31.0,6.5,1st quarter,2:32.0,Tony Massenburg,MEM,False,2-pointer,7,15-24,'UTA',trails
513,513,513,200202280UTA,24.0,5.0,1st quarter,2:29.0,Rodney Buford,MEM,False,2-pointer,0,15-24,'UTA',trails
514,514,514,200202280UTA,42.6,12.4,1st quarter,2:23.0,Will Solomon,MEM,False,2-pointer,20,15-24,'UTA',trails
515,515,515,200202280UTA,17.3,28.4,1st quarter,1:58.0,Rodney Buford,MEM,False,3-pointer,24,15-26,'UTA',trails
516,516,516,200202280UTA,24.0,5.0,1st quarter,1:55.0,Stromile Swift,MEM,True,2-pointer,0,17-26,'UTA',trails
517,517,517,200202280UTA,24.1,9.5,1st quarter,1:27.0,Rodney Buford,MEM,True,2-pointer,5,19-26,'UTA',trails
518,518,518,200202280UTA,24.0,5.0,1st quarter,0:43.3,Stromile Swift,MEM,False,2-pointer,0,19-28,'UTA',trails
519,519,519,200202280UTA,24.9,11.8,2nd quarter,11:25.0,Will Solomon,MEM,True,2-pointer,7,22-33,'UTA',trails
520,520,520,200202280UTA,24.0,5.0,2nd quarter,10:18.0,Shane Battier,MEM,True,2-pointer,0,24-33,'UTA',trails
521,521,521,200202280UTA,34.8,21.3,2nd quarter,9:34.0,Eddie Gill,MEM,False,2-pointer,20,24-36,'UTA',trails
522,522,522,200202280UTA,11.0,25.9,2nd quarter,9:09.0,Will Solomon,MEM,False,3-pointer,25,24-38,'UTA',trails
523,523,523,200202280UTA,15.0,28.4,2nd quarter,8:12.0,Eddie Gill,MEM,False,3-pointer,25,24-38,'UTA',trails
524,524,524,200202280UTA,17.3,9.5,2nd quarter,7:35.0,Pau Gasol,MEM,True,2-pointer,8,26-40,'UTA',trails
525,525,525,200202280UTA,17.3,11.1,2nd quarter,7:02.0,Pau Gasol,MEM,False,2-pointer,9,26-42,'UTA',trails
526,526,526,200202280UTA,23.4,13.0,2nd quarter,6:58.0,Pau Gasol,MEM,True,2-pointer,8,28-42,'UTA',trails
527,527,527,200202280UTA,23.4,23.6,2nd quarter,5:28.0,Rodney Buford,MEM,False,2-pointer,19,29-44,'UTA',trails
528,528,528,200202280UTA,7.2,18.3,2nd quarter,5:05.0,Shane Battier,MEM,False,2-pointer,21,29-46,'UTA',trails
529,529,529,200202280UTA,26.4,7.1,2nd quarter,4:43.0,Pau Gasol,MEM,False,2-pointer,3,29-46,'UTA',trails
530,530,530,200202280UTA,23.4,13.7,2nd quarter,3:47.0,Shane Battier,MEM,False,2-pointer,9,29-46,'UTA',trails
531,531,531,200202280UTA,8.7,24.8,2nd quarter,2:23.0,Will Solomon,MEM,False,3-pointer,25,31-51,'UTA',trails
532,532,532,200202280UTA,24.9,9.5,2nd quarter,1:50.0,Stromile Swift,MEM,False,2-pointer,5,31-51,'UTA',trails
533,533,533,200202280UTA,24.0,5.0,2nd quarter,1:48.0,Shane Battier,MEM,True,2-pointer,0,33-51,'UTA',trails
534,534,534,200202280UTA,23.4,14.1,2nd quarter,1:10.0,Pau Gasol,MEM,False,2-pointer,9,33-51,'UTA',trails
535,535,535,200202280UTA,24.0,5.0,2nd quarter,1:07.0,Shane Battier,MEM,True,2-pointer,0,35-51,'UTA',trails
536,536,536,200202280UTA,24.0,5.0,2nd quarter,0:41.8,Will Solomon,MEM,False,2-pointer,0,35-51,'UTA',trails
537,537,537,200202280UTA,6.4,11.8,2nd quarter,0:22.4,Shane Battier,MEM,False,2-pointer,19,35-51,'UTA',trails
538,538,538,200202280UTA,3.4,9.5,3rd quarter,11:24.0,Eddie Gill,MEM,True,2-pointer,21,37-53,'UTA',trails
539,539,539,200202280UTA,21.1,8.4,3rd quarter,10:50.0,Shane Battier,MEM,True,2-pointer,4,39-55,'UTA',trails
540,540,540,200202280UTA,3.4,14.7,3rd quarter,9:46.0,Eddie Gill,MEM,False,2-pointer,23,39-57,'UTA',trails
541,541,541,200202280UTA,24.0,5.0,3rd quarter,9:43.0,Rodney Buford,MEM,True,2-pointer,0,41-57,'UTA',trails
542,542,542,200202280UTA,24.1,14.1,3rd quarter,8:02.0,Rodney Buford,MEM,False,2-pointer,9,41-60,'UTA',trails
543,543,543,200202280UTA,24.0,5.0,3rd quarter,8:01.0,Lorenzen Wright,MEM,False,2-pointer,0,41-60,'UTA',trails
544,544,544,200202280UTA,24.0,5.0,3rd quarter,7:30.0,Pau Gasol,MEM,False,2-pointer,0,41-60,'UTA',trails
545,545,545,200202280UTA,27.9,5.0,3rd quarter,6:48.0,Lorenzen Wright,MEM,False,2-pointer,4,41-62,'UTA',trails
546,546,546,200202280UTA,35.5,20.6,3rd quarter,5:16.0,Pau Gasol,MEM,False,2-pointer,19,43-65,'UTA',trails
547,547,547,200202280UTA,24.0,5.0,3rd quarter,4:58.0,Lorenzen Wright,MEM,True,2-pointer,0,45-65,'UTA',trails
548,548,548,200202280UTA,24.1,12.4,3rd quarter,4:20.0,Lorenzen Wright,MEM,True,2-pointer,7,47-65,'UTA',trails
549,549,549,200202280UTA,37.8,25.5,3rd quarter,3:49.0,Rodney Buford,MEM,False,3-pointer,25,47-65,'UTA',trails
550,550,550,200202280UTA,30.2,28.4,3rd quarter,3:21.0,Will Solomon,MEM,False,3-pointer,24,47-68,'UTA',trails
551,551,551,200202280UTA,24.0,5.0,3rd quarter,2:54.0,Rodney Buford,MEM,True,2-pointer,0,49-70,'UTA',trails
552,552,552,200202280UTA,39.5,19.4,3rd quarter,1:40.0,Shane Battier,MEM,False,2-pointer,21,51-74,'UTA',trails
553,553,553,200202280UTA,23.4,11.8,3rd quarter,1:19.0,Eddie Gill,MEM,False,2-pointer,7,51-76,'UTA',trails
554,554,554,200202280UTA,24.9,13.7,3rd quarter,0:31.4,Will Solomon,MEM,False,2-pointer,9,51-80,'UTA',trails
555,555,555,200202280UTA,33.1,13.7,3rd quarter,0:00.2,Eddie Gill,MEM,False,2-pointer,13,53-80,'UTA',trails
556,556,556,200202280UTA,27.2,28.8,4th quarter,10:36.0,Will Solomon,MEM,False,3-pointer,24,57-85,'UTA',trails
557,557,557,200202280UTA,32.5,21.9,4th quarter,10:30.0,Tony Massenburg,MEM,False,2-pointer,19,57-85,'UTA',trails
558,558,558,200202280UTA,41.8,21.9,4th quarter,9:56.0,Shane Battier,MEM,False,3-pointer,25,57-85,'UTA',trails
559,559,559,200202280UTA,24.0,5.0,4th quarter,9:31.0,Will Solomon,MEM,True,2-pointer,0,61-85,'UTA',trails
560,560,560,200202280UTA,27.9,10.1,4th quarter,8:26.0,Pau Gasol,MEM,False,2-pointer,6,61-87,'UTA',trails
561,561,561,200202280UTA,11.8,9.5,4th quarter,8:01.0,Pau Gasol,MEM,False,2-pointer,13,61-89,'UTA',trails
562,562,562,200202280UTA,15.6,22.3,4th quarter,7:19.0,Eddie Gill,MEM,False,2-pointer,19,62-91,'UTA',trails
563,563,563,200202280UTA,5.5,11.1,4th quarter,6:13.0,Antonis Fotsis,MEM,True,2-pointer,19,65-93,'UTA',trails
564,564,564,200202280UTA,34.0,5.4,4th quarter,5:33.0,Lorenzen Wright,MEM,False,2-pointer,10,65-95,'UTA',trails
565,565,565,200202280UTA,7.2,16.0,4th quarter,5:00.0,Eddie Gill,MEM,True,2-pointer,20,67-97,'UTA',trails
566,566,566,200202280UTA,27.9,14.1,4th quarter,3:21.0,Lorenzen Wright,MEM,False,2-pointer,10,67-103,'UTA',trails
567,567,567,200202280UTA,37.8,12.4,4th quarter,1:54.0,Lorenzen Wright,MEM,False,2-pointer,16,68-108,'UTA',trails
568,568,568,200202280UTA,32.5,22.3,4th quarter,1:23.0,Antonis Fotsis,MEM,False,2-pointer,19,68-110,'UTA',trails
569,569,569,200202280UTA,24.0,5.0,1st quarter,11:19.0,Bryon Russell,UTA,True,2-pointer,0,2-2,'UTA',tied
570,570,570,200202280UTA,24.0,5.0,1st quarter,10:33.0,John Stockton,UTA,False,2-pointer,0,2-4,'UTA',trails
571,571,571,200202280UTA,24.0,5.0,1st quarter,10:21.0,Bryon Russell,UTA,True,2-pointer,0,4-4,'UTA',tied
572,572,572,200202280UTA,24.0,5.0,1st quarter,9:55.0,Andrei Kirilenko,UTA,True,2-pointer,0,6-4,'UTA',leads
573,573,573,200202280UTA,41.8,5.4,1st quarter,8:48.0,John Stockton,UTA,False,2-pointer,18,8-6,'UTA',leads
574,574,574,200202280UTA,24.0,5.0,1st quarter,7:52.0,Bryon Russell,UTA,False,2-pointer,0,10-6,'UTA',leads
575,575,575,200202280UTA,24.0,5.0,1st quarter,7:48.0,Bryon Russell,UTA,True,2-pointer,0,12-6,'UTA',leads
576,576,576,200202280UTA,24.0,5.0,1st quarter,6:34.0,Karl Malone,UTA,True,2-pointer,0,14-7,'UTA',leads
577,577,577,200202280UTA,24.0,5.0,1st quarter,5:54.0,Andrei Kirilenko,UTA,True,2-pointer,0,16-9,'UTA',leads
578,578,578,200202280UTA,24.0,5.0,1st quarter,5:22.0,Andrei Kirilenko,UTA,False,2-pointer,0,16-9,'UTA',leads
579,579,579,200202280UTA,7.2,18.3,1st quarter,4:50.0,Rusty LaRue,UTA,True,2-pointer,21,18-10,'UTA',leads
580,580,580,200202280UTA,8.7,19.4,1st quarter,3:50.0,Bryon Russell,UTA,True,2-pointer,21,22-12,'UTA',leads
581,581,581,200202280UTA,22.8,28.8,1st quarter,3:08.0,Rusty LaRue,UTA,False,3-pointer,24,22-15,'UTA',leads
582,582,582,200202280UTA,24.0,5.0,1st quarter,2:55.0,John Starks,UTA,False,2-pointer,0,22-15,'UTA',leads
583,583,583,200202280UTA,2.6,3.7,1st quarter,2:48.0,John Starks,UTA,True,2-pointer,21,24-15,'UTA',leads
584,584,584,200202280UTA,24.0,5.0,1st quarter,2:18.0,Rusty LaRue,UTA,True,2-pointer,0,26-15,'UTA',leads
585,585,585,200202280UTA,10.2,23.6,1st quarter,1:01.0,John Starks,UTA,True,2-pointer,23,28-19,'UTA',leads
586,586,586,200202280UTA,30.2,28.4,1st quarter,0:34.5,Rusty LaRue,UTA,True,3-pointer,24,31-20,'UTA',leads
587,587,587,200202280UTA,24.0,5.0,1st quarter,0:03.0,Karl Malone,UTA,True,2-pointer,0,33-20,'UTA',leads
588,588,588,200202280UTA,30.2,24.8,2nd quarter,11:45.0,Donyell Marshall,UTA,False,2-pointer,21,33-20,'UTA',leads
589,589,589,200202280UTA,24.0,5.0,2nd quarter,11:11.0,Donyell Marshall,UTA,False,2-pointer,0,33-22,'UTA',leads
590,590,590,200202280UTA,27.9,11.1,2nd quarter,9:54.0,John Starks,UTA,False,2-pointer,7,33-24,'UTA',leads
591,591,591,200202280UTA,12.5,27.2,2nd quarter,9:47.0,Scott Padgett,UTA,True,3-pointer,25,36-24,'UTA',leads
592,592,592,200202280UTA,24.0,5.0,2nd quarter,9:29.0,Donyell Marshall,UTA,True,2-pointer,0,38-24,'UTA',leads
593,593,593,200202280UTA,20.3,8.8,2nd quarter,8:57.0,Donyell Marshall,UTA,False,2-pointer,5,38-24,'UTA',leads
594,594,594,200202280UTA,24.0,5.0,2nd quarter,8:32.0,Donyell Marshall,UTA,False,2-pointer,0,38-24,'UTA',leads
595,595,595,200202280UTA,24.0,5.0,2nd quarter,7:23.0,Scott Padgett,UTA,True,2-pointer,0,42-26,'UTA',leads
596,596,596,200202280UTA,24.0,5.0,2nd quarter,6:38.0,John Stockton,UTA,False,2-pointer,0,42-28,'UTA',leads
597,597,597,200202280UTA,24.0,5.0,2nd quarter,6:08.0,Scott Padgett,UTA,True,2-pointer,0,44-29,'UTA',leads
598,598,598,200202280UTA,24.0,5.0,2nd quarter,3:37.0,Scott Padgett,UTA,False,2-pointer,0,46-29,'UTA',leads
599,599,599,200202280UTA,24.0,5.0,2nd quarter,3:31.0,Donyell Marshall,UTA,True,2-pointer,0,48-29,'UTA',leads
600,600,600,200202280UTA,24.0,5.0,2nd quarter,2:45.0,Scott Padgett,UTA,True,2-pointer,0,51-31,'UTA',leads
601,601,601,200202280UTA,24.0,5.0,2nd quarter,2:13.0,Donyell Marshall,UTA,False,2-pointer,0,51-31,'UTA',leads
602,602,602,200202280UTA,34.8,25.9,2nd quarter,0:53.7,Rusty LaRue,UTA,False,3-pointer,24,51-35,'UTA',leads
603,603,603,200202280UTA,0.2,7.1,2nd quarter,0:03.9,Donyell Marshall,UTA,False,3-pointer,24,51-35,'UTA',leads
604,604,604,200202280UTA,24.0,5.0,3rd quarter,11:42.0,Andrei Kirilenko,UTA,False,2-pointer,0,51-35,'UTA',leads
605,605,605,200202280UTA,24.0,5.0,3rd quarter,11:40.0,Jarron Collins,UTA,True,2-pointer,0,53-35,'UTA',leads
606,606,606,200202280UTA,33.1,21.9,3rd quarter,11:10.0,Karl Malone,UTA,True,2-pointer,19,55-37,'UTA',leads
607,607,607,200202280UTA,37.2,25.5,3rd quarter,10:25.0,Karl Malone,UTA,False,3-pointer,24,55-39,'UTA',leads
608,608,608,200202280UTA,24.0,5.0,3rd quarter,10:05.0,Karl Malone,UTA,True,2-pointer,0,57-39,'UTA',leads
609,609,609,200202280UTA,24.0,5.0,3rd quarter,9:24.0,Andrei Kirilenko,UTA,False,2-pointer,0,57-41,'UTA',leads
610,610,610,200202280UTA,39.5,23.6,3rd quarter,9:09.0,John Stockton,UTA,True,3-pointer,24,60-41,'UTA',leads
611,611,611,200202280UTA,17.3,8.4,3rd quarter,8:20.0,Jarron Collins,UTA,False,2-pointer,8,60-41,'UTA',leads
612,612,612,200202280UTA,24.0,5.0,3rd quarter,7:47.0,Andrei Kirilenko,UTA,False,2-pointer,0,60-41,'UTA',leads
613,613,613,200202280UTA,34.8,21.9,3rd quarter,7:09.0,Bryon Russell,UTA,True,2-pointer,20,62-41,'UTA',leads
614,614,614,200202280UTA,35.5,22.9,3rd quarter,6:00.0,Karl Malone,UTA,False,2-pointer,21,63-43,'UTA',leads
615,615,615,200202280UTA,24.0,5.0,3rd quarter,5:56.0,Bryon Russell,UTA,False,2-pointer,0,63-43,'UTA',leads
616,616,616,200202280UTA,24.0,5.0,3rd quarter,5:33.0,Jarron Collins,UTA,True,2-pointer,0,65-43,'UTA',leads
617,617,617,200202280UTA,34.8,10.7,3rd quarter,5:07.0,Jarron Collins,UTA,False,2-pointer,12,65-43,'UTA',leads
618,618,618,200202280UTA,4.9,14.7,3rd quarter,4:35.0,Donyell Marshall,UTA,False,2-pointer,21,65-45,'UTA',leads
619,619,619,200202280UTA,24.0,5.0,3rd quarter,4:03.0,Donyell Marshall,UTA,False,2-pointer,0,65-47,'UTA',leads
620,620,620,200202280UTA,20.3,28.8,3rd quarter,3:39.0,Bryon Russell,UTA,True,3-pointer,24,68-47,'UTA',leads
621,621,621,200202280UTA,24.0,5.0,3rd quarter,3:15.0,Donyell Marshall,UTA,True,2-pointer,0,70-47,'UTA',leads
622,622,622,200202280UTA,24.0,5.0,3rd quarter,2:35.0,Donyell Marshall,UTA,True,2-pointer,0,72-49,'UTA',leads
623,623,623,200202280UTA,28.7,17.0,3rd quarter,2:06.0,Jarron Collins,UTA,True,2-pointer,13,74-51,'UTA',leads
624,624,624,200202280UTA,24.0,5.0,3rd quarter,1:13.0,Donyell Marshall,UTA,True,2-pointer,0,78-51,'UTA',leads
625,625,625,200202280UTA,24.0,5.0,3rd quarter,0:48.2,Jarron Collins,UTA,False,2-pointer,0,78-51,'UTA',leads
626,626,626,200202280UTA,24.0,5.0,3rd quarter,0:47.5,Donyell Marshall,UTA,True,2-pointer,0,80-51,'UTA',leads
627,627,627,200202280UTA,26.4,11.8,3rd quarter,0:13.3,Scott Padgett,UTA,False,2-pointer,7,80-53,'UTA',leads
628,628,628,200202280UTA,24.0,5.0,4th quarter,11:34.0,Scott Padgett,UTA,True,2-pointer,0,82-55,'UTA',leads
629,629,629,200202280UTA,24.0,5.0,4th quarter,11:04.0,Donyell Marshall,UTA,True,2-pointer,0,84-57,'UTA',leads
630,630,630,200202280UTA,47.3,6.5,4th quarter,9:36.0,John Starks,UTA,False,3-pointer,23,85-59,'UTA',leads
631,631,631,200202280UTA,24.0,5.0,4th quarter,9:17.0,John Starks,UTA,True,2-pointer,0,87-61,'UTA',leads
632,632,632,200202280UTA,36.3,25.9,4th quarter,8:49.0,Rusty LaRue,UTA,False,3-pointer,24,87-61,'UTA',leads
633,633,633,200202280UTA,24.0,5.0,4th quarter,8:20.0,Donyell Marshall,UTA,True,2-pointer,0,89-61,'UTA',leads
634,634,634,200202280UTA,35.5,19.4,4th quarter,7:41.0,DeShawn Stevenson,UTA,True,2-pointer,18,91-62,'UTA',leads
635,635,635,200202280UTA,42.6,5.0,4th quarter,6:47.0,Rusty LaRue,UTA,True,2-pointer,19,93-63,'UTA',leads
636,636,636,200202280UTA,24.0,5.0,4th quarter,6:28.0,John Amaechi,UTA,False,2-pointer,0,93-63,'UTA',leads
637,637,637,200202280UTA,40.3,3.7,4th quarter,5:55.0,John Amaechi,UTA,True,2-pointer,16,95-65,'UTA',leads
638,638,638,200202280UTA,24.0,5.0,4th quarter,4:39.0,Greg Ostertag,UTA,False,2-pointer,0,97-67,'UTA',leads
639,639,639,200202280UTA,37.8,22.9,4th quarter,4:35.0,DeShawn Stevenson,UTA,True,2-pointer,23,99-67,'UTA',leads
640,640,640,200202280UTA,24.0,5.0,4th quarter,3:55.0,John Amaechi,UTA,True,2-pointer,0,101-67,'UTA',leads
641,641,641,200202280UTA,30.2,21.9,4th quarter,3:39.0,John Amaechi,UTA,True,2-pointer,18,103-67,'UTA',leads
642,642,642,200202280UTA,24.0,5.0,4th quarter,3:04.0,Scott Padgett,UTA,False,2-pointer,0,104-67,'UTA',leads
643,643,643,200202280UTA,18.0,9.5,4th quarter,2:40.0,Greg Ostertag,UTA,True,2-pointer,8,106-68,'UTA',leads
644,644,644,200202280UTA,24.0,5.0,4th quarter,2:19.0,Scott Padgett,UTA,True,2-pointer,0,108-68,'UTA',leads
645,645,645,200202280UTA,20.3,8.8,4th quarter,1:41.0,John Amaechi,UTA,True,2-pointer,5,110-68,'UTA',leads
646,646,646,200202280UTA,17.3,11.8,4th quarter,1:11.0,DeShawn Stevenson,UTA,True,2-pointer,10,112-68,'UTA',leads
647,647,647,200202280UTA,37.2,18.3,4th quarter,0:36.0,Rusty LaRue,UTA,True,2-pointer,19,114-69,'UTA',leads
