,Unnamed: 0.1,Unnamed: 0,match_id,shotX,shotY,quarter,time_remaining,player,team,made,shot_type,distance,score,opp,status
0,0,0,200211070BOS,13.8,17.0,1st quarter,10:54.0,Kobe Bryant,LAL,False,2-pointer,16,1-2,'LAL',trails
1,1,1,200211070BOS,0.3,5.5,1st quarter,10:30.0,Derek Fisher,LAL,True,3-pointer,24,5-2,'LAL',leads
2,2,2,200211070BOS,33.4,17.7,1st quarter,9:32.0,Kobe Bryant,LAL,False,2-pointer,16,5-5,'LAL',tied
3,3,3,200211070BOS,42.4,23.7,1st quarter,9:03.0,Derek Fisher,LAL,False,3-pointer,26,5-7,'LAL',trails
4,4,4,200211070BOS,8.7,8.1,1st quarter,8:42.0,Robert Horry,LAL,False,2-pointer,16,5-7,'LAL',trails
5,5,5,200211070BOS,22.4,6.2,1st quarter,8:25.0,Kobe Bryant,LAL,False,2-pointer,2,5-7,'LAL',trails
6,6,6,200211070BOS,28.9,7.2,1st quarter,7:53.0,Devean George,LAL,False,2-pointer,5,5-8,'LAL',trails
7,7,7,200211070BOS,24.5,7.5,1st quarter,7:48.0,Samaki Walker,LAL,False,2-pointer,3,5-8,'LAL',trails
8,8,8,200211070BOS,27.4,13.6,1st quarter,7:28.0,Stanislav Medvedenko,LAL,False,2-pointer,9,5-8,'LAL',trails
9,9,9,200211070BOS,37.3,16.4,1st quarter,6:46.0,Stanislav Medvedenko,LAL,False,2-pointer,18,5-8,'LAL',trails
10,10,10,200211070BOS,24.0,9.6,1st quarter,6:18.0,Stanislav Medvedenko,LAL,False,2-pointer,5,5-8,'LAL',trails
11,11,11,200211070BOS,35.7,16.8,1st quarter,5:05.0,Stanislav Medvedenko,LAL,True,2-pointer,17,7-11,'LAL',trails
12,12,12,200211070BOS,24.1,11.4,1st quarter,4:02.0,Kobe Bryant,LAL,False,2-pointer,6,7-17,'LAL',trails
13,13,13,200211070BOS,24.3,7.0,1st quarter,3:54.0,Stanislav Medvedenko,LAL,True,2-pointer,2,9-17,'LAL',trails
14,14,14,200211070BOS,26.3,30.7,1st quarter,3:28.0,Derek Fisher,LAL,False,3-pointer,26,9-20,'LAL',trails
15,15,15,200211070BOS,37.0,10.1,1st quarter,2:24.0,Kobe Bryant,LAL,False,2-pointer,14,9-22,'LAL',trails
16,16,16,200211070BOS,13.5,23.4,1st quarter,2:00.0,Brian Shaw,LAL,True,2-pointer,21,11-22,'LAL',trails
17,17,17,200211070BOS,4.6,3.1,1st quarter,1:27.0,Brian Shaw,LAL,True,2-pointer,19,13-22,'LAL',trails
18,18,18,200211070BOS,11.4,26.4,1st quarter,0:55.5,Kobe Bryant,LAL,False,3-pointer,25,13-24,'LAL',trails
19,19,19,200211070BOS,32.5,14.9,1st quarter,0:50.5,Samaki Walker,LAL,False,2-pointer,13,13-24,'LAL',trails
20,20,20,200211070BOS,23.4,5.5,1st quarter,0:19.5,Kobe Bryant,LAL,True,2-pointer,1,15-26,'LAL',trails
21,21,21,200211070BOS,44.7,18.3,2nd quarter,11:34.0,Devean George,LAL,False,3-pointer,25,15-26,'LAL',trails
22,22,22,200211070BOS,47.2,4.9,2nd quarter,10:46.0,Robert Horry,LAL,False,3-pointer,23,15-29,'LAL',trails
23,23,23,200211070BOS,15.3,22.9,2nd quarter,10:23.0,Brian Shaw,LAL,True,2-pointer,20,17-32,'LAL',trails
24,24,24,200211070BOS,12.2,4.9,2nd quarter,9:20.0,Brian Shaw,LAL,True,2-pointer,12,21-32,'LAL',trails
25,25,25,200211070BOS,16.5,4.1,2nd quarter,8:39.0,Samaki Walker,LAL,True,2-pointer,8,23-34,'LAL',trails
26,26,26,200211070BOS,25.8,9.9,2nd quarter,8:11.0,Brian Shaw,LAL,False,2-pointer,5,23-34,'LAL',trails
27,27,27,200211070BOS,34.8,14.7,2nd quarter,7:38.0,Devean George,LAL,False,2-pointer,15,23-34,'LAL',trails
28,28,28,200211070BOS,40.1,19.8,2nd quarter,7:02.0,Devean George,LAL,False,2-pointer,22,23-36,'LAL',trails
29,29,29,200211070BOS,7.9,3.2,2nd quarter,5:56.0,Kobe Bryant,LAL,True,2-pointer,16,27-38,'LAL',trails
30,30,30,200211070BOS,21.2,18.7,2nd quarter,5:27.0,Kobe Bryant,LAL,False,2-pointer,14,27-40,'LAL',trails
31,31,31,200211070BOS,25.5,7.3,2nd quarter,4:43.0,Kobe Bryant,LAL,False,2-pointer,3,27-42,'LAL',trails
32,32,32,200211070BOS,33.2,4.7,2nd quarter,4:07.0,Kobe Bryant,LAL,False,2-pointer,9,27-42,'LAL',trails
33,33,33,200211070BOS,31.7,3.2,2nd quarter,3:46.0,Brian Shaw,LAL,True,2-pointer,8,29-43,'LAL',trails
34,34,34,200211070BOS,24.6,7.0,2nd quarter,3:25.0,Brian Shaw,LAL,False,2-pointer,2,29-43,'LAL',trails
35,35,35,200211070BOS,39.9,25.9,2nd quarter,2:33.0,Robert Horry,LAL,False,3-pointer,26,29-46,'LAL',trails
36,36,36,200211070BOS,32.7,15.5,2nd quarter,1:24.0,Kobe Bryant,LAL,True,2-pointer,14,31-46,'LAL',trails
37,37,37,200211070BOS,12.8,21.9,2nd quarter,0:52.1,Kobe Bryant,LAL,True,2-pointer,20,33-47,'LAL',trails
38,38,38,200211070BOS,39.1,40.8,2nd quarter,0:00.4,Kobe Bryant,LAL,False,3-pointer,39,35-50,'LAL',trails
39,39,39,200211070BOS,10.0,19.0,3rd quarter,11:38.0,Derek Fisher,LAL,True,2-pointer,20,37-50,'LAL',trails
40,40,40,200211070BOS,22.2,12.6,3rd quarter,11:05.0,Kobe Bryant,LAL,True,2-pointer,8,39-50,'LAL',trails
41,41,41,200211070BOS,38.3,17.2,3rd quarter,10:31.0,Kobe Bryant,LAL,False,2-pointer,19,39-50,'LAL',trails
42,42,42,200211070BOS,24.0,4.9,3rd quarter,10:27.0,Devean George,LAL,True,2-pointer,0,41-50,'LAL',trails
43,43,43,200211070BOS,24.3,5.0,3rd quarter,10:00.0,Samaki Walker,LAL,True,2-pointer,0,43-50,'LAL',trails
44,44,44,200211070BOS,23.8,5.0,3rd quarter,9:27.0,Kobe Bryant,LAL,True,2-pointer,0,45-52,'LAL',trails
45,45,45,200211070BOS,30.4,15.5,3rd quarter,8:44.0,Kobe Bryant,LAL,True,2-pointer,12,47-54,'LAL',trails
46,46,46,200211070BOS,37.1,27.9,3rd quarter,8:13.0,Kobe Bryant,LAL,False,3-pointer,26,47-54,'LAL',trails
47,47,47,200211070BOS,40.7,22.9,3rd quarter,7:49.0,Robert Horry,LAL,True,3-pointer,24,50-54,'LAL',trails
48,48,48,200211070BOS,5.9,3.1,3rd quarter,7:03.0,Kobe Bryant,LAL,True,2-pointer,18,52-57,'LAL',trails
49,49,49,200211070BOS,35.3,4.2,3rd quarter,6:31.0,Kobe Bryant,LAL,False,2-pointer,11,52-59,'LAL',trails
50,50,50,200211070BOS,35.0,21.6,3rd quarter,5:49.0,Kobe Bryant,LAL,True,2-pointer,20,54-59,'LAL',trails
51,51,51,200211070BOS,13.7,18.8,3rd quarter,4:41.0,Kobe Bryant,LAL,True,2-pointer,17,58-59,'LAL',trails
52,52,52,200211070BOS,32.7,5.0,3rd quarter,4:06.0,Samaki Walker,LAL,True,2-pointer,9,60-59,'LAL',leads
53,53,53,200211070BOS,18.6,4.2,3rd quarter,3:35.0,Devean George,LAL,True,2-pointer,5,62-61,'LAL',leads
54,54,54,200211070BOS,11.0,17.3,3rd quarter,3:04.0,Kobe Bryant,LAL,True,2-pointer,18,64-61,'LAL',leads
55,55,55,200211070BOS,0.7,4.5,3rd quarter,2:12.0,Derek Fisher,LAL,False,3-pointer,23,64-63,'LAL',leads
56,56,56,200211070BOS,25.3,7.3,3rd quarter,1:57.0,Devean George,LAL,True,2-pointer,3,66-63,'LAL',leads
57,57,57,200211070BOS,24.1,5.1,3rd quarter,1:24.0,Samaki Walker,LAL,True,2-pointer,0,68-65,'LAL',leads
58,58,58,200211070BOS,33.5,21.0,3rd quarter,1:02.0,Kobe Bryant,LAL,True,2-pointer,19,71-65,'LAL',leads
59,59,59,200211070BOS,23.4,30.7,3rd quarter,0:32.7,Kobe Bryant,LAL,False,3-pointer,26,71-67,'LAL',leads
60,60,60,200211070BOS,23.7,23.9,3rd quarter,0:01.1,Kobe Bryant,LAL,False,2-pointer,19,71-67,'LAL',leads
61,61,61,200211070BOS,31.4,18.7,4th quarter,11:30.0,Stanislav Medvedenko,LAL,True,2-pointer,16,73-67,'LAL',leads
62,62,62,200211070BOS,27.9,7.8,4th quarter,10:54.0,Kobe Bryant,LAL,True,2-pointer,5,75-70,'LAL',leads
63,63,63,200211070BOS,13.8,28.2,4th quarter,10:20.0,Jannero Pargo,LAL,False,3-pointer,25,75-70,'LAL',leads
64,64,64,200211070BOS,38.9,8.1,4th quarter,9:45.0,Kobe Bryant,LAL,False,2-pointer,15,75-70,'LAL',leads
65,65,65,200211070BOS,27.4,8.1,4th quarter,9:39.0,Kobe Bryant,LAL,False,2-pointer,5,75-70,'LAL',leads
66,66,66,200211070BOS,6.8,5.7,4th quarter,8:34.0,Brian Shaw,LAL,False,2-pointer,17,77-72,'LAL',leads
67,67,67,200211070BOS,8.7,6.0,4th quarter,8:03.0,Devean George,LAL,False,2-pointer,15,77-72,'LAL',leads
68,68,68,200211070BOS,7.2,27.9,4th quarter,7:10.0,Kobe Bryant,LAL,False,3-pointer,28,77-75,'LAL',leads
69,69,69,200211070BOS,2.5,16.8,4th quarter,6:41.0,Robert Horry,LAL,True,3-pointer,25,80-75,'LAL',leads
70,70,70,200211070BOS,12.7,20.6,4th quarter,6:26.0,Kobe Bryant,LAL,True,2-pointer,19,82-75,'LAL',leads
71,71,71,200211070BOS,11.2,18.8,4th quarter,5:49.0,Kobe Bryant,LAL,True,2-pointer,19,84-77,'LAL',leads
72,72,72,200211070BOS,10.7,3.6,4th quarter,5:12.0,Kobe Bryant,LAL,False,2-pointer,13,84-80,'LAL',leads
73,73,73,200211070BOS,38.8,5.2,4th quarter,4:41.0,Kobe Bryant,LAL,False,2-pointer,15,84-81,'LAL',leads
74,74,74,200211070BOS,25.6,30.5,4th quarter,3:17.0,Kobe Bryant,LAL,False,3-pointer,26,86-85,'LAL',leads
75,75,75,200211070BOS,34.3,20.8,4th quarter,2:31.0,Kobe Bryant,LAL,False,2-pointer,19,86-85,'LAL',leads
76,76,76,200211070BOS,1.3,3.2,4th quarter,2:21.0,Robert Horry,LAL,False,3-pointer,23,86-85,'LAL',leads
77,77,77,200211070BOS,31.1,8.0,4th quarter,2:16.0,Kobe Bryant,LAL,False,2-pointer,8,86-85,'LAL',leads
78,78,78,200211070BOS,11.5,15.5,4th quarter,2:10.0,Kobe Bryant,LAL,False,2-pointer,16,86-85,'LAL',leads
79,79,79,200211070BOS,11.7,11.6,4th quarter,1:36.0,Kobe Bryant,LAL,False,2-pointer,14,86-87,'LAL',trails
80,80,80,200211070BOS,1.3,3.9,4th quarter,1:27.0,Robert Horry,LAL,False,3-pointer,23,86-87,'LAL',trails
81,81,81,200211070BOS,25.3,5.8,4th quarter,1:09.0,Devean George,LAL,True,2-pointer,2,88-87,'LAL',leads
82,82,82,200211070BOS,27.1,9.9,4th quarter,0:53.0,Kobe Bryant,LAL,False,2-pointer,6,89-87,'LAL',leads
83,83,83,200211070BOS,13.3,7.8,4th quarter,0:45.0,Robert Horry,LAL,False,2-pointer,11,89-87,'LAL',leads
84,84,84,200211070BOS,33.7,9.1,4th quarter,0:18.1,Kobe Bryant,LAL,False,2-pointer,11,89-89,'LAL',tied
85,85,85,200211070BOS,30.6,8.6,1st overtime,4:12.0,Robert Horry,LAL,False,2-pointer,8,91-89,'LAL',leads
86,86,86,200211070BOS,12.2,17.0,1st overtime,3:46.0,Kobe Bryant,LAL,False,2-pointer,17,91-91,'LAL',tied
87,87,87,200211070BOS,31.9,19.5,1st overtime,3:16.0,Devean George,LAL,False,2-pointer,17,91-91,'LAL',tied
88,88,88,200211070BOS,4.5,22.1,1st overtime,2:50.0,Brian Shaw,LAL,False,3-pointer,26,91-91,'LAL',tied
89,89,89,200211070BOS,25.0,26.0,1st overtime,2:16.0,Kobe Bryant,LAL,True,2-pointer,21,93-93,'LAL',tied
90,90,90,200211070BOS,0.8,4.7,1st overtime,1:36.0,Devean George,LAL,False,3-pointer,23,93-96,'LAL',trails
91,91,91,200211070BOS,26.8,5.7,1st overtime,1:32.0,Samaki Walker,LAL,False,2-pointer,3,93-96,'LAL',trails
92,92,92,200211070BOS,28.6,23.3,1st overtime,0:58.1,Kobe Bryant,LAL,True,2-pointer,19,95-96,'LAL',trails
93,93,93,200211070BOS,8.2,24.6,1st overtime,0:01.6,Kobe Bryant,LAL,False,3-pointer,25,95-98,'LAL',trails
94,94,94,200211070BOS,29.7,12.4,1st quarter,11:15.0,Eric Williams,BOS,True,2-pointer,9,2-1,'LAL',leads
95,95,95,200211070BOS,7.6,24.9,1st quarter,10:39.0,Paul Pierce,BOS,False,3-pointer,26,2-2,'LAL',tied
96,96,96,200211070BOS,24.3,24.6,1st quarter,10:13.0,Tony Delk,BOS,True,2-pointer,20,4-5,'LAL',trails
97,97,97,200211070BOS,26.8,6.2,1st quarter,9:24.0,Paul Pierce,BOS,True,2-pointer,3,7-5,'LAL',leads
98,98,98,200211070BOS,2.8,19.5,1st quarter,8:51.0,Antoine Walker,BOS,False,3-pointer,26,7-5,'LAL',leads
99,99,99,200211070BOS,41.9,24.4,1st quarter,8:34.0,Tony Delk,BOS,False,3-pointer,26,7-5,'LAL',leads
100,100,100,200211070BOS,24.5,9.1,1st quarter,7:12.0,Eric Williams,BOS,False,2-pointer,4,8-5,'LAL',leads
101,101,101,200211070BOS,16.8,5.0,1st quarter,6:59.0,Antoine Walker,BOS,False,2-pointer,7,8-5,'LAL',leads
102,102,102,200211070BOS,39.8,25.7,1st quarter,6:34.0,Paul Pierce,BOS,False,3-pointer,26,8-5,'LAL',leads
103,103,103,200211070BOS,9.2,25.9,1st quarter,6:10.0,Antoine Walker,BOS,True,3-pointer,26,11-5,'LAL',leads
104,104,104,200211070BOS,13.0,14.7,1st quarter,5:21.0,Paul Pierce,BOS,False,2-pointer,15,11-5,'LAL',leads
105,105,105,200211070BOS,5.8,22.9,1st quarter,4:49.0,Paul Pierce,BOS,True,3-pointer,26,14-7,'LAL',leads
106,106,106,200211070BOS,21.5,30.7,1st quarter,4:22.0,Tony Delk,BOS,True,3-pointer,26,17-7,'LAL',leads
107,107,107,200211070BOS,42.9,21.1,1st quarter,3:41.0,Tony Delk,BOS,True,3-pointer,25,20-9,'LAL',leads
108,108,108,200211070BOS,23.2,5.7,1st quarter,3:22.0,Paul Pierce,BOS,True,2-pointer,1,22-9,'LAL',leads
109,109,109,200211070BOS,10.0,4.2,1st quarter,2:10.0,Paul Pierce,BOS,False,2-pointer,14,22-9,'LAL',leads
110,110,110,200211070BOS,25.0,32.3,1st quarter,1:35.0,Walter McCarty,BOS,False,3-pointer,27,22-11,'LAL',leads
111,111,111,200211070BOS,22.4,6.0,1st quarter,1:05.0,Eric Williams,BOS,True,2-pointer,2,24-13,'LAL',leads
112,112,112,200211070BOS,24.1,12.6,1st quarter,0:37.5,Eric Williams,BOS,True,2-pointer,8,26-13,'LAL',leads
113,113,113,200211070BOS,21.9,30.5,1st quarter,0:03.0,Shammond Williams,BOS,False,3-pointer,26,26-15,'LAL',leads
114,114,114,200211070BOS,10.0,26.9,2nd quarter,11:12.0,Tony Delk,BOS,True,3-pointer,26,29-15,'LAL',leads
115,115,115,200211070BOS,45.5,17.8,2nd quarter,10:35.0,Tony Delk,BOS,True,3-pointer,25,32-15,'LAL',leads
116,116,116,200211070BOS,32.2,8.6,2nd quarter,8:55.0,Antoine Walker,BOS,True,2-pointer,9,34-21,'LAL',leads
117,117,117,200211070BOS,2.3,17.0,2nd quarter,8:21.0,Antoine Walker,BOS,False,3-pointer,25,34-23,'LAL',leads
118,118,118,200211070BOS,11.8,12.9,2nd quarter,7:45.0,Eric Williams,BOS,False,2-pointer,15,34-23,'LAL',leads
119,119,119,200211070BOS,24.5,5.0,2nd quarter,7:29.0,Eric Williams,BOS,True,2-pointer,1,36-23,'LAL',leads
120,120,120,200211070BOS,7.1,23.9,2nd quarter,6:55.0,Antoine Walker,BOS,False,3-pointer,25,36-23,'LAL',leads
121,121,121,200211070BOS,22.2,7.8,2nd quarter,5:46.0,Eric Williams,BOS,True,2-pointer,3,40-27,'LAL',leads
122,122,122,200211070BOS,24.3,16.0,2nd quarter,5:16.0,Paul Pierce,BOS,False,2-pointer,11,40-27,'LAL',leads
123,123,123,200211070BOS,26.3,8.0,2nd quarter,5:02.0,Tony Delk,BOS,False,2-pointer,4,40-27,'LAL',leads
124,124,124,200211070BOS,23.8,5.0,2nd quarter,4:57.0,Tony Battie,BOS,True,2-pointer,0,42-27,'LAL',leads
125,125,125,200211070BOS,47.2,5.7,2nd quarter,4:32.0,Tony Delk,BOS,False,3-pointer,23,42-27,'LAL',leads
126,126,126,200211070BOS,36.0,22.1,2nd quarter,3:17.0,Paul Pierce,BOS,False,2-pointer,21,43-29,'LAL',leads
127,127,127,200211070BOS,41.7,21.9,2nd quarter,2:58.0,Paul Pierce,BOS,True,3-pointer,24,46-29,'LAL',leads
128,128,128,200211070BOS,13.7,16.2,3rd quarter,11:17.0,Antoine Walker,BOS,False,2-pointer,15,50-37,'LAL',leads
129,129,129,200211070BOS,9.4,29.2,3rd quarter,10:50.0,Paul Pierce,BOS,False,3-pointer,28,50-39,'LAL',leads
130,130,130,200211070BOS,36.8,28.5,3rd quarter,10:14.0,Tony Delk,BOS,False,3-pointer,27,50-41,'LAL',leads
131,131,131,200211070BOS,25.5,5.2,3rd quarter,9:48.0,Tony Battie,BOS,True,2-pointer,2,52-43,'LAL',leads
132,132,132,200211070BOS,22.9,11.9,3rd quarter,9:06.0,Tony Battie,BOS,True,2-pointer,7,54-45,'LAL',leads
133,133,133,200211070BOS,16.1,19.5,3rd quarter,8:30.0,Paul Pierce,BOS,False,2-pointer,17,54-47,'LAL',leads
134,134,134,200211070BOS,36.0,28.8,3rd quarter,8:05.0,Antoine Walker,BOS,False,3-pointer,27,54-47,'LAL',leads
135,135,135,200211070BOS,11.8,28.3,3rd quarter,7:19.0,Tony Delk,BOS,True,3-pointer,26,57-50,'LAL',leads
136,136,136,200211070BOS,31.1,21.1,3rd quarter,6:43.0,Tony Delk,BOS,True,2-pointer,18,59-52,'LAL',leads
137,137,137,200211070BOS,22.4,8.6,3rd quarter,6:04.0,Paul Pierce,BOS,False,2-pointer,4,59-52,'LAL',leads
138,138,138,200211070BOS,0.2,3.6,3rd quarter,5:32.0,Antoine Walker,BOS,False,3-pointer,24,59-54,'LAL',leads
139,139,139,200211070BOS,26.1,5.5,3rd quarter,5:28.0,Tony Battie,BOS,False,2-pointer,2,59-54,'LAL',leads
140,140,140,200211070BOS,23.7,9.8,3rd quarter,4:20.0,Antoine Walker,BOS,False,2-pointer,5,59-58,'LAL',leads
141,141,141,200211070BOS,14.8,17.0,3rd quarter,3:50.0,Paul Pierce,BOS,True,2-pointer,15,61-60,'LAL',leads
142,142,142,200211070BOS,13.0,15.5,3rd quarter,3:21.0,Paul Pierce,BOS,False,2-pointer,15,61-62,'LAL',trails
143,143,143,200211070BOS,24.1,8.8,3rd quarter,2:44.0,Shammond Williams,BOS,False,2-pointer,4,61-64,'LAL',trails
144,144,144,200211070BOS,23.7,8.1,3rd quarter,2:32.0,Eric Williams,BOS,False,2-pointer,3,61-64,'LAL',trails
145,145,145,200211070BOS,25.5,5.2,3rd quarter,2:27.0,Vin Baker,BOS,True,2-pointer,2,63-64,'LAL',trails
146,146,146,200211070BOS,25.8,5.7,3rd quarter,1:36.0,Paul Pierce,BOS,True,2-pointer,2,65-66,'LAL',trails
147,147,147,200211070BOS,25.5,8.1,3rd quarter,1:10.0,Vin Baker,BOS,False,2-pointer,3,65-69,'LAL',trails
148,148,148,200211070BOS,26.3,7.5,3rd quarter,1:05.0,Eric Williams,BOS,False,2-pointer,3,65-69,'LAL',trails
149,149,149,200211070BOS,21.7,7.8,3rd quarter,0:45.3,Eric Williams,BOS,False,2-pointer,4,65-71,'LAL',trails
150,150,150,200211070BOS,24.1,5.1,3rd quarter,0:43.0,Eric Williams,BOS,True,2-pointer,0,67-71,'LAL',trails
151,151,151,200211070BOS,22.4,8.0,3rd quarter,0:15.9,Eric Williams,BOS,False,2-pointer,3,67-71,'LAL',trails
152,152,152,200211070BOS,18.6,21.1,3rd quarter,0:11.2,Paul Pierce,BOS,False,2-pointer,17,67-71,'LAL',trails
153,153,153,200211070BOS,25.5,6.0,4th quarter,11:49.0,Shammond Williams,BOS,False,2-pointer,2,67-71,'LAL',trails
154,154,154,200211070BOS,41.7,22.8,4th quarter,11:10.0,Tony Delk,BOS,True,3-pointer,25,70-73,'LAL',trails
155,155,155,200211070BOS,45.3,18.0,4th quarter,10:34.0,Tony Delk,BOS,False,3-pointer,25,70-75,'LAL',trails
156,156,156,200211070BOS,46.2,17.0,4th quarter,10:03.0,Shammond Williams,BOS,False,3-pointer,25,70-75,'LAL',trails
157,157,157,200211070BOS,40.3,5.3,4th quarter,8:57.0,Tony Battie,BOS,False,2-pointer,16,72-77,'LAL',trails
158,158,158,200211070BOS,40.3,8.1,4th quarter,8:19.0,Tony Battie,BOS,False,2-pointer,17,72-77,'LAL',trails
159,159,159,200211070BOS,42.9,21.6,4th quarter,7:49.0,Paul Pierce,BOS,True,3-pointer,25,75-77,'LAL',trails
160,160,160,200211070BOS,24.0,6.7,4th quarter,6:06.0,Tony Delk,BOS,True,2-pointer,2,77-82,'LAL',trails
161,161,161,200211070BOS,46.8,16.5,4th quarter,5:34.0,Paul Pierce,BOS,True,3-pointer,26,80-84,'LAL',trails
162,162,162,200211070BOS,7.4,23.3,4th quarter,5:00.0,Antoine Walker,BOS,False,3-pointer,25,80-84,'LAL',trails
163,163,163,200211070BOS,23.5,7.5,4th quarter,4:28.0,Paul Pierce,BOS,True,2-pointer,3,83-84,'LAL',trails
164,164,164,200211070BOS,23.8,7.8,4th quarter,3:59.0,Paul Pierce,BOS,False,2-pointer,3,83-84,'LAL',trails
165,165,165,200211070BOS,24.6,4.9,4th quarter,3:37.0,Antoine Walker,BOS,True,2-pointer,1,85-86,'LAL',trails
166,166,166,200211070BOS,38.0,19.0,4th quarter,2:58.0,Tony Delk,BOS,False,2-pointer,20,85-86,'LAL',trails
167,167,167,200211070BOS,11.0,14.7,4th quarter,1:55.0,Paul Pierce,BOS,True,2-pointer,16,87-86,'LAL',leads
168,168,168,200211070BOS,23.5,10.4,4th quarter,0:57.0,Paul Pierce,BOS,False,2-pointer,5,87-89,'LAL',trails
169,169,169,200211070BOS,25.8,7.6,4th quarter,0:35.0,Antoine Walker,BOS,True,2-pointer,3,89-89,'LAL',tied
170,170,170,200211070BOS,29.7,20.5,4th quarter,0:00.4,Paul Pierce,BOS,False,2-pointer,17,89-89,'LAL',tied
171,171,171,200211070BOS,47.0,3.4,1st overtime,4:24.0,Eric Williams,BOS,False,3-pointer,23,89-91,'LAL',trails
172,172,172,200211070BOS,25.3,5.5,1st overtime,4:01.0,Antoine Walker,BOS,True,2-pointer,1,91-91,'LAL',tied
173,173,173,200211070BOS,28.3,9.0,1st overtime,2:36.0,Antoine Walker,BOS,False,2-pointer,6,91-91,'LAL',tied
174,174,174,200211070BOS,24.0,6.2,1st overtime,2:28.0,Antoine Walker,BOS,True,2-pointer,1,93-91,'LAL',leads
175,175,175,200211070BOS,35.2,28.0,1st overtime,1:54.0,Paul Pierce,BOS,True,3-pointer,26,96-93,'LAL',leads
176,176,176,200211070BOS,24.0,5.0,1st overtime,1:17.0,Eric Williams,BOS,False,2-pointer,0,96-93,'LAL',leads
177,177,177,200211070BOS,34.7,28.5,1st overtime,1:10.0,Antoine Walker,BOS,False,3-pointer,26,96-93,'LAL',leads
178,178,178,200211070BOS,47.0,4.1,1st overtime,0:42.2,Eric Williams,BOS,False,3-pointer,23,96-95,'LAL',leads
179,179,179,200211070DEN,40.9,12.2,1st quarter,11:10.0,Richard Hamilton,DET,False,2-pointer,18,0-0,'DET',tied
180,180,180,200211070DEN,34.8,23.3,1st quarter,10:11.0,Michael Curry,DET,False,2-pointer,21,0-0,'DET',tied
181,181,181,200211070DEN,27.6,21.0,1st quarter,9:01.0,Chauncey Billups,DET,False,2-pointer,16,0-2,'DET',trails
182,182,182,200211070DEN,37.8,33.9,1st quarter,8:14.0,Chauncey Billups,DET,True,3-pointer,32,3-2,'DET',leads
183,183,183,200211070DEN,30.2,26.0,1st quarter,7:45.0,Chauncey Billups,DET,True,2-pointer,22,5-2,'DET',leads
184,184,184,200211070DEN,20.7,29.7,1st quarter,7:09.0,Chauncey Billups,DET,False,3-pointer,25,5-4,'DET',leads
185,185,185,200211070DEN,24.0,5.0,1st quarter,7:04.0,Richard Hamilton,DET,True,2-pointer,0,7-4,'DET',leads
186,186,186,200211070DEN,16.8,6.2,1st quarter,6:33.0,Richard Hamilton,DET,False,2-pointer,7,7-4,'DET',leads
187,187,187,200211070DEN,29.4,8.0,1st quarter,4:21.0,Richard Hamilton,DET,False,2-pointer,6,7-10,'DET',trails
188,188,188,200211070DEN,12.3,5.0,1st quarter,4:01.0,Richard Hamilton,DET,True,2-pointer,12,9-12,'DET',trails
189,189,189,200211070DEN,40.4,24.1,1st quarter,3:14.0,Chauncey Billups,DET,False,3-pointer,25,9-12,'DET',trails
190,190,190,200211070DEN,23.7,16.0,1st quarter,2:16.0,Richard Hamilton,DET,True,2-pointer,11,11-12,'DET',trails
191,191,191,200211070DEN,10.4,21.9,1st quarter,1:43.0,Clifford Robinson,DET,False,2-pointer,22,11-14,'DET',trails
192,192,192,200211070DEN,3.6,18.7,1st quarter,1:36.0,Clifford Robinson,DET,False,3-pointer,25,11-14,'DET',trails
193,193,193,200211070DEN,25.0,30.0,1st quarter,0:58.5,Clifford Robinson,DET,True,3-pointer,25,15-14,'DET',leads
194,194,194,200211070DEN,8.6,4.1,1st quarter,0:26.3,Corliss Williamson,DET,False,2-pointer,15,15-14,'DET',leads
195,195,195,200211070DEN,24.0,5.0,1st quarter,0:25.8,Ben Wallace,DET,True,2-pointer,0,17-14,'DET',leads
196,196,196,200211070DEN,24.2,10.5,2nd quarter,11:32.0,Corliss Williamson,DET,False,2-pointer,6,17-14,'DET',leads
197,197,197,200211070DEN,9.4,20.0,2nd quarter,11:07.0,Clifford Robinson,DET,False,2-pointer,21,17-16,'DET',leads
198,198,198,200211070DEN,7.9,11.8,2nd quarter,10:04.0,Chucky Atkins,DET,False,2-pointer,17,19-16,'DET',leads
199,199,199,200211070DEN,24.0,5.0,2nd quarter,8:43.0,Jon Barry,DET,False,2-pointer,0,20-16,'DET',leads
200,200,200,200211070DEN,5.9,21.3,2nd quarter,8:17.0,Jon Barry,DET,True,3-pointer,24,23-18,'DET',leads
201,201,201,200211070DEN,42.4,22.6,2nd quarter,7:54.0,Mehmet Okur,DET,False,3-pointer,25,23-18,'DET',leads
202,202,202,200211070DEN,10.7,26.5,2nd quarter,7:27.0,Clifford Robinson,DET,False,3-pointer,25,23-18,'DET',leads
203,203,203,200211070DEN,0.5,4.2,2nd quarter,7:11.0,Chucky Atkins,DET,True,3-pointer,24,26-20,'DET',leads
204,204,204,200211070DEN,44.0,13.6,2nd quarter,5:53.0,Chucky Atkins,DET,False,2-pointer,22,26-22,'DET',leads
205,205,205,200211070DEN,24.0,5.0,2nd quarter,5:38.0,Jon Barry,DET,True,2-pointer,0,28-22,'DET',leads
206,206,206,200211070DEN,24.0,5.0,2nd quarter,4:29.0,Mehmet Okur,DET,True,2-pointer,0,32-23,'DET',leads
207,207,207,200211070DEN,33.5,24.1,2nd quarter,3:26.0,Jon Barry,DET,False,2-pointer,21,32-25,'DET',leads
208,208,208,200211070DEN,24.0,5.0,2nd quarter,2:58.0,Richard Hamilton,DET,True,2-pointer,0,34-25,'DET',leads
209,209,209,200211070DEN,1.2,6.5,2nd quarter,2:19.0,Chauncey Billups,DET,True,3-pointer,23,37-27,'DET',leads
210,210,210,200211070DEN,24.0,5.0,2nd quarter,1:39.0,Ben Wallace,DET,True,2-pointer,0,39-27,'DET',leads
211,211,211,200211070DEN,8.7,4.4,2nd quarter,1:03.0,Clifford Robinson,DET,False,2-pointer,15,39-29,'DET',leads
212,212,212,200211070DEN,24.0,5.0,3rd quarter,11:36.0,Richard Hamilton,DET,False,2-pointer,0,41-31,'DET',leads
213,213,213,200211070DEN,24.0,5.0,3rd quarter,11:34.0,Ben Wallace,DET,False,2-pointer,0,41-31,'DET',leads
214,214,214,200211070DEN,41.6,9.8,3rd quarter,11:12.0,Richard Hamilton,DET,True,2-pointer,18,43-31,'DET',leads
215,215,215,200211070DEN,29.2,7.3,3rd quarter,10:29.0,Richard Hamilton,DET,False,2-pointer,6,43-33,'DET',leads
216,216,216,200211070DEN,10.0,9.9,3rd quarter,9:59.0,Ben Wallace,DET,True,2-pointer,15,45-33,'DET',leads
217,217,217,200211070DEN,13.8,4.7,3rd quarter,9:33.0,Željko Rebrača,DET,True,2-pointer,10,47-33,'DET',leads
218,218,218,200211070DEN,27.4,27.4,3rd quarter,8:20.0,Michael Curry,DET,True,2-pointer,23,49-35,'DET',leads
219,219,219,200211070DEN,4.3,21.8,3rd quarter,7:42.0,Chauncey Billups,DET,False,3-pointer,26,49-35,'DET',leads
220,220,220,200211070DEN,10.2,3.2,3rd quarter,7:22.0,Željko Rebrača,DET,False,2-pointer,14,49-35,'DET',leads
221,221,221,200211070DEN,40.3,23.1,3rd quarter,6:40.0,Michael Curry,DET,False,3-pointer,24,49-37,'DET',leads
222,222,222,200211070DEN,24.0,5.0,3rd quarter,6:37.0,Željko Rebrača,DET,True,2-pointer,0,51-37,'DET',leads
223,223,223,200211070DEN,44.5,4.9,3rd quarter,6:04.0,Richard Hamilton,DET,True,2-pointer,21,53-37,'DET',leads
224,224,224,200211070DEN,8.9,24.7,3rd quarter,4:49.0,Chauncey Billups,DET,True,3-pointer,25,56-37,'DET',leads
225,225,225,200211070DEN,24.0,5.0,3rd quarter,4:12.0,Richard Hamilton,DET,False,2-pointer,0,56-37,'DET',leads
226,226,226,200211070DEN,41.6,9.9,3rd quarter,3:47.0,Michael Curry,DET,True,2-pointer,18,58-37,'DET',leads
227,227,227,200211070DEN,9.7,25.9,3rd quarter,2:37.0,Chauncey Billups,DET,True,3-pointer,25,61-39,'DET',leads
228,228,228,200211070DEN,40.3,16.0,3rd quarter,1:56.0,Jon Barry,DET,True,2-pointer,20,63-41,'DET',leads
229,229,229,200211070DEN,24.0,5.0,3rd quarter,0:54.4,Corliss Williamson,DET,False,2-pointer,0,64-42,'DET',leads
230,230,230,200211070DEN,24.0,5.0,3rd quarter,0:49.0,Mehmet Okur,DET,True,2-pointer,0,66-42,'DET',leads
231,231,231,200211070DEN,13.8,27.0,3rd quarter,0:08.4,Chauncey Billups,DET,True,3-pointer,24,69-42,'DET',leads
232,232,232,200211070DEN,39.6,10.6,4th quarter,11:23.0,Mehmet Okur,DET,False,2-pointer,17,69-45,'DET',leads
233,233,233,200211070DEN,43.2,4.7,4th quarter,10:50.0,Corliss Williamson,DET,False,2-pointer,19,69-45,'DET',leads
234,234,234,200211070DEN,37.8,5.0,4th quarter,10:12.0,Corliss Williamson,DET,True,2-pointer,14,71-48,'DET',leads
235,235,235,200211070DEN,18.8,6.3,4th quarter,8:39.0,Clifford Robinson,DET,False,2-pointer,5,73-52,'DET',leads
236,236,236,200211070DEN,6.1,4.7,4th quarter,8:15.0,Clifford Robinson,DET,True,2-pointer,18,75-54,'DET',leads
237,237,237,200211070DEN,6.4,4.4,4th quarter,7:40.0,Clifford Robinson,DET,True,2-pointer,18,77-54,'DET',leads
238,238,238,200211070DEN,24.0,5.0,4th quarter,6:35.0,Michael Curry,DET,False,2-pointer,0,77-58,'DET',leads
239,239,239,200211070DEN,46.7,3.2,4th quarter,5:11.0,Richard Hamilton,DET,True,3-pointer,23,80-58,'DET',leads
240,240,240,200211070DEN,22.7,22.8,4th quarter,4:39.0,Chucky Atkins,DET,True,2-pointer,18,82-60,'DET',leads
241,241,241,200211070DEN,24.0,5.0,4th quarter,4:17.0,Richard Hamilton,DET,False,2-pointer,0,82-60,'DET',leads
242,242,242,200211070DEN,40.6,7.8,4th quarter,3:39.0,Hubert Davis,DET,False,2-pointer,17,82-62,'DET',leads
243,243,243,200211070DEN,40.1,5.5,4th quarter,3:13.0,Corliss Williamson,DET,True,2-pointer,16,84-62,'DET',leads
244,244,244,200211070DEN,5.3,4.5,4th quarter,1:48.0,Tayshaun Prince,DET,False,2-pointer,19,87-63,'DET',leads
245,245,245,200211070DEN,0.5,13.1,4th quarter,1:28.0,Tayshaun Prince,DET,False,3-pointer,25,87-63,'DET',leads
246,246,246,200211070DEN,18.4,12.1,4th quarter,0:54.6,Corliss Williamson,DET,False,2-pointer,9,87-63,'DET',leads
247,247,247,200211070DEN,3.3,4.5,4th quarter,0:25.8,Hubert Davis,DET,True,2-pointer,21,89-63,'DET',leads
248,248,248,200211070DEN,24.0,5.0,1st quarter,11:36.0,James Posey,DEN,False,2-pointer,0,0-0,'DET',tied
249,249,249,200211070DEN,40.1,9.5,1st quarter,11:33.0,Chris Whitney,DEN,False,2-pointer,17,0-0,'DET',tied
250,250,250,200211070DEN,13.8,20.8,1st quarter,10:21.0,James Posey,DEN,False,2-pointer,19,0-0,'DET',tied
251,251,251,200211070DEN,24.0,5.0,1st quarter,10:06.0,Ryan Bowen,DEN,True,2-pointer,0,2-0,'DET',leads
252,252,252,200211070DEN,37.1,25.1,1st quarter,8:54.0,Chris Whitney,DEN,False,3-pointer,24,2-0,'DET',leads
253,253,253,200211070DEN,16.1,9.6,1st quarter,7:52.0,Juwan Howard,DEN,False,2-pointer,9,2-3,'DET',trails
254,254,254,200211070DEN,22.7,22.3,1st quarter,7:25.0,Juwan Howard,DEN,True,2-pointer,17,4-5,'DET',trails
255,255,255,200211070DEN,1.5,4.7,1st quarter,6:20.0,James Posey,DEN,False,3-pointer,23,4-7,'DET',trails
256,256,256,200211070DEN,6.1,14.5,1st quarter,6:00.0,James Posey,DEN,False,2-pointer,20,4-7,'DET',trails
257,257,257,200211070DEN,36.0,11.6,1st quarter,5:48.0,Chris Whitney,DEN,False,2-pointer,14,4-7,'DET',trails
258,258,258,200211070DEN,24.0,5.0,1st quarter,5:46.0,Nenê made,DEN,True,2-pointer,0,6-7,'DET',trails
259,259,259,200211070DEN,24.0,5.0,1st quarter,5:11.0,James Posey,DEN,True,2-pointer,0,8-7,'DET',leads
260,260,260,200211070DEN,19.1,15.4,1st quarter,4:36.0,Juwan Howard,DEN,True,2-pointer,12,10-7,'DET',leads
261,261,261,200211070DEN,24.0,5.0,1st quarter,4:16.0,Ryan Bowen,DEN,True,2-pointer,0,12-7,'DET',leads
262,262,262,200211070DEN,25.0,22.4,1st quarter,3:33.0,Rodney White,DEN,False,2-pointer,17,12-9,'DET',leads
263,263,263,200211070DEN,24.0,5.0,1st quarter,2:55.0,Nenê missed,DEN,False,2-pointer,0,12-9,'DET',leads
264,264,264,200211070DEN,12.2,11.8,1st quarter,2:49.0,Nenê missed,DEN,False,2-pointer,14,12-9,'DET',leads
265,265,265,200211070DEN,24.0,5.0,1st quarter,2:03.0,Nenê made,DEN,True,2-pointer,0,14-11,'DET',leads
266,266,266,200211070DEN,8.1,4.7,1st quarter,1:08.0,Juwan Howard,DEN,False,2-pointer,16,14-12,'DET',leads
267,267,267,200211070DEN,24.0,5.0,1st quarter,0:46.5,Nenê missed,DEN,False,2-pointer,0,14-15,'DET',trails
268,268,268,200211070DEN,24.0,5.0,1st quarter,0:42.5,Nenê missed,DEN,False,2-pointer,0,14-15,'DET',trails
269,269,269,200211070DEN,9.7,15.4,1st quarter,0:04.5,Junior Harrington,DEN,False,2-pointer,18,14-17,'DET',trails
270,270,270,200211070DEN,24.0,5.0,2nd quarter,11:23.0,Chris Andersen,DEN,True,2-pointer,0,16-17,'DET',trails
271,271,271,200211070DEN,25.1,10.1,2nd quarter,10:49.0,Nikoloz Tskitishvili,DEN,False,2-pointer,5,16-17,'DET',trails
272,272,272,200211070DEN,25.0,10.6,2nd quarter,10:43.0,Chris Andersen,DEN,False,2-pointer,6,16-17,'DET',trails
273,273,273,200211070DEN,20.7,8.6,2nd quarter,10:10.0,Rodney White,DEN,False,2-pointer,5,16-19,'DET',trails
274,274,274,200211070DEN,21.9,9.6,2nd quarter,9:20.0,Nenê missed,DEN,False,2-pointer,5,16-20,'DET',trails
275,275,275,200211070DEN,22.5,22.6,2nd quarter,8:55.0,Rodney White,DEN,False,2-pointer,18,16-20,'DET',trails
276,276,276,200211070DEN,24.0,5.0,2nd quarter,8:24.0,Ryan Bowen,DEN,False,2-pointer,0,18-20,'DET',trails
277,277,277,200211070DEN,40.9,13.1,2nd quarter,6:48.0,James Posey,DEN,False,2-pointer,19,20-26,'DET',trails
278,278,278,200211070DEN,34.7,5.5,2nd quarter,6:10.0,James Posey,DEN,True,2-pointer,11,22-26,'DET',trails
279,279,279,200211070DEN,19.6,28.3,2nd quarter,6:05.0,Chris Whitney,DEN,False,2-pointer,24,22-26,'DET',trails
280,280,280,200211070DEN,2.2,15.2,2nd quarter,6:01.0,James Posey,DEN,False,3-pointer,24,22-26,'DET',trails
281,281,281,200211070DEN,18.6,9.9,2nd quarter,5:44.0,Chris Whitney,DEN,False,2-pointer,7,22-26,'DET',trails
282,282,282,200211070DEN,24.0,5.0,2nd quarter,5:42.0,Ryan Bowen,DEN,False,2-pointer,0,22-26,'DET',trails
283,283,283,200211070DEN,24.0,5.0,2nd quarter,5:19.0,Juwan Howard,DEN,False,2-pointer,0,22-28,'DET',trails
284,284,284,200211070DEN,16.7,9.6,2nd quarter,4:41.0,Juwan Howard,DEN,False,2-pointer,9,23-30,'DET',trails
285,285,285,200211070DEN,9.4,9.8,2nd quarter,4:39.0,James Posey,DEN,False,2-pointer,15,23-30,'DET',trails
286,286,286,200211070DEN,27.1,24.7,2nd quarter,3:06.0,Junior Harrington,DEN,False,2-pointer,20,25-32,'DET',trails
287,287,287,200211070DEN,31.2,6.5,2nd quarter,2:39.0,James Posey,DEN,True,2-pointer,7,27-34,'DET',trails
288,288,288,200211070DEN,16.8,6.0,2nd quarter,0:39.1,Junior Harrington,DEN,True,2-pointer,7,31-41,'DET',trails
289,289,289,200211070DEN,24.0,5.0,3rd quarter,11:18.0,Ryan Bowen,DEN,False,2-pointer,0,31-41,'DET',trails
290,290,290,200211070DEN,41.7,17.5,3rd quarter,10:53.0,Chris Whitney,DEN,True,2-pointer,22,33-43,'DET',trails
291,291,291,200211070DEN,20.1,22.4,3rd quarter,9:41.0,Mark Blount,DEN,False,2-pointer,18,33-45,'DET',trails
292,292,292,200211070DEN,47.2,5.5,3rd quarter,9:12.0,Chris Whitney,DEN,False,3-pointer,23,33-47,'DET',trails
293,293,293,200211070DEN,24.0,5.0,3rd quarter,8:48.0,Mark Blount,DEN,True,2-pointer,0,35-47,'DET',trails
294,294,294,200211070DEN,32.0,9.5,3rd quarter,8:00.0,Chris Whitney,DEN,False,2-pointer,9,35-49,'DET',trails
295,295,295,200211070DEN,14.0,6.5,3rd quarter,7:05.0,Mark Blount,DEN,True,2-pointer,10,37-49,'DET',trails
296,296,296,200211070DEN,6.3,5.0,3rd quarter,6:27.0,Mark Blount,DEN,False,2-pointer,18,37-51,'DET',trails
297,297,297,200211070DEN,10.2,11.3,3rd quarter,5:10.0,Nikoloz Tskitishvili,DEN,False,2-pointer,15,37-53,'DET',trails
298,298,298,200211070DEN,38.1,5.3,3rd quarter,4:31.0,Juwan Howard,DEN,False,2-pointer,14,37-56,'DET',trails
299,299,299,200211070DEN,35.3,22.6,3rd quarter,0:33.4,Rodney White,DEN,False,2-pointer,21,42-66,'DET',trails
300,300,300,200211070DEN,44.4,18.8,3rd quarter,0:01.0,James Posey,DEN,True,3-pointer,25,45-69,'DET',trails
301,301,301,200211070DEN,24.0,5.0,4th quarter,11:06.0,Junior Harrington,DEN,False,2-pointer,0,45-69,'DET',trails
302,302,302,200211070DEN,0.8,5.7,4th quarter,10:29.0,James Posey,DEN,True,3-pointer,23,48-69,'DET',trails
303,303,303,200211070DEN,22.4,8.6,4th quarter,9:57.0,James Posey,DEN,True,2-pointer,4,50-71,'DET',trails
304,304,304,200211070DEN,24.0,5.0,4th quarter,9:29.0,James Posey,DEN,True,2-pointer,0,52-71,'DET',trails
305,305,305,200211070DEN,24.0,5.0,4th quarter,8:30.0,Ryan Bowen,DEN,True,2-pointer,0,54-73,'DET',trails
306,306,306,200211070DEN,26.9,25.4,4th quarter,8:03.0,Junior Harrington,DEN,False,2-pointer,21,54-75,'DET',trails
307,307,307,200211070DEN,3.6,21.3,4th quarter,7:56.0,James Posey,DEN,False,3-pointer,26,54-75,'DET',trails
308,308,308,200211070DEN,24.0,5.0,4th quarter,7:20.0,Nenê made,DEN,True,2-pointer,0,56-77,'DET',trails
309,309,309,200211070DEN,27.8,24.1,4th quarter,6:55.0,Ryan Bowen,DEN,True,2-pointer,19,58-77,'DET',trails
310,310,310,200211070DEN,29.1,8.0,4th quarter,6:16.0,Nenê missed,DEN,False,2-pointer,6,58-77,'DET',trails
311,311,311,200211070DEN,34.5,17.2,4th quarter,5:29.0,Nenê missed,DEN,False,2-pointer,16,58-77,'DET',trails
312,312,312,200211070DEN,24.0,5.0,4th quarter,4:55.0,Nenê made,DEN,True,2-pointer,0,60-80,'DET',trails
313,313,313,200211070DEN,24.0,5.0,4th quarter,4:02.0,Chris Andersen,DEN,True,2-pointer,0,62-82,'DET',trails
314,314,314,200211070DEN,4.6,13.2,4th quarter,3:32.0,Kenny Satterfield,DEN,False,2-pointer,21,62-82,'DET',trails
315,315,315,200211070DEN,4.5,22.3,4th quarter,2:37.0,Nikoloz Tskitishvili,DEN,False,3-pointer,26,62-86,'DET',trails
316,316,316,200211070DEN,30.2,26.0,4th quarter,1:40.0,Rodney White,DEN,False,2-pointer,22,63-87,'DET',trails
317,317,317,200211070DEN,46.5,4.2,4th quarter,1:09.0,Rodney White,DEN,False,3-pointer,23,63-87,'DET',trails
318,318,318,200211070DEN,22.4,10.1,4th quarter,0:46.6,Rodney White,DEN,False,2-pointer,5,63-87,'DET',trails
319,319,319,200211070DEN,21.7,24.1,4th quarter,0:15.6,Donnell Harvey,DEN,False,2-pointer,19,63-89,'DET',trails
320,320,320,200211070MIN,24.0,30.0,1st quarter,11:31.0,Tim Thomas,MIL,False,3-pointer,25,0-0,'MIN',tied
321,321,321,200211070MIN,28.9,11.4,1st quarter,10:57.0,Sam Cassell,MIL,True,2-pointer,8,2-2,'MIN',tied
322,322,322,200211070MIN,24.0,5.0,1st quarter,10:00.0,Tim Thomas,MIL,False,2-pointer,0,2-4,'MIN',trails
323,323,323,200211070MIN,24.0,5.0,1st quarter,9:56.0,Dan Gadzuric,MIL,False,2-pointer,0,2-4,'MIN',trails
324,324,324,200211070MIN,18.4,21.0,1st quarter,9:30.0,Sam Cassell,MIL,True,2-pointer,17,4-6,'MIN',trails
325,325,325,200211070MIN,17.3,21.4,1st quarter,9:04.0,Sam Cassell,MIL,True,2-pointer,18,6-6,'MIN',tied
326,326,326,200211070MIN,34.2,6.2,1st quarter,8:44.0,Sam Cassell,MIL,False,2-pointer,10,6-8,'MIN',trails
327,327,327,200211070MIN,34.7,6.2,1st quarter,8:19.0,Dan Gadzuric,MIL,True,2-pointer,11,8-10,'MIN',trails
328,328,328,200211070MIN,27.9,24.4,1st quarter,7:52.0,Sam Cassell,MIL,True,2-pointer,20,10-12,'MIN',trails
329,329,329,200211070MIN,24.0,5.0,1st quarter,7:23.0,Tim Thomas,MIL,True,2-pointer,0,12-12,'MIN',tied
330,330,330,200211070MIN,42.4,21.9,1st quarter,6:52.0,Ray Allen,MIL,True,3-pointer,25,15-12,'MIN',leads
331,331,331,200211070MIN,24.0,5.0,1st quarter,6:38.0,Ray Allen,MIL,True,2-pointer,0,17-12,'MIN',leads
332,332,332,200211070MIN,37.1,9.6,1st quarter,6:09.0,Anthony Mason,MIL,True,2-pointer,14,19-14,'MIN',leads
333,333,333,200211070MIN,6.8,4.4,1st quarter,5:44.0,Tim Thomas,MIL,True,2-pointer,17,21-14,'MIN',leads
334,334,334,200211070MIN,24.0,5.0,1st quarter,5:13.0,Anthony Mason,MIL,False,2-pointer,0,21-14,'MIN',leads
335,335,335,200211070MIN,28.7,11.1,1st quarter,4:43.0,Ray Allen,MIL,False,2-pointer,8,21-16,'MIN',leads
336,336,336,200211070MIN,6.6,13.1,1st quarter,4:19.0,Sam Cassell,MIL,True,2-pointer,19,23-19,'MIN',leads
337,337,337,200211070MIN,39.4,18.0,1st quarter,3:34.0,Michael Redd,MIL,False,2-pointer,20,23-21,'MIN',leads
338,338,338,200211070MIN,8.4,2.7,1st quarter,2:58.0,Sam Cassell,MIL,True,2-pointer,16,26-23,'MIN',leads
339,339,339,200211070MIN,1.2,2.7,1st quarter,2:26.0,Michael Redd,MIL,True,3-pointer,23,29-25,'MIN',leads
340,340,340,200211070MIN,4.8,3.7,1st quarter,1:59.0,Sam Cassell,MIL,False,2-pointer,19,29-25,'MIN',leads
341,341,341,200211070MIN,47.5,3.1,1st quarter,1:29.0,Toni Kukoč,MIL,False,3-pointer,24,29-25,'MIN',leads
342,342,342,200211070MIN,4.8,19.0,1st quarter,0:10.7,Michael Redd,MIL,False,3-pointer,24,29-29,'MIN',tied
343,343,343,200211070MIN,8.9,6.3,2nd quarter,11:38.0,Toni Kukoč,MIL,False,2-pointer,15,29-29,'MIN',tied
344,344,344,200211070MIN,6.1,2.7,2nd quarter,11:34.0,Toni Kukoč,MIL,False,2-pointer,18,29-29,'MIN',tied
345,345,345,200211070MIN,14.5,28.0,2nd quarter,10:32.0,Toni Kukoč,MIL,True,3-pointer,25,32-31,'MIN',leads
346,346,346,200211070MIN,38.3,13.1,2nd quarter,9:42.0,Jason Caffey,MIL,True,2-pointer,16,34-32,'MIN',leads
347,347,347,200211070MIN,28.7,9.5,2nd quarter,9:09.0,Michael Redd,MIL,False,2-pointer,7,34-32,'MIN',leads
348,348,348,200211070MIN,8.6,4.2,2nd quarter,8:35.0,Toni Kukoč,MIL,False,2-pointer,15,34-34,'MIN',tied
349,349,349,200211070MIN,24.0,5.0,2nd quarter,8:12.0,Michael Redd,MIL,True,2-pointer,0,36-34,'MIN',leads
350,350,350,200211070MIN,34.7,18.2,2nd quarter,7:33.0,Ray Allen,MIL,True,2-pointer,17,38-36,'MIN',leads
351,351,351,200211070MIN,24.0,5.0,2nd quarter,7:06.0,Kevin Ollie,MIL,True,2-pointer,0,40-36,'MIN',leads
352,352,352,200211070MIN,25.6,24.6,2nd quarter,6:48.0,Michael Redd,MIL,True,2-pointer,20,42-36,'MIN',leads
353,353,353,200211070MIN,24.0,5.0,2nd quarter,6:07.0,Toni Kukoč,MIL,False,2-pointer,0,42-38,'MIN',leads
354,354,354,200211070MIN,5.6,2.2,2nd quarter,5:57.0,Ray Allen,MIL,False,2-pointer,19,42-38,'MIN',leads
355,355,355,200211070MIN,19.2,21.9,2nd quarter,5:30.0,Ray Allen,MIL,False,2-pointer,18,42-42,'MIN',tied
356,356,356,200211070MIN,44.7,19.5,2nd quarter,5:13.0,Ray Allen,MIL,False,3-pointer,25,42-42,'MIN',tied
357,357,357,200211070MIN,25.1,21.0,2nd quarter,4:02.0,Anthony Mason,MIL,False,2-pointer,16,42-44,'MIN',trails
358,358,358,200211070MIN,21.1,10.1,2nd quarter,3:24.0,Anthony Mason,MIL,True,2-pointer,6,44-46,'MIN',trails
359,359,359,200211070MIN,20.1,9.3,2nd quarter,2:47.0,Sam Cassell,MIL,True,2-pointer,6,46-46,'MIN',tied
360,360,360,200211070MIN,24.0,5.0,2nd quarter,2:22.0,Tim Thomas,MIL,False,2-pointer,0,46-46,'MIN',tied
361,361,361,200211070MIN,32.2,19.3,2nd quarter,2:01.0,Sam Cassell,MIL,False,2-pointer,16,46-49,'MIN',trails
362,362,362,200211070MIN,19.7,24.1,2nd quarter,0:26.6,Sam Cassell,MIL,True,2-pointer,20,54-54,'MIN',tied
363,363,363,200211070MIN,1.7,2.2,2nd quarter,0:03.6,Tim Thomas,MIL,False,3-pointer,22,54-56,'MIN',trails
364,364,364,200211070MIN,5.3,9.9,3rd quarter,11:41.0,Ray Allen,MIL,True,2-pointer,19,56-56,'MIN',tied
365,365,365,200211070MIN,24.0,5.0,3rd quarter,11:14.0,Dan Gadzuric,MIL,True,2-pointer,0,58-56,'MIN',leads
366,366,366,200211070MIN,47.5,8.6,3rd quarter,10:45.0,Ray Allen,MIL,False,3-pointer,24,58-56,'MIN',leads
367,367,367,200211070MIN,6.6,10.6,3rd quarter,10:25.0,Sam Cassell,MIL,True,2-pointer,18,60-56,'MIN',leads
368,368,368,200211070MIN,24.0,5.0,3rd quarter,8:59.0,Tim Thomas,MIL,False,2-pointer,0,60-58,'MIN',leads
369,369,369,200211070MIN,27.9,11.1,3rd quarter,8:37.0,Ray Allen,MIL,False,2-pointer,7,60-60,'MIN',tied
370,370,370,200211070MIN,5.8,5.0,3rd quarter,8:33.0,Ray Allen,MIL,True,2-pointer,18,62-60,'MIN',leads
371,371,371,200211070MIN,7.7,5.0,3rd quarter,8:02.0,Sam Cassell,MIL,True,2-pointer,16,64-63,'MIN',leads
372,372,372,200211070MIN,42.2,14.2,3rd quarter,7:38.0,Tim Thomas,MIL,False,2-pointer,20,64-63,'MIN',leads
373,373,373,200211070MIN,41.7,7.2,3rd quarter,7:37.0,Dan Gadzuric,MIL,False,2-pointer,18,64-63,'MIN',leads
374,374,374,200211070MIN,1.8,5.0,3rd quarter,7:19.0,Ray Allen,MIL,True,3-pointer,22,67-65,'MIN',leads
375,375,375,200211070MIN,5.3,4.1,3rd quarter,6:50.0,Anthony Mason,MIL,True,2-pointer,19,69-67,'MIN',leads
376,376,376,200211070MIN,24.0,5.0,3rd quarter,6:28.0,Anthony Mason,MIL,True,2-pointer,0,71-69,'MIN',leads
377,377,377,200211070MIN,40.4,17.7,3rd quarter,5:59.0,Ray Allen,MIL,True,2-pointer,21,73-69,'MIN',leads
378,378,378,200211070MIN,30.4,15.5,3rd quarter,5:25.0,Ray Allen,MIL,False,2-pointer,12,73-69,'MIN',leads
379,379,379,200211070MIN,13.0,22.1,3rd quarter,4:54.0,Ray Allen,MIL,False,2-pointer,20,73-71,'MIN',leads
380,380,380,200211070MIN,8.6,3.6,3rd quarter,4:15.0,Ray Allen,MIL,False,2-pointer,15,74-73,'MIN',leads
381,381,381,200211070MIN,42.4,10.8,3rd quarter,3:48.0,Michael Redd,MIL,False,2-pointer,19,74-75,'MIN',trails
382,382,382,200211070MIN,4.6,20.8,3rd quarter,3:43.0,Ray Allen,MIL,True,3-pointer,25,77-75,'MIN',leads
383,383,383,200211070MIN,18.8,11.4,3rd quarter,3:14.0,Sam Cassell,MIL,False,2-pointer,8,77-78,'MIN',trails
384,384,384,200211070MIN,29.7,9.5,3rd quarter,1:57.0,Anthony Mason,MIL,True,2-pointer,7,80-80,'MIN',tied
385,385,385,200211070MIN,29.6,14.9,3rd quarter,1:30.0,Ray Allen,MIL,True,2-pointer,11,82-81,'MIN',leads
386,386,386,200211070MIN,34.8,29.8,3rd quarter,0:57.1,Ray Allen,MIL,True,3-pointer,27,85-81,'MIN',leads
387,387,387,200211070MIN,45.0,20.3,3rd quarter,0:01.9,Michael Redd,MIL,False,3-pointer,26,85-83,'MIN',leads
388,388,388,200211070MIN,24.0,5.0,4th quarter,11:30.0,Jason Caffey,MIL,False,2-pointer,0,85-83,'MIN',leads
389,389,389,200211070MIN,26.3,6.2,4th quarter,11:27.0,Jason Caffey,MIL,True,2-pointer,3,87-83,'MIN',leads
390,390,390,200211070MIN,14.5,10.8,4th quarter,10:41.0,Tim Thomas,MIL,True,2-pointer,11,89-87,'MIN',leads
391,391,391,200211070MIN,47.3,8.6,4th quarter,10:13.0,Michael Redd,MIL,True,3-pointer,24,92-88,'MIN',leads
392,392,392,200211070MIN,39.6,18.3,4th quarter,9:43.0,Michael Redd,MIL,False,2-pointer,21,92-88,'MIN',leads
393,393,393,200211070MIN,42.4,3.4,4th quarter,9:02.0,Jason Caffey,MIL,False,2-pointer,18,92-90,'MIN',leads
394,394,394,200211070MIN,37.3,11.3,4th quarter,8:31.0,Tim Thomas,MIL,False,2-pointer,15,92-90,'MIN',leads
395,395,395,200211070MIN,24.0,5.0,4th quarter,8:01.0,Jason Caffey,MIL,True,2-pointer,0,94-93,'MIN',leads
396,396,396,200211070MIN,28.1,11.1,4th quarter,7:15.0,Anthony Mason,MIL,False,2-pointer,7,94-95,'MIN',trails
397,397,397,200211070MIN,24.0,5.0,4th quarter,6:51.0,Ray Allen,MIL,False,2-pointer,0,94-95,'MIN',trails
398,398,398,200211070MIN,24.0,5.0,4th quarter,6:21.0,Jason Caffey,MIL,True,2-pointer,0,96-95,'MIN',leads
399,399,399,200211070MIN,9.9,14.9,4th quarter,5:24.0,Ray Allen,MIL,False,2-pointer,17,96-97,'MIN',trails
400,400,400,200211070MIN,5.9,8.8,4th quarter,5:10.0,Sam Cassell,MIL,False,2-pointer,18,96-97,'MIN',trails
401,401,401,200211070MIN,38.0,10.6,4th quarter,4:45.0,Sam Cassell,MIL,True,2-pointer,15,98-97,'MIN',leads
402,402,402,200211070MIN,6.9,4.4,4th quarter,4:10.0,Sam Cassell,MIL,False,2-pointer,17,98-97,'MIN',leads
403,403,403,200211070MIN,26.0,16.5,4th quarter,3:39.0,Tim Thomas,MIL,True,2-pointer,12,100-99,'MIN',leads
404,404,404,200211070MIN,24.0,5.0,4th quarter,3:17.0,Ray Allen,MIL,False,2-pointer,0,100-99,'MIN',leads
405,405,405,200211070MIN,17.4,29.5,4th quarter,2:22.0,Ray Allen,MIL,False,3-pointer,25,100-104,'MIN',trails
406,406,406,200211070MIN,21.2,12.9,4th quarter,1:42.0,Sam Cassell,MIL,True,2-pointer,8,102-106,'MIN',trails
407,407,407,200211070MIN,47.2,15.2,4th quarter,1:11.0,Tim Thomas,MIL,False,3-pointer,25,102-108,'MIN',trails
408,408,408,200211070MIN,24.0,5.0,4th quarter,1:09.0,Ervin Johnson,MIL,True,2-pointer,0,104-108,'MIN',trails
409,409,409,200211070MIN,18.8,9.6,4th quarter,0:16.6,Michael Redd,MIL,True,2-pointer,7,108-110,'MIN',trails
410,410,410,200211070MIN,24.0,5.0,4th quarter,0:04.5,Ray Allen,MIL,True,2-pointer,0,110-111,'MIN',trails
411,411,411,200211070MIN,8.6,13.7,1st quarter,11:41.0,Kevin Garnett,MIN,False,2-pointer,18,0-0,'MIN',tied
412,412,412,200211070MIN,29.9,9.3,1st quarter,11:22.0,Rasho Nesterović,MIN,True,2-pointer,7,2-0,'MIN',leads
413,413,413,200211070MIN,4.6,2.4,1st quarter,10:35.0,Troy Hudson,MIN,False,2-pointer,20,2-2,'MIN',tied
414,414,414,200211070MIN,24.0,5.0,1st quarter,10:28.0,Loren Woods,MIN,True,2-pointer,0,4-2,'MIN',leads
415,415,415,200211070MIN,24.0,5.0,1st quarter,9:49.0,Troy Hudson,MIN,True,2-pointer,0,6-2,'MIN',leads
416,416,416,200211070MIN,17.8,9.6,1st quarter,9:16.0,Troy Hudson,MIN,False,2-pointer,8,6-4,'MIN',leads
417,417,417,200211070MIN,18.1,22.9,1st quarter,8:53.0,Wally Szczerbiak,MIN,True,2-pointer,19,8-6,'MIN',leads
418,418,418,200211070MIN,23.0,21.0,1st quarter,8:36.0,Kevin Garnett,MIN,True,2-pointer,16,10-6,'MIN',leads
419,419,419,200211070MIN,14.0,4.5,1st quarter,8:07.0,Rasho Nesterović,MIN,True,2-pointer,10,12-8,'MIN',leads
420,420,420,200211070MIN,24.0,5.0,1st quarter,6:30.0,Wally Szczerbiak,MIN,False,2-pointer,0,12-17,'MIN',trails
421,421,421,200211070MIN,24.0,5.0,1st quarter,6:29.0,Loren Woods,MIN,True,2-pointer,0,14-17,'MIN',trails
422,422,422,200211070MIN,7.9,3.6,1st quarter,5:53.0,Rasho Nesterović,MIN,False,2-pointer,16,14-19,'MIN',trails
423,423,423,200211070MIN,23.2,13.1,1st quarter,5:23.0,Loren Woods,MIN,False,2-pointer,8,14-21,'MIN',trails
424,424,424,200211070MIN,13.8,11.9,1st quarter,5:05.0,Troy Hudson,MIN,True,2-pointer,12,16-21,'MIN',trails
425,425,425,200211070MIN,47.6,3.9,1st quarter,4:35.0,Wally Szczerbiak,MIN,True,3-pointer,24,19-21,'MIN',trails
426,426,426,200211070MIN,26.0,22.9,1st quarter,3:50.0,Rasho Nesterović,MIN,True,2-pointer,18,21-23,'MIN',trails
427,427,427,200211070MIN,40.1,12.9,1st quarter,3:17.0,Kevin Garnett,MIN,True,2-pointer,18,23-24,'MIN',trails
428,428,428,200211070MIN,16.9,7.2,1st quarter,2:45.0,Loren Woods,MIN,True,2-pointer,7,25-26,'MIN',trails
429,429,429,200211070MIN,39.8,18.3,1st quarter,2:15.0,Troy Hudson,MIN,False,2-pointer,21,25-29,'MIN',trails
430,430,430,200211070MIN,13.2,22.3,1st quarter,1:51.0,Kevin Garnett,MIN,False,2-pointer,20,25-29,'MIN',trails
431,431,431,200211070MIN,24.0,5.0,1st quarter,1:23.0,Loren Woods,MIN,True,2-pointer,0,27-29,'MIN',trails
432,432,432,200211070MIN,24.0,5.0,1st quarter,0:57.5,Reggie Slater,MIN,False,2-pointer,0,27-29,'MIN',trails
433,433,433,200211070MIN,24.0,5.0,1st quarter,0:30.5,Kendall Gill,MIN,True,2-pointer,0,29-29,'MIN',tied
434,434,434,200211070MIN,24.0,5.0,1st quarter,0:03.7,Kevin Garnett,MIN,False,2-pointer,0,29-29,'MIN',tied
435,435,435,200211070MIN,24.0,5.0,2nd quarter,11:18.0,Reggie Slater,MIN,False,2-pointer,0,29-29,'MIN',tied
436,436,436,200211070MIN,41.7,3.1,2nd quarter,11:00.0,Anthony Peeler,MIN,True,2-pointer,18,31-29,'MIN',leads
437,437,437,200211070MIN,27.8,20.3,2nd quarter,10:10.0,Anthony Peeler,MIN,False,2-pointer,16,31-32,'MIN',trails
438,438,438,200211070MIN,24.0,5.0,2nd quarter,9:26.0,Reggie Slater,MIN,False,2-pointer,0,32-34,'MIN',trails
439,439,439,200211070MIN,33.5,22.4,2nd quarter,9:17.0,Kendall Gill,MIN,False,2-pointer,20,32-34,'MIN',trails
440,440,440,200211070MIN,24.0,5.0,2nd quarter,8:55.0,Rod Strickland,MIN,True,2-pointer,0,34-34,'MIN',tied
441,441,441,200211070MIN,29.6,13.1,2nd quarter,8:17.0,Gary Trent,MIN,False,2-pointer,10,34-34,'MIN',tied
442,442,442,200211070MIN,24.0,5.0,2nd quarter,7:52.0,Rasho Nesterović,MIN,True,2-pointer,0,36-36,'MIN',tied
443,443,443,200211070MIN,17.9,22.8,2nd quarter,7:16.0,Gary Trent,MIN,False,2-pointer,19,36-38,'MIN',trails
444,444,444,200211070MIN,41.7,3.1,2nd quarter,6:26.0,Rasho Nesterović,MIN,True,2-pointer,18,38-42,'MIN',trails
445,445,445,200211070MIN,24.0,5.0,2nd quarter,5:46.0,Kevin Garnett,MIN,True,2-pointer,0,42-42,'MIN',tied
446,446,446,200211070MIN,43.5,13.1,2nd quarter,5:01.0,Kendall Gill,MIN,False,2-pointer,21,42-42,'MIN',tied
447,447,447,200211070MIN,24.0,5.0,2nd quarter,4:42.0,Wally Szczerbiak,MIN,True,2-pointer,0,44-42,'MIN',leads
448,448,448,200211070MIN,16.6,22.4,2nd quarter,4:13.0,Kevin Garnett,MIN,False,2-pointer,19,44-42,'MIN',leads
449,449,449,200211070MIN,11.8,11.9,2nd quarter,3:40.0,Kevin Garnett,MIN,True,2-pointer,14,46-42,'MIN',leads
450,450,450,200211070MIN,4.6,20.0,2nd quarter,3:07.0,Troy Hudson,MIN,False,3-pointer,25,46-44,'MIN',leads
451,451,451,200211070MIN,1.5,2.4,2nd quarter,2:28.0,Wally Szczerbiak,MIN,False,3-pointer,23,46-46,'MIN',tied
452,452,452,200211070MIN,24.0,5.0,2nd quarter,2:17.0,Kevin Garnett,MIN,True,2-pointer,0,48-46,'MIN',leads
453,453,453,200211070MIN,24.0,5.0,2nd quarter,1:37.0,Gary Trent,MIN,True,2-pointer,0,51-48,'MIN',leads
454,454,454,200211070MIN,1.8,2.7,2nd quarter,1:12.0,Wally Szczerbiak,MIN,True,3-pointer,22,54-50,'MIN',leads
455,455,455,200211070MIN,24.0,5.0,2nd quarter,0:37.0,Gary Trent,MIN,False,2-pointer,0,54-52,'MIN',leads
456,456,456,200211070MIN,1.5,2.7,2nd quarter,0:13.3,Wally Szczerbiak,MIN,False,3-pointer,23,54-54,'MIN',tied
457,457,457,200211070MIN,24.0,5.0,2nd quarter,0:11.7,Reggie Slater,MIN,True,2-pointer,0,56-54,'MIN',leads
458,458,458,200211070MIN,24.0,5.0,3rd quarter,11:19.0,Loren Woods,MIN,False,2-pointer,0,56-56,'MIN',tied
459,459,459,200211070MIN,4.9,20.8,3rd quarter,11:01.0,Kevin Garnett,MIN,False,3-pointer,25,56-58,'MIN',trails
460,460,460,200211070MIN,18.3,8.5,3rd quarter,10:36.0,Kevin Garnett,MIN,False,2-pointer,7,56-58,'MIN',trails
461,461,461,200211070MIN,38.1,4.4,3rd quarter,10:05.0,Kevin Garnett,MIN,True,2-pointer,14,58-60,'MIN',trails
462,462,462,200211070MIN,6.3,10.8,3rd quarter,9:29.0,Troy Hudson,MIN,False,2-pointer,19,58-60,'MIN',trails
463,463,463,200211070MIN,6.3,3.9,3rd quarter,9:16.0,Wally Szczerbiak,MIN,False,2-pointer,18,58-60,'MIN',trails
464,464,464,200211070MIN,24.0,5.0,3rd quarter,8:53.0,Loren Woods,MIN,True,2-pointer,0,60-60,'MIN',tied
465,465,465,200211070MIN,4.6,20.5,3rd quarter,8:13.0,Troy Hudson,MIN,True,3-pointer,25,63-62,'MIN',leads
466,466,466,200211070MIN,25.3,25.6,3rd quarter,7:32.0,Kevin Garnett,MIN,True,2-pointer,21,65-64,'MIN',leads
467,467,467,200211070MIN,24.0,5.0,3rd quarter,7:13.0,Gary Trent,MIN,True,2-pointer,0,67-67,'MIN',tied
468,468,468,200211070MIN,24.0,5.0,3rd quarter,6:45.0,Loren Woods,MIN,True,2-pointer,0,69-69,'MIN',tied
469,469,469,200211070MIN,29.2,25.2,3rd quarter,6:08.0,Troy Hudson,MIN,False,2-pointer,21,69-71,'MIN',trails
470,470,470,200211070MIN,14.1,16.5,3rd quarter,5:19.0,Wally Szczerbiak,MIN,True,2-pointer,15,71-73,'MIN',trails
471,471,471,200211070MIN,24.0,5.0,3rd quarter,4:46.0,Loren Woods,MIN,True,2-pointer,0,73-73,'MIN',tied
472,472,472,200211070MIN,44.7,4.5,3rd quarter,4:04.0,Anthony Peeler,MIN,True,2-pointer,21,75-74,'MIN',leads
473,473,473,200211070MIN,24.0,5.0,3rd quarter,3:30.0,Troy Hudson,MIN,True,2-pointer,0,77-77,'MIN',tied
474,474,474,200211070MIN,39.8,17.5,3rd quarter,2:30.0,Anthony Peeler,MIN,False,2-pointer,20,78-78,'MIN',tied
475,475,475,200211070MIN,28.1,23.1,3rd quarter,2:13.0,Anthony Peeler,MIN,True,2-pointer,19,80-78,'MIN',leads
476,476,476,200211070MIN,19.9,27.4,3rd quarter,1:05.0,Kendall Gill,MIN,False,2-pointer,23,81-82,'MIN',trails
477,477,477,200211070MIN,8.7,2.7,3rd quarter,0:39.5,Gary Trent,MIN,False,2-pointer,15,81-85,'MIN',trails
478,478,478,200211070MIN,43.5,2.7,3rd quarter,0:36.1,Anthony Peeler,MIN,True,2-pointer,20,83-85,'MIN',trails
479,479,479,200211070MIN,38.3,19.0,4th quarter,11:42.0,Rod Strickland,MIN,False,2-pointer,20,83-85,'MIN',trails
480,480,480,200211070MIN,24.0,5.0,4th quarter,11:00.0,Rod Strickland,MIN,True,2-pointer,0,87-87,'MIN',tied
481,481,481,200211070MIN,34.0,14.4,4th quarter,9:53.0,Kevin Garnett,MIN,False,2-pointer,14,88-92,'MIN',trails
482,482,482,200211070MIN,12.5,18.8,4th quarter,9:34.0,Rod Strickland,MIN,False,2-pointer,18,88-92,'MIN',trails
483,483,483,200211070MIN,10.9,20.8,4th quarter,9:29.0,Rod Strickland,MIN,True,2-pointer,21,90-92,'MIN',trails
484,484,484,200211070MIN,47.8,7.2,4th quarter,8:54.0,Wally Szczerbiak,MIN,False,3-pointer,24,90-92,'MIN',trails
485,485,485,200211070MIN,39.4,5.2,4th quarter,8:50.0,Loren Woods,MIN,False,2-pointer,15,90-92,'MIN',trails
486,486,486,200211070MIN,4.1,18.8,4th quarter,8:19.0,Wally Szczerbiak,MIN,True,3-pointer,24,93-92,'MIN',leads
487,487,487,200211070MIN,8.7,6.8,4th quarter,7:36.0,Kevin Garnett,MIN,True,2-pointer,15,95-94,'MIN',leads
488,488,488,200211070MIN,23.2,25.9,4th quarter,6:57.0,Rod Strickland,MIN,False,2-pointer,21,95-94,'MIN',leads
489,489,489,200211070MIN,5.9,5.0,4th quarter,6:43.0,Kendall Gill,MIN,False,2-pointer,18,95-94,'MIN',leads
490,490,490,200211070MIN,11.2,20.0,4th quarter,6:09.0,Kevin Garnett,MIN,False,2-pointer,20,95-96,'MIN',trails
491,491,491,200211070MIN,4.8,4.4,4th quarter,4:53.0,Troy Hudson,MIN,False,2-pointer,19,97-96,'MIN',leads
492,492,492,200211070MIN,4.8,4.5,4th quarter,3:10.0,Wally Szczerbiak,MIN,False,2-pointer,19,99-100,'MIN',trails
493,493,493,200211070MIN,47.0,3.2,4th quarter,2:38.0,Kendall Gill,MIN,True,3-pointer,23,104-100,'MIN',leads
494,494,494,200211070MIN,10.4,20.3,4th quarter,2:03.0,Troy Hudson,MIN,True,2-pointer,20,106-100,'MIN',leads
495,495,495,200211070MIN,37.8,20.3,4th quarter,1:22.0,Kevin Garnett,MIN,True,2-pointer,21,108-102,'MIN',leads
496,496,496,200211070MIN,26.3,31.3,4th quarter,0:54.7,Troy Hudson,MIN,False,3-pointer,26,108-104,'MIN',leads
497,497,497,200211070MIN,1.7,11.1,4th quarter,0:40.7,Wally Szczerbiak,MIN,False,3-pointer,23,108-104,'MIN',leads
