,Unnamed: 0.1,Unnamed: 0,match_id,shotX,shotY,quarter,time_remaining,player,team,made,shot_type,distance,score,opp,status
0,0,0,200212020DAL,24.3,14.1,1st quarter,11:26.0,Antonio Davis,TOR,False,2-pointer,9,0-2,'DAL',trails
1,1,1,200212020DAL,14.6,24.2,1st quarter,10:49.0,Vince Carter,TOR,False,2-pointer,21,0-4,'DAL',trails
2,2,2,200212020DAL,13.7,9.6,1st quarter,10:21.0,Greg Foster,TOR,False,2-pointer,11,0-6,'DAL',trails
3,3,3,200212020DAL,12.5,27.4,1st quarter,9:48.0,Vince Carter,TOR,False,3-pointer,25,0-8,'DAL',trails
4,4,4,200212020DAL,24.0,5.0,1st quarter,9:38.0,Vince Carter,TOR,False,2-pointer,0,0-8,'DAL',trails
5,5,5,200212020DAL,24.0,18.8,1st quarter,8:35.0,Morris Peterson,TOR,True,2-pointer,14,3-12,'DAL',trails
6,6,6,200212020DAL,20.7,28.8,1st quarter,8:09.0,Vince Carter,TOR,False,3-pointer,24,3-14,'DAL',trails
7,7,7,200212020DAL,41.2,21.8,1st quarter,8:00.0,Morris Peterson,TOR,True,3-pointer,24,6-14,'DAL',trails
8,8,8,200212020DAL,41.6,13.9,1st quarter,7:28.0,Greg Foster,TOR,False,2-pointer,20,6-14,'DAL',trails
9,9,9,200212020DAL,42.9,10.6,1st quarter,7:17.0,Greg Foster,TOR,True,2-pointer,20,8-14,'DAL',trails
10,10,10,200212020DAL,5.4,10.8,1st quarter,7:01.0,Morris Peterson,TOR,True,2-pointer,19,10-14,'DAL',trails
11,11,11,200212020DAL,39.1,19.8,1st quarter,6:23.0,Greg Foster,TOR,False,2-pointer,21,10-16,'DAL',trails
12,12,12,200212020DAL,24.0,5.0,1st quarter,6:06.0,Morris Peterson,TOR,False,2-pointer,0,10-16,'DAL',trails
13,13,13,200212020DAL,33.0,6.8,1st quarter,6:03.0,Alvin Williams,TOR,True,2-pointer,9,12-16,'DAL',trails
14,14,14,200212020DAL,2.0,4.7,1st quarter,5:50.0,Morris Peterson,TOR,True,3-pointer,22,15-16,'DAL',trails
15,15,15,200212020DAL,24.0,5.0,1st quarter,5:22.0,Vince Carter,TOR,True,2-pointer,0,17-16,'DAL',leads
16,16,16,200212020DAL,26.9,21.1,1st quarter,4:55.0,Antonio Davis,TOR,False,2-pointer,16,17-16,'DAL',leads
17,17,17,200212020DAL,44.9,17.7,1st quarter,4:25.0,Alvin Williams,TOR,False,3-pointer,24,17-16,'DAL',leads
18,18,18,200212020DAL,23.5,11.1,1st quarter,4:09.0,Alvin Williams,TOR,False,2-pointer,6,17-16,'DAL',leads
19,19,19,200212020DAL,12.2,21.9,1st quarter,3:35.0,Vince Carter,TOR,False,2-pointer,21,17-18,'DAL',trails
20,20,20,200212020DAL,4.1,18.5,1st quarter,3:29.0,Morris Peterson,TOR,False,3-pointer,24,17-18,'DAL',trails
21,21,21,200212020DAL,25.5,11.6,1st quarter,2:58.0,Antonio Davis,TOR,False,2-pointer,7,17-18,'DAL',trails
22,22,22,200212020DAL,24.0,5.0,1st quarter,2:27.0,Vince Carter,TOR,True,2-pointer,0,19-20,'DAL',trails
23,23,23,200212020DAL,14.3,20.0,1st quarter,1:45.0,Antonio Davis,TOR,False,2-pointer,18,19-22,'DAL',trails
24,24,24,200212020DAL,40.7,9.1,1st quarter,1:11.0,Vince Carter,TOR,True,2-pointer,17,23-22,'DAL',leads
25,25,25,200212020DAL,13.3,17.5,1st quarter,0:40.5,Morris Peterson,TOR,True,2-pointer,16,25-22,'DAL',leads
26,26,26,200212020DAL,46.7,4.5,1st quarter,0:11.3,Vince Carter,TOR,False,3-pointer,23,25-22,'DAL',leads
27,27,27,200212020DAL,35.7,30.2,1st quarter,0:00.6,Vince Carter,TOR,False,3-pointer,28,25-24,'DAL',leads
28,28,28,200212020DAL,14.5,13.2,2nd quarter,11:32.0,Michael Bradley,TOR,False,2-pointer,13,25-24,'DAL',leads
29,29,29,200212020DAL,13.8,5.7,2nd quarter,10:57.0,Alvin Williams,TOR,False,2-pointer,10,25-26,'DAL',trails
30,30,30,200212020DAL,17.6,7.2,2nd quarter,10:32.0,Michael Bradley,TOR,False,2-pointer,7,25-26,'DAL',trails
31,31,31,200212020DAL,24.0,5.0,2nd quarter,10:04.0,Antonio Davis,TOR,True,2-pointer,0,27-28,'DAL',trails
32,32,32,200212020DAL,36.6,27.2,2nd quarter,9:21.0,Morris Peterson,TOR,True,3-pointer,26,30-30,'DAL',tied
33,33,33,200212020DAL,24.0,5.0,2nd quarter,8:14.0,Jermaine Jackson,TOR,False,2-pointer,0,30-32,'DAL',trails
34,34,34,200212020DAL,24.0,5.0,2nd quarter,8:12.0,Michael Bradley,TOR,True,2-pointer,0,32-32,'DAL',tied
35,35,35,200212020DAL,39.4,10.1,2nd quarter,7:26.0,Alvin Williams,TOR,False,2-pointer,16,32-32,'DAL',tied
36,36,36,200212020DAL,24.0,5.0,2nd quarter,6:53.0,Antonio Davis,TOR,False,2-pointer,0,32-34,'DAL',trails
37,37,37,200212020DAL,39.8,24.4,2nd quarter,6:48.0,Michael Bradley,TOR,False,3-pointer,25,32-34,'DAL',trails
38,38,38,200212020DAL,6.4,22.8,2nd quarter,5:48.0,Vince Carter,TOR,True,3-pointer,25,37-37,'DAL',tied
39,39,39,200212020DAL,6.9,22.9,2nd quarter,5:14.0,Vince Carter,TOR,False,3-pointer,25,37-40,'DAL',trails
40,40,40,200212020DAL,41.1,9.6,2nd quarter,5:06.0,Alvin Williams,TOR,True,2-pointer,18,39-40,'DAL',trails
41,41,41,200212020DAL,39.3,19.8,2nd quarter,4:22.0,Alvin Williams,TOR,True,2-pointer,21,41-42,'DAL',trails
42,42,42,200212020DAL,24.0,5.0,2nd quarter,3:52.0,Vince Carter,TOR,True,2-pointer,0,43-44,'DAL',trails
43,43,43,200212020DAL,24.8,10.6,2nd quarter,3:44.0,Jermaine Jackson,TOR,False,2-pointer,6,43-44,'DAL',trails
44,44,44,200212020DAL,43.4,9.5,2nd quarter,3:12.0,Vince Carter,TOR,False,2-pointer,20,43-46,'DAL',trails
45,45,45,200212020DAL,10.0,5.3,2nd quarter,2:54.0,Antonio Davis,TOR,True,2-pointer,14,45-46,'DAL',trails
46,46,46,200212020DAL,40.4,5.2,2nd quarter,2:08.0,Vince Carter,TOR,False,2-pointer,16,45-46,'DAL',trails
47,47,47,200212020DAL,16.0,28.2,2nd quarter,1:36.0,Morris Peterson,TOR,True,3-pointer,25,48-48,'DAL',tied
48,48,48,200212020DAL,19.7,19.5,2nd quarter,0:43.2,Morris Peterson,TOR,False,2-pointer,15,50-49,'DAL',leads
49,49,49,200212020DAL,15.1,30.2,2nd quarter,0:00.3,Morris Peterson,TOR,False,3-pointer,27,52-53,'DAL',trails
50,50,50,200212020DAL,17.9,24.4,3rd quarter,11:42.0,Vince Carter,TOR,False,2-pointer,20,52-53,'DAL',trails
51,51,51,200212020DAL,24.0,5.0,3rd quarter,10:51.0,Antonio Davis,TOR,True,2-pointer,0,54-55,'DAL',trails
52,52,52,200212020DAL,24.0,5.0,3rd quarter,10:01.0,Vince Carter,TOR,True,2-pointer,0,58-57,'DAL',leads
53,53,53,200212020DAL,23.2,11.4,3rd quarter,9:30.0,Morris Peterson,TOR,False,2-pointer,6,58-59,'DAL',trails
54,54,54,200212020DAL,38.9,24.2,3rd quarter,9:20.0,Alvin Williams,TOR,True,3-pointer,24,61-59,'DAL',leads
55,55,55,200212020DAL,4.1,13.1,3rd quarter,8:55.0,Chris Jefferies,TOR,False,2-pointer,21,61-61,'DAL',tied
56,56,56,200212020DAL,21.9,23.6,3rd quarter,8:43.0,Greg Foster,TOR,False,2-pointer,19,61-61,'DAL',tied
57,57,57,200212020DAL,8.6,5.3,3rd quarter,7:45.0,Antonio Davis,TOR,False,2-pointer,15,61-63,'DAL',trails
58,58,58,200212020DAL,32.0,25.9,3rd quarter,7:19.0,Alvin Williams,TOR,True,2-pointer,22,63-63,'DAL',tied
59,59,59,200212020DAL,34.5,9.0,3rd quarter,6:31.0,Alvin Williams,TOR,False,2-pointer,11,63-65,'DAL',trails
60,60,60,200212020DAL,17.9,26.7,3rd quarter,5:56.0,Alvin Williams,TOR,True,2-pointer,23,65-68,'DAL',trails
61,61,61,200212020DAL,7.2,6.8,3rd quarter,5:12.0,Morris Peterson,TOR,False,2-pointer,17,65-70,'DAL',trails
62,62,62,200212020DAL,24.0,5.0,3rd quarter,4:12.0,Alvin Williams,TOR,True,2-pointer,0,67-74,'DAL',trails
63,63,63,200212020DAL,24.0,5.0,3rd quarter,3:47.0,Antonio Davis,TOR,True,2-pointer,0,69-74,'DAL',trails
64,64,64,200212020DAL,24.0,5.0,3rd quarter,3:02.0,Alvin Williams,TOR,True,2-pointer,0,71-74,'DAL',trails
65,65,65,200212020DAL,24.0,5.0,3rd quarter,2:04.0,Morris Peterson,TOR,True,2-pointer,0,73-78,'DAL',trails
66,66,66,200212020DAL,12.2,18.2,3rd quarter,0:41.1,Antonio Davis,TOR,False,2-pointer,18,77-80,'DAL',trails
67,67,67,200212020DAL,31.9,7.2,3rd quarter,0:28.0,Antonio Davis,TOR,False,2-pointer,8,77-81,'DAL',trails
68,68,68,200212020DAL,40.3,19.8,4th quarter,11:01.0,Alvin Williams,TOR,True,2-pointer,22,80-86,'DAL',trails
69,69,69,200212020DAL,15.3,5.3,4th quarter,10:03.0,Antonio Davis,TOR,True,2-pointer,9,82-87,'DAL',trails
70,70,70,200212020DAL,24.0,5.0,4th quarter,9:35.0,Antonio Davis,TOR,True,2-pointer,0,84-87,'DAL',trails
71,71,71,200212020DAL,24.0,5.0,4th quarter,9:00.0,Michael Bradley,TOR,False,2-pointer,0,84-91,'DAL',trails
72,72,72,200212020DAL,31.2,8.5,4th quarter,8:12.0,Alvin Williams,TOR,True,2-pointer,8,86-95,'DAL',trails
73,73,73,200212020DAL,30.1,6.7,4th quarter,7:32.0,Vince Carter,TOR,True,2-pointer,6,88-95,'DAL',trails
74,74,74,200212020DAL,21.4,29.7,4th quarter,6:45.0,Alvin Williams,TOR,False,3-pointer,25,88-97,'DAL',trails
75,75,75,200212020DAL,24.0,5.0,4th quarter,6:42.0,Michael Bradley,TOR,True,2-pointer,0,90-97,'DAL',trails
76,76,76,200212020DAL,24.0,5.0,4th quarter,6:08.0,Michael Bradley,TOR,True,2-pointer,0,92-97,'DAL',trails
77,77,77,200212020DAL,9.7,19.5,4th quarter,5:40.0,Alvin Williams,TOR,True,2-pointer,20,94-97,'DAL',trails
78,78,78,200212020DAL,24.0,5.0,4th quarter,5:01.0,Vince Carter,TOR,True,2-pointer,0,96-99,'DAL',trails
79,79,79,200212020DAL,17.9,29.0,4th quarter,3:40.0,Vince Carter,TOR,False,3-pointer,25,96-106,'DAL',trails
80,80,80,200212020DAL,35.7,26.7,4th quarter,2:50.0,Morris Peterson,TOR,False,3-pointer,25,96-106,'DAL',trails
81,81,81,200212020DAL,26.0,15.7,4th quarter,2:40.0,Alvin Williams,TOR,True,2-pointer,11,98-106,'DAL',trails
82,82,82,200212020DAL,24.0,5.0,4th quarter,2:05.0,Michael Bradley,TOR,False,2-pointer,0,98-108,'DAL',trails
83,83,83,200212020DAL,24.0,5.0,4th quarter,1:35.0,Michael Bradley,TOR,True,2-pointer,0,100-110,'DAL',trails
84,84,84,200212020DAL,37.3,26.4,4th quarter,1:04.0,Morris Peterson,TOR,False,3-pointer,25,100-110,'DAL',trails
85,85,85,200212020DAL,39.6,25.1,4th quarter,0:57.8,Alvin Williams,TOR,False,3-pointer,25,100-110,'DAL',trails
86,86,86,200212020DAL,25.8,25.2,4th quarter,0:21.0,Morris Peterson,TOR,True,2-pointer,20,102-113,'DAL',trails
87,87,87,200212020DAL,20.6,20.3,1st quarter,11:49.0,Michael Finley,DAL,True,2-pointer,16,2-0,'DAL',leads
88,88,88,200212020DAL,24.0,5.0,1st quarter,11:13.0,Raef LaFrentz,DAL,True,2-pointer,0,4-0,'DAL',leads
89,89,89,200212020DAL,15.1,22.4,1st quarter,10:10.0,Dirk Nowitzki,DAL,True,2-pointer,20,8-0,'DAL',leads
90,90,90,200212020DAL,24.0,5.0,1st quarter,9:32.0,Steve Nash,DAL,True,2-pointer,0,10-0,'DAL',leads
91,91,91,200212020DAL,18.3,14.4,1st quarter,9:03.0,Adrian Griffin,DAL,False,2-pointer,11,10-1,'DAL',leads
92,92,92,200212020DAL,37.5,5.0,1st quarter,8:57.0,Raef LaFrentz,DAL,True,2-pointer,14,12-1,'DAL',leads
93,93,93,200212020DAL,24.0,18.0,1st quarter,8:24.0,Dirk Nowitzki,DAL,True,2-pointer,13,14-3,'DAL',leads
94,94,94,200212020DAL,15.0,18.3,1st quarter,7:42.0,Raef LaFrentz,DAL,False,2-pointer,16,14-6,'DAL',leads
95,95,95,200212020DAL,24.0,5.0,1st quarter,7:11.0,Dirk Nowitzki,DAL,False,2-pointer,0,14-8,'DAL',leads
96,96,96,200212020DAL,24.0,5.0,1st quarter,6:52.0,Michael Finley,DAL,True,2-pointer,0,16-10,'DAL',leads
97,97,97,200212020DAL,21.7,12.6,1st quarter,5:29.0,Adrian Griffin,DAL,False,2-pointer,8,16-15,'DAL',leads
98,98,98,200212020DAL,24.0,22.6,1st quarter,5:06.0,Dirk Nowitzki,DAL,False,2-pointer,18,16-17,'DAL',trails
99,99,99,200212020DAL,6.4,7.3,1st quarter,4:46.0,Dirk Nowitzki,DAL,False,2-pointer,18,16-17,'DAL',trails
100,100,100,200212020DAL,9.9,16.7,1st quarter,4:01.0,Dirk Nowitzki,DAL,False,2-pointer,18,16-17,'DAL',trails
101,101,101,200212020DAL,24.0,5.0,1st quarter,3:56.0,Steve Nash,DAL,True,2-pointer,0,18-17,'DAL',leads
102,102,102,200212020DAL,24.0,5.0,1st quarter,2:04.0,Shawn Bradley,DAL,True,2-pointer,0,22-19,'DAL',leads
103,103,103,200212020DAL,27.6,8.1,1st quarter,0:46.3,Shawn Bradley,DAL,False,2-pointer,5,22-23,'DAL',trails
104,104,104,200212020DAL,23.7,30.0,1st quarter,0:33.8,Michael Finley,DAL,False,3-pointer,25,22-25,'DAL',trails
105,105,105,200212020DAL,24.0,5.0,1st quarter,0:05.2,Raja Bell,DAL,True,2-pointer,0,24-25,'DAL',trails
106,106,106,200212020DAL,24.0,5.0,2nd quarter,11:17.0,Walt Williams,DAL,True,2-pointer,0,26-25,'DAL',leads
107,107,107,200212020DAL,32.0,6.8,2nd quarter,10:44.0,Shawn Bradley,DAL,False,2-pointer,8,26-25,'DAL',leads
108,108,108,200212020DAL,24.0,5.0,2nd quarter,10:23.0,Walt Williams,DAL,True,2-pointer,0,28-25,'DAL',leads
109,109,109,200212020DAL,24.0,5.0,2nd quarter,9:43.0,Shawn Bradley,DAL,True,2-pointer,0,30-27,'DAL',leads
110,110,110,200212020DAL,22.5,17.3,2nd quarter,7:51.0,Dirk Nowitzki,DAL,False,2-pointer,12,32-32,'DAL',tied
111,111,111,200212020DAL,37.1,25.4,2nd quarter,6:41.0,Nick Van,DAL,True,3-pointer,24,37-32,'DAL',leads
112,112,112,200212020DAL,24.0,5.0,2nd quarter,6:08.0,Dirk Nowitzki,DAL,False,2-pointer,0,37-34,'DAL',leads
113,113,113,200212020DAL,6.4,21.9,2nd quarter,5:30.0,Nick Van,DAL,True,3-pointer,24,40-37,'DAL',leads
114,114,114,200212020DAL,18.4,24.9,2nd quarter,4:49.0,Dirk Nowitzki,DAL,False,2-pointer,21,40-39,'DAL',leads
115,115,115,200212020DAL,15.0,7.2,2nd quarter,4:44.0,Nick Van,DAL,True,2-pointer,9,42-39,'DAL',leads
116,116,116,200212020DAL,24.0,5.0,2nd quarter,4:08.0,Shawn Bradley,DAL,True,2-pointer,0,44-41,'DAL',leads
117,117,117,200212020DAL,20.1,19.5,2nd quarter,3:31.0,Steve Nash,DAL,True,2-pointer,15,46-43,'DAL',leads
118,118,118,200212020DAL,40.4,23.4,2nd quarter,3:04.0,Nick Van,DAL,False,3-pointer,25,46-43,'DAL',leads
119,119,119,200212020DAL,14.6,8.5,2nd quarter,2:41.0,Steve Nash,DAL,False,2-pointer,10,46-45,'DAL',leads
120,120,120,200212020DAL,25.6,9.1,2nd quarter,2:35.0,Nick Van,DAL,False,2-pointer,4,46-45,'DAL',leads
121,121,121,200212020DAL,38.0,7.5,2nd quarter,1:25.0,Michael Finley,DAL,False,2-pointer,14,48-48,'DAL',tied
122,122,122,200212020DAL,23.0,8.6,2nd quarter,0:04.7,Nick Van,DAL,False,2-pointer,4,51-52,'DAL',trails
123,123,123,200212020DAL,24.0,5.0,2nd quarter,0:03.9,Raef LaFrentz,DAL,True,2-pointer,0,53-52,'DAL',leads
124,124,124,200212020DAL,15.5,5.8,3rd quarter,11:35.0,Michael Finley,DAL,False,2-pointer,9,53-52,'DAL',leads
125,125,125,200212020DAL,24.0,5.0,3rd quarter,11:06.0,Raef LaFrentz,DAL,True,2-pointer,0,55-52,'DAL',leads
126,126,126,200212020DAL,24.0,5.0,3rd quarter,10:40.0,Adrian Griffin,DAL,True,2-pointer,0,57-54,'DAL',leads
127,127,127,200212020DAL,2.0,5.0,3rd quarter,10:09.0,Dirk Nowitzki,DAL,False,3-pointer,22,57-56,'DAL',leads
128,128,128,200212020DAL,24.0,5.0,3rd quarter,9:14.0,Raef LaFrentz,DAL,True,2-pointer,0,61-61,'DAL',tied
129,129,129,200212020DAL,24.0,13.4,3rd quarter,8:06.0,Michael Finley,DAL,True,2-pointer,8,63-61,'DAL',leads
130,130,130,200212020DAL,7.9,5.3,3rd quarter,7:36.0,Dirk Nowitzki,DAL,False,2-pointer,16,63-61,'DAL',leads
131,131,131,200212020DAL,30.2,7.6,3rd quarter,6:59.0,Nick Van,DAL,True,2-pointer,7,65-63,'DAL',leads
132,132,132,200212020DAL,39.8,23.9,3rd quarter,6:25.0,Nick Van,DAL,True,3-pointer,25,68-63,'DAL',leads
133,133,133,200212020DAL,24.0,5.0,3rd quarter,5:35.0,Raef LaFrentz,DAL,True,2-pointer,0,70-65,'DAL',leads
134,134,134,200212020DAL,27.9,17.8,3rd quarter,4:28.0,Michael Finley,DAL,True,2-pointer,13,74-65,'DAL',leads
135,135,135,200212020DAL,24.0,5.0,3rd quarter,3:15.0,Shawn Bradley,DAL,False,2-pointer,0,74-69,'DAL',leads
136,136,136,200212020DAL,13.2,26.5,3rd quarter,3:08.0,Nick Van,DAL,False,3-pointer,24,74-69,'DAL',leads
137,137,137,200212020DAL,24.0,5.0,3rd quarter,1:18.0,Michael Finley,DAL,True,2-pointer,0,80-75,'DAL',leads
138,138,138,200212020DAL,11.5,12.9,3rd quarter,0:51.5,Dirk Nowitzki,DAL,False,2-pointer,15,80-77,'DAL',leads
139,139,139,200212020DAL,11.5,39.4,3rd quarter,0:00.3,Dirk Nowitzki,DAL,False,3-pointer,37,82-78,'DAL',leads
140,140,140,200212020DAL,24.0,5.0,4th quarter,11:44.0,Michael Finley,DAL,True,2-pointer,0,84-78,'DAL',leads
141,141,141,200212020DAL,24.0,5.0,4th quarter,11:24.0,Steve Nash,DAL,True,2-pointer,0,86-78,'DAL',leads
142,142,142,200212020DAL,26.9,7.8,4th quarter,10:13.0,Dirk Nowitzki,DAL,False,2-pointer,4,87-80,'DAL',leads
143,143,143,200212020DAL,24.0,5.0,4th quarter,9:48.0,Shawn Bradley,DAL,False,2-pointer,0,87-82,'DAL',leads
144,144,144,200212020DAL,24.0,5.0,4th quarter,9:47.0,Shawn Bradley,DAL,False,2-pointer,0,87-82,'DAL',leads
145,145,145,200212020DAL,1.7,6.0,4th quarter,9:17.0,Michael Finley,DAL,True,3-pointer,22,91-84,'DAL',leads
146,146,146,200212020DAL,42.1,14.1,4th quarter,8:52.0,Dirk Nowitzki,DAL,True,2-pointer,20,93-84,'DAL',leads
147,147,147,200212020DAL,24.0,5.0,4th quarter,8:29.0,Nick Van,DAL,True,2-pointer,0,95-84,'DAL',leads
148,148,148,200212020DAL,33.2,8.1,4th quarter,7:53.0,Dirk Nowitzki,DAL,False,2-pointer,10,95-86,'DAL',leads
149,149,149,200212020DAL,24.0,5.0,4th quarter,7:12.0,Nick Van,DAL,True,2-pointer,0,97-88,'DAL',leads
150,150,150,200212020DAL,1.3,5.7,4th quarter,6:19.0,Michael Finley,DAL,False,3-pointer,23,97-90,'DAL',leads
151,151,151,200212020DAL,39.4,6.0,4th quarter,5:50.0,Nick Van,DAL,False,2-pointer,15,97-92,'DAL',leads
152,152,152,200212020DAL,8.1,11.3,4th quarter,5:20.0,Dirk Nowitzki,DAL,True,2-pointer,17,99-94,'DAL',leads
153,153,153,200212020DAL,24.0,5.0,4th quarter,4:38.0,Dirk Nowitzki,DAL,True,2-pointer,0,101-96,'DAL',leads
154,154,154,200212020DAL,24.0,5.0,4th quarter,4:20.0,Dirk Nowitzki,DAL,True,2-pointer,0,103-96,'DAL',leads
155,155,155,200212020DAL,35.8,27.2,4th quarter,3:54.0,Steve Nash,DAL,True,3-pointer,25,106-96,'DAL',leads
156,156,156,200212020DAL,47.0,7.2,4th quarter,3:20.0,Nick Van,DAL,False,3-pointer,23,106-96,'DAL',leads
157,157,157,200212020DAL,24.0,5.0,4th quarter,2:23.0,Steve Nash,DAL,True,2-pointer,0,108-98,'DAL',leads
158,158,158,200212020DAL,24.0,5.0,4th quarter,1:48.0,Steve Nash,DAL,True,2-pointer,0,110-98,'DAL',leads
159,159,159,200212020DAL,4.3,12.9,4th quarter,1:11.0,Nick Van,DAL,False,2-pointer,21,110-100,'DAL',leads
160,160,160,200212020DAL,1.3,5.8,4th quarter,0:35.8,Dirk Nowitzki,DAL,True,3-pointer,23,113-100,'DAL',leads
161,161,161,200212020NYK,37.1,18.3,1st quarter,11:42.0,Jumaine Jones,CLE,True,2-pointer,19,2-0,'NYK',leads
162,162,162,200212020NYK,12.2,5.2,1st quarter,11:00.0,Carlos Boozer,CLE,False,2-pointer,12,2-2,'NYK',tied
163,163,163,200212020NYK,31.1,5.7,1st quarter,10:34.0,Dajuan Wagner,CLE,False,2-pointer,7,2-2,'NYK',tied
164,164,164,200212020NYK,24.0,5.0,1st quarter,10:24.0,Dajuan Wagner,CLE,True,2-pointer,0,4-2,'NYK',leads
165,165,165,200212020NYK,34.7,6.2,1st quarter,10:01.0,Zydrunas Ilgauskas,CLE,False,2-pointer,11,4-4,'NYK',tied
166,166,166,200212020NYK,19.6,9.1,1st quarter,9:29.0,Zydrunas Ilgauskas,CLE,False,2-pointer,6,4-6,'NYK',trails
167,167,167,200212020NYK,23.7,29.2,1st quarter,8:48.0,Jumaine Jones,CLE,True,3-pointer,24,7-8,'NYK',trails
168,168,168,200212020NYK,33.5,11.1,1st quarter,8:15.0,Dajuan Wagner,CLE,True,2-pointer,11,9-8,'NYK',leads
169,169,169,200212020NYK,30.9,8.8,1st quarter,7:21.0,Zydrunas Ilgauskas,CLE,False,2-pointer,8,11-8,'NYK',leads
170,170,170,200212020NYK,17.8,11.4,1st quarter,6:51.0,Jumaine Jones,CLE,False,2-pointer,9,11-10,'NYK',leads
171,171,171,200212020NYK,20.6,9.0,1st quarter,6:31.0,Carlos Boozer,CLE,True,2-pointer,5,13-10,'NYK',leads
172,172,172,200212020NYK,32.0,21.9,1st quarter,5:34.0,Dajuan Wagner,CLE,False,2-pointer,19,14-14,'NYK',tied
173,173,173,200212020NYK,24.5,30.0,1st quarter,5:29.0,Jumaine Jones,CLE,False,3-pointer,25,14-14,'NYK',tied
174,174,174,200212020NYK,24.0,5.0,1st quarter,4:48.0,Milt Palacio,CLE,False,2-pointer,0,14-14,'NYK',tied
175,175,175,200212020NYK,24.0,5.0,1st quarter,4:17.0,Michael Stewart,CLE,False,2-pointer,0,14-16,'NYK',trails
176,176,176,200212020NYK,35.3,5.7,1st quarter,3:44.0,Jumaine Jones,CLE,False,2-pointer,11,14-18,'NYK',trails
177,177,177,200212020NYK,16.8,17.8,1st quarter,3:04.0,Carlos Boozer,CLE,True,2-pointer,15,16-21,'NYK',trails
178,178,178,200212020NYK,33.5,7.6,1st quarter,2:28.0,Carlos Boozer,CLE,False,2-pointer,10,16-24,'NYK',trails
179,179,179,200212020NYK,1.2,8.0,1st quarter,1:58.0,Dajuan Wagner,CLE,False,3-pointer,23,16-26,'NYK',trails
180,180,180,200212020NYK,24.0,5.0,1st quarter,1:35.0,Carlos Boozer,CLE,True,2-pointer,0,18-26,'NYK',trails
181,181,181,200212020NYK,47.0,6.5,1st quarter,0:51.4,Bimbo Coles,CLE,False,3-pointer,23,18-26,'NYK',trails
182,182,182,200212020NYK,24.0,5.0,1st quarter,0:31.6,Michael Stewart,CLE,False,2-pointer,0,18-28,'NYK',trails
183,183,183,200212020NYK,24.0,5.0,1st quarter,0:28.6,Michael Stewart,CLE,False,2-pointer,0,18-28,'NYK',trails
184,184,184,200212020NYK,29.4,7.3,2nd quarter,11:20.0,Smush Parker,CLE,False,2-pointer,6,19-31,'NYK',trails
185,185,185,200212020NYK,24.1,12.2,2nd quarter,10:57.0,Zydrunas Ilgauskas,CLE,False,2-pointer,7,19-33,'NYK',trails
186,186,186,200212020NYK,0.7,5.0,2nd quarter,10:52.0,Jumaine Jones,CLE,False,3-pointer,23,19-33,'NYK',trails
187,187,187,200212020NYK,34.5,9.6,2nd quarter,10:23.0,Zydrunas Ilgauskas,CLE,False,2-pointer,11,19-35,'NYK',trails
188,188,188,200212020NYK,7.7,13.9,2nd quarter,10:00.0,Carlos Boozer,CLE,False,2-pointer,19,19-37,'NYK',trails
189,189,189,200212020NYK,24.0,5.0,2nd quarter,9:44.0,Smush Parker,CLE,True,2-pointer,0,21-37,'NYK',trails
190,190,190,200212020NYK,13.8,15.5,2nd quarter,9:08.0,Smush Parker,CLE,True,2-pointer,15,23-39,'NYK',trails
191,191,191,200212020NYK,29.4,28.5,2nd quarter,8:32.0,Smush Parker,CLE,False,3-pointer,24,23-41,'NYK',trails
192,192,192,200212020NYK,16.3,5.8,2nd quarter,8:05.0,Dajuan Wagner,CLE,False,2-pointer,8,23-43,'NYK',trails
193,193,193,200212020NYK,20.2,9.1,2nd quarter,7:46.0,Zydrunas Ilgauskas,CLE,True,2-pointer,6,25-44,'NYK',trails
194,194,194,200212020NYK,31.5,11.1,2nd quarter,7:13.0,Carlos Boozer,CLE,False,2-pointer,10,26-46,'NYK',trails
195,195,195,200212020NYK,15.8,4.7,2nd quarter,6:33.0,Zydrunas Ilgauskas,CLE,False,2-pointer,8,26-48,'NYK',trails
196,196,196,200212020NYK,35.3,23.4,2nd quarter,6:17.0,Dajuan Wagner,CLE,False,2-pointer,22,26-50,'NYK',trails
197,197,197,200212020NYK,26.6,6.7,2nd quarter,5:27.0,Carlos Boozer,CLE,True,2-pointer,3,28-52,'NYK',trails
198,198,198,200212020NYK,24.0,5.0,2nd quarter,4:35.0,Milt Palacio,CLE,True,2-pointer,0,30-54,'NYK',trails
199,199,199,200212020NYK,24.0,5.0,2nd quarter,4:11.0,Dajuan Wagner,CLE,True,2-pointer,0,32-55,'NYK',trails
200,200,200,200212020NYK,24.0,5.0,2nd quarter,3:29.0,Dajuan Wagner,CLE,False,2-pointer,0,32-57,'NYK',trails
201,201,201,200212020NYK,32.2,5.0,2nd quarter,3:03.0,Dajuan Wagner,CLE,True,2-pointer,8,34-57,'NYK',trails
202,202,202,200212020NYK,31.9,9.1,2nd quarter,2:25.0,Zydrunas Ilgauskas,CLE,False,2-pointer,9,34-57,'NYK',trails
203,203,203,200212020NYK,24.0,5.0,2nd quarter,2:22.0,Jumaine Jones,CLE,True,2-pointer,0,36-57,'NYK',trails
204,204,204,200212020NYK,32.5,28.0,2nd quarter,1:51.0,Dajuan Wagner,CLE,False,3-pointer,25,36-59,'NYK',trails
205,205,205,200212020NYK,26.4,7.8,2nd quarter,1:46.0,Dajuan Wagner,CLE,False,2-pointer,4,36-59,'NYK',trails
206,206,206,200212020NYK,16.6,9.6,2nd quarter,0:10.9,Dajuan Wagner,CLE,False,2-pointer,9,38-63,'NYK',trails
207,207,207,200212020NYK,14.3,3.7,3rd quarter,11:30.0,Zydrunas Ilgauskas,CLE,False,2-pointer,10,38-67,'NYK',trails
208,208,208,200212020NYK,24.0,5.0,3rd quarter,11:05.0,Zydrunas Ilgauskas,CLE,True,2-pointer,0,40-67,'NYK',trails
209,209,209,200212020NYK,24.0,5.0,3rd quarter,10:28.0,Milt Palacio,CLE,True,2-pointer,0,42-70,'NYK',trails
210,210,210,200212020NYK,34.2,8.5,3rd quarter,9:19.0,Carlos Boozer,CLE,False,2-pointer,11,44-75,'NYK',trails
211,211,211,200212020NYK,24.0,5.0,3rd quarter,8:30.0,Dajuan Wagner,CLE,True,2-pointer,0,48-75,'NYK',trails
212,212,212,200212020NYK,29.7,7.3,3rd quarter,7:55.0,Carlos Boozer,CLE,True,2-pointer,6,50-78,'NYK',trails
213,213,213,200212020NYK,24.0,5.0,3rd quarter,7:23.0,Dajuan Wagner,CLE,True,2-pointer,0,52-81,'NYK',trails
214,214,214,200212020NYK,24.0,5.0,3rd quarter,6:26.0,Milt Palacio,CLE,True,2-pointer,0,54-84,'NYK',trails
215,215,215,200212020NYK,37.1,18.8,3rd quarter,6:01.0,Zydrunas Ilgauskas,CLE,True,2-pointer,19,56-84,'NYK',trails
216,216,216,200212020NYK,42.4,24.2,3rd quarter,5:33.0,Jumaine Jones,CLE,True,3-pointer,27,59-87,'NYK',trails
217,217,217,200212020NYK,21.4,11.1,3rd quarter,5:00.0,Zydrunas Ilgauskas,CLE,False,2-pointer,7,59-89,'NYK',trails
218,218,218,200212020NYK,24.0,5.0,3rd quarter,4:05.0,Carlos Boozer,CLE,True,2-pointer,0,63-91,'NYK',trails
219,219,219,200212020NYK,10.4,6.5,3rd quarter,3:32.0,Jumaine Jones,CLE,False,2-pointer,14,63-93,'NYK',trails
220,220,220,200212020NYK,10.7,17.3,3rd quarter,3:26.0,Carlos Boozer,CLE,False,2-pointer,18,63-93,'NYK',trails
221,221,221,200212020NYK,16.5,5.2,3rd quarter,2:43.0,DeSagana Diop,CLE,False,2-pointer,8,63-97,'NYK',trails
222,222,222,200212020NYK,24.0,5.0,3rd quarter,2:39.0,Jumaine Jones,CLE,False,2-pointer,0,63-97,'NYK',trails
223,223,223,200212020NYK,24.0,5.0,3rd quarter,2:03.0,Carlos Boozer,CLE,True,2-pointer,0,67-97,'NYK',trails
224,224,224,200212020NYK,24.0,5.0,3rd quarter,1:28.0,Smush Parker,CLE,True,2-pointer,0,69-99,'NYK',trails
225,225,225,200212020NYK,29.9,6.3,3rd quarter,0:27.7,Smush Parker,CLE,False,2-pointer,6,69-99,'NYK',trails
226,226,226,200212020NYK,42.2,5.5,3rd quarter,0:19.7,Dajuan Wagner,CLE,True,2-pointer,18,71-99,'NYK',trails
227,227,227,200212020NYK,7.4,16.5,4th quarter,11:48.0,Jumaine Jones,CLE,False,2-pointer,20,71-99,'NYK',trails
228,228,228,200212020NYK,24.3,10.3,4th quarter,11:25.0,DeSagana Diop,CLE,False,2-pointer,5,71-102,'NYK',trails
229,229,229,200212020NYK,42.2,4.1,4th quarter,10:48.0,Dajuan Wagner,CLE,False,2-pointer,18,71-104,'NYK',trails
230,230,230,200212020NYK,24.0,5.0,4th quarter,10:46.0,DeSagana Diop,CLE,True,2-pointer,0,73-104,'NYK',trails
231,231,231,200212020NYK,16.3,4.7,4th quarter,10:07.0,Carlos Boozer,CLE,False,2-pointer,8,73-106,'NYK',trails
232,232,232,200212020NYK,24.0,5.0,4th quarter,9:47.0,Dajuan Wagner,CLE,True,2-pointer,0,75-106,'NYK',trails
233,233,233,200212020NYK,31.5,5.7,4th quarter,9:11.0,Dajuan Wagner,CLE,False,2-pointer,8,75-110,'NYK',trails
234,234,234,200212020NYK,48.0,5.8,4th quarter,8:27.0,Jumaine Jones,CLE,False,3-pointer,24,75-110,'NYK',trails
235,235,235,200212020NYK,24.0,5.0,4th quarter,8:14.0,Jumaine Jones,CLE,True,2-pointer,0,77-110,'NYK',trails
236,236,236,200212020NYK,47.6,5.8,4th quarter,7:46.0,Jumaine Jones,CLE,False,3-pointer,24,77-110,'NYK',trails
237,237,237,200212020NYK,24.0,5.0,4th quarter,7:41.0,Carlos Boozer,CLE,True,2-pointer,0,79-110,'NYK',trails
238,238,238,200212020NYK,36.6,27.0,4th quarter,7:18.0,Smush Parker,CLE,False,3-pointer,25,79-112,'NYK',trails
239,239,239,200212020NYK,24.0,5.0,4th quarter,6:52.0,Carlos Boozer,CLE,True,2-pointer,0,81-112,'NYK',trails
240,240,240,200212020NYK,29.9,9.9,4th quarter,6:02.0,Jumaine Jones,CLE,False,2-pointer,8,81-113,'NYK',trails
241,241,241,200212020NYK,24.0,5.0,4th quarter,5:45.0,Dajuan Wagner,CLE,False,2-pointer,0,81-113,'NYK',trails
242,242,242,200212020NYK,31.9,11.6,4th quarter,5:23.0,DeSagana Diop,CLE,True,2-pointer,10,83-115,'NYK',trails
243,243,243,200212020NYK,9.1,25.2,4th quarter,3:56.0,Smush Parker,CLE,False,3-pointer,25,85-118,'NYK',trails
244,244,244,200212020NYK,16.6,5.0,4th quarter,3:17.0,Dajuan Wagner,CLE,False,2-pointer,7,85-120,'NYK',trails
245,245,245,200212020NYK,47.2,5.5,4th quarter,2:50.0,Dajuan Wagner,CLE,False,3-pointer,23,85-121,'NYK',trails
246,246,246,200212020NYK,35.5,27.9,4th quarter,2:44.0,Jumaine Jones,CLE,True,3-pointer,26,88-121,'NYK',trails
247,247,247,200212020NYK,34.3,27.5,4th quarter,2:16.0,Jumaine Jones,CLE,True,3-pointer,25,91-121,'NYK',trails
248,248,248,200212020NYK,19.6,7.5,4th quarter,1:16.0,Michael Stewart,CLE,True,2-pointer,5,93-123,'NYK',trails
249,249,249,200212020NYK,34.3,28.7,4th quarter,0:44.7,Jumaine Jones,CLE,False,3-pointer,26,93-123,'NYK',trails
250,250,250,200212020NYK,10.2,16.7,4th quarter,0:05.3,Jumaine Jones,CLE,False,2-pointer,18,93-125,'NYK',trails
251,251,251,200212020NYK,31.5,21.4,1st quarter,11:18.0,Kurt Thomas,NYK,False,2-pointer,18,0-2,'NYK',trails
252,252,252,200212020NYK,12.8,14.2,1st quarter,11:15.0,Kurt Thomas,NYK,True,2-pointer,14,2-2,'NYK',tied
253,253,253,200212020NYK,38.4,12.2,1st quarter,10:11.0,Latrell Sprewell,NYK,True,2-pointer,16,4-4,'NYK',tied
254,254,254,200212020NYK,24.0,20.0,1st quarter,9:07.0,Allan Houston,NYK,True,2-pointer,15,8-4,'NYK',leads
255,255,255,200212020NYK,15.6,16.5,1st quarter,8:28.0,Latrell Sprewell,NYK,False,2-pointer,14,8-7,'NYK',leads
256,256,256,200212020NYK,12.5,18.5,1st quarter,7:59.0,Kurt Thomas,NYK,False,2-pointer,18,8-9,'NYK',trails
257,257,257,200212020NYK,15.3,9.5,1st quarter,7:11.0,Allan Houston,NYK,True,2-pointer,10,10-11,'NYK',trails
258,258,258,200212020NYK,25.1,18.8,1st quarter,6:15.0,Kurt Thomas,NYK,True,2-pointer,14,12-13,'NYK',trails
259,259,259,200212020NYK,24.0,5.0,1st quarter,5:53.0,Clarence Weatherspoon,NYK,False,2-pointer,0,12-14,'NYK',trails
260,260,260,200212020NYK,24.0,5.0,1st quarter,5:50.0,Kurt Thomas,NYK,True,2-pointer,0,14-14,'NYK',tied
261,261,261,200212020NYK,20.6,26.7,1st quarter,5:09.0,Howard Eisley,NYK,False,2-pointer,22,14-14,'NYK',tied
262,262,262,200212020NYK,14.6,20.5,1st quarter,4:31.0,Kurt Thomas,NYK,True,2-pointer,18,16-14,'NYK',leads
263,263,263,200212020NYK,5.9,5.8,1st quarter,4:03.0,Clarence Weatherspoon,NYK,True,2-pointer,18,18-14,'NYK',leads
264,264,264,200212020NYK,1.3,9.1,1st quarter,3:26.0,Latrell Sprewell,NYK,True,3-pointer,23,21-14,'NYK',leads
265,265,265,200212020NYK,46.7,10.9,1st quarter,2:45.0,Latrell Sprewell,NYK,True,3-pointer,23,24-16,'NYK',leads
266,266,266,200212020NYK,33.0,11.9,1st quarter,2:13.0,Allan Houston,NYK,True,2-pointer,11,26-16,'NYK',leads
267,267,267,200212020NYK,36.5,26.7,1st quarter,1:46.0,Latrell Sprewell,NYK,False,3-pointer,25,26-16,'NYK',leads
268,268,268,200212020NYK,6.6,7.9,1st quarter,1:20.0,Allan Houston,NYK,False,2-pointer,18,26-18,'NYK',leads
269,269,269,200212020NYK,36.6,27.4,1st quarter,1:15.0,Howard Eisley,NYK,False,3-pointer,26,26-18,'NYK',leads
270,270,270,200212020NYK,35.3,9.0,1st quarter,0:41.4,Allan Houston,NYK,True,2-pointer,12,28-18,'NYK',leads
271,271,271,200212020NYK,24.0,5.0,1st quarter,0:06.5,Clarence Weatherspoon,NYK,False,2-pointer,0,28-18,'NYK',leads
272,272,272,200212020NYK,47.6,4.2,2nd quarter,11:40.0,Shandon Anderson,NYK,True,3-pointer,24,31-19,'NYK',leads
273,273,273,200212020NYK,24.0,5.0,2nd quarter,11:09.0,Charlie Ward,NYK,True,2-pointer,0,33-19,'NYK',leads
274,274,274,200212020NYK,24.0,5.0,2nd quarter,10:35.0,Clarence Weatherspoon,NYK,False,2-pointer,0,33-19,'NYK',leads
275,275,275,200212020NYK,24.0,5.0,2nd quarter,10:33.0,Kurt Thomas,NYK,True,2-pointer,0,35-19,'NYK',leads
276,276,276,200212020NYK,34.3,7.5,2nd quarter,10:16.0,Shandon Anderson,NYK,False,2-pointer,11,35-19,'NYK',leads
277,277,277,200212020NYK,38.9,26.4,2nd quarter,9:52.0,Allan Houston,NYK,False,3-pointer,26,37-19,'NYK',leads
278,278,278,200212020NYK,16.6,19.1,2nd quarter,9:23.0,Kurt Thomas,NYK,True,2-pointer,16,39-21,'NYK',leads
279,279,279,200212020NYK,18.1,5.5,2nd quarter,8:23.0,Kurt Thomas,NYK,True,2-pointer,6,43-23,'NYK',leads
280,280,280,200212020NYK,24.0,5.0,2nd quarter,7:29.0,Lee Nailon,NYK,True,2-pointer,0,46-26,'NYK',leads
281,281,281,200212020NYK,24.0,5.0,2nd quarter,7:07.0,Shandon Anderson,NYK,True,2-pointer,0,48-26,'NYK',leads
282,282,282,200212020NYK,5.6,3.9,2nd quarter,6:01.0,Lee Nailon,NYK,False,2-pointer,18,50-26,'NYK',leads
283,283,283,200212020NYK,37.1,14.1,2nd quarter,4:55.0,Michael Doleac,NYK,True,2-pointer,16,54-28,'NYK',leads
284,284,284,200212020NYK,29.9,23.7,2nd quarter,3:55.0,Kurt Thomas,NYK,False,2-pointer,20,55-32,'NYK',leads
285,285,285,200212020NYK,15.0,13.1,2nd quarter,3:38.0,Latrell Sprewell,NYK,True,2-pointer,12,57-32,'NYK',leads
286,286,286,200212020NYK,24.0,5.0,2nd quarter,3:12.0,Latrell Sprewell,NYK,False,2-pointer,0,57-32,'NYK',leads
287,287,287,200212020NYK,24.0,5.0,2nd quarter,2:06.0,Shandon Anderson,NYK,True,2-pointer,0,59-36,'NYK',leads
288,288,288,200212020NYK,24.0,5.0,2nd quarter,1:38.0,Latrell Sprewell,NYK,True,2-pointer,0,61-36,'NYK',leads
289,289,289,200212020NYK,29.2,25.1,2nd quarter,1:13.0,Travis Knight,NYK,False,2-pointer,21,61-38,'NYK',leads
290,290,290,200212020NYK,24.0,5.0,2nd quarter,1:02.0,Lee Nailon,NYK,True,2-pointer,0,63-38,'NYK',leads
291,291,291,200212020NYK,19.2,24.2,2nd quarter,0:29.6,Travis Knight,NYK,False,2-pointer,20,63-38,'NYK',leads
292,292,292,200212020NYK,11.5,26.4,3rd quarter,11:43.0,Allan Houston,NYK,False,3-pointer,25,65-38,'NYK',leads
293,293,293,200212020NYK,24.0,5.0,3rd quarter,11:41.0,Othella Harrington,NYK,True,2-pointer,0,67-38,'NYK',leads
294,294,294,200212020NYK,14.1,19.8,3rd quarter,11:22.0,Latrell Sprewell,NYK,False,2-pointer,18,67-38,'NYK',leads
295,295,295,200212020NYK,38.0,25.6,3rd quarter,10:47.0,Allan Houston,NYK,True,3-pointer,25,70-40,'NYK',leads
296,296,296,200212020NYK,47.6,3.7,3rd quarter,10:05.0,Allan Houston,NYK,True,3-pointer,24,73-42,'NYK',leads
297,297,297,200212020NYK,26.3,8.3,3rd quarter,9:38.0,Kurt Thomas,NYK,True,2-pointer,4,75-44,'NYK',leads
298,298,298,200212020NYK,46.5,5.8,3rd quarter,9:08.0,Latrell Sprewell,NYK,False,3-pointer,23,75-44,'NYK',leads
299,299,299,200212020NYK,10.5,25.9,3rd quarter,8:05.0,Howard Eisley,NYK,True,3-pointer,25,78-48,'NYK',leads
300,300,300,200212020NYK,46.7,6.3,3rd quarter,7:42.0,Allan Houston,NYK,True,3-pointer,23,81-50,'NYK',leads
301,301,301,200212020NYK,32.9,27.4,3rd quarter,6:59.0,Howard Eisley,NYK,True,3-pointer,24,84-52,'NYK',leads
302,302,302,200212020NYK,8.6,17.8,3rd quarter,6:18.0,Latrell Sprewell,NYK,False,2-pointer,20,84-54,'NYK',leads
303,303,303,200212020NYK,47.0,6.2,3rd quarter,5:47.0,Allan Houston,NYK,True,3-pointer,23,87-56,'NYK',leads
304,304,304,200212020NYK,14.1,19.3,3rd quarter,5:15.0,Kurt Thomas,NYK,True,2-pointer,17,89-59,'NYK',leads
305,305,305,200212020NYK,31.9,28.7,3rd quarter,4:51.0,Allan Houston,NYK,False,3-pointer,25,89-59,'NYK',leads
306,306,306,200212020NYK,32.2,27.9,3rd quarter,4:47.0,Allan Houston,NYK,False,3-pointer,24,89-59,'NYK',leads
307,307,307,200212020NYK,35.0,10.9,3rd quarter,4:28.0,Othella Harrington,NYK,True,2-pointer,12,91-61,'NYK',leads
308,308,308,200212020NYK,24.8,10.9,3rd quarter,3:51.0,Kurt Thomas,NYK,True,2-pointer,6,93-63,'NYK',leads
309,309,309,200212020NYK,17.8,8.1,3rd quarter,2:59.0,Kurt Thomas,NYK,True,2-pointer,7,97-63,'NYK',leads
310,310,310,200212020NYK,9.2,6.0,3rd quarter,2:31.0,Kurt Thomas,NYK,False,2-pointer,15,97-63,'NYK',leads
311,311,311,200212020NYK,24.0,5.0,3rd quarter,2:12.0,Howard Eisley,NYK,False,2-pointer,0,97-65,'NYK',leads
312,312,312,200212020NYK,24.0,5.0,3rd quarter,1:42.0,Clarence Weatherspoon,NYK,True,2-pointer,0,99-67,'NYK',leads
313,313,313,200212020NYK,32.5,9.0,3rd quarter,1:08.0,Othella Harrington,NYK,False,2-pointer,9,99-69,'NYK',leads
314,314,314,200212020NYK,6.9,24.4,4th quarter,11:40.0,Allan Houston,NYK,True,3-pointer,26,102-71,'NYK',leads
315,315,315,200212020NYK,11.0,14.4,4th quarter,11:15.0,Othella Harrington,NYK,False,2-pointer,16,102-71,'NYK',leads
316,316,316,200212020NYK,8.1,25.2,4th quarter,11:07.0,Allan Houston,NYK,False,3-pointer,26,102-71,'NYK',leads
317,317,317,200212020NYK,25.1,9.5,4th quarter,10:21.0,Othella Harrington,NYK,True,2-pointer,5,106-73,'NYK',leads
318,318,318,200212020NYK,16.6,4.9,4th quarter,9:52.0,Charlie Ward,NYK,False,2-pointer,7,106-73,'NYK',leads
319,319,319,200212020NYK,8.6,25.2,4th quarter,8:47.0,Charlie Ward,NYK,False,3-pointer,25,110-75,'NYK',leads
320,320,320,200212020NYK,19.9,29.8,4th quarter,7:58.0,Charlie Ward,NYK,False,3-pointer,25,110-77,'NYK',leads
321,321,321,200212020NYK,37.3,3.9,4th quarter,7:30.0,Lavor Postell,NYK,True,2-pointer,13,112-79,'NYK',leads
322,322,322,200212020NYK,38.4,24.9,4th quarter,7:10.0,Lavor Postell,NYK,False,3-pointer,25,112-79,'NYK',leads
323,323,323,200212020NYK,24.0,5.0,4th quarter,6:58.0,Clarence Weatherspoon,NYK,False,2-pointer,0,112-79,'NYK',leads
324,324,324,200212020NYK,25.0,10.3,4th quarter,6:34.0,Lee Nailon,NYK,False,2-pointer,5,112-81,'NYK',leads
325,325,325,200212020NYK,24.0,5.0,4th quarter,6:30.0,Lee Nailon,NYK,False,2-pointer,0,112-81,'NYK',leads
326,326,326,200212020NYK,37.3,10.4,4th quarter,5:37.0,Michael Doleac,NYK,True,2-pointer,14,115-81,'NYK',leads
327,327,327,200212020NYK,24.0,5.0,4th quarter,5:05.0,Michael Doleac,NYK,True,2-pointer,0,117-83,'NYK',leads
328,328,328,200212020NYK,4.0,10.6,4th quarter,4:31.0,Charlie Ward,NYK,False,2-pointer,21,117-85,'NYK',leads
329,329,329,200212020NYK,24.0,5.0,4th quarter,3:46.0,Michael Doleac,NYK,True,2-pointer,0,120-85,'NYK',leads
330,330,330,200212020NYK,36.5,18.3,4th quarter,2:00.0,Lavor Postell,NYK,False,2-pointer,18,121-91,'NYK',leads
331,331,331,200212020NYK,20.6,9.6,4th quarter,1:28.0,Lavor Postell,NYK,True,2-pointer,6,123-91,'NYK',leads
332,332,332,200212020NYK,47.8,4.9,4th quarter,0:56.6,Lavor Postell,NYK,False,3-pointer,24,123-93,'NYK',leads
333,333,333,200212020NYK,18.4,6.0,4th quarter,0:26.7,Lee Nailon,NYK,False,2-pointer,6,123-93,'NYK',leads
334,334,334,200212020NYK,24.0,5.0,4th quarter,0:25.0,Michael Doleac,NYK,True,2-pointer,0,125-93,'NYK',leads
335,335,335,200212020ORL,16.8,11.6,1st quarter,11:43.0,Antoine Walker,BOS,True,2-pointer,10,2-0,'BOS',leads
336,336,336,200212020ORL,15.1,3.6,1st quarter,10:49.0,Antoine Walker,BOS,False,2-pointer,9,2-3,'BOS',trails
337,337,337,200212020ORL,8.6,25.2,1st quarter,10:33.0,Paul Pierce,BOS,False,3-pointer,25,2-3,'BOS',trails
338,338,338,200212020ORL,24.0,5.0,1st quarter,9:49.0,Paul Pierce,BOS,False,2-pointer,0,4-5,'BOS',trails
339,339,339,200212020ORL,21.7,9.5,1st quarter,9:39.0,Paul Pierce,BOS,True,2-pointer,5,6-5,'BOS',leads
340,340,340,200212020ORL,1.0,4.5,1st quarter,8:46.0,Walter McCarty,BOS,False,3-pointer,23,6-7,'BOS',trails
341,341,341,200212020ORL,23.5,26.4,1st quarter,8:14.0,Tony Delk,BOS,True,2-pointer,21,8-9,'BOS',trails
342,342,342,200212020ORL,24.0,5.0,1st quarter,7:12.0,Walter McCarty,BOS,True,2-pointer,0,10-9,'BOS',leads
343,343,343,200212020ORL,24.6,27.2,1st quarter,6:38.0,Tony Battie,BOS,False,2-pointer,22,10-11,'BOS',trails
344,344,344,200212020ORL,24.0,5.0,1st quarter,6:16.0,Paul Pierce,BOS,True,2-pointer,0,12-11,'BOS',leads
345,345,345,200212020ORL,37.5,25.9,1st quarter,5:42.0,Tony Delk,BOS,False,3-pointer,25,12-13,'BOS',trails
346,346,346,200212020ORL,1.0,4.4,1st quarter,5:09.0,Tony Delk,BOS,False,3-pointer,23,12-13,'BOS',trails
347,347,347,200212020ORL,24.0,5.0,1st quarter,4:17.0,Antoine Walker,BOS,False,2-pointer,0,12-15,'BOS',trails
348,348,348,200212020ORL,24.0,5.0,1st quarter,4:14.0,Paul Pierce,BOS,False,2-pointer,0,12-15,'BOS',trails
349,349,349,200212020ORL,24.0,5.0,1st quarter,4:11.0,Antoine Walker,BOS,False,2-pointer,0,12-15,'BOS',trails
350,350,350,200212020ORL,46.2,16.2,1st quarter,4:04.0,Walter McCarty,BOS,True,3-pointer,25,15-15,'BOS',tied
351,351,351,200212020ORL,42.6,14.9,1st quarter,3:40.0,Shammond Williams,BOS,False,2-pointer,21,15-15,'BOS',tied
352,352,352,200212020ORL,31.5,18.8,1st quarter,3:04.0,Shammond Williams,BOS,True,2-pointer,16,17-17,'BOS',tied
353,353,353,200212020ORL,24.0,5.0,1st quarter,2:29.0,Antoine Walker,BOS,True,2-pointer,0,19-17,'BOS',leads
354,354,354,200212020ORL,38.3,25.9,1st quarter,0:58.6,Paul Pierce,BOS,False,3-pointer,25,21-21,'BOS',tied
355,355,355,200212020ORL,24.0,5.0,1st quarter,0:35.5,Walter McCarty,BOS,False,2-pointer,0,21-21,'BOS',tied
356,356,356,200212020ORL,24.0,5.0,1st quarter,0:31.3,Paul Pierce,BOS,True,2-pointer,0,23-21,'BOS',leads
357,357,357,200212020ORL,7.6,19.6,2nd quarter,11:26.0,Eric Williams,BOS,True,2-pointer,22,27-25,'BOS',leads
358,358,358,200212020ORL,24.0,5.0,2nd quarter,10:17.0,Antoine Walker,BOS,True,2-pointer,0,30-25,'BOS',leads
359,359,359,200212020ORL,22.5,25.2,2nd quarter,9:48.0,Shammond Williams,BOS,False,2-pointer,20,30-25,'BOS',leads
360,360,360,200212020ORL,24.0,5.0,2nd quarter,9:44.0,Eric Williams,BOS,True,2-pointer,0,32-25,'BOS',leads
361,361,361,200212020ORL,23.2,11.3,2nd quarter,9:21.0,Eric Williams,BOS,True,2-pointer,6,34-25,'BOS',leads
362,362,362,200212020ORL,22.4,20.5,2nd quarter,9:02.0,Tony Delk,BOS,False,2-pointer,16,34-25,'BOS',leads
363,363,363,200212020ORL,18.4,24.1,2nd quarter,8:07.0,Tony Battie,BOS,False,2-pointer,20,34-29,'BOS',leads
364,364,364,200212020ORL,7.9,20.3,2nd quarter,7:37.0,Paul Pierce,BOS,False,2-pointer,22,34-29,'BOS',leads
365,365,365,200212020ORL,34.8,27.5,2nd quarter,7:17.0,Antoine Walker,BOS,False,3-pointer,25,34-29,'BOS',leads
366,366,366,200212020ORL,24.0,5.0,2nd quarter,6:15.0,Walter McCarty,BOS,True,2-pointer,0,36-33,'BOS',leads
367,367,367,200212020ORL,24.0,5.0,2nd quarter,5:31.0,Paul Pierce,BOS,False,2-pointer,0,36-35,'BOS',leads
368,368,368,200212020ORL,24.0,5.0,2nd quarter,4:38.0,Tony Battie,BOS,True,2-pointer,0,39-38,'BOS',leads
369,369,369,200212020ORL,31.4,23.7,2nd quarter,3:54.0,Tony Battie,BOS,False,2-pointer,20,39-41,'BOS',trails
370,370,370,200212020ORL,4.0,22.6,2nd quarter,3:47.0,Antoine Walker,BOS,False,3-pointer,27,39-41,'BOS',trails
371,371,371,200212020ORL,14.6,13.2,2nd quarter,3:15.0,Antoine Walker,BOS,False,2-pointer,12,39-43,'BOS',trails
372,372,372,200212020ORL,9.2,9.8,2nd quarter,2:36.0,Tony Delk,BOS,True,2-pointer,16,41-43,'BOS',trails
373,373,373,200212020ORL,24.0,5.0,2nd quarter,2:08.0,Paul Pierce,BOS,False,2-pointer,0,41-43,'BOS',trails
374,374,374,200212020ORL,24.0,5.0,2nd quarter,1:49.0,Shammond Williams,BOS,True,2-pointer,0,43-43,'BOS',tied
375,375,375,200212020ORL,6.4,26.2,2nd quarter,1:20.0,Walter McCarty,BOS,False,3-pointer,28,43-46,'BOS',trails
376,376,376,200212020ORL,13.8,5.0,2nd quarter,0:49.4,Antoine Walker,BOS,True,2-pointer,10,45-48,'BOS',trails
377,377,377,200212020ORL,5.6,5.2,2nd quarter,0:20.7,Eric Williams,BOS,False,2-pointer,18,45-48,'BOS',trails
378,378,378,200212020ORL,24.0,5.0,3rd quarter,11:20.0,Paul Pierce,BOS,False,2-pointer,0,45-50,'BOS',trails
379,379,379,200212020ORL,32.7,28.3,3rd quarter,10:50.0,Paul Pierce,BOS,True,3-pointer,25,48-53,'BOS',trails
380,380,380,200212020ORL,22.5,26.9,3rd quarter,10:23.0,Paul Pierce,BOS,True,2-pointer,22,50-53,'BOS',trails
381,381,381,200212020ORL,24.0,5.0,3rd quarter,9:20.0,Tony Delk,BOS,True,2-pointer,0,52-54,'BOS',trails
382,382,382,200212020ORL,6.6,24.7,3rd quarter,8:52.0,Antoine Walker,BOS,True,3-pointer,26,55-57,'BOS',trails
383,383,383,200212020ORL,47.6,4.9,3rd quarter,8:17.0,Tony Delk,BOS,True,3-pointer,24,58-60,'BOS',trails
384,384,384,200212020ORL,24.0,5.0,3rd quarter,7:42.0,Eric Williams,BOS,True,2-pointer,0,60-61,'BOS',trails
385,385,385,200212020ORL,24.0,5.0,3rd quarter,7:08.0,Eric Williams,BOS,True,2-pointer,0,62-63,'BOS',trails
386,386,386,200212020ORL,23.0,30.0,3rd quarter,6:11.0,Paul Pierce,BOS,False,3-pointer,25,63-66,'BOS',trails
387,387,387,200212020ORL,24.0,9.3,3rd quarter,6:04.0,Vin Baker,BOS,True,2-pointer,4,65-66,'BOS',trails
388,388,388,200212020ORL,24.8,21.3,3rd quarter,5:34.0,Antoine Walker,BOS,True,2-pointer,16,67-66,'BOS',leads
389,389,389,200212020ORL,41.2,10.9,3rd quarter,4:37.0,Paul Pierce,BOS,True,2-pointer,18,71-67,'BOS',leads
390,390,390,200212020ORL,26.3,30.3,3rd quarter,3:59.0,Shammond Williams,BOS,False,3-pointer,25,71-70,'BOS',leads
391,391,391,200212020ORL,40.9,24.7,3rd quarter,3:36.0,Shammond Williams,BOS,True,3-pointer,26,74-70,'BOS',leads
392,392,392,200212020ORL,41.2,4.7,3rd quarter,2:59.0,Antoine Walker,BOS,False,2-pointer,17,74-70,'BOS',leads
393,393,393,200212020ORL,24.0,9.3,3rd quarter,2:56.0,Vin Baker,BOS,True,2-pointer,4,76-70,'BOS',leads
394,394,394,200212020ORL,42.9,4.2,3rd quarter,2:12.0,Paul Pierce,BOS,False,2-pointer,19,76-72,'BOS',leads
395,395,395,200212020ORL,47.2,4.2,3rd quarter,1:00.0,Walter McCarty,BOS,False,3-pointer,23,78-75,'BOS',leads
396,396,396,200212020ORL,42.2,13.6,4th quarter,11:38.0,Shammond Williams,BOS,True,2-pointer,20,83-75,'BOS',leads
397,397,397,200212020ORL,14.3,27.7,4th quarter,10:57.0,Antoine Walker,BOS,False,3-pointer,25,83-77,'BOS',leads
398,398,398,200212020ORL,24.0,5.0,4th quarter,10:23.0,Walter McCarty,BOS,False,2-pointer,0,83-77,'BOS',leads
399,399,399,200212020ORL,40.1,14.9,4th quarter,9:54.0,Paul Pierce,BOS,False,2-pointer,19,83-77,'BOS',leads
400,400,400,200212020ORL,24.0,5.0,4th quarter,8:48.0,Paul Pierce,BOS,True,2-pointer,0,85-79,'BOS',leads
401,401,401,200212020ORL,24.0,5.0,4th quarter,8:12.0,Walter McCarty,BOS,False,2-pointer,0,85-81,'BOS',leads
402,402,402,200212020ORL,29.1,30.0,4th quarter,7:49.0,Shammond Williams,BOS,False,3-pointer,26,85-83,'BOS',leads
403,403,403,200212020ORL,9.2,24.6,4th quarter,6:39.0,Antoine Walker,BOS,True,3-pointer,25,89-87,'BOS',leads
404,404,404,200212020ORL,11.4,9.9,4th quarter,5:53.0,Antoine Walker,BOS,False,2-pointer,14,89-89,'BOS',tied
405,405,405,200212020ORL,0.7,3.1,4th quarter,5:22.0,Eric Williams,BOS,True,3-pointer,23,92-89,'BOS',leads
406,406,406,200212020ORL,24.0,5.0,4th quarter,4:55.0,Paul Pierce,BOS,False,2-pointer,0,92-92,'BOS',tied
407,407,407,200212020ORL,34.2,12.2,4th quarter,4:28.0,Eric Williams,BOS,False,2-pointer,12,92-92,'BOS',tied
408,408,408,200212020ORL,24.0,5.0,4th quarter,4:01.0,Eric Williams,BOS,True,2-pointer,0,94-93,'BOS',leads
409,409,409,200212020ORL,24.0,5.0,4th quarter,3:39.0,Antoine Walker,BOS,True,2-pointer,0,96-93,'BOS',leads
410,410,410,200212020ORL,1.5,5.8,4th quarter,2:57.0,Eric Williams,BOS,False,3-pointer,23,96-93,'BOS',leads
411,411,411,200212020ORL,14.6,21.6,4th quarter,2:20.0,Paul Pierce,BOS,False,2-pointer,19,96-95,'BOS',leads
412,412,412,200212020ORL,24.8,31.5,4th quarter,1:39.0,Antoine Walker,BOS,False,3-pointer,27,96-95,'BOS',leads
413,413,413,200212020ORL,22.2,25.7,4th quarter,0:39.5,Paul Pierce,BOS,False,2-pointer,21,98-95,'BOS',leads
414,414,414,200212020ORL,36.1,18.2,1st quarter,11:23.0,Tracy McGrady,ORL,False,2-pointer,18,0-2,'BOS',trails
415,415,415,200212020ORL,23.8,30.5,1st quarter,11:10.0,Tracy McGrady,ORL,True,3-pointer,26,3-2,'BOS',leads
416,416,416,200212020ORL,43.7,21.9,1st quarter,10:41.0,Tracy McGrady,ORL,False,3-pointer,26,3-2,'BOS',leads
417,417,417,200212020ORL,26.1,26.7,1st quarter,10:17.0,Mike Miller,ORL,True,2-pointer,22,5-4,'BOS',leads
418,418,418,200212020ORL,24.0,5.0,1st quarter,9:57.0,Grant Hill,ORL,False,2-pointer,0,5-4,'BOS',leads
419,419,419,200212020ORL,24.0,5.0,1st quarter,9:56.0,Pat Garrity,ORL,False,2-pointer,0,5-4,'BOS',leads
420,420,420,200212020ORL,10.5,20.3,1st quarter,9:26.0,Grant Hill,ORL,False,2-pointer,20,5-6,'BOS',trails
421,421,421,200212020ORL,24.0,5.0,1st quarter,9:12.0,Grant Hill,ORL,True,2-pointer,0,7-6,'BOS',leads
422,422,422,200212020ORL,22.9,28.0,1st quarter,8:27.0,Grant Hill,ORL,False,2-pointer,23,7-6,'BOS',leads
423,423,423,200212020ORL,24.0,5.0,1st quarter,8:24.0,Shawn Kemp,ORL,True,2-pointer,0,9-6,'BOS',leads
424,424,424,200212020ORL,24.0,5.0,1st quarter,7:57.0,Tracy McGrady,ORL,False,2-pointer,0,9-8,'BOS',leads
425,425,425,200212020ORL,42.9,11.4,1st quarter,7:35.0,Shawn Kemp,ORL,False,2-pointer,20,9-8,'BOS',leads
426,426,426,200212020ORL,24.0,5.0,1st quarter,7:02.0,Shawn Kemp,ORL,False,2-pointer,0,9-10,'BOS',trails
427,427,427,200212020ORL,7.6,17.2,1st quarter,6:55.0,Tracy McGrady,ORL,True,2-pointer,20,11-10,'BOS',leads
428,428,428,200212020ORL,47.5,4.9,1st quarter,6:26.0,Pat Garrity,ORL,False,3-pointer,24,11-10,'BOS',leads
429,429,429,200212020ORL,24.1,19.3,1st quarter,5:58.0,Grant Hill,ORL,True,2-pointer,14,13-12,'BOS',leads
430,430,430,200212020ORL,28.9,24.7,1st quarter,5:22.0,Tracy McGrady,ORL,False,2-pointer,20,13-12,'BOS',leads
431,431,431,200212020ORL,37.6,16.4,1st quarter,4:37.0,Mike Miller,ORL,True,2-pointer,18,15-12,'BOS',leads
432,432,432,200212020ORL,10.7,18.5,1st quarter,3:48.0,Mike Miller,ORL,False,2-pointer,19,15-15,'BOS',tied
433,433,433,200212020ORL,24.0,5.0,1st quarter,3:26.0,Shawn Kemp,ORL,True,2-pointer,0,17-15,'BOS',leads
434,434,434,200212020ORL,25.3,24.2,1st quarter,2:48.0,Pat Garrity,ORL,False,2-pointer,19,17-17,'BOS',tied
435,435,435,200212020ORL,5.8,23.9,1st quarter,2:34.0,Tracy McGrady,ORL,False,3-pointer,26,17-17,'BOS',tied
436,436,436,200212020ORL,33.8,27.4,1st quarter,2:20.0,Mike Miller,ORL,False,3-pointer,24,17-20,'BOS',trails
437,437,437,200212020ORL,24.0,5.0,1st quarter,2:16.0,Andrew DeClercq,ORL,False,2-pointer,0,17-20,'BOS',trails
438,438,438,200212020ORL,24.0,5.0,1st quarter,2:15.0,Andrew DeClercq,ORL,False,2-pointer,0,17-20,'BOS',trails
439,439,439,200212020ORL,24.0,5.0,1st quarter,1:44.0,Mike Miller,ORL,True,2-pointer,0,21-20,'BOS',leads
440,440,440,200212020ORL,37.3,17.8,1st quarter,1:21.0,Grant Hill,ORL,False,2-pointer,18,21-21,'BOS',tied
441,441,441,200212020ORL,36.6,20.3,1st quarter,0:46.5,Pat Burke,ORL,False,2-pointer,20,21-21,'BOS',tied
442,442,442,200212020ORL,1.7,6.8,1st quarter,0:00.9,Darrell Armstrong,ORL,False,3-pointer,22,23-25,'BOS',trails
443,443,443,200212020ORL,11.4,17.2,2nd quarter,11:46.0,Pat Burke,ORL,True,2-pointer,18,25-25,'BOS',tied
444,444,444,200212020ORL,10.9,15.0,2nd quarter,10:36.0,Pat Burke,ORL,False,2-pointer,16,25-28,'BOS',trails
445,445,445,200212020ORL,7.9,2.7,2nd quarter,10:05.0,Mike Miller,ORL,False,2-pointer,16,25-30,'BOS',trails
446,446,446,200212020ORL,24.0,26.0,2nd quarter,9:12.0,Pat Burke,ORL,False,2-pointer,21,25-34,'BOS',trails
447,447,447,200212020ORL,8.2,9.3,2nd quarter,8:51.0,Jacque Vaughn,ORL,True,2-pointer,16,27-34,'BOS',trails
448,448,448,200212020ORL,24.0,5.0,2nd quarter,7:51.0,Shawn Kemp,ORL,False,2-pointer,0,29-34,'BOS',trails
449,449,449,200212020ORL,1.3,6.2,2nd quarter,7:29.0,Darrell Armstrong,ORL,False,3-pointer,23,29-34,'BOS',trails
450,450,450,200212020ORL,4.6,3.4,2nd quarter,7:06.0,Jacque Vaughn,ORL,True,2-pointer,19,31-34,'BOS',trails
451,451,451,200212020ORL,24.0,5.0,2nd quarter,6:36.0,Tracy McGrady,ORL,True,2-pointer,0,33-34,'BOS',trails
452,452,452,200212020ORL,43.9,4.2,2nd quarter,5:50.0,Shawn Kemp,ORL,True,2-pointer,20,35-36,'BOS',trails
453,453,453,200212020ORL,12.3,28.0,2nd quarter,5:24.0,Tracy McGrady,ORL,True,3-pointer,26,38-36,'BOS',leads
454,454,454,200212020ORL,6.9,6.0,2nd quarter,4:52.0,Shawn Kemp,ORL,False,2-pointer,17,38-37,'BOS',leads
455,455,455,200212020ORL,1.3,7.3,2nd quarter,4:14.0,Darrell Armstrong,ORL,True,3-pointer,23,41-39,'BOS',leads
456,456,456,200212020ORL,24.0,5.0,2nd quarter,2:50.0,Shawn Kemp,ORL,False,2-pointer,0,43-39,'BOS',leads
457,457,457,200212020ORL,24.0,5.0,2nd quarter,2:47.0,Shawn Kemp,ORL,False,2-pointer,0,43-39,'BOS',leads
458,458,458,200212020ORL,24.0,5.0,2nd quarter,2:44.0,Shawn Kemp,ORL,False,2-pointer,0,43-39,'BOS',leads
459,459,459,200212020ORL,7.7,12.9,2nd quarter,2:19.0,Pat Garrity,ORL,False,2-pointer,18,43-41,'BOS',leads
460,460,460,200212020ORL,24.0,5.0,2nd quarter,1:37.0,Grant Hill,ORL,True,2-pointer,0,45-43,'BOS',leads
461,461,461,200212020ORL,24.0,5.0,2nd quarter,1:08.0,Shawn Kemp,ORL,True,2-pointer,0,48-43,'BOS',leads
462,462,462,200212020ORL,10.2,20.8,2nd quarter,0:03.7,Pat Garrity,ORL,False,2-pointer,21,48-45,'BOS',leads
463,463,463,200212020ORL,33.7,21.1,3rd quarter,11:46.0,Grant Hill,ORL,True,2-pointer,19,50-45,'BOS',leads
464,464,464,200212020ORL,20.7,31.1,3rd quarter,11:03.0,Tracy McGrady,ORL,True,3-pointer,26,53-45,'BOS',leads
465,465,465,200212020ORL,25.1,27.7,3rd quarter,10:32.0,Mike Miller,ORL,False,2-pointer,23,53-48,'BOS',leads
466,466,466,200212020ORL,35.2,20.6,3rd quarter,10:05.0,Grant Hill,ORL,False,2-pointer,19,53-50,'BOS',leads
467,467,467,200212020ORL,4.5,21.6,3rd quarter,9:36.0,Pat Garrity,ORL,False,3-pointer,26,53-50,'BOS',leads
468,468,468,200212020ORL,24.0,5.0,3rd quarter,9:06.0,Mike Miller,ORL,True,2-pointer,0,56-52,'BOS',leads
469,469,469,200212020ORL,24.0,5.0,3rd quarter,8:34.0,Mike Miller,ORL,True,2-pointer,0,59-55,'BOS',leads
470,470,470,200212020ORL,23.2,27.4,3rd quarter,7:27.0,Tracy McGrady,ORL,False,2-pointer,22,61-60,'BOS',leads
471,471,471,200212020ORL,11.7,27.2,3rd quarter,6:54.0,Pat Garrity,ORL,True,3-pointer,25,66-62,'BOS',leads
472,472,472,200212020ORL,24.3,25.7,3rd quarter,6:28.0,Mike Miller,ORL,False,2-pointer,21,66-63,'BOS',leads
473,473,473,200212020ORL,24.0,5.0,3rd quarter,5:49.0,Shawn Kemp,ORL,False,2-pointer,0,66-65,'BOS',leads
474,474,474,200212020ORL,41.6,25.2,3rd quarter,4:54.0,Darrell Armstrong,ORL,False,3-pointer,27,67-69,'BOS',trails
475,475,475,200212020ORL,12.7,28.2,3rd quarter,4:23.0,Pat Garrity,ORL,True,3-pointer,26,70-71,'BOS',trails
476,476,476,200212020ORL,10.4,17.0,3rd quarter,3:48.0,Tracy McGrady,ORL,False,2-pointer,18,70-71,'BOS',trails
477,477,477,200212020ORL,25.3,12.1,3rd quarter,3:14.0,Mike Miller,ORL,False,2-pointer,7,70-74,'BOS',trails
478,478,478,200212020ORL,24.5,10.3,3rd quarter,3:11.0,Mike Miller,ORL,False,2-pointer,5,70-74,'BOS',trails
479,479,479,200212020ORL,24.0,5.0,3rd quarter,3:10.0,Shawn Kemp,ORL,False,2-pointer,0,70-74,'BOS',trails
480,480,480,200212020ORL,7.9,7.5,3rd quarter,2:30.0,Tracy McGrady,ORL,True,2-pointer,16,72-76,'BOS',trails
481,481,481,200212020ORL,38.3,25.9,3rd quarter,2:00.0,Tracy McGrady,ORL,True,3-pointer,25,75-76,'BOS',trails
482,482,482,200212020ORL,6.6,4.7,3rd quarter,1:19.0,Pat Burke,ORL,False,2-pointer,17,75-78,'BOS',trails
483,483,483,200212020ORL,12.5,22.6,3rd quarter,0:52.9,Mike Miller,ORL,False,2-pointer,21,75-78,'BOS',trails
484,484,484,200212020ORL,41.7,4.4,3rd quarter,0:24.4,Tracy McGrady,ORL,False,2-pointer,18,75-79,'BOS',trails
485,485,485,200212020ORL,48.0,3.9,3rd quarter,0:02.7,Pat Garrity,ORL,False,3-pointer,24,75-81,'BOS',trails
486,486,486,200212020ORL,24.0,5.0,4th quarter,11:21.0,Grant Hill,ORL,True,2-pointer,0,77-83,'BOS',trails
487,487,487,200212020ORL,6.1,9.6,4th quarter,10:43.0,Grant Hill,ORL,False,2-pointer,18,77-83,'BOS',trails
488,488,488,200212020ORL,4.8,24.1,4th quarter,10:16.0,Tracy McGrady,ORL,False,3-pointer,27,77-83,'BOS',trails
489,489,489,200212020ORL,32.2,6.5,4th quarter,9:39.0,Grant Hill,ORL,True,2-pointer,8,79-83,'BOS',trails
490,490,490,200212020ORL,24.0,5.0,4th quarter,8:57.0,Grant Hill,ORL,False,2-pointer,0,79-83,'BOS',trails
491,491,491,200212020ORL,24.0,5.0,4th quarter,8:31.0,Tracy McGrady,ORL,True,2-pointer,0,81-85,'BOS',trails
492,492,492,200212020ORL,7.1,16.7,4th quarter,7:37.0,Mike Miller,ORL,True,2-pointer,21,85-85,'BOS',tied
493,493,493,200212020ORL,12.8,19.6,4th quarter,6:16.0,Grant Hill,ORL,True,2-pointer,18,89-89,'BOS',tied
494,494,494,200212020ORL,43.7,3.2,4th quarter,5:34.0,Tracy McGrady,ORL,False,2-pointer,20,89-89,'BOS',tied
495,495,495,200212020ORL,37.1,5.7,4th quarter,3:24.0,Grant Hill,ORL,False,2-pointer,13,93-96,'BOS',trails
496,496,496,200212020ORL,36.1,20.5,4th quarter,2:41.0,Tracy McGrady,ORL,True,2-pointer,20,95-96,'BOS',trails
497,497,497,200212020ORL,0.5,5.0,4th quarter,2:06.0,Darrell Armstrong,ORL,False,3-pointer,24,95-96,'BOS',trails
498,498,498,200212020ORL,24.0,25.4,4th quarter,0:59.6,Tracy McGrady,ORL,False,2-pointer,20,95-98,'BOS',trails
499,499,499,200212020ORL,24.0,5.0,4th quarter,0:14.1,Grant Hill,ORL,True,2-pointer,0,97-100,'BOS',trails
500,500,500,200212020ORL,18.3,33.0,4th quarter,0:10.6,Tracy McGrady,ORL,False,3-pointer,29,97-102,'BOS',trails
501,501,501,200212020ORL,6.9,24.7,4th quarter,0:00.0,Darrell Armstrong,ORL,False,3-pointer,26,97-102,'BOS',trails
502,502,502,200212020PHO,11.7,5.5,1st quarter,11:43.0,Eddie Jones,MIA,False,2-pointer,12,0-0,'MIA',tied
503,503,503,200212020PHO,13.0,6.2,1st quarter,11:03.0,Brian Grant,MIA,True,2-pointer,11,2-0,'MIA',leads
504,504,504,200212020PHO,24.0,5.0,1st quarter,10:28.0,Brian Grant,MIA,True,2-pointer,0,4-2,'MIA',leads
505,505,505,200212020PHO,24.0,5.0,1st quarter,9:48.0,Caron Butler,MIA,True,2-pointer,0,6-4,'MIA',leads
506,506,506,200212020PHO,24.0,5.0,1st quarter,9:14.0,Caron Butler,MIA,True,2-pointer,0,8-4,'MIA',leads
507,507,507,200212020PHO,43.4,20.6,1st quarter,8:40.0,Travis Best,MIA,False,3-pointer,25,8-7,'MIA',leads
508,508,508,200212020PHO,9.9,5.5,1st quarter,8:25.0,Caron Butler,MIA,True,2-pointer,14,10-7,'MIA',leads
509,509,509,200212020PHO,6.3,5.3,1st quarter,7:55.0,Caron Butler,MIA,True,2-pointer,18,12-9,'MIA',leads
510,510,510,200212020PHO,13.0,4.7,1st quarter,7:17.0,Malik Allen,MIA,False,2-pointer,11,12-11,'MIA',leads
511,511,511,200212020PHO,36.5,19.5,1st quarter,6:09.0,Malik Allen,MIA,False,2-pointer,19,14-14,'MIA',tied
512,512,512,200212020PHO,24.0,5.0,1st quarter,4:54.0,Eddie Jones,MIA,True,2-pointer,0,16-17,'MIA',trails
513,513,513,200212020PHO,44.9,3.1,1st quarter,4:21.0,Travis Best,MIA,False,2-pointer,21,16-19,'MIA',trails
514,514,514,200212020PHO,35.8,5.8,1st quarter,3:28.0,Eddie Jones,MIA,True,2-pointer,12,18-21,'MIA',trails
515,515,515,200212020PHO,7.6,5.5,1st quarter,2:56.0,Caron Butler,MIA,False,2-pointer,16,18-21,'MIA',trails
516,516,516,200212020PHO,42.1,22.4,1st quarter,2:49.0,Eddie Jones,MIA,True,3-pointer,25,21-21,'MIA',tied
517,517,517,200212020PHO,16.1,28.0,1st quarter,2:10.0,Travis Best,MIA,False,3-pointer,24,21-21,'MIA',tied
518,518,518,200212020PHO,14.5,23.6,1st quarter,1:43.0,Mike James,MIA,False,2-pointer,21,21-21,'MIA',tied
519,519,519,200212020PHO,7.7,7.2,1st quarter,0:52.2,Malik Allen,MIA,False,2-pointer,16,21-23,'MIA',trails
520,520,520,200212020PHO,27.1,13.7,1st quarter,0:49.2,Malik Allen,MIA,False,2-pointer,9,21-23,'MIA',trails
521,521,521,200212020PHO,24.0,5.0,1st quarter,0:47.2,Caron Butler,MIA,True,2-pointer,0,23-23,'MIA',tied
522,522,522,200212020PHO,13.5,26.7,2nd quarter,11:12.0,LaPhonso Ellis,MIA,False,3-pointer,24,23-27,'MIA',trails
523,523,523,200212020PHO,25.6,8.5,2nd quarter,10:44.0,Mike James,MIA,False,2-pointer,4,23-27,'MIA',trails
524,524,524,200212020PHO,24.0,5.0,2nd quarter,10:43.0,Mike James,MIA,True,2-pointer,0,25-27,'MIA',trails
525,525,525,200212020PHO,38.1,5.5,2nd quarter,10:17.0,Brian Grant,MIA,False,2-pointer,14,25-29,'MIA',trails
526,526,526,200212020PHO,24.0,5.0,2nd quarter,10:13.0,Brian Grant,MIA,False,2-pointer,0,25-29,'MIA',trails
527,527,527,200212020PHO,24.0,5.0,2nd quarter,10:11.0,LaPhonso Ellis,MIA,True,2-pointer,0,27-29,'MIA',trails
528,528,528,200212020PHO,26.0,22.3,2nd quarter,9:37.0,Eddie House,MIA,True,2-pointer,17,29-29,'MIA',tied
529,529,529,200212020PHO,8.2,5.0,2nd quarter,8:48.0,Brian Grant,MIA,True,2-pointer,16,31-31,'MIA',tied
530,530,530,200212020PHO,0.3,4.7,2nd quarter,8:13.0,LaPhonso Ellis,MIA,False,3-pointer,24,31-33,'MIA',trails
531,531,531,200212020PHO,23.4,11.1,2nd quarter,7:30.0,Caron Butler,MIA,False,2-pointer,6,31-35,'MIA',trails
532,532,532,200212020PHO,1.2,5.3,2nd quarter,6:42.0,Eddie House,MIA,False,3-pointer,23,31-36,'MIA',trails
533,533,533,200212020PHO,24.0,5.0,2nd quarter,6:39.0,Eddie House,MIA,True,2-pointer,0,33-36,'MIA',trails
534,534,534,200212020PHO,43.7,16.5,2nd quarter,5:57.0,Eddie Jones,MIA,False,2-pointer,23,33-36,'MIA',trails
535,535,535,200212020PHO,24.0,5.0,2nd quarter,5:45.0,Mike James,MIA,True,2-pointer,0,35-36,'MIA',trails
536,536,536,200212020PHO,5.8,4.1,2nd quarter,5:09.0,Eddie Jones,MIA,False,2-pointer,18,35-36,'MIA',trails
537,537,537,200212020PHO,37.8,5.5,2nd quarter,5:03.0,Eddie House,MIA,False,2-pointer,14,35-36,'MIA',trails
538,538,538,200212020PHO,27.9,14.5,2nd quarter,4:44.0,LaPhonso Ellis,MIA,False,2-pointer,10,35-36,'MIA',trails
539,539,539,200212020PHO,18.9,28.5,2nd quarter,4:11.0,Mike James,MIA,True,3-pointer,24,38-38,'MIA',tied
540,540,540,200212020PHO,24.0,5.0,2nd quarter,3:29.0,Mike James,MIA,False,2-pointer,0,38-40,'MIA',trails
541,541,541,200212020PHO,41.9,4.9,2nd quarter,2:57.0,Malik Allen,MIA,False,2-pointer,18,38-40,'MIA',trails
542,542,542,200212020PHO,26.8,9.8,2nd quarter,2:18.0,Eddie House,MIA,False,2-pointer,6,38-42,'MIA',trails
543,543,543,200212020PHO,39.8,8.1,2nd quarter,0:46.3,Caron Butler,MIA,False,2-pointer,16,39-44,'MIA',trails
544,544,544,200212020PHO,24.0,5.0,2nd quarter,0:45.7,Brian Grant,MIA,True,2-pointer,0,41-44,'MIA',trails
545,545,545,200212020PHO,0.8,3.6,2nd quarter,0:13.7,Eddie Jones,MIA,False,3-pointer,23,41-44,'MIA',trails
546,546,546,200212020PHO,42.2,6.0,3rd quarter,11:16.0,Brian Grant,MIA,True,2-pointer,18,43-46,'MIA',trails
547,547,547,200212020PHO,1.3,3.2,3rd quarter,10:57.0,Eddie Jones,MIA,True,3-pointer,23,46-48,'MIA',trails
548,548,548,200212020PHO,10.5,2.6,3rd quarter,10:09.0,Eddie Jones,MIA,True,2-pointer,14,48-48,'MIA',tied
549,549,549,200212020PHO,24.0,5.0,3rd quarter,9:35.0,Malik Allen,MIA,False,2-pointer,0,48-48,'MIA',tied
550,550,550,200212020PHO,1.5,3.1,3rd quarter,9:32.0,Eddie Jones,MIA,True,3-pointer,23,51-48,'MIA',leads
551,551,551,200212020PHO,11.5,12.4,3rd quarter,8:24.0,Caron Butler,MIA,True,2-pointer,15,55-50,'MIA',leads
552,552,552,200212020PHO,9.5,4.7,3rd quarter,7:43.0,Caron Butler,MIA,False,2-pointer,15,55-52,'MIA',leads
553,553,553,200212020PHO,13.5,20.8,3rd quarter,7:35.0,Travis Best,MIA,False,2-pointer,19,55-52,'MIA',leads
554,554,554,200212020PHO,45.0,8.8,3rd quarter,6:51.0,Travis Best,MIA,False,2-pointer,21,55-52,'MIA',leads
555,555,555,200212020PHO,43.7,4.7,3rd quarter,6:14.0,Brian Grant,MIA,False,2-pointer,20,55-54,'MIA',leads
556,556,556,200212020PHO,24.0,5.0,3rd quarter,5:38.0,Travis Best,MIA,False,2-pointer,0,55-54,'MIA',leads
557,557,557,200212020PHO,24.0,5.0,3rd quarter,5:14.0,Eddie Jones,MIA,False,2-pointer,0,55-54,'MIA',leads
558,558,558,200212020PHO,25.5,29.5,3rd quarter,4:33.0,Mike James,MIA,False,3-pointer,25,55-56,'MIA',trails
559,559,559,200212020PHO,47.6,3.7,3rd quarter,4:02.0,LaPhonso Ellis,MIA,False,3-pointer,24,55-58,'MIA',trails
560,560,560,200212020PHO,47.0,4.1,3rd quarter,3:26.0,Eddie Jones,MIA,False,3-pointer,23,55-61,'MIA',trails
561,561,561,200212020PHO,24.0,5.0,3rd quarter,2:03.0,Eddie Jones,MIA,False,2-pointer,0,55-66,'MIA',trails
562,562,562,200212020PHO,47.5,4.4,3rd quarter,1:28.0,LaPhonso Ellis,MIA,True,3-pointer,24,58-68,'MIA',trails
563,563,563,200212020PHO,30.9,28.7,3rd quarter,0:12.0,Mike James,MIA,True,3-pointer,25,63-68,'MIA',trails
564,564,564,200212020PHO,40.9,11.3,4th quarter,11:48.0,LaPhonso Ellis,MIA,False,2-pointer,18,63-68,'MIA',trails
565,565,565,200212020PHO,38.0,20.8,4th quarter,11:18.0,Eddie House,MIA,False,2-pointer,21,63-68,'MIA',trails
566,566,566,200212020PHO,48.0,4.2,4th quarter,10:40.0,Eddie House,MIA,True,3-pointer,24,66-68,'MIA',trails
567,567,567,200212020PHO,15.1,27.7,4th quarter,9:28.0,Mike James,MIA,False,3-pointer,24,66-68,'MIA',trails
568,568,568,200212020PHO,5.8,4.2,4th quarter,7:30.0,Caron Butler,MIA,False,2-pointer,18,66-71,'MIA',trails
569,569,569,200212020PHO,24.0,5.0,4th quarter,6:25.0,Travis Best,MIA,False,2-pointer,0,68-71,'MIA',trails
570,570,570,200212020PHO,24.0,5.0,4th quarter,6:24.0,Vladimir Stepania,MIA,True,2-pointer,0,70-71,'MIA',trails
571,571,571,200212020PHO,10.0,24.7,4th quarter,6:08.0,Travis Best,MIA,False,3-pointer,24,70-71,'MIA',trails
572,572,572,200212020PHO,38.3,12.9,4th quarter,3:40.0,Travis Best,MIA,False,2-pointer,16,75-73,'MIA',leads
573,573,573,200212020PHO,34.7,26.7,4th quarter,2:59.0,Caron Butler,MIA,False,3-pointer,24,75-73,'MIA',leads
574,574,574,200212020PHO,39.3,11.6,4th quarter,2:26.0,Travis Best,MIA,True,2-pointer,17,77-76,'MIA',leads
575,575,575,200212020PHO,24.0,5.0,4th quarter,1:39.0,Caron Butler,MIA,False,2-pointer,0,77-79,'MIA',trails
576,576,576,200212020PHO,24.0,5.0,4th quarter,0:37.0,Travis Best,MIA,True,2-pointer,0,79-79,'MIA',tied
577,577,577,200212020PHO,24.3,29.5,1st overtime,4:46.0,Travis Best,MIA,True,3-pointer,25,82-79,'MIA',leads
578,578,578,200212020PHO,24.0,5.0,1st overtime,3:52.0,Travis Best,MIA,True,2-pointer,0,84-79,'MIA',leads
579,579,579,200212020PHO,11.2,4.2,1st overtime,2:04.0,Brian Grant,MIA,False,2-pointer,13,85-81,'MIA',leads
580,580,580,200212020PHO,10.4,25.9,1st overtime,1:28.0,Travis Best,MIA,True,3-pointer,25,88-81,'MIA',leads
581,581,581,200212020PHO,37.5,7.6,1st quarter,10:44.0,Scott Williams,PHO,False,2-pointer,14,0-2,'MIA',trails
582,582,582,200212020PHO,24.0,5.0,1st quarter,10:42.0,Shawn Marion,PHO,True,2-pointer,0,2-2,'MIA',tied
583,583,583,200212020PHO,40.3,5.3,1st quarter,10:14.0,Shawn Marion,PHO,True,2-pointer,16,4-4,'MIA',tied
584,584,584,200212020PHO,25.6,12.2,1st quarter,9:29.0,Shawn Marion,PHO,False,2-pointer,7,4-6,'MIA',trails
585,585,585,200212020PHO,7.7,16.7,1st quarter,9:20.0,Shawn Marion,PHO,False,2-pointer,20,4-6,'MIA',trails
586,586,586,200212020PHO,10.4,5.8,1st quarter,9:03.0,Stephon Marbury,PHO,True,2-pointer,14,6-8,'MIA',trails
587,587,587,200212020PHO,17.3,11.4,1st quarter,8:10.0,Scott Williams,PHO,True,2-pointer,9,9-10,'MIA',trails
588,588,588,200212020PHO,22.9,13.2,1st quarter,7:40.0,Shawn Marion,PHO,True,2-pointer,8,11-12,'MIA',trails
589,589,589,200212020PHO,11.0,27.9,1st quarter,6:25.0,Stephon Marbury,PHO,True,3-pointer,26,14-14,'MIA',tied
590,590,590,200212020PHO,26.8,10.4,1st quarter,5:46.0,Amar'e Stoudemire,PHO,True,2-pointer,6,17-14,'MIA',leads
591,591,591,200212020PHO,24.0,5.0,1st quarter,5:09.0,Stephon Marbury,PHO,False,2-pointer,0,17-14,'MIA',leads
592,592,592,200212020PHO,23.2,28.2,1st quarter,4:41.0,Shawn Marion,PHO,True,2-pointer,23,19-16,'MIA',leads
593,593,593,200212020PHO,24.0,5.0,1st quarter,3:51.0,Stephon Marbury,PHO,True,2-pointer,0,21-16,'MIA',leads
594,594,594,200212020PHO,26.8,9.3,1st quarter,3:13.0,Amar'e Stoudemire,PHO,False,2-pointer,5,21-18,'MIA',leads
595,595,595,200212020PHO,28.7,9.9,1st quarter,2:29.0,Anfernee Hardaway,PHO,False,2-pointer,7,21-21,'MIA',tied
596,596,596,200212020PHO,40.7,15.7,1st quarter,1:25.0,Stephon Marbury,PHO,True,2-pointer,20,23-21,'MIA',leads
597,597,597,200212020PHO,23.7,29.3,1st quarter,1:04.0,Stephon Marbury,PHO,False,3-pointer,24,23-21,'MIA',leads
598,598,598,200212020PHO,11.0,14.9,1st quarter,0:26.8,Stephon Marbury,PHO,True,2-pointer,16,25-23,'MIA',leads
599,599,599,200212020PHO,19.7,34.8,1st quarter,0:00.0,Joe Johnson,PHO,False,3-pointer,30,25-23,'MIA',leads
600,600,600,200212020PHO,27.4,12.2,2nd quarter,11:37.0,Amar'e Stoudemire,PHO,True,2-pointer,8,27-23,'MIA',leads
601,601,601,200212020PHO,28.4,11.6,2nd quarter,11:03.0,Stephon Marbury,PHO,False,2-pointer,8,27-23,'MIA',leads
602,602,602,200212020PHO,24.5,11.4,2nd quarter,10:30.0,Amar'e Stoudemire,PHO,True,2-pointer,6,29-25,'MIA',leads
603,603,603,200212020PHO,23.7,16.0,2nd quarter,9:54.0,Joe Johnson,PHO,False,2-pointer,11,29-27,'MIA',leads
604,604,604,200212020PHO,20.7,10.1,2nd quarter,9:11.0,Shawn Marion,PHO,True,2-pointer,6,31-29,'MIA',leads
605,605,605,200212020PHO,24.0,5.0,2nd quarter,8:34.0,Bo Outlaw,PHO,True,2-pointer,0,33-31,'MIA',leads
606,606,606,200212020PHO,24.0,5.0,2nd quarter,8:08.0,Shawn Marion,PHO,True,2-pointer,0,35-31,'MIA',leads
607,607,607,200212020PHO,41.2,9.5,2nd quarter,7:41.0,Shawn Marion,PHO,False,2-pointer,18,35-31,'MIA',leads
608,608,608,200212020PHO,24.0,5.0,2nd quarter,7:37.0,Amar'e Stoudemire,PHO,False,2-pointer,0,35-31,'MIA',leads
609,609,609,200212020PHO,32.0,27.4,2nd quarter,6:23.0,Anfernee Hardaway,PHO,False,3-pointer,24,36-33,'MIA',leads
610,610,610,200212020PHO,6.3,21.9,2nd quarter,5:32.0,Casey Jacobsen,PHO,False,3-pointer,24,36-35,'MIA',leads
611,611,611,200212020PHO,40.7,6.2,2nd quarter,4:29.0,Anfernee Hardaway,PHO,True,2-pointer,17,38-35,'MIA',leads
612,612,612,200212020PHO,16.1,8.0,2nd quarter,3:51.0,Jake Voskuhl,PHO,True,2-pointer,8,40-38,'MIA',leads
613,613,613,200212020PHO,34.3,16.7,2nd quarter,3:15.0,Stephon Marbury,PHO,False,2-pointer,16,40-38,'MIA',leads
614,614,614,200212020PHO,23.4,9.1,2nd quarter,2:34.0,Amar'e Stoudemire,PHO,True,2-pointer,4,42-38,'MIA',leads
615,615,615,200212020PHO,26.9,21.4,2nd quarter,1:51.0,Amar'e Stoudemire,PHO,True,2-pointer,17,44-38,'MIA',leads
616,616,616,200212020PHO,24.0,5.0,2nd quarter,1:21.0,Anfernee Hardaway,PHO,False,2-pointer,0,44-38,'MIA',leads
617,617,617,200212020PHO,12.5,6.7,2nd quarter,0:58.3,Casey Jacobsen,PHO,False,2-pointer,12,44-39,'MIA',leads
618,618,618,200212020PHO,-0.1,2.1,2nd quarter,0:35.7,Shawn Marion,PHO,False,3-pointer,24,44-41,'MIA',leads
619,619,619,200212020PHO,20.7,5.5,2nd quarter,0:01.6,Amar'e Stoudemire,PHO,False,2-pointer,3,44-41,'MIA',leads
620,620,620,200212020PHO,22.7,9.9,3rd quarter,11:41.0,Amar'e Stoudemire,PHO,True,2-pointer,5,46-41,'MIA',leads
621,621,621,200212020PHO,13.7,4.1,3rd quarter,10:39.0,Anfernee Hardaway,PHO,False,2-pointer,10,48-46,'MIA',leads
622,622,622,200212020PHO,4.8,3.9,3rd quarter,10:28.0,Anfernee Hardaway,PHO,False,2-pointer,19,48-46,'MIA',leads
623,623,623,200212020PHO,29.4,10.4,3rd quarter,9:53.0,Amar'e Stoudemire,PHO,False,2-pointer,8,48-48,'MIA',tied
624,624,624,200212020PHO,10.2,3.7,3rd quarter,9:09.0,Stephon Marbury,PHO,False,2-pointer,14,48-51,'MIA',trails
625,625,625,200212020PHO,23.8,22.4,3rd quarter,8:39.0,Scott Williams,PHO,True,2-pointer,17,50-53,'MIA',trails
626,626,626,200212020PHO,24.0,5.0,3rd quarter,8:06.0,Scott Williams,PHO,True,2-pointer,0,52-55,'MIA',trails
627,627,627,200212020PHO,23.5,29.2,3rd quarter,7:15.0,Shawn Marion,PHO,False,3-pointer,24,52-55,'MIA',trails
628,628,628,200212020PHO,24.0,5.0,3rd quarter,6:37.0,Anfernee Hardaway,PHO,True,2-pointer,0,54-55,'MIA',trails
629,629,629,200212020PHO,8.2,4.4,3rd quarter,6:03.0,Shawn Marion,PHO,False,2-pointer,16,54-55,'MIA',trails
630,630,630,200212020PHO,10.5,2.2,3rd quarter,5:21.0,Shawn Marion,PHO,False,2-pointer,14,54-55,'MIA',trails
631,631,631,200212020PHO,24.0,5.0,3rd quarter,4:53.0,Bo Outlaw,PHO,True,2-pointer,0,56-55,'MIA',leads
632,632,632,200212020PHO,47.8,3.7,3rd quarter,4:18.0,Shawn Marion,PHO,False,3-pointer,24,56-55,'MIA',leads
633,633,633,200212020PHO,38.6,24.4,3rd quarter,3:53.0,Anfernee Hardaway,PHO,True,3-pointer,24,61-55,'MIA',leads
634,634,634,200212020PHO,38.1,8.1,3rd quarter,2:51.0,Shawn Marion,PHO,True,2-pointer,14,63-55,'MIA',leads
635,635,635,200212020PHO,47.3,3.7,3rd quarter,2:23.0,Shawn Marion,PHO,True,3-pointer,23,66-55,'MIA',leads
636,636,636,200212020PHO,24.0,5.0,3rd quarter,1:55.0,Stephon Marbury,PHO,True,2-pointer,0,68-55,'MIA',leads
637,637,637,200212020PHO,12.0,23.6,3rd quarter,1:03.0,Anfernee Hardaway,PHO,False,2-pointer,22,68-58,'MIA',leads
638,638,638,200212020PHO,15.3,28.0,3rd quarter,0:28.0,Stephon Marbury,PHO,False,3-pointer,25,68-60,'MIA',leads
639,639,639,200212020PHO,12.7,27.2,3rd quarter,0:00.0,Anfernee Hardaway,PHO,False,3-pointer,25,68-63,'MIA',leads
640,640,640,200212020PHO,45.2,8.1,4th quarter,11:31.0,Joe Johnson,PHO,False,2-pointer,21,68-63,'MIA',leads
641,641,641,200212020PHO,18.6,6.5,4th quarter,10:58.0,Amar'e Stoudemire,PHO,False,2-pointer,6,68-63,'MIA',leads
642,642,642,200212020PHO,16.3,24.7,4th quarter,10:21.0,Shawn Marion,PHO,False,2-pointer,21,68-66,'MIA',leads
643,643,643,200212020PHO,20.9,21.0,4th quarter,9:45.0,Stephon Marbury,PHO,False,2-pointer,16,68-66,'MIA',leads
644,644,644,200212020PHO,24.0,5.0,4th quarter,9:21.0,Bo Outlaw,PHO,False,2-pointer,0,68-66,'MIA',leads
645,645,645,200212020PHO,24.0,5.0,4th quarter,8:37.0,Bo Outlaw,PHO,False,2-pointer,0,69-66,'MIA',leads
646,646,646,200212020PHO,2.8,7.6,4th quarter,8:22.0,Joe Johnson,PHO,False,2-pointer,21,69-66,'MIA',leads
647,647,647,200212020PHO,34.3,10.8,4th quarter,7:52.0,Stephon Marbury,PHO,True,2-pointer,12,71-66,'MIA',leads
648,648,648,200212020PHO,43.9,19.0,4th quarter,7:22.0,Stephon Marbury,PHO,False,3-pointer,24,71-66,'MIA',leads
649,649,649,200212020PHO,44.4,17.5,4th quarter,6:47.0,Casey Jacobsen,PHO,False,3-pointer,24,71-68,'MIA',leads
650,650,650,200212020PHO,24.8,27.7,4th quarter,5:55.0,Stephon Marbury,PHO,False,2-pointer,23,71-70,'MIA',leads
651,651,651,200212020PHO,24.0,5.0,4th quarter,5:53.0,Bo Outlaw,PHO,False,2-pointer,0,71-70,'MIA',leads
652,652,652,200212020PHO,22.5,24.6,4th quarter,5:16.0,Anfernee Hardaway,PHO,False,2-pointer,20,71-71,'MIA',tied
653,653,653,200212020PHO,38.6,6.3,4th quarter,5:05.0,Scott Williams,PHO,True,2-pointer,15,73-71,'MIA',leads
654,654,654,200212020PHO,12.2,13.7,4th quarter,4:16.0,Stephon Marbury,PHO,False,2-pointer,15,73-75,'MIA',trails
655,655,655,200212020PHO,37.5,4.4,4th quarter,4:00.0,Scott Williams,PHO,False,2-pointer,14,73-75,'MIA',trails
656,656,656,200212020PHO,8.7,5.7,4th quarter,3:24.0,Scott Williams,PHO,False,2-pointer,15,73-75,'MIA',trails
657,657,657,200212020PHO,1.3,2.7,4th quarter,2:49.0,Shawn Marion,PHO,True,3-pointer,23,76-75,'MIA',leads
658,658,658,200212020PHO,47.2,11.6,4th quarter,2:09.0,Shawn Marion,PHO,True,3-pointer,24,79-77,'MIA',leads
659,659,659,200212020PHO,47.6,3.9,4th quarter,1:20.0,Shawn Marion,PHO,False,3-pointer,24,79-77,'MIA',leads
660,660,660,200212020PHO,18.3,25.9,4th quarter,0:22.5,Anfernee Hardaway,PHO,False,2-pointer,22,79-79,'MIA',tied
661,661,661,200212020PHO,10.5,9.5,1st overtime,4:21.0,Anfernee Hardaway,PHO,False,2-pointer,14,79-82,'MIA',trails
662,662,662,200212020PHO,47.0,11.8,1st overtime,4:12.0,Shawn Marion,PHO,False,3-pointer,24,79-82,'MIA',trails
663,663,663,200212020PHO,24.0,5.0,1st overtime,3:37.0,Shawn Marion,PHO,False,2-pointer,0,79-84,'MIA',trails
664,664,664,200212020PHO,47.3,4.7,1st overtime,2:53.0,Shawn Marion,PHO,False,3-pointer,23,81-85,'MIA',trails
665,665,665,200212020PHO,24.0,5.0,1st overtime,1:47.0,Shawn Marion,PHO,False,2-pointer,0,81-85,'MIA',trails
666,666,666,200212020PHO,15.0,28.0,1st overtime,1:11.0,Casey Jacobsen,PHO,False,3-pointer,25,81-88,'MIA',trails
667,667,667,200212020PHO,24.0,5.0,1st overtime,0:58.9,Amar'e Stoudemire,PHO,True,2-pointer,0,83-90,'MIA',trails
668,668,668,200212020PHO,24.0,5.0,1st overtime,0:43.5,Amar'e Stoudemire,PHO,True,2-pointer,0,85-92,'MIA',trails
669,669,669,200212020PHO,24.0,5.0,1st overtime,0:34.3,Stephon Marbury,PHO,True,2-pointer,0,88-94,'MIA',trails
670,670,670,200212020PHO,33.4,28.5,1st overtime,0:25.7,Shawn Marion,PHO,False,3-pointer,25,88-96,'MIA',trails
671,671,671,200212020PHO,44.2,19.5,1st overtime,0:17.5,Joe Johnson,PHO,False,3-pointer,25,88-98,'MIA',trails
672,672,672,200212020PHO,24.0,5.0,1st overtime,0:07.8,Shawn Marion,PHO,True,2-pointer,0,90-100,'MIA',trails
673,673,673,200212020UTA,24.0,5.0,1st quarter,11:13.0,Jermaine O'Neal,IND,False,2-pointer,0,0-0,'IND',tied
674,674,674,200212020UTA,42.9,19.8,1st quarter,10:07.0,Metta World,IND,False,3-pointer,24,0-4,'IND',trails
675,675,675,200212020UTA,24.0,19.0,1st quarter,9:35.0,Jermaine O'Neal,IND,False,2-pointer,14,0-4,'IND',trails
676,676,676,200212020UTA,24.0,5.0,1st quarter,9:31.0,Metta World,IND,False,2-pointer,0,0-4,'IND',trails
677,677,677,200212020UTA,24.0,5.0,1st quarter,9:30.0,Metta World,IND,True,2-pointer,0,2-4,'IND',trails
678,678,678,200212020UTA,16.3,21.4,1st quarter,8:56.0,Jermaine O'Neal,IND,False,2-pointer,18,2-6,'IND',trails
679,679,679,200212020UTA,37.1,11.9,1st quarter,7:58.0,Ron Mercer,IND,True,2-pointer,15,5-10,'IND',trails
680,680,680,200212020UTA,11.0,16.4,1st quarter,7:09.0,Ron Mercer,IND,False,2-pointer,17,5-12,'IND',trails
681,681,681,200212020UTA,24.0,5.0,1st quarter,6:40.0,Jermaine O'Neal,IND,True,2-pointer,0,7-12,'IND',trails
682,682,682,200212020UTA,24.0,5.0,1st quarter,5:28.0,Metta World,IND,False,2-pointer,0,9-16,'IND',trails
683,683,683,200212020UTA,24.0,5.0,1st quarter,5:26.0,Jermaine O'Neal,IND,True,2-pointer,0,11-16,'IND',trails
684,684,684,200212020UTA,36.5,19.5,1st quarter,4:46.0,Ron Mercer,IND,False,2-pointer,19,11-19,'IND',trails
685,685,685,200212020UTA,24.1,9.5,1st quarter,4:35.0,Jermaine O'Neal,IND,True,2-pointer,5,13-19,'IND',trails
686,686,686,200212020UTA,13.3,23.1,1st quarter,4:04.0,Ron Mercer,IND,True,2-pointer,21,15-20,'IND',trails
687,687,687,200212020UTA,23.5,12.4,1st quarter,3:35.0,Metta World,IND,False,2-pointer,7,15-22,'IND',trails
688,688,688,200212020UTA,24.0,5.0,1st quarter,3:09.0,Al Harrington,IND,True,2-pointer,0,17-22,'IND',trails
689,689,689,200212020UTA,24.0,5.0,1st quarter,2:31.0,Ron Mercer,IND,False,2-pointer,0,17-22,'IND',trails
690,690,690,200212020UTA,24.0,5.0,1st quarter,2:30.0,Brad Miller,IND,True,2-pointer,0,19-22,'IND',trails
691,691,691,200212020UTA,24.0,5.0,1st quarter,1:40.0,Jermaine O'Neal,IND,True,2-pointer,0,21-24,'IND',trails
692,692,692,200212020UTA,24.0,5.0,1st quarter,1:01.0,Ron Mercer,IND,True,2-pointer,0,23-24,'IND',trails
693,693,693,200212020UTA,35.8,20.0,1st quarter,0:29.2,Jeff Foster,IND,True,2-pointer,19,25-24,'IND',leads
694,694,694,200212020UTA,24.0,5.0,1st quarter,0:00.4,Jeff Foster,IND,False,2-pointer,0,25-27,'IND',trails
695,695,695,200212020UTA,24.0,5.0,1st quarter,0:00.1,Jeff Foster,IND,True,2-pointer,0,27-27,'IND',tied
696,696,696,200212020UTA,35.5,17.5,2nd quarter,11:43.0,Al Harrington,IND,True,2-pointer,17,29-27,'IND',leads
697,697,697,200212020UTA,3.8,3.4,2nd quarter,11:16.0,Jeff Foster,IND,False,2-pointer,20,29-27,'IND',leads
698,698,698,200212020UTA,10.0,19.5,2nd quarter,10:32.0,Metta World,IND,True,2-pointer,20,31-29,'IND',leads
699,699,699,200212020UTA,41.2,4.1,2nd quarter,10:07.0,Al Harrington,IND,False,2-pointer,17,31-29,'IND',leads
700,700,700,200212020UTA,24.0,5.0,2nd quarter,10:06.0,Jonathan Bender,IND,False,2-pointer,0,31-29,'IND',leads
701,701,701,200212020UTA,24.0,5.0,2nd quarter,10:05.0,Jeff Foster,IND,False,2-pointer,0,31-29,'IND',leads
702,702,702,200212020UTA,46.8,5.3,2nd quarter,9:40.0,Austin Croshere,IND,False,3-pointer,23,31-31,'IND',tied
703,703,703,200212020UTA,28.6,5.8,2nd quarter,9:03.0,Al Harrington,IND,False,2-pointer,5,31-31,'IND',tied
704,704,704,200212020UTA,24.0,5.0,2nd quarter,9:02.0,Jeff Foster,IND,False,2-pointer,0,31-31,'IND',tied
705,705,705,200212020UTA,24.0,5.0,2nd quarter,8:57.0,Jeff Foster,IND,True,2-pointer,0,33-31,'IND',leads
706,706,706,200212020UTA,24.0,5.0,2nd quarter,8:09.0,Austin Croshere,IND,True,2-pointer,0,35-33,'IND',leads
707,707,707,200212020UTA,24.0,5.0,2nd quarter,7:46.0,Fred Jones,IND,False,2-pointer,0,35-33,'IND',leads
708,708,708,200212020UTA,30.6,22.3,2nd quarter,7:11.0,Jonathan Bender,IND,False,2-pointer,19,35-35,'IND',tied
709,709,709,200212020UTA,16.3,5.0,2nd quarter,6:52.0,Al Harrington,IND,True,2-pointer,8,37-37,'IND',tied
710,710,710,200212020UTA,34.7,4.5,2nd quarter,6:13.0,Jermaine O'Neal,IND,True,2-pointer,11,39-37,'IND',leads
711,711,711,200212020UTA,39.6,8.6,2nd quarter,5:23.0,Jermaine O'Neal,IND,True,2-pointer,16,41-39,'IND',leads
712,712,712,200212020UTA,24.0,5.0,2nd quarter,4:55.0,Jonathan Bender,IND,True,2-pointer,0,43-42,'IND',leads
713,713,713,200212020UTA,20.4,29.5,2nd quarter,4:15.0,Jonathan Bender,IND,True,3-pointer,25,46-43,'IND',leads
714,714,714,200212020UTA,10.2,25.4,2nd quarter,3:06.0,Jonathan Bender,IND,False,3-pointer,25,47-47,'IND',tied
715,715,715,200212020UTA,37.1,25.4,2nd quarter,2:57.0,Austin Croshere,IND,True,3-pointer,24,50-47,'IND',leads
716,716,716,200212020UTA,21.1,22.1,2nd quarter,2:32.0,Jonathan Bender,IND,False,2-pointer,17,50-47,'IND',leads
717,717,717,200212020UTA,40.6,4.7,2nd quarter,1:53.0,Al Harrington,IND,False,2-pointer,17,50-47,'IND',leads
718,718,718,200212020UTA,38.0,15.0,2nd quarter,0:58.1,Metta World,IND,False,2-pointer,17,50-47,'IND',leads
719,719,719,200212020UTA,13.8,16.7,2nd quarter,0:13.4,Jermaine O'Neal,IND,False,2-pointer,16,50-50,'IND',tied
720,720,720,200212020UTA,36.3,11.4,3rd quarter,10:00.0,Jermaine O'Neal,IND,False,2-pointer,14,50-57,'IND',trails
721,721,721,200212020UTA,38.1,25.2,3rd quarter,9:30.0,Reggie Miller,IND,False,3-pointer,25,50-59,'IND',trails
722,722,722,200212020UTA,8.2,3.7,3rd quarter,9:03.0,Brad Miller,IND,True,2-pointer,16,52-59,'IND',trails
723,723,723,200212020UTA,33.5,21.0,3rd quarter,7:09.0,Ron Mercer,IND,False,2-pointer,19,53-63,'IND',trails
724,724,724,200212020UTA,24.0,5.0,3rd quarter,7:06.0,Brad Miller,IND,True,2-pointer,0,55-63,'IND',trails
725,725,725,200212020UTA,30.2,21.3,3rd quarter,6:32.0,Jermaine O'Neal,IND,False,2-pointer,17,55-65,'IND',trails
726,726,726,200212020UTA,19.6,5.7,3rd quarter,4:56.0,Reggie Miller,IND,False,2-pointer,4,55-70,'IND',trails
727,727,727,200212020UTA,24.0,5.0,3rd quarter,4:54.0,Jermaine O'Neal,IND,True,2-pointer,0,57-70,'IND',trails
728,728,728,200212020UTA,2.5,16.0,3rd quarter,4:04.0,Al Harrington,IND,True,3-pointer,24,60-70,'IND',trails
729,729,729,200212020UTA,23.7,21.0,3rd quarter,3:27.0,Brad Miller,IND,True,2-pointer,16,62-70,'IND',trails
730,730,730,200212020UTA,24.0,5.0,3rd quarter,2:53.0,Al Harrington,IND,True,2-pointer,0,64-70,'IND',trails
731,731,731,200212020UTA,38.8,15.0,3rd quarter,1:11.0,Al Harrington,IND,True,2-pointer,18,67-73,'IND',trails
732,732,732,200212020UTA,10.5,21.9,3rd quarter,0:13.1,Ron Mercer,IND,False,2-pointer,22,67-77,'IND',trails
733,733,733,200212020UTA,24.0,5.0,3rd quarter,0:10.1,Al Harrington,IND,False,2-pointer,0,67-77,'IND',trails
734,734,734,200212020UTA,14.0,6.5,3rd quarter,0:01.8,Metta World,IND,False,2-pointer,10,67-79,'IND',trails
735,735,735,200212020UTA,35.0,24.2,4th quarter,11:15.0,Metta World,IND,True,2-pointer,22,71-79,'IND',trails
736,736,736,200212020UTA,24.0,5.0,4th quarter,10:44.0,Ron Mercer,IND,False,2-pointer,0,71-79,'IND',trails
737,737,737,200212020UTA,24.6,7.6,4th quarter,10:12.0,Jermaine O'Neal,IND,True,2-pointer,3,73-79,'IND',trails
738,738,738,200212020UTA,34.5,9.0,4th quarter,9:50.0,Jermaine O'Neal,IND,False,2-pointer,11,73-79,'IND',trails
739,739,739,200212020UTA,11.0,25.4,4th quarter,9:24.0,Metta World,IND,False,3-pointer,24,73-79,'IND',trails
740,740,740,200212020UTA,24.0,5.0,4th quarter,9:03.0,Ron Mercer,IND,False,2-pointer,0,73-79,'IND',trails
741,741,741,200212020UTA,24.0,5.0,4th quarter,8:54.0,Metta World,IND,False,2-pointer,0,73-79,'IND',trails
742,742,742,200212020UTA,8.1,4.1,4th quarter,7:16.0,Al Harrington,IND,True,2-pointer,16,75-84,'IND',trails
743,743,743,200212020UTA,37.6,18.0,4th quarter,6:29.0,Reggie Miller,IND,False,2-pointer,19,75-84,'IND',trails
744,744,744,200212020UTA,24.0,5.0,4th quarter,5:40.0,Jermaine O'Neal,IND,True,2-pointer,0,77-86,'IND',trails
745,745,745,200212020UTA,8.2,3.2,4th quarter,4:37.0,Ron Mercer,IND,True,2-pointer,16,81-89,'IND',trails
746,746,746,200212020UTA,38.1,13.9,4th quarter,3:18.0,Ron Mercer,IND,True,2-pointer,17,87-91,'IND',trails
747,747,747,200212020UTA,36.5,21.1,4th quarter,2:37.0,Jermaine O'Neal,IND,True,2-pointer,20,89-93,'IND',trails
748,748,748,200212020UTA,12.2,20.8,4th quarter,1:38.0,Al Harrington,IND,False,2-pointer,20,89-95,'IND',trails
749,749,749,200212020UTA,31.7,4.2,4th quarter,1:32.0,Jermaine O'Neal,IND,False,2-pointer,8,89-95,'IND',trails
750,750,750,200212020UTA,15.1,22.9,4th quarter,1:22.0,Al Harrington,IND,False,2-pointer,20,89-95,'IND',trails
751,751,751,200212020UTA,26.6,30.2,4th quarter,0:09.3,Ron Mercer,IND,False,3-pointer,25,91-102,'IND',trails
752,752,752,200212020UTA,29.2,22.4,1st quarter,11:44.0,Karl Malone,UTA,False,2-pointer,18,0-0,'IND',tied
753,753,753,200212020UTA,24.0,5.0,1st quarter,10:59.0,Matt Harpring,UTA,True,2-pointer,0,2-0,'IND',leads
754,754,754,200212020UTA,33.0,20.6,1st quarter,10:28.0,Karl Malone,UTA,True,2-pointer,18,4-0,'IND',leads
755,755,755,200212020UTA,19.2,19.1,1st quarter,9:52.0,Karl Malone,UTA,False,2-pointer,15,4-0,'IND',leads
756,756,756,200212020UTA,24.0,5.0,1st quarter,9:08.0,John Stockton,UTA,True,2-pointer,0,6-2,'IND',leads
757,757,757,200212020UTA,32.2,21.1,1st quarter,8:48.0,Karl Malone,UTA,True,2-pointer,18,8-2,'IND',leads
758,758,758,200212020UTA,24.0,5.0,1st quarter,8:19.0,John Stockton,UTA,True,2-pointer,0,10-3,'IND',leads
759,759,759,200212020UTA,1.3,4.2,1st quarter,7:44.0,Matt Harpring,UTA,False,3-pointer,23,10-5,'IND',leads
760,760,760,200212020UTA,24.0,19.5,1st quarter,7:40.0,Karl Malone,UTA,False,2-pointer,15,10-5,'IND',leads
761,761,761,200212020UTA,29.9,22.8,1st quarter,7:31.0,Karl Malone,UTA,True,2-pointer,19,12-5,'IND',leads
762,762,762,200212020UTA,24.0,5.0,1st quarter,7:01.0,Karl Malone,UTA,False,2-pointer,0,12-5,'IND',leads
763,763,763,200212020UTA,18.3,16.7,1st quarter,6:21.0,Greg Ostertag,UTA,True,2-pointer,13,14-7,'IND',leads
764,764,764,200212020UTA,7.6,20.0,1st quarter,5:44.0,Calbert Cheaney,UTA,True,2-pointer,22,16-9,'IND',leads
765,765,765,200212020UTA,40.6,23.7,1st quarter,5:01.0,Mark Jackson,UTA,True,3-pointer,25,19-11,'IND',leads
766,766,766,200212020UTA,24.0,5.0,1st quarter,3:55.0,Matt Harpring,UTA,True,2-pointer,0,22-15,'IND',leads
767,767,767,200212020UTA,23.5,14.4,1st quarter,2:48.0,Matt Harpring,UTA,False,2-pointer,9,22-17,'IND',leads
768,768,768,200212020UTA,34.3,15.7,1st quarter,2:01.0,Andrei Kirilenko,UTA,True,2-pointer,15,24-19,'IND',leads
769,769,769,200212020UTA,24.0,5.0,1st quarter,1:23.0,Karl Malone,UTA,False,2-pointer,0,24-21,'IND',leads
770,770,770,200212020UTA,33.5,27.9,1st quarter,0:09.5,Mark Jackson,UTA,True,3-pointer,25,27-25,'IND',leads
771,771,771,200212020UTA,7.7,10.8,2nd quarter,11:25.0,Calbert Cheaney,UTA,False,2-pointer,17,27-29,'IND',trails
772,772,772,200212020UTA,37.6,19.6,2nd quarter,10:58.0,Scott Padgett,UTA,True,2-pointer,20,29-29,'IND',tied
773,773,773,200212020UTA,8.4,15.9,2nd quarter,10:16.0,Calbert Cheaney,UTA,False,2-pointer,19,29-31,'IND',trails
774,774,774,200212020UTA,24.0,5.0,2nd quarter,9:53.0,Calbert Cheaney,UTA,True,2-pointer,0,31-31,'IND',tied
775,775,775,200212020UTA,18.8,8.8,2nd quarter,9:24.0,Calbert Cheaney,UTA,False,2-pointer,6,31-31,'IND',tied
776,776,776,200212020UTA,24.0,5.0,2nd quarter,8:49.0,Andrei Kirilenko,UTA,True,2-pointer,0,33-33,'IND',tied
777,777,777,200212020UTA,4.5,3.9,2nd quarter,8:14.0,Andrei Kirilenko,UTA,False,2-pointer,20,33-33,'IND',tied
778,778,778,200212020UTA,33.2,17.5,2nd quarter,7:28.0,Scott Padgett,UTA,True,2-pointer,16,35-35,'IND',tied
779,779,779,200212020UTA,16.8,25.4,2nd quarter,6:31.0,John Stockton,UTA,False,2-pointer,22,37-37,'IND',tied
780,780,780,200212020UTA,12.3,26.4,2nd quarter,5:50.0,Scott Padgett,UTA,False,3-pointer,24,37-39,'IND',trails
781,781,781,200212020UTA,2.8,6.7,2nd quarter,5:43.0,Andrei Kirilenko,UTA,True,2-pointer,21,39-39,'IND',tied
782,782,782,200212020UTA,19.6,11.6,2nd quarter,5:06.0,Karl Malone,UTA,True,2-pointer,8,41-41,'IND',tied
783,783,783,200212020UTA,24.0,5.0,2nd quarter,4:43.0,Karl Malone,UTA,False,2-pointer,0,42-43,'IND',trails
784,784,784,200212020UTA,10.0,16.2,2nd quarter,4:01.0,Karl Malone,UTA,True,2-pointer,18,45-46,'IND',trails
785,785,785,200212020UTA,24.0,5.0,2nd quarter,3:27.0,Karl Malone,UTA,False,2-pointer,0,45-47,'IND',trails
786,786,786,200212020UTA,7.6,2.9,2nd quarter,2:39.0,Matt Harpring,UTA,False,2-pointer,17,47-50,'IND',trails
787,787,787,200212020UTA,34.5,16.7,2nd quarter,2:17.0,Matt Harpring,UTA,False,2-pointer,16,47-50,'IND',trails
788,788,788,200212020UTA,24.0,5.0,2nd quarter,1:45.0,Calbert Cheaney,UTA,False,2-pointer,0,47-50,'IND',trails
789,789,789,200212020UTA,34.3,27.0,2nd quarter,1:24.0,Carlos Arroyo,UTA,False,3-pointer,24,47-50,'IND',trails
790,790,790,200212020UTA,29.1,29.0,2nd quarter,0:41.0,John Stockton,UTA,False,3-pointer,25,47-50,'IND',trails
791,791,791,200212020UTA,0.5,8.0,2nd quarter,0:32.0,Matt Harpring,UTA,True,3-pointer,24,50-50,'IND',tied
792,792,792,200212020UTA,16.0,28.0,2nd quarter,0:00.1,John Stockton,UTA,True,3-pointer,24,53-50,'IND',leads
793,793,793,200212020UTA,41.7,11.1,3rd quarter,11:00.0,Karl Malone,UTA,True,2-pointer,19,55-50,'IND',leads
794,794,794,200212020UTA,27.1,4.7,3rd quarter,10:26.0,Greg Ostertag,UTA,False,2-pointer,3,55-50,'IND',leads
795,795,795,200212020UTA,24.0,5.0,3rd quarter,10:24.0,Greg Ostertag,UTA,True,2-pointer,0,57-50,'IND',leads
796,796,796,200212020UTA,20.4,24.4,3rd quarter,9:45.0,Calbert Cheaney,UTA,True,2-pointer,20,59-50,'IND',leads
797,797,797,200212020UTA,24.0,5.0,3rd quarter,9:16.0,Matt Harpring,UTA,False,2-pointer,0,59-50,'IND',leads
798,798,798,200212020UTA,24.0,5.0,3rd quarter,8:45.0,Greg Ostertag,UTA,True,2-pointer,0,61-52,'IND',leads
799,799,799,200212020UTA,24.0,5.0,3rd quarter,8:15.0,Matt Harpring,UTA,False,2-pointer,0,61-53,'IND',leads
800,800,800,200212020UTA,9.7,14.1,3rd quarter,7:50.0,Karl Malone,UTA,False,2-pointer,17,61-53,'IND',leads
801,801,801,200212020UTA,44.7,9.9,3rd quarter,7:30.0,John Stockton,UTA,True,2-pointer,21,63-53,'IND',leads
802,802,802,200212020UTA,8.7,17.3,3rd quarter,6:52.0,Karl Malone,UTA,True,2-pointer,20,65-55,'IND',leads
803,803,803,200212020UTA,26.9,26.4,3rd quarter,5:15.0,John Stockton,UTA,False,2-pointer,22,68-55,'IND',leads
804,804,804,200212020UTA,0.3,4.2,3rd quarter,4:28.0,Matt Harpring,UTA,False,3-pointer,24,70-57,'IND',leads
805,805,805,200212020UTA,10.5,26.2,3rd quarter,3:02.0,Matt Harpring,UTA,False,3-pointer,25,70-62,'IND',leads
806,806,806,200212020UTA,24.0,5.0,3rd quarter,2:30.0,Jarron Collins,UTA,False,2-pointer,0,70-64,'IND',leads
807,807,807,200212020UTA,25.0,28.5,3rd quarter,2:14.0,Mark Jackson,UTA,False,3-pointer,24,70-64,'IND',leads
808,808,808,200212020UTA,21.5,28.8,3rd quarter,1:31.0,Mark Jackson,UTA,False,3-pointer,24,71-65,'IND',leads
809,809,809,200212020UTA,24.0,5.0,3rd quarter,0:57.9,Andrei Kirilenko,UTA,True,2-pointer,0,75-67,'IND',leads
810,810,810,200212020UTA,24.0,5.0,3rd quarter,0:24.2,Matt Harpring,UTA,True,2-pointer,0,77-67,'IND',leads
811,811,811,200212020UTA,31.2,6.0,4th quarter,11:22.0,Matt Harpring,UTA,False,2-pointer,7,79-69,'IND',leads
812,812,812,200212020UTA,9.7,14.4,4th quarter,10:50.0,Andrei Kirilenko,UTA,False,2-pointer,17,79-71,'IND',leads
813,813,813,200212020UTA,24.0,5.0,4th quarter,9:10.0,Andrei Kirilenko,UTA,False,2-pointer,0,79-73,'IND',leads
814,814,814,200212020UTA,24.0,5.0,4th quarter,8:38.0,Karl Malone,UTA,False,2-pointer,0,80-73,'IND',leads
815,815,815,200212020UTA,24.0,5.0,4th quarter,8:37.0,Karl Malone,UTA,True,2-pointer,0,82-73,'IND',leads
816,816,816,200212020UTA,36.6,11.9,4th quarter,8:09.0,Andrei Kirilenko,UTA,False,2-pointer,14,82-73,'IND',leads
817,817,817,200212020UTA,24.0,5.0,4th quarter,7:43.0,Jarron Collins,UTA,True,2-pointer,0,84-73,'IND',leads
818,818,818,200212020UTA,24.0,5.0,4th quarter,6:01.0,Jarron Collins,UTA,True,2-pointer,0,86-75,'IND',leads
819,819,819,200212020UTA,35.5,9.9,4th quarter,5:16.0,John Stockton,UTA,True,2-pointer,13,88-78,'IND',leads
820,820,820,200212020UTA,36.6,19.3,4th quarter,4:24.0,Karl Malone,UTA,False,2-pointer,19,89-81,'IND',leads
821,821,821,200212020UTA,32.7,4.9,4th quarter,4:18.0,Matt Harpring,UTA,False,2-pointer,9,89-81,'IND',leads
822,822,822,200212020UTA,12.7,3.9,4th quarter,2:09.0,John Stockton,UTA,False,2-pointer,11,93-89,'IND',leads
823,823,823,200212020UTA,24.0,5.0,4th quarter,2:07.0,Matt Harpring,UTA,False,2-pointer,0,93-89,'IND',leads
824,824,824,200212020UTA,24.0,5.0,4th quarter,1:54.0,Matt Harpring,UTA,True,2-pointer,0,95-89,'IND',leads
825,825,825,200212020UTA,47.5,6.0,4th quarter,1:01.0,Andrei Kirilenko,UTA,False,3-pointer,24,95-89,'IND',leads
826,826,826,200212020UTA,24.0,5.0,4th quarter,0:59.1,Andrei Kirilenko,UTA,True,2-pointer,0,97-89,'IND',leads
