,Unnamed: 0.1,Unnamed: 0,match_id,shotX,shotY,quarter,time_remaining,player,team,made,shot_type,distance,score,opp,status
0,0,0,200201300DET,24.0,5.0,1st quarter,11:05.0,Shareef Abdur-Rahim,ATL,False,2-pointer,0,0-5,'DET',trails
1,1,1,200201300DET,24.0,5.0,1st quarter,11:02.0,Nazr Mohammed,ATL,True,2-pointer,0,2-5,'DET',trails
2,2,2,200201300DET,24.0,5.0,1st quarter,10:24.0,Mark Strickland,ATL,False,2-pointer,0,2-7,'DET',trails
3,3,3,200201300DET,17.1,24.8,1st quarter,9:52.0,Jason Terry,ATL,False,2-pointer,21,2-9,'DET',trails
4,4,4,200201300DET,6.4,3.7,1st quarter,9:28.0,Mark Strickland,ATL,False,2-pointer,18,2-9,'DET',trails
5,5,5,200201300DET,10.2,15.1,1st quarter,8:04.0,Dion Glover,ATL,True,2-pointer,17,4-13,'DET',trails
6,6,6,200201300DET,24.0,5.0,1st quarter,7:14.0,Mark Strickland,ATL,True,2-pointer,0,6-13,'DET',trails
7,7,7,200201300DET,24.0,5.0,1st quarter,6:14.0,Cal Bowdler,ATL,True,2-pointer,0,8-15,'DET',trails
8,8,8,200201300DET,36.9,7.1,1st quarter,5:33.0,Mark Strickland,ATL,False,2-pointer,13,8-17,'DET',trails
9,9,9,200201300DET,41.8,4.4,1st quarter,5:12.0,DerMarr Johnson,ATL,False,2-pointer,18,8-19,'DET',trails
10,10,10,200201300DET,36.1,10.5,1st quarter,4:55.0,Cal Bowdler,ATL,False,2-pointer,13,8-19,'DET',trails
11,11,11,200201300DET,39.7,11.1,1st quarter,4:25.0,Cal Bowdler,ATL,True,2-pointer,17,10-21,'DET',trails
12,12,12,200201300DET,5.7,12.2,1st quarter,3:21.0,Jacque Vaughn,ATL,False,2-pointer,20,10-26,'DET',trails
13,13,13,200201300DET,12.3,8.8,1st quarter,2:37.0,Shareef Abdur-Rahim,ATL,True,2-pointer,12,12-26,'DET',trails
14,14,14,200201300DET,10.8,13.5,1st quarter,2:07.0,Mark Strickland,ATL,False,2-pointer,16,12-26,'DET',trails
15,15,15,200201300DET,24.0,5.0,1st quarter,0:46.3,Dion Glover,ATL,True,2-pointer,0,17-28,'DET',trails
16,16,16,200201300DET,5.7,7.1,1st quarter,0:04.5,Hanno Möttölä,ATL,True,2-pointer,18,19-28,'DET',trails
17,17,17,200201300DET,3.6,6.5,2nd quarter,11:36.0,Hanno Möttölä,ATL,False,2-pointer,20,19-28,'DET',trails
18,18,18,200201300DET,5.7,11.1,2nd quarter,11:00.0,Dion Glover,ATL,True,2-pointer,19,21-30,'DET',trails
19,19,19,200201300DET,24.0,5.0,2nd quarter,10:08.0,Jacque Vaughn,ATL,True,2-pointer,0,23-32,'DET',trails
20,20,20,200201300DET,14.4,6.5,2nd quarter,9:24.0,Hanno Möttölä,ATL,False,2-pointer,10,23-34,'DET',trails
21,21,21,200201300DET,28.9,7.1,2nd quarter,9:13.0,Hanno Möttölä,ATL,False,2-pointer,5,23-34,'DET',trails
22,22,22,200201300DET,47.5,6.5,2nd quarter,7:35.0,Ira Newble,ATL,True,3-pointer,24,27-36,'DET',trails
23,23,23,200201300DET,7.2,11.6,2nd quarter,6:50.0,Hanno Möttölä,ATL,True,2-pointer,18,29-36,'DET',trails
24,24,24,200201300DET,5.1,14.1,2nd quarter,5:34.0,Shareef Abdur-Rahim,ATL,False,2-pointer,21,29-36,'DET',trails
25,25,25,200201300DET,24.0,5.0,2nd quarter,5:22.0,Dion Glover,ATL,True,2-pointer,0,31-36,'DET',trails
26,26,26,200201300DET,6.4,11.6,2nd quarter,4:49.0,Jason Terry,ATL,False,2-pointer,19,31-36,'DET',trails
27,27,27,200201300DET,30.4,29.1,2nd quarter,4:25.0,Jason Terry,ATL,False,3-pointer,25,31-38,'DET',trails
28,28,28,200201300DET,5.7,14.1,2nd quarter,3:49.0,Shareef Abdur-Rahim,ATL,True,2-pointer,20,33-40,'DET',trails
29,29,29,200201300DET,24.0,5.0,2nd quarter,3:21.0,Jason Terry,ATL,True,2-pointer,0,35-40,'DET',trails
30,30,30,200201300DET,7.8,4.4,2nd quarter,2:34.0,Shareef Abdur-Rahim,ATL,True,2-pointer,16,37-40,'DET',trails
31,31,31,200201300DET,8.7,5.0,2nd quarter,1:01.0,Jason Terry,ATL,False,2-pointer,15,39-44,'DET',trails
32,32,32,200201300DET,24.0,5.0,2nd quarter,0:58.0,Shareef Abdur-Rahim,ATL,False,2-pointer,0,39-44,'DET',trails
33,33,33,200201300DET,27.7,8.8,2nd quarter,0:32.4,Hanno Möttölä,ATL,False,2-pointer,5,39-45,'DET',trails
34,34,34,200201300DET,40.9,7.1,3rd quarter,10:41.0,Dion Glover,ATL,False,2-pointer,17,41-47,'DET',trails
35,35,35,200201300DET,41.8,5.9,3rd quarter,10:10.0,Ira Newble,ATL,True,2-pointer,18,43-47,'DET',trails
36,36,36,200201300DET,13.5,6.5,3rd quarter,9:34.0,Nazr Mohammed,ATL,False,2-pointer,11,43-47,'DET',trails
37,37,37,200201300DET,24.0,5.0,3rd quarter,9:09.0,Nazr Mohammed,ATL,True,2-pointer,0,45-50,'DET',trails
38,38,38,200201300DET,10.8,20.2,3rd quarter,8:26.0,Shareef Abdur-Rahim,ATL,False,2-pointer,20,45-52,'DET',trails
39,39,39,200201300DET,24.0,5.0,3rd quarter,8:01.0,Nazr Mohammed,ATL,True,2-pointer,0,47-52,'DET',trails
40,40,40,200201300DET,7.2,25.5,3rd quarter,6:59.0,Jason Terry,ATL,False,3-pointer,27,47-52,'DET',trails
41,41,41,200201300DET,40.9,5.0,3rd quarter,6:25.0,Nazr Mohammed,ATL,False,2-pointer,17,47-52,'DET',trails
42,42,42,200201300DET,24.0,5.0,3rd quarter,5:52.0,Dion Glover,ATL,False,2-pointer,0,47-52,'DET',trails
43,43,43,200201300DET,31.7,23.1,3rd quarter,5:07.0,Shareef Abdur-Rahim,ATL,False,2-pointer,20,47-52,'DET',trails
44,44,44,200201300DET,24.0,5.0,3rd quarter,4:39.0,Nazr Mohammed,ATL,False,2-pointer,0,47-52,'DET',trails
45,45,45,200201300DET,24.0,5.0,3rd quarter,4:14.0,Dion Glover,ATL,True,2-pointer,0,49-52,'DET',trails
46,46,46,200201300DET,24.0,5.0,3rd quarter,3:41.0,Shareef Abdur-Rahim,ATL,False,2-pointer,0,49-54,'DET',trails
47,47,47,200201300DET,24.0,5.0,3rd quarter,3:37.0,Shareef Abdur-Rahim,ATL,False,2-pointer,0,49-54,'DET',trails
48,48,48,200201300DET,40.9,5.9,3rd quarter,3:08.0,Mark Strickland,ATL,False,2-pointer,17,49-56,'DET',trails
49,49,49,200201300DET,42.4,11.1,3rd quarter,1:47.0,Dion Glover,ATL,False,2-pointer,19,49-58,'DET',trails
50,50,50,200201300DET,7.8,4.4,3rd quarter,1:08.0,Jacque Vaughn,ATL,True,2-pointer,16,51-58,'DET',trails
51,51,51,200201300DET,24.0,5.0,3rd quarter,0:32.9,Mark Strickland,ATL,False,2-pointer,0,51-58,'DET',trails
52,52,52,200201300DET,3.0,23.8,3rd quarter,0:01.0,Shareef Abdur-Rahim,ATL,False,3-pointer,28,52-60,'DET',trails
53,53,53,200201300DET,36.9,8.2,4th quarter,11:29.0,Jason Terry,ATL,False,2-pointer,13,52-60,'DET',trails
54,54,54,200201300DET,34.8,17.5,4th quarter,10:45.0,Jason Terry,ATL,False,2-pointer,17,52-62,'DET',trails
55,55,55,200201300DET,44.5,22.7,4th quarter,10:34.0,Jason Terry,ATL,False,3-pointer,27,52-62,'DET',trails
56,56,56,200201300DET,24.0,5.0,4th quarter,9:43.0,Shareef Abdur-Rahim,ATL,False,2-pointer,0,52-62,'DET',trails
57,57,57,200201300DET,40.9,8.8,4th quarter,9:10.0,Jason Terry,ATL,False,2-pointer,17,52-62,'DET',trails
58,58,58,200201300DET,24.0,5.0,4th quarter,8:10.0,Jason Terry,ATL,True,2-pointer,0,55-64,'DET',trails
59,59,59,200201300DET,5.1,24.8,4th quarter,7:46.0,Jason Terry,ATL,True,3-pointer,27,58-64,'DET',trails
60,60,60,200201300DET,46.8,5.9,4th quarter,7:06.0,Ira Newble,ATL,False,3-pointer,23,58-67,'DET',trails
61,61,61,200201300DET,38.2,16.2,4th quarter,6:28.0,Jason Terry,ATL,True,2-pointer,18,60-69,'DET',trails
62,62,62,200201300DET,33.1,9.2,4th quarter,5:59.0,Hanno Möttölä,ATL,False,2-pointer,10,60-72,'DET',trails
63,63,63,200201300DET,31.0,6.5,4th quarter,5:32.0,Shareef Abdur-Rahim,ATL,False,2-pointer,7,60-75,'DET',trails
64,64,64,200201300DET,24.0,5.0,4th quarter,4:57.0,Jason Terry,ATL,False,2-pointer,0,60-77,'DET',trails
65,65,65,200201300DET,24.0,5.0,4th quarter,4:52.0,Shareef Abdur-Rahim,ATL,True,2-pointer,0,62-77,'DET',trails
66,66,66,200201300DET,37.6,27.2,4th quarter,4:24.0,Jason Terry,ATL,True,3-pointer,26,65-77,'DET',trails
67,67,67,200201300DET,38.2,14.1,4th quarter,3:40.0,Ira Newble,ATL,True,2-pointer,17,67-79,'DET',trails
68,68,68,200201300DET,24.0,5.0,4th quarter,2:28.0,Nazr Mohammed,ATL,False,2-pointer,0,68-83,'DET',trails
69,69,69,200201300DET,39.7,11.1,4th quarter,2:00.0,Jason Terry,ATL,True,2-pointer,17,70-85,'DET',trails
70,70,70,200201300DET,34.0,30.1,4th quarter,0:50.7,Jason Terry,ATL,False,3-pointer,27,70-88,'DET',trails
71,71,71,200201300DET,36.9,5.9,1st quarter,11:42.0,Clifford Robinson,DET,True,2-pointer,13,2-0,'DET',leads
72,72,72,200201300DET,24.0,5.0,1st quarter,11:15.0,Chucky Atkins,DET,True,2-pointer,0,4-0,'DET',leads
73,73,73,200201300DET,31.0,31.2,1st quarter,10:54.0,Clifford Robinson,DET,False,3-pointer,27,5-2,'DET',leads
74,74,74,200201300DET,28.9,5.9,1st quarter,10:14.0,Ben Wallace,DET,True,2-pointer,5,9-2,'DET',leads
75,75,75,200201300DET,10.2,12.2,1st quarter,9:08.0,Jerry Stackhouse,DET,True,2-pointer,16,11-2,'DET',leads
76,76,76,200201300DET,39.7,7.6,1st quarter,8:24.0,Jerry Stackhouse,DET,True,2-pointer,16,13-2,'DET',leads
77,77,77,200201300DET,41.8,4.4,1st quarter,7:26.0,Chucky Atkins,DET,False,2-pointer,18,13-4,'DET',leads
78,78,78,200201300DET,10.2,20.2,1st quarter,7:21.0,Clifford Robinson,DET,False,2-pointer,21,13-4,'DET',leads
79,79,79,200201300DET,7.8,8.8,1st quarter,6:50.0,Jerry Stackhouse,DET,False,2-pointer,17,13-6,'DET',leads
80,80,80,200201300DET,24.0,5.0,1st quarter,6:37.0,Jerry Stackhouse,DET,True,2-pointer,0,15-6,'DET',leads
81,81,81,200201300DET,39.7,5.9,1st quarter,5:21.0,Jerry Stackhouse,DET,True,2-pointer,16,19-8,'DET',leads
82,82,82,200201300DET,24.0,5.0,1st quarter,4:45.0,Chucky Atkins,DET,True,2-pointer,0,21-8,'DET',leads
83,83,83,200201300DET,24.0,5.0,1st quarter,3:57.0,Ben Wallace,DET,True,2-pointer,0,24-10,'DET',leads
84,84,84,200201300DET,24.0,5.0,1st quarter,3:35.0,Jerry Stackhouse,DET,True,2-pointer,0,26-10,'DET',leads
85,85,85,200201300DET,15.6,31.2,1st quarter,3:12.0,Chucky Atkins,DET,False,3-pointer,28,26-10,'DET',leads
86,86,86,200201300DET,7.8,8.8,1st quarter,2:19.0,Jerry Stackhouse,DET,False,2-pointer,17,26-12,'DET',leads
87,87,87,200201300DET,24.0,5.0,1st quarter,1:25.0,Jerry Stackhouse,DET,False,2-pointer,0,28-12,'DET',leads
88,88,88,200201300DET,10.8,5.4,1st quarter,0:23.6,Corliss Williamson,DET,False,2-pointer,13,28-17,'DET',leads
89,89,89,200201300DET,21.3,31.2,1st quarter,0:01.0,Chucky Atkins,DET,False,3-pointer,26,28-19,'DET',leads
90,90,90,200201300DET,24.0,5.0,2nd quarter,11:21.0,Corliss Williamson,DET,False,2-pointer,0,28-19,'DET',leads
91,91,91,200201300DET,24.0,5.0,2nd quarter,11:18.0,Corliss Williamson,DET,True,2-pointer,0,30-19,'DET',leads
92,92,92,200201300DET,48.3,16.2,2nd quarter,10:42.0,Jon Barry,DET,False,3-pointer,27,30-21,'DET',leads
93,93,93,200201300DET,24.0,5.0,2nd quarter,10:37.0,Jon Barry,DET,True,2-pointer,0,32-21,'DET',leads
94,94,94,200201300DET,46.8,6.5,2nd quarter,9:47.0,Damon Jones,DET,False,3-pointer,23,32-23,'DET',leads
95,95,95,200201300DET,24.0,5.0,2nd quarter,9:44.0,Corliss Williamson,DET,True,2-pointer,0,34-23,'DET',leads
96,96,96,200201300DET,39.0,15.8,2nd quarter,7:56.0,Michael Curry,DET,True,2-pointer,18,36-24,'DET',leads
97,97,97,200201300DET,33.1,29.5,2nd quarter,7:07.0,Michael Curry,DET,False,3-pointer,26,36-27,'DET',leads
98,98,98,200201300DET,24.0,5.0,2nd quarter,7:03.0,Ben Wallace,DET,False,2-pointer,0,36-27,'DET',leads
99,99,99,200201300DET,27.7,10.5,2nd quarter,5:53.0,Clifford Robinson,DET,False,2-pointer,7,36-29,'DET',leads
100,100,100,200201300DET,27.7,6.5,2nd quarter,5:44.0,Ben Wallace,DET,False,2-pointer,4,36-29,'DET',leads
101,101,101,200201300DET,23.6,22.7,2nd quarter,5:05.0,Jerry Stackhouse,DET,False,2-pointer,18,36-31,'DET',leads
102,102,102,200201300DET,24.0,5.0,2nd quarter,5:03.0,Ben Wallace,DET,False,2-pointer,0,36-31,'DET',leads
103,103,103,200201300DET,9.3,15.8,2nd quarter,4:39.0,Michael Curry,DET,True,2-pointer,18,38-31,'DET',leads
104,104,104,200201300DET,24.0,5.0,2nd quarter,4:17.0,Chucky Atkins,DET,True,2-pointer,0,40-31,'DET',leads
105,105,105,200201300DET,40.3,5.9,2nd quarter,3:26.0,Jerry Stackhouse,DET,False,2-pointer,16,40-33,'DET',leads
106,106,106,200201300DET,-0.6,6.5,2nd quarter,2:52.0,Jerry Stackhouse,DET,False,3-pointer,25,40-35,'DET',leads
107,107,107,200201300DET,24.0,5.0,2nd quarter,0:01.0,Chucky Atkins,DET,False,2-pointer,0,47-41,'DET',leads
108,108,108,200201300DET,5.1,6.5,3rd quarter,11:24.0,Chucky Atkins,DET,False,2-pointer,19,47-41,'DET',leads
109,109,109,200201300DET,5.7,4.4,3rd quarter,10:50.0,Michael Curry,DET,False,2-pointer,18,47-41,'DET',leads
110,110,110,200201300DET,12.9,5.0,3rd quarter,10:22.0,Clifford Robinson,DET,False,2-pointer,11,47-41,'DET',leads
111,111,111,200201300DET,16.5,23.1,3rd quarter,9:53.0,Jerry Stackhouse,DET,False,2-pointer,20,47-43,'DET',leads
112,112,112,200201300DET,7.8,5.9,3rd quarter,9:27.0,Jerry Stackhouse,DET,True,2-pointer,16,49-43,'DET',leads
113,113,113,200201300DET,15.0,11.1,3rd quarter,8:48.0,Clifford Robinson,DET,False,2-pointer,11,50-45,'DET',leads
114,114,114,200201300DET,35.5,19.1,3rd quarter,8:39.0,Clifford Robinson,DET,True,2-pointer,18,52-45,'DET',leads
115,115,115,200201300DET,0.2,17.5,3rd quarter,8:18.0,Clifford Robinson,DET,False,3-pointer,27,52-45,'DET',leads
116,116,116,200201300DET,40.3,13.5,3rd quarter,7:45.0,Jerry Stackhouse,DET,False,2-pointer,18,52-47,'DET',leads
117,117,117,200201300DET,34.0,9.2,3rd quarter,7:23.0,Clifford Robinson,DET,False,2-pointer,11,52-47,'DET',leads
118,118,118,200201300DET,32.5,9.9,3rd quarter,7:17.0,Clifford Robinson,DET,False,2-pointer,10,52-47,'DET',leads
119,119,119,200201300DET,24.0,5.0,3rd quarter,6:51.0,Jerry Stackhouse,DET,False,2-pointer,0,52-47,'DET',leads
120,120,120,200201300DET,10.8,4.4,3rd quarter,6:06.0,Clifford Robinson,DET,False,2-pointer,13,52-47,'DET',leads
121,121,121,200201300DET,-0.6,11.6,3rd quarter,6:01.0,Jerry Stackhouse,DET,False,3-pointer,25,52-47,'DET',leads
122,122,122,200201300DET,48.3,12.8,3rd quarter,5:27.0,Chucky Atkins,DET,False,3-pointer,26,52-47,'DET',leads
123,123,123,200201300DET,24.0,5.0,3rd quarter,5:24.0,Clifford Robinson,DET,False,2-pointer,0,52-47,'DET',leads
124,124,124,200201300DET,24.0,5.0,3rd quarter,4:00.0,Corliss Williamson,DET,True,2-pointer,0,54-49,'DET',leads
125,125,125,200201300DET,24.0,5.0,3rd quarter,3:32.0,Corliss Williamson,DET,True,2-pointer,0,56-49,'DET',leads
126,126,126,200201300DET,24.7,20.2,3rd quarter,2:30.0,Clifford Robinson,DET,False,2-pointer,15,58-49,'DET',leads
127,127,127,200201300DET,36.1,16.2,3rd quarter,2:16.0,Jerry Stackhouse,DET,False,2-pointer,16,58-49,'DET',leads
128,128,128,200201300DET,24.0,5.0,3rd quarter,0:49.2,Ben Wallace,DET,False,2-pointer,0,58-51,'DET',leads
129,129,129,200201300DET,24.0,5.0,3rd quarter,0:06.2,Ben Wallace,DET,True,2-pointer,0,60-52,'DET',leads
130,130,130,200201300DET,40.3,11.1,4th quarter,11:45.0,Corliss Williamson,DET,False,2-pointer,17,60-52,'DET',leads
131,131,131,200201300DET,24.0,5.0,4th quarter,11:12.0,Corliss Williamson,DET,True,2-pointer,0,62-52,'DET',leads
132,132,132,200201300DET,0.2,8.8,4th quarter,10:14.0,Chucky Atkins,DET,False,3-pointer,24,62-52,'DET',leads
133,133,133,200201300DET,24.0,5.0,4th quarter,9:57.0,Željko Rebrača,DET,False,2-pointer,0,62-52,'DET',leads
134,134,134,200201300DET,36.1,15.1,4th quarter,8:54.0,Ben Wallace,DET,True,2-pointer,16,64-52,'DET',leads
135,135,135,200201300DET,10.2,28.4,4th quarter,8:40.0,Jon Barry,DET,False,3-pointer,27,64-52,'DET',leads
136,136,136,200201300DET,38.2,27.2,4th quarter,7:54.0,Damon Jones,DET,False,3-pointer,26,64-55,'DET',leads
137,137,137,200201300DET,10.2,29.5,4th quarter,7:21.0,Jerry Stackhouse,DET,True,3-pointer,28,67-58,'DET',leads
138,138,138,200201300DET,5.1,4.4,4th quarter,6:44.0,Jerry Stackhouse,DET,True,2-pointer,19,69-58,'DET',leads
139,139,139,200201300DET,0.2,15.8,4th quarter,6:15.0,Chucky Atkins,DET,True,3-pointer,26,72-60,'DET',leads
140,140,140,200201300DET,0.2,5.0,4th quarter,5:50.0,Jon Barry,DET,True,3-pointer,24,75-60,'DET',leads
141,141,141,200201300DET,6.4,4.4,4th quarter,5:12.0,Jerry Stackhouse,DET,False,2-pointer,18,75-60,'DET',leads
142,142,142,200201300DET,14.4,5.9,4th quarter,4:06.0,Clifford Robinson,DET,True,2-pointer,10,79-65,'DET',leads
143,143,143,200201300DET,39.7,12.8,4th quarter,3:18.0,Ben Wallace,DET,False,2-pointer,18,79-67,'DET',leads
144,144,144,200201300DET,43.1,22.7,4th quarter,2:42.0,Chucky Atkins,DET,True,3-pointer,26,83-68,'DET',leads
145,145,145,200201300DET,41.8,24.4,4th quarter,1:24.0,Jerry Stackhouse,DET,True,3-pointer,26,88-70,'DET',leads
146,146,146,200201300DET,24.0,5.0,4th quarter,1:00.0,Ben Wallace,DET,False,2-pointer,0,88-70,'DET',leads
147,147,147,200201300DET,11.6,4.4,4th quarter,0:14.9,Željko Rebrača,DET,False,2-pointer,12,88-71,'DET',leads
148,148,148,200201300IND,24.1,11.8,1st quarter,11:20.0,Pau Gasol,MEM,True,2-pointer,7,2-0,'IND',leads
149,149,149,200201300IND,41.4,5.7,1st quarter,10:41.0,Shane Battier,MEM,False,2-pointer,17,2-2,'IND',tied
150,150,150,200201300IND,21.3,6.3,1st quarter,9:59.0,Shane Battier,MEM,True,2-pointer,3,4-2,'IND',leads
151,151,151,200201300IND,26.2,6.3,1st quarter,9:38.0,Brevin Knight,MEM,False,2-pointer,3,4-2,'IND',leads
152,152,152,200201300IND,41.4,6.3,1st quarter,9:12.0,Shane Battier,MEM,True,2-pointer,17,6-5,'IND',leads
153,153,153,200201300IND,12.7,14.7,1st quarter,8:48.0,Brevin Knight,MEM,True,2-pointer,15,8-7,'IND',leads
154,154,154,200201300IND,20.7,10.1,1st quarter,7:18.0,Shane Battier,MEM,True,2-pointer,6,10-9,'IND',leads
155,155,155,200201300IND,40.7,8.0,1st quarter,6:44.0,Shane Battier,MEM,True,2-pointer,17,12-9,'IND',leads
156,156,156,200201300IND,13.5,22.9,1st quarter,6:04.0,Brevin Knight,MEM,False,2-pointer,21,12-9,'IND',leads
157,157,157,200201300IND,24.7,9.7,1st quarter,6:00.0,Pau Gasol,MEM,False,2-pointer,5,12-9,'IND',leads
158,158,158,200201300IND,25.6,6.3,1st quarter,5:57.0,Tony Massenburg,MEM,False,2-pointer,2,12-9,'IND',leads
159,159,159,200201300IND,40.7,10.7,1st quarter,5:23.0,Stromile Swift,MEM,False,2-pointer,18,12-11,'IND',leads
160,160,160,200201300IND,14.8,5.7,1st quarter,4:43.0,Pau Gasol,MEM,False,2-pointer,9,12-13,'IND',trails
161,161,161,200201300IND,15.6,6.3,1st quarter,4:40.0,Pau Gasol,MEM,False,2-pointer,9,12-13,'IND',trails
162,162,162,200201300IND,25.6,4.8,1st quarter,4:27.0,Brevin Knight,MEM,False,2-pointer,2,12-13,'IND',trails
163,163,163,200201300IND,12.1,5.7,1st quarter,3:56.0,Shane Battier,MEM,False,2-pointer,12,12-15,'IND',trails
164,164,164,200201300IND,19.8,9.7,1st quarter,3:22.0,Pau Gasol,MEM,False,2-pointer,6,12-17,'IND',trails
165,165,165,200201300IND,29.8,10.1,1st quarter,2:58.0,Stromile Swift,MEM,True,2-pointer,8,14-18,'IND',trails
166,166,166,200201300IND,47.1,9.0,1st quarter,2:01.0,Shane Battier,MEM,False,3-pointer,23,15-20,'IND',trails
167,167,167,200201300IND,24.7,6.3,1st quarter,1:47.0,Shane Battier,MEM,True,2-pointer,1,17-20,'IND',trails
168,168,168,200201300IND,10.6,16.4,1st quarter,1:15.0,Rodney Buford,MEM,False,2-pointer,18,17-20,'IND',trails
169,169,169,200201300IND,40.7,16.8,1st quarter,0:51.3,Rodney Buford,MEM,False,2-pointer,20,17-22,'IND',trails
170,170,170,200201300IND,29.1,22.9,1st quarter,0:24.4,Grant Long,MEM,False,2-pointer,19,17-23,'IND',trails
171,171,171,200201300IND,24.7,13.5,2nd quarter,11:46.0,Stromile Swift,MEM,False,2-pointer,9,17-25,'IND',trails
172,172,172,200201300IND,24.1,6.3,2nd quarter,11:16.0,Stromile Swift,MEM,True,2-pointer,1,19-25,'IND',trails
173,173,173,200201300IND,12.7,19.1,2nd quarter,10:36.0,Brevin Knight,MEM,True,2-pointer,18,21-25,'IND',trails
174,174,174,200201300IND,48.5,5.7,2nd quarter,10:14.0,Nick Anderson,MEM,False,3-pointer,25,21-26,'IND',trails
175,175,175,200201300IND,22.8,5.0,2nd quarter,9:15.0,Shane Battier,MEM,True,2-pointer,1,23-28,'IND',trails
176,176,176,200201300IND,45.0,5.0,2nd quarter,8:13.0,Rodney Buford,MEM,True,2-pointer,21,25-31,'IND',trails
177,177,177,200201300IND,16.9,4.2,2nd quarter,7:48.0,Pau Gasol,MEM,False,2-pointer,7,25-31,'IND',trails
178,178,178,200201300IND,45.0,18.5,2nd quarter,6:53.0,Rodney Buford,MEM,False,3-pointer,25,27-31,'IND',trails
179,179,179,200201300IND,24.1,17.9,2nd quarter,4:31.0,Rodney Buford,MEM,False,2-pointer,13,29-34,'IND',trails
180,180,180,200201300IND,24.7,6.9,2nd quarter,4:10.0,Shane Battier,MEM,True,2-pointer,2,31-36,'IND',trails
181,181,181,200201300IND,40.7,5.7,2nd quarter,3:32.0,Shane Battier,MEM,False,2-pointer,17,31-36,'IND',trails
182,182,182,200201300IND,17.7,22.9,2nd quarter,2:29.0,Brevin Knight,MEM,False,2-pointer,19,31-36,'IND',trails
183,183,183,200201300IND,18.4,8.0,2nd quarter,1:53.0,Pau Gasol,MEM,True,2-pointer,6,35-38,'IND',trails
184,184,184,200201300IND,24.1,6.9,2nd quarter,0:51.1,Shane Battier,MEM,True,2-pointer,2,37-40,'IND',trails
185,185,185,200201300IND,47.7,13.0,2nd quarter,0:05.3,Will Solomon,MEM,False,3-pointer,25,39-41,'IND',trails
186,186,186,200201300IND,14.8,24.2,2nd quarter,0:02.1,Brevin Knight,MEM,False,2-pointer,21,39-41,'IND',trails
187,187,187,200201300IND,24.1,10.7,3rd quarter,11:24.0,Pau Gasol,MEM,True,2-pointer,6,41-41,'IND',tied
188,188,188,200201300IND,27.7,6.9,3rd quarter,10:55.0,Tony Massenburg,MEM,True,2-pointer,4,43-41,'IND',leads
189,189,189,200201300IND,23.6,13.5,3rd quarter,10:16.0,Brevin Knight,MEM,True,2-pointer,9,45-41,'IND',leads
190,190,190,200201300IND,25.6,6.3,3rd quarter,9:56.0,Tony Massenburg,MEM,True,2-pointer,2,47-41,'IND',leads
191,191,191,200201300IND,38.4,3.7,3rd quarter,9:00.0,Tony Massenburg,MEM,False,2-pointer,14,49-41,'IND',leads
192,192,192,200201300IND,25.6,4.8,3rd quarter,8:10.0,Pau Gasol,MEM,True,2-pointer,2,51-44,'IND',leads
193,193,193,200201300IND,16.9,19.8,3rd quarter,6:43.0,Brevin Knight,MEM,True,2-pointer,16,53-46,'IND',leads
194,194,194,200201300IND,1.1,3.7,3rd quarter,6:19.0,Shane Battier,MEM,True,3-pointer,23,56-46,'IND',leads
195,195,195,200201300IND,18.4,9.7,3rd quarter,5:40.0,Pau Gasol,MEM,True,2-pointer,7,58-46,'IND',leads
196,196,196,200201300IND,29.1,20.8,3rd quarter,5:12.0,Brevin Knight,MEM,False,2-pointer,17,58-46,'IND',leads
197,197,197,200201300IND,21.3,8.0,3rd quarter,4:07.0,Pau Gasol,MEM,True,2-pointer,4,60-48,'IND',leads
198,198,198,200201300IND,18.4,10.1,3rd quarter,2:56.0,Shane Battier,MEM,False,2-pointer,8,60-50,'IND',leads
199,199,199,200201300IND,22.8,7.3,3rd quarter,2:43.0,Rodney Buford,MEM,True,2-pointer,3,62-50,'IND',leads
200,200,200,200201300IND,9.9,16.8,3rd quarter,2:13.0,Brevin Knight,MEM,False,2-pointer,18,62-50,'IND',leads
201,201,201,200201300IND,21.3,22.9,3rd quarter,1:42.0,Stromile Swift,MEM,True,2-pointer,18,64-52,'IND',leads
202,202,202,200201300IND,12.7,15.1,3rd quarter,0:49.3,Brevin Knight,MEM,False,2-pointer,15,66-52,'IND',leads
203,203,203,200201300IND,24.1,8.0,3rd quarter,0:47.1,Stromile Swift,MEM,False,2-pointer,3,66-52,'IND',leads
204,204,204,200201300IND,25.6,6.3,3rd quarter,0:45.8,Pau Gasol,MEM,False,2-pointer,2,66-52,'IND',leads
205,205,205,200201300IND,25.6,6.3,3rd quarter,0:43.8,Rodney Buford,MEM,False,2-pointer,2,66-52,'IND',leads
206,206,206,200201300IND,12.1,9.0,3rd quarter,0:05.2,Pau Gasol,MEM,False,2-pointer,13,66-54,'IND',leads
207,207,207,200201300IND,24.7,6.3,4th quarter,10:41.0,Stromile Swift,MEM,False,2-pointer,1,66-56,'IND',leads
208,208,208,200201300IND,17.7,9.7,4th quarter,9:52.0,Tony Massenburg,MEM,False,2-pointer,8,66-58,'IND',leads
209,209,209,200201300IND,15.6,19.1,4th quarter,9:26.0,Brevin Knight,MEM,True,2-pointer,16,68-58,'IND',leads
210,210,210,200201300IND,24.7,6.3,4th quarter,8:41.0,Tony Massenburg,MEM,True,2-pointer,1,70-58,'IND',leads
211,211,211,200201300IND,22.8,9.0,4th quarter,8:00.0,Pau Gasol,MEM,False,2-pointer,4,70-58,'IND',leads
212,212,212,200201300IND,29.1,24.8,4th quarter,7:30.0,Rodney Buford,MEM,True,2-pointer,20,72-60,'IND',leads
213,213,213,200201300IND,21.3,21.9,4th quarter,6:57.0,Rodney Buford,MEM,True,2-pointer,17,74-62,'IND',leads
214,214,214,200201300IND,26.2,8.0,4th quarter,6:22.0,Pau Gasol,MEM,False,2-pointer,4,74-64,'IND',leads
215,215,215,200201300IND,24.7,6.3,4th quarter,6:20.0,Tony Massenburg,MEM,False,2-pointer,1,74-64,'IND',leads
216,216,216,200201300IND,26.2,9.7,4th quarter,5:29.0,Rodney Buford,MEM,False,2-pointer,5,74-66,'IND',leads
217,217,217,200201300IND,24.7,8.0,4th quarter,5:26.0,Tony Massenburg,MEM,True,2-pointer,3,76-66,'IND',leads
218,218,218,200201300IND,9.1,26.9,4th quarter,4:55.0,Shane Battier,MEM,True,3-pointer,26,79-66,'IND',leads
219,219,219,200201300IND,16.9,21.9,4th quarter,4:12.0,Pau Gasol,MEM,False,2-pointer,18,79-66,'IND',leads
220,220,220,200201300IND,22.8,7.3,4th quarter,3:32.0,Pau Gasol,MEM,False,2-pointer,3,79-68,'IND',leads
221,221,221,200201300IND,33.4,7.3,4th quarter,3:01.0,Shane Battier,MEM,True,2-pointer,10,81-71,'IND',leads
222,222,222,200201300IND,42.0,8.4,4th quarter,2:23.0,Brevin Knight,MEM,False,2-pointer,18,81-73,'IND',leads
223,223,223,200201300IND,21.3,6.3,4th quarter,1:38.0,Tony Massenburg,MEM,False,2-pointer,3,81-77,'IND',leads
224,224,224,200201300IND,22.8,5.0,4th quarter,0:41.3,Shane Battier,MEM,False,2-pointer,1,82-80,'IND',leads
225,225,225,200201300IND,32.5,25.9,4th quarter,0:01.6,Brevin Knight,MEM,False,2-pointer,23,82-83,'IND',trails
226,226,226,200201300IND,15.6,4.8,1st quarter,11:42.0,Jermaine O'Neal,IND,False,2-pointer,8,0-0,'IND',tied
227,227,227,200201300IND,18.4,22.9,1st quarter,11:06.0,Travis Best,IND,True,2-pointer,19,2-2,'IND',tied
228,228,228,200201300IND,27.0,5.7,1st quarter,9:44.0,Travis Best,IND,False,2-pointer,3,2-4,'IND',trails
229,229,229,200201300IND,1.1,3.7,1st quarter,9:28.0,Jalen Rose,IND,True,3-pointer,23,5-4,'IND',leads
230,230,230,200201300IND,9.9,5.7,1st quarter,8:31.0,Jalen Rose,IND,True,2-pointer,14,9-8,'IND',leads
231,231,231,200201300IND,27.0,11.8,1st quarter,8:08.0,Jermaine O'Neal,IND,False,2-pointer,7,9-8,'IND',leads
232,232,232,200201300IND,30.4,4.2,1st quarter,7:40.0,Jermaine O'Neal,IND,False,2-pointer,6,9-8,'IND',leads
233,233,233,200201300IND,14.2,6.9,1st quarter,5:07.0,Jermaine O'Neal,IND,True,2-pointer,10,13-12,'IND',leads
234,234,234,200201300IND,23.6,6.3,1st quarter,4:33.0,Jermaine O'Neal,IND,False,2-pointer,1,13-12,'IND',leads
235,235,235,200201300IND,24.1,6.3,1st quarter,4:20.0,Travis Best,IND,True,2-pointer,1,15-12,'IND',leads
236,236,236,200201300IND,32.5,8.4,1st quarter,2:25.0,Jalen Rose,IND,True,2-pointer,9,20-15,'IND',leads
237,237,237,200201300IND,22.2,6.3,1st quarter,1:06.0,Jalen Rose,IND,True,2-pointer,2,22-17,'IND',leads
238,238,238,200201300IND,23.6,9.0,1st quarter,0:02.5,Jeff Foster,IND,False,2-pointer,4,23-17,'IND',leads
239,239,239,200201300IND,27.7,5.7,2nd quarter,11:31.0,Austin Croshere,IND,False,2-pointer,4,25-17,'IND',leads
240,240,240,200201300IND,0.5,5.0,2nd quarter,10:49.0,Jalen Rose,IND,False,3-pointer,24,25-19,'IND',leads
241,241,241,200201300IND,42.0,5.7,2nd quarter,9:59.0,Austin Croshere,IND,True,2-pointer,18,28-21,'IND',leads
242,242,242,200201300IND,6.4,5.7,2nd quarter,9:27.0,Austin Croshere,IND,False,2-pointer,18,28-21,'IND',leads
243,243,243,200201300IND,36.3,17.9,2nd quarter,8:27.0,Travis Best,IND,True,2-pointer,18,31-23,'IND',leads
244,244,244,200201300IND,36.3,9.0,2nd quarter,7:59.0,Travis Best,IND,False,2-pointer,13,31-25,'IND',leads
245,245,245,200201300IND,18.4,9.7,2nd quarter,7:29.0,Jalen Rose,IND,False,2-pointer,7,31-25,'IND',leads
246,246,246,200201300IND,24.1,30.7,2nd quarter,7:03.0,Jeff Foster,IND,False,3-pointer,26,31-27,'IND',leads
247,247,247,200201300IND,17.7,17.9,2nd quarter,6:28.0,Jermaine O'Neal,IND,True,2-pointer,14,33-27,'IND',leads
248,248,248,200201300IND,7.0,7.3,2nd quarter,3:51.0,Reggie Miller,IND,False,2-pointer,17,36-31,'IND',leads
249,249,249,200201300IND,36.9,5.7,2nd quarter,2:43.0,Jalen Rose,IND,False,2-pointer,13,36-31,'IND',leads
250,250,250,200201300IND,22.8,5.7,2nd quarter,2:14.0,Carlos Rogers,IND,True,2-pointer,1,38-33,'IND',leads
251,251,251,200201300IND,41.4,6.3,2nd quarter,1:37.0,Jalen Rose,IND,True,2-pointer,17,40-35,'IND',leads
252,252,252,200201300IND,27.0,5.7,2nd quarter,1:09.0,Carlos Rogers,IND,False,2-pointer,3,40-35,'IND',leads
253,253,253,200201300IND,6.4,10.1,2nd quarter,0:39.9,Jalen Rose,IND,False,2-pointer,18,40-37,'IND',leads
254,254,254,200201300IND,24.7,7.3,2nd quarter,0:36.7,Austin Croshere,IND,False,2-pointer,2,40-37,'IND',leads
255,255,255,200201300IND,25.6,30.3,3rd quarter,11:11.0,Reggie Miller,IND,False,3-pointer,25,41-41,'IND',tied
256,256,256,200201300IND,30.4,21.9,3rd quarter,10:30.0,Jalen Rose,IND,False,2-pointer,18,41-43,'IND',trails
257,257,257,200201300IND,21.3,9.0,3rd quarter,10:01.0,Reggie Miller,IND,False,2-pointer,5,41-45,'IND',trails
258,258,258,200201300IND,34.0,5.7,3rd quarter,9:14.0,Jermaine O'Neal,IND,False,2-pointer,10,41-49,'IND',trails
259,259,259,200201300IND,24.1,8.0,3rd quarter,8:53.0,Jermaine O'Neal,IND,True,2-pointer,3,43-49,'IND',trails
260,260,260,200201300IND,25.6,10.1,3rd quarter,8:21.0,Jalen Rose,IND,False,2-pointer,5,44-49,'IND',trails
261,261,261,200201300IND,29.1,8.4,3rd quarter,7:50.0,Jermaine O'Neal,IND,False,2-pointer,6,44-51,'IND',trails
262,262,262,200201300IND,31.9,19.8,3rd quarter,7:20.0,Reggie Miller,IND,False,2-pointer,17,46-51,'IND',trails
263,263,263,200201300IND,8.5,25.3,3rd quarter,6:49.0,Jonathan Bender,IND,False,3-pointer,26,46-51,'IND',trails
264,264,264,200201300IND,22.2,8.0,3rd quarter,6:28.0,Jonathan Bender,IND,False,2-pointer,4,46-53,'IND',trails
265,265,265,200201300IND,33.4,6.9,3rd quarter,5:58.0,Jalen Rose,IND,False,2-pointer,10,46-56,'IND',trails
266,266,266,200201300IND,24.1,6.9,3rd quarter,5:26.0,Jermaine O'Neal,IND,False,2-pointer,2,46-58,'IND',trails
267,267,267,200201300IND,31.3,8.0,3rd quarter,4:55.0,Jermaine O'Neal,IND,False,2-pointer,8,46-58,'IND',trails
268,268,268,200201300IND,24.7,5.7,3rd quarter,4:53.0,Jermaine O'Neal,IND,True,2-pointer,1,48-58,'IND',trails
269,269,269,200201300IND,29.8,3.7,3rd quarter,4:14.0,Jermaine O'Neal,IND,False,2-pointer,6,48-58,'IND',trails
270,270,270,200201300IND,19.2,19.8,3rd quarter,3:45.0,Travis Best,IND,False,2-pointer,16,48-60,'IND',trails
271,271,271,200201300IND,22.8,5.7,3rd quarter,3:17.0,Jalen Rose,IND,True,2-pointer,1,50-60,'IND',trails
272,272,272,200201300IND,13.5,22.3,3rd quarter,2:31.0,Jalen Rose,IND,False,2-pointer,20,50-62,'IND',trails
273,273,273,200201300IND,25.6,5.0,3rd quarter,2:02.0,Jeff Foster,IND,True,2-pointer,2,52-62,'IND',trails
274,274,274,200201300IND,37.8,18.5,3rd quarter,1:29.0,Reggie Miller,IND,False,2-pointer,19,52-64,'IND',trails
275,275,275,200201300IND,7.0,24.2,3rd quarter,1:17.0,Reggie Miller,IND,False,3-pointer,26,52-66,'IND',trails
276,276,276,200201300IND,6.4,22.3,3rd quarter,1:12.0,Reggie Miller,IND,False,3-pointer,25,52-66,'IND',trails
277,277,277,200201300IND,24.7,6.3,3rd quarter,0:27.5,Travis Best,IND,True,2-pointer,1,54-66,'IND',trails
278,278,278,200201300IND,1.1,4.8,4th quarter,11:45.0,Austin Croshere,IND,False,3-pointer,23,54-66,'IND',trails
279,279,279,200201300IND,30.4,5.7,4th quarter,11:27.0,Jermaine O'Neal,IND,True,2-pointer,6,56-66,'IND',trails
280,280,280,200201300IND,16.9,28.6,4th quarter,11:02.0,Travis Best,IND,False,3-pointer,25,56-66,'IND',trails
281,281,281,200201300IND,44.1,3.1,4th quarter,10:11.0,Jalen Rose,IND,True,2-pointer,20,58-66,'IND',trails
282,282,282,200201300IND,27.0,5.0,4th quarter,9:44.0,Austin Croshere,IND,False,2-pointer,3,58-66,'IND',trails
283,283,283,200201300IND,24.7,8.0,4th quarter,9:05.0,Jonathan Bender,IND,False,2-pointer,3,58-68,'IND',trails
284,284,284,200201300IND,9.1,20.2,4th quarter,8:26.0,Austin Croshere,IND,False,2-pointer,21,58-70,'IND',trails
285,285,285,200201300IND,7.0,4.2,4th quarter,7:49.0,Jalen Rose,IND,True,2-pointer,17,60-70,'IND',trails
286,286,286,200201300IND,39.3,6.9,4th quarter,7:16.0,Travis Best,IND,True,2-pointer,15,62-72,'IND',trails
287,287,287,200201300IND,26.2,5.0,4th quarter,6:41.0,Jermaine O'Neal,IND,True,2-pointer,2,64-74,'IND',trails
288,288,288,200201300IND,22.8,6.3,4th quarter,6:11.0,Jermaine O'Neal,IND,False,2-pointer,2,64-74,'IND',trails
289,289,289,200201300IND,25.6,22.9,4th quarter,6:00.0,Jalen Rose,IND,False,2-pointer,18,64-74,'IND',trails
290,290,290,200201300IND,25.6,5.0,4th quarter,5:48.0,Jermaine O'Neal,IND,True,2-pointer,2,66-74,'IND',trails
291,291,291,200201300IND,32.5,5.0,4th quarter,5:06.0,Jermaine O'Neal,IND,False,2-pointer,9,66-76,'IND',trails
292,292,292,200201300IND,24.7,10.1,4th quarter,4:35.0,Jermaine O'Neal,IND,False,2-pointer,5,66-79,'IND',trails
293,293,293,200201300IND,39.3,18.5,4th quarter,3:57.0,Travis Best,IND,True,2-pointer,20,68-79,'IND',trails
294,294,294,200201300IND,47.7,5.7,4th quarter,3:21.0,Jonathan Bender,IND,True,3-pointer,24,71-79,'IND',trails
295,295,295,200201300IND,17.7,6.3,4th quarter,2:46.0,Jalen Rose,IND,True,2-pointer,6,73-81,'IND',trails
296,296,296,200201300IND,13.5,26.9,4th quarter,2:14.0,Jonathan Bender,IND,True,3-pointer,24,76-81,'IND',trails
297,297,297,200201300IND,14.8,17.5,4th quarter,1:24.0,Jalen Rose,IND,False,2-pointer,16,77-81,'IND',trails
298,298,298,200201300IND,14.8,29.3,4th quarter,0:57.3,Reggie Miller,IND,True,3-pointer,26,80-82,'IND',trails
299,299,299,200201300IND,2.6,17.9,4th quarter,0:18.9,Reggie Miller,IND,True,3-pointer,25,83-82,'IND',leads
300,300,300,200201300ORL,21.7,11.6,1st quarter,11:50.0,Shaquille O'Neal,LAL,True,2-pointer,7,2-0,'LAL',leads
301,301,301,200201300ORL,33.8,17.2,1st quarter,11:12.0,Rick Fox,LAL,False,2-pointer,16,2-2,'LAL',tied
302,302,302,200201300ORL,41.6,12.8,1st quarter,10:45.0,Rick Fox,LAL,False,2-pointer,19,2-2,'LAL',tied
303,303,303,200201300ORL,24.0,5.0,1st quarter,10:05.0,Samaki Walker,LAL,True,2-pointer,0,4-4,'LAL',tied
304,304,304,200201300ORL,20.3,12.8,1st quarter,9:37.0,Shaquille O'Neal,LAL,False,2-pointer,9,4-4,'LAL',tied
305,305,305,200201300ORL,24.0,5.0,1st quarter,9:36.0,Kobe Bryant,LAL,True,2-pointer,0,6-4,'LAL',leads
306,306,306,200201300ORL,14.6,17.2,1st quarter,8:50.0,Kobe Bryant,LAL,False,2-pointer,15,6-4,'LAL',leads
307,307,307,200201300ORL,31.7,17.2,1st quarter,7:26.0,Lindsey Hunter,LAL,False,2-pointer,14,7-11,'LAL',trails
308,308,308,200201300ORL,24.0,5.0,1st quarter,7:23.0,Samaki Walker,LAL,False,2-pointer,0,7-11,'LAL',trails
309,309,309,200201300ORL,3.8,20.4,1st quarter,7:12.0,Lindsey Hunter,LAL,False,3-pointer,25,7-11,'LAL',trails
310,310,310,200201300ORL,24.0,5.0,1st quarter,6:43.0,Shaquille O'Neal,LAL,True,2-pointer,0,9-11,'LAL',trails
311,311,311,200201300ORL,25.1,10.1,1st quarter,5:52.0,Shaquille O'Neal,LAL,True,2-pointer,5,11-11,'LAL',tied
312,312,312,200201300ORL,41.6,22.1,1st quarter,5:08.0,Kobe Bryant,LAL,False,3-pointer,25,11-14,'LAL',trails
313,313,313,200201300ORL,32.9,3.7,1st quarter,3:57.0,Shaquille O'Neal,LAL,False,2-pointer,9,11-17,'LAL',trails
314,314,314,200201300ORL,21.7,10.1,1st quarter,3:07.0,Shaquille O'Neal,LAL,False,2-pointer,6,11-19,'LAL',trails
315,315,315,200201300ORL,23.2,10.1,1st quarter,2:45.0,Rick Fox,LAL,True,2-pointer,5,13-22,'LAL',trails
316,316,316,200201300ORL,34.4,22.1,1st quarter,1:48.0,Derek Fisher,LAL,False,2-pointer,20,13-22,'LAL',trails
317,317,317,200201300ORL,24.0,5.0,1st quarter,1:45.0,Shaquille O'Neal,LAL,True,2-pointer,0,15-22,'LAL',trails
318,318,318,200201300ORL,30.2,4.2,1st quarter,1:19.0,Kobe Bryant,LAL,False,2-pointer,6,15-22,'LAL',trails
319,319,319,200201300ORL,43.7,3.1,1st quarter,0:55.7,Brian Shaw,LAL,False,2-pointer,20,15-23,'LAL',trails
320,320,320,200201300ORL,24.0,5.0,1st quarter,0:53.7,Mark Madsen,LAL,True,2-pointer,0,17-23,'LAL',trails
321,321,321,200201300ORL,46.6,2.7,1st quarter,0:00.0,Derek Fisher,LAL,True,3-pointer,23,21-25,'LAL',trails
322,322,322,200201300ORL,13.9,4.8,2nd quarter,10:45.0,Kobe Bryant,LAL,False,2-pointer,10,21-27,'LAL',trails
323,323,323,200201300ORL,24.0,5.0,2nd quarter,10:43.0,Robert Horry,LAL,False,2-pointer,0,21-27,'LAL',trails
324,324,324,200201300ORL,3.8,20.4,2nd quarter,10:11.0,Mitch Richmond,LAL,False,3-pointer,25,21-27,'LAL',trails
325,325,325,200201300ORL,24.0,5.0,2nd quarter,10:09.0,Robert Horry,LAL,False,2-pointer,0,21-27,'LAL',trails
326,326,326,200201300ORL,25.8,14.9,2nd quarter,9:50.0,Mitch Richmond,LAL,False,2-pointer,10,21-27,'LAL',trails
327,327,327,200201300ORL,24.0,5.0,2nd quarter,9:13.0,Devean George,LAL,True,2-pointer,0,23-29,'LAL',trails
328,328,328,200201300ORL,38.6,4.2,2nd quarter,8:38.0,Derek Fisher,LAL,False,2-pointer,15,24-29,'LAL',trails
329,329,329,200201300ORL,0.2,3.1,2nd quarter,8:07.0,Mitch Richmond,LAL,False,3-pointer,24,24-31,'LAL',trails
330,330,330,200201300ORL,24.0,5.0,2nd quarter,7:26.0,Shaquille O'Neal,LAL,True,2-pointer,0,28-31,'LAL',trails
331,331,331,200201300ORL,24.0,5.0,2nd quarter,6:58.0,Shaquille O'Neal,LAL,True,2-pointer,0,30-34,'LAL',trails
332,332,332,200201300ORL,24.0,5.0,2nd quarter,6:28.0,Kobe Bryant,LAL,True,2-pointer,0,32-36,'LAL',trails
333,333,333,200201300ORL,24.0,5.0,2nd quarter,6:08.0,Shaquille O'Neal,LAL,True,2-pointer,0,34-37,'LAL',trails
334,334,334,200201300ORL,32.3,6.3,2nd quarter,5:26.0,Shaquille O'Neal,LAL,True,2-pointer,8,36-39,'LAL',trails
335,335,335,200201300ORL,24.0,5.0,2nd quarter,4:25.0,Kobe Bryant,LAL,False,2-pointer,0,38-39,'LAL',trails
336,336,336,200201300ORL,24.0,5.0,2nd quarter,4:04.0,Kobe Bryant,LAL,False,2-pointer,0,38-39,'LAL',trails
337,337,337,200201300ORL,8.9,3.7,2nd quarter,3:40.0,Rick Fox,LAL,True,2-pointer,15,40-42,'LAL',trails
338,338,338,200201300ORL,24.0,5.0,2nd quarter,3:16.0,Shaquille O'Neal,LAL,True,2-pointer,0,42-42,'LAL',tied
339,339,339,200201300ORL,19.0,6.7,2nd quarter,2:43.0,Shaquille O'Neal,LAL,False,2-pointer,5,42-44,'LAL',trails
340,340,340,200201300ORL,7.4,11.1,2nd quarter,2:06.0,Devean George,LAL,True,2-pointer,18,44-46,'LAL',trails
341,341,341,200201300ORL,24.0,5.0,2nd quarter,1:18.0,Kobe Bryant,LAL,True,2-pointer,0,46-48,'LAL',trails
342,342,342,200201300ORL,23.2,29.7,2nd quarter,0:49.9,Derek Fisher,LAL,False,3-pointer,25,46-51,'LAL',trails
343,343,343,200201300ORL,37.2,14.3,3rd quarter,11:23.0,Kobe Bryant,LAL,False,2-pointer,16,47-53,'LAL',trails
344,344,344,200201300ORL,43.7,20.0,3rd quarter,10:55.0,Lindsey Hunter,LAL,False,3-pointer,25,47-55,'LAL',trails
345,345,345,200201300ORL,24.0,5.0,3rd quarter,10:45.0,Robert Horry,LAL,True,2-pointer,0,49-55,'LAL',trails
346,346,346,200201300ORL,27.2,13.9,3rd quarter,9:43.0,Lindsey Hunter,LAL,False,2-pointer,9,50-57,'LAL',trails
347,347,347,200201300ORL,24.0,5.0,3rd quarter,9:41.0,Shaquille O'Neal,LAL,True,2-pointer,0,52-57,'LAL',trails
348,348,348,200201300ORL,24.0,5.0,3rd quarter,9:10.0,Robert Horry,LAL,False,2-pointer,0,52-60,'LAL',trails
349,349,349,200201300ORL,8.9,23.8,3rd quarter,8:43.0,Rick Fox,LAL,False,3-pointer,24,52-63,'LAL',trails
350,350,350,200201300ORL,27.9,9.0,3rd quarter,8:39.0,Shaquille O'Neal,LAL,False,2-pointer,6,52-63,'LAL',trails
351,351,351,200201300ORL,15.4,8.4,3rd quarter,8:09.0,Rick Fox,LAL,False,2-pointer,9,52-63,'LAL',trails
352,352,352,200201300ORL,5.3,21.0,3rd quarter,7:38.0,Devean George,LAL,True,3-pointer,25,55-63,'LAL',trails
353,353,353,200201300ORL,3.8,19.4,3rd quarter,6:53.0,Rick Fox,LAL,True,3-pointer,25,58-65,'LAL',trails
354,354,354,200201300ORL,42.2,16.6,3rd quarter,6:26.0,Kobe Bryant,LAL,True,2-pointer,22,60-65,'LAL',trails
355,355,355,200201300ORL,24.0,5.0,3rd quarter,6:06.0,Shaquille O'Neal,LAL,False,2-pointer,0,60-67,'LAL',trails
356,356,356,200201300ORL,24.0,5.0,3rd quarter,6:05.0,Rick Fox,LAL,True,2-pointer,0,62-67,'LAL',trails
357,357,357,200201300ORL,35.9,16.2,3rd quarter,5:32.0,Rick Fox,LAL,True,2-pointer,16,64-67,'LAL',trails
358,358,358,200201300ORL,25.1,8.4,3rd quarter,4:35.0,Shaquille O'Neal,LAL,True,2-pointer,4,68-69,'LAL',trails
359,359,359,200201300ORL,7.4,24.2,3rd quarter,3:42.0,Derek Fisher,LAL,False,3-pointer,25,68-69,'LAL',trails
360,360,360,200201300ORL,43.1,21.0,3rd quarter,3:32.0,Devean George,LAL,False,3-pointer,25,68-69,'LAL',trails
361,361,361,200201300ORL,41.6,13.9,3rd quarter,3:09.0,Kobe Bryant,LAL,False,2-pointer,20,68-71,'LAL',trails
362,362,362,200201300ORL,29.6,29.3,3rd quarter,2:40.0,Rick Fox,LAL,False,3-pointer,25,68-73,'LAL',trails
363,363,363,200201300ORL,27.9,29.3,3rd quarter,1:28.0,Derek Fisher,LAL,True,3-pointer,25,72-75,'LAL',trails
364,364,364,200201300ORL,42.2,21.5,3rd quarter,0:54.0,Devean George,LAL,True,3-pointer,25,75-75,'LAL',tied
365,365,365,200201300ORL,24.3,28.0,3rd quarter,0:00.0,Rick Fox,LAL,False,2-pointer,23,75-77,'LAL',trails
366,366,366,200201300ORL,33.8,21.5,4th quarter,11:46.0,Kobe Bryant,LAL,True,2-pointer,19,77-77,'LAL',tied
367,367,367,200201300ORL,26.4,24.8,4th quarter,11:07.0,Kobe Bryant,LAL,False,2-pointer,20,77-77,'LAL',tied
368,368,368,200201300ORL,38.0,10.5,4th quarter,10:58.0,Samaki Walker,LAL,False,2-pointer,15,77-77,'LAL',tied
369,369,369,200201300ORL,35.0,7.3,4th quarter,10:27.0,Kobe Bryant,LAL,True,2-pointer,11,79-77,'LAL',leads
370,370,370,200201300ORL,8.3,13.5,4th quarter,9:53.0,Kobe Bryant,LAL,False,2-pointer,18,79-77,'LAL',leads
371,371,371,200201300ORL,24.0,5.0,4th quarter,9:15.0,Devean George,LAL,False,2-pointer,0,83-77,'LAL',leads
372,372,372,200201300ORL,5.3,3.1,4th quarter,9:04.0,Kobe Bryant,LAL,True,2-pointer,19,85-77,'LAL',leads
373,373,373,200201300ORL,24.0,5.0,4th quarter,8:35.0,Kobe Bryant,LAL,True,2-pointer,0,87-77,'LAL',leads
374,374,374,200201300ORL,40.7,14.3,4th quarter,8:05.0,Kobe Bryant,LAL,False,2-pointer,19,87-77,'LAL',leads
375,375,375,200201300ORL,14.6,13.9,4th quarter,7:40.0,Kobe Bryant,LAL,False,2-pointer,13,87-77,'LAL',leads
376,376,376,200201300ORL,1.1,3.1,4th quarter,7:15.0,Robert Horry,LAL,True,3-pointer,23,90-79,'LAL',leads
377,377,377,200201300ORL,24.0,5.0,4th quarter,6:11.0,Kobe Bryant,LAL,False,2-pointer,0,92-79,'LAL',leads
378,378,378,200201300ORL,23.9,10.1,4th quarter,5:12.0,Shaquille O'Neal,LAL,True,2-pointer,5,95-81,'LAL',leads
379,379,379,200201300ORL,42.2,10.5,4th quarter,4:25.0,Devean George,LAL,True,2-pointer,19,97-84,'LAL',leads
380,380,380,200201300ORL,5.3,13.9,4th quarter,3:38.0,Devean George,LAL,False,2-pointer,21,99-86,'LAL',leads
381,381,381,200201300ORL,24.0,5.0,4th quarter,3:15.0,Brian Shaw,LAL,True,2-pointer,0,101-88,'LAL',leads
382,382,382,200201300ORL,24.0,5.0,4th quarter,2:59.0,Shaquille O'Neal,LAL,True,2-pointer,0,103-88,'LAL',leads
383,383,383,200201300ORL,43.1,2.7,4th quarter,2:07.0,Kobe Bryant,LAL,False,2-pointer,19,103-91,'LAL',leads
384,384,384,200201300ORL,24.0,5.0,4th quarter,1:52.0,Kobe Bryant,LAL,True,2-pointer,0,105-91,'LAL',leads
385,385,385,200201300ORL,24.0,5.0,4th quarter,1:22.0,Mark Madsen,LAL,True,2-pointer,0,107-91,'LAL',leads
386,386,386,200201300ORL,31.7,4.8,4th quarter,0:35.6,Mark Madsen,LAL,True,2-pointer,8,111-93,'LAL',leads
387,387,387,200201300ORL,11.0,25.9,4th quarter,0:05.7,Mark Madsen,LAL,False,3-pointer,25,111-93,'LAL',leads
388,388,388,200201300ORL,24.0,5.0,1st quarter,11:32.0,Don Reid,ORL,True,2-pointer,0,2-2,'LAL',tied
389,389,389,200201300ORL,40.1,22.7,1st quarter,10:35.0,Pat Garrity,ORL,False,3-pointer,24,2-2,'LAL',tied
390,390,390,200201300ORL,24.0,5.0,1st quarter,10:31.0,Don Reid,ORL,True,2-pointer,0,4-2,'LAL',leads
391,391,391,200201300ORL,3.2,18.3,1st quarter,9:52.0,Tracy McGrady,ORL,False,3-pointer,25,4-4,'LAL',tied
392,392,392,200201300ORL,20.3,21.5,1st quarter,9:19.0,Mike Miller,ORL,False,2-pointer,17,4-6,'LAL',trails
393,393,393,200201300ORL,1.1,3.7,1st quarter,8:57.0,Darrell Armstrong,ORL,False,3-pointer,23,4-6,'LAL',trails
394,394,394,200201300ORL,24.0,5.0,1st quarter,8:54.0,Don Reid,ORL,False,2-pointer,0,4-6,'LAL',trails
395,395,395,200201300ORL,33.8,17.7,1st quarter,8:41.0,Tracy McGrady,ORL,True,2-pointer,16,6-6,'LAL',tied
396,396,396,200201300ORL,14.6,28.0,1st quarter,8:08.0,Pat Garrity,ORL,True,3-pointer,25,9-7,'LAL',leads
397,397,397,200201300ORL,19.0,12.2,1st quarter,7:44.0,Pat Garrity,ORL,True,2-pointer,9,11-7,'LAL',leads
398,398,398,200201300ORL,1.7,2.7,1st quarter,6:57.0,Tracy McGrady,ORL,False,3-pointer,22,11-7,'LAL',leads
399,399,399,200201300ORL,40.1,9.7,1st quarter,6:32.0,Mike Miller,ORL,False,2-pointer,17,11-9,'LAL',leads
400,400,400,200201300ORL,9.5,14.9,1st quarter,6:06.0,Mike Miller,ORL,False,2-pointer,18,11-9,'LAL',leads
401,401,401,200201300ORL,27.2,29.7,1st quarter,5:31.0,Pat Garrity,ORL,True,3-pointer,25,14-11,'LAL',leads
402,402,402,200201300ORL,35.9,27.6,1st quarter,4:58.0,Darrell Armstrong,ORL,True,3-pointer,26,17-11,'LAL',leads
403,403,403,200201300ORL,7.4,14.9,1st quarter,4:25.0,Darrell Armstrong,ORL,False,2-pointer,19,17-11,'LAL',leads
404,404,404,200201300ORL,6.8,12.8,1st quarter,3:32.0,Tracy McGrady,ORL,True,2-pointer,19,19-11,'LAL',leads
405,405,405,200201300ORL,40.1,25.9,1st quarter,2:58.0,Tracy McGrady,ORL,True,3-pointer,26,22-11,'LAL',leads
406,406,406,200201300ORL,43.1,21.5,1st quarter,2:38.0,Tracy McGrady,ORL,False,3-pointer,25,22-13,'LAL',leads
407,407,407,200201300ORL,29.6,15.6,1st quarter,2:02.0,Mike Miller,ORL,False,2-pointer,12,22-13,'LAL',leads
408,408,408,200201300ORL,24.0,5.0,1st quarter,0:35.1,Monty Williams,ORL,True,2-pointer,0,25-17,'LAL',leads
409,409,409,200201300ORL,24.0,5.0,1st quarter,0:10.0,Troy Hudson,ORL,False,2-pointer,0,25-18,'LAL',leads
410,410,410,200201300ORL,32.3,19.4,2nd quarter,11:48.0,Pat Garrity,ORL,False,2-pointer,17,25-21,'LAL',leads
411,411,411,200201300ORL,24.0,5.0,2nd quarter,11:32.0,Monty Williams,ORL,True,2-pointer,0,27-21,'LAL',leads
412,412,412,200201300ORL,11.0,17.2,2nd quarter,10:59.0,Troy Hudson,ORL,False,2-pointer,18,27-21,'LAL',leads
413,413,413,200201300ORL,25.8,11.6,2nd quarter,10:26.0,Mike Miller,ORL,False,2-pointer,7,27-21,'LAL',leads
414,414,414,200201300ORL,3.8,3.1,2nd quarter,10:04.0,Jud Buechler,ORL,False,2-pointer,20,27-21,'LAL',leads
415,415,415,200201300ORL,8.3,10.1,2nd quarter,9:40.0,Troy Hudson,ORL,True,2-pointer,17,29-21,'LAL',leads
416,416,416,200201300ORL,7.4,5.0,2nd quarter,8:55.0,Troy Hudson,ORL,False,2-pointer,17,29-24,'LAL',leads
417,417,417,200201300ORL,12.5,16.6,2nd quarter,8:26.0,Mike Miller,ORL,True,2-pointer,16,31-24,'LAL',leads
418,418,418,200201300ORL,19.6,29.7,2nd quarter,7:11.0,Troy Hudson,ORL,True,3-pointer,25,34-28,'LAL',leads
419,419,419,200201300ORL,39.3,16.2,2nd quarter,5:50.0,Tracy McGrady,ORL,True,2-pointer,19,39-34,'LAL',leads
420,420,420,200201300ORL,35.9,27.6,2nd quarter,5:05.0,Pat Garrity,ORL,False,3-pointer,26,39-36,'LAL',leads
421,421,421,200201300ORL,43.7,20.4,2nd quarter,3:56.0,Pat Garrity,ORL,True,3-pointer,25,42-38,'LAL',leads
422,422,422,200201300ORL,28.7,29.3,2nd quarter,3:28.0,Tracy McGrady,ORL,False,3-pointer,25,42-40,'LAL',leads
423,423,423,200201300ORL,33.8,21.5,2nd quarter,2:58.0,Tracy McGrady,ORL,True,2-pointer,19,44-42,'LAL',leads
424,424,424,200201300ORL,24.0,5.0,2nd quarter,2:35.0,Mike Miller,ORL,True,2-pointer,0,46-42,'LAL',leads
425,425,425,200201300ORL,2.6,16.6,2nd quarter,1:25.0,Pat Garrity,ORL,False,3-pointer,24,48-44,'LAL',leads
426,426,426,200201300ORL,6.8,22.7,2nd quarter,1:04.0,Pat Garrity,ORL,True,3-pointer,25,51-46,'LAL',leads
427,427,427,200201300ORL,22.4,24.2,2nd quarter,0:03.5,Pat Garrity,ORL,False,2-pointer,19,51-47,'LAL',leads
428,428,428,200201300ORL,27.2,19.4,3rd quarter,11:48.0,Mike Miller,ORL,True,2-pointer,15,53-47,'LAL',leads
429,429,429,200201300ORL,14.6,17.7,3rd quarter,11:15.0,Darrell Armstrong,ORL,True,2-pointer,16,55-47,'LAL',leads
430,430,430,200201300ORL,6.8,3.7,3rd quarter,10:31.0,Tracy McGrady,ORL,False,2-pointer,17,55-49,'LAL',leads
431,431,431,200201300ORL,6.8,10.5,3rd quarter,10:27.0,Mike Miller,ORL,False,2-pointer,18,55-49,'LAL',leads
432,432,432,200201300ORL,19.0,21.5,3rd quarter,10:03.0,Pat Garrity,ORL,True,2-pointer,17,57-50,'LAL',leads
433,433,433,200201300ORL,1.7,15.6,3rd quarter,9:27.0,Pat Garrity,ORL,True,3-pointer,25,60-52,'LAL',leads
434,434,434,200201300ORL,1.7,1.4,3rd quarter,9:02.0,Pat Garrity,ORL,True,3-pointer,23,63-52,'LAL',leads
435,435,435,200201300ORL,39.3,24.2,3rd quarter,8:31.0,Pat Garrity,ORL,False,3-pointer,25,63-52,'LAL',leads
436,436,436,200201300ORL,40.7,10.1,3rd quarter,7:56.0,Tracy McGrady,ORL,False,2-pointer,17,63-52,'LAL',leads
437,437,437,200201300ORL,41.6,22.7,3rd quarter,7:49.0,Darrell Armstrong,ORL,False,3-pointer,25,63-52,'LAL',leads
438,438,438,200201300ORL,3.2,18.7,3rd quarter,7:23.0,Mike Miller,ORL,False,3-pointer,25,63-55,'LAL',leads
439,439,439,200201300ORL,33.8,27.6,3rd quarter,6:33.0,Mike Miller,ORL,False,3-pointer,25,65-58,'LAL',leads
440,440,440,200201300ORL,18.2,29.7,3rd quarter,5:40.0,Darrell Armstrong,ORL,False,3-pointer,25,67-62,'LAL',leads
441,441,441,200201300ORL,15.4,7.3,3rd quarter,4:46.0,Andrew DeClercq,ORL,False,2-pointer,9,69-66,'LAL',leads
442,442,442,200201300ORL,4.7,20.0,3rd quarter,4:16.0,Darrell Armstrong,ORL,False,3-pointer,24,69-68,'LAL',leads
443,443,443,200201300ORL,34.4,14.3,3rd quarter,4:02.0,Andrew DeClercq,ORL,False,2-pointer,14,69-68,'LAL',leads
444,444,444,200201300ORL,24.0,5.0,3rd quarter,2:57.0,Tracy McGrady,ORL,True,2-pointer,0,73-68,'LAL',leads
445,445,445,200201300ORL,32.3,20.4,3rd quarter,2:29.0,Tracy McGrady,ORL,True,2-pointer,17,75-68,'LAL',leads
446,446,446,200201300ORL,21.1,24.2,3rd quarter,1:48.0,Tracy McGrady,ORL,False,2-pointer,19,75-69,'LAL',leads
447,447,447,200201300ORL,25.1,23.8,3rd quarter,0:39.8,Troy Hudson,ORL,True,2-pointer,19,77-75,'LAL',leads
448,448,448,200201300ORL,13.9,28.0,4th quarter,11:25.0,Pat Garrity,ORL,False,3-pointer,25,77-77,'LAL',tied
449,449,449,200201300ORL,3.8,19.4,4th quarter,10:47.0,Pat Garrity,ORL,False,3-pointer,25,77-77,'LAL',tied
450,450,450,200201300ORL,15.4,7.8,4th quarter,10:19.0,Troy Hudson,ORL,False,2-pointer,9,77-79,'LAL',trails
451,451,451,200201300ORL,6.2,9.7,4th quarter,10:15.0,Troy Hudson,ORL,False,2-pointer,18,77-79,'LAL',trails
452,452,452,200201300ORL,39.3,23.8,4th quarter,9:38.0,Mike Miller,ORL,False,3-pointer,24,77-81,'LAL',trails
453,453,453,200201300ORL,24.0,5.0,4th quarter,9:37.0,Andrew DeClercq,ORL,False,2-pointer,0,77-81,'LAL',trails
454,454,454,200201300ORL,24.0,5.0,4th quarter,9:33.0,Monty Williams,ORL,False,2-pointer,0,77-81,'LAL',trails
455,455,455,200201300ORL,12.5,12.2,4th quarter,8:47.0,Troy Hudson,ORL,False,2-pointer,14,77-85,'LAL',trails
456,456,456,200201300ORL,41.6,22.7,4th quarter,7:55.0,Mike Miller,ORL,False,3-pointer,25,77-87,'LAL',trails
457,457,457,200201300ORL,24.0,5.0,4th quarter,7:34.0,Don Reid,ORL,True,2-pointer,0,79-87,'LAL',trails
458,458,458,200201300ORL,21.7,30.3,4th quarter,6:56.0,Pat Garrity,ORL,False,3-pointer,25,79-90,'LAL',trails
459,459,459,200201300ORL,43.7,5.7,4th quarter,6:27.0,Tracy McGrady,ORL,False,2-pointer,20,79-92,'LAL',trails
460,460,460,200201300ORL,11.0,20.0,4th quarter,5:27.0,Mike Miller,ORL,True,2-pointer,20,81-93,'LAL',trails
461,461,461,200201300ORL,24.0,5.0,4th quarter,4:57.0,Mike Miller,ORL,False,2-pointer,0,81-95,'LAL',trails
462,462,462,200201300ORL,4.7,20.4,4th quarter,4:50.0,Darrell Armstrong,ORL,True,3-pointer,25,84-95,'LAL',trails
463,463,463,200201300ORL,24.0,5.0,4th quarter,3:55.0,Troy Hudson,ORL,True,2-pointer,0,86-99,'LAL',trails
464,464,464,200201300ORL,24.0,5.0,4th quarter,3:30.0,Troy Hudson,ORL,True,2-pointer,0,88-99,'LAL',trails
465,465,465,200201300ORL,24.0,5.0,4th quarter,3:08.0,Troy Hudson,ORL,False,2-pointer,0,88-101,'LAL',trails
466,466,466,200201300ORL,3.2,18.3,4th quarter,2:48.0,Tracy McGrady,ORL,True,3-pointer,25,91-103,'LAL',trails
467,467,467,200201300ORL,2.6,5.0,4th quarter,2:30.0,Pat Garrity,ORL,False,2-pointer,21,91-103,'LAL',trails
468,468,468,200201300ORL,27.2,28.0,4th quarter,1:44.0,Darrell Armstrong,ORL,False,2-pointer,23,91-105,'LAL',trails
469,469,469,200201300ORL,24.0,5.0,4th quarter,1:17.0,Monty Williams,ORL,True,2-pointer,0,93-107,'LAL',trails
470,470,470,200201300ORL,33.8,14.9,4th quarter,0:55.6,Troy Hudson,ORL,False,2-pointer,14,93-109,'LAL',trails
471,471,471,200201300ORL,3.8,21.0,4th quarter,0:00.0,Mike Miller,ORL,False,3-pointer,26,93-111,'LAL',trails
472,472,472,200201300PHI,36.1,21.3,1st quarter,11:45.0,Wally Szczerbiak,MIN,True,2-pointer,20,2-0,'MIN',leads
473,473,473,200201300PHI,6.6,7.1,1st quarter,11:15.0,Terrell Brandon,MIN,False,2-pointer,18,2-2,'MIN',tied
474,474,474,200201300PHI,18.6,17.5,1st quarter,10:36.0,Wally Szczerbiak,MIN,False,2-pointer,14,2-2,'MIN',tied
475,475,475,200201300PHI,9.3,5.0,1st quarter,10:33.0,Rasho Nesterović,MIN,False,2-pointer,15,2-2,'MIN',tied
476,476,476,200201300PHI,24.0,5.0,1st quarter,10:02.0,Wally Szczerbiak,MIN,True,2-pointer,0,4-2,'MIN',leads
477,477,477,200201300PHI,24.0,5.0,1st quarter,9:36.0,Wally Szczerbiak,MIN,True,2-pointer,0,6-2,'MIN',leads
478,478,478,200201300PHI,33.4,2.5,1st quarter,9:11.0,Rasho Nesterović,MIN,False,2-pointer,10,6-4,'MIN',leads
479,479,479,200201300PHI,33.4,14.1,1st quarter,8:50.0,Kevin Garnett,MIN,True,2-pointer,13,8-6,'MIN',leads
480,480,480,200201300PHI,20.7,13.0,1st quarter,8:16.0,Wally Szczerbiak,MIN,False,2-pointer,9,8-8,'MIN',tied
481,481,481,200201300PHI,11.4,18.5,1st quarter,7:53.0,Kevin Garnett,MIN,False,2-pointer,18,10-10,'MIN',tied
482,482,482,200201300PHI,36.7,4.6,1st quarter,7:30.0,Rasho Nesterović,MIN,True,2-pointer,13,12-12,'MIN',tied
483,483,483,200201300PHI,13.5,8.2,1st quarter,6:50.0,Joe Smith,MIN,False,2-pointer,11,12-12,'MIN',tied
484,484,484,200201300PHI,24.0,5.0,1st quarter,6:36.0,Wally Szczerbiak,MIN,True,2-pointer,0,14-12,'MIN',leads
485,485,485,200201300PHI,32.5,6.5,1st quarter,5:57.0,Wally Szczerbiak,MIN,True,2-pointer,9,16-12,'MIN',leads
486,486,486,200201300PHI,38.2,6.5,1st quarter,5:19.0,Rasho Nesterović,MIN,True,2-pointer,14,18-12,'MIN',leads
487,487,487,200201300PHI,31.3,5.0,1st quarter,4:41.0,Rasho Nesterović,MIN,False,2-pointer,7,18-14,'MIN',leads
488,488,488,200201300PHI,24.0,5.0,1st quarter,4:39.0,Joe Smith,MIN,False,2-pointer,0,18-14,'MIN',leads
489,489,489,200201300PHI,40.9,4.6,1st quarter,4:06.0,Wally Szczerbiak,MIN,True,2-pointer,17,20-16,'MIN',leads
490,490,490,200201300PHI,17.7,8.2,1st quarter,3:37.0,Wally Szczerbiak,MIN,True,2-pointer,7,22-16,'MIN',leads
491,491,491,200201300PHI,24.0,5.0,1st quarter,2:21.0,Joe Smith,MIN,False,2-pointer,0,22-16,'MIN',leads
492,492,492,200201300PHI,24.0,5.0,1st quarter,1:25.0,Joe Smith,MIN,False,2-pointer,0,23-18,'MIN',leads
493,493,493,200201300PHI,24.0,5.0,1st quarter,1:24.0,Rasho Nesterović,MIN,False,2-pointer,0,23-18,'MIN',leads
494,494,494,200201300PHI,24.0,5.0,1st quarter,1:04.0,Wally Szczerbiak,MIN,True,2-pointer,0,25-18,'MIN',leads
495,495,495,200201300PHI,40.3,18.5,1st quarter,0:37.8,Wally Szczerbiak,MIN,False,2-pointer,21,25-18,'MIN',leads
496,496,496,200201300PHI,24.0,5.0,1st quarter,0:15.4,Terrell Brandon,MIN,False,2-pointer,0,25-18,'MIN',leads
497,497,497,200201300PHI,37.4,11.3,1st quarter,0:00.3,Wally Szczerbiak,MIN,False,2-pointer,15,25-18,'MIN',leads
498,498,498,200201300PHI,24.0,5.0,2nd quarter,10:59.0,Loren Woods,MIN,False,2-pointer,0,25-25,'MIN',tied
499,499,499,200201300PHI,34.0,22.7,2nd quarter,10:04.0,Anthony Peeler,MIN,True,2-pointer,20,29-25,'MIN',leads
500,500,500,200201300PHI,24.0,5.0,2nd quarter,8:50.0,Anthony Peeler,MIN,False,2-pointer,0,31-29,'MIN',leads
501,501,501,200201300PHI,26.8,13.7,2nd quarter,8:02.0,Wally Szczerbiak,MIN,True,2-pointer,9,33-31,'MIN',leads
502,502,502,200201300PHI,24.0,5.0,2nd quarter,7:32.0,Anthony Peeler,MIN,False,2-pointer,0,33-33,'MIN',tied
503,503,503,200201300PHI,24.0,5.0,2nd quarter,7:30.0,Joe Smith,MIN,False,2-pointer,0,33-33,'MIN',tied
504,504,504,200201300PHI,24.0,5.0,2nd quarter,7:26.0,Joe Smith,MIN,True,2-pointer,0,35-33,'MIN',leads
505,505,505,200201300PHI,10.8,16.8,2nd quarter,6:39.0,Terrell Brandon,MIN,False,2-pointer,18,35-35,'MIN',tied
506,506,506,200201300PHI,10.8,5.0,2nd quarter,6:26.0,Wally Szczerbiak,MIN,True,2-pointer,13,37-35,'MIN',leads
507,507,507,200201300PHI,39.5,3.9,2nd quarter,5:41.0,Sam Mitchell,MIN,False,2-pointer,16,37-36,'MIN',leads
508,508,508,200201300PHI,39.5,13.0,2nd quarter,4:52.0,Sam Mitchell,MIN,False,2-pointer,17,37-38,'MIN',trails
509,509,509,200201300PHI,22.8,22.7,2nd quarter,4:28.0,Joe Smith,MIN,False,2-pointer,18,37-38,'MIN',trails
510,510,510,200201300PHI,24.7,32.0,2nd quarter,3:19.0,Kevin Garnett,MIN,False,3-pointer,27,37-42,'MIN',trails
511,511,511,200201300PHI,32.5,16.8,2nd quarter,2:15.0,Kevin Garnett,MIN,False,2-pointer,15,38-44,'MIN',trails
512,512,512,200201300PHI,19.2,7.6,2nd quarter,2:13.0,Rasho Nesterović,MIN,False,2-pointer,5,38-44,'MIN',trails
513,513,513,200201300PHI,24.0,5.0,2nd quarter,2:11.0,Rasho Nesterović,MIN,True,2-pointer,0,40-44,'MIN',trails
514,514,514,200201300PHI,39.5,25.5,2nd quarter,1:32.0,Terrell Brandon,MIN,False,3-pointer,26,41-46,'MIN',trails
515,515,515,200201300PHI,24.0,5.0,2nd quarter,0:46.2,Kevin Garnett,MIN,True,2-pointer,0,43-50,'MIN',trails
516,516,516,200201300PHI,25.4,20.0,2nd quarter,0:06.2,Kevin Garnett,MIN,False,2-pointer,15,43-52,'MIN',trails
517,517,517,200201300PHI,5.7,18.5,3rd quarter,11:28.0,Wally Szczerbiak,MIN,True,2-pointer,23,45-52,'MIN',trails
518,518,518,200201300PHI,25.4,8.2,3rd quarter,10:54.0,Joe Smith,MIN,False,2-pointer,3,45-52,'MIN',trails
519,519,519,200201300PHI,24.0,5.0,3rd quarter,10:53.0,Rasho Nesterović,MIN,False,2-pointer,0,45-52,'MIN',trails
520,520,520,200201300PHI,26.8,12.6,3rd quarter,10:49.0,Joe Smith,MIN,False,2-pointer,8,45-52,'MIN',trails
521,521,521,200201300PHI,36.7,6.1,3rd quarter,9:37.0,Rasho Nesterović,MIN,False,2-pointer,13,47-52,'MIN',trails
522,522,522,200201300PHI,24.1,6.5,3rd quarter,9:35.0,Sam Mitchell,MIN,False,2-pointer,2,47-52,'MIN',trails
523,523,523,200201300PHI,24.1,21.9,3rd quarter,9:03.0,Terrell Brandon,MIN,False,2-pointer,17,47-52,'MIN',trails
524,524,524,200201300PHI,42.4,9.9,3rd quarter,8:32.0,Terrell Brandon,MIN,False,2-pointer,19,47-54,'MIN',trails
525,525,525,200201300PHI,38.8,6.5,3rd quarter,8:01.0,Kevin Garnett,MIN,False,2-pointer,15,47-56,'MIN',trails
526,526,526,200201300PHI,39.5,11.3,3rd quarter,6:50.0,Joe Smith,MIN,False,2-pointer,17,49-61,'MIN',trails
527,527,527,200201300PHI,0.7,11.3,3rd quarter,6:21.0,Wally Szczerbiak,MIN,True,3-pointer,24,52-61,'MIN',trails
528,528,528,200201300PHI,12.1,12.0,3rd quarter,5:53.0,Terrell Brandon,MIN,False,2-pointer,14,52-61,'MIN',trails
529,529,529,200201300PHI,38.8,4.6,3rd quarter,4:57.0,Rasho Nesterović,MIN,True,2-pointer,15,54-63,'MIN',trails
530,530,530,200201300PHI,24.0,5.0,3rd quarter,4:23.0,Joe Smith,MIN,True,2-pointer,0,56-63,'MIN',trails
531,531,531,200201300PHI,40.3,10.9,3rd quarter,3:47.0,Wally Szczerbiak,MIN,False,2-pointer,17,56-65,'MIN',trails
532,532,532,200201300PHI,39.5,5.0,3rd quarter,3:33.0,Rasho Nesterović,MIN,True,2-pointer,16,58-65,'MIN',trails
533,533,533,200201300PHI,36.1,15.4,3rd quarter,2:56.0,Anthony Peeler,MIN,False,2-pointer,16,58-67,'MIN',trails
534,534,534,200201300PHI,24.0,5.0,3rd quarter,2:40.0,Kevin Garnett,MIN,True,2-pointer,0,60-67,'MIN',trails
535,535,535,200201300PHI,28.9,5.4,3rd quarter,2:13.0,Wally Szczerbiak,MIN,True,2-pointer,5,62-67,'MIN',trails
536,536,536,200201300PHI,11.4,9.2,3rd quarter,1:41.0,Chauncey Billups,MIN,True,2-pointer,13,64-67,'MIN',trails
537,537,537,200201300PHI,46.0,20.6,3rd quarter,1:05.0,Chauncey Billups,MIN,False,3-pointer,27,65-69,'MIN',trails
538,538,538,200201300PHI,48.7,3.9,3rd quarter,0:25.9,Chauncey Billups,MIN,True,3-pointer,25,68-69,'MIN',trails
539,539,539,200201300PHI,7.2,17.5,3rd quarter,0:04.8,Anthony Peeler,MIN,True,2-pointer,21,70-69,'MIN',leads
540,540,540,200201300PHI,41.8,34.7,3rd quarter,0:00.0,Kevin Garnett,MIN,False,3-pointer,35,70-69,'MIN',leads
541,541,541,200201300PHI,41.8,5.0,4th quarter,11:35.0,Chauncey Billups,MIN,True,2-pointer,18,72-69,'MIN',leads
542,542,542,200201300PHI,38.2,15.4,4th quarter,11:01.0,Kevin Garnett,MIN,False,2-pointer,18,72-69,'MIN',leads
543,543,543,200201300PHI,28.9,21.3,4th quarter,10:28.0,Kevin Garnett,MIN,False,2-pointer,17,72-71,'MIN',leads
544,544,544,200201300PHI,33.4,9.9,4th quarter,10:20.0,Wally Szczerbiak,MIN,False,2-pointer,11,72-71,'MIN',leads
545,545,545,200201300PHI,24.0,5.0,4th quarter,9:54.0,Chauncey Billups,MIN,False,2-pointer,0,72-71,'MIN',leads
546,546,546,200201300PHI,0.7,4.6,4th quarter,9:39.0,Anthony Peeler,MIN,True,3-pointer,23,75-71,'MIN',leads
547,547,547,200201300PHI,36.7,17.5,4th quarter,8:42.0,Anthony Peeler,MIN,True,2-pointer,18,77-73,'MIN',leads
548,548,548,200201300PHI,42.4,27.2,4th quarter,8:12.0,Chauncey Billups,MIN,False,3-pointer,29,77-75,'MIN',leads
549,549,549,200201300PHI,38.8,13.0,4th quarter,7:53.0,Joe Smith,MIN,False,2-pointer,17,77-75,'MIN',leads
550,550,550,200201300PHI,38.8,10.9,4th quarter,7:33.0,Anthony Peeler,MIN,False,2-pointer,16,77-77,'MIN',tied
551,551,551,200201300PHI,43.9,24.6,4th quarter,7:06.0,Anthony Peeler,MIN,True,3-pointer,28,80-77,'MIN',leads
552,552,552,200201300PHI,0.7,3.9,4th quarter,6:28.0,Anthony Peeler,MIN,False,3-pointer,23,80-79,'MIN',leads
553,553,553,200201300PHI,11.4,5.0,4th quarter,6:09.0,Joe Smith,MIN,False,2-pointer,13,80-79,'MIN',leads
554,554,554,200201300PHI,38.8,5.0,4th quarter,5:06.0,Kevin Garnett,MIN,True,2-pointer,15,82-81,'MIN',leads
555,555,555,200201300PHI,24.0,5.0,4th quarter,4:31.0,Rasho Nesterović,MIN,True,2-pointer,0,84-81,'MIN',leads
556,556,556,200201300PHI,38.2,10.9,4th quarter,3:53.0,Kevin Garnett,MIN,False,2-pointer,15,84-83,'MIN',leads
557,557,557,200201300PHI,45.4,22.3,4th quarter,3:49.0,Wally Szczerbiak,MIN,False,3-pointer,28,84-83,'MIN',leads
558,558,558,200201300PHI,13.5,5.4,4th quarter,2:39.0,Chauncey Billups,MIN,False,2-pointer,11,84-86,'MIN',trails
559,559,559,200201300PHI,40.9,5.4,4th quarter,2:35.0,Wally Szczerbiak,MIN,True,2-pointer,17,86-86,'MIN',tied
560,560,560,200201300PHI,11.4,9.9,4th quarter,1:56.0,Kevin Garnett,MIN,True,2-pointer,14,88-88,'MIN',tied
561,561,561,200201300PHI,42.4,13.7,4th quarter,1:21.0,Chauncey Billups,MIN,False,2-pointer,20,88-88,'MIN',tied
562,562,562,200201300PHI,27.5,7.1,4th quarter,0:45.0,Rasho Nesterović,MIN,False,2-pointer,4,88-90,'MIN',trails
563,563,563,200201300PHI,42.4,26.1,4th quarter,0:22.6,Wally Szczerbiak,MIN,False,3-pointer,28,88-92,'MIN',trails
564,564,564,200201300PHI,24.0,5.0,4th quarter,0:08.5,Chauncey Billups,MIN,True,2-pointer,0,91-96,'MIN',trails
565,565,565,200201300PHI,24.0,5.0,1st quarter,11:22.0,Matt Harpring,PHI,True,2-pointer,0,2-2,'MIN',tied
566,566,566,200201300PHI,34.6,22.3,1st quarter,10:51.0,Derrick Coleman,PHI,False,2-pointer,20,2-2,'MIN',tied
567,567,567,200201300PHI,12.9,13.7,1st quarter,10:12.0,Allen Iverson,PHI,False,2-pointer,14,2-2,'MIN',tied
568,568,568,200201300PHI,24.0,5.0,1st quarter,10:09.0,Matt Harpring,PHI,False,2-pointer,0,2-2,'MIN',tied
569,569,569,200201300PHI,27.5,15.4,1st quarter,9:41.0,Allen Iverson,PHI,False,2-pointer,11,2-4,'MIN',trails
570,570,570,200201300PHI,29.8,9.2,1st quarter,9:22.0,Dikembe Mutombo,PHI,True,2-pointer,7,4-6,'MIN',trails
571,571,571,200201300PHI,24.0,5.0,1st quarter,8:33.0,Allen Iverson,PHI,True,2-pointer,0,8-8,'MIN',tied
572,572,572,200201300PHI,24.0,5.0,1st quarter,8:06.0,Derrick Coleman,PHI,True,2-pointer,0,10-10,'MIN',tied
573,573,573,200201300PHI,24.0,5.0,1st quarter,7:40.0,Allen Iverson,PHI,True,2-pointer,0,12-10,'MIN',leads
574,574,574,200201300PHI,47.5,9.9,1st quarter,7:06.0,Matt Harpring,PHI,False,3-pointer,24,12-12,'MIN',tied
575,575,575,200201300PHI,24.7,9.9,1st quarter,6:15.0,Allen Iverson,PHI,False,2-pointer,5,12-14,'MIN',trails
576,576,576,200201300PHI,24.0,5.0,1st quarter,6:14.0,Allen Iverson,PHI,False,2-pointer,0,12-14,'MIN',trails
577,577,577,200201300PHI,9.3,3.9,1st quarter,4:56.0,Eric Snow,PHI,True,2-pointer,15,14-18,'MIN',trails
578,578,578,200201300PHI,24.0,5.0,1st quarter,4:25.0,Dikembe Mutombo,PHI,False,2-pointer,0,14-18,'MIN',trails
579,579,579,200201300PHI,24.0,5.0,1st quarter,4:24.0,Derrick Coleman,PHI,True,2-pointer,0,16-18,'MIN',trails
580,580,580,200201300PHI,24.0,5.0,1st quarter,3:47.0,Dikembe Mutombo,PHI,False,2-pointer,0,16-20,'MIN',trails
581,581,581,200201300PHI,24.0,5.0,1st quarter,3:46.0,Derrick Coleman,PHI,False,2-pointer,0,16-20,'MIN',trails
582,582,582,200201300PHI,44.5,22.3,1st quarter,3:09.0,Derrick McKey,PHI,False,3-pointer,27,16-22,'MIN',trails
583,583,583,200201300PHI,25.4,10.9,1st quarter,2:12.0,Allen Iverson,PHI,False,2-pointer,6,16-22,'MIN',trails
584,584,584,200201300PHI,24.0,5.0,1st quarter,2:10.0,Corie Blount,PHI,False,2-pointer,0,16-22,'MIN',trails
585,585,585,200201300PHI,16.3,11.3,1st quarter,1:38.0,Allen Iverson,PHI,True,2-pointer,10,18-23,'MIN',trails
586,586,586,200201300PHI,30.4,10.3,1st quarter,1:16.0,Eric Snow,PHI,False,2-pointer,8,18-23,'MIN',trails
587,587,587,200201300PHI,6.6,2.5,1st quarter,0:50.6,Corie Blount,PHI,False,2-pointer,18,18-25,'MIN',trails
588,588,588,200201300PHI,24.0,5.0,1st quarter,0:19.8,Derrick Coleman,PHI,False,2-pointer,0,18-25,'MIN',trails
589,589,589,200201300PHI,16.3,13.7,1st quarter,0:10.0,Corie Blount,PHI,False,2-pointer,12,18-25,'MIN',trails
590,590,590,200201300PHI,9.3,4.6,2nd quarter,11:45.0,Raja Bell,PHI,True,2-pointer,15,20-25,'MIN',trails
591,591,591,200201300PHI,31.3,3.9,2nd quarter,11:29.0,Allen Iverson,PHI,True,2-pointer,7,22-25,'MIN',trails
592,592,592,200201300PHI,8.0,6.1,2nd quarter,11:22.0,Allen Iverson,PHI,False,2-pointer,16,22-25,'MIN',trails
593,593,593,200201300PHI,24.0,5.0,2nd quarter,11:20.0,Derrick Coleman,PHI,False,2-pointer,0,22-25,'MIN',trails
594,594,594,200201300PHI,24.0,5.0,2nd quarter,11:19.0,Derrick Coleman,PHI,True,2-pointer,0,24-25,'MIN',trails
595,595,595,200201300PHI,24.0,5.0,2nd quarter,10:38.0,Corie Blount,PHI,False,2-pointer,0,25-25,'MIN',tied
596,596,596,200201300PHI,38.8,27.2,2nd quarter,10:11.0,Allen Iverson,PHI,False,3-pointer,27,25-27,'MIN',trails
597,597,597,200201300PHI,8.7,10.9,2nd quarter,9:37.0,Speedy Claxton,PHI,True,2-pointer,16,27-29,'MIN',trails
598,598,598,200201300PHI,24.0,5.0,2nd quarter,9:24.0,Allen Iverson,PHI,True,2-pointer,0,29-29,'MIN',tied
599,599,599,200201300PHI,38.8,12.0,2nd quarter,8:32.0,Raja Bell,PHI,False,2-pointer,16,29-31,'MIN',trails
600,600,600,200201300PHI,26.2,8.2,2nd quarter,8:20.0,Allen Iverson,PHI,True,2-pointer,4,31-31,'MIN',tied
601,601,601,200201300PHI,8.0,18.5,2nd quarter,7:11.0,Allen Iverson,PHI,False,2-pointer,21,33-35,'MIN',trails
602,602,602,200201300PHI,24.0,5.0,2nd quarter,7:08.0,Derrick Coleman,PHI,True,2-pointer,0,35-35,'MIN',tied
603,603,603,200201300PHI,30.4,4.6,2nd quarter,4:39.0,Allen Iverson,PHI,False,2-pointer,6,38-37,'MIN',leads
604,604,604,200201300PHI,24.0,5.0,2nd quarter,4:24.0,Allen Iverson,PHI,True,2-pointer,0,40-37,'MIN',leads
605,605,605,200201300PHI,23.4,18.1,2nd quarter,3:38.0,Matt Harpring,PHI,True,2-pointer,13,42-37,'MIN',leads
606,606,606,200201300PHI,24.0,5.0,2nd quarter,3:02.0,Dikembe Mutombo,PHI,False,2-pointer,0,42-37,'MIN',leads
607,607,607,200201300PHI,0.7,18.1,2nd quarter,2:55.0,Allen Iverson,PHI,False,3-pointer,27,42-37,'MIN',leads
608,608,608,200201300PHI,24.0,5.0,2nd quarter,2:30.0,Allen Iverson,PHI,True,2-pointer,0,44-37,'MIN',leads
609,609,609,200201300PHI,24.0,5.0,2nd quarter,1:42.0,Raja Bell,PHI,True,2-pointer,0,46-41,'MIN',leads
610,610,610,200201300PHI,24.1,22.3,2nd quarter,0:27.9,Raja Bell,PHI,False,2-pointer,17,50-43,'MIN',leads
611,611,611,200201300PHI,16.3,10.9,2nd quarter,0:24.7,Raja Bell,PHI,True,2-pointer,10,52-43,'MIN',leads
612,612,612,200201300PHI,36.1,36.4,2nd quarter,0:00.0,Allen Iverson,PHI,False,3-pointer,34,52-43,'MIN',leads
613,613,613,200201300PHI,24.0,5.0,3rd quarter,11:46.0,Matt Harpring,PHI,False,2-pointer,0,52-43,'MIN',leads
614,614,614,200201300PHI,41.8,6.1,3rd quarter,10:37.0,Matt Harpring,PHI,False,2-pointer,18,52-45,'MIN',leads
615,615,615,200201300PHI,38.8,10.9,3rd quarter,10:02.0,Derrick Coleman,PHI,False,2-pointer,16,52-45,'MIN',leads
616,616,616,200201300PHI,24.0,5.0,3rd quarter,9:58.0,Matt Harpring,PHI,False,2-pointer,0,52-45,'MIN',leads
617,617,617,200201300PHI,24.0,5.0,3rd quarter,9:57.0,Dikembe Mutombo,PHI,False,2-pointer,0,52-45,'MIN',leads
618,618,618,200201300PHI,17.1,11.3,3rd quarter,9:15.0,Derrick Coleman,PHI,False,2-pointer,9,52-47,'MIN',leads
619,619,619,200201300PHI,24.0,5.0,3rd quarter,8:45.0,Eric Snow,PHI,True,2-pointer,0,54-47,'MIN',leads
620,620,620,200201300PHI,5.7,5.0,3rd quarter,8:21.0,Allen Iverson,PHI,True,2-pointer,18,56-47,'MIN',leads
621,621,621,200201300PHI,8.0,6.5,3rd quarter,7:39.0,Allen Iverson,PHI,False,2-pointer,16,56-47,'MIN',leads
622,622,622,200201300PHI,24.0,5.0,3rd quarter,7:39.0,Derrick Coleman,PHI,True,2-pointer,0,58-47,'MIN',leads
623,623,623,200201300PHI,24.0,5.0,3rd quarter,7:12.0,Dikembe Mutombo,PHI,True,2-pointer,0,61-49,'MIN',leads
624,624,624,200201300PHI,12.1,7.6,3rd quarter,6:30.0,Derrick Coleman,PHI,False,2-pointer,12,61-49,'MIN',leads
625,625,625,200201300PHI,24.0,5.0,3rd quarter,6:28.0,Matt Harpring,PHI,False,2-pointer,0,61-49,'MIN',leads
626,626,626,200201300PHI,12.9,6.5,3rd quarter,6:00.0,Derrick Coleman,PHI,False,2-pointer,11,61-52,'MIN',leads
627,627,627,200201300PHI,8.0,6.5,3rd quarter,5:09.0,Matt Harpring,PHI,False,2-pointer,16,63-52,'MIN',leads
628,628,628,200201300PHI,39.5,5.0,3rd quarter,4:39.0,Allen Iverson,PHI,False,2-pointer,16,63-54,'MIN',leads
629,629,629,200201300PHI,23.4,12.6,3rd quarter,3:59.0,Allen Iverson,PHI,True,2-pointer,8,65-56,'MIN',leads
630,630,630,200201300PHI,33.4,8.8,3rd quarter,2:18.0,Allen Iverson,PHI,False,2-pointer,10,67-60,'MIN',leads
631,631,631,200201300PHI,38.8,13.0,3rd quarter,1:54.0,Allen Iverson,PHI,False,2-pointer,17,67-62,'MIN',leads
632,632,632,200201300PHI,24.1,11.3,3rd quarter,1:25.0,Dikembe Mutombo,PHI,True,2-pointer,6,69-65,'MIN',leads
633,633,633,200201300PHI,33.4,9.9,3rd quarter,0:10.1,Raja Bell,PHI,False,2-pointer,11,69-68,'MIN',leads
634,634,634,200201300PHI,25.4,5.4,4th quarter,10:50.0,Allen Iverson,PHI,False,2-pointer,1,69-72,'MIN',trails
635,635,635,200201300PHI,24.0,5.0,4th quarter,10:45.0,Allen Iverson,PHI,True,2-pointer,0,71-72,'MIN',trails
636,636,636,200201300PHI,24.0,5.0,4th quarter,10:00.0,Allen Iverson,PHI,False,2-pointer,0,71-72,'MIN',trails
637,637,637,200201300PHI,24.0,5.0,4th quarter,9:48.0,Derrick Coleman,PHI,False,2-pointer,0,71-72,'MIN',trails
638,638,638,200201300PHI,5.1,23.4,4th quarter,9:22.0,Allen Iverson,PHI,False,3-pointer,26,71-75,'MIN',trails
639,639,639,200201300PHI,24.0,5.0,4th quarter,8:27.0,Allen Iverson,PHI,True,2-pointer,0,75-77,'MIN',trails
640,640,640,200201300PHI,33.8,18.3,4th quarter,6:49.0,Derrick Coleman,PHI,True,2-pointer,17,79-80,'MIN',trails
641,641,641,200201300PHI,34.6,12.6,4th quarter,5:53.0,Allen Iverson,PHI,True,2-pointer,13,81-80,'MIN',leads
642,642,642,200201300PHI,21.3,12.0,4th quarter,4:15.0,Allen Iverson,PHI,False,2-pointer,8,81-84,'MIN',trails
643,643,643,200201300PHI,24.0,5.0,4th quarter,4:13.0,Derrick Coleman,PHI,True,2-pointer,0,83-84,'MIN',trails
644,644,644,200201300PHI,24.0,5.0,4th quarter,3:04.0,Matt Harpring,PHI,True,2-pointer,0,86-84,'MIN',leads
645,645,645,200201300PHI,24.0,5.0,4th quarter,2:13.0,Matt Harpring,PHI,True,2-pointer,0,88-86,'MIN',leads
646,646,646,200201300PHI,38.8,6.1,4th quarter,1:39.0,Eric Snow,PHI,False,2-pointer,15,88-88,'MIN',tied
647,647,647,200201300PHI,24.0,5.0,4th quarter,0:56.6,Eric Snow,PHI,False,2-pointer,0,88-88,'MIN',tied
648,648,648,200201300PHI,24.0,5.0,4th quarter,0:56.4,Dikembe Mutombo,PHI,True,2-pointer,0,90-88,'MIN',leads
649,649,649,200201300PHI,5.1,8.2,4th quarter,0:29.4,Allen Iverson,PHI,True,2-pointer,19,92-88,'MIN',leads
650,650,650,200201300PHI,24.0,5.0,4th quarter,0:14.7,Matt Harpring,PHI,True,2-pointer,0,96-89,'MIN',leads
651,651,651,200201300UTA,30.8,3.7,1st quarter,11:42.0,Kevin Ollie,CHI,False,2-pointer,7,0-0,'UTA',tied
652,652,652,200201300UTA,3.6,8.8,1st quarter,11:37.0,Eddie Robinson,CHI,True,2-pointer,21,2-0,'UTA',leads
653,653,653,200201300UTA,7.6,15.4,1st quarter,11:06.0,Charles Oakley,CHI,False,2-pointer,19,2-1,'UTA',leads
654,654,654,200201300UTA,20.9,12.4,1st quarter,10:53.0,Brad Miller,CHI,False,2-pointer,8,2-1,'UTA',leads
655,655,655,200201300UTA,10.6,17.7,1st quarter,10:01.0,Eddie Robinson,CHI,False,2-pointer,18,2-3,'UTA',trails
656,656,656,200201300UTA,24.0,5.0,1st quarter,9:26.0,Eddie Robinson,CHI,True,2-pointer,0,6-3,'UTA',leads
657,657,657,200201300UTA,24.0,5.0,1st quarter,8:59.0,Kevin Ollie,CHI,False,2-pointer,0,6-4,'UTA',leads
658,658,658,200201300UTA,38.6,18.9,1st quarter,8:37.0,Kevin Ollie,CHI,False,2-pointer,20,6-6,'UTA',tied
659,659,659,200201300UTA,0.5,5.9,1st quarter,7:55.0,Metta World,CHI,False,3-pointer,24,6-6,'UTA',tied
660,660,660,200201300UTA,35.5,18.9,1st quarter,7:12.0,Kevin Ollie,CHI,True,2-pointer,18,8-8,'UTA',tied
661,661,661,200201300UTA,41.2,16.0,1st quarter,5:32.0,Eddie Robinson,CHI,True,2-pointer,20,10-13,'UTA',trails
662,662,662,200201300UTA,6.8,2.5,1st quarter,4:39.0,Eddie Robinson,CHI,True,2-pointer,17,12-15,'UTA',trails
663,663,663,200201300UTA,41.2,3.7,1st quarter,4:03.0,Brad Miller,CHI,False,2-pointer,17,12-15,'UTA',trails
664,664,664,200201300UTA,36.3,9.5,1st quarter,3:23.0,A.J. Guyton,CHI,False,2-pointer,13,12-17,'UTA',trails
665,665,665,200201300UTA,24.0,5.0,1st quarter,2:46.0,Eddy Curry,CHI,True,2-pointer,0,14-18,'UTA',trails
666,666,666,200201300UTA,24.0,5.0,1st quarter,2:17.0,A.J. Guyton,CHI,True,2-pointer,0,16-18,'UTA',trails
667,667,667,200201300UTA,39.5,20.0,1st quarter,1:36.0,Fred Hoiberg,CHI,False,2-pointer,22,16-18,'UTA',trails
668,668,668,200201300UTA,24.0,5.0,1st quarter,1:15.0,Eddie Robinson,CHI,True,2-pointer,0,18-18,'UTA',tied
669,669,669,200201300UTA,44.3,20.0,1st quarter,0:17.7,Fred Hoiberg,CHI,False,3-pointer,25,18-22,'UTA',trails
670,670,670,200201300UTA,13.7,27.8,2nd quarter,11:14.0,A.J. Guyton,CHI,True,3-pointer,25,21-25,'UTA',trails
671,671,671,200201300UTA,38.0,18.9,2nd quarter,10:33.0,A.J. Guyton,CHI,False,2-pointer,20,21-25,'UTA',trails
672,672,672,200201300UTA,24.0,5.0,2nd quarter,10:03.0,Tyson Chandler,CHI,False,2-pointer,0,21-25,'UTA',trails
673,673,673,200201300UTA,5.1,3.1,2nd quarter,9:31.0,Trenton Hassell,CHI,True,2-pointer,19,24-25,'UTA',trails
674,674,674,200201300UTA,23.2,12.4,2nd quarter,8:44.0,Tyson Chandler,CHI,False,2-pointer,7,24-27,'UTA',trails
675,675,675,200201300UTA,24.0,5.0,2nd quarter,7:42.0,Trenton Hassell,CHI,True,2-pointer,0,26-29,'UTA',trails
676,676,676,200201300UTA,45.8,15.4,2nd quarter,6:59.0,A.J. Guyton,CHI,True,3-pointer,24,29-31,'UTA',trails
677,677,677,200201300UTA,45.8,17.7,2nd quarter,6:35.0,Trenton Hassell,CHI,True,3-pointer,25,32-31,'UTA',leads
678,678,678,200201300UTA,24.0,5.0,2nd quarter,5:54.0,Marcus Fizer,CHI,True,2-pointer,0,34-31,'UTA',leads
679,679,679,200201300UTA,2.8,10.1,2nd quarter,5:15.0,Metta World,CHI,True,2-pointer,22,36-33,'UTA',leads
680,680,680,200201300UTA,9.1,3.1,2nd quarter,4:43.0,Marcus Fizer,CHI,False,2-pointer,15,36-35,'UTA',leads
681,681,681,200201300UTA,37.2,2.5,2nd quarter,4:11.0,Kevin Ollie,CHI,False,2-pointer,13,36-35,'UTA',leads
682,682,682,200201300UTA,30.8,3.7,2nd quarter,3:22.0,Brad Miller,CHI,False,2-pointer,7,36-39,'UTA',trails
683,683,683,200201300UTA,36.3,19.6,2nd quarter,3:19.0,Metta World,CHI,False,2-pointer,19,36-39,'UTA',trails
684,684,684,200201300UTA,14.6,24.8,2nd quarter,3:13.0,Kevin Ollie,CHI,False,2-pointer,22,36-39,'UTA',trails
685,685,685,200201300UTA,45.2,20.0,2nd quarter,2:10.0,Metta World,CHI,False,3-pointer,26,36-42,'UTA',trails
686,686,686,200201300UTA,24.0,5.0,2nd quarter,1:13.0,Eddy Curry,CHI,True,2-pointer,0,42-44,'UTA',trails
687,687,687,200201300UTA,17.7,12.4,2nd quarter,0:46.7,Marcus Fizer,CHI,False,2-pointer,10,42-46,'UTA',trails
688,688,688,200201300UTA,41.2,3.1,2nd quarter,0:25.2,Eddie Robinson,CHI,False,2-pointer,17,42-46,'UTA',trails
689,689,689,200201300UTA,24.0,5.0,3rd quarter,10:48.0,Kevin Ollie,CHI,False,2-pointer,0,42-48,'UTA',trails
690,690,690,200201300UTA,33.1,21.3,3rd quarter,9:56.0,Charles Oakley,CHI,False,2-pointer,19,42-50,'UTA',trails
691,691,691,200201300UTA,24.0,5.0,3rd quarter,9:28.0,Eddie Robinson,CHI,True,2-pointer,0,44-50,'UTA',trails
692,692,692,200201300UTA,7.6,15.4,3rd quarter,8:15.0,Eddie Robinson,CHI,False,2-pointer,19,44-52,'UTA',trails
693,693,693,200201300UTA,5.9,14.1,3rd quarter,8:10.0,Eddie Robinson,CHI,False,2-pointer,20,44-52,'UTA',trails
694,694,694,200201300UTA,24.7,19.6,3rd quarter,7:39.0,Kevin Ollie,CHI,False,2-pointer,15,44-53,'UTA',trails
695,695,695,200201300UTA,24.0,20.0,3rd quarter,6:41.0,Eddie Robinson,CHI,True,2-pointer,15,46-57,'UTA',trails
696,696,696,200201300UTA,40.3,3.7,3rd quarter,5:26.0,Tyson Chandler,CHI,True,2-pointer,16,48-59,'UTA',trails
697,697,697,200201300UTA,42.6,5.9,3rd quarter,4:08.0,Eddie Robinson,CHI,False,2-pointer,19,48-62,'UTA',trails
698,698,698,200201300UTA,5.1,3.1,3rd quarter,3:31.0,Marcus Fizer,CHI,True,2-pointer,19,50-62,'UTA',trails
699,699,699,200201300UTA,24.0,5.0,3rd quarter,2:50.0,Tyson Chandler,CHI,True,2-pointer,0,52-62,'UTA',trails
700,700,700,200201300UTA,24.0,21.3,3rd quarter,2:15.0,Eddie Robinson,CHI,False,2-pointer,16,52-64,'UTA',trails
701,701,701,200201300UTA,5.9,11.8,3rd quarter,0:48.3,Marcus Fizer,CHI,False,2-pointer,19,52-67,'UTA',trails
702,702,702,200201300UTA,20.1,6.5,3rd quarter,0:45.3,Marcus Fizer,CHI,True,2-pointer,4,54-67,'UTA',trails
703,703,703,200201300UTA,14.6,30.3,3rd quarter,0:04.6,A.J. Guyton,CHI,True,3-pointer,27,57-69,'UTA',trails
704,704,704,200201300UTA,35.5,28.4,4th quarter,11:39.0,A.J. Guyton,CHI,False,3-pointer,26,57-69,'UTA',trails
705,705,705,200201300UTA,16.1,28.4,4th quarter,11:34.0,Fred Hoiberg,CHI,False,3-pointer,25,57-69,'UTA',trails
706,706,706,200201300UTA,11.4,26.7,4th quarter,11:07.0,A.J. Guyton,CHI,True,3-pointer,25,60-69,'UTA',trails
707,707,707,200201300UTA,20.9,28.4,4th quarter,10:17.0,Trenton Hassell,CHI,False,3-pointer,24,60-69,'UTA',trails
708,708,708,200201300UTA,24.0,5.0,4th quarter,10:11.0,Marcus Fizer,CHI,False,2-pointer,0,60-69,'UTA',trails
709,709,709,200201300UTA,35.5,20.0,4th quarter,9:46.0,A.J. Guyton,CHI,False,2-pointer,19,60-70,'UTA',trails
710,710,710,200201300UTA,30.0,13.7,4th quarter,9:39.0,Trenton Hassell,CHI,False,2-pointer,11,60-70,'UTA',trails
711,711,711,200201300UTA,24.7,29.1,4th quarter,7:51.0,Metta World,CHI,False,3-pointer,24,63-74,'UTA',trails
712,712,712,200201300UTA,26.2,17.7,4th quarter,6:53.0,Metta World,CHI,True,2-pointer,13,65-74,'UTA',trails
713,713,713,200201300UTA,13.7,29.1,4th quarter,5:55.0,A.J. Guyton,CHI,False,3-pointer,26,65-77,'UTA',trails
714,714,714,200201300UTA,36.3,4.4,4th quarter,4:40.0,Brad Miller,CHI,False,2-pointer,12,65-79,'UTA',trails
715,715,715,200201300UTA,42.6,20.0,4th quarter,3:30.0,Trenton Hassell,CHI,False,3-pointer,24,67-82,'UTA',trails
716,716,716,200201300UTA,5.9,10.1,4th quarter,3:15.0,Tyson Chandler,CHI,False,2-pointer,19,67-82,'UTA',trails
717,717,717,200201300UTA,22.4,19.6,4th quarter,3:01.0,Marcus Fizer,CHI,True,2-pointer,15,69-82,'UTA',trails
718,718,718,200201300UTA,21.7,20.6,4th quarter,2:36.0,Marcus Fizer,CHI,True,2-pointer,16,71-82,'UTA',trails
719,719,719,200201300UTA,5.1,1.4,4th quarter,1:55.0,Eddie Robinson,CHI,True,2-pointer,19,73-84,'UTA',trails
720,720,720,200201300UTA,24.0,5.0,4th quarter,0:27.1,Kevin Ollie,CHI,True,2-pointer,0,78-87,'UTA',trails
721,721,721,200201300UTA,24.0,5.0,1st quarter,10:38.0,Andrei Kirilenko,UTA,False,2-pointer,0,1-2,'UTA',trails
722,722,722,200201300UTA,24.0,5.0,1st quarter,10:13.0,John Stockton,UTA,True,2-pointer,0,3-2,'UTA',leads
723,723,723,200201300UTA,45.2,16.0,1st quarter,9:50.0,Bryon Russell,UTA,False,3-pointer,24,3-2,'UTA',leads
724,724,724,200201300UTA,24.0,5.0,1st quarter,8:51.0,Jarron Collins,UTA,True,2-pointer,0,6-6,'UTA',tied
725,725,725,200201300UTA,38.6,18.3,1st quarter,8:19.0,Karl Malone,UTA,False,2-pointer,20,6-6,'UTA',tied
726,726,726,200201300UTA,24.0,5.0,1st quarter,8:17.0,Andrei Kirilenko,UTA,False,2-pointer,0,6-6,'UTA',tied
727,727,727,200201300UTA,13.7,19.6,1st quarter,7:36.0,Karl Malone,UTA,True,2-pointer,18,8-6,'UTA',leads
728,728,728,200201300UTA,24.0,5.0,1st quarter,6:57.0,Bryon Russell,UTA,True,2-pointer,0,10-8,'UTA',leads
729,729,729,200201300UTA,4.5,16.0,1st quarter,6:22.0,Karl Malone,UTA,False,2-pointer,22,11-8,'UTA',leads
730,730,730,200201300UTA,24.0,5.0,1st quarter,5:16.0,Andrei Kirilenko,UTA,True,2-pointer,0,15-10,'UTA',leads
731,731,731,200201300UTA,24.0,5.0,1st quarter,4:48.0,Karl Malone,UTA,False,2-pointer,0,15-10,'UTA',leads
732,732,732,200201300UTA,24.0,5.0,1st quarter,3:07.0,Andrei Kirilenko,UTA,False,2-pointer,0,17-12,'UTA',leads
733,733,733,200201300UTA,7.6,22.5,1st quarter,2:24.0,Rusty LaRue,UTA,False,3-pointer,24,18-14,'UTA',leads
734,734,734,200201300UTA,5.1,1.4,1st quarter,1:52.0,DeShawn Stevenson,UTA,False,2-pointer,19,18-16,'UTA',leads
735,735,735,200201300UTA,32.3,27.8,1st quarter,1:21.0,Rusty LaRue,UTA,False,3-pointer,24,18-16,'UTA',leads
736,736,736,200201300UTA,3.6,3.1,1st quarter,0:53.3,Andrei Kirilenko,UTA,True,2-pointer,20,20-18,'UTA',leads
737,737,737,200201300UTA,5.9,6.5,1st quarter,0:00.8,Scott Padgett,UTA,True,2-pointer,18,24-18,'UTA',leads
738,738,738,200201300UTA,16.9,16.0,2nd quarter,11:31.0,Greg Ostertag,UTA,False,2-pointer,13,25-18,'UTA',leads
739,739,739,200201300UTA,24.7,29.1,2nd quarter,10:54.0,Scott Padgett,UTA,False,3-pointer,24,25-21,'UTA',leads
740,740,740,200201300UTA,16.9,3.7,2nd quarter,10:12.0,DeShawn Stevenson,UTA,False,2-pointer,7,25-21,'UTA',leads
741,741,741,200201300UTA,24.0,5.0,2nd quarter,10:10.0,Greg Ostertag,UTA,False,2-pointer,0,25-21,'UTA',leads
742,742,742,200201300UTA,34.8,28.4,2nd quarter,9:38.0,Rusty LaRue,UTA,False,3-pointer,26,25-22,'UTA',leads
743,743,743,200201300UTA,24.0,5.0,2nd quarter,7:56.0,John Stockton,UTA,True,2-pointer,0,29-24,'UTA',leads
744,744,744,200201300UTA,38.6,15.4,2nd quarter,7:18.0,Scott Padgett,UTA,True,2-pointer,18,31-26,'UTA',leads
745,745,745,200201300UTA,24.0,5.0,2nd quarter,5:41.0,Bryon Russell,UTA,True,2-pointer,0,33-34,'UTA',trails
746,746,746,200201300UTA,24.0,5.0,2nd quarter,5:09.0,Andrei Kirilenko,UTA,True,2-pointer,0,35-36,'UTA',trails
747,747,747,200201300UTA,41.2,3.7,2nd quarter,4:22.0,John Stockton,UTA,False,2-pointer,17,35-36,'UTA',trails
748,748,748,200201300UTA,24.0,5.0,2nd quarter,3:59.0,Jarron Collins,UTA,True,2-pointer,0,37-36,'UTA',leads
749,749,749,200201300UTA,28.5,28.4,2nd quarter,2:55.0,Bryon Russell,UTA,True,3-pointer,24,42-36,'UTA',leads
750,750,750,200201300UTA,11.4,25.5,2nd quarter,2:32.0,John Stockton,UTA,False,3-pointer,24,42-36,'UTA',leads
751,751,751,200201300UTA,9.1,16.0,2nd quarter,2:19.0,Andrei Kirilenko,UTA,False,2-pointer,19,42-36,'UTA',leads
752,752,752,200201300UTA,30.8,7.1,2nd quarter,1:55.0,Karl Malone,UTA,False,2-pointer,7,42-36,'UTA',leads
753,753,753,200201300UTA,24.0,5.0,2nd quarter,1:41.0,Andrei Kirilenko,UTA,True,2-pointer,0,44-38,'UTA',leads
754,754,754,200201300UTA,24.0,5.0,2nd quarter,0:59.6,Andrei Kirilenko,UTA,True,2-pointer,0,46-42,'UTA',leads
755,755,755,200201300UTA,24.0,5.0,3rd quarter,11:18.0,Bryon Russell,UTA,False,2-pointer,0,48-42,'UTA',leads
756,756,756,200201300UTA,22.4,8.2,3rd quarter,10:38.0,Bryon Russell,UTA,False,2-pointer,4,48-42,'UTA',leads
757,757,757,200201300UTA,19.2,23.1,3rd quarter,10:11.0,John Stockton,UTA,True,2-pointer,19,50-42,'UTA',leads
758,758,758,200201300UTA,24.0,10.7,3rd quarter,9:33.0,John Stockton,UTA,False,2-pointer,6,50-42,'UTA',leads
759,759,759,200201300UTA,20.1,21.9,3rd quarter,9:13.0,Karl Malone,UTA,False,2-pointer,17,50-44,'UTA',leads
760,760,760,200201300UTA,16.9,23.6,3rd quarter,8:45.0,John Stockton,UTA,True,2-pointer,20,52-44,'UTA',leads
761,761,761,200201300UTA,24.0,5.0,3rd quarter,7:14.0,Karl Malone,UTA,True,2-pointer,0,55-44,'UTA',leads
762,762,762,200201300UTA,24.0,5.0,3rd quarter,6:55.0,Andrei Kirilenko,UTA,True,2-pointer,0,57-44,'UTA',leads
763,763,763,200201300UTA,6.8,2.5,3rd quarter,6:12.0,Andrei Kirilenko,UTA,False,2-pointer,17,57-46,'UTA',leads
764,764,764,200201300UTA,24.0,5.0,3rd quarter,6:10.0,Jarron Collins,UTA,True,2-pointer,0,59-46,'UTA',leads
765,765,765,200201300UTA,47.3,5.0,3rd quarter,5:06.0,John Stockton,UTA,False,3-pointer,23,59-48,'UTA',leads
766,766,766,200201300UTA,47.3,3.7,3rd quarter,4:53.0,Bryon Russell,UTA,True,3-pointer,23,62-48,'UTA',leads
767,767,767,200201300UTA,24.0,5.0,3rd quarter,3:39.0,Karl Malone,UTA,False,2-pointer,0,62-48,'UTA',leads
768,768,768,200201300UTA,24.0,5.0,3rd quarter,2:33.0,Karl Malone,UTA,True,2-pointer,0,64-52,'UTA',leads
769,769,769,200201300UTA,31.7,15.4,3rd quarter,1:49.0,Karl Malone,UTA,False,2-pointer,13,64-52,'UTA',leads
770,770,770,200201300UTA,12.1,12.4,3rd quarter,1:44.0,Scott Padgett,UTA,True,2-pointer,14,66-52,'UTA',leads
771,771,771,200201300UTA,27.7,24.2,3rd quarter,0:26.5,Rusty LaRue,UTA,True,2-pointer,20,69-54,'UTA',leads
772,772,772,200201300UTA,24.0,16.6,3rd quarter,0:00.1,Rusty LaRue,UTA,False,2-pointer,12,69-57,'UTA',leads
773,773,773,200201300UTA,24.0,5.0,4th quarter,9:33.0,Karl Malone,UTA,True,2-pointer,0,72-60,'UTA',leads
774,774,774,200201300UTA,12.9,5.9,4th quarter,8:43.0,Karl Malone,UTA,True,2-pointer,11,74-63,'UTA',leads
775,775,775,200201300UTA,12.1,2.5,4th quarter,7:27.0,John Stockton,UTA,False,2-pointer,12,74-63,'UTA',leads
776,776,776,200201300UTA,35.5,20.0,4th quarter,7:07.0,Karl Malone,UTA,False,2-pointer,19,74-63,'UTA',leads
777,777,777,200201300UTA,37.2,19.6,4th quarter,6:36.0,Karl Malone,UTA,False,2-pointer,20,74-65,'UTA',leads
778,778,778,200201300UTA,36.3,26.1,4th quarter,6:17.0,Scott Padgett,UTA,True,3-pointer,24,77-65,'UTA',leads
779,779,779,200201300UTA,24.7,13.7,4th quarter,5:36.0,John Stockton,UTA,False,2-pointer,9,77-65,'UTA',leads
780,780,780,200201300UTA,24.0,5.0,4th quarter,5:02.0,John Stockton,UTA,True,2-pointer,0,79-65,'UTA',leads
781,781,781,200201300UTA,24.0,5.0,4th quarter,4:22.0,John Stockton,UTA,True,2-pointer,0,82-65,'UTA',leads
782,782,782,200201300UTA,37.2,11.8,4th quarter,3:39.0,Bryon Russell,UTA,False,2-pointer,15,82-67,'UTA',leads
783,783,783,200201300UTA,35.5,6.5,4th quarter,1:37.0,John Amaechi,UTA,False,2-pointer,12,84-73,'UTA',leads
784,784,784,200201300UTA,34.0,26.7,4th quarter,0:08.5,Rusty LaRue,UTA,True,3-pointer,24,90-78,'UTA',leads
