,Unnamed: 0.1,Unnamed: 0,match_id,shotX,shotY,quarter,time_remaining,player,team,made,shot_type,distance,score,opp,status
0,0,0,200204300IND,7.0,23.8,1st quarter,10:43.0,Jason Kidd,NJN,True,3-pointer,25,3-3,'IND',tied
1,1,1,200204300IND,25.6,30.1,1st quarter,10:08.0,Keith Van,NJN,True,3-pointer,25,6-3,'IND',leads
2,2,2,200204300IND,33.4,17.0,1st quarter,9:38.0,Jason Kidd,NJN,False,2-pointer,15,6-3,'IND',leads
3,3,3,200204300IND,27.0,6.5,1st quarter,9:12.0,Todd MacCulloch,NJN,False,2-pointer,3,6-5,'IND',leads
4,4,4,200204300IND,22.2,12.6,1st quarter,8:40.0,Keith Van,NJN,True,2-pointer,8,8-7,'IND',leads
5,5,5,200204300IND,35.5,17.7,1st quarter,8:10.0,Kenyon Martin,NJN,False,2-pointer,17,8-7,'IND',leads
6,6,6,200204300IND,22.8,8.0,1st quarter,7:46.0,Kenyon Martin,NJN,True,2-pointer,3,10-9,'IND',leads
7,7,7,200204300IND,9.9,19.4,1st quarter,7:10.0,Jason Kidd,NJN,False,2-pointer,20,10-9,'IND',leads
8,8,8,200204300IND,13.5,6.9,1st quarter,6:29.0,Kenyon Martin,NJN,False,2-pointer,11,10-11,'IND',trails
9,9,9,200204300IND,35.5,13.2,1st quarter,6:25.0,Jason Kidd,NJN,False,2-pointer,14,10-11,'IND',trails
10,10,10,200204300IND,21.3,30.1,1st quarter,6:06.0,Keith Van,NJN,False,3-pointer,25,10-11,'IND',trails
11,11,11,200204300IND,16.9,22.1,1st quarter,5:43.0,Kenyon Martin,NJN,False,2-pointer,19,10-11,'IND',trails
12,12,12,200204300IND,31.3,5.0,1st quarter,4:36.0,Aaron Williams,NJN,True,2-pointer,7,12-11,'IND',leads
13,13,13,200204300IND,22.8,20.6,1st quarter,4:03.0,Kenyon Martin,NJN,False,2-pointer,16,12-13,'IND',trails
14,14,14,200204300IND,24.7,6.5,1st quarter,3:18.0,Aaron Williams,NJN,False,2-pointer,2,13-14,'IND',trails
15,15,15,200204300IND,24.7,5.9,1st quarter,3:17.0,Kenyon Martin,NJN,True,2-pointer,1,15-14,'IND',leads
16,16,16,200204300IND,24.7,8.0,1st quarter,2:14.0,Aaron Williams,NJN,False,2-pointer,3,15-17,'IND',trails
17,17,17,200204300IND,30.4,30.1,1st quarter,0:11.9,Jason Kidd,NJN,False,3-pointer,26,16-22,'IND',trails
18,18,18,200204300IND,38.4,31.2,1st quarter,0:00.0,Lucious Harris,NJN,True,3-pointer,30,19-22,'IND',trails
19,19,19,200204300IND,31.9,20.0,2nd quarter,11:44.0,Anthony Johnson,NJN,False,2-pointer,17,19-22,'IND',trails
20,20,20,200204300IND,24.7,6.5,2nd quarter,11:42.0,Jason Collins,NJN,False,2-pointer,2,19-22,'IND',trails
21,21,21,200204300IND,24.1,7.6,2nd quarter,11:07.0,Richard Jefferson,NJN,True,2-pointer,3,21-22,'IND',trails
22,22,22,200204300IND,24.7,6.5,2nd quarter,10:34.0,Richard Jefferson,NJN,False,2-pointer,2,22-22,'IND',tied
23,23,23,200204300IND,25.6,5.4,2nd quarter,10:07.0,Anthony Johnson,NJN,True,2-pointer,2,24-22,'IND',leads
24,24,24,200204300IND,24.1,12.6,2nd quarter,9:33.0,Lucious Harris,NJN,False,2-pointer,8,24-22,'IND',leads
25,25,25,200204300IND,44.1,6.5,2nd quarter,8:08.0,Anthony Johnson,NJN,False,2-pointer,20,25-22,'IND',leads
26,26,26,200204300IND,26.2,19.4,2nd quarter,7:13.0,Anthony Johnson,NJN,True,2-pointer,15,27-28,'IND',trails
27,27,27,200204300IND,16.9,10.5,2nd quarter,6:10.0,Kenyon Martin,NJN,False,2-pointer,9,27-28,'IND',trails
28,28,28,200204300IND,13.5,12.0,2nd quarter,5:52.0,Lucious Harris,NJN,False,2-pointer,13,27-30,'IND',trails
29,29,29,200204300IND,24.7,5.4,2nd quarter,5:49.0,Todd MacCulloch,NJN,True,2-pointer,1,29-30,'IND',trails
30,30,30,200204300IND,16.3,23.4,2nd quarter,4:55.0,Jason Kidd,NJN,False,2-pointer,20,29-32,'IND',trails
31,31,31,200204300IND,18.4,17.0,2nd quarter,4:27.0,Jason Kidd,NJN,False,2-pointer,13,29-32,'IND',trails
32,32,32,200204300IND,22.8,9.2,2nd quarter,4:03.0,Kenyon Martin,NJN,False,2-pointer,4,29-32,'IND',trails
33,33,33,200204300IND,14.2,6.5,2nd quarter,3:54.0,Keith Van,NJN,False,2-pointer,10,29-32,'IND',trails
34,34,34,200204300IND,27.7,5.4,2nd quarter,3:22.0,Todd MacCulloch,NJN,True,2-pointer,4,31-32,'IND',trails
35,35,35,200204300IND,14.8,8.6,2nd quarter,2:15.0,Kenyon Martin,NJN,True,2-pointer,10,33-34,'IND',trails
36,36,36,200204300IND,23.6,14.3,2nd quarter,1:45.0,Jason Kidd,NJN,False,2-pointer,9,33-34,'IND',trails
37,37,37,200204300IND,24.1,20.0,2nd quarter,0:33.9,Kerry Kittles,NJN,False,2-pointer,15,33-38,'IND',trails
38,38,38,200204300IND,7.8,27.2,2nd quarter,0:00.9,Kerry Kittles,NJN,False,3-pointer,27,33-38,'IND',trails
39,39,39,200204300IND,28.3,15.6,3rd quarter,11:43.0,Kerry Kittles,NJN,True,2-pointer,11,35-38,'IND',trails
40,40,40,200204300IND,14.2,6.9,3rd quarter,11:09.0,Kenyon Martin,NJN,False,2-pointer,10,35-40,'IND',trails
41,41,41,200204300IND,28.3,14.9,3rd quarter,10:30.0,Kenyon Martin,NJN,False,2-pointer,11,35-42,'IND',trails
42,42,42,200204300IND,23.6,6.5,3rd quarter,10:06.0,Todd MacCulloch,NJN,True,2-pointer,2,37-45,'IND',trails
43,43,43,200204300IND,21.3,6.9,3rd quarter,9:03.0,Kenyon Martin,NJN,True,2-pointer,3,41-47,'IND',trails
44,44,44,200204300IND,22.8,5.9,3rd quarter,8:42.0,Kerry Kittles,NJN,True,2-pointer,2,43-47,'IND',trails
45,45,45,200204300IND,43.5,20.6,3rd quarter,7:52.0,Jason Kidd,NJN,False,3-pointer,25,43-47,'IND',trails
46,46,46,200204300IND,22.8,5.9,3rd quarter,7:31.0,Jason Kidd,NJN,True,2-pointer,2,45-47,'IND',trails
47,47,47,200204300IND,25.6,5.0,3rd quarter,6:48.0,Kerry Kittles,NJN,False,2-pointer,2,45-50,'IND',trails
48,48,48,200204300IND,3.4,9.9,3rd quarter,5:44.0,Jason Kidd,NJN,False,2-pointer,21,45-54,'IND',trails
49,49,49,200204300IND,24.7,11.6,3rd quarter,5:07.0,Kenyon Martin,NJN,False,2-pointer,7,45-56,'IND',trails
50,50,50,200204300IND,24.7,25.7,3rd quarter,4:23.0,Jason Kidd,NJN,False,2-pointer,21,45-58,'IND',trails
51,51,51,200204300IND,16.9,23.4,3rd quarter,3:19.0,Kenyon Martin,NJN,False,2-pointer,20,46-62,'IND',trails
52,52,52,200204300IND,22.2,6.5,3rd quarter,3:06.0,Jason Kidd,NJN,True,2-pointer,2,48-64,'IND',trails
53,53,53,200204300IND,25.6,6.5,3rd quarter,2:33.0,Kenyon Martin,NJN,True,2-pointer,2,50-66,'IND',trails
54,54,54,200204300IND,27.0,9.2,3rd quarter,1:19.0,Jason Kidd,NJN,False,2-pointer,5,50-66,'IND',trails
55,55,55,200204300IND,19.8,16.0,3rd quarter,0:23.7,Lucious Harris,NJN,True,2-pointer,12,52-68,'IND',trails
56,56,56,200204300IND,23.6,23.8,3rd quarter,0:02.9,Kenyon Martin,NJN,False,2-pointer,19,53-68,'IND',trails
57,57,57,200204300IND,23.6,6.9,3rd quarter,0:00.9,Aaron Williams,NJN,False,2-pointer,2,53-68,'IND',trails
58,58,58,200204300IND,9.1,5.0,4th quarter,11:33.0,Lucious Harris,NJN,False,2-pointer,15,53-68,'IND',trails
59,59,59,200204300IND,22.2,7.6,4th quarter,11:04.0,Anthony Johnson,NJN,False,2-pointer,3,53-68,'IND',trails
60,60,60,200204300IND,23.6,26.1,4th quarter,10:33.0,Richard Jefferson,NJN,True,2-pointer,21,55-69,'IND',trails
61,61,61,200204300IND,26.2,6.5,4th quarter,9:42.0,Aaron Williams,NJN,False,2-pointer,3,55-71,'IND',trails
62,62,62,200204300IND,19.8,7.6,4th quarter,9:16.0,Aaron Williams,NJN,False,2-pointer,5,55-71,'IND',trails
63,63,63,200204300IND,13.5,21.0,4th quarter,8:34.0,Lucious Harris,NJN,True,2-pointer,19,58-73,'IND',trails
64,64,64,200204300IND,20.7,22.1,4th quarter,6:57.0,Lucious Harris,NJN,True,2-pointer,17,60-77,'IND',trails
65,65,65,200204300IND,23.6,23.4,4th quarter,5:56.0,Lucious Harris,NJN,False,2-pointer,18,60-80,'IND',trails
66,66,66,200204300IND,14.2,18.7,4th quarter,5:25.0,Jason Kidd,NJN,True,2-pointer,17,62-80,'IND',trails
67,67,67,200204300IND,33.4,17.0,4th quarter,4:46.0,Aaron Williams,NJN,False,2-pointer,15,62-82,'IND',trails
68,68,68,200204300IND,22.2,5.9,4th quarter,4:17.0,Richard Jefferson,NJN,True,2-pointer,2,64-84,'IND',trails
69,69,69,200204300IND,22.8,5.9,4th quarter,3:38.0,Jason Collins,NJN,True,2-pointer,2,66-86,'IND',trails
70,70,70,200204300IND,35.5,21.7,4th quarter,2:31.0,Richard Jefferson,NJN,True,2-pointer,20,68-89,'IND',trails
71,71,71,200204300IND,22.8,5.4,4th quarter,1:39.0,Brian Scalabrine,NJN,True,2-pointer,1,72-91,'IND',trails
72,72,72,200204300IND,11.2,27.8,4th quarter,1:32.0,Anthony Johnson,NJN,False,3-pointer,26,72-91,'IND',trails
73,73,73,200204300IND,24.7,6.9,4th quarter,1:06.0,Anthony Johnson,NJN,False,2-pointer,2,72-93,'IND',trails
74,74,74,200204300IND,0.5,14.9,4th quarter,0:43.9,Donny Marshall,NJN,False,3-pointer,26,72-95,'IND',trails
75,75,75,200204300IND,22.8,13.2,4th quarter,0:17.6,Anthony Johnson,NJN,True,2-pointer,8,74-97,'IND',trails
76,76,76,200204300IND,12.7,27.8,1st quarter,11:44.0,Metta World,IND,True,3-pointer,25,3-0,'IND',leads
77,77,77,200204300IND,24.1,5.9,1st quarter,11:13.0,Metta World,IND,False,2-pointer,1,3-0,'IND',leads
78,78,78,200204300IND,29.1,16.0,1st quarter,10:52.0,Reggie Miller,IND,False,2-pointer,12,3-0,'IND',leads
79,79,79,200204300IND,5.5,17.7,1st quarter,10:28.0,Reggie Miller,IND,False,2-pointer,22,3-3,'IND',tied
80,80,80,200204300IND,21.3,5.0,1st quarter,10:20.0,Brad Miller,IND,False,2-pointer,3,3-3,'IND',tied
81,81,81,200204300IND,24.7,5.4,1st quarter,9:29.0,Brad Miller,IND,True,2-pointer,1,5-6,'IND',trails
82,82,82,200204300IND,42.0,12.0,1st quarter,9:01.0,Jamaal Tinsley,IND,True,2-pointer,19,7-6,'IND',leads
83,83,83,200204300IND,19.2,15.6,1st quarter,8:27.0,Reggie Miller,IND,False,2-pointer,12,7-8,'IND',trails
84,84,84,200204300IND,12.7,29.5,1st quarter,7:22.0,Reggie Miller,IND,False,3-pointer,27,9-10,'IND',trails
85,85,85,200204300IND,33.4,6.5,1st quarter,6:50.0,Jermaine O'Neal,IND,True,2-pointer,10,11-10,'IND',leads
86,86,86,200204300IND,24.7,6.5,1st quarter,5:03.0,Reggie Miller,IND,False,2-pointer,2,11-10,'IND',leads
87,87,87,200204300IND,33.4,18.7,1st quarter,4:55.0,Jermaine O'Neal,IND,False,2-pointer,17,11-10,'IND',leads
88,88,88,200204300IND,27.0,6.5,1st quarter,4:25.0,Metta World,IND,True,2-pointer,3,13-12,'IND',leads
89,89,89,200204300IND,14.2,19.4,1st quarter,2:29.0,Ron Mercer,IND,True,2-pointer,17,17-15,'IND',leads
90,90,90,200204300IND,25.6,5.0,1st quarter,1:54.0,Jermaine O'Neal,IND,True,2-pointer,2,19-15,'IND',leads
91,91,91,200204300IND,24.1,8.6,1st quarter,0:29.9,Reggie Miller,IND,True,2-pointer,4,22-16,'IND',leads
92,92,92,200204300IND,36.3,18.3,2nd quarter,10:17.0,Jamaal Tinsley,IND,False,2-pointer,18,22-22,'IND',tied
93,93,93,200204300IND,29.8,12.0,2nd quarter,9:17.0,Jermaine O'Neal,IND,False,2-pointer,9,22-24,'IND',trails
94,94,94,200204300IND,1.9,17.7,2nd quarter,7:50.0,Austin Croshere,IND,True,3-pointer,25,25-25,'IND',tied
95,95,95,200204300IND,26.2,5.9,2nd quarter,7:30.0,Brad Miller,IND,True,2-pointer,2,27-25,'IND',leads
96,96,96,200204300IND,18.4,17.0,2nd quarter,6:30.0,Kevin Ollie,IND,False,2-pointer,13,28-27,'IND',leads
97,97,97,200204300IND,14.8,10.5,2nd quarter,5:30.0,Austin Croshere,IND,False,2-pointer,11,30-29,'IND',leads
98,98,98,200204300IND,24.1,6.9,2nd quarter,5:13.0,Metta World,IND,True,2-pointer,2,32-29,'IND',leads
99,99,99,200204300IND,28.3,5.0,2nd quarter,4:36.0,Brad Miller,IND,False,2-pointer,4,32-29,'IND',leads
100,100,100,200204300IND,31.9,17.7,2nd quarter,4:13.0,Reggie Miller,IND,False,2-pointer,15,32-29,'IND',leads
101,101,101,200204300IND,10.6,6.5,2nd quarter,3:31.0,Brad Miller,IND,False,2-pointer,13,32-29,'IND',leads
102,102,102,200204300IND,24.1,20.0,2nd quarter,2:50.0,Metta World,IND,False,2-pointer,15,32-31,'IND',leads
103,103,103,200204300IND,22.8,6.5,2nd quarter,2:33.0,Metta World,IND,True,2-pointer,2,34-31,'IND',leads
104,104,104,200204300IND,22.8,6.5,2nd quarter,1:59.0,Brad Miller,IND,False,2-pointer,2,34-33,'IND',leads
105,105,105,200204300IND,6.4,9.2,2nd quarter,0:49.9,Reggie Miller,IND,True,2-pointer,18,38-33,'IND',leads
106,106,106,200204300IND,35.5,16.0,2nd quarter,0:08.9,Brad Miller,IND,False,2-pointer,16,38-33,'IND',leads
107,107,107,200204300IND,22.8,10.9,3rd quarter,11:21.0,Brad Miller,IND,True,2-pointer,6,40-35,'IND',leads
108,108,108,200204300IND,19.8,27.2,3rd quarter,10:51.0,Reggie Miller,IND,True,2-pointer,23,42-35,'IND',leads
109,109,109,200204300IND,15.6,29.1,3rd quarter,10:22.0,Metta World,IND,True,3-pointer,26,45-35,'IND',leads
110,110,110,200204300IND,26.2,5.4,3rd quarter,9:51.0,Reggie Miller,IND,True,2-pointer,2,47-37,'IND',leads
111,111,111,200204300IND,26.2,5.9,3rd quarter,9:11.0,Metta World,IND,False,2-pointer,2,47-39,'IND',leads
112,112,112,200204300IND,36.3,9.9,3rd quarter,8:47.0,Reggie Miller,IND,False,2-pointer,13,47-41,'IND',leads
113,113,113,200204300IND,21.3,6.9,3rd quarter,7:37.0,Metta World,IND,False,2-pointer,3,47-43,'IND',leads
114,114,114,200204300IND,47.1,3.7,3rd quarter,7:07.0,Austin Croshere,IND,True,3-pointer,23,50-45,'IND',leads
115,115,115,200204300IND,24.1,6.5,3rd quarter,6:29.0,Metta World,IND,True,2-pointer,2,52-45,'IND',leads
116,116,116,200204300IND,22.8,5.0,3rd quarter,6:05.0,Reggie Miller,IND,True,2-pointer,1,54-45,'IND',leads
117,117,117,200204300IND,35.5,7.6,3rd quarter,5:17.0,Kevin Ollie,IND,True,2-pointer,12,56-45,'IND',leads
118,118,118,200204300IND,5.5,13.7,3rd quarter,4:48.0,Austin Croshere,IND,True,2-pointer,20,58-45,'IND',leads
119,119,119,200204300IND,40.7,16.0,3rd quarter,3:38.0,Metta World,IND,True,2-pointer,20,62-46,'IND',leads
120,120,120,200204300IND,29.8,5.9,3rd quarter,2:45.0,Reggie Miller,IND,True,2-pointer,6,66-48,'IND',leads
121,121,121,200204300IND,39.9,24.4,3rd quarter,1:35.0,Austin Croshere,IND,False,3-pointer,25,66-50,'IND',leads
122,122,122,200204300IND,25.6,5.0,3rd quarter,1:25.0,Austin Croshere,IND,False,2-pointer,2,66-50,'IND',leads
123,123,123,200204300IND,47.7,4.4,3rd quarter,0:55.9,Austin Croshere,IND,False,3-pointer,24,66-50,'IND',leads
124,124,124,200204300IND,42.8,8.6,3rd quarter,0:33.9,Austin Croshere,IND,True,2-pointer,19,68-50,'IND',leads
125,125,125,200204300IND,41.4,4.4,4th quarter,11:45.0,Ron Mercer,IND,False,2-pointer,17,68-53,'IND',leads
126,126,126,200204300IND,2.6,18.3,4th quarter,11:14.0,Austin Croshere,IND,False,3-pointer,25,68-53,'IND',leads
127,127,127,200204300IND,32.5,5.0,4th quarter,10:09.0,Jermaine O'Neal,IND,False,2-pointer,9,69-55,'IND',leads
128,128,128,200204300IND,24.7,6.9,4th quarter,9:28.0,Kevin Ollie,IND,False,2-pointer,2,71-55,'IND',leads
129,129,129,200204300IND,43.5,5.4,4th quarter,8:51.0,Austin Croshere,IND,True,2-pointer,20,73-56,'IND',leads
130,130,130,200204300IND,34.8,15.6,4th quarter,7:57.0,Kevin Ollie,IND,True,2-pointer,15,75-58,'IND',leads
131,131,131,200204300IND,36.3,7.6,4th quarter,7:18.0,Jermaine O'Neal,IND,True,2-pointer,13,77-58,'IND',leads
132,132,132,200204300IND,7.8,9.2,4th quarter,5:35.0,Ron Mercer,IND,False,2-pointer,17,80-60,'IND',leads
133,133,133,200204300IND,22.8,6.5,4th quarter,5:06.0,Austin Croshere,IND,True,2-pointer,2,82-62,'IND',leads
134,134,134,200204300IND,21.3,5.0,4th quarter,4:36.0,Jermaine O'Neal,IND,True,2-pointer,3,84-62,'IND',leads
135,135,135,200204300IND,34.8,6.5,4th quarter,3:51.0,Jermaine O'Neal,IND,True,2-pointer,11,86-64,'IND',leads
136,136,136,200204300IND,24.1,28.4,4th quarter,3:11.0,Metta World,IND,False,2-pointer,23,86-66,'IND',leads
137,137,137,200204300IND,14.8,28.4,4th quarter,2:47.0,Kevin Ollie,IND,True,3-pointer,25,89-66,'IND',leads
138,138,138,200204300IND,24.7,6.5,4th quarter,1:17.0,Bruno Šundov,IND,True,2-pointer,2,93-72,'IND',leads
139,139,139,200204300IND,37.8,20.0,4th quarter,0:56.6,Kevin Ollie,IND,True,2-pointer,20,95-72,'IND',leads
140,140,140,200204300IND,42.0,6.5,4th quarter,0:35.5,Ron Mercer,IND,True,2-pointer,18,97-72,'IND',leads
141,141,141,200204300ORL,35.9,4.8,1st quarter,11:43.0,Elden Campbell,CHH,False,2-pointer,12,0-0,'CHH',tied
142,142,142,200204300ORL,27.9,6.5,1st quarter,11:02.0,Elden Campbell,CHH,False,2-pointer,4,0-2,'CHH',trails
143,143,143,200204300ORL,2.1,3.9,1st quarter,10:53.0,George Lynch,CHH,True,2-pointer,22,2-2,'CHH',tied
144,144,144,200204300ORL,24.0,5.0,1st quarter,10:24.0,P.J. Brown,CHH,False,2-pointer,0,2-4,'CHH',trails
145,145,145,200204300ORL,24.0,5.0,1st quarter,10:20.0,George Lynch,CHH,False,2-pointer,0,2-4,'CHH',trails
146,146,146,200204300ORL,24.0,5.0,1st quarter,10:07.0,P.J. Brown,CHH,False,2-pointer,0,2-4,'CHH',trails
147,147,147,200204300ORL,16.1,22.1,1st quarter,9:41.0,George Lynch,CHH,False,2-pointer,19,2-4,'CHH',trails
148,148,148,200204300ORL,24.0,5.0,1st quarter,8:36.0,P.J. Brown,CHH,True,2-pointer,0,4-6,'CHH',trails
149,149,149,200204300ORL,28.7,6.3,1st quarter,8:00.0,Elden Campbell,CHH,True,2-pointer,5,6-8,'CHH',trails
150,150,150,200204300ORL,19.6,29.3,1st quarter,7:20.0,David Wesley,CHH,False,3-pointer,25,6-11,'CHH',trails
151,151,151,200204300ORL,40.7,10.1,1st quarter,6:47.0,David Wesley,CHH,True,2-pointer,17,8-13,'CHH',trails
152,152,152,200204300ORL,7.4,9.7,1st quarter,6:15.0,Elden Campbell,CHH,False,2-pointer,17,8-15,'CHH',trails
153,153,153,200204300ORL,24.0,5.0,1st quarter,6:01.0,David Wesley,CHH,True,2-pointer,0,10-15,'CHH',trails
154,154,154,200204300ORL,19.0,10.1,1st quarter,4:51.0,David Wesley,CHH,False,2-pointer,7,10-17,'CHH',trails
155,155,155,200204300ORL,13.9,5.0,1st quarter,3:49.0,Jamaal Magloire,CHH,True,2-pointer,10,13-17,'CHH',trails
156,156,156,200204300ORL,4.7,20.0,1st quarter,3:22.0,David Wesley,CHH,True,3-pointer,24,16-17,'CHH',trails
157,157,157,200204300ORL,21.1,7.8,1st quarter,2:33.0,Baron Davis,CHH,True,2-pointer,4,18-19,'CHH',trails
158,158,158,200204300ORL,38.6,4.2,1st quarter,1:50.0,Baron Davis,CHH,False,2-pointer,15,18-19,'CHH',trails
159,159,159,200204300ORL,15.2,17.5,1st quarter,1:45.0,Stacey Augmon,CHH,False,2-pointer,15,18-19,'CHH',trails
160,160,160,200204300ORL,25.1,23.8,1st quarter,1:16.0,David Wesley,CHH,True,2-pointer,19,20-21,'CHH',trails
161,161,161,200204300ORL,22.4,29.7,1st quarter,0:14.0,Baron Davis,CHH,True,3-pointer,25,25-24,'CHH',leads
162,162,162,200204300ORL,24.0,5.0,2nd quarter,11:41.0,Stacey Augmon,CHH,True,2-pointer,0,27-24,'CHH',leads
163,163,163,200204300ORL,24.0,5.0,2nd quarter,11:28.0,Stacey Augmon,CHH,True,2-pointer,0,29-24,'CHH',leads
164,164,164,200204300ORL,24.0,5.0,2nd quarter,10:55.0,Stacey Augmon,CHH,True,2-pointer,0,31-26,'CHH',leads
165,165,165,200204300ORL,4.7,5.0,2nd quarter,10:32.0,Lee Nailon,CHH,True,2-pointer,19,33-28,'CHH',leads
166,166,166,200204300ORL,18.2,21.5,2nd quarter,9:50.0,Robert Traylor,CHH,False,2-pointer,17,33-30,'CHH',leads
167,167,167,200204300ORL,24.0,5.0,2nd quarter,9:31.0,Jamaal Magloire,CHH,True,2-pointer,0,35-30,'CHH',leads
168,168,168,200204300ORL,18.2,12.8,2nd quarter,9:01.0,Lee Nailon,CHH,False,2-pointer,10,35-32,'CHH',leads
169,169,169,200204300ORL,8.9,16.6,2nd quarter,8:05.0,David Wesley,CHH,False,2-pointer,19,35-33,'CHH',leads
170,170,170,200204300ORL,24.3,24.2,2nd quarter,6:56.0,George Lynch,CHH,False,2-pointer,19,36-33,'CHH',leads
171,171,171,200204300ORL,8.3,9.7,2nd quarter,6:20.0,Lee Nailon,CHH,False,2-pointer,16,36-35,'CHH',leads
172,172,172,200204300ORL,11.6,3.7,2nd quarter,5:53.0,Elden Campbell,CHH,True,2-pointer,12,38-35,'CHH',leads
173,173,173,200204300ORL,24.0,5.0,2nd quarter,4:58.0,Baron Davis,CHH,True,2-pointer,0,42-35,'CHH',leads
174,174,174,200204300ORL,11.6,7.8,2nd quarter,4:25.0,Elden Campbell,CHH,True,2-pointer,13,44-36,'CHH',leads
175,175,175,200204300ORL,30.8,29.3,2nd quarter,3:50.0,Baron Davis,CHH,False,3-pointer,25,44-36,'CHH',leads
176,176,176,200204300ORL,24.0,5.0,2nd quarter,2:48.0,Baron Davis,CHH,False,2-pointer,0,44-36,'CHH',leads
177,177,177,200204300ORL,24.0,5.0,2nd quarter,2:43.0,Baron Davis,CHH,True,2-pointer,0,46-36,'CHH',leads
178,178,178,200204300ORL,30.8,22.1,2nd quarter,2:04.0,David Wesley,CHH,False,2-pointer,18,46-38,'CHH',leads
179,179,179,200204300ORL,24.0,5.0,2nd quarter,1:58.0,P.J. Brown,CHH,False,2-pointer,0,46-38,'CHH',leads
180,180,180,200204300ORL,24.0,5.0,2nd quarter,1:55.0,P.J. Brown,CHH,False,2-pointer,0,46-38,'CHH',leads
181,181,181,200204300ORL,35.0,27.6,2nd quarter,1:08.0,David Wesley,CHH,True,3-pointer,25,49-41,'CHH',leads
182,182,182,200204300ORL,31.7,16.2,2nd quarter,0:37.0,P.J. Brown,CHH,False,2-pointer,14,49-41,'CHH',leads
183,183,183,200204300ORL,24.0,5.0,2nd quarter,0:05.7,Baron Davis,CHH,True,2-pointer,0,51-41,'CHH',leads
184,184,184,200204300ORL,22.4,29.3,3rd quarter,11:11.0,Baron Davis,CHH,False,3-pointer,24,51-43,'CHH',leads
185,185,185,200204300ORL,24.0,5.0,3rd quarter,10:55.0,Baron Davis,CHH,True,2-pointer,0,53-43,'CHH',leads
186,186,186,200204300ORL,24.0,5.0,3rd quarter,10:32.0,David Wesley,CHH,True,2-pointer,0,55-43,'CHH',leads
187,187,187,200204300ORL,8.9,5.0,3rd quarter,9:48.0,Elden Campbell,CHH,True,2-pointer,15,57-45,'CHH',leads
188,188,188,200204300ORL,30.2,21.5,3rd quarter,9:11.0,P.J. Brown,CHH,False,2-pointer,18,57-45,'CHH',leads
189,189,189,200204300ORL,32.3,10.5,3rd quarter,8:00.0,P.J. Brown,CHH,False,2-pointer,10,57-49,'CHH',leads
190,190,190,200204300ORL,24.0,5.0,3rd quarter,7:57.0,Baron Davis,CHH,False,2-pointer,0,57-49,'CHH',leads
191,191,191,200204300ORL,28.7,21.5,3rd quarter,7:26.0,David Wesley,CHH,False,2-pointer,17,57-51,'CHH',leads
192,192,192,200204300ORL,24.0,5.0,3rd quarter,7:10.0,Baron Davis,CHH,True,2-pointer,0,59-51,'CHH',leads
193,193,193,200204300ORL,24.0,5.0,3rd quarter,6:13.0,P.J. Brown,CHH,True,2-pointer,0,63-53,'CHH',leads
194,194,194,200204300ORL,11.0,14.9,3rd quarter,5:37.0,Elden Campbell,CHH,False,2-pointer,16,63-55,'CHH',leads
195,195,195,200204300ORL,33.8,20.4,3rd quarter,5:16.0,Baron Davis,CHH,False,2-pointer,18,63-55,'CHH',leads
196,196,196,200204300ORL,35.0,14.3,3rd quarter,4:52.0,Stacey Augmon,CHH,False,2-pointer,14,63-56,'CHH',leads
197,197,197,200204300ORL,39.3,4.2,3rd quarter,4:17.0,Jamaal Magloire,CHH,False,2-pointer,15,63-56,'CHH',leads
198,198,198,200204300ORL,23.9,31.4,3rd quarter,3:35.0,Baron Davis,CHH,True,3-pointer,26,66-57,'CHH',leads
199,199,199,200204300ORL,20.3,18.3,3rd quarter,2:26.0,Baron Davis,CHH,False,2-pointer,14,68-57,'CHH',leads
200,200,200,200204300ORL,26.4,10.1,3rd quarter,1:18.0,Stacey Augmon,CHH,False,2-pointer,6,71-63,'CHH',leads
201,201,201,200204300ORL,24.0,5.0,3rd quarter,0:36.1,Stacey Augmon,CHH,True,2-pointer,0,75-66,'CHH',leads
202,202,202,200204300ORL,38.6,4.2,4th quarter,11:41.0,Lee Nailon,CHH,False,2-pointer,15,75-69,'CHH',leads
203,203,203,200204300ORL,23.9,10.5,4th quarter,10:59.0,Stacey Augmon,CHH,False,2-pointer,6,76-69,'CHH',leads
204,204,204,200204300ORL,24.0,5.0,4th quarter,10:12.0,Jamaal Magloire,CHH,True,2-pointer,0,78-69,'CHH',leads
205,205,205,200204300ORL,24.0,5.0,4th quarter,8:52.0,Jamaal Magloire,CHH,True,2-pointer,0,81-69,'CHH',leads
206,206,206,200204300ORL,24.0,5.0,4th quarter,8:18.0,P.J. Brown,CHH,False,2-pointer,0,81-71,'CHH',leads
207,207,207,200204300ORL,31.7,20.0,4th quarter,7:35.0,Baron Davis,CHH,True,2-pointer,17,85-71,'CHH',leads
208,208,208,200204300ORL,11.0,23.1,4th quarter,6:52.0,Baron Davis,CHH,False,2-pointer,22,85-73,'CHH',leads
209,209,209,200204300ORL,26.4,12.8,4th quarter,6:30.0,George Lynch,CHH,False,2-pointer,8,85-73,'CHH',leads
210,210,210,200204300ORL,16.9,9.7,4th quarter,5:47.0,David Wesley,CHH,False,2-pointer,9,85-75,'CHH',leads
211,211,211,200204300ORL,24.0,5.0,4th quarter,5:03.0,P.J. Brown,CHH,True,2-pointer,0,89-78,'CHH',leads
212,212,212,200204300ORL,24.0,5.0,4th quarter,4:39.0,Stacey Augmon,CHH,True,2-pointer,0,91-78,'CHH',leads
213,213,213,200204300ORL,45.8,14.9,4th quarter,3:05.0,David Wesley,CHH,True,3-pointer,24,97-83,'CHH',leads
214,214,214,200204300ORL,24.0,5.0,4th quarter,2:40.0,P.J. Brown,CHH,True,2-pointer,0,99-83,'CHH',leads
215,215,215,200204300ORL,22.4,18.7,4th quarter,2:06.0,Baron Davis,CHH,True,2-pointer,14,101-83,'CHH',leads
216,216,216,200204300ORL,11.6,5.7,4th quarter,1:33.0,Lee Nailon,CHH,False,2-pointer,12,101-83,'CHH',leads
217,217,217,200204300ORL,13.1,15.6,1st quarter,11:25.0,Darrell Armstrong,ORL,True,2-pointer,15,2-0,'CHH',leads
218,218,218,200204300ORL,11.6,4.2,1st quarter,10:43.0,Tracy McGrady,ORL,True,2-pointer,12,4-2,'CHH',leads
219,219,219,200204300ORL,42.2,22.7,1st quarter,10:16.0,Mike Miller,ORL,False,3-pointer,25,4-2,'CHH',leads
220,220,220,200204300ORL,8.9,24.2,1st quarter,9:58.0,Tracy McGrady,ORL,False,3-pointer,24,4-2,'CHH',leads
221,221,221,200204300ORL,30.8,17.2,1st quarter,9:21.0,Pat Garrity,ORL,False,2-pointer,14,4-2,'CHH',leads
222,222,222,200204300ORL,12.5,9.7,1st quarter,9:02.0,Mike Miller,ORL,True,2-pointer,12,6-2,'CHH',leads
223,223,223,200204300ORL,6.2,5.0,1st quarter,8:15.0,Pat Garrity,ORL,True,2-pointer,18,8-4,'CHH',leads
224,224,224,200204300ORL,42.2,22.7,1st quarter,7:45.0,Pat Garrity,ORL,True,3-pointer,25,11-6,'CHH',leads
225,225,225,200204300ORL,8.9,20.4,1st quarter,7:13.0,Mike Miller,ORL,True,2-pointer,22,13-6,'CHH',leads
226,226,226,200204300ORL,8.9,6.3,1st quarter,6:31.0,Darrell Armstrong,ORL,True,2-pointer,15,15-8,'CHH',leads
227,227,227,200204300ORL,6.2,5.0,1st quarter,5:14.0,Mike Miller,ORL,True,2-pointer,18,17-10,'CHH',leads
228,228,228,200204300ORL,41.6,22.7,1st quarter,4:38.0,Mike Miller,ORL,False,3-pointer,25,17-10,'CHH',leads
229,229,229,200204300ORL,19.6,22.1,1st quarter,4:03.0,Horace Grant,ORL,False,2-pointer,18,17-11,'CHH',leads
230,230,230,200204300ORL,44.5,5.0,1st quarter,3:31.0,Pat Garrity,ORL,False,2-pointer,21,17-13,'CHH',leads
231,231,231,200204300ORL,32.9,23.8,1st quarter,3:05.0,Mike Miller,ORL,True,2-pointer,21,19-16,'CHH',leads
232,232,232,200204300ORL,30.2,6.7,1st quarter,2:07.0,Monty Williams,ORL,False,2-pointer,6,19-18,'CHH',leads
233,233,233,200204300ORL,37.2,2.7,1st quarter,1:33.0,Darrell Armstrong,ORL,True,2-pointer,13,21-18,'CHH',leads
234,234,234,200204300ORL,24.0,5.0,1st quarter,0:34.9,Troy Hudson,ORL,True,2-pointer,0,24-22,'CHH',leads
235,235,235,200204300ORL,24.0,5.0,1st quarter,0:04.0,Patrick Ewing,ORL,False,2-pointer,0,24-25,'CHH',trails
236,236,236,200204300ORL,42.2,16.2,2nd quarter,11:45.0,Tracy McGrady,ORL,False,2-pointer,21,24-25,'CHH',trails
237,237,237,200204300ORL,9.5,5.0,2nd quarter,11:11.0,Monty Williams,ORL,True,2-pointer,15,26-29,'CHH',trails
238,238,238,200204300ORL,24.0,5.0,2nd quarter,10:42.0,Tracy McGrady,ORL,True,2-pointer,0,28-31,'CHH',trails
239,239,239,200204300ORL,6.2,5.0,2nd quarter,10:16.0,Tracy McGrady,ORL,True,2-pointer,18,30-33,'CHH',trails
240,240,240,200204300ORL,38.0,11.6,2nd quarter,9:21.0,Troy Hudson,ORL,True,2-pointer,15,32-35,'CHH',trails
241,241,241,200204300ORL,24.0,5.0,2nd quarter,8:53.0,Patrick Ewing,ORL,False,2-pointer,0,33-35,'CHH',trails
242,242,242,200204300ORL,8.9,10.1,2nd quarter,8:41.0,Troy Hudson,ORL,False,2-pointer,16,33-35,'CHH',trails
243,243,243,200204300ORL,9.5,5.0,2nd quarter,8:19.0,Tracy McGrady,ORL,False,2-pointer,15,33-35,'CHH',trails
244,244,244,200204300ORL,24.0,5.0,2nd quarter,7:59.0,Troy Hudson,ORL,False,2-pointer,0,33-35,'CHH',trails
245,245,245,200204300ORL,33.8,22.7,2nd quarter,7:25.0,Horace Grant,ORL,False,2-pointer,20,33-36,'CHH',trails
246,246,246,200204300ORL,45.2,17.7,2nd quarter,7:17.0,Monty Williams,ORL,False,3-pointer,25,33-36,'CHH',trails
247,247,247,200204300ORL,24.0,5.0,2nd quarter,6:40.0,Tracy McGrady,ORL,False,2-pointer,0,33-36,'CHH',trails
248,248,248,200204300ORL,24.0,5.0,2nd quarter,6:37.0,Monty Williams,ORL,True,2-pointer,0,35-36,'CHH',trails
249,249,249,200204300ORL,24.0,5.0,2nd quarter,5:35.0,Monty Williams,ORL,False,2-pointer,0,35-38,'CHH',trails
250,250,250,200204300ORL,20.3,20.0,2nd quarter,5:04.0,Darrell Armstrong,ORL,False,2-pointer,15,35-40,'CHH',trails
251,251,251,200204300ORL,14.6,10.1,2nd quarter,4:09.0,Mike Miller,ORL,False,2-pointer,11,36-44,'CHH',trails
252,252,252,200204300ORL,11.6,26.9,2nd quarter,3:13.0,Tracy McGrady,ORL,False,3-pointer,25,36-44,'CHH',trails
253,253,253,200204300ORL,1.1,7.3,2nd quarter,3:07.0,Darrell Armstrong,ORL,False,3-pointer,23,36-44,'CHH',trails
254,254,254,200204300ORL,25.8,30.7,2nd quarter,1:40.0,Pat Garrity,ORL,False,3-pointer,26,38-46,'CHH',trails
255,255,255,200204300ORL,26.4,29.9,2nd quarter,1:35.0,Tracy McGrady,ORL,True,3-pointer,25,41-46,'CHH',trails
256,256,256,200204300ORL,16.9,11.1,2nd quarter,0:45.6,Tracy McGrady,ORL,False,2-pointer,9,41-49,'CHH',trails
257,257,257,200204300ORL,6.8,22.7,2nd quarter,0:00.0,Mike Miller,ORL,False,3-pointer,25,41-51,'CHH',trails
258,258,258,200204300ORL,24.0,5.0,3rd quarter,11:36.0,Tracy McGrady,ORL,True,2-pointer,0,43-51,'CHH',trails
259,259,259,200204300ORL,24.0,5.0,3rd quarter,11:04.0,Darrell Armstrong,ORL,False,2-pointer,0,43-51,'CHH',trails
260,260,260,200204300ORL,6.2,5.0,3rd quarter,10:37.0,Tracy McGrady,ORL,False,2-pointer,18,43-53,'CHH',trails
261,261,261,200204300ORL,33.8,28.0,3rd quarter,10:11.0,Darrell Armstrong,ORL,False,3-pointer,25,43-55,'CHH',trails
262,262,262,200204300ORL,24.0,5.0,3rd quarter,10:09.0,Tracy McGrady,ORL,True,2-pointer,0,45-55,'CHH',trails
263,263,263,200204300ORL,23.2,25.5,3rd quarter,9:33.0,Tracy McGrady,ORL,False,2-pointer,21,45-57,'CHH',trails
264,264,264,200204300ORL,17.5,16.6,3rd quarter,8:49.0,Darrell Armstrong,ORL,True,2-pointer,13,47-57,'CHH',trails
265,265,265,200204300ORL,24.0,5.0,3rd quarter,8:22.0,Tracy McGrady,ORL,True,2-pointer,0,49-57,'CHH',trails
266,266,266,200204300ORL,16.1,24.8,3rd quarter,7:49.0,Mike Miller,ORL,True,2-pointer,21,51-57,'CHH',trails
267,267,267,200204300ORL,23.2,9.7,3rd quarter,6:49.0,Patrick Ewing,ORL,True,2-pointer,5,53-59,'CHH',trails
268,268,268,200204300ORL,13.1,20.4,3rd quarter,4:38.0,Patrick Ewing,ORL,False,2-pointer,19,56-63,'CHH',trails
269,269,269,200204300ORL,20.3,21.0,3rd quarter,4:07.0,Patrick Ewing,ORL,False,2-pointer,16,56-63,'CHH',trails
270,270,270,200204300ORL,6.8,22.7,3rd quarter,3:11.0,Patrick Ewing,ORL,False,3-pointer,25,57-66,'CHH',trails
271,271,271,200204300ORL,23.9,10.1,3rd quarter,2:47.0,Troy Hudson,ORL,False,2-pointer,5,57-68,'CHH',trails
272,272,272,200204300ORL,24.0,5.0,3rd quarter,2:46.0,Patrick Ewing,ORL,False,2-pointer,0,57-68,'CHH',trails
273,273,273,200204300ORL,24.0,5.0,3rd quarter,2:13.0,Tracy McGrady,ORL,False,2-pointer,0,57-69,'CHH',trails
274,274,274,200204300ORL,24.0,5.0,3rd quarter,2:12.0,Patrick Ewing,ORL,True,2-pointer,0,59-69,'CHH',trails
275,275,275,200204300ORL,42.2,22.1,3rd quarter,1:52.0,Mike Miller,ORL,False,3-pointer,25,60-69,'CHH',trails
276,276,276,200204300ORL,24.0,5.0,3rd quarter,1:34.0,Tracy McGrady,ORL,True,2-pointer,0,62-71,'CHH',trails
277,277,277,200204300ORL,25.8,29.3,3rd quarter,1:10.0,Tracy McGrady,ORL,True,3-pointer,24,66-71,'CHH',trails
278,278,278,200204300ORL,1.1,7.8,3rd quarter,0:21.2,Tracy McGrady,ORL,True,3-pointer,23,69-75,'CHH',trails
279,279,279,200204300ORL,9.5,9.7,4th quarter,11:28.0,Darrell Armstrong,ORL,False,2-pointer,15,69-75,'CHH',trails
280,280,280,200204300ORL,24.0,5.0,4th quarter,10:53.0,Troy Hudson,ORL,False,2-pointer,0,69-76,'CHH',trails
281,281,281,200204300ORL,24.0,5.0,4th quarter,10:51.0,Monty Williams,ORL,False,2-pointer,0,69-76,'CHH',trails
282,282,282,200204300ORL,4.7,22.7,4th quarter,10:26.0,Tracy McGrady,ORL,False,3-pointer,26,69-76,'CHH',trails
283,283,283,200204300ORL,40.1,3.1,4th quarter,9:48.0,Mike Miller,ORL,False,2-pointer,16,69-78,'CHH',trails
284,284,284,200204300ORL,32.9,22.7,4th quarter,7:59.0,Horace Grant,ORL,False,2-pointer,20,71-83,'CHH',trails
285,285,285,200204300ORL,35.9,27.6,4th quarter,7:49.0,Troy Hudson,ORL,False,3-pointer,26,71-83,'CHH',trails
286,286,286,200204300ORL,24.0,5.0,4th quarter,7:18.0,Tracy McGrady,ORL,True,2-pointer,0,73-85,'CHH',trails
287,287,287,200204300ORL,5.3,9.0,4th quarter,6:11.0,Tracy McGrady,ORL,True,2-pointer,19,75-85,'CHH',trails
288,288,288,200204300ORL,24.0,5.0,4th quarter,5:25.0,Troy Hudson,ORL,True,2-pointer,0,78-87,'CHH',trails
289,289,289,200204300ORL,16.9,20.0,4th quarter,4:51.0,Troy Hudson,ORL,False,2-pointer,17,78-89,'CHH',trails
290,290,290,200204300ORL,25.1,10.5,4th quarter,3:29.0,Darrell Armstrong,ORL,False,2-pointer,6,81-94,'CHH',trails
291,291,291,200204300ORL,1.7,17.2,4th quarter,2:54.0,Troy Hudson,ORL,False,3-pointer,25,83-97,'CHH',trails
292,292,292,200204300ORL,24.0,5.0,4th quarter,1:52.0,Patrick Ewing,ORL,False,2-pointer,0,83-101,'CHH',trails
293,293,293,200204300ORL,7.4,23.1,4th quarter,1:25.0,Darrell Armstrong,ORL,False,3-pointer,25,83-101,'CHH',trails
294,294,294,200204300ORL,11.6,27.6,4th quarter,1:12.0,Pat Garrity,ORL,False,3-pointer,26,83-101,'CHH',trails
295,295,295,200204300ORL,35.0,26.9,4th quarter,0:47.6,Mike Miller,ORL,False,3-pointer,25,83-101,'CHH',trails
296,296,296,200204300ORL,24.0,5.0,4th quarter,0:26.1,Patrick Ewing,ORL,True,2-pointer,0,85-102,'CHH',trails
