,Unnamed: 0.1,Unnamed: 0,match_id,shotX,shotY,quarter,time_remaining,player,team,made,shot_type,distance,score,opp,status
0,0,0,200210310ATL,36.6,11.6,1st quarter,11:39.0,Karl Malone,UTA,False,2-pointer,14,0-0,'UTA',tied
1,1,1,200210310ATL,24.0,5.0,1st quarter,11:05.0,Greg Ostertag,UTA,True,2-pointer,0,2-2,'UTA',tied
2,2,2,200210310ATL,25.1,12.9,1st quarter,10:25.0,John Stockton,UTA,True,2-pointer,8,4-4,'UTA',tied
3,3,3,200210310ATL,26.6,7.5,1st quarter,9:43.0,Greg Ostertag,UTA,True,2-pointer,4,6-6,'UTA',tied
4,4,4,200210310ATL,22.5,15.5,1st quarter,9:17.0,DeShawn Stevenson,UTA,False,2-pointer,11,6-6,'UTA',tied
5,5,5,200210310ATL,24.0,20.3,1st quarter,8:51.0,Karl Malone,UTA,True,2-pointer,15,8-8,'UTA',tied
6,6,6,200210310ATL,11.0,5.5,1st quarter,8:14.0,DeShawn Stevenson,UTA,True,2-pointer,13,10-10,'UTA',tied
7,7,7,200210310ATL,24.3,9.9,1st quarter,7:22.0,Greg Ostertag,UTA,False,2-pointer,5,12-11,'UTA',leads
8,8,8,200210310ATL,38.0,13.9,1st quarter,5:55.0,Andrei Kirilenko,UTA,True,2-pointer,17,15-15,'UTA',tied
9,9,9,200210310ATL,24.0,5.0,1st quarter,5:17.0,Andrei Kirilenko,UTA,False,2-pointer,0,15-15,'UTA',tied
10,10,10,200210310ATL,24.0,5.0,1st quarter,5:13.0,Andrei Kirilenko,UTA,True,2-pointer,0,17-15,'UTA',leads
11,11,11,200210310ATL,24.0,5.0,1st quarter,4:41.0,Jarron Collins,UTA,False,2-pointer,0,17-17,'UTA',tied
12,12,12,200210310ATL,24.0,5.0,1st quarter,4:10.0,John Stockton,UTA,True,2-pointer,0,19-19,'UTA',tied
13,13,13,200210310ATL,42.9,5.3,1st quarter,3:07.0,Karl Malone,UTA,False,2-pointer,19,19-21,'UTA',trails
14,14,14,200210310ATL,43.9,21.9,1st quarter,2:42.0,Andrei Kirilenko,UTA,False,3-pointer,26,19-21,'UTA',trails
15,15,15,200210310ATL,39.1,7.0,1st quarter,1:37.0,Calbert Cheaney,UTA,False,2-pointer,15,19-25,'UTA',trails
16,16,16,200210310ATL,24.0,5.0,1st quarter,1:23.0,Jarron Collins,UTA,True,2-pointer,0,21-25,'UTA',trails
17,17,17,200210310ATL,18.8,13.9,1st quarter,0:49.2,Matt Harpring,UTA,False,2-pointer,10,21-27,'UTA',trails
18,18,18,200210310ATL,29.7,7.6,1st quarter,0:32.1,Mark Jackson,UTA,True,2-pointer,6,23-27,'UTA',trails
19,19,19,200210310ATL,18.8,13.6,1st quarter,0:05.5,Mark Jackson,UTA,False,2-pointer,10,23-29,'UTA',trails
20,20,20,200210310ATL,31.2,18.0,2nd quarter,10:16.0,Matt Harpring,UTA,False,2-pointer,15,23-35,'UTA',trails
21,21,21,200210310ATL,24.0,5.0,2nd quarter,9:35.0,Calbert Cheaney,UTA,True,2-pointer,0,28-35,'UTA',trails
22,22,22,200210310ATL,11.2,5.7,2nd quarter,8:41.0,Jarron Collins,UTA,True,2-pointer,13,30-36,'UTA',trails
23,23,23,200210310ATL,38.6,4.9,2nd quarter,7:20.0,DeShawn Stevenson,UTA,False,2-pointer,15,32-36,'UTA',trails
24,24,24,200210310ATL,27.6,8.3,2nd quarter,7:16.0,DeShawn Stevenson,UTA,False,2-pointer,5,32-36,'UTA',trails
25,25,25,200210310ATL,24.0,5.0,2nd quarter,6:51.0,Matt Harpring,UTA,True,2-pointer,0,34-36,'UTA',trails
26,26,26,200210310ATL,12.2,6.7,2nd quarter,6:30.0,Jarron Collins,UTA,False,2-pointer,12,34-36,'UTA',trails
27,27,27,200210310ATL,37.1,10.4,2nd quarter,5:56.0,DeShawn Stevenson,UTA,False,2-pointer,14,34-36,'UTA',trails
28,28,28,200210310ATL,8.1,3.2,2nd quarter,5:25.0,DeShawn Stevenson,UTA,False,2-pointer,16,34-36,'UTA',trails
29,29,29,200210310ATL,18.6,7.0,2nd quarter,3:49.0,Jarron Collins,UTA,False,2-pointer,6,36-42,'UTA',trails
30,30,30,200210310ATL,24.0,5.0,2nd quarter,3:34.0,Matt Harpring,UTA,True,2-pointer,0,38-42,'UTA',trails
31,31,31,200210310ATL,24.0,5.0,2nd quarter,3:07.0,Jarron Collins,UTA,True,2-pointer,0,40-44,'UTA',trails
32,32,32,200210310ATL,24.0,5.0,2nd quarter,2:12.0,DeShawn Stevenson,UTA,False,2-pointer,0,42-46,'UTA',trails
33,33,33,200210310ATL,14.6,28.0,2nd quarter,0:33.6,Scott Padgett,UTA,False,3-pointer,25,46-50,'UTA',trails
34,34,34,200210310ATL,43.9,24.4,2nd quarter,0:01.0,John Stockton,UTA,False,3-pointer,28,46-50,'UTA',trails
35,35,35,200210310ATL,29.1,22.8,3rd quarter,11:29.0,Karl Malone,UTA,False,2-pointer,19,46-52,'UTA',trails
36,36,36,200210310ATL,27.3,13.9,3rd quarter,11:22.0,Karl Malone,UTA,False,2-pointer,9,46-52,'UTA',trails
37,37,37,200210310ATL,24.0,5.0,3rd quarter,9:49.0,John Stockton,UTA,True,2-pointer,0,48-56,'UTA',trails
38,38,38,200210310ATL,24.0,5.0,3rd quarter,9:20.0,Karl Malone,UTA,True,2-pointer,0,50-58,'UTA',trails
39,39,39,200210310ATL,44.2,5.8,3rd quarter,8:35.0,John Stockton,UTA,False,2-pointer,20,50-61,'UTA',trails
40,40,40,200210310ATL,24.0,5.0,3rd quarter,8:09.0,DeShawn Stevenson,UTA,False,2-pointer,0,50-63,'UTA',trails
41,41,41,200210310ATL,24.0,5.0,3rd quarter,8:07.0,Greg Ostertag,UTA,False,2-pointer,0,50-63,'UTA',trails
42,42,42,200210310ATL,17.6,19.1,3rd quarter,7:37.0,DeShawn Stevenson,UTA,True,2-pointer,15,52-63,'UTA',trails
43,43,43,200210310ATL,31.2,4.7,3rd quarter,7:02.0,John Stockton,UTA,False,2-pointer,7,52-65,'UTA',trails
44,44,44,200210310ATL,4.0,20.8,3rd quarter,6:58.0,Andrei Kirilenko,UTA,True,3-pointer,25,55-65,'UTA',trails
45,45,45,200210310ATL,35.2,6.0,3rd quarter,5:42.0,Karl Malone,UTA,False,2-pointer,11,55-65,'UTA',trails
46,46,46,200210310ATL,38.9,4.9,3rd quarter,4:43.0,Matt Harpring,UTA,False,2-pointer,15,55-68,'UTA',trails
47,47,47,200210310ATL,36.1,12.6,3rd quarter,4:25.0,DeShawn Stevenson,UTA,True,2-pointer,14,57-70,'UTA',trails
48,48,48,200210310ATL,24.0,5.0,3rd quarter,4:03.0,Matt Harpring,UTA,False,2-pointer,0,57-73,'UTA',trails
49,49,49,200210310ATL,37.3,10.1,3rd quarter,2:50.0,DeShawn Stevenson,UTA,False,2-pointer,14,57-75,'UTA',trails
50,50,50,200210310ATL,22.0,10.4,3rd quarter,2:03.0,Mark Jackson,UTA,False,2-pointer,6,58-75,'UTA',trails
51,51,51,200210310ATL,29.9,15.7,3rd quarter,1:41.0,Matt Harpring,UTA,False,2-pointer,12,58-75,'UTA',trails
52,52,52,200210310ATL,16.9,12.7,3rd quarter,1:38.0,Karl Malone,UTA,True,2-pointer,10,60-75,'UTA',trails
53,53,53,200210310ATL,24.0,5.0,3rd quarter,0:39.0,Matt Harpring,UTA,False,2-pointer,0,60-77,'UTA',trails
54,54,54,200210310ATL,47.3,4.5,3rd quarter,0:12.8,Matt Harpring,UTA,True,3-pointer,23,63-77,'UTA',trails
55,55,55,200210310ATL,24.0,5.0,4th quarter,11:47.0,Carlos Arroyo,UTA,False,2-pointer,0,63-77,'UTA',trails
56,56,56,200210310ATL,36.6,5.5,4th quarter,11:41.0,Mark Jackson,UTA,False,2-pointer,13,63-77,'UTA',trails
57,57,57,200210310ATL,24.0,5.0,4th quarter,11:24.0,Karl Malone,UTA,True,2-pointer,0,65-77,'UTA',trails
58,58,58,200210310ATL,33.0,5.8,4th quarter,9:49.0,Karl Malone,UTA,False,2-pointer,9,67-77,'UTA',trails
59,59,59,200210310ATL,47.3,5.0,4th quarter,9:13.0,Mark Jackson,UTA,False,3-pointer,23,67-77,'UTA',trails
60,60,60,200210310ATL,22.7,11.4,4th quarter,8:36.0,Karl Malone,UTA,True,2-pointer,7,69-79,'UTA',trails
61,61,61,200210310ATL,11.2,18.0,4th quarter,7:27.0,Matt Harpring,UTA,False,2-pointer,18,72-84,'UTA',trails
62,62,62,200210310ATL,24.0,5.0,4th quarter,6:49.0,John Stockton,UTA,False,2-pointer,0,72-84,'UTA',trails
63,63,63,200210310ATL,1.3,3.1,4th quarter,6:12.0,Andrei Kirilenko,UTA,False,3-pointer,23,74-84,'UTA',trails
64,64,64,200210310ATL,47.5,5.0,4th quarter,4:03.0,Matt Harpring,UTA,True,3-pointer,24,79-91,'UTA',trails
65,65,65,200210310ATL,14.5,21.4,4th quarter,3:39.0,Jarron Collins,UTA,True,2-pointer,19,81-94,'UTA',trails
66,66,66,200210310ATL,24.0,5.0,4th quarter,3:07.0,Jarron Collins,UTA,True,2-pointer,0,83-97,'UTA',trails
67,67,67,200210310ATL,10.9,9.5,4th quarter,2:45.0,Karl Malone,UTA,False,2-pointer,14,85-97,'UTA',trails
68,68,68,200210310ATL,10.0,9.6,4th quarter,2:42.0,Karl Malone,UTA,True,2-pointer,15,87-97,'UTA',trails
69,69,69,200210310ATL,24.0,5.0,4th quarter,2:25.0,Andrei Kirilenko,UTA,True,2-pointer,0,89-97,'UTA',trails
70,70,70,200210310ATL,36.5,28.0,4th quarter,1:54.0,John Stockton,UTA,False,3-pointer,26,89-97,'UTA',trails
71,71,71,200210310ATL,19.6,20.6,4th quarter,1:09.0,Karl Malone,UTA,False,2-pointer,16,89-99,'UTA',trails
72,72,72,200210310ATL,13.3,5.7,4th quarter,1:03.0,Matt Harpring,UTA,False,2-pointer,11,89-99,'UTA',trails
73,73,73,200210310ATL,24.0,5.0,4th quarter,0:36.2,Matt Harpring,UTA,True,2-pointer,0,91-99,'UTA',trails
74,74,74,200210310ATL,20.6,32.5,4th quarter,0:29.0,John Stockton,UTA,True,3-pointer,28,94-101,'UTA',trails
75,75,75,200210310ATL,24.0,5.0,4th quarter,0:15.2,Karl Malone,UTA,True,2-pointer,0,96-103,'UTA',trails
76,76,76,200210310ATL,24.0,5.0,4th quarter,0:04.2,John Stockton,UTA,True,2-pointer,0,98-105,'UTA',trails
77,77,77,200210310ATL,23.8,12.6,1st quarter,11:26.0,Glenn Robinson,ATL,True,2-pointer,8,2-0,'UTA',leads
78,78,78,200210310ATL,30.6,19.3,1st quarter,10:42.0,Theo Ratliff,ATL,True,2-pointer,16,4-2,'UTA',leads
79,79,79,200210310ATL,34.5,24.7,1st quarter,10:05.0,Shareef Abdur-Rahim,ATL,True,2-pointer,22,6-4,'UTA',leads
80,80,80,200210310ATL,12.3,7.5,1st quarter,9:28.0,Glenn Robinson,ATL,False,2-pointer,12,6-6,'UTA',tied
81,81,81,200210310ATL,24.0,5.0,1st quarter,9:26.0,Theo Ratliff,ATL,False,2-pointer,0,6-6,'UTA',tied
82,82,82,200210310ATL,28.4,8.3,1st quarter,9:09.0,Shareef Abdur-Rahim,ATL,True,2-pointer,6,8-6,'UTA',leads
83,83,83,200210310ATL,15.3,5.7,1st quarter,8:34.0,Glenn Robinson,ATL,True,2-pointer,9,10-8,'UTA',leads
84,84,84,200210310ATL,14.8,22.3,1st quarter,8:02.0,Shareef Abdur-Rahim,ATL,False,2-pointer,20,10-10,'UTA',tied
85,85,85,200210310ATL,24.5,22.6,1st quarter,7:05.0,Glenn Robinson,ATL,True,2-pointer,18,13-12,'UTA',leads
86,86,86,200210310ATL,24.0,5.0,1st quarter,6:39.0,Ira Newble,ATL,True,2-pointer,0,15-12,'UTA',leads
87,87,87,200210310ATL,8.1,6.0,1st quarter,6:07.0,Jason Terry,ATL,False,2-pointer,16,15-13,'UTA',leads
88,88,88,200210310ATL,13.3,9.0,1st quarter,5:31.0,Glenn Robinson,ATL,False,2-pointer,11,15-15,'UTA',tied
89,89,89,200210310ATL,24.0,5.0,1st quarter,5:29.0,Ira Newble,ATL,False,2-pointer,0,15-15,'UTA',tied
90,90,90,200210310ATL,38.9,6.3,1st quarter,4:59.0,Ira Newble,ATL,True,2-pointer,15,17-17,'UTA',tied
91,91,91,200210310ATL,24.0,5.0,1st quarter,4:29.0,Glenn Robinson,ATL,True,2-pointer,0,19-17,'UTA',leads
92,92,92,200210310ATL,24.0,5.0,1st quarter,3:30.0,Theo Ratliff,ATL,True,2-pointer,0,21-19,'UTA',leads
93,93,93,200210310ATL,10.4,7.6,1st quarter,2:27.0,Glenn Robinson,ATL,True,2-pointer,14,23-19,'UTA',leads
94,94,94,200210310ATL,24.0,5.0,1st quarter,2:00.0,Glenn Robinson,ATL,True,2-pointer,0,25-19,'UTA',leads
95,95,95,200210310ATL,24.0,5.0,1st quarter,1:31.0,Ira Newble,ATL,False,2-pointer,0,25-19,'UTA',leads
96,96,96,200210310ATL,28.3,8.1,1st quarter,1:29.0,Antonio Harvey,ATL,False,2-pointer,5,25-19,'UTA',leads
97,97,97,200210310ATL,7.6,7.0,1st quarter,1:03.0,Glenn Robinson,ATL,True,2-pointer,17,27-21,'UTA',leads
98,98,98,200210310ATL,10.0,16.4,1st quarter,0:24.3,Jason Terry,ATL,False,2-pointer,18,27-23,'UTA',leads
99,99,99,200210310ATL,24.0,5.0,1st quarter,0:21.6,Alan Henderson,ATL,True,2-pointer,0,29-23,'UTA',leads
100,100,100,200210310ATL,24.0,5.0,2nd quarter,11:46.0,Darvin Ham,ATL,True,2-pointer,0,31-23,'UTA',leads
101,101,101,200210310ATL,15.5,22.6,2nd quarter,11:13.0,Dan Dickau,ATL,True,2-pointer,20,33-23,'UTA',leads
102,102,102,200210310ATL,8.9,11.9,2nd quarter,9:11.0,Emanual Davis,ATL,False,2-pointer,17,35-28,'UTA',leads
103,103,103,200210310ATL,24.0,5.0,2nd quarter,9:07.0,Shareef Abdur-Rahim,ATL,False,2-pointer,0,35-28,'UTA',leads
104,104,104,200210310ATL,6.6,26.2,2nd quarter,5:50.0,Jason Terry,ATL,False,3-pointer,27,36-34,'UTA',leads
105,105,105,200210310ATL,7.4,4.4,2nd quarter,5:17.0,Ira Newble,ATL,False,2-pointer,17,36-34,'UTA',leads
106,106,106,200210310ATL,8.7,13.1,2nd quarter,4:16.0,Glenn Robinson,ATL,True,2-pointer,17,40-36,'UTA',leads
107,107,107,200210310ATL,24.0,5.0,2nd quarter,3:57.0,Darvin Ham,ATL,True,2-pointer,0,42-36,'UTA',leads
108,108,108,200210310ATL,22.9,25.4,2nd quarter,2:49.0,Glenn Robinson,ATL,False,2-pointer,20,44-40,'UTA',leads
109,109,109,200210310ATL,24.0,5.0,2nd quarter,2:29.0,Antonio Harvey,ATL,True,2-pointer,0,46-42,'UTA',leads
110,110,110,200210310ATL,12.7,5.0,2nd quarter,1:50.0,Glenn Robinson,ATL,False,2-pointer,11,46-42,'UTA',leads
111,111,111,200210310ATL,24.0,5.0,2nd quarter,1:44.0,Ira Newble,ATL,True,2-pointer,0,48-42,'UTA',leads
112,112,112,200210310ATL,24.0,5.0,2nd quarter,0:41.3,Jason Terry,ATL,True,2-pointer,0,50-46,'UTA',leads
113,113,113,200210310ATL,1.3,4.1,2nd quarter,0:09.2,Ira Newble,ATL,False,3-pointer,23,50-46,'UTA',leads
114,114,114,200210310ATL,24.3,11.4,3rd quarter,11:47.0,Shareef Abdur-Rahim,ATL,True,2-pointer,6,52-46,'UTA',leads
115,115,115,200210310ATL,47.3,4.5,3rd quarter,11:11.0,Shareef Abdur-Rahim,ATL,True,3-pointer,23,55-46,'UTA',leads
116,116,116,200210310ATL,20.1,31.3,3rd quarter,10:22.0,Jason Terry,ATL,False,3-pointer,27,56-46,'UTA',leads
117,117,117,200210310ATL,19.9,31.3,3rd quarter,9:04.0,Jason Terry,ATL,True,3-pointer,27,61-50,'UTA',leads
118,118,118,200210310ATL,24.0,5.0,3rd quarter,8:29.0,Shareef Abdur-Rahim,ATL,False,2-pointer,0,61-50,'UTA',leads
119,119,119,200210310ATL,24.0,5.0,3rd quarter,8:26.0,Shareef Abdur-Rahim,ATL,True,2-pointer,0,63-50,'UTA',leads
120,120,120,200210310ATL,21.7,21.1,3rd quarter,7:59.0,Glenn Robinson,ATL,False,2-pointer,16,63-50,'UTA',leads
121,121,121,200210310ATL,24.0,5.0,3rd quarter,7:23.0,Shareef Abdur-Rahim,ATL,True,2-pointer,0,65-52,'UTA',leads
122,122,122,200210310ATL,13.8,16.2,3rd quarter,6:27.0,Jason Terry,ATL,False,2-pointer,15,65-55,'UTA',leads
123,123,123,200210310ATL,22.7,9.3,3rd quarter,5:55.0,Glenn Robinson,ATL,False,2-pointer,4,65-55,'UTA',leads
124,124,124,200210310ATL,36.0,4.9,3rd quarter,5:04.0,Jason Terry,ATL,False,2-pointer,12,65-55,'UTA',leads
125,125,125,200210310ATL,24.0,5.0,3rd quarter,5:04.0,Alan Henderson,ATL,True,2-pointer,0,67-55,'UTA',leads
126,126,126,200210310ATL,24.0,5.0,3rd quarter,4:40.0,Jason Terry,ATL,True,2-pointer,0,70-55,'UTA',leads
127,127,127,200210310ATL,13.2,9.9,3rd quarter,4:03.0,Glenn Robinson,ATL,True,2-pointer,12,72-57,'UTA',leads
128,128,128,200210310ATL,23.5,11.9,3rd quarter,3:42.0,Theo Ratliff,ATL,True,2-pointer,7,75-57,'UTA',leads
129,129,129,200210310ATL,40.6,9.0,3rd quarter,3:06.0,Ira Newble,ATL,False,2-pointer,17,75-57,'UTA',leads
130,130,130,200210310ATL,47.6,4.2,3rd quarter,2:21.0,Jason Terry,ATL,False,3-pointer,24,75-58,'UTA',leads
131,131,131,200210310ATL,32.7,6.2,3rd quarter,1:56.0,Emanual Davis,ATL,False,2-pointer,9,75-58,'UTA',leads
132,132,132,200210310ATL,30.4,10.3,3rd quarter,1:30.0,Glenn Robinson,ATL,True,2-pointer,8,77-60,'UTA',leads
133,133,133,200210310ATL,36.3,9.1,3rd quarter,0:34.1,Jason Terry,ATL,False,2-pointer,13,77-60,'UTA',leads
134,134,134,200210310ATL,36.1,10.3,3rd quarter,0:01.8,Glenn Robinson,ATL,False,2-pointer,13,77-63,'UTA',leads
135,135,135,200210310ATL,35.2,27.9,4th quarter,11:35.0,Dan Dickau,ATL,False,3-pointer,25,77-63,'UTA',leads
136,136,136,200210310ATL,15.5,30.7,4th quarter,11:07.0,Shareef Abdur-Rahim,ATL,False,3-pointer,27,77-65,'UTA',leads
137,137,137,200210310ATL,16.3,5.5,4th quarter,10:08.0,Shareef Abdur-Rahim,ATL,False,2-pointer,8,77-67,'UTA',leads
138,138,138,200210310ATL,24.0,5.0,4th quarter,10:06.0,Darvin Ham,ATL,False,2-pointer,0,77-67,'UTA',leads
139,139,139,200210310ATL,13.7,5.5,4th quarter,8:58.0,Theo Ratliff,ATL,True,2-pointer,10,79-67,'UTA',leads
140,140,140,200210310ATL,28.7,10.6,4th quarter,8:24.0,Glenn Robinson,ATL,True,2-pointer,7,81-70,'UTA',leads
141,141,141,200210310ATL,20.9,9.6,4th quarter,7:56.0,Shareef Abdur-Rahim,ATL,True,2-pointer,6,84-72,'UTA',leads
142,142,142,200210310ATL,23.8,31.0,4th quarter,7:16.0,Shareef Abdur-Rahim,ATL,False,3-pointer,26,84-72,'UTA',leads
143,143,143,200210310ATL,3.3,20.0,4th quarter,6:05.0,Glenn Robinson,ATL,False,3-pointer,26,84-74,'UTA',leads
144,144,144,200210310ATL,43.9,20.6,4th quarter,6:01.0,Jason Terry,ATL,False,3-pointer,25,84-74,'UTA',leads
145,145,145,200210310ATL,9.7,9.9,4th quarter,5:11.0,Glenn Robinson,ATL,True,2-pointer,15,86-76,'UTA',leads
146,146,146,200210310ATL,16.9,30.7,4th quarter,4:24.0,Jason Terry,ATL,True,3-pointer,27,91-76,'UTA',leads
147,147,147,200210310ATL,24.0,5.0,4th quarter,3:52.0,Jason Terry,ATL,True,2-pointer,0,93-79,'UTA',leads
148,148,148,200210310ATL,24.0,5.0,4th quarter,3:19.0,Alan Henderson,ATL,True,2-pointer,0,96-81,'UTA',leads
149,149,149,200210310ATL,25.6,23.9,4th quarter,2:01.0,Jason Terry,ATL,False,2-pointer,19,97-89,'UTA',leads
150,150,150,200210310ATL,26.0,31.1,4th quarter,1:31.0,Jason Terry,ATL,False,3-pointer,26,97-89,'UTA',leads
151,151,151,200210310ATL,48.5,9.1,4th quarter,0:41.5,Glenn Robinson,ATL,False,3-pointer,25,99-89,'UTA',leads
152,152,152,200210310ATL,24.0,5.0,4th quarter,0:08.9,Ira Newble,ATL,True,2-pointer,0,105-96,'UTA',leads
153,153,153,200210310SAC,25.6,31.8,1st quarter,11:36.0,Rasheed Wallace,POR,False,3-pointer,27,0-0,'POR',tied
154,154,154,200210310SAC,14.1,5.2,1st quarter,10:58.0,Rasheed Wallace,POR,False,2-pointer,10,0-2,'POR',trails
155,155,155,200210310SAC,41.1,6.7,1st quarter,10:41.0,Bonzi Wells,POR,False,2-pointer,17,0-2,'POR',trails
156,156,156,200210310SAC,13.5,11.8,1st quarter,9:57.0,Damon Stoudamire,POR,False,2-pointer,13,0-4,'POR',trails
157,157,157,200210310SAC,39.1,6.3,1st quarter,9:05.0,Bonzi Wells,POR,False,2-pointer,15,0-4,'POR',trails
158,158,158,200210310SAC,24.0,5.0,1st quarter,8:39.0,Derek Anderson,POR,True,2-pointer,0,2-4,'POR',trails
159,159,159,200210310SAC,27.6,10.1,1st quarter,8:04.0,Rasheed Wallace,POR,False,2-pointer,6,2-6,'POR',trails
160,160,160,200210310SAC,9.7,8.3,1st quarter,7:43.0,Bonzi Wells,POR,False,2-pointer,15,2-6,'POR',trails
161,161,161,200210310SAC,12.3,22.3,1st quarter,7:22.0,Damon Stoudamire,POR,False,2-pointer,21,2-7,'POR',trails
162,162,162,200210310SAC,27.9,8.5,1st quarter,7:20.0,Bonzi Wells,POR,True,2-pointer,5,4-7,'POR',trails
163,163,163,200210310SAC,10.7,11.8,1st quarter,6:40.0,Rasheed Wallace,POR,False,2-pointer,15,4-9,'POR',trails
164,164,164,200210310SAC,36.6,5.8,1st quarter,6:14.0,Bonzi Wells,POR,False,2-pointer,13,4-9,'POR',trails
165,165,165,200210310SAC,6.4,11.4,1st quarter,5:49.0,Derek Anderson,POR,True,2-pointer,19,6-10,'POR',trails
166,166,166,200210310SAC,25.1,29.7,1st quarter,5:19.0,Rasheed Wallace,POR,False,3-pointer,25,6-12,'POR',trails
167,167,167,200210310SAC,27.1,13.4,1st quarter,4:31.0,Damon Stoudamire,POR,True,2-pointer,9,8-12,'POR',trails
168,168,168,200210310SAC,22.5,12.6,1st quarter,4:01.0,Rasheed Wallace,POR,True,2-pointer,8,10-14,'POR',trails
169,169,169,200210310SAC,37.6,6.5,1st quarter,3:33.0,Rasheed Wallace,POR,False,2-pointer,14,11-14,'POR',trails
170,170,170,200210310SAC,13.3,11.9,1st quarter,3:26.0,Bonzi Wells,POR,True,2-pointer,13,13-14,'POR',trails
171,171,171,200210310SAC,5.9,11.6,1st quarter,2:43.0,Bonzi Wells,POR,False,2-pointer,19,13-16,'POR',trails
172,172,172,200210310SAC,29.9,8.5,1st quarter,2:11.0,Ruben Patterson,POR,False,2-pointer,7,13-18,'POR',trails
173,173,173,200210310SAC,10.7,5.0,1st quarter,1:02.0,Rasheed Wallace,POR,False,2-pointer,13,13-18,'POR',trails
174,174,174,200210310SAC,39.8,7.0,1st quarter,0:06.4,Rasheed Wallace,POR,False,2-pointer,16,13-20,'POR',trails
175,175,175,200210310SAC,24.8,14.5,2nd quarter,11:21.0,Jeff McInnis,POR,False,2-pointer,10,13-20,'POR',trails
176,176,176,200210310SAC,24.3,11.8,2nd quarter,10:56.0,Ruben Patterson,POR,True,2-pointer,7,15-20,'POR',trails
177,177,177,200210310SAC,47.6,7.2,2nd quarter,10:25.0,Antonio Daniels,POR,False,3-pointer,24,15-20,'POR',trails
178,178,178,200210310SAC,16.3,23.9,2nd quarter,9:56.0,Arvydas Sabonis,POR,False,2-pointer,20,15-20,'POR',trails
179,179,179,200210310SAC,31.2,25.7,2nd quarter,9:20.0,Jeff McInnis,POR,False,2-pointer,22,15-22,'POR',trails
180,180,180,200210310SAC,24.0,5.0,2nd quarter,8:48.0,Ruben Patterson,POR,True,2-pointer,0,17-25,'POR',trails
181,181,181,200210310SAC,23.4,12.4,2nd quarter,8:17.0,Arvydas Sabonis,POR,True,2-pointer,7,19-27,'POR',trails
182,182,182,200210310SAC,28.7,11.6,2nd quarter,7:46.0,Arvydas Sabonis,POR,True,2-pointer,8,22-30,'POR',trails
183,183,183,200210310SAC,24.0,5.0,2nd quarter,7:19.0,Bonzi Wells,POR,False,2-pointer,0,22-32,'POR',trails
184,184,184,200210310SAC,17.3,6.7,2nd quarter,6:59.0,Scottie Pippen,POR,False,2-pointer,7,22-32,'POR',trails
185,185,185,200210310SAC,9.5,18.5,2nd quarter,6:11.0,Arvydas Sabonis,POR,False,2-pointer,20,22-34,'POR',trails
186,186,186,200210310SAC,37.1,9.9,2nd quarter,6:07.0,Derek Anderson,POR,False,2-pointer,14,22-34,'POR',trails
187,187,187,200210310SAC,24.0,5.0,2nd quarter,5:42.0,Derek Anderson,POR,True,2-pointer,0,24-34,'POR',trails
188,188,188,200210310SAC,10.5,5.2,2nd quarter,5:09.0,Damon Stoudamire,POR,False,2-pointer,14,24-36,'POR',trails
189,189,189,200210310SAC,24.0,5.0,2nd quarter,5:07.0,Bonzi Wells,POR,False,2-pointer,0,24-36,'POR',trails
190,190,190,200210310SAC,26.8,7.3,2nd quarter,5:04.0,Bonzi Wells,POR,False,2-pointer,4,24-36,'POR',trails
191,191,191,200210310SAC,24.0,12.1,2nd quarter,4:55.0,Bonzi Wells,POR,True,2-pointer,7,26-36,'POR',trails
192,192,192,200210310SAC,40.9,13.2,2nd quarter,4:15.0,Bonzi Wells,POR,False,2-pointer,19,26-38,'POR',trails
193,193,193,200210310SAC,24.0,12.2,2nd quarter,3:58.0,Rasheed Wallace,POR,True,2-pointer,7,28-39,'POR',trails
194,194,194,200210310SAC,9.4,8.3,2nd quarter,3:26.0,Damon Stoudamire,POR,False,2-pointer,15,28-39,'POR',trails
195,195,195,200210310SAC,24.0,5.0,2nd quarter,3:02.0,Rasheed Wallace,POR,True,2-pointer,0,30-39,'POR',trails
196,196,196,200210310SAC,36.3,9.1,2nd quarter,2:27.0,Rasheed Wallace,POR,True,2-pointer,13,32-41,'POR',trails
197,197,197,200210310SAC,37.8,26.7,2nd quarter,1:48.0,Rasheed Wallace,POR,False,3-pointer,26,32-41,'POR',trails
198,198,198,200210310SAC,23.8,10.3,2nd quarter,1:22.0,Rasheed Wallace,POR,False,2-pointer,5,32-43,'POR',trails
199,199,199,200210310SAC,5.8,13.7,2nd quarter,0:41.3,Rasheed Wallace,POR,True,2-pointer,20,34-43,'POR',trails
200,200,200,200210310SAC,4.6,5.0,2nd quarter,0:04.6,Damon Stoudamire,POR,True,2-pointer,19,36-44,'POR',trails
201,201,201,200210310SAC,6.3,22.3,3rd quarter,11:31.0,Derek Anderson,POR,False,3-pointer,25,36-47,'POR',trails
202,202,202,200210310SAC,24.1,13.1,3rd quarter,10:22.0,Rasheed Wallace,POR,False,2-pointer,8,36-49,'POR',trails
203,203,203,200210310SAC,41.6,15.2,3rd quarter,10:12.0,Derek Anderson,POR,False,2-pointer,20,36-49,'POR',trails
204,204,204,200210310SAC,38.3,21.1,3rd quarter,9:02.0,Derek Anderson,POR,True,2-pointer,22,38-53,'POR',trails
205,205,205,200210310SAC,37.5,21.4,3rd quarter,8:40.0,Derek Anderson,POR,True,2-pointer,21,40-53,'POR',trails
206,206,206,200210310SAC,16.8,6.7,3rd quarter,8:03.0,Scottie Pippen,POR,False,2-pointer,7,40-53,'POR',trails
207,207,207,200210310SAC,32.9,7.2,3rd quarter,7:58.0,Dale Davis,POR,False,2-pointer,9,40-53,'POR',trails
208,208,208,200210310SAC,39.3,13.7,3rd quarter,6:38.0,Jeff McInnis,POR,False,2-pointer,18,40-61,'POR',trails
209,209,209,200210310SAC,24.0,5.0,3rd quarter,6:35.0,Rasheed Wallace,POR,False,2-pointer,0,40-61,'POR',trails
210,210,210,200210310SAC,7.1,5.0,3rd quarter,6:01.0,Scottie Pippen,POR,False,2-pointer,17,40-63,'POR',trails
211,211,211,200210310SAC,13.8,6.2,3rd quarter,5:30.0,Rasheed Wallace,POR,True,2-pointer,10,42-65,'POR',trails
212,212,212,200210310SAC,9.1,5.7,3rd quarter,4:59.0,Rasheed Wallace,POR,True,2-pointer,15,44-65,'POR',trails
213,213,213,200210310SAC,16.9,6.2,3rd quarter,4:18.0,Rasheed Wallace,POR,False,2-pointer,7,45-67,'POR',trails
214,214,214,200210310SAC,31.2,8.0,3rd quarter,3:51.0,Rasheed Wallace,POR,True,2-pointer,8,47-67,'POR',trails
215,215,215,200210310SAC,24.0,29.7,3rd quarter,2:52.0,Rasheed Wallace,POR,True,3-pointer,25,50-67,'POR',trails
216,216,216,200210310SAC,18.4,25.1,3rd quarter,2:09.0,Rasheed Wallace,POR,True,2-pointer,21,52-69,'POR',trails
217,217,217,200210310SAC,33.7,22.6,3rd quarter,1:37.0,Jeff McInnis,POR,False,2-pointer,20,52-69,'POR',trails
218,218,218,200210310SAC,34.0,5.3,3rd quarter,1:10.0,Arvydas Sabonis,POR,True,2-pointer,10,54-71,'POR',trails
219,219,219,200210310SAC,41.7,7.3,3rd quarter,0:32.2,Rasheed Wallace,POR,False,2-pointer,18,54-73,'POR',trails
220,220,220,200210310SAC,11.7,5.3,4th quarter,11:47.0,Rasheed Wallace,POR,False,2-pointer,12,55-75,'POR',trails
221,221,221,200210310SAC,9.9,25.6,4th quarter,9:52.0,Derek Anderson,POR,False,3-pointer,25,55-77,'POR',trails
222,222,222,200210310SAC,26.1,24.2,4th quarter,9:28.0,Damon Stoudamire,POR,False,2-pointer,19,55-77,'POR',trails
223,223,223,200210310SAC,24.0,5.0,4th quarter,9:06.0,Bonzi Wells,POR,True,2-pointer,0,57-79,'POR',trails
224,224,224,200210310SAC,18.1,28.5,4th quarter,8:42.0,Rasheed Wallace,POR,False,3-pointer,24,57-82,'POR',trails
225,225,225,200210310SAC,1.3,6.5,4th quarter,8:22.0,Bonzi Wells,POR,True,3-pointer,23,60-82,'POR',trails
226,226,226,200210310SAC,1.2,4.7,4th quarter,7:18.0,Bonzi Wells,POR,False,3-pointer,23,60-84,'POR',trails
227,227,227,200210310SAC,23.4,11.8,4th quarter,6:35.0,Damon Stoudamire,POR,True,2-pointer,7,62-86,'POR',trails
228,228,228,200210310SAC,24.3,11.4,4th quarter,6:01.0,Rasheed Wallace,POR,False,2-pointer,6,62-88,'POR',trails
229,229,229,200210310SAC,41.6,11.1,4th quarter,5:36.0,Derek Anderson,POR,False,2-pointer,19,62-88,'POR',trails
230,230,230,200210310SAC,4.3,5.0,4th quarter,4:42.0,Damon Stoudamire,POR,True,2-pointer,20,64-88,'POR',trails
231,231,231,200210310SAC,40.1,8.5,4th quarter,3:59.0,Damon Stoudamire,POR,False,2-pointer,16,64-90,'POR',trails
232,232,232,200210310SAC,24.0,5.0,4th quarter,3:10.0,Antonio Daniels,POR,True,2-pointer,0,68-90,'POR',trails
233,233,233,200210310SAC,2.2,18.8,4th quarter,2:22.0,Damon Stoudamire,POR,False,3-pointer,26,68-93,'POR',trails
234,234,234,200210310SAC,9.5,4.9,4th quarter,1:54.0,Qyntel Woods,POR,True,2-pointer,15,70-96,'POR',trails
235,235,235,200210310SAC,9.2,5.5,4th quarter,1:03.0,Zach Randolph,POR,False,2-pointer,15,71-98,'POR',trails
236,236,236,200210310SAC,8.2,6.7,4th quarter,0:35.7,Qyntel Woods,POR,False,2-pointer,16,71-98,'POR',trails
237,237,237,200210310SAC,24.0,5.0,1st quarter,11:18.0,Hedo Türkoğlu,SAC,True,2-pointer,0,2-0,'POR',leads
238,238,238,200210310SAC,24.0,5.0,1st quarter,10:53.0,Bobby Jackson,SAC,False,2-pointer,0,2-0,'POR',leads
239,239,239,200210310SAC,24.0,5.0,1st quarter,10:26.0,Keon Clark,SAC,True,2-pointer,0,4-0,'POR',leads
240,240,240,200210310SAC,0.8,5.8,1st quarter,9:18.0,Peja Stojaković,SAC,False,3-pointer,23,4-0,'POR',leads
241,241,241,200210310SAC,35.7,24.6,1st quarter,8:58.0,Peja Stojaković,SAC,False,2-pointer,23,4-0,'POR',leads
242,242,242,200210310SAC,24.0,5.0,1st quarter,8:20.0,Bobby Jackson,SAC,True,2-pointer,0,6-2,'POR',leads
243,243,243,200210310SAC,2.3,17.0,1st quarter,7:56.0,Peja Stojaković,SAC,False,3-pointer,25,6-2,'POR',leads
244,244,244,200210310SAC,24.0,5.0,1st quarter,7:02.0,Bobby Jackson,SAC,True,2-pointer,0,9-4,'POR',leads
245,245,245,200210310SAC,42.6,15.2,1st quarter,6:32.0,Hedo Türkoğlu,SAC,False,2-pointer,21,9-4,'POR',leads
246,246,246,200210310SAC,9.1,17.2,1st quarter,4:56.0,Bobby Jackson,SAC,False,2-pointer,19,12-6,'POR',leads
247,247,247,200210310SAC,24.0,5.0,1st quarter,4:23.0,Bobby Jackson,SAC,False,2-pointer,0,12-8,'POR',leads
248,248,248,200210310SAC,24.0,5.0,1st quarter,4:21.0,Keon Clark,SAC,True,2-pointer,0,14-8,'POR',leads
249,249,249,200210310SAC,15.0,20.0,1st quarter,3:49.0,Keon Clark,SAC,False,2-pointer,17,14-11,'POR',leads
250,250,250,200210310SAC,16.0,6.8,1st quarter,3:07.0,Vlade Divac,SAC,False,2-pointer,8,14-13,'POR',leads
251,251,251,200210310SAC,40.6,9.6,1st quarter,3:00.0,Peja Stojaković,SAC,True,2-pointer,17,16-13,'POR',leads
252,252,252,200210310SAC,24.0,5.0,1st quarter,2:32.0,Peja Stojaković,SAC,True,2-pointer,0,18-13,'POR',leads
253,253,253,200210310SAC,47.2,15.0,1st quarter,2:00.0,Peja Stojaković,SAC,False,3-pointer,25,18-13,'POR',leads
254,254,254,200210310SAC,24.0,10.1,1st quarter,1:19.0,Gerald Wallace,SAC,False,2-pointer,5,18-13,'POR',leads
255,255,255,200210310SAC,22.0,27.9,1st quarter,1:16.0,Peja Stojaković,SAC,False,2-pointer,23,18-13,'POR',leads
256,256,256,200210310SAC,40.9,26.0,1st quarter,0:00.0,Bobby Jackson,SAC,False,3-pointer,27,20-13,'POR',leads
257,257,257,200210310SAC,11.4,5.0,2nd quarter,11:41.0,Gerald Wallace,SAC,False,2-pointer,13,20-13,'POR',leads
258,258,258,200210310SAC,27.8,20.3,2nd quarter,11:12.0,Keon Clark,SAC,False,2-pointer,16,20-13,'POR',leads
259,259,259,200210310SAC,24.0,5.0,2nd quarter,11:10.0,Bobby Jackson,SAC,False,2-pointer,0,20-13,'POR',leads
260,260,260,200210310SAC,23.5,10.6,2nd quarter,10:40.0,Gerald Wallace,SAC,False,2-pointer,6,20-15,'POR',leads
261,261,261,200210310SAC,8.2,18.2,2nd quarter,10:33.0,Damon Jones,SAC,False,2-pointer,21,20-15,'POR',leads
262,262,262,200210310SAC,22.9,26.4,2nd quarter,10:12.0,Gerald Wallace,SAC,False,2-pointer,21,20-15,'POR',leads
263,263,263,200210310SAC,24.0,5.0,2nd quarter,9:45.0,Peja Stojaković,SAC,True,2-pointer,0,22-15,'POR',leads
264,264,264,200210310SAC,24.0,5.0,2nd quarter,9:07.0,Gerald Wallace,SAC,True,2-pointer,0,24-15,'POR',leads
265,265,265,200210310SAC,13.2,22.1,2nd quarter,8:32.0,Gerald Wallace,SAC,True,2-pointer,20,27-17,'POR',leads
266,266,266,200210310SAC,20.4,6.8,2nd quarter,8:04.0,Vlade Divac,SAC,True,2-pointer,4,29-20,'POR',leads
267,267,267,200210310SAC,8.6,11.8,2nd quarter,7:33.0,Vlade Divac,SAC,True,2-pointer,17,32-22,'POR',leads
268,268,268,200210310SAC,34.8,5.5,2nd quarter,7:05.0,Hedo Türkoğlu,SAC,False,2-pointer,11,32-22,'POR',leads
269,269,269,200210310SAC,18.8,24.7,2nd quarter,6:37.0,Vlade Divac,SAC,False,2-pointer,20,32-22,'POR',leads
270,270,270,200210310SAC,24.0,5.0,2nd quarter,6:35.0,Gerald Wallace,SAC,True,2-pointer,0,34-22,'POR',leads
271,271,271,200210310SAC,24.0,5.0,2nd quarter,5:26.0,Vlade Divac,SAC,True,2-pointer,0,36-24,'POR',leads
272,272,272,200210310SAC,14.6,22.3,2nd quarter,4:36.0,Gerald Wallace,SAC,True,2-pointer,20,38-26,'POR',leads
273,273,273,200210310SAC,12.2,16.8,2nd quarter,3:41.0,Gerald Wallace,SAC,False,2-pointer,17,39-28,'POR',leads
274,274,274,200210310SAC,39.8,5.0,2nd quarter,2:07.0,Bobby Jackson,SAC,False,2-pointer,16,41-32,'POR',leads
275,275,275,200210310SAC,6.4,9.3,2nd quarter,1:07.0,Vlade Divac,SAC,False,2-pointer,18,43-32,'POR',leads
276,276,276,200210310SAC,36.0,23.4,3rd quarter,11:44.0,Hedo Türkoğlu,SAC,False,2-pointer,22,47-36,'POR',leads
277,277,277,200210310SAC,20.4,7.0,3rd quarter,11:15.0,Keon Clark,SAC,False,2-pointer,4,47-36,'POR',leads
278,278,278,200210310SAC,24.0,5.0,3rd quarter,11:14.0,Vlade Divac,SAC,True,2-pointer,0,49-36,'POR',leads
279,279,279,200210310SAC,7.6,18.5,3rd quarter,10:44.0,Vlade Divac,SAC,False,2-pointer,21,49-36,'POR',leads
280,280,280,200210310SAC,15.6,5.7,3rd quarter,9:53.0,Bobby Jackson,SAC,True,2-pointer,8,51-36,'POR',leads
281,281,281,200210310SAC,36.3,20.6,3rd quarter,8:48.0,Keon Clark,SAC,False,2-pointer,20,53-38,'POR',leads
282,282,282,200210310SAC,20.2,27.5,3rd quarter,7:05.0,Vlade Divac,SAC,False,2-pointer,23,58-40,'POR',leads
283,283,283,200210310SAC,27.8,29.8,3rd quarter,7:01.0,Peja Stojaković,SAC,True,3-pointer,25,61-40,'POR',leads
284,284,284,200210310SAC,18.1,6.8,3rd quarter,6:16.0,Keon Clark,SAC,True,2-pointer,6,63-40,'POR',leads
285,285,285,200210310SAC,18.9,6.2,3rd quarter,5:46.0,Hedo Türkoğlu,SAC,True,2-pointer,5,65-40,'POR',leads
286,286,286,200210310SAC,18.3,9.9,3rd quarter,4:31.0,Bobby Jackson,SAC,True,2-pointer,8,67-45,'POR',leads
287,287,287,200210310SAC,24.0,5.0,3rd quarter,4:11.0,Lawrence Funderburke,SAC,False,2-pointer,0,67-45,'POR',leads
288,288,288,200210310SAC,47.3,9.1,3rd quarter,3:31.0,Peja Stojaković,SAC,False,3-pointer,24,67-47,'POR',leads
289,289,289,200210310SAC,25.0,13.9,3rd quarter,3:21.0,Lawrence Funderburke,SAC,False,2-pointer,9,67-47,'POR',leads
290,290,290,200210310SAC,23.0,11.1,3rd quarter,3:11.0,Vlade Divac,SAC,False,2-pointer,6,67-47,'POR',leads
291,291,291,200210310SAC,24.0,5.0,3rd quarter,2:32.0,Bobby Jackson,SAC,True,2-pointer,0,69-50,'POR',leads
292,292,292,200210310SAC,47.5,6.8,3rd quarter,1:48.0,Peja Stojaković,SAC,False,3-pointer,24,69-52,'POR',leads
293,293,293,200210310SAC,24.0,5.0,3rd quarter,1:30.0,Lawrence Funderburke,SAC,True,2-pointer,0,71-52,'POR',leads
294,294,294,200210310SAC,12.8,11.6,3rd quarter,0:46.4,Peja Stojaković,SAC,True,2-pointer,13,73-54,'POR',leads
295,295,295,200210310SAC,1.0,3.6,3rd quarter,0:07.2,Hedo Türkoğlu,SAC,False,3-pointer,23,73-54,'POR',leads
296,296,296,200210310SAC,24.0,5.0,3rd quarter,0:00.2,Bobby Jackson,SAC,True,2-pointer,0,75-55,'POR',leads
297,297,297,200210310SAC,34.0,27.5,4th quarter,11:27.0,Peja Stojaković,SAC,False,3-pointer,25,75-55,'POR',leads
298,298,298,200210310SAC,42.4,11.6,4th quarter,11:18.0,Vlade Divac,SAC,False,2-pointer,20,75-55,'POR',leads
299,299,299,200210310SAC,4.6,5.0,4th quarter,10:25.0,Peja Stojaković,SAC,True,2-pointer,19,77-55,'POR',leads
300,300,300,200210310SAC,33.5,21.9,4th quarter,9:35.0,Lawrence Funderburke,SAC,False,2-pointer,19,77-55,'POR',leads
301,301,301,200210310SAC,24.0,5.0,4th quarter,9:24.0,Bobby Jackson,SAC,True,2-pointer,0,79-55,'POR',leads
302,302,302,200210310SAC,47.8,7.3,4th quarter,8:54.0,Peja Stojaković,SAC,True,3-pointer,24,82-57,'POR',leads
303,303,303,200210310SAC,22.5,31.1,4th quarter,7:59.0,Bobby Jackson,SAC,False,3-pointer,26,82-60,'POR',leads
304,304,304,200210310SAC,7.4,5.3,4th quarter,7:39.0,Bobby Jackson,SAC,True,2-pointer,17,84-60,'POR',leads
305,305,305,200210310SAC,18.3,7.6,4th quarter,6:57.0,Hedo Türkoğlu,SAC,True,2-pointer,6,86-60,'POR',leads
306,306,306,200210310SAC,24.0,5.0,4th quarter,6:19.0,Hedo Türkoğlu,SAC,True,2-pointer,0,88-62,'POR',leads
307,307,307,200210310SAC,24.0,5.0,4th quarter,5:02.0,Gerald Wallace,SAC,False,2-pointer,0,88-62,'POR',leads
308,308,308,200210310SAC,11.2,12.6,4th quarter,4:20.0,Hedo Türkoğlu,SAC,True,2-pointer,15,90-64,'POR',leads
309,309,309,200210310SAC,42.9,21.1,4th quarter,3:53.0,Damon Jones,SAC,False,3-pointer,25,90-64,'POR',leads
310,310,310,200210310SAC,30.2,29.3,4th quarter,3:17.0,Damon Jones,SAC,False,3-pointer,25,90-66,'POR',leads
311,311,311,200210310SAC,0.7,5.5,4th quarter,2:49.0,Hedo Türkoğlu,SAC,True,3-pointer,23,93-68,'POR',leads
312,312,312,200210310SAC,47.5,8.8,4th quarter,2:13.0,Damon Jones,SAC,True,3-pointer,24,96-68,'POR',leads
313,313,313,200210310SAC,24.0,5.0,4th quarter,1:38.0,Gerald Wallace,SAC,False,2-pointer,0,96-70,'POR',leads
314,314,314,200210310SAC,10.7,18.0,4th quarter,1:15.0,Keon Clark,SAC,True,2-pointer,19,98-71,'POR',leads
315,315,315,200210310SAC,41.6,9.8,4th quarter,0:46.7,Lawrence Funderburke,SAC,False,2-pointer,18,98-71,'POR',leads
316,316,316,200210310SAC,10.2,14.1,4th quarter,0:28.6,Gerald Wallace,SAC,False,2-pointer,17,98-71,'POR',leads
317,317,317,200210310SAC,24.1,9.8,4th quarter,0:04.7,Gerald Wallace,SAC,True,2-pointer,5,100-71,'POR',leads
318,318,318,200210310WAS,24.3,9.6,1st quarter,11:46.0,Antoine Walker,BOS,False,2-pointer,5,0-0,'BOS',tied
319,319,319,200210310WAS,47.5,10.1,1st quarter,11:02.0,Antoine Walker,BOS,True,3-pointer,24,3-0,'BOS',leads
320,320,320,200210310WAS,25.6,5.3,1st quarter,10:31.0,Paul Pierce,BOS,True,2-pointer,2,5-0,'BOS',leads
321,321,321,200210310WAS,24.0,20.0,1st quarter,9:36.0,Tony Battie,BOS,True,2-pointer,15,7-3,'BOS',leads
322,322,322,200210310WAS,39.4,25.4,1st quarter,9:00.0,Tony Delk,BOS,True,3-pointer,26,10-3,'BOS',leads
323,323,323,200210310WAS,28.3,4.9,1st quarter,8:34.0,Tony Delk,BOS,False,2-pointer,4,10-3,'BOS',leads
324,324,324,200210310WAS,8.1,12.9,1st quarter,8:28.0,Paul Pierce,BOS,False,2-pointer,18,10-3,'BOS',leads
325,325,325,200210310WAS,22.7,7.6,1st quarter,7:38.0,Antoine Walker,BOS,True,2-pointer,3,12-7,'BOS',leads
326,326,326,200210310WAS,29.6,16.7,1st quarter,7:14.0,Vin Baker,BOS,False,2-pointer,13,12-7,'BOS',leads
327,327,327,200210310WAS,5.1,22.8,1st quarter,6:52.0,Antoine Walker,BOS,False,3-pointer,26,12-10,'BOS',leads
328,328,328,200210310WAS,-0.1,2.9,1st quarter,6:24.0,Paul Pierce,BOS,False,3-pointer,24,12-10,'BOS',leads
329,329,329,200210310WAS,40.3,4.9,1st quarter,5:56.0,Vin Baker,BOS,False,2-pointer,16,12-10,'BOS',leads
330,330,330,200210310WAS,23.7,5.3,1st quarter,5:28.0,Tony Delk,BOS,False,2-pointer,0,14-10,'BOS',leads
331,331,331,200210310WAS,7.7,8.0,1st quarter,5:26.0,Paul Pierce,BOS,False,2-pointer,17,14-10,'BOS',leads
332,332,332,200210310WAS,22.2,4.7,1st quarter,5:10.0,Antoine Walker,BOS,True,2-pointer,2,16-10,'BOS',leads
333,333,333,200210310WAS,23.5,9.3,1st quarter,4:27.0,Antoine Walker,BOS,False,2-pointer,4,16-12,'BOS',leads
334,334,334,200210310WAS,30.1,5.0,1st quarter,4:24.0,Vin Baker,BOS,False,2-pointer,6,16-12,'BOS',leads
335,335,335,200210310WAS,23.7,8.5,1st quarter,4:01.0,Antoine Walker,BOS,False,2-pointer,4,16-14,'BOS',leads
336,336,336,200210310WAS,32.4,13.1,1st quarter,3:10.0,Antoine Walker,BOS,False,2-pointer,12,16-16,'BOS',tied
337,337,337,200210310WAS,4.1,2.1,1st quarter,3:07.0,Paul Pierce,BOS,False,2-pointer,20,16-16,'BOS',tied
338,338,338,200210310WAS,31.4,5.0,1st quarter,3:03.0,Vin Baker,BOS,True,2-pointer,7,18-16,'BOS',leads
339,339,339,200210310WAS,12.7,27.9,1st quarter,2:25.0,Shammond Williams,BOS,True,3-pointer,26,21-18,'BOS',leads
340,340,340,200210310WAS,32.2,13.2,1st quarter,1:53.0,Bruno Šundov,BOS,False,2-pointer,12,21-18,'BOS',leads
341,341,341,200210310WAS,26.8,29.7,1st quarter,1:03.0,Bruno Šundov,BOS,False,3-pointer,25,21-20,'BOS',leads
342,342,342,200210310WAS,29.6,5.8,1st quarter,0:32.4,Antoine Walker,BOS,False,2-pointer,6,21-22,'BOS',trails
343,343,343,200210310WAS,14.6,29.0,1st quarter,0:00.0,Paul Pierce,BOS,False,3-pointer,26,21-24,'BOS',trails
344,344,344,200210310WAS,12.0,21.8,2nd quarter,10:40.0,Shammond Williams,BOS,False,2-pointer,21,21-30,'BOS',trails
345,345,345,200210310WAS,24.3,8.0,2nd quarter,10:13.0,Paul Pierce,BOS,True,2-pointer,3,24-30,'BOS',trails
346,346,346,200210310WAS,26.3,29.5,2nd quarter,8:44.0,Shammond Williams,BOS,True,3-pointer,25,29-34,'BOS',trails
347,347,347,200210310WAS,22.0,31.3,2nd quarter,8:15.0,Paul Pierce,BOS,False,3-pointer,26,29-34,'BOS',trails
348,348,348,200210310WAS,26.9,9.1,2nd quarter,7:42.0,Vin Baker,BOS,False,2-pointer,5,29-36,'BOS',trails
349,349,349,200210310WAS,47.5,2.1,2nd quarter,6:41.0,Eric Williams,BOS,False,3-pointer,24,29-38,'BOS',trails
350,350,350,200210310WAS,7.4,24.4,2nd quarter,6:23.0,Antoine Walker,BOS,False,3-pointer,26,29-38,'BOS',trails
351,351,351,200210310WAS,25.0,8.0,2nd quarter,6:10.0,Eric Williams,BOS,False,2-pointer,3,29-38,'BOS',trails
352,352,352,200210310WAS,45.5,17.3,2nd quarter,5:34.0,Tony Delk,BOS,True,3-pointer,25,32-39,'BOS',trails
353,353,353,200210310WAS,25.6,9.3,2nd quarter,5:08.0,Paul Pierce,BOS,False,2-pointer,5,32-39,'BOS',trails
354,354,354,200210310WAS,21.7,4.5,2nd quarter,3:57.0,Tony Battie,BOS,True,2-pointer,2,34-43,'BOS',trails
355,355,355,200210310WAS,8.1,10.1,2nd quarter,2:17.0,Paul Pierce,BOS,False,2-pointer,17,36-45,'BOS',trails
356,356,356,200210310WAS,20.2,6.5,2nd quarter,1:11.0,Tony Delk,BOS,False,2-pointer,4,38-52,'BOS',trails
357,357,357,200210310WAS,24.5,4.7,2nd quarter,1:08.0,Vin Baker,BOS,True,2-pointer,1,40-52,'BOS',trails
358,358,358,200210310WAS,16.5,28.7,2nd quarter,0:12.7,Paul Pierce,BOS,False,3-pointer,25,40-54,'BOS',trails
359,359,359,200210310WAS,38.3,40.8,2nd quarter,0:00.9,Vin Baker,BOS,False,3-pointer,39,40-58,'BOS',trails
360,360,360,200210310WAS,23.4,5.0,3rd quarter,11:29.0,Antoine Walker,BOS,True,2-pointer,1,42-58,'BOS',trails
361,361,361,200210310WAS,2.6,20.1,3rd quarter,10:50.0,Antoine Walker,BOS,False,3-pointer,26,42-58,'BOS',trails
362,362,362,200210310WAS,3.1,19.5,3rd quarter,10:24.0,Paul Pierce,BOS,False,3-pointer,25,42-58,'BOS',trails
363,363,363,200210310WAS,34.2,27.9,3rd quarter,10:03.0,Tony Delk,BOS,False,3-pointer,25,42-58,'BOS',trails
364,364,364,200210310WAS,0.5,1.8,3rd quarter,9:35.0,Eric Williams,BOS,True,3-pointer,24,45-58,'BOS',trails
365,365,365,200210310WAS,4.0,21.4,3rd quarter,9:02.0,Antoine Walker,BOS,False,3-pointer,26,45-58,'BOS',trails
366,366,366,200210310WAS,30.1,8.0,3rd quarter,8:17.0,Paul Pierce,BOS,False,2-pointer,7,45-60,'BOS',trails
367,367,367,200210310WAS,24.6,5.5,3rd quarter,7:45.0,Shammond Williams,BOS,True,2-pointer,1,47-63,'BOS',trails
368,368,368,200210310WAS,30.9,6.5,3rd quarter,7:27.0,Shammond Williams,BOS,False,2-pointer,7,47-63,'BOS',trails
369,369,369,200210310WAS,24.0,7.6,3rd quarter,6:23.0,Eric Williams,BOS,True,2-pointer,3,49-65,'BOS',trails
370,370,370,200210310WAS,24.6,21.0,3rd quarter,5:42.0,Tony Battie,BOS,True,2-pointer,16,51-68,'BOS',trails
371,371,371,200210310WAS,39.3,7.6,3rd quarter,4:56.0,Shammond Williams,BOS,False,2-pointer,16,51-68,'BOS',trails
372,372,372,200210310WAS,19.1,5.7,3rd quarter,3:36.0,Paul Pierce,BOS,False,2-pointer,5,53-72,'BOS',trails
373,373,373,200210310WAS,23.7,4.4,3rd quarter,3:35.0,Antoine Walker,BOS,True,2-pointer,1,55-72,'BOS',trails
374,374,374,200210310WAS,45.3,19.0,3rd quarter,2:51.0,J.R. Bremer,BOS,False,3-pointer,25,56-74,'BOS',trails
375,375,375,200210310WAS,29.2,5.7,3rd quarter,2:47.0,Antoine Walker,BOS,False,2-pointer,5,56-74,'BOS',trails
376,376,376,200210310WAS,38.3,25.6,3rd quarter,2:17.0,Paul Pierce,BOS,False,3-pointer,25,56-76,'BOS',trails
377,377,377,200210310WAS,41.6,23.6,3rd quarter,1:42.0,J.R. Bremer,BOS,False,3-pointer,26,56-79,'BOS',trails
378,378,378,200210310WAS,4.0,21.8,3rd quarter,1:12.0,Antoine Walker,BOS,False,3-pointer,26,56-81,'BOS',trails
379,379,379,200210310WAS,26.1,5.7,3rd quarter,0:01.1,Vin Baker,BOS,True,2-pointer,2,60-85,'BOS',trails
380,380,380,200210310WAS,9.5,13.1,4th quarter,11:43.0,Bruno Šundov,BOS,True,2-pointer,17,62-85,'BOS',trails
381,381,381,200210310WAS,8.6,7.2,4th quarter,10:20.0,Paul Pierce,BOS,True,2-pointer,16,64-87,'BOS',trails
382,382,382,200210310WAS,9.7,28.3,4th quarter,9:50.0,Bruno Šundov,BOS,False,3-pointer,27,64-87,'BOS',trails
383,383,383,200210310WAS,3.6,21.9,4th quarter,9:07.0,Bruno Šundov,BOS,False,3-pointer,26,64-89,'BOS',trails
384,384,384,200210310WAS,42.1,22.8,4th quarter,8:09.0,Tony Delk,BOS,False,3-pointer,25,64-91,'BOS',trails
385,385,385,200210310WAS,26.0,22.9,4th quarter,7:40.0,Vin Baker,BOS,False,2-pointer,18,64-93,'BOS',trails
386,386,386,200210310WAS,22.9,31.1,4th quarter,6:57.0,Bruno Šundov,BOS,True,3-pointer,26,67-95,'BOS',trails
387,387,387,200210310WAS,5.3,23.9,4th quarter,6:17.0,Bruno Šundov,BOS,False,3-pointer,27,67-95,'BOS',trails
388,388,388,200210310WAS,42.1,6.3,4th quarter,5:40.0,Rubén Wolkowyski,BOS,False,2-pointer,18,67-97,'BOS',trails
389,389,389,200210310WAS,40.1,14.1,4th quarter,5:05.0,Bruno Šundov,BOS,False,2-pointer,18,67-99,'BOS',trails
390,390,390,200210310WAS,24.5,9.3,4th quarter,4:40.0,Rubén Wolkowyski,BOS,True,2-pointer,4,69-101,'BOS',trails
391,391,391,200210310WAS,30.9,24.4,4th quarter,4:10.0,Walter McCarty,BOS,False,2-pointer,21,69-101,'BOS',trails
392,392,392,200210310WAS,23.4,29.7,4th quarter,3:25.0,Rubén Wolkowyski,BOS,False,3-pointer,25,69-103,'BOS',trails
393,393,393,200210310WAS,10.5,26.7,4th quarter,2:51.0,Bruno Šundov,BOS,False,3-pointer,26,69-105,'BOS',trails
394,394,394,200210310WAS,9.4,17.0,4th quarter,2:26.0,Bruno Šundov,BOS,False,2-pointer,19,69-107,'BOS',trails
395,395,395,200210310WAS,8.1,9.6,4th quarter,1:52.0,Bruno Šundov,BOS,False,2-pointer,17,69-109,'BOS',trails
396,396,396,200210310WAS,33.2,16.8,4th quarter,1:31.0,Shammond Williams,BOS,False,2-pointer,15,69-111,'BOS',trails
397,397,397,200210310WAS,-0.3,6.3,4th quarter,0:33.0,J.R. Bremer,BOS,False,3-pointer,24,69-113,'BOS',trails
398,398,398,200210310WAS,36.8,17.5,4th quarter,0:01.9,Shammond Williams,BOS,False,2-pointer,18,69-114,'BOS',trails
399,399,399,200210310WAS,37.6,14.4,1st quarter,11:30.0,Jerry Stackhouse,WAS,False,2-pointer,17,0-0,'BOS',tied
400,400,400,200210310WAS,22.4,5.2,1st quarter,11:27.0,Kwame Brown,WAS,False,2-pointer,2,0-0,'BOS',tied
401,401,401,200210310WAS,24.6,6.8,1st quarter,11:27.0,Brendan Haywood,WAS,False,2-pointer,2,0-0,'BOS',tied
402,402,402,200210310WAS,4.9,0.8,1st quarter,11:14.0,Bryon Russell,WAS,False,2-pointer,20,0-0,'BOS',tied
403,403,403,200210310WAS,37.5,2.1,1st quarter,10:40.0,Jerry Stackhouse,WAS,False,2-pointer,14,0-3,'BOS',trails
404,404,404,200210310WAS,41.9,3.2,1st quarter,10:10.0,Larry Hughes,WAS,False,2-pointer,18,0-5,'BOS',trails
405,405,405,200210310WAS,24.5,6.8,1st quarter,9:52.0,Brendan Haywood,WAS,True,2-pointer,2,2-5,'BOS',trails
406,406,406,200210310WAS,43.4,3.1,1st quarter,9:07.0,Bryon Russell,WAS,False,2-pointer,19,3-7,'BOS',trails
407,407,407,200210310WAS,26.6,4.7,1st quarter,8:43.0,Kwame Brown,WAS,False,2-pointer,3,3-10,'BOS',trails
408,408,408,200210310WAS,41.6,2.7,1st quarter,7:58.0,Jerry Stackhouse,WAS,True,2-pointer,18,7-10,'BOS',trails
409,409,409,200210310WAS,19.1,5.5,1st quarter,7:22.0,Larry Hughes,WAS,False,2-pointer,5,7-12,'BOS',trails
410,410,410,200210310WAS,28.1,5.0,1st quarter,7:06.0,Bryon Russell,WAS,True,2-pointer,4,9-12,'BOS',trails
411,411,411,200210310WAS,7.9,4.4,1st quarter,6:05.0,Jerry Stackhouse,WAS,False,2-pointer,16,10-12,'BOS',trails
412,412,412,200210310WAS,41.6,5.8,1st quarter,5:19.0,Michael Jordan,WAS,False,2-pointer,18,10-14,'BOS',trails
413,413,413,200210310WAS,32.9,10.3,1st quarter,4:47.0,Kwame Brown,WAS,True,2-pointer,10,12-16,'BOS',trails
414,414,414,200210310WAS,35.8,14.5,1st quarter,3:44.0,Michael Jordan,WAS,True,2-pointer,15,16-16,'BOS',tied
415,415,415,200210310WAS,36.6,22.6,1st quarter,2:46.0,Tyronn Lue,WAS,True,2-pointer,22,18-18,'BOS',tied
416,416,416,200210310WAS,27.9,5.8,1st quarter,2:14.0,Michael Jordan,WAS,False,2-pointer,4,18-21,'BOS',trails
417,417,417,200210310WAS,9.4,6.5,1st quarter,1:40.0,Michael Jordan,WAS,False,2-pointer,15,18-21,'BOS',trails
418,418,418,200210310WAS,22.9,5.7,1st quarter,1:20.0,Jared Jeffries,WAS,False,2-pointer,1,18-21,'BOS',trails
419,419,419,200210310WAS,22.5,5.3,1st quarter,0:10.1,Christian Laettner,WAS,True,2-pointer,2,24-21,'BOS',leads
420,420,420,200210310WAS,38.8,24.4,2nd quarter,11:41.0,Jared Jeffries,WAS,True,3-pointer,24,27-21,'BOS',leads
421,421,421,200210310WAS,24.0,4.1,2nd quarter,11:03.0,Michael Jordan,WAS,True,2-pointer,1,29-21,'BOS',leads
422,422,422,200210310WAS,25.3,4.4,2nd quarter,10:46.0,Tyronn Lue,WAS,False,2-pointer,1,30-21,'BOS',leads
423,423,423,200210310WAS,40.3,25.1,2nd quarter,10:26.0,Bryon Russell,WAS,False,3-pointer,26,30-22,'BOS',leads
424,424,424,200210310WAS,37.0,20.1,2nd quarter,10:01.0,Michael Jordan,WAS,False,2-pointer,20,30-24,'BOS',leads
425,425,425,200210310WAS,6.1,4.1,2nd quarter,9:48.0,Michael Jordan,WAS,True,2-pointer,18,32-24,'BOS',leads
426,426,426,200210310WAS,24.0,5.2,2nd quarter,9:31.0,Jared Jeffries,WAS,True,2-pointer,0,34-24,'BOS',leads
427,427,427,200210310WAS,0.5,1.3,2nd quarter,8:23.0,Bryon Russell,WAS,False,3-pointer,24,34-29,'BOS',leads
428,428,428,200210310WAS,25.6,4.7,2nd quarter,8:05.0,Jerry Stackhouse,WAS,True,2-pointer,2,36-29,'BOS',leads
429,429,429,200210310WAS,7.9,3.4,2nd quarter,7:27.0,Jared Jeffries,WAS,False,2-pointer,16,36-29,'BOS',leads
430,430,430,200210310WAS,36.5,11.4,2nd quarter,7:09.0,Bryon Russell,WAS,True,2-pointer,14,38-29,'BOS',leads
431,431,431,200210310WAS,20.9,6.0,2nd quarter,4:57.0,Kwame Brown,WAS,True,2-pointer,3,41-32,'BOS',leads
432,432,432,200210310WAS,41.9,2.6,2nd quarter,4:18.0,Michael Jordan,WAS,False,2-pointer,18,41-32,'BOS',leads
433,433,433,200210310WAS,8.7,3.4,2nd quarter,4:12.0,Kwame Brown,WAS,True,2-pointer,15,43-32,'BOS',leads
434,434,434,200210310WAS,23.2,5.7,2nd quarter,3:17.0,Jerry Stackhouse,WAS,True,2-pointer,1,45-34,'BOS',leads
435,435,435,200210310WAS,5.9,2.4,2nd quarter,2:34.0,Jerry Stackhouse,WAS,False,2-pointer,18,45-36,'BOS',leads
436,436,436,200210310WAS,14.6,17.7,2nd quarter,2:08.0,Michael Jordan,WAS,True,2-pointer,16,47-36,'BOS',leads
437,437,437,200210310WAS,16.1,29.3,2nd quarter,1:48.0,Tyronn Lue,WAS,False,3-pointer,26,47-38,'BOS',leads
438,438,438,200210310WAS,23.4,5.8,2nd quarter,1:43.0,Brendan Haywood,WAS,False,2-pointer,1,47-38,'BOS',leads
439,439,439,200210310WAS,14.0,28.5,2nd quarter,1:41.0,Tyronn Lue,WAS,True,3-pointer,26,50-38,'BOS',leads
440,440,440,200210310WAS,43.2,2.6,2nd quarter,0:56.4,Jerry Stackhouse,WAS,False,2-pointer,19,52-40,'BOS',leads
441,441,441,200210310WAS,24.3,5.7,2nd quarter,0:34.9,Christian Laettner,WAS,True,2-pointer,1,54-40,'BOS',leads
442,442,442,200210310WAS,44.5,6.5,2nd quarter,0:04.4,Michael Jordan,WAS,True,2-pointer,21,58-40,'BOS',leads
443,443,443,200210310WAS,4.0,21.0,3rd quarter,11:02.0,Bryon Russell,WAS,False,3-pointer,26,58-42,'BOS',leads
444,444,444,200210310WAS,35.7,17.8,3rd quarter,10:36.0,Kwame Brown,WAS,False,2-pointer,17,58-42,'BOS',leads
445,445,445,200210310WAS,2.6,20.8,3rd quarter,10:14.0,Jerry Stackhouse,WAS,False,3-pointer,27,58-42,'BOS',leads
446,446,446,200210310WAS,25.3,3.7,3rd quarter,10:10.0,Bryon Russell,WAS,False,2-pointer,2,58-42,'BOS',leads
447,447,447,200210310WAS,18.1,5.5,3rd quarter,9:50.0,Brendan Haywood,WAS,False,2-pointer,6,58-42,'BOS',leads
448,448,448,200210310WAS,43.4,22.1,3rd quarter,9:11.0,Tyronn Lue,WAS,False,3-pointer,26,58-45,'BOS',leads
449,449,449,200210310WAS,26.3,5.0,3rd quarter,8:47.0,Jerry Stackhouse,WAS,False,2-pointer,2,58-45,'BOS',leads
450,450,450,200210310WAS,24.0,4.5,3rd quarter,8:43.0,Kwame Brown,WAS,True,2-pointer,1,60-45,'BOS',leads
451,451,451,200210310WAS,20.2,5.0,3rd quarter,8:05.0,Kwame Brown,WAS,True,2-pointer,4,62-45,'BOS',leads
452,452,452,200210310WAS,23.8,9.6,3rd quarter,6:40.0,Tyronn Lue,WAS,True,2-pointer,5,65-47,'BOS',leads
453,453,453,200210310WAS,24.3,29.5,3rd quarter,5:59.0,Tyronn Lue,WAS,True,3-pointer,25,68-49,'BOS',leads
454,454,454,200210310WAS,8.7,2.4,3rd quarter,5:17.0,Kwame Brown,WAS,False,2-pointer,16,68-51,'BOS',leads
455,455,455,200210310WAS,26.8,6.5,3rd quarter,5:14.0,Bryon Russell,WAS,False,2-pointer,3,68-51,'BOS',leads
456,456,456,200210310WAS,24.3,5.0,3rd quarter,4:50.0,Jerry Stackhouse,WAS,True,2-pointer,0,70-51,'BOS',leads
457,457,457,200210310WAS,24.1,5.1,3rd quarter,4:06.0,Kwame Brown,WAS,True,2-pointer,0,72-53,'BOS',leads
458,458,458,200210310WAS,9.9,18.3,3rd quarter,3:11.0,Jerry Stackhouse,WAS,True,2-pointer,19,74-56,'BOS',leads
459,459,459,200210310WAS,40.9,2.7,3rd quarter,2:40.0,Kwame Brown,WAS,True,2-pointer,17,76-56,'BOS',leads
460,460,460,200210310WAS,39.4,24.2,3rd quarter,1:59.0,Jared Jeffries,WAS,True,3-pointer,25,79-56,'BOS',leads
461,461,461,200210310WAS,38.8,2.6,3rd quarter,1:31.0,Michael Jordan,WAS,True,2-pointer,15,81-56,'BOS',leads
462,462,462,200210310WAS,41.6,2.2,3rd quarter,0:58.2,Michael Jordan,WAS,True,2-pointer,18,83-56,'BOS',leads
463,463,463,200210310WAS,6.4,11.9,3rd quarter,0:20.4,Michael Jordan,WAS,True,2-pointer,19,85-58,'BOS',leads
464,464,464,200210310WAS,43.2,6.5,4th quarter,11:25.0,Michael Jordan,WAS,False,2-pointer,19,85-62,'BOS',leads
465,465,465,200210310WAS,12.0,17.0,4th quarter,10:42.0,Christian Laettner,WAS,True,2-pointer,17,87-62,'BOS',leads
466,466,466,200210310WAS,8.1,9.3,4th quarter,9:32.0,Michael Jordan,WAS,False,2-pointer,16,87-64,'BOS',leads
467,467,467,200210310WAS,47.5,2.6,4th quarter,8:44.0,Jerry Stackhouse,WAS,False,3-pointer,24,89-64,'BOS',leads
468,468,468,200210310WAS,24.0,5.5,4th quarter,8:19.0,Jerry Stackhouse,WAS,True,2-pointer,1,91-64,'BOS',leads
469,469,469,200210310WAS,24.1,5.0,4th quarter,7:14.0,Kwame Brown,WAS,True,2-pointer,0,95-64,'BOS',leads
470,470,470,200210310WAS,24.5,4.7,4th quarter,6:04.0,Jared Jeffries,WAS,True,2-pointer,1,97-67,'BOS',leads
471,471,471,200210310WAS,47.2,5.7,4th quarter,5:31.0,Juan Dixon,WAS,False,3-pointer,23,97-67,'BOS',leads
472,472,472,200210310WAS,23.2,6.3,4th quarter,5:28.0,Jared Jeffries,WAS,True,2-pointer,2,99-67,'BOS',leads
473,473,473,200210310WAS,16.1,4.1,4th quarter,4:54.0,Juan Dixon,WAS,True,2-pointer,8,101-67,'BOS',leads
474,474,474,200210310WAS,21.5,30.0,4th quarter,3:45.0,Tyronn Lue,WAS,False,3-pointer,25,101-69,'BOS',leads
475,475,475,200210310WAS,22.0,5.3,4th quarter,3:42.0,Etan Thomas,WAS,True,2-pointer,2,103-69,'BOS',leads
476,476,476,200210310WAS,35.3,3.6,4th quarter,3:06.0,Etan Thomas,WAS,True,2-pointer,11,105-69,'BOS',leads
477,477,477,200210310WAS,36.3,4.9,4th quarter,2:42.0,Juan Dixon,WAS,True,2-pointer,12,107-69,'BOS',leads
478,478,478,200210310WAS,20.2,9.0,4th quarter,2:11.0,Brendan Haywood,WAS,True,2-pointer,6,109-69,'BOS',leads
479,479,479,200210310WAS,22.7,21.1,4th quarter,1:44.0,Juan Dixon,WAS,True,2-pointer,16,111-69,'BOS',leads
480,480,480,200210310WAS,41.9,3.6,4th quarter,0:47.1,Juan Dixon,WAS,False,2-pointer,18,113-69,'BOS',leads
