,Unnamed: 0.1,Unnamed: 0,match_id,shotX,shotY,quarter,time_remaining,player,team,made,shot_type,distance,score,opp,status
0,0,0,200204150LAL,39.3,15.8,1st quarter,11:23.0,Brent Barry,SEA,True,2-pointer,19,2-0,'LAL',leads
1,1,1,200204150LAL,8.5,6.1,1st quarter,10:16.0,Gary Payton,SEA,True,2-pointer,16,4-5,'LAL',trails
2,2,2,200204150LAL,24.0,5.0,1st quarter,9:47.0,Gary Payton,SEA,True,2-pointer,0,6-7,'LAL',trails
3,3,3,200204150LAL,15.6,20.8,1st quarter,9:08.0,Jerome James,SEA,False,2-pointer,18,6-9,'LAL',trails
4,4,4,200204150LAL,9.9,18.5,1st quarter,8:42.0,Desmond Mason,SEA,False,2-pointer,20,6-11,'LAL',trails
5,5,5,200204150LAL,6.4,6.5,1st quarter,8:23.0,Gary Payton,SEA,False,2-pointer,18,6-11,'LAL',trails
6,6,6,200204150LAL,3.4,20.8,1st quarter,8:16.0,Vladimir Radmanović,SEA,True,3-pointer,26,9-11,'LAL',trails
7,7,7,200204150LAL,33.4,20.2,1st quarter,7:39.0,Predrag Drobnjak,SEA,False,2-pointer,18,9-13,'LAL',trails
8,8,8,200204150LAL,24.0,5.0,1st quarter,7:20.0,Predrag Drobnjak,SEA,True,2-pointer,0,11-13,'LAL',trails
9,9,9,200204150LAL,7.8,16.8,1st quarter,6:53.0,Gary Payton,SEA,True,2-pointer,20,13-13,'LAL',tied
10,10,10,200204150LAL,13.5,28.8,1st quarter,6:27.0,Brent Barry,SEA,False,3-pointer,26,13-15,'LAL',trails
11,11,11,200204150LAL,24.1,11.8,1st quarter,5:59.0,Gary Payton,SEA,True,2-pointer,7,15-17,'LAL',trails
12,12,12,200204150LAL,9.9,20.2,1st quarter,5:26.0,Predrag Drobnjak,SEA,True,2-pointer,21,17-17,'LAL',tied
13,13,13,200204150LAL,46.2,5.0,1st quarter,4:50.0,Vladimir Radmanović,SEA,False,3-pointer,22,17-20,'LAL',trails
14,14,14,200204150LAL,16.9,17.9,1st quarter,4:30.0,Predrag Drobnjak,SEA,True,2-pointer,15,19-20,'LAL',trails
15,15,15,200204150LAL,22.8,24.8,1st quarter,3:44.0,Vladimir Radmanović,SEA,False,2-pointer,20,19-22,'LAL',trails
16,16,16,200204150LAL,24.0,5.0,1st quarter,3:15.0,Desmond Mason,SEA,True,2-pointer,0,21-24,'LAL',trails
17,17,17,200204150LAL,1.9,17.5,1st quarter,2:39.0,Brent Barry,SEA,True,3-pointer,25,24-24,'LAL',tied
18,18,18,200204150LAL,10.6,28.8,1st quarter,2:03.0,Gary Payton,SEA,False,3-pointer,27,24-26,'LAL',trails
19,19,19,200204150LAL,9.1,25.9,1st quarter,1:23.0,Brent Barry,SEA,True,3-pointer,26,27-28,'LAL',trails
20,20,20,200204150LAL,22.8,9.5,1st quarter,0:55.1,Vin Baker,SEA,True,2-pointer,5,29-28,'LAL',leads
21,21,21,200204150LAL,39.9,10.1,1st quarter,0:31.8,Predrag Drobnjak,SEA,False,2-pointer,17,29-28,'LAL',leads
22,22,22,200204150LAL,32.5,24.2,2nd quarter,11:05.0,Predrag Drobnjak,SEA,True,2-pointer,21,31-28,'LAL',leads
23,23,23,200204150LAL,29.8,20.8,2nd quarter,9:55.0,Gary Payton,SEA,True,2-pointer,17,33-32,'LAL',leads
24,24,24,200204150LAL,12.1,5.0,2nd quarter,9:07.0,Brent Barry,SEA,False,2-pointer,12,33-34,'LAL',trails
25,25,25,200204150LAL,24.0,5.0,2nd quarter,8:43.0,Ansu Sesay,SEA,True,2-pointer,0,35-37,'LAL',trails
26,26,26,200204150LAL,12.7,5.0,2nd quarter,8:08.0,Earl Watson,SEA,False,2-pointer,11,35-39,'LAL',trails
27,27,27,200204150LAL,24.0,5.0,2nd quarter,7:48.0,Brent Barry,SEA,True,2-pointer,0,37-39,'LAL',trails
28,28,28,200204150LAL,32.5,21.9,2nd quarter,7:12.0,Ansu Sesay,SEA,True,2-pointer,19,39-39,'LAL',tied
29,29,29,200204150LAL,22.2,14.1,2nd quarter,6:42.0,Vladimir Radmanović,SEA,False,2-pointer,9,39-39,'LAL',tied
30,30,30,200204150LAL,19.8,11.1,2nd quarter,6:11.0,Vin Baker,SEA,False,2-pointer,7,39-40,'LAL',trails
31,31,31,200204150LAL,37.8,17.9,2nd quarter,5:48.0,Brent Barry,SEA,True,2-pointer,19,41-42,'LAL',trails
32,32,32,200204150LAL,29.1,16.2,2nd quarter,5:06.0,Jerome James,SEA,True,2-pointer,12,43-44,'LAL',trails
33,33,33,200204150LAL,14.2,19.1,2nd quarter,4:35.0,Earl Watson,SEA,True,2-pointer,17,45-46,'LAL',trails
34,34,34,200204150LAL,20.7,15.8,2nd quarter,4:02.0,Vin Baker,SEA,False,2-pointer,11,45-49,'LAL',trails
35,35,35,200204150LAL,7.0,5.0,2nd quarter,3:55.0,Gary Payton,SEA,False,2-pointer,17,45-49,'LAL',trails
36,36,36,200204150LAL,7.8,9.5,2nd quarter,3:28.0,Gary Payton,SEA,False,2-pointer,17,45-51,'LAL',trails
37,37,37,200204150LAL,19.2,7.1,2nd quarter,3:02.0,Vin Baker,SEA,False,2-pointer,5,45-53,'LAL',trails
38,38,38,200204150LAL,36.9,9.4,2nd quarter,2:59.0,Gary Payton,SEA,False,2-pointer,14,45-53,'LAL',trails
39,39,39,200204150LAL,24.1,14.1,2nd quarter,2:18.0,Ansu Sesay,SEA,False,2-pointer,9,46-55,'LAL',trails
40,40,40,200204150LAL,36.9,17.5,2nd quarter,2:08.0,Desmond Mason,SEA,True,2-pointer,18,48-55,'LAL',trails
41,41,41,200204150LAL,24.0,5.0,2nd quarter,1:37.0,Gary Payton,SEA,False,2-pointer,0,48-57,'LAL',trails
42,42,42,200204150LAL,31.3,24.8,2nd quarter,1:14.0,Desmond Mason,SEA,False,2-pointer,21,48-58,'LAL',trails
43,43,43,200204150LAL,10.6,19.1,2nd quarter,0:44.7,Ansu Sesay,SEA,True,2-pointer,19,52-60,'LAL',trails
44,44,44,200204150LAL,11.2,3.9,2nd quarter,0:25.0,Ansu Sesay,SEA,True,2-pointer,13,54-60,'LAL',trails
45,45,45,200204150LAL,24.0,5.0,2nd quarter,0:01.3,Brent Barry,SEA,False,2-pointer,0,54-60,'LAL',trails
46,46,46,200204150LAL,8.5,13.5,3rd quarter,11:45.0,Gary Payton,SEA,False,2-pointer,18,54-60,'LAL',trails
47,47,47,200204150LAL,24.0,5.0,3rd quarter,11:08.0,Jerome James,SEA,True,2-pointer,0,56-62,'LAL',trails
48,48,48,200204150LAL,24.0,5.0,3rd quarter,10:39.0,Jerome James,SEA,True,2-pointer,0,58-62,'LAL',trails
49,49,49,200204150LAL,10.6,28.2,3rd quarter,10:01.0,Vladimir Radmanović,SEA,False,3-pointer,27,58-64,'LAL',trails
50,50,50,200204150LAL,24.0,5.0,3rd quarter,9:33.0,Gary Payton,SEA,False,2-pointer,0,58-66,'LAL',trails
51,51,51,200204150LAL,24.0,5.0,3rd quarter,9:23.0,Jerome James,SEA,False,2-pointer,0,58-66,'LAL',trails
52,52,52,200204150LAL,39.9,6.1,3rd quarter,8:56.0,Desmond Mason,SEA,False,2-pointer,16,58-68,'LAL',trails
53,53,53,200204150LAL,21.3,11.8,3rd quarter,7:55.0,Desmond Mason,SEA,False,2-pointer,7,60-71,'LAL',trails
54,54,54,200204150LAL,37.8,25.5,3rd quarter,7:28.0,Brent Barry,SEA,False,3-pointer,25,60-73,'LAL',trails
55,55,55,200204150LAL,24.0,5.0,3rd quarter,7:06.0,Desmond Mason,SEA,False,2-pointer,0,60-73,'LAL',trails
56,56,56,200204150LAL,23.6,11.1,3rd quarter,6:40.0,Vladimir Radmanović,SEA,False,2-pointer,6,60-73,'LAL',trails
57,57,57,200204150LAL,41.4,9.0,3rd quarter,5:39.0,Predrag Drobnjak,SEA,True,2-pointer,18,62-77,'LAL',trails
58,58,58,200204150LAL,24.0,5.0,3rd quarter,5:09.0,Gary Payton,SEA,False,2-pointer,0,62-77,'LAL',trails
59,59,59,200204150LAL,24.0,5.0,3rd quarter,5:09.0,Ansu Sesay,SEA,False,2-pointer,0,62-77,'LAL',trails
60,60,60,200204150LAL,24.7,25.9,3rd quarter,4:23.0,Predrag Drobnjak,SEA,False,2-pointer,21,62-81,'LAL',trails
61,61,61,200204150LAL,16.9,14.7,3rd quarter,3:52.0,Predrag Drobnjak,SEA,True,2-pointer,12,64-83,'LAL',trails
62,62,62,200204150LAL,8.5,7.1,3rd quarter,2:34.0,Predrag Drobnjak,SEA,True,2-pointer,16,69-87,'LAL',trails
63,63,63,200204150LAL,24.0,5.0,3rd quarter,1:47.0,Gary Payton,SEA,True,2-pointer,0,71-90,'LAL',trails
64,64,64,200204150LAL,6.4,19.1,3rd quarter,1:22.0,Shammond Williams,SEA,True,2-pointer,23,73-90,'LAL',trails
65,65,65,200204150LAL,24.0,5.0,3rd quarter,0:00.8,Gary Payton,SEA,False,2-pointer,0,75-93,'LAL',trails
66,66,66,200204150LAL,24.0,5.0,3rd quarter,0:00.6,Vin Baker,SEA,False,2-pointer,0,75-93,'LAL',trails
67,67,67,200204150LAL,24.0,5.0,4th quarter,11:26.0,Predrag Drobnjak,SEA,True,2-pointer,0,77-93,'LAL',trails
68,68,68,200204150LAL,29.1,11.1,4th quarter,10:56.0,Gary Payton,SEA,True,2-pointer,8,79-93,'LAL',trails
69,69,69,200204150LAL,10.6,24.2,4th quarter,10:39.0,Shammond Williams,SEA,False,2-pointer,23,80-93,'LAL',trails
70,70,70,200204150LAL,46.2,16.8,4th quarter,10:05.0,Shammond Williams,SEA,False,3-pointer,25,80-93,'LAL',trails
71,71,71,200204150LAL,24.0,5.0,4th quarter,9:43.0,Desmond Mason,SEA,True,2-pointer,0,82-93,'LAL',trails
72,72,72,200204150LAL,14.2,6.5,4th quarter,9:07.0,Gary Payton,SEA,False,2-pointer,10,82-95,'LAL',trails
73,73,73,200204150LAL,37.8,3.9,4th quarter,8:32.0,Predrag Drobnjak,SEA,False,2-pointer,14,82-95,'LAL',trails
74,74,74,200204150LAL,24.0,5.0,4th quarter,8:29.0,Vin Baker,SEA,True,2-pointer,0,84-95,'LAL',trails
75,75,75,200204150LAL,35.5,19.1,4th quarter,8:02.0,Predrag Drobnjak,SEA,True,2-pointer,18,86-95,'LAL',trails
76,76,76,200204150LAL,24.0,5.0,4th quarter,7:24.0,Desmond Mason,SEA,True,2-pointer,0,88-98,'LAL',trails
77,77,77,200204150LAL,24.0,5.0,4th quarter,6:42.0,Predrag Drobnjak,SEA,False,2-pointer,0,88-98,'LAL',trails
78,78,78,200204150LAL,10.6,27.6,4th quarter,5:56.0,Shammond Williams,SEA,False,3-pointer,26,90-100,'LAL',trails
79,79,79,200204150LAL,3.4,14.1,4th quarter,5:32.0,Desmond Mason,SEA,False,2-pointer,23,90-102,'LAL',trails
80,80,80,200204150LAL,16.9,7.1,4th quarter,4:18.0,Predrag Drobnjak,SEA,False,2-pointer,7,90-106,'LAL',trails
81,81,81,200204150LAL,36.9,3.5,4th quarter,3:01.0,Desmond Mason,SEA,True,2-pointer,13,93-110,'LAL',trails
82,82,82,200204150LAL,18.4,17.5,4th quarter,2:31.0,Vin Baker,SEA,True,2-pointer,14,95-111,'LAL',trails
83,83,83,200204150LAL,34.8,14.7,4th quarter,1:58.0,Shammond Williams,SEA,True,2-pointer,15,97-111,'LAL',trails
84,84,84,200204150LAL,46.2,4.6,4th quarter,1:32.0,Vladimir Radmanović,SEA,True,3-pointer,22,100-111,'LAL',trails
85,85,85,200204150LAL,16.9,16.8,4th quarter,0:53.8,Earl Watson,SEA,True,2-pointer,14,102-111,'LAL',trails
86,86,86,200204150LAL,8.5,25.9,1st quarter,11:03.0,Derek Fisher,LAL,True,3-pointer,26,3-2,'LAL',leads
87,87,87,200204150LAL,37.8,19.8,1st quarter,10:34.0,Derek Fisher,LAL,True,2-pointer,20,5-2,'LAL',leads
88,88,88,200204150LAL,16.3,6.1,1st quarter,9:59.0,Shaquille O'Neal,LAL,True,2-pointer,8,7-4,'LAL',leads
89,89,89,200204150LAL,24.0,5.0,1st quarter,9:25.0,Samaki Walker,LAL,True,2-pointer,0,9-6,'LAL',leads
90,90,90,200204150LAL,24.1,11.1,1st quarter,8:01.0,Shaquille O'Neal,LAL,True,2-pointer,6,13-9,'LAL',leads
91,91,91,200204150LAL,24.0,5.0,1st quarter,7:28.0,Shaquille O'Neal,LAL,False,2-pointer,0,13-9,'LAL',leads
92,92,92,200204150LAL,24.0,5.0,1st quarter,6:43.0,Shaquille O'Neal,LAL,True,2-pointer,0,15-13,'LAL',leads
93,93,93,200204150LAL,24.0,5.0,1st quarter,6:15.0,Samaki Walker,LAL,True,2-pointer,0,17-13,'LAL',leads
94,94,94,200204150LAL,39.9,24.8,1st quarter,5:43.0,Kobe Bryant,LAL,False,3-pointer,25,17-15,'LAL',leads
95,95,95,200204150LAL,10.6,26.5,1st quarter,4:41.0,Rick Fox,LAL,False,3-pointer,25,20-17,'LAL',leads
96,96,96,200204150LAL,24.0,5.0,1st quarter,4:07.0,Shaquille O'Neal,LAL,True,2-pointer,0,22-19,'LAL',leads
97,97,97,200204150LAL,24.0,5.0,1st quarter,3:32.0,Samaki Walker,LAL,True,2-pointer,0,24-19,'LAL',leads
98,98,98,200204150LAL,15.6,16.2,1st quarter,2:48.0,Derek Fisher,LAL,False,2-pointer,14,24-21,'LAL',leads
99,99,99,200204150LAL,30.4,21.9,1st quarter,1:46.0,Devean George,LAL,False,2-pointer,18,26-24,'LAL',leads
100,100,100,200204150LAL,24.0,5.0,1st quarter,1:44.0,Samaki Walker,LAL,True,2-pointer,0,28-24,'LAL',leads
101,101,101,200204150LAL,16.3,23.1,1st quarter,1:08.0,Derek Fisher,LAL,False,2-pointer,20,28-27,'LAL',leads
102,102,102,200204150LAL,37.8,25.9,1st quarter,0:42.6,Robert Horry,LAL,False,3-pointer,25,28-29,'LAL',trails
103,103,103,200204150LAL,11.2,29.3,2nd quarter,10:50.0,Lindsey Hunter,LAL,False,3-pointer,27,28-31,'LAL',trails
104,104,104,200204150LAL,24.0,5.0,2nd quarter,10:45.0,Brian Shaw,LAL,True,2-pointer,0,30-31,'LAL',trails
105,105,105,200204150LAL,24.0,5.0,2nd quarter,10:10.0,Samaki Walker,LAL,True,2-pointer,0,32-31,'LAL',leads
106,106,106,200204150LAL,7.8,5.0,2nd quarter,9:39.0,Brian Shaw,LAL,True,2-pointer,16,34-33,'LAL',leads
107,107,107,200204150LAL,24.0,5.0,2nd quarter,9:20.0,Robert Horry,LAL,False,2-pointer,0,34-33,'LAL',leads
108,108,108,200204150LAL,22.2,9.5,2nd quarter,8:55.0,Shaquille O'Neal,LAL,True,2-pointer,5,36-33,'LAL',leads
109,109,109,200204150LAL,23.6,11.8,2nd quarter,8:33.0,Shaquille O'Neal,LAL,True,2-pointer,7,39-35,'LAL',leads
110,110,110,200204150LAL,29.1,29.9,2nd quarter,7:32.0,Lindsey Hunter,LAL,False,3-pointer,25,39-37,'LAL',leads
111,111,111,200204150LAL,-0.2,6.5,2nd quarter,6:50.0,Robert Horry,LAL,False,3-pointer,24,39-39,'LAL',tied
112,112,112,200204150LAL,24.0,5.0,2nd quarter,6:01.0,Shaquille O'Neal,LAL,True,2-pointer,0,42-39,'LAL',leads
113,113,113,200204150LAL,24.0,5.0,2nd quarter,5:29.0,Shaquille O'Neal,LAL,True,2-pointer,0,44-41,'LAL',leads
114,114,114,200204150LAL,24.0,5.0,2nd quarter,4:48.0,Shaquille O'Neal,LAL,True,2-pointer,0,46-43,'LAL',leads
115,115,115,200204150LAL,46.2,4.6,2nd quarter,4:28.0,Devean George,LAL,True,3-pointer,22,49-45,'LAL',leads
116,116,116,200204150LAL,27.7,10.7,2nd quarter,3:19.0,Shaquille O'Neal,LAL,False,2-pointer,7,51-45,'LAL',leads
117,117,117,200204150LAL,24.0,5.0,2nd quarter,3:16.0,Rick Fox,LAL,True,2-pointer,0,53-45,'LAL',leads
118,118,118,200204150LAL,24.0,5.0,2nd quarter,2:46.0,Kobe Bryant,LAL,True,2-pointer,0,55-46,'LAL',leads
119,119,119,200204150LAL,24.0,5.0,2nd quarter,0:53.8,Rick Fox,LAL,True,2-pointer,0,60-50,'LAL',leads
120,120,120,200204150LAL,38.4,25.5,2nd quarter,0:35.9,Derek Fisher,LAL,False,3-pointer,25,60-52,'LAL',leads
121,121,121,200204150LAL,23.6,11.1,2nd quarter,0:07.8,Shaquille O'Neal,LAL,False,2-pointer,6,60-54,'LAL',leads
122,122,122,200204150LAL,24.0,5.0,3rd quarter,11:27.0,Shaquille O'Neal,LAL,True,2-pointer,0,62-54,'LAL',leads
123,123,123,200204150LAL,31.9,12.2,3rd quarter,10:52.0,Kobe Bryant,LAL,False,2-pointer,11,62-56,'LAL',leads
124,124,124,200204150LAL,24.0,5.0,3rd quarter,10:20.0,Kobe Bryant,LAL,True,2-pointer,0,64-58,'LAL',leads
125,125,125,200204150LAL,21.3,15.1,3rd quarter,9:50.0,Kobe Bryant,LAL,False,2-pointer,10,64-58,'LAL',leads
126,126,126,200204150LAL,24.0,5.0,3rd quarter,9:48.0,Kobe Bryant,LAL,False,2-pointer,0,64-58,'LAL',leads
127,127,127,200204150LAL,24.0,5.0,3rd quarter,9:46.0,Shaquille O'Neal,LAL,True,2-pointer,0,66-58,'LAL',leads
128,128,128,200204150LAL,11.2,11.8,3rd quarter,9:16.0,Derek Fisher,LAL,True,2-pointer,14,68-58,'LAL',leads
129,129,129,200204150LAL,5.5,23.6,3rd quarter,8:37.0,Derek Fisher,LAL,True,3-pointer,26,71-60,'LAL',leads
130,130,130,200204150LAL,22.8,16.8,3rd quarter,8:11.0,Samaki Walker,LAL,False,2-pointer,12,71-60,'LAL',leads
131,131,131,200204150LAL,22.8,14.1,3rd quarter,7:44.0,Shaquille O'Neal,LAL,True,2-pointer,9,73-60,'LAL',leads
132,132,132,200204150LAL,32.5,7.8,3rd quarter,6:59.0,Kobe Bryant,LAL,False,2-pointer,9,73-60,'LAL',leads
133,133,133,200204150LAL,36.3,19.8,3rd quarter,6:24.0,Kobe Bryant,LAL,True,2-pointer,19,75-60,'LAL',leads
134,134,134,200204150LAL,24.0,5.0,3rd quarter,6:02.0,Shaquille O'Neal,LAL,True,2-pointer,0,77-60,'LAL',leads
135,135,135,200204150LAL,24.0,5.0,3rd quarter,5:19.0,Samaki Walker,LAL,False,2-pointer,0,77-62,'LAL',leads
136,136,136,200204150LAL,26.2,10.7,3rd quarter,5:15.0,Samaki Walker,LAL,False,2-pointer,6,77-62,'LAL',leads
137,137,137,200204150LAL,22.8,15.1,3rd quarter,5:02.0,Rick Fox,LAL,True,2-pointer,10,79-62,'LAL',leads
138,138,138,200204150LAL,24.0,5.0,3rd quarter,4:41.0,Kobe Bryant,LAL,True,2-pointer,0,81-62,'LAL',leads
139,139,139,200204150LAL,24.1,23.1,3rd quarter,4:16.0,Kobe Bryant,LAL,True,2-pointer,18,83-62,'LAL',leads
140,140,140,200204150LAL,31.9,21.9,3rd quarter,3:33.0,Kobe Bryant,LAL,False,2-pointer,19,83-64,'LAL',leads
141,141,141,200204150LAL,46.2,5.0,3rd quarter,2:09.0,Kobe Bryant,LAL,True,3-pointer,22,90-69,'LAL',leads
142,142,142,200204150LAL,10.6,28.2,3rd quarter,1:34.0,Kobe Bryant,LAL,False,3-pointer,27,90-71,'LAL',leads
143,143,143,200204150LAL,24.1,9.5,3rd quarter,1:30.0,Rick Fox,LAL,False,2-pointer,5,90-71,'LAL',leads
144,144,144,200204150LAL,29.1,13.5,3rd quarter,1:03.0,Stanislav Medvedenko,LAL,False,2-pointer,10,90-73,'LAL',leads
145,145,145,200204150LAL,24.0,5.0,3rd quarter,0:35.4,Rick Fox,LAL,True,2-pointer,0,93-73,'LAL',leads
146,146,146,200204150LAL,28.3,21.9,4th quarter,11:42.0,Derek Fisher,LAL,False,2-pointer,17,93-75,'LAL',leads
147,147,147,200204150LAL,29.8,13.5,4th quarter,11:08.0,Robert Horry,LAL,False,2-pointer,10,93-77,'LAL',leads
148,148,148,200204150LAL,14.2,19.8,4th quarter,10:46.0,Stanislav Medvedenko,LAL,False,2-pointer,18,93-80,'LAL',leads
149,149,149,200204150LAL,11.2,20.2,4th quarter,9:49.0,Robert Horry,LAL,False,2-pointer,20,93-80,'LAL',leads
150,150,150,200204150LAL,31.9,7.8,4th quarter,9:18.0,Devean George,LAL,True,2-pointer,8,95-82,'LAL',leads
151,151,151,200204150LAL,34.8,21.9,4th quarter,8:46.0,Brian Shaw,LAL,False,2-pointer,20,95-82,'LAL',leads
152,152,152,200204150LAL,9.1,16.2,4th quarter,8:15.0,Stanislav Medvedenko,LAL,False,2-pointer,19,95-84,'LAL',leads
153,153,153,200204150LAL,22.8,30.9,4th quarter,7:40.0,Brian Shaw,LAL,True,3-pointer,26,98-86,'LAL',leads
154,154,154,200204150LAL,31.9,22.5,4th quarter,6:58.0,Kobe Bryant,LAL,False,2-pointer,19,98-88,'LAL',leads
155,155,155,200204150LAL,24.0,5.0,4th quarter,5:49.0,Kobe Bryant,LAL,True,2-pointer,0,102-90,'LAL',leads
156,156,156,200204150LAL,36.3,3.9,4th quarter,5:17.0,Kobe Bryant,LAL,False,2-pointer,12,102-90,'LAL',leads
157,157,157,200204150LAL,24.0,5.0,4th quarter,5:13.0,Shaquille O'Neal,LAL,True,2-pointer,0,104-90,'LAL',leads
158,158,158,200204150LAL,23.6,11.8,4th quarter,4:39.0,Shaquille O'Neal,LAL,True,2-pointer,7,106-90,'LAL',leads
159,159,159,200204150LAL,24.0,5.0,4th quarter,3:24.0,Shaquille O'Neal,LAL,True,2-pointer,0,110-91,'LAL',leads
160,160,160,200204150LAL,12.1,9.5,4th quarter,2:07.0,Shaquille O'Neal,LAL,False,2-pointer,13,111-95,'LAL',leads
161,161,161,200204150LAL,11.2,28.8,4th quarter,1:42.0,Brian Shaw,LAL,False,3-pointer,27,111-97,'LAL',leads
162,162,162,200204150LAL,24.0,5.0,4th quarter,1:11.0,Shaquille O'Neal,LAL,False,2-pointer,0,111-100,'LAL',leads
163,163,163,200204150LAL,14.8,7.1,4th quarter,1:07.0,Brian Shaw,LAL,False,2-pointer,9,111-100,'LAL',leads
164,164,164,200204150LAL,33.4,6.1,4th quarter,0:36.4,Mark Madsen,LAL,False,2-pointer,9,111-103,'LAL',leads
165,165,165,200204150LAL,24.0,5.0,4th quarter,0:32.7,Stanislav Medvedenko,LAL,False,2-pointer,0,111-103,'LAL',leads
166,166,166,200204150MIN,39.5,3.7,1st quarter,11:42.0,Tony Battie,BOS,False,2-pointer,16,0-0,'BOS',tied
167,167,167,200204150MIN,1.9,17.5,1st quarter,10:56.0,Antoine Walker,BOS,True,3-pointer,25,3-2,'BOS',leads
168,168,168,200204150MIN,24.0,5.0,1st quarter,10:19.0,Tony Battie,BOS,True,2-pointer,0,5-2,'BOS',leads
169,169,169,200204150MIN,3.4,4.4,1st quarter,9:53.0,Paul Pierce,BOS,False,2-pointer,21,5-4,'BOS',leads
170,170,170,200204150MIN,9.9,20.4,1st quarter,8:22.0,Antoine Walker,BOS,True,2-pointer,21,7-4,'BOS',leads
171,171,171,200204150MIN,27.0,22.7,1st quarter,7:47.0,Paul Pierce,BOS,True,2-pointer,18,9-6,'BOS',leads
172,172,172,200204150MIN,4.9,8.8,1st quarter,7:03.0,Paul Pierce,BOS,True,2-pointer,19,11-6,'BOS',leads
173,173,173,200204150MIN,33.6,27.4,1st quarter,6:34.0,Paul Pierce,BOS,True,3-pointer,24,14-8,'BOS',leads
174,174,174,200204150MIN,38.0,25.7,1st quarter,6:14.0,Paul Pierce,BOS,True,3-pointer,25,17-8,'BOS',leads
175,175,175,200204150MIN,44.3,18.1,1st quarter,5:09.0,Antoine Walker,BOS,False,3-pointer,24,18-10,'BOS',leads
176,176,176,200204150MIN,24.0,5.0,1st quarter,4:12.0,Tony Battie,BOS,True,2-pointer,0,21-12,'BOS',leads
177,177,177,200204150MIN,24.0,5.0,1st quarter,3:44.0,Erick Strickland,BOS,False,2-pointer,0,21-12,'BOS',leads
178,178,178,200204150MIN,39.5,25.0,1st quarter,3:39.0,Erick Strickland,BOS,False,3-pointer,25,21-12,'BOS',leads
179,179,179,200204150MIN,24.0,5.0,1st quarter,2:14.0,Antoine Walker,BOS,True,2-pointer,0,23-14,'BOS',leads
180,180,180,200204150MIN,32.3,7.6,1st quarter,1:41.0,Paul Pierce,BOS,False,2-pointer,9,23-17,'BOS',leads
181,181,181,200204150MIN,33.6,17.5,1st quarter,1:24.0,Erick Strickland,BOS,False,2-pointer,16,23-17,'BOS',leads
182,182,182,200204150MIN,24.0,5.0,1st quarter,0:56.5,Rodney Rogers,BOS,True,2-pointer,0,25-19,'BOS',leads
183,183,183,200204150MIN,24.0,5.0,1st quarter,0:02.0,Paul Pierce,BOS,False,2-pointer,0,26-19,'BOS',leads
184,184,184,200204150MIN,47.3,4.4,2nd quarter,11:13.0,Rodney Rogers,BOS,False,3-pointer,23,26-19,'BOS',leads
185,185,185,200204150MIN,40.1,14.5,2nd quarter,10:46.0,Antoine Walker,BOS,False,2-pointer,19,26-19,'BOS',leads
186,186,186,200204150MIN,24.0,5.0,2nd quarter,10:09.0,Rodney Rogers,BOS,False,2-pointer,0,26-19,'BOS',leads
187,187,187,200204150MIN,29.4,9.5,2nd quarter,10:06.0,Vitaly Potapenko,BOS,True,2-pointer,7,28-19,'BOS',leads
188,188,188,200204150MIN,24.0,5.0,2nd quarter,9:05.0,Antoine Walker,BOS,True,2-pointer,0,31-19,'BOS',leads
189,189,189,200204150MIN,7.0,22.7,2nd quarter,8:31.0,Rodney Rogers,BOS,False,3-pointer,25,31-21,'BOS',leads
190,190,190,200204150MIN,24.0,5.0,2nd quarter,8:07.0,Rodney Rogers,BOS,False,2-pointer,0,31-21,'BOS',leads
191,191,191,200204150MIN,24.0,5.0,2nd quarter,8:05.0,Tony Delk,BOS,True,2-pointer,0,33-21,'BOS',leads
192,192,192,200204150MIN,25.6,24.4,2nd quarter,7:14.0,Vitaly Potapenko,BOS,False,2-pointer,19,33-23,'BOS',leads
193,193,193,200204150MIN,1.3,15.8,2nd quarter,6:32.0,Paul Pierce,BOS,False,3-pointer,25,33-25,'BOS',leads
194,194,194,200204150MIN,24.0,5.0,2nd quarter,5:50.0,Vitaly Potapenko,BOS,True,2-pointer,0,35-25,'BOS',leads
195,195,195,200204150MIN,40.7,4.4,2nd quarter,4:39.0,Tony Battie,BOS,False,2-pointer,17,35-29,'BOS',leads
196,196,196,200204150MIN,26.2,12.4,2nd quarter,3:51.0,Eric Williams,BOS,False,2-pointer,8,35-30,'BOS',leads
197,197,197,200204150MIN,24.0,5.0,2nd quarter,3:48.0,Eric Williams,BOS,False,2-pointer,0,35-30,'BOS',leads
198,198,198,200204150MIN,16.5,12.4,2nd quarter,3:13.0,Paul Pierce,BOS,True,2-pointer,11,37-32,'BOS',leads
199,199,199,200204150MIN,24.0,5.0,2nd quarter,2:38.0,Antoine Walker,BOS,False,2-pointer,0,37-32,'BOS',leads
200,200,200,200204150MIN,10.6,26.7,2nd quarter,2:32.0,Antoine Walker,BOS,False,3-pointer,26,37-32,'BOS',leads
201,201,201,200204150MIN,24.0,5.0,2nd quarter,2:06.0,Paul Pierce,BOS,True,2-pointer,0,39-34,'BOS',leads
202,202,202,200204150MIN,7.6,2.7,2nd quarter,1:27.0,Antoine Walker,BOS,False,2-pointer,17,39-34,'BOS',leads
203,203,203,200204150MIN,41.6,22.7,2nd quarter,0:03.8,Antoine Walker,BOS,False,3-pointer,25,40-41,'BOS',trails
204,204,204,200204150MIN,24.0,5.0,3rd quarter,11:32.0,Kenny Anderson,BOS,True,2-pointer,0,42-43,'BOS',trails
205,205,205,200204150MIN,24.0,5.0,3rd quarter,11:06.0,Kenny Anderson,BOS,True,2-pointer,0,44-43,'BOS',leads
206,206,206,200204150MIN,32.9,18.1,3rd quarter,10:26.0,Tony Battie,BOS,True,2-pointer,16,46-46,'BOS',tied
207,207,207,200204150MIN,0.5,3.7,3rd quarter,9:47.0,Eric Williams,BOS,True,3-pointer,24,49-48,'BOS',leads
208,208,208,200204150MIN,15.6,19.8,3rd quarter,9:23.0,Tony Battie,BOS,True,2-pointer,17,51-48,'BOS',leads
209,209,209,200204150MIN,27.7,8.8,3rd quarter,7:40.0,Eric Williams,BOS,False,2-pointer,5,51-52,'BOS',trails
210,210,210,200204150MIN,24.0,5.0,3rd quarter,7:38.0,Tony Battie,BOS,True,2-pointer,0,53-52,'BOS',leads
211,211,211,200204150MIN,24.0,5.0,3rd quarter,6:56.0,Tony Battie,BOS,True,2-pointer,0,55-54,'BOS',leads
212,212,212,200204150MIN,24.0,5.0,3rd quarter,6:31.0,Paul Pierce,BOS,True,2-pointer,0,57-54,'BOS',leads
213,213,213,200204150MIN,24.0,5.0,3rd quarter,6:04.0,Antoine Walker,BOS,True,2-pointer,0,60-54,'BOS',leads
214,214,214,200204150MIN,28.5,9.9,3rd quarter,5:18.0,Paul Pierce,BOS,False,2-pointer,7,60-54,'BOS',leads
215,215,215,200204150MIN,39.5,18.1,3rd quarter,4:11.0,Kenny Anderson,BOS,True,2-pointer,20,64-58,'BOS',leads
216,216,216,200204150MIN,40.7,2.1,3rd quarter,3:30.0,Vitaly Potapenko,BOS,False,2-pointer,17,64-61,'BOS',leads
217,217,217,200204150MIN,18.0,9.9,3rd quarter,3:07.0,Vitaly Potapenko,BOS,False,2-pointer,8,64-61,'BOS',leads
218,218,218,200204150MIN,41.6,15.1,3rd quarter,2:33.0,Rodney Rogers,BOS,True,2-pointer,20,66-61,'BOS',leads
219,219,219,200204150MIN,24.0,5.0,3rd quarter,1:06.0,Rodney Rogers,BOS,True,2-pointer,0,70-62,'BOS',leads
220,220,220,200204150MIN,38.6,15.8,3rd quarter,0:14.7,Kenny Anderson,BOS,True,2-pointer,18,72-63,'BOS',leads
221,221,221,200204150MIN,24.0,5.0,4th quarter,11:49.0,Vitaly Potapenko,BOS,True,2-pointer,0,74-65,'BOS',leads
222,222,222,200204150MIN,32.9,22.7,4th quarter,11:12.0,Kenny Anderson,BOS,False,2-pointer,20,74-67,'BOS',leads
223,223,223,200204150MIN,24.0,5.0,4th quarter,10:46.0,Paul Pierce,BOS,True,2-pointer,0,76-69,'BOS',leads
224,224,224,200204150MIN,24.0,5.0,4th quarter,10:16.0,Kenny Anderson,BOS,True,2-pointer,0,78-69,'BOS',leads
225,225,225,200204150MIN,0.5,2.1,4th quarter,9:36.0,Rodney Rogers,BOS,True,3-pointer,24,81-71,'BOS',leads
226,226,226,200204150MIN,19.2,29.1,4th quarter,8:16.0,Erick Strickland,BOS,False,3-pointer,25,83-73,'BOS',leads
227,227,227,200204150MIN,5.5,22.1,4th quarter,6:55.0,Paul Pierce,BOS,False,3-pointer,25,83-75,'BOS',leads
228,228,228,200204150MIN,24.0,5.0,4th quarter,5:14.0,Tony Battie,BOS,False,2-pointer,0,83-81,'BOS',leads
229,229,229,200204150MIN,24.0,5.0,4th quarter,5:08.0,Tony Battie,BOS,True,2-pointer,0,85-81,'BOS',leads
230,230,230,200204150MIN,24.0,5.0,4th quarter,4:47.0,Paul Pierce,BOS,True,2-pointer,0,87-84,'BOS',leads
231,231,231,200204150MIN,42.2,21.0,4th quarter,4:14.0,Paul Pierce,BOS,False,3-pointer,24,87-86,'BOS',leads
232,232,232,200204150MIN,24.0,5.0,4th quarter,3:46.0,Antoine Walker,BOS,False,2-pointer,0,87-86,'BOS',leads
233,233,233,200204150MIN,45.2,16.4,4th quarter,3:33.0,Antoine Walker,BOS,False,3-pointer,24,87-86,'BOS',leads
234,234,234,200204150MIN,24.0,5.0,4th quarter,3:32.0,Rodney Rogers,BOS,True,2-pointer,0,89-86,'BOS',leads
235,235,235,200204150MIN,40.7,23.4,4th quarter,2:55.0,Kenny Anderson,BOS,False,3-pointer,25,89-86,'BOS',leads
236,236,236,200204150MIN,36.5,20.4,4th quarter,2:26.0,Paul Pierce,BOS,True,2-pointer,20,91-88,'BOS',leads
237,237,237,200204150MIN,35.0,3.7,4th quarter,1:28.0,Tony Battie,BOS,False,2-pointer,11,91-90,'BOS',leads
238,238,238,200204150MIN,6.2,3.7,4th quarter,0:48.9,Paul Pierce,BOS,False,2-pointer,18,91-90,'BOS',leads
239,239,239,200204150MIN,38.6,3.3,1st quarter,11:21.0,Rasho Nesterović,MIN,True,2-pointer,15,2-0,'BOS',leads
240,240,240,200204150MIN,41.6,14.1,1st quarter,11:04.0,Wally Szczerbiak,MIN,False,2-pointer,20,2-0,'BOS',leads
241,241,241,200204150MIN,36.5,8.2,1st quarter,10:33.0,Kevin Garnett,MIN,False,2-pointer,13,2-3,'BOS',trails
242,242,242,200204150MIN,27.0,16.8,1st quarter,9:33.0,Joe Smith,MIN,False,2-pointer,12,4-5,'BOS',trails
243,243,243,200204150MIN,24.0,5.0,1st quarter,9:21.0,Chauncey Billups,MIN,False,2-pointer,0,4-5,'BOS',trails
244,244,244,200204150MIN,41.6,5.0,1st quarter,9:11.0,Chauncey Billups,MIN,False,2-pointer,18,4-5,'BOS',trails
245,245,245,200204150MIN,46.6,2.1,1st quarter,8:42.0,Wally Szczerbiak,MIN,False,3-pointer,23,4-5,'BOS',trails
246,246,246,200204150MIN,43.7,2.1,1st quarter,8:05.0,Wally Szczerbiak,MIN,True,2-pointer,20,6-7,'BOS',trails
247,247,247,200204150MIN,12.1,4.4,1st quarter,7:24.0,Rasho Nesterović,MIN,False,2-pointer,12,6-9,'BOS',trails
248,248,248,200204150MIN,9.9,3.3,1st quarter,7:22.0,Kevin Garnett,MIN,False,2-pointer,14,6-9,'BOS',trails
249,249,249,200204150MIN,43.7,12.4,1st quarter,6:51.0,Wally Szczerbiak,MIN,True,2-pointer,21,8-11,'BOS',trails
250,250,250,200204150MIN,28.5,13.5,1st quarter,5:52.0,Kevin Garnett,MIN,True,2-pointer,10,10-17,'BOS',trails
251,251,251,200204150MIN,30.8,9.5,1st quarter,4:53.0,Rasho Nesterović,MIN,True,2-pointer,8,12-18,'BOS',trails
252,252,252,200204150MIN,18.6,15.1,1st quarter,4:21.0,Wally Szczerbiak,MIN,False,2-pointer,11,12-19,'BOS',trails
253,253,253,200204150MIN,20.1,13.5,1st quarter,3:51.0,Rasho Nesterović,MIN,False,2-pointer,9,12-21,'BOS',trails
254,254,254,200204150MIN,24.0,5.0,1st quarter,3:20.0,Wally Szczerbiak,MIN,False,2-pointer,0,12-21,'BOS',trails
255,255,255,200204150MIN,16.5,8.2,1st quarter,3:06.0,Wally Szczerbiak,MIN,True,2-pointer,8,14-21,'BOS',trails
256,256,256,200204150MIN,40.1,14.5,1st quarter,2:35.0,Joe Smith,MIN,False,2-pointer,19,14-21,'BOS',trails
257,257,257,200204150MIN,24.0,5.0,1st quarter,2:29.0,Kevin Garnett,MIN,False,2-pointer,0,14-21,'BOS',trails
258,258,258,200204150MIN,44.3,17.5,1st quarter,1:54.0,Wally Szczerbiak,MIN,True,3-pointer,24,17-23,'BOS',trails
259,259,259,200204150MIN,43.1,14.5,1st quarter,1:34.0,Wally Szczerbiak,MIN,False,2-pointer,21,17-23,'BOS',trails
260,260,260,200204150MIN,31.5,19.8,1st quarter,1:14.0,Marc Jackson,MIN,True,2-pointer,17,19-23,'BOS',trails
261,261,261,200204150MIN,4.9,9.5,1st quarter,0:36.9,Kevin Garnett,MIN,False,2-pointer,20,19-26,'BOS',trails
262,262,262,200204150MIN,27.7,23.4,1st quarter,0:24.9,Marc Jackson,MIN,False,2-pointer,19,19-26,'BOS',trails
263,263,263,200204150MIN,40.7,15.1,2nd quarter,11:43.0,Gary Trent,MIN,False,2-pointer,20,19-26,'BOS',trails
264,264,264,200204150MIN,9.1,6.5,2nd quarter,11:38.0,Kevin Garnett,MIN,False,2-pointer,15,19-26,'BOS',trails
265,265,265,200204150MIN,43.7,8.8,2nd quarter,10:21.0,Robert Pack,MIN,False,2-pointer,20,19-26,'BOS',trails
266,266,266,200204150MIN,15.0,19.1,2nd quarter,9:47.0,Marc Jackson,MIN,False,2-pointer,17,19-28,'BOS',trails
267,267,267,200204150MIN,10.6,15.8,2nd quarter,9:18.0,Anthony Peeler,MIN,False,2-pointer,17,19-29,'BOS',trails
268,268,268,200204150MIN,25.6,13.5,2nd quarter,8:50.0,Anthony Peeler,MIN,True,2-pointer,9,21-31,'BOS',trails
269,269,269,200204150MIN,28.5,9.9,2nd quarter,8:17.0,Marc Jackson,MIN,False,2-pointer,7,21-31,'BOS',trails
270,270,270,200204150MIN,34.4,9.5,2nd quarter,7:46.0,Anthony Peeler,MIN,False,2-pointer,11,21-33,'BOS',trails
271,271,271,200204150MIN,24.0,5.0,2nd quarter,7:43.0,Marc Jackson,MIN,True,2-pointer,0,23-33,'BOS',trails
272,272,272,200204150MIN,43.1,11.1,2nd quarter,7:04.0,Sam Mitchell,MIN,False,2-pointer,20,23-33,'BOS',trails
273,273,273,200204150MIN,18.0,9.5,2nd quarter,6:58.0,Sam Mitchell,MIN,False,2-pointer,8,23-33,'BOS',trails
274,274,274,200204150MIN,24.0,5.0,2nd quarter,6:55.0,Rasho Nesterović,MIN,True,2-pointer,0,25-33,'BOS',trails
275,275,275,200204150MIN,5.5,22.7,2nd quarter,6:11.0,Anthony Peeler,MIN,False,3-pointer,26,25-33,'BOS',trails
276,276,276,200204150MIN,19.2,25.7,2nd quarter,5:35.0,Sam Mitchell,MIN,True,2-pointer,21,27-35,'BOS',trails
277,277,277,200204150MIN,5.5,2.7,2nd quarter,4:30.0,Anthony Peeler,MIN,False,2-pointer,19,29-35,'BOS',trails
278,278,278,200204150MIN,41.6,4.4,2nd quarter,4:27.0,Chauncey Billups,MIN,False,2-pointer,18,29-35,'BOS',trails
279,279,279,200204150MIN,2.6,2.7,2nd quarter,3:41.0,Wally Szczerbiak,MIN,True,2-pointer,22,32-35,'BOS',trails
280,280,280,200204150MIN,26.2,25.0,2nd quarter,3:01.0,Wally Szczerbiak,MIN,False,2-pointer,20,32-37,'BOS',trails
281,281,281,200204150MIN,18.0,28.4,2nd quarter,2:52.0,Wally Szczerbiak,MIN,False,3-pointer,24,32-37,'BOS',trails
282,282,282,200204150MIN,27.0,10.5,2nd quarter,2:25.0,Kevin Garnett,MIN,False,2-pointer,6,32-37,'BOS',trails
283,283,283,200204150MIN,24.0,5.0,2nd quarter,2:23.0,Kevin Garnett,MIN,True,2-pointer,0,34-37,'BOS',trails
284,284,284,200204150MIN,47.3,8.8,2nd quarter,1:16.0,Wally Szczerbiak,MIN,True,3-pointer,24,37-39,'BOS',trails
285,285,285,200204150MIN,24.0,5.0,2nd quarter,0:46.5,Chauncey Billups,MIN,False,2-pointer,0,37-39,'BOS',trails
286,286,286,200204150MIN,24.0,5.0,2nd quarter,0:45.5,Kevin Garnett,MIN,True,2-pointer,0,39-39,'BOS',tied
287,287,287,200204150MIN,24.0,5.0,2nd quarter,0:11.8,Kevin Garnett,MIN,True,2-pointer,0,41-40,'BOS',leads
288,288,288,200204150MIN,24.9,24.4,3rd quarter,11:46.0,Rasho Nesterović,MIN,True,2-pointer,19,43-40,'BOS',leads
289,289,289,200204150MIN,38.6,3.7,3rd quarter,11:17.0,Rasho Nesterović,MIN,False,2-pointer,15,43-42,'BOS',leads
290,290,290,200204150MIN,24.9,29.7,3rd quarter,10:42.0,Chauncey Billups,MIN,True,3-pointer,25,46-44,'BOS',leads
291,291,291,200204150MIN,26.2,11.8,3rd quarter,10:04.0,Wally Szczerbiak,MIN,False,2-pointer,7,46-46,'BOS',tied
292,292,292,200204150MIN,24.0,5.0,3rd quarter,10:02.0,Rasho Nesterović,MIN,True,2-pointer,0,48-46,'BOS',leads
293,293,293,200204150MIN,28.5,24.0,3rd quarter,9:33.0,Kevin Garnett,MIN,False,2-pointer,20,48-49,'BOS',trails
294,294,294,200204150MIN,38.0,16.8,3rd quarter,8:58.0,Kevin Garnett,MIN,True,2-pointer,18,50-51,'BOS',trails
295,295,295,200204150MIN,8.5,16.8,3rd quarter,7:21.0,Joe Smith,MIN,True,2-pointer,19,54-53,'BOS',leads
296,296,296,200204150MIN,7.6,3.7,3rd quarter,6:37.0,Kevin Garnett,MIN,False,2-pointer,16,54-55,'BOS',trails
297,297,297,200204150MIN,38.0,18.1,3rd quarter,6:17.0,Wally Szczerbiak,MIN,False,2-pointer,19,54-58,'BOS',trails
298,298,298,200204150MIN,3.4,18.5,3rd quarter,6:13.0,Chauncey Billups,MIN,False,3-pointer,25,54-58,'BOS',trails
299,299,299,200204150MIN,2.6,17.5,3rd quarter,5:33.0,Chauncey Billups,MIN,False,3-pointer,25,54-60,'BOS',trails
300,300,300,200204150MIN,19.2,9.9,3rd quarter,4:59.0,Kevin Garnett,MIN,True,2-pointer,7,56-60,'BOS',trails
301,301,301,200204150MIN,24.0,5.0,3rd quarter,4:30.0,Kevin Garnett,MIN,True,2-pointer,0,58-62,'BOS',trails
302,302,302,200204150MIN,4.0,18.5,3rd quarter,3:49.0,Robert Pack,MIN,True,3-pointer,24,61-64,'BOS',trails
303,303,303,200204150MIN,6.2,23.4,3rd quarter,3:16.0,Anthony Peeler,MIN,False,3-pointer,26,61-64,'BOS',trails
304,304,304,200204150MIN,25.6,15.1,3rd quarter,1:36.0,Robert Pack,MIN,False,2-pointer,10,62-66,'BOS',trails
305,305,305,200204150MIN,35.9,6.9,3rd quarter,0:40.7,Gary Trent,MIN,False,2-pointer,12,62-70,'BOS',trails
306,306,306,200204150MIN,7.6,16.4,3rd quarter,0:30.5,Marc Jackson,MIN,False,2-pointer,20,63-70,'BOS',trails
307,307,307,200204150MIN,40.7,17.5,3rd quarter,0:01.1,Robert Pack,MIN,True,2-pointer,21,65-72,'BOS',trails
308,308,308,200204150MIN,4.0,2.1,4th quarter,11:26.0,Anthony Peeler,MIN,True,2-pointer,20,67-74,'BOS',trails
309,309,309,200204150MIN,24.0,5.0,4th quarter,11:02.0,Gary Trent,MIN,True,2-pointer,0,69-74,'BOS',trails
310,310,310,200204150MIN,9.1,2.7,4th quarter,10:29.0,Kevin Garnett,MIN,False,2-pointer,15,69-76,'BOS',trails
311,311,311,200204150MIN,24.0,5.0,4th quarter,9:54.0,Gary Trent,MIN,True,2-pointer,0,71-78,'BOS',trails
312,312,312,200204150MIN,9.9,13.5,4th quarter,9:04.0,Kevin Garnett,MIN,False,2-pointer,16,71-81,'BOS',trails
313,313,313,200204150MIN,30.0,10.5,4th quarter,8:35.0,Kevin Garnett,MIN,True,2-pointer,8,73-83,'BOS',trails
314,314,314,200204150MIN,24.0,5.0,4th quarter,8:03.0,Rasho Nesterović,MIN,True,2-pointer,0,75-83,'BOS',trails
315,315,315,200204150MIN,47.3,3.3,4th quarter,7:13.0,Anthony Peeler,MIN,False,3-pointer,23,75-83,'BOS',trails
316,316,316,200204150MIN,24.0,5.0,4th quarter,6:40.0,Chauncey Billups,MIN,False,2-pointer,0,75-83,'BOS',trails
317,317,317,200204150MIN,3.4,11.1,4th quarter,5:49.0,Kevin Garnett,MIN,False,2-pointer,21,78-83,'BOS',trails
318,318,318,200204150MIN,41.6,22.1,4th quarter,4:59.0,Anthony Peeler,MIN,True,3-pointer,25,84-85,'BOS',trails
319,319,319,200204150MIN,24.0,5.0,4th quarter,4:34.0,Robert Pack,MIN,True,2-pointer,0,86-87,'BOS',trails
320,320,320,200204150MIN,38.6,25.0,4th quarter,4:02.0,Wally Szczerbiak,MIN,False,3-pointer,25,86-87,'BOS',trails
321,321,321,200204150MIN,38.0,26.1,4th quarter,3:40.0,Anthony Peeler,MIN,False,3-pointer,25,86-87,'BOS',trails
322,322,322,200204150MIN,9.9,5.9,4th quarter,3:14.0,Kevin Garnett,MIN,False,2-pointer,14,86-89,'BOS',trails
323,323,323,200204150MIN,23.6,30.3,4th quarter,2:02.0,Anthony Peeler,MIN,False,3-pointer,25,88-91,'BOS',trails
324,324,324,200204150MIN,46.6,7.6,4th quarter,1:10.0,Anthony Peeler,MIN,False,3-pointer,23,90-91,'BOS',trails
325,325,325,200204150MIN,15.6,22.1,4th quarter,0:07.7,Kevin Garnett,MIN,False,2-pointer,19,90-91,'BOS',trails
326,326,326,200204150MIN,24.1,29.1,4th quarter,0:00.6,Kevin Garnett,MIN,False,3-pointer,24,90-93,'BOS',trails
327,327,327,200204150PHI,36.7,15.8,1st quarter,11:23.0,Jalen Rose,CHI,False,2-pointer,17,0-2,'CHI',trails
328,328,328,200204150PHI,22.2,32.0,1st quarter,10:32.0,Jamal Crawford,CHI,False,3-pointer,27,0-2,'CHI',trails
329,329,329,200204150PHI,24.0,5.0,1st quarter,10:12.0,Tyson Chandler,CHI,True,2-pointer,0,2-2,'CHI',tied
330,330,330,200204150PHI,36.7,19.6,1st quarter,8:25.0,Jalen Rose,CHI,True,2-pointer,19,6-2,'CHI',leads
331,331,331,200204150PHI,9.9,13.0,1st quarter,8:00.0,Jamal Crawford,CHI,False,2-pointer,16,6-2,'CHI',leads
332,332,332,200204150PHI,39.5,7.1,1st quarter,7:00.0,Jalen Rose,CHI,False,2-pointer,16,7-6,'CHI',leads
333,333,333,200204150PHI,28.9,14.1,1st quarter,6:16.0,Jalen Rose,CHI,True,2-pointer,10,9-8,'CHI',leads
334,334,334,200204150PHI,24.0,5.0,1st quarter,5:39.0,Jalen Rose,CHI,True,2-pointer,0,11-9,'CHI',leads
335,335,335,200204150PHI,46.6,16.4,1st quarter,4:46.0,Jamal Crawford,CHI,False,3-pointer,25,12-11,'CHI',leads
336,336,336,200204150PHI,17.1,16.4,1st quarter,4:18.0,Jalen Rose,CHI,False,2-pointer,13,12-13,'CHI',trails
337,337,337,200204150PHI,24.1,8.2,1st quarter,3:51.0,Trenton Hassell,CHI,True,2-pointer,3,14-15,'CHI',trails
338,338,338,200204150PHI,32.5,15.8,1st quarter,2:38.0,Jalen Rose,CHI,False,2-pointer,14,15-19,'CHI',trails
339,339,339,200204150PHI,24.0,5.0,1st quarter,1:28.0,Jalen Rose,CHI,True,2-pointer,0,18-21,'CHI',trails
340,340,340,200204150PHI,24.0,5.0,1st quarter,0:53.8,Marcus Fizer,CHI,True,2-pointer,0,20-23,'CHI',trails
341,341,341,200204150PHI,25.4,13.0,1st quarter,0:26.5,Fred Hoiberg,CHI,False,2-pointer,8,20-23,'CHI',trails
342,342,342,200204150PHI,38.8,6.5,1st quarter,0:00.5,Jalen Rose,CHI,True,2-pointer,15,22-25,'CHI',trails
343,343,343,200204150PHI,24.0,5.0,2nd quarter,11:35.0,Marcus Fizer,CHI,True,2-pointer,0,24-25,'CHI',trails
344,344,344,200204150PHI,31.3,14.1,2nd quarter,10:23.0,Marcus Fizer,CHI,False,2-pointer,12,24-29,'CHI',trails
345,345,345,200204150PHI,24.0,5.0,2nd quarter,9:53.0,Norm Richardson,CHI,False,2-pointer,0,24-29,'CHI',trails
346,346,346,200204150PHI,24.0,5.0,2nd quarter,9:51.0,Dalibor Bagarić,CHI,True,2-pointer,0,26-29,'CHI',trails
347,347,347,200204150PHI,0.0,5.0,2nd quarter,9:33.0,Norm Richardson,CHI,True,3-pointer,24,29-29,'CHI',tied
348,348,348,200204150PHI,27.5,19.1,2nd quarter,7:00.0,Dalibor Bagarić,CHI,True,2-pointer,15,31-33,'CHI',trails
349,349,349,200204150PHI,36.1,27.8,2nd quarter,4:54.0,Jamal Crawford,CHI,True,3-pointer,26,34-41,'CHI',trails
350,350,350,200204150PHI,31.3,18.5,2nd quarter,4:19.0,Jalen Rose,CHI,True,2-pointer,15,36-43,'CHI',trails
351,351,351,200204150PHI,31.9,21.9,2nd quarter,3:47.0,Jalen Rose,CHI,True,2-pointer,19,38-46,'CHI',trails
352,352,352,200204150PHI,24.0,5.0,2nd quarter,3:17.0,Marcus Fizer,CHI,False,2-pointer,0,38-46,'CHI',trails
353,353,353,200204150PHI,39.5,6.1,2nd quarter,1:44.0,Jalen Rose,CHI,False,2-pointer,16,41-53,'CHI',trails
354,354,354,200204150PHI,29.8,29.3,2nd quarter,0:39.7,Jamal Crawford,CHI,True,3-pointer,25,46-55,'CHI',trails
355,355,355,200204150PHI,41.8,14.7,2nd quarter,0:00.0,Trenton Hassell,CHI,False,2-pointer,20,46-55,'CHI',trails
356,356,356,200204150PHI,13.5,5.0,3rd quarter,11:10.0,Jalen Rose,CHI,True,2-pointer,11,50-55,'CHI',trails
357,357,357,200204150PHI,24.0,5.0,3rd quarter,10:12.0,Tyson Chandler,CHI,False,2-pointer,0,52-55,'CHI',trails
358,358,358,200204150PHI,31.9,28.8,3rd quarter,9:58.0,Jalen Rose,CHI,False,3-pointer,25,52-55,'CHI',trails
359,359,359,200204150PHI,24.0,5.0,3rd quarter,9:48.0,Eddy Curry,CHI,True,2-pointer,0,54-55,'CHI',trails
360,360,360,200204150PHI,24.7,17.5,3rd quarter,8:39.0,Trenton Hassell,CHI,False,2-pointer,13,54-57,'CHI',trails
361,361,361,200204150PHI,17.1,5.0,3rd quarter,8:04.0,Tyson Chandler,CHI,True,2-pointer,7,56-57,'CHI',trails
362,362,362,200204150PHI,24.7,20.0,3rd quarter,7:31.0,Trenton Hassell,CHI,False,2-pointer,15,56-57,'CHI',trails
363,363,363,200204150PHI,17.1,5.0,3rd quarter,7:06.0,Jalen Rose,CHI,True,2-pointer,7,58-59,'CHI',trails
364,364,364,200204150PHI,17.7,12.6,3rd quarter,6:20.0,Jalen Rose,CHI,True,2-pointer,10,60-61,'CHI',trails
365,365,365,200204150PHI,9.3,27.2,3rd quarter,5:47.0,Jamal Crawford,CHI,False,3-pointer,27,60-63,'CHI',trails
366,366,366,200204150PHI,39.5,11.3,3rd quarter,4:24.0,Trenton Hassell,CHI,False,2-pointer,17,61-69,'CHI',trails
367,367,367,200204150PHI,24.7,12.6,3rd quarter,4:20.0,Jamal Crawford,CHI,True,2-pointer,8,63-69,'CHI',trails
368,368,368,200204150PHI,36.1,18.1,3rd quarter,3:39.0,Jamal Crawford,CHI,True,2-pointer,18,65-71,'CHI',trails
369,369,369,200204150PHI,38.8,5.0,3rd quarter,2:58.0,Eddy Curry,CHI,False,2-pointer,15,65-73,'CHI',trails
370,370,370,200204150PHI,4.3,21.3,3rd quarter,2:29.0,Fred Hoiberg,CHI,True,3-pointer,26,70-75,'CHI',trails
371,371,371,200204150PHI,24.1,24.0,3rd quarter,2:01.0,Jamal Crawford,CHI,True,2-pointer,19,72-75,'CHI',trails
372,372,372,200204150PHI,21.3,24.6,4th quarter,11:20.0,Travis Best,CHI,False,2-pointer,20,76-84,'CHI',trails
373,373,373,200204150PHI,10.8,8.2,4th quarter,10:13.0,Marcus Fizer,CHI,False,2-pointer,14,76-84,'CHI',trails
374,374,374,200204150PHI,30.4,7.1,4th quarter,9:38.0,Dalibor Bagarić,CHI,False,2-pointer,7,76-84,'CHI',trails
375,375,375,200204150PHI,12.9,7.6,4th quarter,9:30.0,Travis Best,CHI,False,2-pointer,11,76-84,'CHI',trails
376,376,376,200204150PHI,24.0,5.0,4th quarter,8:57.0,Marcus Fizer,CHI,True,2-pointer,0,78-84,'CHI',trails
377,377,377,200204150PHI,9.9,16.4,4th quarter,7:36.0,Jalen Rose,CHI,True,2-pointer,18,82-85,'CHI',trails
378,378,378,200204150PHI,25.4,7.1,4th quarter,6:49.0,Marcus Fizer,CHI,False,2-pointer,3,82-85,'CHI',trails
379,379,379,200204150PHI,24.0,5.0,4th quarter,6:29.0,Marcus Fizer,CHI,False,2-pointer,0,82-85,'CHI',trails
380,380,380,200204150PHI,24.0,5.0,4th quarter,6:26.0,Eddy Curry,CHI,True,2-pointer,0,84-85,'CHI',trails
381,381,381,200204150PHI,36.1,15.4,4th quarter,4:41.0,Marcus Fizer,CHI,False,2-pointer,16,85-87,'CHI',trails
382,382,382,200204150PHI,24.0,5.0,4th quarter,4:37.0,Marcus Fizer,CHI,True,2-pointer,0,87-87,'CHI',tied
383,383,383,200204150PHI,40.3,13.0,4th quarter,3:26.0,Jalen Rose,CHI,False,2-pointer,18,87-89,'CHI',trails
384,384,384,200204150PHI,24.0,5.0,4th quarter,2:31.0,Travis Best,CHI,True,2-pointer,0,89-89,'CHI',tied
385,385,385,200204150PHI,38.2,17.5,4th quarter,1:45.0,Travis Best,CHI,True,2-pointer,19,93-92,'CHI',leads
386,386,386,200204150PHI,38.2,9.9,4th quarter,1:09.0,Travis Best,CHI,False,2-pointer,15,93-94,'CHI',trails
387,387,387,200204150PHI,35.5,4.6,4th quarter,0:45.0,Jalen Rose,CHI,True,2-pointer,12,95-94,'CHI',leads
388,388,388,200204150PHI,10.8,4.6,1st quarter,11:48.0,Speedy Claxton,PHI,False,2-pointer,13,0-0,'CHI',tied
389,389,389,200204150PHI,35.5,8.2,1st quarter,11:41.0,Speedy Claxton,PHI,True,2-pointer,12,2-0,'CHI',leads
390,390,390,200204150PHI,9.3,8.2,1st quarter,10:44.0,Corie Blount,PHI,False,2-pointer,15,2-0,'CHI',leads
391,391,391,200204150PHI,39.5,14.1,1st quarter,10:25.0,Speedy Claxton,PHI,False,2-pointer,18,2-0,'CHI',leads
392,392,392,200204150PHI,36.1,9.2,1st quarter,10:20.0,Matt Harpring,PHI,False,2-pointer,13,2-0,'CHI',leads
393,393,393,200204150PHI,24.7,12.0,1st quarter,9:53.0,Matt Harpring,PHI,False,2-pointer,7,2-2,'CHI',tied
394,394,394,200204150PHI,9.9,10.9,1st quarter,7:37.0,Eric Snow,PHI,True,2-pointer,15,4-7,'CHI',trails
395,395,395,200204150PHI,24.0,5.0,1st quarter,7:17.0,Speedy Claxton,PHI,True,2-pointer,0,6-7,'CHI',trails
396,396,396,200204150PHI,24.0,5.0,1st quarter,6:54.0,Matt Harpring,PHI,False,2-pointer,0,6-7,'CHI',trails
397,397,397,200204150PHI,24.0,5.0,1st quarter,6:44.0,Eric Snow,PHI,False,2-pointer,0,6-7,'CHI',trails
398,398,398,200204150PHI,24.0,5.0,1st quarter,6:43.0,Jabari Smith,PHI,True,2-pointer,0,8-7,'CHI',leads
399,399,399,200204150PHI,26.2,10.9,1st quarter,4:33.0,Jabari Smith,PHI,True,2-pointer,6,13-12,'CHI',leads
400,400,400,200204150PHI,24.0,5.0,1st quarter,4:13.0,Jabari Smith,PHI,True,2-pointer,0,15-12,'CHI',leads
401,401,401,200204150PHI,39.5,6.1,1st quarter,2:54.0,Jabari Smith,PHI,True,2-pointer,16,19-15,'CHI',leads
402,402,402,200204150PHI,24.0,5.0,1st quarter,2:30.0,Samuel Dalembert,PHI,False,2-pointer,0,19-15,'CHI',leads
403,403,403,200204150PHI,33.4,14.1,1st quarter,2:02.0,Jabari Smith,PHI,False,2-pointer,13,19-16,'CHI',leads
404,404,404,200204150PHI,24.0,5.0,1st quarter,1:39.0,Samuel Dalembert,PHI,True,2-pointer,0,21-16,'CHI',leads
405,405,405,200204150PHI,8.0,7.6,1st quarter,0:42.1,Matt Harpring,PHI,False,2-pointer,16,23-20,'CHI',leads
406,406,406,200204150PHI,24.0,5.0,1st quarter,0:05.2,Raja Bell,PHI,True,2-pointer,0,25-20,'CHI',leads
407,407,407,200204150PHI,24.0,5.0,2nd quarter,11:31.0,Raja Bell,PHI,False,2-pointer,0,25-24,'CHI',leads
408,408,408,200204150PHI,7.2,2.9,2nd quarter,11:29.0,Derrick McKey,PHI,True,2-pointer,17,27-24,'CHI',leads
409,409,409,200204150PHI,35.5,5.4,2nd quarter,10:56.0,Raja Bell,PHI,False,2-pointer,12,27-24,'CHI',leads
410,410,410,200204150PHI,24.0,5.0,2nd quarter,10:48.0,Samuel Dalembert,PHI,True,2-pointer,0,29-24,'CHI',leads
411,411,411,200204150PHI,38.2,13.7,2nd quarter,9:48.0,Raja Bell,PHI,False,2-pointer,17,29-26,'CHI',leads
412,412,412,200204150PHI,24.0,5.0,2nd quarter,9:09.0,Eric Snow,PHI,False,2-pointer,0,29-29,'CHI',tied
413,413,413,200204150PHI,24.0,5.0,2nd quarter,9:03.0,Samuel Dalembert,PHI,True,2-pointer,0,31-29,'CHI',leads
414,414,414,200204150PHI,9.3,12.6,2nd quarter,8:27.0,Speedy Claxton,PHI,False,2-pointer,17,31-29,'CHI',leads
415,415,415,200204150PHI,38.8,5.0,2nd quarter,7:43.0,Eric Snow,PHI,True,2-pointer,15,33-29,'CHI',leads
416,416,416,200204150PHI,31.9,13.0,2nd quarter,6:42.0,Eric Snow,PHI,True,2-pointer,11,35-31,'CHI',leads
417,417,417,200204150PHI,24.0,5.0,2nd quarter,6:20.0,Eric Snow,PHI,True,2-pointer,0,37-31,'CHI',leads
418,418,418,200204150PHI,6.6,3.5,2nd quarter,5:46.0,Vonteego Cummings,PHI,True,2-pointer,17,39-31,'CHI',leads
419,419,419,200204150PHI,5.7,5.0,2nd quarter,5:13.0,Vonteego Cummings,PHI,True,2-pointer,18,41-31,'CHI',leads
420,420,420,200204150PHI,24.0,5.0,2nd quarter,4:34.0,Alvin Jones,PHI,True,2-pointer,0,43-34,'CHI',leads
421,421,421,200204150PHI,6.2,23.5,2nd quarter,4:02.0,Vonteego Cummings,PHI,True,3-pointer,26,46-36,'CHI',leads
422,422,422,200204150PHI,4.3,5.0,2nd quarter,3:32.0,Vonteego Cummings,PHI,False,2-pointer,20,46-38,'CHI',leads
423,423,423,200204150PHI,24.0,5.0,2nd quarter,1:57.0,Jabari Smith,PHI,True,2-pointer,0,53-41,'CHI',leads
424,424,424,200204150PHI,24.0,5.0,2nd quarter,1:38.0,Jabari Smith,PHI,False,2-pointer,0,53-41,'CHI',leads
425,425,425,200204150PHI,24.0,5.0,2nd quarter,0:29.4,Raja Bell,PHI,False,2-pointer,0,55-46,'CHI',leads
426,426,426,200204150PHI,31.3,18.5,2nd quarter,0:07.5,Vonteego Cummings,PHI,False,2-pointer,15,55-46,'CHI',leads
427,427,427,200204150PHI,24.0,5.0,3rd quarter,10:55.0,Alvin Jones,PHI,False,2-pointer,0,55-50,'CHI',leads
428,428,428,200204150PHI,22.8,13.7,3rd quarter,10:46.0,Eric Snow,PHI,False,2-pointer,9,55-50,'CHI',leads
429,429,429,200204150PHI,34.6,13.7,3rd quarter,10:19.0,Corie Blount,PHI,False,2-pointer,14,55-52,'CHI',leads
430,430,430,200204150PHI,24.0,5.0,3rd quarter,10:03.0,Corie Blount,PHI,False,2-pointer,0,55-52,'CHI',leads
431,431,431,200204150PHI,9.9,18.5,3rd quarter,9:24.0,Speedy Claxton,PHI,False,2-pointer,20,55-54,'CHI',leads
432,432,432,200204150PHI,24.0,5.0,3rd quarter,9:03.0,Corie Blount,PHI,False,2-pointer,0,55-54,'CHI',leads
433,433,433,200204150PHI,24.0,5.0,3rd quarter,9:01.0,Alvin Jones,PHI,True,2-pointer,0,57-54,'CHI',leads
434,434,434,200204150PHI,20.7,7.1,3rd quarter,8:15.0,Corie Blount,PHI,False,2-pointer,4,57-54,'CHI',leads
435,435,435,200204150PHI,37.4,6.1,3rd quarter,7:21.0,Matt Harpring,PHI,True,2-pointer,13,59-56,'CHI',leads
436,436,436,200204150PHI,24.0,5.0,3rd quarter,6:52.0,Speedy Claxton,PHI,False,2-pointer,0,59-58,'CHI',leads
437,437,437,200204150PHI,35.5,19.1,3rd quarter,6:41.0,Eric Snow,PHI,True,2-pointer,18,61-58,'CHI',leads
438,438,438,200204150PHI,39.5,5.0,3rd quarter,5:29.0,Eric Snow,PHI,True,2-pointer,16,65-61,'CHI',leads
439,439,439,200204150PHI,24.0,5.0,3rd quarter,5:05.0,Matt Harpring,PHI,True,2-pointer,0,67-61,'CHI',leads
440,440,440,200204150PHI,38.2,6.1,3rd quarter,4:44.0,Jabari Smith,PHI,False,2-pointer,14,67-61,'CHI',leads
441,441,441,200204150PHI,15.0,10.3,3rd quarter,3:56.0,Matt Harpring,PHI,True,2-pointer,10,71-63,'CHI',leads
442,442,442,200204150PHI,24.0,5.0,3rd quarter,3:23.0,Eric Snow,PHI,True,2-pointer,0,73-65,'CHI',leads
443,443,443,200204150PHI,14.2,14.7,3rd quarter,2:42.0,Jabari Smith,PHI,False,2-pointer,14,73-67,'CHI',leads
444,444,444,200204150PHI,24.0,5.0,3rd quarter,2:39.0,Jabari Smith,PHI,True,2-pointer,0,75-67,'CHI',leads
445,445,445,200204150PHI,38.2,14.1,3rd quarter,2:10.0,Jabari Smith,PHI,False,2-pointer,17,75-70,'CHI',leads
446,446,446,200204150PHI,12.9,4.6,3rd quarter,1:34.0,Eric Snow,PHI,False,2-pointer,11,75-72,'CHI',leads
447,447,447,200204150PHI,42.4,4.6,3rd quarter,1:08.0,Raja Bell,PHI,True,2-pointer,18,77-74,'CHI',leads
448,448,448,200204150PHI,9.3,10.9,3rd quarter,0:39.1,Vonteego Cummings,PHI,True,2-pointer,16,79-76,'CHI',leads
449,449,449,200204150PHI,12.9,6.5,3rd quarter,0:08.1,Raja Bell,PHI,True,2-pointer,11,81-76,'CHI',leads
450,450,450,200204150PHI,24.0,5.0,3rd quarter,0:02.7,Speedy Claxton,PHI,False,2-pointer,0,81-76,'CHI',leads
451,451,451,200204150PHI,24.0,5.0,3rd quarter,0:01.1,Alvin Jones,PHI,True,2-pointer,0,83-76,'CHI',leads
452,452,452,200204150PHI,15.0,10.9,4th quarter,11:33.0,Corie Blount,PHI,False,2-pointer,11,84-76,'CHI',leads
453,453,453,200204150PHI,36.7,4.6,4th quarter,11:03.0,Speedy Claxton,PHI,False,2-pointer,13,84-76,'CHI',leads
454,454,454,200204150PHI,24.1,20.0,4th quarter,10:25.0,Vonteego Cummings,PHI,False,2-pointer,15,84-76,'CHI',leads
455,455,455,200204150PHI,9.9,12.6,4th quarter,9:55.0,Raja Bell,PHI,False,2-pointer,16,84-76,'CHI',leads
456,456,456,200204150PHI,12.1,16.4,4th quarter,9:11.0,Eric Snow,PHI,False,2-pointer,16,84-76,'CHI',leads
457,457,457,200204150PHI,24.0,5.0,4th quarter,8:11.0,Samuel Dalembert,PHI,False,2-pointer,0,85-80,'CHI',leads
458,458,458,200204150PHI,21.3,20.0,4th quarter,8:04.0,Matt Harpring,PHI,False,2-pointer,15,85-80,'CHI',leads
459,459,459,200204150PHI,8.0,24.6,4th quarter,7:06.0,Eric Snow,PHI,False,3-pointer,25,85-82,'CHI',leads
460,460,460,200204150PHI,20.7,20.0,4th quarter,6:39.0,Derrick McKey,PHI,False,2-pointer,15,85-82,'CHI',leads
461,461,461,200204150PHI,22.8,20.6,4th quarter,6:13.0,Eric Snow,PHI,True,2-pointer,16,87-84,'CHI',leads
462,462,462,200204150PHI,12.9,11.3,4th quarter,5:37.0,Eric Snow,PHI,False,2-pointer,13,87-85,'CHI',leads
463,463,463,200204150PHI,39.5,8.8,4th quarter,5:02.0,Speedy Claxton,PHI,False,2-pointer,16,87-85,'CHI',leads
464,464,464,200204150PHI,39.5,9.2,4th quarter,4:19.0,Corie Blount,PHI,False,2-pointer,16,87-87,'CHI',tied
465,465,465,200204150PHI,24.0,5.0,4th quarter,3:50.0,Speedy Claxton,PHI,True,2-pointer,0,89-87,'CHI',leads
466,466,466,200204150PHI,24.0,5.0,4th quarter,3:22.0,Matt Harpring,PHI,False,2-pointer,0,89-87,'CHI',leads
467,467,467,200204150PHI,16.3,16.4,4th quarter,1:32.0,Derrick McKey,PHI,True,2-pointer,14,94-93,'CHI',leads
468,468,468,200204150PHI,47.5,4.6,4th quarter,0:52.4,Matt Harpring,PHI,False,3-pointer,24,94-93,'CHI',leads
469,469,469,200204150PHI,12.9,13.7,4th quarter,0:23.4,Eric Snow,PHI,False,2-pointer,14,94-95,'CHI',trails
470,470,470,200204150PHI,45.4,21.3,4th quarter,0:00.1,Eric Snow,PHI,False,3-pointer,27,96-98,'CHI',trails
