,Unnamed: 0.1,Unnamed: 0,match_id,shotX,shotY,quarter,time_remaining,player,team,made,shot_type,distance,score,opp,status
0,0,0,200204290TOR,40.9,6.3,1st quarter,11:22.0,Jerry Stackhouse,DET,False,2-pointer,17,0-2,'TOR',trails
1,1,1,200204290TOR,13.7,22.1,1st quarter,10:51.0,Chucky Atkins,DET,False,2-pointer,20,0-2,'TOR',trails
2,2,2,200204290TOR,40.9,9.7,1st quarter,10:23.0,Jerry Stackhouse,DET,True,2-pointer,18,2-2,'TOR',tied
3,3,3,200204290TOR,6.4,8.4,1st quarter,9:27.0,Jerry Stackhouse,DET,True,2-pointer,18,5-2,'TOR',leads
4,4,4,200204290TOR,24.0,5.0,1st quarter,8:08.0,Ben Wallace,DET,False,2-pointer,0,5-2,'TOR',leads
5,5,5,200204290TOR,24.3,11.6,1st quarter,7:45.0,Jerry Stackhouse,DET,True,2-pointer,7,7-2,'TOR',leads
6,6,6,200204290TOR,29.6,12.2,1st quarter,7:08.0,Jerry Stackhouse,DET,False,2-pointer,9,8-3,'TOR',leads
7,7,7,200204290TOR,46.0,17.7,1st quarter,6:50.0,Clifford Robinson,DET,True,3-pointer,25,11-3,'TOR',leads
8,8,8,200204290TOR,24.0,5.0,1st quarter,6:05.0,Chucky Atkins,DET,True,2-pointer,0,13-5,'TOR',leads
9,9,9,200204290TOR,35.3,17.2,1st quarter,4:53.0,Jerry Stackhouse,DET,False,2-pointer,17,13-7,'TOR',leads
10,10,10,200204290TOR,36.1,4.8,1st quarter,4:34.0,Jerry Stackhouse,DET,False,2-pointer,12,13-9,'TOR',leads
11,11,11,200204290TOR,43.3,21.5,1st quarter,3:55.0,Jerry Stackhouse,DET,False,3-pointer,25,13-11,'TOR',leads
12,12,12,200204290TOR,23.9,25.9,1st quarter,3:11.0,Michael Curry,DET,True,2-pointer,21,15-11,'TOR',leads
13,13,13,200204290TOR,7.8,24.2,1st quarter,2:34.0,Damon Jones,DET,True,3-pointer,25,18-13,'TOR',leads
14,14,14,200204290TOR,0.7,4.2,1st quarter,1:25.0,Clifford Robinson,DET,False,3-pointer,23,18-15,'TOR',leads
15,15,15,200204290TOR,0.0,5.7,1st quarter,1:03.0,Jerry Stackhouse,DET,False,3-pointer,24,18-17,'TOR',leads
16,16,16,200204290TOR,26.4,29.7,1st quarter,0:34.4,Damon Jones,DET,True,3-pointer,25,21-19,'TOR',leads
17,17,17,200204290TOR,42.4,6.3,2nd quarter,10:20.0,Corliss Williamson,DET,False,2-pointer,18,21-23,'TOR',trails
18,18,18,200204290TOR,32.5,6.7,2nd quarter,9:51.0,Ben Wallace,DET,False,2-pointer,9,21-26,'TOR',trails
19,19,19,200204290TOR,2.1,17.7,2nd quarter,9:31.0,Jon Barry,DET,False,3-pointer,25,21-26,'TOR',trails
20,20,20,200204290TOR,24.0,5.0,2nd quarter,7:33.0,Corliss Williamson,DET,False,2-pointer,0,21-30,'TOR',trails
21,21,21,200204290TOR,23.0,10.5,2nd quarter,6:27.0,Jon Barry,DET,False,2-pointer,6,23-33,'TOR',trails
22,22,22,200204290TOR,23.9,11.1,2nd quarter,5:52.0,Corliss Williamson,DET,True,2-pointer,6,25-33,'TOR',trails
23,23,23,200204290TOR,24.0,5.0,2nd quarter,5:17.0,Clifford Robinson,DET,False,2-pointer,0,25-33,'TOR',trails
24,24,24,200204290TOR,29.9,4.1,2nd quarter,4:53.0,Jerry Stackhouse,DET,False,2-pointer,6,25-35,'TOR',trails
25,25,25,200204290TOR,10.2,10.1,2nd quarter,4:46.0,Chucky Atkins,DET,False,2-pointer,15,25-35,'TOR',trails
26,26,26,200204290TOR,23.9,10.5,2nd quarter,4:35.0,Corliss Williamson,DET,True,2-pointer,6,27-35,'TOR',trails
27,27,27,200204290TOR,0.7,6.3,2nd quarter,3:38.0,Chucky Atkins,DET,True,3-pointer,23,32-38,'TOR',trails
28,28,28,200204290TOR,4.3,4.2,2nd quarter,2:52.0,Jerry Stackhouse,DET,False,2-pointer,20,32-41,'TOR',trails
29,29,29,200204290TOR,24.0,5.0,2nd quarter,2:49.0,Corliss Williamson,DET,True,2-pointer,0,34-41,'TOR',trails
30,30,30,200204290TOR,15.8,12.8,2nd quarter,1:57.0,Clifford Robinson,DET,False,2-pointer,11,34-41,'TOR',trails
31,31,31,200204290TOR,24.0,5.0,2nd quarter,1:54.0,Ben Wallace,DET,False,2-pointer,0,34-41,'TOR',trails
32,32,32,200204290TOR,4.3,21.5,2nd quarter,1:15.0,Clifford Robinson,DET,False,3-pointer,26,36-44,'TOR',trails
33,33,33,200204290TOR,23.0,12.8,2nd quarter,0:47.4,Corliss Williamson,DET,False,2-pointer,8,36-44,'TOR',trails
34,34,34,200204290TOR,20.3,6.7,2nd quarter,0:41.0,Chucky Atkins,DET,False,2-pointer,4,36-44,'TOR',trails
35,35,35,200204290TOR,10.8,25.5,2nd quarter,0:01.1,Jerry Stackhouse,DET,False,3-pointer,24,36-46,'TOR',trails
36,36,36,200204290TOR,22.6,6.3,3rd quarter,11:29.0,Ben Wallace,DET,False,2-pointer,2,36-46,'TOR',trails
37,37,37,200204290TOR,23.9,11.6,3rd quarter,10:53.0,Clifford Robinson,DET,True,2-pointer,7,38-48,'TOR',trails
38,38,38,200204290TOR,14.6,14.9,3rd quarter,9:05.0,Clifford Robinson,DET,True,2-pointer,14,43-52,'TOR',trails
39,39,39,200204290TOR,7.2,22.7,3rd quarter,8:14.0,Jerry Stackhouse,DET,False,3-pointer,24,43-55,'TOR',trails
40,40,40,200204290TOR,24.0,5.0,3rd quarter,5:23.0,Chucky Atkins,DET,True,2-pointer,0,47-59,'TOR',trails
41,41,41,200204290TOR,24.0,5.0,3rd quarter,5:02.0,Chucky Atkins,DET,True,2-pointer,0,49-59,'TOR',trails
42,42,42,200204290TOR,11.6,20.0,3rd quarter,4:19.0,Chucky Atkins,DET,False,2-pointer,19,49-59,'TOR',trails
43,43,43,200204290TOR,8.7,23.8,3rd quarter,3:34.0,Clifford Robinson,DET,False,3-pointer,24,49-61,'TOR',trails
44,44,44,200204290TOR,36.7,26.5,3rd quarter,3:21.0,Jon Barry,DET,True,3-pointer,25,52-61,'TOR',trails
45,45,45,200204290TOR,25.1,29.3,3rd quarter,2:48.0,Jon Barry,DET,False,3-pointer,24,52-61,'TOR',trails
46,46,46,200204290TOR,24.0,5.0,3rd quarter,2:24.0,Chucky Atkins,DET,True,2-pointer,0,54-61,'TOR',trails
47,47,47,200204290TOR,31.0,6.7,3rd quarter,1:46.0,Jerry Stackhouse,DET,True,2-pointer,7,56-63,'TOR',trails
48,48,48,200204290TOR,0.0,5.0,3rd quarter,1:00.0,Clifford Robinson,DET,True,3-pointer,24,61-63,'TOR',trails
49,49,49,200204290TOR,8.7,10.1,3rd quarter,0:19.9,Jerry Stackhouse,DET,False,2-pointer,16,61-65,'TOR',trails
50,50,50,200204290TOR,24.0,5.0,3rd quarter,0:15.6,Ben Wallace,DET,False,2-pointer,0,61-65,'TOR',trails
51,51,51,200204290TOR,24.0,5.0,3rd quarter,0:14.2,Corliss Williamson,DET,False,2-pointer,0,61-65,'TOR',trails
52,52,52,200204290TOR,32.5,5.7,4th quarter,11:43.0,Corliss Williamson,DET,False,2-pointer,9,61-66,'TOR',trails
53,53,53,200204290TOR,24.0,5.0,4th quarter,11:40.0,Ben Wallace,DET,False,2-pointer,0,61-66,'TOR',trails
54,54,54,200204290TOR,24.0,5.0,4th quarter,10:50.0,Chucky Atkins,DET,False,2-pointer,0,61-66,'TOR',trails
55,55,55,200204290TOR,31.7,11.6,4th quarter,9:45.0,Jerry Stackhouse,DET,False,2-pointer,10,61-68,'TOR',trails
56,56,56,200204290TOR,18.8,11.1,4th quarter,9:13.0,Corliss Williamson,DET,False,2-pointer,8,61-70,'TOR',trails
57,57,57,200204290TOR,23.9,12.8,4th quarter,8:32.0,Corliss Williamson,DET,True,2-pointer,8,63-70,'TOR',trails
58,58,58,200204290TOR,27.9,29.3,4th quarter,8:04.0,Clifford Robinson,DET,False,3-pointer,25,63-70,'TOR',trails
59,59,59,200204290TOR,46.8,6.3,4th quarter,7:17.0,Chucky Atkins,DET,False,3-pointer,23,63-70,'TOR',trails
60,60,60,200204290TOR,24.0,5.0,4th quarter,7:03.0,Chucky Atkins,DET,False,2-pointer,0,63-70,'TOR',trails
61,61,61,200204290TOR,23.9,11.1,4th quarter,6:52.0,Corliss Williamson,DET,False,2-pointer,6,63-70,'TOR',trails
62,62,62,200204290TOR,18.2,12.2,4th quarter,5:35.0,Corliss Williamson,DET,False,2-pointer,9,65-72,'TOR',trails
63,63,63,200204290TOR,1.5,17.2,4th quarter,5:01.0,Jon Barry,DET,True,3-pointer,26,68-74,'TOR',trails
64,64,64,200204290TOR,23.9,32.0,4th quarter,4:28.0,Jon Barry,DET,True,3-pointer,27,71-76,'TOR',trails
65,65,65,200204290TOR,43.5,4.9,4th quarter,3:42.0,Chucky Atkins,DET,False,2-pointer,20,71-78,'TOR',trails
66,66,66,200204290TOR,24.0,5.0,4th quarter,3:34.0,Jon Barry,DET,True,2-pointer,0,73-78,'TOR',trails
67,67,67,200204290TOR,22.4,10.5,4th quarter,2:59.0,Jerry Stackhouse,DET,True,2-pointer,6,75-80,'TOR',trails
68,68,68,200204290TOR,24.0,5.0,4th quarter,2:21.0,Jon Barry,DET,False,2-pointer,0,75-80,'TOR',trails
69,69,69,200204290TOR,38.2,20.4,4th quarter,2:16.0,Jerry Stackhouse,DET,True,2-pointer,21,77-80,'TOR',trails
70,70,70,200204290TOR,24.0,5.0,4th quarter,1:23.0,Corliss Williamson,DET,False,2-pointer,0,77-82,'TOR',trails
71,71,71,200204290TOR,24.0,5.0,4th quarter,0:19.1,Chucky Atkins,DET,True,2-pointer,0,80-86,'TOR',trails
72,72,72,200204290TOR,25.8,29.3,4th quarter,0:08.5,Chucky Atkins,DET,True,3-pointer,24,83-87,'TOR',trails
73,73,73,200204290TOR,24.0,5.0,1st quarter,11:42.0,Chris Childs,TOR,True,2-pointer,0,2-0,'TOR',leads
74,74,74,200204290TOR,42.4,21.5,1st quarter,11:07.0,Chris Childs,TOR,False,3-pointer,25,2-0,'TOR',leads
75,75,75,200204290TOR,16.7,11.1,1st quarter,10:07.0,Morris Peterson,TOR,False,2-pointer,10,2-2,'TOR',tied
76,76,76,200204290TOR,13.7,21.0,1st quarter,9:40.0,Chris Childs,TOR,False,2-pointer,19,2-3,'TOR',trails
77,77,77,200204290TOR,4.3,20.4,1st quarter,9:12.0,Morris Peterson,TOR,False,3-pointer,25,2-5,'TOR',trails
78,78,78,200204290TOR,39.7,4.2,1st quarter,8:42.0,Antonio Davis,TOR,False,2-pointer,16,2-5,'TOR',trails
79,79,79,200204290TOR,23.9,21.5,1st quarter,8:20.0,Antonio Davis,TOR,False,2-pointer,17,2-5,'TOR',trails
80,80,80,200204290TOR,12.3,4.8,1st quarter,7:51.0,Antonio Davis,TOR,False,2-pointer,12,2-5,'TOR',trails
81,81,81,200204290TOR,24.0,5.0,1st quarter,7:48.0,Keon Clark,TOR,False,2-pointer,0,2-5,'TOR',trails
82,82,82,200204290TOR,31.7,7.8,1st quarter,7:26.0,Keon Clark,TOR,False,2-pointer,8,2-8,'TOR',trails
83,83,83,200204290TOR,26.4,19.4,1st quarter,7:00.0,Alvin Williams,TOR,False,2-pointer,15,3-8,'TOR',trails
84,84,84,200204290TOR,25.1,11.1,1st quarter,6:22.0,Keon Clark,TOR,False,2-pointer,6,3-11,'TOR',trails
85,85,85,200204290TOR,29.0,4.9,1st quarter,6:19.0,Antonio Davis,TOR,False,2-pointer,5,3-11,'TOR',trails
86,86,86,200204290TOR,24.0,5.0,1st quarter,6:17.0,Keon Clark,TOR,True,2-pointer,0,5-11,'TOR',trails
87,87,87,200204290TOR,15.2,10.5,1st quarter,5:09.0,Antonio Davis,TOR,True,2-pointer,10,7-13,'TOR',trails
88,88,88,200204290TOR,5.7,22.1,1st quarter,4:19.0,Chris Childs,TOR,False,3-pointer,25,9-13,'TOR',trails
89,89,89,200204290TOR,24.0,5.0,1st quarter,4:14.0,Keon Clark,TOR,True,2-pointer,0,11-13,'TOR',trails
90,90,90,200204290TOR,38.8,5.0,1st quarter,3:34.0,Alvin Williams,TOR,False,2-pointer,15,11-13,'TOR',trails
91,91,91,200204290TOR,24.0,5.0,1st quarter,2:49.0,Morris Peterson,TOR,True,2-pointer,0,13-15,'TOR',trails
92,92,92,200204290TOR,24.0,5.0,1st quarter,1:51.0,Alvin Williams,TOR,False,2-pointer,0,13-18,'TOR',trails
93,93,93,200204290TOR,24.0,5.0,1st quarter,1:49.0,Jerome Williams,TOR,False,2-pointer,0,13-18,'TOR',trails
94,94,94,200204290TOR,43.3,5.7,1st quarter,1:46.0,Alvin Williams,TOR,True,2-pointer,19,15-18,'TOR',trails
95,95,95,200204290TOR,24.0,5.0,1st quarter,1:19.0,Keon Clark,TOR,True,2-pointer,0,17-18,'TOR',trails
96,96,96,200204290TOR,4.3,3.1,1st quarter,0:54.4,Dell Curry,TOR,True,2-pointer,20,19-18,'TOR',leads
97,97,97,200204290TOR,24.0,5.0,1st quarter,0:29.2,Alvin Williams,TOR,True,2-pointer,0,21-21,'TOR',tied
98,98,98,200204290TOR,24.3,16.2,1st quarter,0:00.1,Alvin Williams,TOR,False,2-pointer,11,21-21,'TOR',tied
99,99,99,200204290TOR,30.2,21.5,2nd quarter,11:48.0,Dell Curry,TOR,False,2-pointer,18,21-21,'TOR',tied
100,100,100,200204290TOR,40.9,6.3,2nd quarter,11:14.0,Jerome Williams,TOR,False,2-pointer,17,21-21,'TOR',tied
101,101,101,200204290TOR,24.0,5.0,2nd quarter,10:56.0,Antonio Davis,TOR,False,2-pointer,0,21-21,'TOR',tied
102,102,102,200204290TOR,33.8,6.3,2nd quarter,10:46.0,Antonio Davis,TOR,True,2-pointer,10,23-21,'TOR',leads
103,103,103,200204290TOR,9.9,25.2,2nd quarter,10:12.0,Dell Curry,TOR,True,3-pointer,25,26-21,'TOR',leads
104,104,104,200204290TOR,1.5,5.0,2nd quarter,9:40.0,Alvin Williams,TOR,False,3-pointer,23,26-21,'TOR',leads
105,105,105,200204290TOR,6.4,15.6,2nd quarter,9:06.0,Dell Curry,TOR,False,2-pointer,21,26-21,'TOR',leads
106,106,106,200204290TOR,25.1,10.5,2nd quarter,8:48.0,Keon Clark,TOR,False,2-pointer,6,26-21,'TOR',leads
107,107,107,200204290TOR,16.7,9.7,2nd quarter,8:36.0,Hakeem Olajuwon,TOR,True,2-pointer,9,28-21,'TOR',leads
108,108,108,200204290TOR,38.8,20.0,2nd quarter,7:56.0,Morris Peterson,TOR,True,2-pointer,21,30-21,'TOR',leads
109,109,109,200204290TOR,10.2,25.9,2nd quarter,7:12.0,Morris Peterson,TOR,False,3-pointer,25,30-23,'TOR',leads
110,110,110,200204290TOR,43.3,4.8,2nd quarter,7:09.0,Jerome Williams,TOR,False,2-pointer,19,30-23,'TOR',leads
111,111,111,200204290TOR,24.0,5.0,2nd quarter,6:41.0,Chris Childs,TOR,True,2-pointer,0,33-23,'TOR',leads
112,112,112,200204290TOR,24.0,5.0,2nd quarter,5:10.0,Antonio Davis,TOR,True,2-pointer,0,35-25,'TOR',leads
113,113,113,200204290TOR,16.7,8.4,2nd quarter,4:18.0,Antonio Davis,TOR,False,2-pointer,8,35-27,'TOR',leads
114,114,114,200204290TOR,24.0,5.0,2nd quarter,3:58.0,Keon Clark,TOR,True,2-pointer,0,37-29,'TOR',leads
115,115,115,200204290TOR,5.7,22.7,2nd quarter,3:19.0,Alvin Williams,TOR,True,3-pointer,25,41-32,'TOR',leads
116,116,116,200204290TOR,18.2,7.8,2nd quarter,2:30.0,Keon Clark,TOR,False,2-pointer,6,41-34,'TOR',leads
117,117,117,200204290TOR,11.6,14.3,2nd quarter,2:14.0,Alvin Williams,TOR,False,2-pointer,16,41-34,'TOR',leads
118,118,118,200204290TOR,24.0,5.0,2nd quarter,1:46.0,Antonio Davis,TOR,False,2-pointer,0,41-34,'TOR',leads
119,119,119,200204290TOR,24.0,5.0,2nd quarter,1:27.0,Keon Clark,TOR,True,2-pointer,0,43-36,'TOR',leads
120,120,120,200204290TOR,24.0,5.0,2nd quarter,1:00.0,Dell Curry,TOR,False,2-pointer,0,44-36,'TOR',leads
121,121,121,200204290TOR,40.3,7.3,2nd quarter,0:23.9,Keon Clark,TOR,True,2-pointer,16,46-36,'TOR',leads
122,122,122,200204290TOR,10.8,6.3,3rd quarter,11:12.0,Antonio Davis,TOR,True,2-pointer,13,48-36,'TOR',leads
123,123,123,200204290TOR,24.0,5.0,3rd quarter,10:10.0,Keon Clark,TOR,True,2-pointer,0,50-39,'TOR',leads
124,124,124,200204290TOR,39.7,9.0,3rd quarter,9:33.0,Keon Clark,TOR,True,2-pointer,16,52-41,'TOR',leads
125,125,125,200204290TOR,25.8,11.6,3rd quarter,8:44.0,Keon Clark,TOR,False,2-pointer,7,52-43,'TOR',leads
126,126,126,200204290TOR,47.5,4.2,3rd quarter,8:31.0,Morris Peterson,TOR,True,3-pointer,24,55-43,'TOR',leads
127,127,127,200204290TOR,36.1,7.8,3rd quarter,8:06.0,Chris Childs,TOR,False,2-pointer,12,55-43,'TOR',leads
128,128,128,200204290TOR,24.0,5.0,3rd quarter,7:43.0,Morris Peterson,TOR,True,2-pointer,0,57-43,'TOR',leads
129,129,129,200204290TOR,10.2,25.9,3rd quarter,6:58.0,Alvin Williams,TOR,False,3-pointer,25,57-45,'TOR',leads
130,130,130,200204290TOR,24.0,5.0,3rd quarter,6:09.0,Antonio Davis,TOR,False,2-pointer,0,57-45,'TOR',leads
131,131,131,200204290TOR,24.0,5.0,3rd quarter,5:46.0,Jerome Williams,TOR,True,2-pointer,0,59-45,'TOR',leads
132,132,132,200204290TOR,36.7,20.0,3rd quarter,5:08.0,Alvin Williams,TOR,False,2-pointer,20,59-47,'TOR',leads
133,133,133,200204290TOR,15.8,21.5,3rd quarter,4:40.0,Antonio Davis,TOR,False,2-pointer,18,59-49,'TOR',leads
134,134,134,200204290TOR,24.0,5.0,3rd quarter,4:02.0,Dell Curry,TOR,False,2-pointer,0,59-49,'TOR',leads
135,135,135,200204290TOR,24.0,5.0,3rd quarter,3:58.0,Jerome Williams,TOR,True,2-pointer,0,61-49,'TOR',leads
136,136,136,200204290TOR,6.4,16.2,3rd quarter,3:05.0,Dell Curry,TOR,False,2-pointer,21,61-52,'TOR',leads
137,137,137,200204290TOR,13.7,20.4,3rd quarter,2:32.0,Chris Childs,TOR,False,2-pointer,19,61-52,'TOR',leads
138,138,138,200204290TOR,34.6,9.7,3rd quarter,0:39.6,Alvin Williams,TOR,True,2-pointer,12,65-61,'TOR',leads
139,139,139,200204290TOR,24.0,5.0,3rd quarter,0:00.7,Antonio Davis,TOR,False,2-pointer,0,65-61,'TOR',leads
140,140,140,200204290TOR,41.8,21.0,4th quarter,11:15.0,Alvin Williams,TOR,False,3-pointer,24,66-61,'TOR',leads
141,141,141,200204290TOR,23.0,12.2,4th quarter,10:04.0,Morris Peterson,TOR,True,2-pointer,7,68-61,'TOR',leads
142,142,142,200204290TOR,24.0,5.0,4th quarter,9:29.0,Hakeem Olajuwon,TOR,True,2-pointer,0,70-61,'TOR',leads
143,143,143,200204290TOR,47.5,11.1,4th quarter,8:16.0,Morris Peterson,TOR,False,3-pointer,24,70-63,'TOR',leads
144,144,144,200204290TOR,13.7,9.0,4th quarter,7:41.0,Hakeem Olajuwon,TOR,False,2-pointer,11,70-63,'TOR',leads
145,145,145,200204290TOR,8.7,19.4,4th quarter,7:09.0,Dell Curry,TOR,False,2-pointer,21,70-63,'TOR',leads
146,146,146,200204290TOR,40.9,14.9,4th quarter,6:32.0,Morris Peterson,TOR,True,2-pointer,20,72-63,'TOR',leads
147,147,147,200204290TOR,3.6,12.8,4th quarter,5:18.0,Morris Peterson,TOR,True,2-pointer,22,74-65,'TOR',leads
148,148,148,200204290TOR,24.0,5.0,4th quarter,4:42.0,Morris Peterson,TOR,True,2-pointer,0,76-68,'TOR',leads
149,149,149,200204290TOR,24.0,5.0,4th quarter,4:10.0,Keon Clark,TOR,False,2-pointer,0,76-71,'TOR',leads
150,150,150,200204290TOR,18.8,25.9,4th quarter,3:59.0,Chris Childs,TOR,True,2-pointer,22,78-71,'TOR',leads
151,151,151,200204290TOR,24.3,12.2,4th quarter,3:16.0,Alvin Williams,TOR,True,2-pointer,7,80-73,'TOR',leads
152,152,152,200204290TOR,10.2,6.3,4th quarter,2:00.0,Antonio Davis,TOR,True,2-pointer,14,82-77,'TOR',leads
153,153,153,200204290TOR,25.1,14.9,4th quarter,1:36.0,Alvin Williams,TOR,False,2-pointer,10,82-77,'TOR',leads
154,154,154,200204290TOR,25.1,27.5,4th quarter,0:57.5,Alvin Williams,TOR,False,2-pointer,23,82-77,'TOR',leads
155,155,155,200204290UTA,23.4,9.7,1st quarter,11:39.0,Chris Webber,SAC,True,2-pointer,5,2-0,'SAC',leads
156,156,156,200204290UTA,46.8,4.6,1st quarter,11:08.0,Peja Stojaković,SAC,True,3-pointer,23,5-0,'SAC',leads
157,157,157,200204290UTA,16.3,19.1,1st quarter,10:21.0,Mike Bibby,SAC,False,2-pointer,16,5-0,'SAC',leads
158,158,158,200204290UTA,35.7,19.8,1st quarter,9:48.0,Chris Webber,SAC,True,2-pointer,19,7-0,'SAC',leads
159,159,159,200204290UTA,24.0,5.0,1st quarter,8:55.0,Chris Webber,SAC,False,2-pointer,0,7-2,'SAC',leads
160,160,160,200204290UTA,3.8,18.5,1st quarter,8:28.0,Peja Stojaković,SAC,True,3-pointer,24,10-4,'SAC',leads
161,161,161,200204290UTA,24.0,5.0,1st quarter,7:57.0,Peja Stojaković,SAC,True,2-pointer,0,12-4,'SAC',leads
162,162,162,200204290UTA,39.7,19.1,1st quarter,7:19.0,Doug Christie,SAC,False,2-pointer,21,12-6,'SAC',leads
163,163,163,200204290UTA,46.8,11.3,1st quarter,6:42.0,Doug Christie,SAC,True,3-pointer,24,15-8,'SAC',leads
164,164,164,200204290UTA,38.2,14.3,1st quarter,5:56.0,Mike Bibby,SAC,False,2-pointer,17,15-8,'SAC',leads
165,165,165,200204290UTA,0.7,4.6,1st quarter,5:24.0,Doug Christie,SAC,False,3-pointer,23,15-8,'SAC',leads
166,166,166,200204290UTA,5.3,16.8,1st quarter,4:25.0,Mike Bibby,SAC,False,2-pointer,22,18-13,'SAC',leads
167,167,167,200204290UTA,24.0,5.0,1st quarter,3:56.0,Doug Christie,SAC,True,2-pointer,0,20-13,'SAC',leads
168,168,168,200204290UTA,9.3,20.2,1st quarter,3:21.0,Chris Webber,SAC,False,2-pointer,21,20-16,'SAC',leads
169,169,169,200204290UTA,19.4,10.9,1st quarter,2:48.0,Chris Webber,SAC,False,2-pointer,7,21-16,'SAC',leads
170,170,170,200204290UTA,24.0,5.0,1st quarter,2:30.0,Doug Christie,SAC,False,2-pointer,0,21-16,'SAC',leads
171,171,171,200204290UTA,1.5,4.6,1st quarter,1:48.0,Bobby Jackson,SAC,True,3-pointer,23,24-18,'SAC',leads
172,172,172,200204290UTA,24.0,5.0,1st quarter,1:19.0,Bobby Jackson,SAC,True,2-pointer,0,26-18,'SAC',leads
173,173,173,200204290UTA,13.9,21.5,1st quarter,0:50.5,Bobby Jackson,SAC,True,2-pointer,19,28-18,'SAC',leads
174,174,174,200204290UTA,24.0,5.0,1st quarter,0:26.9,Chris Webber,SAC,False,2-pointer,0,28-20,'SAC',leads
175,175,175,200204290UTA,6.2,18.5,1st quarter,0:08.4,Bobby Jackson,SAC,False,2-pointer,22,28-20,'SAC',leads
176,176,176,200204290UTA,24.0,5.0,2nd quarter,11:37.0,Peja Stojaković,SAC,True,2-pointer,0,30-20,'SAC',leads
177,177,177,200204290UTA,9.3,4.6,2nd quarter,11:18.0,Scot Pollard,SAC,False,2-pointer,15,30-20,'SAC',leads
178,178,178,200204290UTA,24.0,5.0,2nd quarter,10:18.0,Chris Webber,SAC,True,2-pointer,0,34-22,'SAC',leads
179,179,179,200204290UTA,3.0,17.9,2nd quarter,9:53.0,Peja Stojaković,SAC,False,3-pointer,25,34-24,'SAC',leads
180,180,180,200204290UTA,46.8,5.0,2nd quarter,9:22.0,Hedo Türkoğlu,SAC,False,3-pointer,23,34-24,'SAC',leads
181,181,181,200204290UTA,24.1,29.3,2nd quarter,8:38.0,Hedo Türkoğlu,SAC,False,3-pointer,24,34-26,'SAC',leads
182,182,182,200204290UTA,0.7,4.6,2nd quarter,8:11.0,Bobby Jackson,SAC,False,3-pointer,23,34-26,'SAC',leads
183,183,183,200204290UTA,24.0,5.0,2nd quarter,7:08.0,Hedo Türkoğlu,SAC,False,2-pointer,0,34-26,'SAC',leads
184,184,184,200204290UTA,24.0,5.0,2nd quarter,7:03.0,Chris Webber,SAC,False,2-pointer,0,34-26,'SAC',leads
185,185,185,200204290UTA,24.0,5.0,2nd quarter,6:36.0,Chris Webber,SAC,False,2-pointer,0,34-28,'SAC',leads
186,186,186,200204290UTA,24.0,5.0,2nd quarter,6:05.0,Vlade Divac,SAC,True,2-pointer,0,36-28,'SAC',leads
187,187,187,200204290UTA,24.0,5.0,2nd quarter,5:34.0,Chris Webber,SAC,True,2-pointer,0,38-28,'SAC',leads
188,188,188,200204290UTA,31.0,6.7,2nd quarter,4:49.0,Vlade Divac,SAC,True,2-pointer,7,40-30,'SAC',leads
189,189,189,200204290UTA,27.2,25.7,2nd quarter,4:22.0,Vlade Divac,SAC,False,2-pointer,21,40-30,'SAC',leads
190,190,190,200204290UTA,30.2,8.0,2nd quarter,3:45.0,Chris Webber,SAC,True,2-pointer,7,42-32,'SAC',leads
191,191,191,200204290UTA,24.0,5.0,2nd quarter,3:10.0,Peja Stojaković,SAC,True,2-pointer,0,44-34,'SAC',leads
192,192,192,200204290UTA,24.0,5.0,2nd quarter,1:57.0,Mike Bibby,SAC,False,2-pointer,0,44-36,'SAC',leads
193,193,193,200204290UTA,37.4,19.1,2nd quarter,0:49.1,Chris Webber,SAC,False,2-pointer,19,44-37,'SAC',leads
194,194,194,200204290UTA,24.0,5.0,2nd quarter,0:18.7,Chris Webber,SAC,True,2-pointer,0,46-37,'SAC',leads
195,195,195,200204290UTA,40.5,14.3,3rd quarter,11:29.0,Mike Bibby,SAC,False,2-pointer,19,46-42,'SAC',leads
196,196,196,200204290UTA,18.8,8.4,3rd quarter,11:04.0,Chris Webber,SAC,False,2-pointer,6,46-44,'SAC',leads
197,197,197,200204290UTA,33.4,5.0,3rd quarter,9:47.0,Chris Webber,SAC,False,2-pointer,9,46-48,'SAC',trails
198,198,198,200204290UTA,24.0,5.0,3rd quarter,9:00.0,Chris Webber,SAC,True,2-pointer,0,50-48,'SAC',leads
199,199,199,200204290UTA,3.8,3.9,3rd quarter,8:27.0,Peja Stojaković,SAC,True,2-pointer,20,52-48,'SAC',leads
200,200,200,200204290UTA,4.7,7.3,3rd quarter,8:00.0,Mike Bibby,SAC,False,2-pointer,19,52-48,'SAC',leads
201,201,201,200204290UTA,46.8,5.0,3rd quarter,6:58.0,Peja Stojaković,SAC,True,3-pointer,23,55-48,'SAC',leads
202,202,202,200204290UTA,4.7,5.0,3rd quarter,5:20.0,Vlade Divac,SAC,True,2-pointer,19,57-53,'SAC',leads
203,203,203,200204290UTA,24.0,5.0,3rd quarter,4:55.0,Doug Christie,SAC,True,2-pointer,0,59-53,'SAC',leads
204,204,204,200204290UTA,31.0,9.7,3rd quarter,4:30.0,Peja Stojaković,SAC,False,2-pointer,8,59-53,'SAC',leads
205,205,205,200204290UTA,24.0,5.0,3rd quarter,4:26.0,Scot Pollard,SAC,True,2-pointer,0,61-53,'SAC',leads
206,206,206,200204290UTA,24.0,5.0,3rd quarter,3:47.0,Mike Bibby,SAC,False,2-pointer,0,61-55,'SAC',leads
207,207,207,200204290UTA,24.0,5.0,3rd quarter,3:45.0,Scot Pollard,SAC,True,2-pointer,0,63-55,'SAC',leads
208,208,208,200204290UTA,5.3,14.3,3rd quarter,1:40.0,Peja Stojaković,SAC,True,2-pointer,21,67-57,'SAC',leads
209,209,209,200204290UTA,46.8,8.0,3rd quarter,1:07.0,Bobby Jackson,SAC,False,3-pointer,23,67-58,'SAC',leads
210,210,210,200204290UTA,39.7,10.3,3rd quarter,0:33.7,Peja Stojaković,SAC,False,2-pointer,17,67-60,'SAC',leads
211,211,211,200204290UTA,27.2,18.5,4th quarter,11:45.0,Bobby Jackson,SAC,False,2-pointer,14,67-62,'SAC',leads
212,212,212,200204290UTA,10.2,18.5,4th quarter,10:02.0,Doug Christie,SAC,False,2-pointer,19,68-62,'SAC',leads
213,213,213,200204290UTA,24.0,5.0,4th quarter,9:56.0,Doug Christie,SAC,True,2-pointer,0,70-62,'SAC',leads
214,214,214,200204290UTA,23.4,12.6,4th quarter,9:25.0,Chris Webber,SAC,True,2-pointer,8,73-62,'SAC',leads
215,215,215,200204290UTA,38.8,14.9,4th quarter,8:27.0,Chris Webber,SAC,False,2-pointer,18,73-66,'SAC',leads
216,216,216,200204290UTA,38.8,16.8,4th quarter,6:24.0,Chris Webber,SAC,False,2-pointer,19,75-72,'SAC',leads
217,217,217,200204290UTA,13.1,27.4,4th quarter,6:18.0,Doug Christie,SAC,False,3-pointer,25,75-72,'SAC',leads
218,218,218,200204290UTA,19.4,25.0,4th quarter,5:30.0,Chris Webber,SAC,False,2-pointer,21,76-74,'SAC',leads
219,219,219,200204290UTA,1.5,6.1,4th quarter,4:56.0,Peja Stojaković,SAC,False,3-pointer,23,76-76,'SAC',tied
220,220,220,200204290UTA,24.0,5.0,4th quarter,4:52.0,Chris Webber,SAC,True,2-pointer,0,78-76,'SAC',leads
221,221,221,200204290UTA,24.0,5.0,4th quarter,4:05.0,Mike Bibby,SAC,True,2-pointer,0,80-76,'SAC',leads
222,222,222,200204290UTA,42.8,21.5,4th quarter,3:00.0,Peja Stojaković,SAC,True,3-pointer,25,83-76,'SAC',leads
223,223,223,200204290UTA,24.0,5.0,4th quarter,2:36.0,Vlade Divac,SAC,False,2-pointer,0,83-76,'SAC',leads
224,224,224,200204290UTA,13.1,30.5,4th quarter,1:29.0,Vlade Divac,SAC,True,3-pointer,28,87-81,'SAC',leads
225,225,225,200204290UTA,23.4,11.3,4th quarter,1:00.0,Chris Webber,SAC,False,2-pointer,6,87-81,'SAC',leads
226,226,226,200204290UTA,13.9,5.4,4th quarter,0:36.6,Mike Bibby,SAC,True,2-pointer,10,89-84,'SAC',leads
227,227,227,200204290UTA,13.9,16.2,1st quarter,10:34.0,Bryon Russell,UTA,False,2-pointer,15,0-5,'SAC',trails
228,228,228,200204290UTA,24.9,16.2,1st quarter,10:05.0,John Stockton,UTA,False,2-pointer,11,0-5,'SAC',trails
229,229,229,200204290UTA,38.2,17.2,1st quarter,9:29.0,Karl Malone,UTA,False,2-pointer,19,0-7,'SAC',trails
230,230,230,200204290UTA,24.0,5.0,1st quarter,9:25.0,Jarron Collins,UTA,True,2-pointer,0,2-7,'SAC',trails
231,231,231,200204290UTA,24.0,5.0,1st quarter,8:48.0,Karl Malone,UTA,True,2-pointer,0,4-7,'SAC',trails
232,232,232,200204290UTA,24.1,13.2,1st quarter,8:13.0,Bryon Russell,UTA,False,2-pointer,8,4-10,'SAC',trails
233,233,233,200204290UTA,23.4,22.1,1st quarter,7:39.0,Jarron Collins,UTA,True,2-pointer,17,6-12,'SAC',trails
234,234,234,200204290UTA,24.9,15.6,1st quarter,7:04.0,Greg Ostertag,UTA,True,2-pointer,11,8-12,'SAC',trails
235,235,235,200204290UTA,44.5,19.1,1st quarter,4:40.0,Bryon Russell,UTA,True,3-pointer,25,13-18,'SAC',trails
236,236,236,200204290UTA,7.8,19.8,1st quarter,4:12.0,Andrei Kirilenko,UTA,False,2-pointer,22,13-18,'SAC',trails
237,237,237,200204290UTA,42.8,20.8,1st quarter,3:35.0,Rusty LaRue,UTA,True,3-pointer,25,16-20,'SAC',trails
238,238,238,200204290UTA,46.0,5.0,1st quarter,3:08.0,Bryon Russell,UTA,False,2-pointer,22,16-20,'SAC',trails
239,239,239,200204290UTA,24.0,5.0,1st quarter,3:04.0,Greg Ostertag,UTA,False,2-pointer,0,16-20,'SAC',trails
240,240,240,200204290UTA,24.0,5.0,1st quarter,2:36.0,Karl Malone,UTA,False,2-pointer,0,16-21,'SAC',trails
241,241,241,200204290UTA,39.7,7.3,1st quarter,2:12.0,Karl Malone,UTA,False,2-pointer,16,16-21,'SAC',trails
242,242,242,200204290UTA,24.0,5.0,1st quarter,2:05.0,Rusty LaRue,UTA,True,2-pointer,0,18-21,'SAC',trails
243,243,243,200204290UTA,24.0,5.0,1st quarter,0:38.5,Greg Ostertag,UTA,True,2-pointer,0,20-28,'SAC',trails
244,244,244,200204290UTA,44.5,13.9,2nd quarter,11:01.0,Quincy Lewis,UTA,True,2-pointer,22,22-30,'SAC',trails
245,245,245,200204290UTA,24.0,5.0,2nd quarter,10:09.0,Donyell Marshall,UTA,True,2-pointer,0,24-34,'SAC',trails
246,246,246,200204290UTA,16.3,24.4,2nd quarter,9:40.0,John Stockton,UTA,False,2-pointer,21,24-34,'SAC',trails
247,247,247,200204290UTA,35.0,14.3,2nd quarter,8:17.0,Quincy Lewis,UTA,False,2-pointer,14,26-34,'SAC',trails
248,248,248,200204290UTA,24.9,10.9,2nd quarter,7:50.0,Karl Malone,UTA,False,2-pointer,6,26-34,'SAC',trails
249,249,249,200204290UTA,24.0,5.0,2nd quarter,7:36.0,Karl Malone,UTA,False,2-pointer,0,26-34,'SAC',trails
250,250,250,200204290UTA,31.9,29.3,2nd quarter,7:14.0,Donyell Marshall,UTA,False,3-pointer,26,26-34,'SAC',trails
251,251,251,200204290UTA,24.0,5.0,2nd quarter,6:56.0,Karl Malone,UTA,True,2-pointer,0,28-34,'SAC',trails
252,252,252,200204290UTA,25.6,29.9,2nd quarter,6:27.0,Bryon Russell,UTA,False,3-pointer,25,28-34,'SAC',trails
253,253,253,200204290UTA,13.1,19.8,2nd quarter,5:42.0,Scott Padgett,UTA,False,2-pointer,18,28-36,'SAC',trails
254,254,254,200204290UTA,24.0,5.0,2nd quarter,5:06.0,Karl Malone,UTA,False,2-pointer,0,28-38,'SAC',trails
255,255,255,200204290UTA,3.0,6.1,2nd quarter,4:33.0,Bryon Russell,UTA,False,2-pointer,21,30-40,'SAC',trails
256,256,256,200204290UTA,24.0,5.0,2nd quarter,4:05.0,Karl Malone,UTA,False,2-pointer,0,30-40,'SAC',trails
257,257,257,200204290UTA,24.0,5.0,2nd quarter,3:59.0,Donyell Marshall,UTA,True,2-pointer,0,32-40,'SAC',trails
258,258,258,200204290UTA,40.5,17.2,2nd quarter,3:25.0,Karl Malone,UTA,True,2-pointer,21,34-42,'SAC',trails
259,259,259,200204290UTA,18.8,16.2,2nd quarter,2:43.0,John Stockton,UTA,True,2-pointer,12,36-44,'SAC',trails
260,260,260,200204290UTA,24.1,12.0,2nd quarter,2:11.0,Donyell Marshall,UTA,False,2-pointer,7,36-44,'SAC',trails
261,261,261,200204290UTA,24.0,5.0,2nd quarter,2:03.0,Donyell Marshall,UTA,False,2-pointer,0,36-44,'SAC',trails
262,262,262,200204290UTA,3.0,18.5,2nd quarter,0:01.2,Bryon Russell,UTA,True,3-pointer,25,40-46,'SAC',trails
263,263,263,200204290UTA,33.4,20.8,3rd quarter,11:44.0,Karl Malone,UTA,True,2-pointer,18,42-46,'SAC',trails
264,264,264,200204290UTA,24.1,13.9,3rd quarter,11:23.0,John Stockton,UTA,True,2-pointer,9,44-46,'SAC',trails
265,265,265,200204290UTA,8.7,5.0,3rd quarter,10:11.0,Jarron Collins,UTA,True,2-pointer,15,48-46,'SAC',leads
266,266,266,200204290UTA,26.4,26.9,3rd quarter,9:21.0,Bryon Russell,UTA,False,2-pointer,22,48-48,'SAC',tied
267,267,267,200204290UTA,26.4,22.1,3rd quarter,8:10.0,Karl Malone,UTA,False,2-pointer,17,48-52,'SAC',trails
268,268,268,200204290UTA,24.0,5.0,3rd quarter,7:51.0,Andrei Kirilenko,UTA,False,2-pointer,0,48-52,'SAC',trails
269,269,269,200204290UTA,17.1,18.5,3rd quarter,6:39.0,Jarron Collins,UTA,True,2-pointer,15,50-55,'SAC',trails
270,270,270,200204290UTA,44.5,12.6,3rd quarter,6:00.0,Donyell Marshall,UTA,True,2-pointer,22,53-55,'SAC',trails
271,271,271,200204290UTA,31.9,19.8,3rd quarter,5:43.0,Karl Malone,UTA,False,2-pointer,17,53-55,'SAC',trails
272,272,272,200204290UTA,38.8,5.4,3rd quarter,5:03.0,Donyell Marshall,UTA,False,2-pointer,15,53-57,'SAC',trails
273,273,273,200204290UTA,8.7,16.2,3rd quarter,4:39.0,John Stockton,UTA,False,2-pointer,19,53-59,'SAC',trails
274,274,274,200204290UTA,39.7,7.3,3rd quarter,4:02.0,John Stockton,UTA,True,2-pointer,16,55-61,'SAC',trails
275,275,275,200204290UTA,38.2,18.5,3rd quarter,3:25.0,Karl Malone,UTA,True,2-pointer,20,57-63,'SAC',trails
276,276,276,200204290UTA,24.0,5.0,3rd quarter,2:44.0,Karl Malone,UTA,False,2-pointer,0,57-63,'SAC',trails
277,277,277,200204290UTA,24.0,5.0,3rd quarter,2:10.0,Bryon Russell,UTA,False,2-pointer,0,57-65,'SAC',trails
278,278,278,200204290UTA,37.4,11.3,3rd quarter,1:54.0,Scott Padgett,UTA,False,2-pointer,15,57-65,'SAC',trails
279,279,279,200204290UTA,24.0,5.0,3rd quarter,0:48.3,Donyell Marshall,UTA,False,2-pointer,0,58-67,'SAC',trails
280,280,280,200204290UTA,24.0,5.0,3rd quarter,0:44.6,Greg Ostertag,UTA,False,2-pointer,0,58-67,'SAC',trails
281,281,281,200204290UTA,24.0,5.0,3rd quarter,0:44.6,Greg Ostertag,UTA,True,2-pointer,0,60-67,'SAC',trails
282,282,282,200204290UTA,0.7,9.7,3rd quarter,0:10.7,Scott Padgett,UTA,False,3-pointer,24,60-67,'SAC',trails
283,283,283,200204290UTA,24.0,5.0,3rd quarter,0:07.4,Donyell Marshall,UTA,False,2-pointer,0,60-67,'SAC',trails
284,284,284,200204290UTA,24.0,5.0,3rd quarter,0:03.2,Scott Padgett,UTA,False,2-pointer,0,60-67,'SAC',trails
285,285,285,200204290UTA,24.0,5.0,3rd quarter,0:03.0,Greg Ostertag,UTA,True,2-pointer,0,62-67,'SAC',trails
286,286,286,200204290UTA,43.7,9.0,4th quarter,11:28.0,Bryon Russell,UTA,False,2-pointer,20,62-67,'SAC',trails
287,287,287,200204290UTA,10.2,17.9,4th quarter,11:12.0,Donyell Marshall,UTA,False,2-pointer,19,62-67,'SAC',trails
288,288,288,200204290UTA,21.1,8.4,4th quarter,11:00.0,Donyell Marshall,UTA,False,2-pointer,4,62-67,'SAC',trails
289,289,289,200204290UTA,24.0,5.0,4th quarter,10:57.0,Greg Ostertag,UTA,False,2-pointer,0,62-67,'SAC',trails
290,290,290,200204290UTA,35.7,21.5,4th quarter,10:23.0,Karl Malone,UTA,False,2-pointer,20,62-68,'SAC',trails
291,291,291,200204290UTA,30.2,22.7,4th quarter,9:11.0,Karl Malone,UTA,True,2-pointer,19,64-73,'SAC',trails
292,292,292,200204290UTA,24.0,5.0,4th quarter,8:45.0,Andrei Kirilenko,UTA,True,2-pointer,0,66-73,'SAC',trails
293,293,293,200204290UTA,43.7,11.3,4th quarter,7:45.0,Andrei Kirilenko,UTA,True,2-pointer,21,68-73,'SAC',trails
294,294,294,200204290UTA,24.1,17.2,4th quarter,7:10.0,John Stockton,UTA,True,2-pointer,12,70-75,'SAC',trails
295,295,295,200204290UTA,24.0,5.0,4th quarter,6:40.0,Andrei Kirilenko,UTA,True,2-pointer,0,72-75,'SAC',trails
296,296,296,200204290UTA,24.0,5.0,4th quarter,5:53.0,Andrei Kirilenko,UTA,False,2-pointer,0,72-76,'SAC',trails
297,297,297,200204290UTA,24.0,5.0,4th quarter,5:50.0,Donyell Marshall,UTA,False,2-pointer,0,72-76,'SAC',trails
298,298,298,200204290UTA,24.0,5.0,4th quarter,5:47.0,Andrei Kirilenko,UTA,True,2-pointer,0,74-76,'SAC',trails
299,299,299,200204290UTA,24.1,10.3,4th quarter,5:15.0,Karl Malone,UTA,True,2-pointer,5,76-76,'SAC',tied
300,300,300,200204290UTA,24.9,16.8,4th quarter,4:31.0,Donyell Marshall,UTA,False,2-pointer,12,76-78,'SAC',trails
301,301,301,200204290UTA,11.6,21.5,4th quarter,4:13.0,Karl Malone,UTA,False,2-pointer,21,76-78,'SAC',trails
302,302,302,200204290UTA,23.4,23.4,4th quarter,3:45.0,Bryon Russell,UTA,False,2-pointer,18,76-80,'SAC',trails
303,303,303,200204290UTA,24.0,5.0,4th quarter,2:50.0,John Stockton,UTA,False,2-pointer,0,76-83,'SAC',trails
304,304,304,200204290UTA,24.0,5.0,4th quarter,2:44.0,Greg Ostertag,UTA,False,2-pointer,0,76-83,'SAC',trails
305,305,305,200204290UTA,33.4,22.1,4th quarter,2:21.0,Karl Malone,UTA,False,2-pointer,20,76-84,'SAC',trails
306,306,306,200204290UTA,24.0,5.0,4th quarter,2:18.0,Scott Padgett,UTA,True,2-pointer,0,78-84,'SAC',trails
307,307,307,200204290UTA,24.0,5.0,4th quarter,1:52.0,Scott Padgett,UTA,True,2-pointer,0,80-84,'SAC',trails
308,308,308,200204290UTA,24.0,5.0,4th quarter,1:19.0,Donyell Marshall,UTA,False,2-pointer,0,81-87,'SAC',trails
309,309,309,200204290UTA,36.5,27.4,4th quarter,0:51.9,John Stockton,UTA,True,3-pointer,26,84-87,'SAC',trails
310,310,310,200204290UTA,29.6,28.6,4th quarter,0:26.0,Scott Padgett,UTA,False,3-pointer,24,84-89,'SAC',trails
311,311,311,200204290UTA,33.4,28.0,4th quarter,0:16.4,John Stockton,UTA,False,3-pointer,25,84-91,'SAC',trails
312,312,312,200204290UTA,9.1,37.7,4th quarter,0:04.9,John Stockton,UTA,False,3-pointer,36,84-91,'SAC',trails
313,313,313,200204290UTA,24.0,5.0,4th quarter,0:03.5,Donyell Marshall,UTA,True,2-pointer,0,86-91,'SAC',trails
