,Unnamed: 0.1,Unnamed: 0,match_id,shotX,shotY,quarter,time_remaining,player,team,made,shot_type,distance,score,opp,status
0,0,0,200212080LAL,17.3,15.9,1st quarter,11:25.0,Calbert Cheaney,UTA,False,2-pointer,13,0-0,'LAL',tied
1,1,1,200212080LAL,24.0,5.0,1st quarter,10:58.0,John Stockton,UTA,False,2-pointer,0,0-0,'LAL',tied
2,2,2,200212080LAL,16.5,15.5,1st quarter,10:28.0,Karl Malone,UTA,False,2-pointer,13,0-2,'LAL',trails
3,3,3,200212080LAL,33.8,21.1,1st quarter,9:28.0,John Stockton,UTA,False,2-pointer,19,0-5,'LAL',trails
4,4,4,200212080LAL,24.0,5.0,1st quarter,9:09.0,Calbert Cheaney,UTA,True,2-pointer,0,2-5,'LAL',trails
5,5,5,200212080LAL,27.6,10.3,1st quarter,8:01.0,Jarron Collins,UTA,False,2-pointer,6,3-7,'LAL',trails
6,6,6,200212080LAL,30.4,9.6,1st quarter,7:25.0,Jarron Collins,UTA,False,2-pointer,8,3-9,'LAL',trails
7,7,7,200212080LAL,24.0,5.0,1st quarter,7:01.0,Matt Harpring,UTA,True,2-pointer,0,5-11,'LAL',trails
8,8,8,200212080LAL,34.5,18.7,1st quarter,6:27.0,Karl Malone,UTA,False,2-pointer,17,5-13,'LAL',trails
9,9,9,200212080LAL,32.2,22.1,1st quarter,5:27.0,Andrei Kirilenko,UTA,True,2-pointer,19,7-16,'LAL',trails
10,10,10,200212080LAL,26.8,9.9,1st quarter,4:51.0,Mark Jackson,UTA,False,2-pointer,6,7-18,'LAL',trails
11,11,11,200212080LAL,24.0,5.0,1st quarter,4:23.0,Andrei Kirilenko,UTA,False,2-pointer,0,7-21,'LAL',trails
12,12,12,200212080LAL,24.0,5.0,1st quarter,4:21.0,Matt Harpring,UTA,True,2-pointer,0,9-21,'LAL',trails
13,13,13,200212080LAL,38.3,9.0,1st quarter,3:58.0,Karl Malone,UTA,False,2-pointer,15,9-24,'LAL',trails
14,14,14,200212080LAL,24.0,5.0,1st quarter,3:44.0,Matt Harpring,UTA,True,2-pointer,0,11-24,'LAL',trails
15,15,15,200212080LAL,16.6,24.2,1st quarter,3:15.0,Karl Malone,UTA,True,2-pointer,21,14-26,'LAL',trails
16,16,16,200212080LAL,38.9,2.9,1st quarter,2:19.0,Matt Harpring,UTA,False,2-pointer,15,14-29,'LAL',trails
17,17,17,200212080LAL,2.6,20.3,1st quarter,2:03.0,Andrei Kirilenko,UTA,True,3-pointer,26,17-29,'LAL',trails
18,18,18,200212080LAL,19.1,29.0,1st quarter,1:41.0,Scott Padgett,UTA,False,3-pointer,25,17-29,'LAL',trails
19,19,19,200212080LAL,24.0,5.0,1st quarter,0:39.4,Andrei Kirilenko,UTA,True,2-pointer,0,21-33,'LAL',trails
20,20,20,200212080LAL,24.0,5.0,1st quarter,0:04.0,Andrei Kirilenko,UTA,False,2-pointer,0,21-34,'LAL',trails
21,21,21,200212080LAL,24.0,5.0,2nd quarter,11:52.0,Mark Jackson,UTA,False,2-pointer,0,21-34,'LAL',trails
22,22,22,200212080LAL,24.0,5.0,2nd quarter,11:30.0,Mark Jackson,UTA,True,2-pointer,0,23-34,'LAL',trails
23,23,23,200212080LAL,36.1,28.0,2nd quarter,11:04.0,Scott Padgett,UTA,True,3-pointer,26,26-34,'LAL',trails
24,24,24,200212080LAL,32.0,30.2,2nd quarter,9:55.0,Scott Padgett,UTA,True,3-pointer,26,31-36,'LAL',trails
25,25,25,200212080LAL,10.9,9.6,2nd quarter,9:14.0,Scott Padgett,UTA,False,2-pointer,14,31-38,'LAL',trails
26,26,26,200212080LAL,14.6,18.0,2nd quarter,8:04.0,John Amaechi,UTA,False,2-pointer,16,33-40,'LAL',trails
27,27,27,200212080LAL,10.0,16.5,2nd quarter,7:03.0,Andrei Kirilenko,UTA,False,2-pointer,18,37-42,'LAL',trails
28,28,28,200212080LAL,36.0,6.8,2nd quarter,6:23.0,John Stockton,UTA,False,2-pointer,12,37-44,'LAL',trails
29,29,29,200212080LAL,24.0,5.0,2nd quarter,5:55.0,Karl Malone,UTA,False,2-pointer,0,37-44,'LAL',trails
30,30,30,200212080LAL,8.9,25.7,2nd quarter,5:35.0,Andrei Kirilenko,UTA,True,3-pointer,26,40-44,'LAL',trails
31,31,31,200212080LAL,24.8,13.1,2nd quarter,5:00.0,Karl Malone,UTA,False,2-pointer,8,40-46,'LAL',trails
32,32,32,200212080LAL,36.1,18.2,2nd quarter,3:17.0,John Stockton,UTA,False,2-pointer,18,44-50,'LAL',trails
33,33,33,200212080LAL,6.9,5.0,2nd quarter,3:06.0,Matt Harpring,UTA,True,2-pointer,17,46-50,'LAL',trails
34,34,34,200212080LAL,24.5,15.9,2nd quarter,2:27.0,Karl Malone,UTA,False,2-pointer,11,46-52,'LAL',trails
35,35,35,200212080LAL,16.6,16.8,2nd quarter,1:49.0,Karl Malone,UTA,False,2-pointer,14,46-52,'LAL',trails
36,36,36,200212080LAL,24.0,5.0,2nd quarter,1:28.0,Matt Harpring,UTA,True,2-pointer,0,48-55,'LAL',trails
37,37,37,200212080LAL,24.0,5.0,2nd quarter,0:50.2,Karl Malone,UTA,False,2-pointer,0,49-55,'LAL',trails
38,38,38,200212080LAL,16.6,29.8,2nd quarter,0:35.5,John Stockton,UTA,True,3-pointer,26,52-55,'LAL',trails
39,39,39,200212080LAL,36.0,14.1,2nd quarter,0:05.4,John Amaechi,UTA,False,2-pointer,15,52-58,'LAL',trails
40,40,40,200212080LAL,24.0,5.0,3rd quarter,11:44.0,Karl Malone,UTA,False,2-pointer,0,52-58,'LAL',trails
41,41,41,200212080LAL,24.6,10.1,3rd quarter,11:12.0,Karl Malone,UTA,True,2-pointer,5,54-61,'LAL',trails
42,42,42,200212080LAL,24.5,12.6,3rd quarter,10:46.0,Karl Malone,UTA,False,2-pointer,8,54-64,'LAL',trails
43,43,43,200212080LAL,23.0,20.5,3rd quarter,9:44.0,Matt Harpring,UTA,False,2-pointer,16,54-64,'LAL',trails
44,44,44,200212080LAL,24.0,5.0,3rd quarter,9:35.0,Matt Harpring,UTA,True,2-pointer,0,56-64,'LAL',trails
45,45,45,200212080LAL,26.3,21.8,3rd quarter,7:53.0,Calbert Cheaney,UTA,False,2-pointer,17,59-68,'LAL',trails
46,46,46,200212080LAL,38.0,26.4,3rd quarter,7:45.0,Matt Harpring,UTA,False,3-pointer,26,59-68,'LAL',trails
47,47,47,200212080LAL,13.7,17.3,3rd quarter,7:07.0,John Stockton,UTA,True,2-pointer,16,62-71,'LAL',trails
48,48,48,200212080LAL,6.6,11.3,3rd quarter,6:39.0,Calbert Cheaney,UTA,False,2-pointer,19,62-71,'LAL',trails
49,49,49,200212080LAL,33.8,18.7,3rd quarter,6:03.0,John Stockton,UTA,False,2-pointer,17,62-73,'LAL',trails
50,50,50,200212080LAL,32.7,12.2,3rd quarter,5:27.0,Karl Malone,UTA,False,2-pointer,11,62-75,'LAL',trails
51,51,51,200212080LAL,12.5,7.8,3rd quarter,5:18.0,Jarron Collins,UTA,True,2-pointer,12,64-75,'LAL',trails
52,52,52,200212080LAL,10.2,3.6,3rd quarter,4:06.0,Matt Harpring,UTA,True,2-pointer,14,66-77,'LAL',trails
53,53,53,200212080LAL,16.6,7.0,3rd quarter,3:38.0,Matt Harpring,UTA,False,2-pointer,8,66-79,'LAL',trails
54,54,54,200212080LAL,24.0,5.0,3rd quarter,3:24.0,Matt Harpring,UTA,True,2-pointer,0,68-79,'LAL',trails
55,55,55,200212080LAL,24.0,5.0,3rd quarter,1:18.0,Andrei Kirilenko,UTA,True,2-pointer,0,72-86,'LAL',trails
56,56,56,200212080LAL,24.0,5.0,3rd quarter,0:00.1,Matt Harpring,UTA,True,2-pointer,0,76-88,'LAL',trails
57,57,57,200212080LAL,13.3,13.2,4th quarter,11:38.0,Andrei Kirilenko,UTA,False,2-pointer,13,76-88,'LAL',trails
58,58,58,200212080LAL,24.0,5.0,4th quarter,11:10.0,John Amaechi,UTA,True,2-pointer,0,78-88,'LAL',trails
59,59,59,200212080LAL,24.0,5.0,4th quarter,10:31.0,Matt Harpring,UTA,False,2-pointer,0,78-91,'LAL',trails
60,60,60,200212080LAL,10.0,26.9,4th quarter,10:09.0,Scott Padgett,UTA,False,3-pointer,26,78-91,'LAL',trails
61,61,61,200212080LAL,40.1,8.0,4th quarter,8:52.0,Karl Malone,UTA,False,2-pointer,16,78-93,'LAL',trails
62,62,62,200212080LAL,7.9,5.3,4th quarter,8:10.0,John Stockton,UTA,False,2-pointer,16,78-95,'LAL',trails
63,63,63,200212080LAL,24.0,5.0,4th quarter,7:01.0,Andrei Kirilenko,UTA,True,2-pointer,0,80-98,'LAL',trails
64,64,64,200212080LAL,40.7,3.1,4th quarter,6:24.0,John Amaechi,UTA,False,2-pointer,17,80-100,'LAL',trails
65,65,65,200212080LAL,18.6,9.9,4th quarter,5:56.0,Karl Malone,UTA,True,2-pointer,7,82-100,'LAL',trails
66,66,66,200212080LAL,8.6,3.4,4th quarter,5:17.0,John Stockton,UTA,True,2-pointer,15,84-100,'LAL',trails
67,67,67,200212080LAL,24.3,13.6,4th quarter,4:43.0,Matt Harpring,UTA,False,2-pointer,9,84-100,'LAL',trails
68,68,68,200212080LAL,24.0,5.0,4th quarter,4:16.0,John Stockton,UTA,True,2-pointer,0,86-100,'LAL',trails
69,69,69,200212080LAL,44.7,22.4,4th quarter,3:39.0,Andrei Kirilenko,UTA,True,3-pointer,27,90-102,'LAL',trails
70,70,70,200212080LAL,5.4,4.9,4th quarter,3:04.0,Matt Harpring,UTA,False,2-pointer,19,90-102,'LAL',trails
71,71,71,200212080LAL,34.2,8.3,4th quarter,2:36.0,Scott Padgett,UTA,False,2-pointer,11,90-102,'LAL',trails
72,72,72,200212080LAL,31.9,30.2,4th quarter,2:07.0,Andrei Kirilenko,UTA,True,3-pointer,26,93-104,'LAL',trails
73,73,73,200212080LAL,24.0,5.0,4th quarter,1:12.0,DeShawn Stevenson,UTA,True,2-pointer,0,97-104,'LAL',trails
74,74,74,200212080LAL,32.7,23.4,4th quarter,0:51.7,Karl Malone,UTA,False,2-pointer,20,97-106,'LAL',trails
75,75,75,200212080LAL,24.0,5.0,4th quarter,0:28.1,Matt Harpring,UTA,True,2-pointer,0,99-108,'LAL',trails
76,76,76,200212080LAL,24.0,5.0,4th quarter,0:01.0,DeShawn Stevenson,UTA,True,2-pointer,0,101-110,'LAL',trails
77,77,77,200212080LAL,1.0,15.4,1st quarter,11:15.0,Derek Fisher,LAL,False,3-pointer,25,0-0,'LAL',tied
78,78,78,200212080LAL,24.0,5.0,1st quarter,10:18.0,Shaquille O'Neal,LAL,True,2-pointer,0,4-0,'LAL',leads
79,79,79,200212080LAL,24.0,5.0,1st quarter,9:50.0,Kobe Bryant,LAL,False,2-pointer,0,5-0,'LAL',leads
80,80,80,200212080LAL,22.7,26.7,1st quarter,8:32.0,Rick Fox,LAL,False,2-pointer,22,5-3,'LAL',leads
81,81,81,200212080LAL,22.9,10.1,1st quarter,8:24.0,Shaquille O'Neal,LAL,True,2-pointer,5,7-3,'LAL',leads
82,82,82,200212080LAL,24.0,5.0,1st quarter,7:44.0,Kobe Bryant,LAL,True,2-pointer,0,9-3,'LAL',leads
83,83,83,200212080LAL,47.6,9.0,1st quarter,7:18.0,Rick Fox,LAL,False,3-pointer,24,9-3,'LAL',leads
84,84,84,200212080LAL,24.0,5.0,1st quarter,7:16.0,Shaquille O'Neal,LAL,True,2-pointer,0,11-3,'LAL',leads
85,85,85,200212080LAL,24.0,5.0,1st quarter,6:48.0,Shaquille O'Neal,LAL,False,2-pointer,0,11-5,'LAL',leads
86,86,86,200212080LAL,24.0,5.0,1st quarter,6:46.0,Shaquille O'Neal,LAL,True,2-pointer,0,13-5,'LAL',leads
87,87,87,200212080LAL,24.0,5.0,1st quarter,6:14.0,Shaquille O'Neal,LAL,True,2-pointer,0,15-5,'LAL',leads
88,88,88,200212080LAL,41.9,4.7,1st quarter,5:07.0,Derek Fisher,LAL,True,2-pointer,18,18-7,'LAL',leads
89,89,89,200212080LAL,48.6,5.2,1st quarter,4:41.0,Rick Fox,LAL,True,3-pointer,25,21-7,'LAL',leads
90,90,90,200212080LAL,24.0,5.0,1st quarter,3:38.0,Shaquille O'Neal,LAL,True,2-pointer,0,26-11,'LAL',leads
91,91,91,200212080LAL,1.3,10.3,1st quarter,1:52.0,Rick Fox,LAL,False,3-pointer,23,29-17,'LAL',leads
92,92,92,200212080LAL,24.0,5.0,1st quarter,1:17.0,Shaquille O'Neal,LAL,True,2-pointer,0,33-17,'LAL',leads
93,93,93,200212080LAL,24.8,13.6,1st quarter,0:48.3,Devean George,LAL,False,2-pointer,9,33-19,'LAL',leads
94,94,94,200212080LAL,28.9,35.9,1st quarter,0:00.1,Devean George,LAL,False,3-pointer,31,34-21,'LAL',leads
95,95,95,200212080LAL,34.3,30.5,2nd quarter,10:13.0,Tracy Murray,LAL,False,3-pointer,28,36-28,'LAL',leads
96,96,96,200212080LAL,24.0,5.0,2nd quarter,9:39.0,Devean George,LAL,False,2-pointer,0,36-31,'LAL',leads
97,97,97,200212080LAL,24.0,5.0,2nd quarter,9:36.0,Tracy Murray,LAL,False,2-pointer,0,36-31,'LAL',leads
98,98,98,200212080LAL,24.0,5.0,2nd quarter,9:34.0,Robert Horry,LAL,True,2-pointer,0,38-31,'LAL',leads
99,99,99,200212080LAL,36.8,13.6,2nd quarter,9:01.0,Kobe Bryant,LAL,False,2-pointer,15,38-31,'LAL',leads
100,100,100,200212080LAL,26.1,16.5,2nd quarter,8:24.0,Derek Fisher,LAL,True,2-pointer,12,40-33,'LAL',leads
101,101,101,200212080LAL,8.4,6.7,2nd quarter,7:48.0,Derek Fisher,LAL,True,2-pointer,16,42-35,'LAL',leads
102,102,102,200212080LAL,24.0,5.0,2nd quarter,6:44.0,Shaquille O'Neal,LAL,False,2-pointer,0,42-37,'LAL',leads
103,103,103,200212080LAL,24.0,5.0,2nd quarter,6:43.0,Shaquille O'Neal,LAL,True,2-pointer,0,44-37,'LAL',leads
104,104,104,200212080LAL,16.6,11.1,2nd quarter,6:09.0,Shaquille O'Neal,LAL,False,2-pointer,10,44-37,'LAL',leads
105,105,105,200212080LAL,7.7,24.6,2nd quarter,5:46.0,Brian Shaw,LAL,False,3-pointer,25,44-37,'LAL',leads
106,106,106,200212080LAL,23.5,13.9,2nd quarter,5:06.0,Kobe Bryant,LAL,True,2-pointer,9,46-40,'LAL',leads
107,107,107,200212080LAL,25.5,18.5,2nd quarter,4:42.0,Kobe Bryant,LAL,False,2-pointer,14,46-40,'LAL',leads
108,108,108,200212080LAL,24.0,5.0,2nd quarter,4:05.0,Kobe Bryant,LAL,True,2-pointer,0,48-42,'LAL',leads
109,109,109,200212080LAL,24.0,5.0,2nd quarter,3:34.0,Shaquille O'Neal,LAL,True,2-pointer,0,50-44,'LAL',leads
110,110,110,200212080LAL,3.6,8.5,2nd quarter,2:45.0,Rick Fox,LAL,True,2-pointer,21,52-46,'LAL',leads
111,111,111,200212080LAL,3.6,22.1,2nd quarter,2:01.0,Robert Horry,LAL,False,3-pointer,27,52-46,'LAL',leads
112,112,112,200212080LAL,7.2,24.2,2nd quarter,1:42.0,Robert Horry,LAL,True,3-pointer,26,55-46,'LAL',leads
113,113,113,200212080LAL,28.7,17.0,2nd quarter,1:05.0,Shaquille O'Neal,LAL,False,2-pointer,13,55-49,'LAL',leads
114,114,114,200212080LAL,24.0,5.0,2nd quarter,0:28.8,Kobe Bryant,LAL,True,2-pointer,0,57-52,'LAL',leads
115,115,115,200212080LAL,25.3,18.7,2nd quarter,0:00.1,Kobe Bryant,LAL,False,2-pointer,14,58-52,'LAL',leads
116,116,116,200212080LAL,3.5,20.1,3rd quarter,11:35.0,Rick Fox,LAL,True,3-pointer,25,61-52,'LAL',leads
117,117,117,200212080LAL,24.0,5.0,3rd quarter,11:03.0,Derek Fisher,LAL,True,2-pointer,0,63-54,'LAL',leads
118,118,118,200212080LAL,24.8,24.6,3rd quarter,10:35.0,Kobe Bryant,LAL,False,2-pointer,20,64-54,'LAL',leads
119,119,119,200212080LAL,45.0,11.6,3rd quarter,8:47.0,Rick Fox,LAL,False,2-pointer,22,64-57,'LAL',leads
120,120,120,200212080LAL,24.0,5.0,3rd quarter,8:44.0,Shaquille O'Neal,LAL,True,2-pointer,0,66-57,'LAL',leads
121,121,121,200212080LAL,41.6,2.9,3rd quarter,8:12.0,Brian Shaw,LAL,True,2-pointer,18,68-59,'LAL',leads
122,122,122,200212080LAL,36.6,27.5,3rd quarter,7:25.0,Brian Shaw,LAL,True,3-pointer,26,71-60,'LAL',leads
123,123,123,200212080LAL,20.6,15.5,3rd quarter,6:50.0,Rick Fox,LAL,False,2-pointer,11,71-62,'LAL',leads
124,124,124,200212080LAL,24.0,5.0,3rd quarter,6:49.0,Samaki Walker,LAL,False,2-pointer,0,71-62,'LAL',leads
125,125,125,200212080LAL,32.4,9.8,3rd quarter,6:31.0,Kobe Bryant,LAL,True,2-pointer,10,73-62,'LAL',leads
126,126,126,200212080LAL,18.8,6.7,3rd quarter,5:45.0,Shaquille O'Neal,LAL,True,2-pointer,5,75-62,'LAL',leads
127,127,127,200212080LAL,36.6,20.1,3rd quarter,4:51.0,Brian Shaw,LAL,True,2-pointer,20,77-64,'LAL',leads
128,128,128,200212080LAL,33.8,19.0,3rd quarter,4:31.0,Samaki Walker,LAL,False,2-pointer,17,77-64,'LAL',leads
129,129,129,200212080LAL,24.0,5.0,3rd quarter,3:56.0,Kobe Bryant,LAL,True,2-pointer,0,79-66,'LAL',leads
130,130,130,200212080LAL,31.7,28.3,3rd quarter,3:28.0,Brian Shaw,LAL,False,3-pointer,25,79-66,'LAL',leads
131,131,131,200212080LAL,24.0,5.0,3rd quarter,2:38.0,Kobe Bryant,LAL,True,2-pointer,0,82-70,'LAL',leads
132,132,132,200212080LAL,40.7,15.9,3rd quarter,2:05.0,Brian Shaw,LAL,False,2-pointer,20,83-70,'LAL',leads
133,133,133,200212080LAL,24.0,5.0,3rd quarter,2:03.0,Robert Horry,LAL,False,2-pointer,0,83-70,'LAL',leads
134,134,134,200212080LAL,24.0,5.0,3rd quarter,1:31.0,Robert Horry,LAL,True,2-pointer,0,86-70,'LAL',leads
135,135,135,200212080LAL,-0.3,6.8,3rd quarter,1:03.0,Robert Horry,LAL,False,3-pointer,24,86-72,'LAL',leads
136,136,136,200212080LAL,19.4,8.5,3rd quarter,0:40.0,Kobe Bryant,LAL,True,2-pointer,6,88-72,'LAL',leads
137,137,137,200212080LAL,25.5,11.1,3rd quarter,0:12.1,Robert Horry,LAL,False,2-pointer,6,88-74,'LAL',leads
138,138,138,200212080LAL,13.2,6.5,4th quarter,11:16.0,Brian Shaw,LAL,False,2-pointer,11,88-76,'LAL',leads
139,139,139,200212080LAL,15.5,31.0,4th quarter,10:51.0,Kareem Rush,LAL,True,3-pointer,27,91-78,'LAL',leads
140,140,140,200212080LAL,16.0,26.5,4th quarter,10:00.0,Brian Shaw,LAL,True,2-pointer,23,93-78,'LAL',leads
141,141,141,200212080LAL,21.4,10.3,4th quarter,9:20.0,Shaquille O'Neal,LAL,False,2-pointer,6,93-78,'LAL',leads
142,142,142,200212080LAL,29.2,10.1,4th quarter,8:36.0,Shaquille O'Neal,LAL,True,2-pointer,7,95-78,'LAL',leads
143,143,143,200212080LAL,23.8,17.5,4th quarter,7:46.0,Shaquille O'Neal,LAL,False,2-pointer,13,95-78,'LAL',leads
144,144,144,200212080LAL,14.6,14.1,4th quarter,7:33.0,Devean George,LAL,False,2-pointer,13,95-78,'LAL',leads
145,145,145,200212080LAL,24.0,5.0,4th quarter,7:19.0,Shaquille O'Neal,LAL,True,2-pointer,0,97-78,'LAL',leads
146,146,146,200212080LAL,24.0,5.0,4th quarter,4:57.0,Kobe Bryant,LAL,False,2-pointer,0,100-84,'LAL',leads
147,147,147,200212080LAL,25.3,22.3,4th quarter,4:29.0,Derek Fisher,LAL,False,2-pointer,17,100-84,'LAL',leads
148,148,148,200212080LAL,24.0,5.0,4th quarter,4:03.0,Robert Horry,LAL,False,2-pointer,0,100-87,'LAL',leads
149,149,149,200212080LAL,24.0,5.0,4th quarter,4:02.0,Robert Horry,LAL,False,2-pointer,0,100-87,'LAL',leads
150,150,150,200212080LAL,14.5,18.7,4th quarter,3:53.0,Derek Fisher,LAL,True,2-pointer,17,102-87,'LAL',leads
151,151,151,200212080LAL,38.9,5.0,4th quarter,3:15.0,Kobe Bryant,LAL,False,2-pointer,15,102-90,'LAL',leads
152,152,152,200212080LAL,0.2,3.1,4th quarter,2:45.0,Kobe Bryant,LAL,False,3-pointer,24,102-90,'LAL',leads
153,153,153,200212080LAL,24.0,5.0,4th quarter,2:30.0,Devean George,LAL,True,2-pointer,0,104-90,'LAL',leads
154,154,154,200212080LAL,27.4,7.2,4th quarter,1:42.0,Kobe Bryant,LAL,False,2-pointer,4,104-93,'LAL',leads
155,155,155,200212080LAL,24.0,5.0,4th quarter,0:59.3,Derek Fisher,LAL,True,2-pointer,0,106-97,'LAL',leads
156,156,156,200212080LAL,24.0,5.0,4th quarter,0:32.7,Devean George,LAL,True,2-pointer,0,108-97,'LAL',leads
157,157,157,200212080LAL,24.0,5.0,4th quarter,0:04.7,Kobe Bryant,LAL,True,2-pointer,0,110-99,'LAL',leads
158,158,158,200212080MEM,9.5,19.6,1st quarter,11:47.0,Stephon Marbury,PHO,True,2-pointer,21,2-0,'PHO',leads
159,159,159,200212080MEM,24.3,8.8,1st quarter,11:16.0,Jake Tsakalidis,PHO,False,2-pointer,4,2-0,'PHO',leads
160,160,160,200212080MEM,18.1,6.8,1st quarter,10:48.0,Amar'e Stoudemire,PHO,False,2-pointer,6,2-0,'PHO',leads
161,161,161,200212080MEM,37.3,21.9,1st quarter,10:13.0,Shawn Marion,PHO,True,2-pointer,22,4-0,'PHO',leads
162,162,162,200212080MEM,24.0,5.0,1st quarter,9:56.0,Amar'e Stoudemire,PHO,False,2-pointer,0,4-0,'PHO',leads
163,163,163,200212080MEM,24.0,5.0,1st quarter,9:49.0,Amar'e Stoudemire,PHO,True,2-pointer,0,6-0,'PHO',leads
164,164,164,200212080MEM,17.6,17.8,1st quarter,9:23.0,Anfernee Hardaway,PHO,False,2-pointer,14,6-0,'PHO',leads
165,165,165,200212080MEM,11.8,21.4,1st quarter,8:33.0,Anfernee Hardaway,PHO,False,2-pointer,20,6-2,'PHO',leads
166,166,166,200212080MEM,37.3,11.4,1st quarter,8:02.0,Jake Tsakalidis,PHO,True,2-pointer,15,8-2,'PHO',leads
167,167,167,200212080MEM,39.4,20.1,1st quarter,7:42.0,Shawn Marion,PHO,True,2-pointer,22,10-2,'PHO',leads
168,168,168,200212080MEM,26.6,9.6,1st quarter,7:00.0,Anfernee Hardaway,PHO,False,2-pointer,5,10-4,'PHO',leads
169,169,169,200212080MEM,24.0,5.0,1st quarter,6:57.0,Jake Tsakalidis,PHO,True,2-pointer,0,12-4,'PHO',leads
170,170,170,200212080MEM,24.0,5.0,1st quarter,5:57.0,Jake Tsakalidis,PHO,False,2-pointer,0,12-8,'PHO',leads
171,171,171,200212080MEM,31.7,22.9,1st quarter,5:31.0,Shawn Marion,PHO,True,2-pointer,19,14-10,'PHO',leads
172,172,172,200212080MEM,13.0,25.1,1st quarter,4:15.0,Stephon Marbury,PHO,True,2-pointer,23,16-15,'PHO',leads
173,173,173,200212080MEM,39.9,16.5,1st quarter,3:47.0,Stephon Marbury,PHO,False,2-pointer,20,16-17,'PHO',trails
174,174,174,200212080MEM,24.0,5.0,1st quarter,3:29.0,Casey Jacobsen,PHO,False,2-pointer,0,16-17,'PHO',trails
175,175,175,200212080MEM,16.9,17.0,1st quarter,2:29.0,Scott Williams,PHO,False,2-pointer,14,16-19,'PHO',trails
176,176,176,200212080MEM,24.0,5.0,1st quarter,1:59.0,Stephon Marbury,PHO,True,2-pointer,0,18-19,'PHO',trails
177,177,177,200212080MEM,35.7,17.0,1st quarter,1:32.0,Stephon Marbury,PHO,True,2-pointer,17,20-19,'PHO',leads
178,178,178,200212080MEM,38.8,13.1,1st quarter,0:56.3,Stephon Marbury,PHO,True,2-pointer,17,22-21,'PHO',leads
179,179,179,200212080MEM,24.0,5.0,1st quarter,0:33.8,Bo Outlaw,PHO,True,2-pointer,0,24-21,'PHO',leads
180,180,180,200212080MEM,24.0,5.0,1st quarter,0:19.1,Stephon Marbury,PHO,False,2-pointer,0,24-21,'PHO',leads
181,181,181,200212080MEM,24.0,5.0,1st quarter,0:15.1,Bo Outlaw,PHO,False,2-pointer,0,24-21,'PHO',leads
182,182,182,200212080MEM,12.0,14.2,1st quarter,0:00.4,Bo Outlaw,PHO,False,2-pointer,15,24-21,'PHO',leads
183,183,183,200212080MEM,44.5,4.1,2nd quarter,10:59.0,Casey Jacobsen,PHO,False,2-pointer,21,24-25,'PHO',trails
184,184,184,200212080MEM,26.1,9.9,2nd quarter,10:19.0,Anfernee Hardaway,PHO,True,2-pointer,5,26-27,'PHO',trails
185,185,185,200212080MEM,24.0,5.0,2nd quarter,9:34.0,Joe Johnson,PHO,True,2-pointer,0,28-27,'PHO',leads
186,186,186,200212080MEM,41.2,13.6,2nd quarter,9:20.0,Shawn Marion,PHO,False,2-pointer,19,28-27,'PHO',leads
187,187,187,200212080MEM,40.1,11.8,2nd quarter,8:53.0,Anfernee Hardaway,PHO,True,2-pointer,17,30-27,'PHO',leads
188,188,188,200212080MEM,24.0,5.0,2nd quarter,8:26.0,Shawn Marion,PHO,True,2-pointer,0,32-27,'PHO',leads
189,189,189,200212080MEM,36.5,9.0,2nd quarter,7:50.0,Joe Johnson,PHO,True,2-pointer,13,34-27,'PHO',leads
190,190,190,200212080MEM,24.0,5.0,2nd quarter,7:31.0,Shawn Marion,PHO,False,2-pointer,0,34-27,'PHO',leads
191,191,191,200212080MEM,25.6,10.9,2nd quarter,7:15.0,Jake Tsakalidis,PHO,False,2-pointer,6,34-27,'PHO',leads
192,192,192,200212080MEM,10.5,13.1,2nd quarter,7:09.0,Anfernee Hardaway,PHO,False,2-pointer,16,34-27,'PHO',leads
193,193,193,200212080MEM,14.5,9.8,2nd quarter,6:19.0,Anfernee Hardaway,PHO,True,2-pointer,11,36-29,'PHO',leads
194,194,194,200212080MEM,38.0,11.1,2nd quarter,5:11.0,Anfernee Hardaway,PHO,False,2-pointer,15,36-31,'PHO',leads
195,195,195,200212080MEM,24.0,5.0,2nd quarter,4:29.0,Amar'e Stoudemire,PHO,False,2-pointer,0,36-33,'PHO',leads
196,196,196,200212080MEM,24.0,5.0,2nd quarter,4:28.0,Anfernee Hardaway,PHO,True,2-pointer,0,38-33,'PHO',leads
197,197,197,200212080MEM,29.1,9.1,2nd quarter,3:48.0,Amar'e Stoudemire,PHO,False,2-pointer,7,39-35,'PHO',leads
198,198,198,200212080MEM,24.0,5.0,2nd quarter,3:01.0,Stephon Marbury,PHO,False,2-pointer,0,39-40,'PHO',trails
199,199,199,200212080MEM,47.2,9.1,2nd quarter,2:23.0,Shawn Marion,PHO,False,3-pointer,24,39-43,'PHO',trails
200,200,200,200212080MEM,10.5,22.3,2nd quarter,1:46.0,Stephon Marbury,PHO,True,2-pointer,22,41-45,'PHO',trails
201,201,201,200212080MEM,24.0,5.0,2nd quarter,1:12.0,Bo Outlaw,PHO,False,2-pointer,0,41-47,'PHO',trails
202,202,202,200212080MEM,10.4,9.3,2nd quarter,0:41.9,Stephon Marbury,PHO,False,2-pointer,14,41-47,'PHO',trails
203,203,203,200212080MEM,15.1,29.8,2nd quarter,0:02.9,Stephon Marbury,PHO,True,3-pointer,26,44-49,'PHO',trails
204,204,204,200212080MEM,29.2,20.6,3rd quarter,11:32.0,Shawn Marion,PHO,False,2-pointer,16,44-52,'PHO',trails
205,205,205,200212080MEM,37.5,20.0,3rd quarter,11:08.0,Anfernee Hardaway,PHO,False,2-pointer,20,44-55,'PHO',trails
206,206,206,200212080MEM,14.1,21.6,3rd quarter,10:39.0,Shawn Marion,PHO,True,2-pointer,19,46-58,'PHO',trails
207,207,207,200212080MEM,24.0,5.0,3rd quarter,9:52.0,Stephon Marbury,PHO,True,2-pointer,0,48-61,'PHO',trails
208,208,208,200212080MEM,13.8,9.1,3rd quarter,9:21.0,Stephon Marbury,PHO,False,2-pointer,11,48-63,'PHO',trails
209,209,209,200212080MEM,20.4,30.3,3rd quarter,9:00.0,Shawn Marion,PHO,True,3-pointer,26,51-63,'PHO',trails
210,210,210,200212080MEM,24.0,5.0,3rd quarter,8:17.0,Stephon Marbury,PHO,True,2-pointer,0,53-63,'PHO',trails
211,211,211,200212080MEM,24.0,5.0,3rd quarter,7:50.0,Anfernee Hardaway,PHO,False,2-pointer,0,53-63,'PHO',trails
212,212,212,200212080MEM,38.1,25.7,3rd quarter,7:19.0,Shawn Marion,PHO,False,3-pointer,25,53-66,'PHO',trails
213,213,213,200212080MEM,24.0,5.0,3rd quarter,6:57.0,Jake Tsakalidis,PHO,False,2-pointer,0,53-66,'PHO',trails
214,214,214,200212080MEM,20.4,24.1,3rd quarter,6:47.0,Shawn Marion,PHO,False,2-pointer,19,53-66,'PHO',trails
215,215,215,200212080MEM,2.6,18.7,3rd quarter,6:26.0,Shawn Marion,PHO,True,3-pointer,25,56-68,'PHO',trails
216,216,216,200212080MEM,24.0,5.0,3rd quarter,6:06.0,Stephon Marbury,PHO,True,2-pointer,0,58-68,'PHO',trails
217,217,217,200212080MEM,42.1,22.6,3rd quarter,5:22.0,Shawn Marion,PHO,True,3-pointer,25,61-68,'PHO',trails
218,218,218,200212080MEM,24.0,5.0,3rd quarter,4:52.0,Casey Jacobsen,PHO,False,2-pointer,0,61-70,'PHO',trails
219,219,219,200212080MEM,24.5,9.1,3rd quarter,4:39.0,Shawn Marion,PHO,False,2-pointer,4,61-70,'PHO',trails
220,220,220,200212080MEM,41.6,25.7,3rd quarter,4:20.0,Casey Jacobsen,PHO,False,3-pointer,27,61-70,'PHO',trails
221,221,221,200212080MEM,24.0,5.0,3rd quarter,4:12.0,Stephon Marbury,PHO,False,2-pointer,0,61-70,'PHO',trails
222,222,222,200212080MEM,46.8,4.2,3rd quarter,3:39.0,Shawn Marion,PHO,False,3-pointer,23,61-72,'PHO',trails
223,223,223,200212080MEM,24.0,5.0,3rd quarter,3:34.0,Stephon Marbury,PHO,True,2-pointer,0,63-72,'PHO',trails
224,224,224,200212080MEM,46.5,5.5,3rd quarter,2:57.0,Stephon Marbury,PHO,False,3-pointer,23,64-72,'PHO',trails
225,225,225,200212080MEM,21.5,9.6,3rd quarter,2:19.0,Shawn Marion,PHO,True,2-pointer,5,66-72,'PHO',trails
226,226,226,200212080MEM,13.0,22.3,3rd quarter,1:40.0,Stephon Marbury,PHO,False,2-pointer,21,66-72,'PHO',trails
227,227,227,200212080MEM,24.0,5.0,3rd quarter,0:40.1,Stephon Marbury,PHO,True,2-pointer,0,68-72,'PHO',trails
228,228,228,200212080MEM,30.1,25.4,3rd quarter,0:05.2,Stephon Marbury,PHO,False,2-pointer,21,68-72,'PHO',trails
229,229,229,200212080MEM,13.7,15.9,4th quarter,11:37.0,Shawn Marion,PHO,False,2-pointer,15,68-72,'PHO',trails
230,230,230,200212080MEM,26.1,9.0,4th quarter,11:34.0,Jake Voskuhl,PHO,False,2-pointer,5,68-72,'PHO',trails
231,231,231,200212080MEM,23.5,11.3,4th quarter,11:07.0,Shawn Marion,PHO,False,2-pointer,6,68-75,'PHO',trails
232,232,232,200212080MEM,20.1,7.0,4th quarter,10:27.0,Joe Johnson,PHO,False,2-pointer,4,68-77,'PHO',trails
233,233,233,200212080MEM,24.0,5.0,4th quarter,10:23.0,Bo Outlaw,PHO,True,2-pointer,0,70-77,'PHO',trails
234,234,234,200212080MEM,24.0,5.0,4th quarter,9:59.0,Jake Voskuhl,PHO,False,2-pointer,0,70-79,'PHO',trails
235,235,235,200212080MEM,4.5,4.7,4th quarter,9:37.0,Joe Johnson,PHO,True,2-pointer,20,72-79,'PHO',trails
236,236,236,200212080MEM,24.0,5.0,4th quarter,9:10.0,Anfernee Hardaway,PHO,False,2-pointer,0,72-81,'PHO',trails
237,237,237,200212080MEM,24.0,5.0,4th quarter,9:08.0,Bo Outlaw,PHO,True,2-pointer,0,74-81,'PHO',trails
238,238,238,200212080MEM,13.5,20.3,4th quarter,8:30.0,Stephon Marbury,PHO,False,2-pointer,19,75-81,'PHO',trails
239,239,239,200212080MEM,24.0,5.0,4th quarter,7:52.0,Anfernee Hardaway,PHO,True,2-pointer,0,77-83,'PHO',trails
240,240,240,200212080MEM,18.1,4.7,4th quarter,7:12.0,Anfernee Hardaway,PHO,False,2-pointer,6,77-83,'PHO',trails
241,241,241,200212080MEM,44.5,18.5,4th quarter,7:02.0,Shawn Marion,PHO,False,3-pointer,25,77-83,'PHO',trails
242,242,242,200212080MEM,30.6,11.9,4th quarter,6:37.0,Anfernee Hardaway,PHO,False,2-pointer,10,77-83,'PHO',trails
243,243,243,200212080MEM,40.9,24.1,4th quarter,6:29.0,Anfernee Hardaway,PHO,False,3-pointer,26,77-83,'PHO',trails
244,244,244,200212080MEM,24.0,5.0,4th quarter,6:05.0,Stephon Marbury,PHO,False,2-pointer,0,77-83,'PHO',trails
245,245,245,200212080MEM,20.6,7.8,4th quarter,6:00.0,Shawn Marion,PHO,True,2-pointer,4,79-83,'PHO',trails
246,246,246,200212080MEM,26.3,9.6,4th quarter,5:20.0,Stephon Marbury,PHO,False,2-pointer,5,79-84,'PHO',trails
247,247,247,200212080MEM,9.2,15.2,4th quarter,4:01.0,Stephon Marbury,PHO,False,2-pointer,18,79-86,'PHO',trails
248,248,248,200212080MEM,31.4,23.6,4th quarter,3:05.0,Stephon Marbury,PHO,True,2-pointer,20,81-86,'PHO',trails
249,249,249,200212080MEM,24.0,27.4,4th quarter,2:29.0,Anfernee Hardaway,PHO,False,2-pointer,22,81-88,'PHO',trails
250,250,250,200212080MEM,24.0,5.0,4th quarter,1:05.0,Stephon Marbury,PHO,True,2-pointer,0,83-92,'PHO',trails
251,251,251,200212080MEM,12.0,31.1,4th quarter,0:56.9,Stephon Marbury,PHO,True,3-pointer,29,86-94,'PHO',trails
252,252,252,200212080MEM,30.4,29.3,4th quarter,0:30.3,Anfernee Hardaway,PHO,True,3-pointer,25,89-96,'PHO',trails
253,253,253,200212080MEM,33.7,28.7,4th quarter,0:19.1,Anfernee Hardaway,PHO,True,3-pointer,26,92-98,'PHO',trails
254,254,254,200212080MEM,4.3,24.4,4th quarter,0:09.1,Stephon Marbury,PHO,False,3-pointer,28,92-100,'PHO',trails
255,255,255,200212080MEM,9.2,5.0,1st quarter,10:57.0,Lorenzen Wright,MEM,False,2-pointer,15,0-2,'PHO',trails
256,256,256,200212080MEM,21.2,6.7,1st quarter,10:28.0,Lorenzen Wright,MEM,False,2-pointer,3,0-2,'PHO',trails
257,257,257,200212080MEM,28.1,15.0,1st quarter,10:01.0,Gordan Giriček,MEM,False,2-pointer,11,0-4,'PHO',trails
258,258,258,200212080MEM,42.6,4.7,1st quarter,8:42.0,Brevin Knight,MEM,True,2-pointer,19,2-6,'PHO',trails
259,259,259,200212080MEM,39.4,5.7,1st quarter,8:16.0,Gordan Giriček,MEM,False,2-pointer,15,2-6,'PHO',trails
260,260,260,200212080MEM,17.3,25.4,1st quarter,7:20.0,Wesley Person,MEM,False,2-pointer,21,2-10,'PHO',trails
261,261,261,200212080MEM,25.6,8.1,1st quarter,7:16.0,Pau Gasol,MEM,True,2-pointer,3,4-10,'PHO',trails
262,262,262,200212080MEM,18.9,14.7,1st quarter,6:40.0,Gordan Giriček,MEM,True,2-pointer,11,6-12,'PHO',trails
263,263,263,200212080MEM,17.6,8.5,1st quarter,6:15.0,Brevin Knight,MEM,True,2-pointer,7,8-12,'PHO',trails
264,264,264,200212080MEM,24.0,5.0,1st quarter,5:50.0,Pau Gasol,MEM,False,2-pointer,0,8-12,'PHO',trails
265,265,265,200212080MEM,24.0,5.0,1st quarter,5:48.0,Lorenzen Wright,MEM,True,2-pointer,0,10-12,'PHO',trails
266,266,266,200212080MEM,24.0,5.0,1st quarter,5:18.0,Brevin Knight,MEM,True,2-pointer,0,12-14,'PHO',trails
267,267,267,200212080MEM,24.0,5.0,1st quarter,4:37.0,Earl Watson,MEM,True,2-pointer,0,15-14,'PHO',leads
268,268,268,200212080MEM,24.0,5.0,1st quarter,3:57.0,Drew Gooden,MEM,True,2-pointer,0,17-16,'PHO',leads
269,269,269,200212080MEM,38.8,3.7,1st quarter,2:45.0,Wesley Person,MEM,True,2-pointer,15,19-16,'PHO',leads
270,270,270,200212080MEM,1.2,16.0,1st quarter,1:47.0,Wesley Person,MEM,False,3-pointer,25,19-18,'PHO',leads
271,271,271,200212080MEM,24.6,21.1,1st quarter,1:12.0,Stromile Swift,MEM,True,2-pointer,16,21-20,'PHO',leads
272,272,272,200212080MEM,23.2,11.6,2nd quarter,11:42.0,Drew Gooden,MEM,True,2-pointer,7,23-24,'PHO',trails
273,273,273,200212080MEM,31.2,22.3,2nd quarter,11:09.0,Brevin Knight,MEM,True,2-pointer,19,25-24,'PHO',leads
274,274,274,200212080MEM,24.0,5.0,2nd quarter,10:53.0,Gordan Giriček,MEM,False,2-pointer,0,25-24,'PHO',leads
275,275,275,200212080MEM,24.0,5.0,2nd quarter,10:37.0,Drew Gooden,MEM,True,2-pointer,0,27-24,'PHO',leads
276,276,276,200212080MEM,36.6,9.8,2nd quarter,7:25.0,Mike Batiste,MEM,False,2-pointer,13,27-34,'PHO',trails
277,277,277,200212080MEM,11.0,16.7,2nd quarter,6:57.0,Wesley Person,MEM,False,2-pointer,17,27-34,'PHO',trails
278,278,278,200212080MEM,4.1,4.4,2nd quarter,6:31.0,Earl Watson,MEM,True,2-pointer,20,29-34,'PHO',trails
279,279,279,200212080MEM,17.8,6.8,2nd quarter,5:57.0,Drew Gooden,MEM,False,2-pointer,6,29-36,'PHO',trails
280,280,280,200212080MEM,24.0,10.9,2nd quarter,5:31.0,Pau Gasol,MEM,True,2-pointer,6,31-36,'PHO',trails
281,281,281,200212080MEM,24.0,5.0,2nd quarter,5:04.0,Earl Watson,MEM,True,2-pointer,0,33-36,'PHO',trails
282,282,282,200212080MEM,24.0,5.0,2nd quarter,4:36.0,Pau Gasol,MEM,False,2-pointer,0,33-36,'PHO',trails
283,283,283,200212080MEM,29.2,10.3,2nd quarter,4:16.0,Pau Gasol,MEM,False,2-pointer,7,33-39,'PHO',trails
284,284,284,200212080MEM,24.0,5.0,2nd quarter,3:59.0,Pau Gasol,MEM,False,2-pointer,0,33-39,'PHO',trails
285,285,285,200212080MEM,24.0,5.0,2nd quarter,3:53.0,Lorenzen Wright,MEM,True,2-pointer,0,35-39,'PHO',trails
286,286,286,200212080MEM,23.5,22.6,2nd quarter,3:36.0,Lorenzen Wright,MEM,False,2-pointer,18,35-39,'PHO',trails
287,287,287,200212080MEM,24.0,5.0,2nd quarter,3:27.0,Pau Gasol,MEM,True,2-pointer,0,37-39,'PHO',trails
288,288,288,200212080MEM,24.0,5.0,2nd quarter,3:15.0,Lorenzen Wright,MEM,True,2-pointer,0,39-39,'PHO',tied
289,289,289,200212080MEM,24.0,5.0,2nd quarter,2:54.0,Lorenzen Wright,MEM,False,2-pointer,0,40-39,'PHO',leads
290,290,290,200212080MEM,0.8,5.5,2nd quarter,2:39.0,Wesley Person,MEM,True,3-pointer,23,43-39,'PHO',leads
291,291,291,200212080MEM,24.0,5.0,2nd quarter,2:19.0,Mike Batiste,MEM,True,2-pointer,0,45-39,'PHO',leads
292,292,292,200212080MEM,24.0,5.0,2nd quarter,1:28.0,Lorenzen Wright,MEM,True,2-pointer,0,47-41,'PHO',leads
293,293,293,200212080MEM,33.0,28.2,2nd quarter,1:04.0,Mike Batiste,MEM,False,3-pointer,25,47-41,'PHO',leads
294,294,294,200212080MEM,1.0,10.9,2nd quarter,0:57.6,Wesley Person,MEM,False,3-pointer,24,47-41,'PHO',leads
295,295,295,200212080MEM,36.8,15.4,2nd quarter,0:19.8,Mike Batiste,MEM,True,2-pointer,16,49-41,'PHO',leads
296,296,296,200212080MEM,24.0,5.0,3rd quarter,11:48.0,Pau Gasol,MEM,True,2-pointer,0,51-44,'PHO',leads
297,297,297,200212080MEM,5.9,24.6,3rd quarter,11:24.0,Wesley Person,MEM,True,3-pointer,27,55-44,'PHO',leads
298,298,298,200212080MEM,45.7,16.4,3rd quarter,10:53.0,Mike Batiste,MEM,True,3-pointer,25,58-44,'PHO',leads
299,299,299,200212080MEM,3.6,19.8,3rd quarter,10:26.0,Wesley Person,MEM,True,3-pointer,25,61-46,'PHO',leads
300,300,300,200212080MEM,12.7,10.6,3rd quarter,9:34.0,Brevin Knight,MEM,False,2-pointer,13,61-48,'PHO',leads
301,301,301,200212080MEM,24.0,5.0,3rd quarter,9:31.0,Lorenzen Wright,MEM,True,2-pointer,0,63-48,'PHO',leads
302,302,302,200212080MEM,9.4,6.0,3rd quarter,9:09.0,Lorenzen Wright,MEM,False,2-pointer,15,63-48,'PHO',leads
303,303,303,200212080MEM,35.7,20.5,3rd quarter,7:59.0,Brevin Knight,MEM,False,2-pointer,19,63-53,'PHO',leads
304,304,304,200212080MEM,24.0,5.0,3rd quarter,7:42.0,Lorenzen Wright,MEM,True,2-pointer,0,65-53,'PHO',leads
305,305,305,200212080MEM,24.0,5.0,3rd quarter,6:40.0,Pau Gasol,MEM,True,2-pointer,0,68-53,'PHO',leads
306,306,306,200212080MEM,39.3,5.8,3rd quarter,5:00.0,Lorenzen Wright,MEM,True,2-pointer,15,70-61,'PHO',leads
307,307,307,200212080MEM,24.0,5.0,3rd quarter,4:46.0,Brevin Knight,MEM,False,2-pointer,0,70-61,'PHO',leads
308,308,308,200212080MEM,4.9,12.7,3rd quarter,3:58.0,Wesley Person,MEM,True,2-pointer,21,72-61,'PHO',leads
309,309,309,200212080MEM,28.6,30.3,3rd quarter,3:09.0,Mike Batiste,MEM,False,3-pointer,26,72-64,'PHO',leads
310,310,310,200212080MEM,0.5,10.4,3rd quarter,1:12.0,Gordan Giriček,MEM,False,3-pointer,24,72-66,'PHO',leads
311,311,311,200212080MEM,10.7,36.6,3rd quarter,0:02.1,Earl Watson,MEM,False,3-pointer,34,72-68,'PHO',leads
312,312,312,200212080MEM,41.1,23.7,4th quarter,11:27.0,Wesley Person,MEM,True,3-pointer,25,75-68,'PHO',leads
313,313,313,200212080MEM,44.0,3.9,4th quarter,10:40.0,Gordan Giriček,MEM,True,2-pointer,20,77-68,'PHO',leads
314,314,314,200212080MEM,24.0,5.0,4th quarter,10:11.0,Drew Gooden,MEM,True,2-pointer,0,79-70,'PHO',leads
315,315,315,200212080MEM,5.8,23.7,4th quarter,9:51.0,Wesley Person,MEM,False,3-pointer,26,79-70,'PHO',leads
316,316,316,200212080MEM,30.1,7.6,4th quarter,9:46.0,Drew Gooden,MEM,False,2-pointer,7,79-70,'PHO',leads
317,317,317,200212080MEM,34.8,20.8,4th quarter,6:46.0,Brevin Knight,MEM,False,2-pointer,19,83-77,'PHO',leads
318,318,318,200212080MEM,24.0,5.0,4th quarter,5:08.0,Pau Gasol,MEM,False,2-pointer,0,84-79,'PHO',leads
319,319,319,200212080MEM,12.2,5.0,4th quarter,4:26.0,Lorenzen Wright,MEM,False,2-pointer,12,86-79,'PHO',leads
320,320,320,200212080MEM,24.0,31.0,4th quarter,3:35.0,Mike Batiste,MEM,False,3-pointer,26,86-79,'PHO',leads
321,321,321,200212080MEM,9.5,4.9,4th quarter,2:47.0,Pau Gasol,MEM,True,2-pointer,15,88-81,'PHO',leads
322,322,322,200212080MEM,24.0,5.0,4th quarter,1:53.0,Brevin Knight,MEM,False,2-pointer,0,90-81,'PHO',leads
323,323,323,200212080MEM,24.0,5.0,4th quarter,1:17.0,Pau Gasol,MEM,True,2-pointer,0,92-81,'PHO',leads
324,324,324,200212080MEM,24.0,5.0,4th quarter,0:37.2,Mike Batiste,MEM,False,2-pointer,0,96-86,'PHO',leads
325,325,325,200212080MEM,24.0,5.0,4th quarter,0:13.5,Mike Batiste,MEM,True,2-pointer,0,100-92,'PHO',leads
326,326,326,200212080SAS,34.7,11.6,1st quarter,11:14.0,Chris Webber,SAC,False,2-pointer,13,0-2,'SAS',trails
327,327,327,200212080SAS,33.7,9.6,1st quarter,10:57.0,Doug Christie,SAC,True,2-pointer,11,2-2,'SAS',tied
328,328,328,200212080SAS,14.8,19.3,1st quarter,10:27.0,Bobby Jackson,SAC,False,2-pointer,17,2-4,'SAS',trails
329,329,329,200212080SAS,24.3,7.3,1st quarter,10:00.0,Chris Webber,SAC,True,2-pointer,2,4-4,'SAS',tied
330,330,330,200212080SAS,15.5,12.1,1st quarter,9:23.0,Bobby Jackson,SAC,False,2-pointer,11,4-4,'SAS',tied
331,331,331,200212080SAS,42.2,19.5,1st quarter,8:36.0,Doug Christie,SAC,False,2-pointer,23,4-6,'SAS',trails
332,332,332,200212080SAS,25.3,6.3,1st quarter,8:13.0,Chris Webber,SAC,False,2-pointer,2,4-6,'SAS',trails
333,333,333,200212080SAS,30.2,19.8,1st quarter,7:45.0,Doug Christie,SAC,True,2-pointer,16,6-8,'SAS',trails
334,334,334,200212080SAS,25.5,6.7,1st quarter,7:12.0,Chris Webber,SAC,False,2-pointer,2,6-8,'SAS',trails
335,335,335,200212080SAS,35.0,6.7,1st quarter,6:45.0,Vlade Divac,SAC,True,2-pointer,11,8-10,'SAS',trails
336,336,336,200212080SAS,25.1,6.8,1st quarter,6:07.0,Chris Webber,SAC,False,2-pointer,2,8-12,'SAS',trails
337,337,337,200212080SAS,25.5,7.0,1st quarter,5:38.0,Gerald Wallace,SAC,False,2-pointer,3,8-14,'SAS',trails
338,338,338,200212080SAS,15.3,20.0,1st quarter,5:08.0,Doug Christie,SAC,False,2-pointer,17,8-14,'SAS',trails
339,339,339,200212080SAS,16.8,20.1,1st quarter,4:41.0,Bobby Jackson,SAC,True,2-pointer,17,10-14,'SAS',trails
340,340,340,200212080SAS,25.3,5.0,1st quarter,4:17.0,Doug Christie,SAC,True,2-pointer,1,12-14,'SAS',trails
341,341,341,200212080SAS,42.9,21.1,1st quarter,3:59.0,Bobby Jackson,SAC,True,3-pointer,25,15-14,'SAS',leads
342,342,342,200212080SAS,4.1,4.7,1st quarter,3:18.0,Vlade Divac,SAC,True,2-pointer,20,17-16,'SAS',leads
343,343,343,200212080SAS,10.4,12.1,1st quarter,2:46.0,Chris Webber,SAC,False,2-pointer,15,17-16,'SAS',leads
344,344,344,200212080SAS,32.5,22.3,1st quarter,2:04.0,Chris Webber,SAC,False,2-pointer,19,17-16,'SAS',leads
345,345,345,200212080SAS,17.8,9.8,1st quarter,1:38.0,Bobby Jackson,SAC,True,2-pointer,8,19-19,'SAS',tied
346,346,346,200212080SAS,3.8,6.0,1st quarter,1:08.0,Damon Jones,SAC,True,2-pointer,20,21-19,'SAS',leads
347,347,347,200212080SAS,22.2,6.7,1st quarter,0:44.7,Chris Webber,SAC,False,2-pointer,2,21-21,'SAS',tied
348,348,348,200212080SAS,22.9,6.8,1st quarter,0:43.6,Chris Webber,SAC,True,2-pointer,2,23-21,'SAS',leads
349,349,349,200212080SAS,14.8,18.7,1st quarter,0:05.4,Doug Christie,SAC,False,2-pointer,17,23-22,'SAS',leads
350,350,350,200212080SAS,24.5,6.3,2nd quarter,11:21.0,Chris Webber,SAC,False,2-pointer,1,25-22,'SAS',leads
351,351,351,200212080SAS,18.8,23.5,2nd quarter,10:51.0,Damon Jones,SAC,True,2-pointer,19,27-25,'SAS',leads
352,352,352,200212080SAS,24.3,6.5,2nd quarter,10:11.0,Chris Webber,SAC,True,2-pointer,2,29-27,'SAS',leads
353,353,353,200212080SAS,28.0,23.3,2nd quarter,9:35.0,Chris Webber,SAC,False,2-pointer,19,29-27,'SAS',leads
354,354,354,200212080SAS,11.7,5.2,2nd quarter,8:58.0,Damon Jones,SAC,False,2-pointer,12,30-29,'SAS',leads
355,355,355,200212080SAS,26.3,6.3,2nd quarter,8:35.0,Keon Clark,SAC,False,2-pointer,3,30-29,'SAS',leads
356,356,356,200212080SAS,22.9,7.2,2nd quarter,8:18.0,Jim Jackson,SAC,True,2-pointer,2,32-29,'SAS',leads
357,357,357,200212080SAS,11.0,10.4,2nd quarter,7:41.0,Jim Jackson,SAC,True,2-pointer,14,34-29,'SAS',leads
358,358,358,200212080SAS,31.4,6.7,2nd quarter,7:05.0,Vlade Divac,SAC,True,2-pointer,8,36-29,'SAS',leads
359,359,359,200212080SAS,34.8,13.2,2nd quarter,5:58.0,Keon Clark,SAC,False,2-pointer,14,38-32,'SAS',leads
360,360,360,200212080SAS,26.0,5.2,2nd quarter,5:26.0,Gerald Wallace,SAC,False,2-pointer,2,38-34,'SAS',leads
361,361,361,200212080SAS,37.6,18.2,2nd quarter,4:57.0,Vlade Divac,SAC,True,2-pointer,19,40-36,'SAS',leads
362,362,362,200212080SAS,9.4,6.2,2nd quarter,4:22.0,Vlade Divac,SAC,True,2-pointer,15,42-36,'SAS',leads
363,363,363,200212080SAS,1.7,6.0,2nd quarter,3:49.0,Bobby Jackson,SAC,False,3-pointer,22,42-36,'SAS',leads
364,364,364,200212080SAS,24.0,6.5,2nd quarter,3:20.0,Chris Webber,SAC,True,2-pointer,2,44-36,'SAS',leads
365,365,365,200212080SAS,25.6,5.5,2nd quarter,2:58.0,Jim Jackson,SAC,True,2-pointer,2,46-38,'SAS',leads
366,366,366,200212080SAS,25.3,5.8,2nd quarter,2:40.0,Bobby Jackson,SAC,True,2-pointer,2,48-38,'SAS',leads
367,367,367,200212080SAS,26.1,8.3,2nd quarter,2:00.0,Jim Jackson,SAC,False,2-pointer,4,48-40,'SAS',leads
368,368,368,200212080SAS,25.0,6.7,2nd quarter,1:57.0,Jim Jackson,SAC,False,2-pointer,2,48-40,'SAS',leads
369,369,369,200212080SAS,18.3,16.5,2nd quarter,1:24.0,Bobby Jackson,SAC,False,2-pointer,13,48-43,'SAS',leads
370,370,370,200212080SAS,13.5,24.4,2nd quarter,0:36.1,Chris Webber,SAC,False,2-pointer,22,48-44,'SAS',leads
371,371,371,200212080SAS,25.1,5.7,2nd quarter,0:20.3,Jim Jackson,SAC,True,2-pointer,1,50-44,'SAS',leads
372,372,372,200212080SAS,33.5,23.7,3rd quarter,11:45.0,Bobby Jackson,SAC,True,2-pointer,21,52-44,'SAS',leads
373,373,373,200212080SAS,24.5,6.2,3rd quarter,11:30.0,Doug Christie,SAC,True,2-pointer,1,54-44,'SAS',leads
374,374,374,200212080SAS,12.2,11.9,3rd quarter,11:05.0,Bobby Jackson,SAC,True,2-pointer,14,56-44,'SAS',leads
375,375,375,200212080SAS,25.5,5.3,3rd quarter,10:45.0,Bobby Jackson,SAC,True,2-pointer,2,58-44,'SAS',leads
376,376,376,200212080SAS,14.8,14.2,3rd quarter,10:00.0,Vlade Divac,SAC,False,2-pointer,13,58-44,'SAS',leads
377,377,377,200212080SAS,39.9,24.4,3rd quarter,9:54.0,Doug Christie,SAC,False,3-pointer,25,58-44,'SAS',leads
378,378,378,200212080SAS,21.4,19.6,3rd quarter,9:24.0,Vlade Divac,SAC,True,2-pointer,15,60-46,'SAS',leads
379,379,379,200212080SAS,35.5,22.4,3rd quarter,8:51.0,Doug Christie,SAC,True,2-pointer,21,62-46,'SAS',leads
380,380,380,200212080SAS,40.3,9.9,3rd quarter,8:21.0,Vlade Divac,SAC,False,2-pointer,17,62-46,'SAS',leads
381,381,381,200212080SAS,4.5,4.5,3rd quarter,7:45.0,Doug Christie,SAC,False,2-pointer,20,62-48,'SAS',leads
382,382,382,200212080SAS,24.1,6.0,3rd quarter,7:34.0,Doug Christie,SAC,True,2-pointer,1,64-48,'SAS',leads
383,383,383,200212080SAS,11.7,11.8,3rd quarter,6:54.0,Keon Clark,SAC,False,2-pointer,14,64-51,'SAS',leads
384,384,384,200212080SAS,11.4,17.0,3rd quarter,6:21.0,Bobby Jackson,SAC,False,2-pointer,17,64-53,'SAS',leads
385,385,385,200212080SAS,24.3,8.6,3rd quarter,5:40.0,Vlade Divac,SAC,False,2-pointer,4,64-53,'SAS',leads
386,386,386,200212080SAS,25.3,5.8,3rd quarter,5:09.0,Chris Webber,SAC,True,2-pointer,2,66-53,'SAS',leads
387,387,387,200212080SAS,21.5,6.3,3rd quarter,4:34.0,Chris Webber,SAC,False,2-pointer,3,66-56,'SAS',leads
388,388,388,200212080SAS,23.4,6.2,3rd quarter,3:36.0,Vlade Divac,SAC,True,2-pointer,1,68-58,'SAS',leads
389,389,389,200212080SAS,33.7,6.2,3rd quarter,2:54.0,Jim Jackson,SAC,True,2-pointer,10,70-58,'SAS',leads
390,390,390,200212080SAS,24.1,8.5,3rd quarter,2:13.0,Chris Webber,SAC,True,2-pointer,4,72-61,'SAS',leads
391,391,391,200212080SAS,15.8,20.1,3rd quarter,1:31.0,Jim Jackson,SAC,True,2-pointer,17,74-61,'SAS',leads
392,392,392,200212080SAS,6.3,22.1,3rd quarter,0:58.9,Bobby Jackson,SAC,False,3-pointer,25,74-63,'SAS',leads
393,393,393,200212080SAS,10.2,22.6,3rd quarter,0:48.9,Jim Jackson,SAC,True,2-pointer,22,76-63,'SAS',leads
394,394,394,200212080SAS,25.0,6.3,3rd quarter,0:36.0,Bobby Jackson,SAC,True,2-pointer,2,78-63,'SAS',leads
395,395,395,200212080SAS,47.6,6.0,4th quarter,11:21.0,Jim Jackson,SAC,True,3-pointer,24,82-65,'SAS',leads
396,396,396,200212080SAS,40.4,13.9,4th quarter,10:48.0,Jim Jackson,SAC,True,2-pointer,19,84-67,'SAS',leads
397,397,397,200212080SAS,38.0,24.9,4th quarter,10:07.0,Chris Webber,SAC,True,3-pointer,24,87-70,'SAS',leads
398,398,398,200212080SAS,24.5,7.6,4th quarter,9:10.0,Jim Jackson,SAC,True,2-pointer,3,89-70,'SAS',leads
399,399,399,200212080SAS,25.0,7.2,4th quarter,8:37.0,Keon Clark,SAC,False,2-pointer,2,89-70,'SAS',leads
400,400,400,200212080SAS,30.6,20.1,4th quarter,8:10.0,Chris Webber,SAC,True,2-pointer,16,91-70,'SAS',leads
401,401,401,200212080SAS,1.5,5.0,4th quarter,7:32.0,Doug Christie,SAC,True,3-pointer,23,94-72,'SAS',leads
402,402,402,200212080SAS,24.0,5.7,4th quarter,7:13.0,Keon Clark,SAC,True,2-pointer,1,96-72,'SAS',leads
403,403,403,200212080SAS,46.8,5.2,4th quarter,6:36.0,Doug Christie,SAC,False,3-pointer,23,96-72,'SAS',leads
404,404,404,200212080SAS,9.2,24.9,4th quarter,6:06.0,Damon Jones,SAC,False,3-pointer,25,96-74,'SAS',leads
405,405,405,200212080SAS,8.2,8.6,4th quarter,5:22.0,Bobby Jackson,SAC,False,2-pointer,16,96-74,'SAS',leads
406,406,406,200212080SAS,13.5,16.0,4th quarter,4:49.0,Chris Webber,SAC,True,2-pointer,15,98-77,'SAS',leads
407,407,407,200212080SAS,24.1,7.6,4th quarter,4:13.0,Chris Webber,SAC,True,2-pointer,3,100-77,'SAS',leads
408,408,408,200212080SAS,44.7,4.5,4th quarter,3:37.0,Bobby Jackson,SAC,False,2-pointer,21,100-80,'SAS',leads
409,409,409,200212080SAS,38.1,7.6,4th quarter,2:56.0,Chris Webber,SAC,False,2-pointer,14,100-80,'SAS',leads
410,410,410,200212080SAS,39.1,21.6,4th quarter,2:25.0,Jim Jackson,SAC,False,2-pointer,22,100-80,'SAS',leads
411,411,411,200212080SAS,33.5,17.7,4th quarter,1:49.0,Keon Clark,SAC,True,2-pointer,16,102-80,'SAS',leads
412,412,412,200212080SAS,22.9,10.3,4th quarter,0:34.0,Jim Jackson,SAC,False,2-pointer,5,104-80,'SAS',leads
413,413,413,200212080SAS,15.0,18.2,1st quarter,11:38.0,Tim Duncan,SAS,True,2-pointer,16,2-0,'SAS',leads
414,414,414,200212080SAS,12.5,7.6,1st quarter,10:44.0,David Robinson,SAS,True,2-pointer,12,4-2,'SAS',leads
415,415,415,200212080SAS,20.9,6.0,1st quarter,10:12.0,David Robinson,SAS,False,2-pointer,3,4-2,'SAS',leads
416,416,416,200212080SAS,19.4,10.1,1st quarter,9:42.0,David Robinson,SAS,False,2-pointer,7,4-4,'SAS',tied
417,417,417,200212080SAS,25.8,11.3,1st quarter,9:13.0,Tony Parker,SAS,False,2-pointer,7,4-4,'SAS',tied
418,418,418,200212080SAS,26.8,8.5,1st quarter,8:53.0,Steve Smith,SAS,True,2-pointer,4,6-4,'SAS',leads
419,419,419,200212080SAS,22.2,6.5,1st quarter,8:29.0,Tony Parker,SAS,False,2-pointer,2,6-4,'SAS',leads
420,420,420,200212080SAS,34.8,18.5,1st quarter,7:26.0,David Robinson,SAS,False,2-pointer,17,8-6,'SAS',leads
421,421,421,200212080SAS,9.0,18.6,1st quarter,7:01.0,Tim Duncan,SAS,True,2-pointer,20,10-6,'SAS',leads
422,422,422,200212080SAS,22.7,7.5,1st quarter,6:25.0,Tim Duncan,SAS,True,2-pointer,3,12-8,'SAS',leads
423,423,423,200212080SAS,25.1,6.3,1st quarter,5:57.0,Tony Parker,SAS,True,2-pointer,2,14-8,'SAS',leads
424,424,424,200212080SAS,23.7,7.8,1st quarter,5:28.0,Tony Parker,SAS,False,2-pointer,3,14-8,'SAS',leads
425,425,425,200212080SAS,8.9,17.0,1st quarter,4:22.0,Steve Smith,SAS,False,2-pointer,19,14-10,'SAS',leads
426,426,426,200212080SAS,29.7,7.8,1st quarter,3:37.0,Tim Duncan,SAS,True,2-pointer,6,16-15,'SAS',leads
427,427,427,200212080SAS,40.4,6.0,1st quarter,2:58.0,Stephen Jackson,SAS,False,2-pointer,16,16-17,'SAS',trails
428,428,428,200212080SAS,36.0,15.7,1st quarter,2:19.0,Stephen Jackson,SAS,False,2-pointer,16,16-17,'SAS',trails
429,429,429,200212080SAS,23.4,5.5,1st quarter,1:52.0,Kevin Willis,SAS,True,2-pointer,1,18-17,'SAS',leads
430,430,430,200212080SAS,14.3,8.1,1st quarter,1:23.0,Kevin Willis,SAS,False,2-pointer,10,19-19,'SAS',tied
431,431,431,200212080SAS,23.2,5.7,1st quarter,0:53.9,Kevin Willis,SAS,True,2-pointer,1,21-21,'SAS',tied
432,432,432,200212080SAS,10.4,25.4,2nd quarter,11:28.0,Stephen Jackson,SAS,False,3-pointer,25,22-25,'SAS',trails
433,433,433,200212080SAS,47.3,8.0,2nd quarter,11:06.0,Steve Kerr,SAS,True,3-pointer,23,25-25,'SAS',tied
434,434,434,200212080SAS,25.3,6.3,2nd quarter,10:30.0,Stephen Jackson,SAS,True,2-pointer,2,27-27,'SAS',tied
435,435,435,200212080SAS,45.0,17.5,2nd quarter,9:50.0,Stephen Jackson,SAS,False,3-pointer,24,27-29,'SAS',trails
436,436,436,200212080SAS,36.8,8.6,2nd quarter,9:20.0,David Robinson,SAS,False,2-pointer,13,27-30,'SAS',trails
437,437,437,200212080SAS,22.5,6.0,2nd quarter,9:17.0,Kevin Willis,SAS,True,2-pointer,2,29-30,'SAS',trails
438,438,438,200212080SAS,40.4,24.1,2nd quarter,8:23.0,Stephen Jackson,SAS,False,3-pointer,25,29-30,'SAS',trails
439,439,439,200212080SAS,46.8,5.3,2nd quarter,6:44.0,Steve Smith,SAS,True,3-pointer,23,32-36,'SAS',trails
440,440,440,200212080SAS,22.5,9.5,2nd quarter,6:11.0,Kevin Willis,SAS,False,2-pointer,5,32-38,'SAS',trails
441,441,441,200212080SAS,23.4,7.6,2nd quarter,5:47.0,Kevin Willis,SAS,False,2-pointer,3,32-38,'SAS',trails
442,442,442,200212080SAS,23.7,5.7,2nd quarter,5:44.0,David Robinson,SAS,True,2-pointer,1,34-38,'SAS',trails
443,443,443,200212080SAS,24.6,9.8,2nd quarter,5:18.0,Kevin Willis,SAS,True,2-pointer,5,36-38,'SAS',trails
444,444,444,200212080SAS,20.2,21.3,2nd quarter,4:39.0,David Robinson,SAS,False,2-pointer,17,36-40,'SAS',trails
445,445,445,200212080SAS,15.7,9.6,2nd quarter,4:06.0,Bruce Bowen,SAS,False,2-pointer,9,36-42,'SAS',trails
446,446,446,200212080SAS,39.7,3.0,2nd quarter,3:24.0,Tim Duncan,SAS,False,2-pointer,16,36-42,'SAS',trails
447,447,447,200212080SAS,24.1,7.0,2nd quarter,3:11.0,Tony Parker,SAS,True,2-pointer,2,38-44,'SAS',trails
448,448,448,200212080SAS,25.1,7.2,2nd quarter,2:23.0,Tony Parker,SAS,False,2-pointer,2,38-48,'SAS',trails
449,449,449,200212080SAS,25.6,5.7,2nd quarter,2:19.0,Malik Rose,SAS,False,2-pointer,2,38-48,'SAS',trails
450,450,450,200212080SAS,24.1,4.7,2nd quarter,2:17.0,Malik Rose,SAS,True,2-pointer,0,40-48,'SAS',trails
451,451,451,200212080SAS,46.8,4.7,2nd quarter,1:48.0,Bruce Bowen,SAS,True,3-pointer,23,43-48,'SAS',trails
452,452,452,200212080SAS,13.2,22.6,2nd quarter,0:27.1,Tony Parker,SAS,False,2-pointer,21,44-48,'SAS',trails
453,453,453,200212080SAS,13.5,20.8,2nd quarter,0:01.3,Tim Duncan,SAS,False,2-pointer,19,44-50,'SAS',trails
454,454,454,200212080SAS,46.3,4.5,3rd quarter,11:12.0,Steve Smith,SAS,False,3-pointer,22,44-54,'SAS',trails
455,455,455,200212080SAS,26.1,8.6,3rd quarter,9:40.0,Tim Duncan,SAS,True,2-pointer,4,46-58,'SAS',trails
456,456,456,200212080SAS,22.7,7.6,3rd quarter,9:10.0,Bruce Bowen,SAS,False,2-pointer,3,46-60,'SAS',trails
457,457,457,200212080SAS,10.7,9.8,3rd quarter,8:33.0,Tim Duncan,SAS,False,2-pointer,14,46-62,'SAS',trails
458,458,458,200212080SAS,34.8,13.6,3rd quarter,8:00.0,Tony Parker,SAS,True,2-pointer,14,48-62,'SAS',trails
459,459,459,200212080SAS,32.5,10.1,3rd quarter,7:13.0,Stephen Jackson,SAS,True,2-pointer,10,51-64,'SAS',trails
460,460,460,200212080SAS,26.0,5.8,3rd quarter,6:43.0,Tim Duncan,SAS,True,2-pointer,2,53-64,'SAS',trails
461,461,461,200212080SAS,47.2,6.2,3rd quarter,6:00.0,Tony Parker,SAS,False,3-pointer,23,53-64,'SAS',trails
462,462,462,200212080SAS,8.4,24.6,3rd quarter,4:49.0,Stephen Jackson,SAS,True,3-pointer,25,56-66,'SAS',trails
463,463,463,200212080SAS,1.8,5.0,3rd quarter,4:20.0,Steve Smith,SAS,False,3-pointer,22,56-66,'SAS',trails
464,464,464,200212080SAS,24.0,7.6,3rd quarter,4:15.0,David Robinson,SAS,False,2-pointer,3,56-66,'SAS',trails
465,465,465,200212080SAS,47.6,7.6,3rd quarter,3:13.0,Tony Parker,SAS,False,3-pointer,24,58-68,'SAS',trails
466,466,466,200212080SAS,45.5,17.5,3rd quarter,2:39.0,Stephen Jackson,SAS,True,3-pointer,25,61-70,'SAS',trails
467,467,467,200212080SAS,25.8,6.3,3rd quarter,1:12.0,Bruce Bowen,SAS,True,2-pointer,2,63-74,'SAS',trails
468,468,468,200212080SAS,23.7,8.1,3rd quarter,0:16.4,Tim Duncan,SAS,True,2-pointer,3,65-78,'SAS',trails
469,469,469,200212080SAS,41.4,28.9,3rd quarter,0:01.0,Tony Parker,SAS,False,3-pointer,30,65-79,'SAS',trails
470,470,470,200212080SAS,13.7,5.8,4th quarter,11:03.0,Kevin Willis,SAS,True,2-pointer,10,67-82,'SAS',trails
471,471,471,200212080SAS,1.3,12.1,4th quarter,10:35.0,Stephen Jackson,SAS,True,3-pointer,24,70-84,'SAS',trails
472,472,472,200212080SAS,39.9,13.7,4th quarter,9:45.0,Kevin Willis,SAS,False,2-pointer,18,70-87,'SAS',trails
473,473,473,200212080SAS,21.9,31.3,4th quarter,8:30.0,Steve Kerr,SAS,False,3-pointer,26,70-89,'SAS',trails
474,474,474,200212080SAS,9.9,22.4,4th quarter,7:54.0,Danny Ferry,SAS,True,2-pointer,22,72-91,'SAS',trails
475,475,475,200212080SAS,9.2,9.5,4th quarter,6:57.0,Malik Rose,SAS,False,2-pointer,15,72-96,'SAS',trails
476,476,476,200212080SAS,22.2,5.8,4th quarter,6:28.0,Malik Rose,SAS,True,2-pointer,2,74-96,'SAS',trails
477,477,477,200212080SAS,45.2,13.7,4th quarter,5:11.0,Steve Kerr,SAS,False,2-pointer,23,75-96,'SAS',trails
478,478,478,200212080SAS,24.0,5.0,4th quarter,5:06.0,Malik Rose,SAS,True,2-pointer,0,77-96,'SAS',trails
479,479,479,200212080SAS,15.8,20.3,4th quarter,4:36.0,Kevin Willis,SAS,False,2-pointer,17,77-98,'SAS',trails
480,480,480,200212080SAS,13.3,27.4,4th quarter,3:56.0,Malik Rose,SAS,True,3-pointer,25,80-100,'SAS',trails
481,481,481,200212080SAS,38.4,25.7,4th quarter,2:45.0,Steve Kerr,SAS,False,3-pointer,25,80-100,'SAS',trails
482,482,482,200212080SAS,14.1,16.5,4th quarter,2:14.0,Danny Ferry,SAS,False,2-pointer,15,80-100,'SAS',trails
483,483,483,200212080SAS,37.8,8.1,4th quarter,1:37.0,Mengke Bateer,SAS,False,2-pointer,14,80-102,'SAS',trails
484,484,484,200212080SAS,36.6,15.0,4th quarter,0:54.0,Anthony Goldwire,SAS,False,2-pointer,16,80-104,'SAS',trails
485,485,485,200212080SAS,23.8,6.3,4th quarter,0:26.0,Mengke Bateer,SAS,False,2-pointer,1,80-104,'SAS',trails
486,486,486,200212080TOR,14.3,7.2,1st quarter,11:15.0,Dale Davis,POR,False,2-pointer,10,0-3,'POR',trails
487,487,487,200212080TOR,30.7,8.6,1st quarter,10:48.0,Rasheed Wallace,POR,False,2-pointer,8,0-3,'POR',trails
488,488,488,200212080TOR,41.7,22.1,1st quarter,10:38.0,Derek Anderson,POR,True,3-pointer,25,3-3,'POR',tied
489,489,489,200212080TOR,24.0,5.0,1st quarter,9:56.0,Bonzi Wells,POR,True,2-pointer,0,5-5,'POR',tied
490,490,490,200212080TOR,3.5,9.9,1st quarter,9:27.0,Bonzi Wells,POR,False,2-pointer,21,5-7,'POR',trails
491,491,491,200212080TOR,15.1,8.1,1st quarter,9:14.0,Rasheed Wallace,POR,True,2-pointer,9,7-7,'POR',tied
492,492,492,200212080TOR,17.4,8.5,1st quarter,8:31.0,Scottie Pippen,POR,True,2-pointer,7,9-10,'POR',trails
493,493,493,200212080TOR,24.0,5.0,1st quarter,8:13.0,Bonzi Wells,POR,True,2-pointer,0,11-10,'POR',leads
494,494,494,200212080TOR,34.8,8.8,1st quarter,7:38.0,Bonzi Wells,POR,False,2-pointer,11,11-10,'POR',leads
495,495,495,200212080TOR,36.0,7.0,1st quarter,6:42.0,Dale Davis,POR,False,2-pointer,12,11-12,'POR',trails
496,496,496,200212080TOR,15.6,19.5,1st quarter,6:16.0,Bonzi Wells,POR,True,2-pointer,17,13-14,'POR',trails
497,497,497,200212080TOR,24.0,5.0,1st quarter,5:48.0,Dale Davis,POR,True,2-pointer,0,15-17,'POR',trails
498,498,498,200212080TOR,24.1,12.1,1st quarter,4:37.0,Rasheed Wallace,POR,True,2-pointer,7,17-19,'POR',trails
499,499,499,200212080TOR,41.6,22.4,1st quarter,3:21.0,Rasheed Wallace,POR,False,3-pointer,25,19-21,'POR',trails
500,500,500,200212080TOR,38.4,13.2,1st quarter,3:13.0,Scottie Pippen,POR,True,2-pointer,17,21-21,'POR',tied
501,501,501,200212080TOR,24.0,5.0,1st quarter,2:36.0,Bonzi Wells,POR,True,2-pointer,0,23-23,'POR',tied
502,502,502,200212080TOR,15.6,6.2,1st quarter,1:51.0,Rasheed Wallace,POR,True,2-pointer,8,25-23,'POR',leads
503,503,503,200212080TOR,16.5,21.0,1st quarter,1:16.0,Damon Stoudamire,POR,True,2-pointer,18,27-25,'POR',leads
504,504,504,200212080TOR,24.0,5.0,1st quarter,0:11.6,Ruben Patterson,POR,True,2-pointer,0,29-27,'POR',leads
505,505,505,200212080TOR,33.4,7.0,2nd quarter,11:02.0,Arvydas Sabonis,POR,True,2-pointer,10,33-27,'POR',leads
506,506,506,200212080TOR,18.1,11.1,2nd quarter,10:00.0,Arvydas Sabonis,POR,False,2-pointer,8,35-30,'POR',leads
507,507,507,200212080TOR,30.9,7.8,2nd quarter,9:36.0,Arvydas Sabonis,POR,True,2-pointer,7,37-32,'POR',leads
508,508,508,200212080TOR,38.1,5.8,2nd quarter,8:55.0,Zach Randolph,POR,True,2-pointer,14,39-34,'POR',leads
509,509,509,200212080TOR,24.0,5.0,2nd quarter,7:16.0,Arvydas Sabonis,POR,False,2-pointer,0,39-38,'POR',leads
510,510,510,200212080TOR,24.0,5.0,2nd quarter,6:44.0,Bonzi Wells,POR,True,2-pointer,0,41-40,'POR',leads
511,511,511,200212080TOR,34.0,20.8,2nd quarter,6:09.0,Scottie Pippen,POR,True,2-pointer,19,43-42,'POR',leads
512,512,512,200212080TOR,24.0,5.0,2nd quarter,5:18.0,Derek Anderson,POR,True,2-pointer,0,45-44,'POR',leads
513,513,513,200212080TOR,31.9,20.1,2nd quarter,4:11.0,Bonzi Wells,POR,False,2-pointer,17,46-46,'POR',tied
514,514,514,200212080TOR,24.3,8.8,2nd quarter,3:14.0,Dale Davis,POR,True,2-pointer,4,52-49,'POR',leads
515,515,515,200212080TOR,34.8,13.1,2nd quarter,2:39.0,Dale Davis,POR,False,2-pointer,14,52-49,'POR',leads
516,516,516,200212080TOR,24.0,5.0,2nd quarter,2:19.0,Derek Anderson,POR,False,2-pointer,0,52-49,'POR',leads
517,517,517,200212080TOR,24.0,5.0,2nd quarter,2:00.0,Derek Anderson,POR,False,2-pointer,0,52-49,'POR',leads
518,518,518,200212080TOR,18.1,8.1,2nd quarter,1:45.0,Derek Anderson,POR,True,2-pointer,7,54-49,'POR',leads
519,519,519,200212080TOR,24.0,5.0,2nd quarter,1:23.0,Bonzi Wells,POR,True,2-pointer,0,56-49,'POR',leads
520,520,520,200212080TOR,8.6,25.2,2nd quarter,0:31.6,Bonzi Wells,POR,False,3-pointer,25,56-52,'POR',leads
521,521,521,200212080TOR,24.0,5.0,2nd quarter,0:00.1,Arvydas Sabonis,POR,True,2-pointer,0,58-52,'POR',leads
522,522,522,200212080TOR,14.3,10.3,3rd quarter,11:39.0,Rasheed Wallace,POR,True,2-pointer,11,60-52,'POR',leads
523,523,523,200212080TOR,24.0,5.0,3rd quarter,11:08.0,Bonzi Wells,POR,False,2-pointer,0,60-52,'POR',leads
524,524,524,200212080TOR,24.0,5.0,3rd quarter,11:03.0,Dale Davis,POR,False,2-pointer,0,60-52,'POR',leads
525,525,525,200212080TOR,24.0,5.0,3rd quarter,11:00.0,Dale Davis,POR,True,2-pointer,0,62-52,'POR',leads
526,526,526,200212080TOR,38.9,18.3,3rd quarter,10:32.0,Bonzi Wells,POR,True,2-pointer,20,64-54,'POR',leads
527,527,527,200212080TOR,24.0,5.0,3rd quarter,10:08.0,Scottie Pippen,POR,True,2-pointer,0,66-54,'POR',leads
528,528,528,200212080TOR,24.0,5.0,3rd quarter,8:09.0,Dale Davis,POR,False,2-pointer,0,68-63,'POR',leads
529,529,529,200212080TOR,4.3,19.5,3rd quarter,7:29.0,Scottie Pippen,POR,False,3-pointer,24,68-63,'POR',leads
530,530,530,200212080TOR,24.0,5.0,3rd quarter,6:47.0,Scottie Pippen,POR,True,2-pointer,0,70-64,'POR',leads
531,531,531,200212080TOR,5.6,12.1,3rd quarter,5:52.0,Derek Anderson,POR,True,2-pointer,20,73-66,'POR',leads
532,532,532,200212080TOR,24.0,5.0,3rd quarter,4:51.0,Dale Davis,POR,False,2-pointer,0,73-68,'POR',leads
533,533,533,200212080TOR,24.0,5.0,3rd quarter,4:19.0,Bonzi Wells,POR,True,2-pointer,0,75-70,'POR',leads
534,534,534,200212080TOR,24.0,5.0,3rd quarter,3:51.0,Bonzi Wells,POR,True,2-pointer,0,77-73,'POR',leads
535,535,535,200212080TOR,2.0,18.0,3rd quarter,3:15.0,Derek Anderson,POR,False,3-pointer,26,77-73,'POR',leads
536,536,536,200212080TOR,14.3,6.8,3rd quarter,2:06.0,Bonzi Wells,POR,False,2-pointer,10,79-73,'POR',leads
537,537,537,200212080TOR,16.9,9.8,3rd quarter,1:36.0,Arvydas Sabonis,POR,False,2-pointer,9,79-73,'POR',leads
538,538,538,200212080TOR,24.0,5.0,3rd quarter,1:06.0,Derek Anderson,POR,True,2-pointer,0,81-73,'POR',leads
539,539,539,200212080TOR,30.7,11.4,3rd quarter,0:28.5,Rasheed Wallace,POR,False,2-pointer,9,82-75,'POR',leads
540,540,540,200212080TOR,4.1,18.5,4th quarter,11:23.0,Derek Anderson,POR,True,3-pointer,24,85-75,'POR',leads
541,541,541,200212080TOR,34.0,27.5,4th quarter,10:46.0,Rasheed Wallace,POR,True,3-pointer,25,88-75,'POR',leads
542,542,542,200212080TOR,33.2,28.3,4th quarter,10:08.0,Damon Stoudamire,POR,False,3-pointer,25,88-75,'POR',leads
543,543,543,200212080TOR,22.7,23.3,4th quarter,9:33.0,Arvydas Sabonis,POR,False,2-pointer,18,88-75,'POR',leads
544,544,544,200212080TOR,38.8,24.9,4th quarter,8:50.0,Derek Anderson,POR,True,3-pointer,25,91-77,'POR',leads
545,545,545,200212080TOR,24.0,5.0,4th quarter,7:24.0,Bonzi Wells,POR,True,2-pointer,0,93-79,'POR',leads
546,546,546,200212080TOR,37.3,15.0,4th quarter,6:46.0,Scottie Pippen,POR,False,2-pointer,17,93-82,'POR',leads
547,547,547,200212080TOR,26.3,29.7,4th quarter,6:13.0,Bonzi Wells,POR,True,3-pointer,25,96-84,'POR',leads
548,548,548,200212080TOR,15.0,13.4,4th quarter,4:27.0,Rasheed Wallace,POR,True,2-pointer,12,98-85,'POR',leads
549,549,549,200212080TOR,11.7,11.6,4th quarter,3:52.0,Dale Davis,POR,True,2-pointer,14,100-85,'POR',leads
550,550,550,200212080TOR,24.0,5.0,4th quarter,3:06.0,Bonzi Wells,POR,True,2-pointer,0,102-85,'POR',leads
551,551,551,200212080TOR,6.4,6.0,4th quarter,2:27.0,Ruben Patterson,POR,False,2-pointer,18,102-85,'POR',leads
552,552,552,200212080TOR,41.4,5.7,4th quarter,1:48.0,Zach Randolph,POR,True,2-pointer,17,104-85,'POR',leads
553,553,553,200212080TOR,24.0,5.0,4th quarter,1:07.0,Jeff McInnis,POR,False,2-pointer,0,104-89,'POR',leads
554,554,554,200212080TOR,23.8,25.9,4th quarter,0:48.5,Qyntel Woods,POR,False,2-pointer,21,104-89,'POR',leads
555,555,555,200212080TOR,4.3,5.8,4th quarter,0:10.2,Ruben Patterson,POR,False,2-pointer,20,104-91,'POR',leads
556,556,556,200212080TOR,3.1,17.3,1st quarter,11:40.0,Vince Carter,TOR,True,3-pointer,24,3-0,'POR',leads
557,557,557,200212080TOR,24.0,5.0,1st quarter,11:04.0,Morris Peterson,TOR,False,2-pointer,0,3-0,'POR',leads
558,558,558,200212080TOR,34.5,14.1,1st quarter,10:21.0,Greg Foster,TOR,True,2-pointer,14,5-3,'POR',leads
559,559,559,200212080TOR,4.0,7.2,1st quarter,9:43.0,Morris Peterson,TOR,True,2-pointer,20,7-5,'POR',leads
560,560,560,200212080TOR,46.8,4.7,1st quarter,8:59.0,Vince Carter,TOR,True,3-pointer,23,10-7,'POR',leads
561,561,561,200212080TOR,30.1,7.8,1st quarter,8:19.0,Vince Carter,TOR,False,2-pointer,7,10-9,'POR',leads
562,562,562,200212080TOR,37.6,11.6,1st quarter,7:54.0,Vince Carter,TOR,False,2-pointer,15,10-11,'POR',trails
563,563,563,200212080TOR,26.8,12.1,1st quarter,7:25.0,Greg Foster,TOR,False,2-pointer,8,10-11,'POR',trails
564,564,564,200212080TOR,37.5,11.4,1st quarter,7:17.0,Jerome Williams,TOR,False,2-pointer,15,10-11,'POR',trails
565,565,565,200212080TOR,24.0,5.0,1st quarter,6:56.0,Morris Peterson,TOR,False,2-pointer,0,10-11,'POR',trails
566,566,566,200212080TOR,24.0,5.0,1st quarter,6:51.0,Jerome Williams,TOR,True,2-pointer,0,12-11,'POR',leads
567,567,567,200212080TOR,40.6,8.5,1st quarter,6:25.0,Vince Carter,TOR,True,2-pointer,17,14-11,'POR',leads
568,568,568,200212080TOR,24.0,29.5,1st quarter,5:58.0,Alvin Williams,TOR,True,3-pointer,25,17-13,'POR',leads
569,569,569,200212080TOR,41.6,7.2,1st quarter,5:31.0,Vince Carter,TOR,False,2-pointer,18,17-15,'POR',leads
570,570,570,200212080TOR,4.0,3.9,1st quarter,5:14.0,Morris Peterson,TOR,True,2-pointer,20,19-15,'POR',leads
571,571,571,200212080TOR,35.3,6.0,1st quarter,4:49.0,Alvin Williams,TOR,False,2-pointer,11,19-15,'POR',leads
572,572,572,200212080TOR,24.3,10.8,1st quarter,4:16.0,Morris Peterson,TOR,True,2-pointer,6,21-17,'POR',leads
573,573,573,200212080TOR,24.3,11.9,1st quarter,3:31.0,Jerome Williams,TOR,False,2-pointer,7,21-19,'POR',leads
574,574,574,200212080TOR,40.4,22.9,1st quarter,2:22.0,Morris Peterson,TOR,False,3-pointer,24,23-23,'POR',tied
575,575,575,200212080TOR,1.8,6.3,1st quarter,2:07.0,Morris Peterson,TOR,False,3-pointer,22,23-23,'POR',tied
576,576,576,200212080TOR,3.6,5.0,1st quarter,1:37.0,Vince Carter,TOR,True,2-pointer,20,25-25,'POR',tied
577,577,577,200212080TOR,14.3,11.8,1st quarter,0:57.7,Vince Carter,TOR,True,2-pointer,12,27-27,'POR',tied
578,578,578,200212080TOR,14.5,10.9,1st quarter,0:32.2,Jerome Williams,TOR,False,2-pointer,11,27-27,'POR',tied
579,579,579,200212080TOR,31.5,8.3,2nd quarter,10:48.0,Vince Carter,TOR,False,2-pointer,8,27-33,'POR',trails
580,580,580,200212080TOR,35.2,28.0,2nd quarter,10:19.0,Voshon Lenard,TOR,True,3-pointer,26,30-35,'POR',trails
581,581,581,200212080TOR,37.1,18.5,2nd quarter,9:49.0,Morris Peterson,TOR,True,2-pointer,19,32-35,'POR',trails
582,582,582,200212080TOR,24.0,5.0,2nd quarter,9:13.0,Jermaine Jackson,TOR,False,2-pointer,0,32-37,'POR',trails
583,583,583,200212080TOR,24.0,5.0,2nd quarter,9:13.0,Michael Bradley,TOR,True,2-pointer,0,34-37,'POR',trails
584,584,584,200212080TOR,8.7,8.5,2nd quarter,8:36.0,Michael Bradley,TOR,True,2-pointer,16,36-39,'POR',trails
585,585,585,200212080TOR,8.2,9.1,2nd quarter,8:05.0,Morris Peterson,TOR,True,2-pointer,16,38-39,'POR',trails
586,586,586,200212080TOR,34.0,20.8,2nd quarter,7:30.0,Alvin Williams,TOR,False,2-pointer,19,38-39,'POR',trails
587,587,587,200212080TOR,31.1,21.8,2nd quarter,6:59.0,Morris Peterson,TOR,True,2-pointer,18,40-39,'POR',leads
588,588,588,200212080TOR,24.0,5.0,2nd quarter,6:26.0,Voshon Lenard,TOR,True,2-pointer,0,42-41,'POR',leads
589,589,589,200212080TOR,24.0,5.0,2nd quarter,5:53.0,Greg Foster,TOR,False,2-pointer,0,42-43,'POR',trails
590,590,590,200212080TOR,24.0,5.0,2nd quarter,5:48.0,Michael Bradley,TOR,True,2-pointer,0,44-43,'POR',leads
591,591,591,200212080TOR,2.8,18.5,2nd quarter,5:22.0,Voshon Lenard,TOR,False,3-pointer,25,44-43,'POR',leads
592,592,592,200212080TOR,41.7,21.9,2nd quarter,4:24.0,Alvin Williams,TOR,False,3-pointer,24,46-46,'POR',tied
593,593,593,200212080TOR,41.4,21.4,2nd quarter,3:45.0,Morris Peterson,TOR,True,3-pointer,24,49-48,'POR',leads
594,594,594,200212080TOR,34.3,7.8,2nd quarter,3:24.0,Vince Carter,TOR,False,2-pointer,11,49-50,'POR',trails
595,595,595,200212080TOR,16.3,11.4,2nd quarter,2:54.0,Greg Foster,TOR,False,2-pointer,10,49-52,'POR',trails
596,596,596,200212080TOR,46.7,4.4,2nd quarter,2:26.0,Morris Peterson,TOR,False,3-pointer,23,49-52,'POR',trails
597,597,597,200212080TOR,7.4,6.2,2nd quarter,1:52.0,Greg Foster,TOR,False,2-pointer,17,49-52,'POR',trails
598,598,598,200212080TOR,2.0,16.5,2nd quarter,0:50.4,Vince Carter,TOR,True,3-pointer,25,52-56,'POR',trails
599,599,599,200212080TOR,7.2,23.9,3rd quarter,11:13.0,Alvin Williams,TOR,False,3-pointer,25,52-60,'POR',trails
600,600,600,200212080TOR,21.7,26.9,3rd quarter,10:39.0,Vince Carter,TOR,True,2-pointer,22,54-62,'POR',trails
601,601,601,200212080TOR,0.2,9.8,3rd quarter,9:45.0,Vince Carter,TOR,True,3-pointer,24,57-66,'POR',trails
602,602,602,200212080TOR,0.8,5.8,3rd quarter,9:16.0,Morris Peterson,TOR,True,3-pointer,23,60-66,'POR',trails
603,603,603,200212080TOR,36.1,26.7,3rd quarter,8:57.0,Alvin Williams,TOR,True,3-pointer,25,63-66,'POR',trails
604,604,604,200212080TOR,11.5,19.5,3rd quarter,8:18.0,Morris Peterson,TOR,False,2-pointer,19,63-68,'POR',trails
605,605,605,200212080TOR,12.5,26.4,3rd quarter,7:56.0,Vince Carter,TOR,False,3-pointer,24,63-68,'POR',trails
606,606,606,200212080TOR,35.3,13.2,3rd quarter,6:01.0,Jerome Williams,TOR,True,2-pointer,14,66-71,'POR',trails
607,607,607,200212080TOR,30.2,7.6,3rd quarter,5:25.0,Jerome Williams,TOR,False,2-pointer,7,66-73,'POR',trails
608,608,608,200212080TOR,24.0,5.0,3rd quarter,5:21.0,Michael Bradley,TOR,False,2-pointer,0,66-73,'POR',trails
609,609,609,200212080TOR,24.0,5.0,3rd quarter,5:08.0,Vince Carter,TOR,True,2-pointer,0,68-73,'POR',trails
610,610,610,200212080TOR,6.9,11.1,3rd quarter,4:41.0,Vince Carter,TOR,True,2-pointer,18,70-73,'POR',trails
611,611,611,200212080TOR,15.6,27.7,3rd quarter,4:02.0,Alvin Williams,TOR,True,3-pointer,24,73-75,'POR',trails
612,612,612,200212080TOR,3.8,20.8,3rd quarter,3:24.0,Vince Carter,TOR,False,3-pointer,26,73-77,'POR',trails
613,613,613,200212080TOR,24.0,5.0,3rd quarter,3:04.0,Michael Bradley,TOR,False,2-pointer,0,73-77,'POR',trails
614,614,614,200212080TOR,44.7,4.5,3rd quarter,1:23.0,Voshon Lenard,TOR,False,2-pointer,21,73-79,'POR',trails
615,615,615,200212080TOR,44.4,6.0,3rd quarter,0:42.9,Morris Peterson,TOR,True,2-pointer,20,75-82,'POR',trails
616,616,616,200212080TOR,24.0,5.0,3rd quarter,0:05.9,Jelani McCoy,TOR,False,2-pointer,0,75-82,'POR',trails
617,617,617,200212080TOR,35.0,6.8,3rd quarter,0:00.2,Michael Bradley,TOR,False,2-pointer,11,75-82,'POR',trails
618,618,618,200212080TOR,7.2,17.2,4th quarter,11:06.0,Jermaine Jackson,TOR,False,2-pointer,21,75-85,'POR',trails
619,619,619,200212080TOR,38.6,21.1,4th quarter,9:18.0,Voshon Lenard,TOR,True,2-pointer,22,77-88,'POR',trails
620,620,620,200212080TOR,11.7,20.1,4th quarter,8:34.0,Jerome Williams,TOR,False,2-pointer,19,77-91,'POR',trails
621,621,621,200212080TOR,36.6,15.0,4th quarter,8:22.0,Voshon Lenard,TOR,False,2-pointer,16,77-91,'POR',trails
622,622,622,200212080TOR,1.3,5.8,4th quarter,8:10.0,Voshon Lenard,TOR,False,3-pointer,23,77-91,'POR',trails
623,623,623,200212080TOR,33.4,20.8,4th quarter,7:45.0,Greg Foster,TOR,True,2-pointer,18,79-91,'POR',trails
624,624,624,200212080TOR,41.1,6.3,4th quarter,7:04.0,Alvin Williams,TOR,True,2-pointer,17,81-93,'POR',trails
625,625,625,200212080TOR,22.7,11.3,4th quarter,6:34.0,Alvin Williams,TOR,True,2-pointer,6,84-93,'POR',trails
626,626,626,200212080TOR,6.3,22.6,4th quarter,5:56.0,Alvin Williams,TOR,False,3-pointer,25,84-96,'POR',trails
627,627,627,200212080TOR,18.1,12.6,4th quarter,5:28.0,Morris Peterson,TOR,False,2-pointer,10,84-96,'POR',trails
628,628,628,200212080TOR,24.0,5.0,4th quarter,5:24.0,Jerome Williams,TOR,False,2-pointer,0,84-96,'POR',trails
629,629,629,200212080TOR,28.4,13.6,4th quarter,5:00.0,Vince Carter,TOR,False,2-pointer,10,84-96,'POR',trails
630,630,630,200212080TOR,1.5,5.7,4th quarter,4:54.0,Morris Peterson,TOR,False,3-pointer,23,84-96,'POR',trails
631,631,631,200212080TOR,40.4,23.4,4th quarter,4:12.0,Vince Carter,TOR,False,3-pointer,25,85-98,'POR',trails
632,632,632,200212080TOR,24.0,5.0,4th quarter,3:30.0,Jerome Williams,TOR,False,2-pointer,0,85-100,'POR',trails
633,633,633,200212080TOR,22.7,12.9,4th quarter,2:45.0,Vince Carter,TOR,False,2-pointer,8,85-102,'POR',trails
634,634,634,200212080TOR,24.0,5.0,4th quarter,1:43.0,Chris Jefferies,TOR,True,2-pointer,0,87-104,'POR',trails
635,635,635,200212080TOR,24.0,5.0,4th quarter,0:33.4,Nate Huffman,TOR,True,2-pointer,0,91-104,'POR',trails
