,Unnamed: 0.1,Unnamed: 0,match_id,shotX,shotY,quarter,time_remaining,player,team,made,shot_type,distance,score,opp,status
0,0,0,200203040ATL,14.4,9.5,1st quarter,11:41.0,Pau Gasol,MEM,False,2-pointer,11,0-0,'MEM',tied
1,1,1,200203040ATL,34.0,6.1,1st quarter,11:26.0,Lorenzen Wright,MEM,False,2-pointer,10,0-0,'MEM',tied
2,2,2,200203040ATL,35.5,6.1,1st quarter,10:48.0,Lorenzen Wright,MEM,False,2-pointer,12,0-0,'MEM',tied
3,3,3,200203040ATL,24.0,5.0,1st quarter,10:16.0,Eddie Gill,MEM,True,2-pointer,0,2-2,'MEM',tied
4,4,4,200203040ATL,6.4,9.5,1st quarter,9:13.0,Lorenzen Wright,MEM,True,2-pointer,18,6-4,'MEM',leads
5,5,5,200203040ATL,24.0,5.0,1st quarter,8:32.0,Lorenzen Wright,MEM,False,2-pointer,0,6-6,'MEM',tied
6,6,6,200203040ATL,24.0,5.0,1st quarter,7:30.0,Lorenzen Wright,MEM,False,2-pointer,0,6-10,'MEM',trails
7,7,7,200203040ATL,39.0,5.4,1st quarter,6:17.0,Shane Battier,MEM,True,2-pointer,15,8-15,'MEM',trails
8,8,8,200203040ATL,39.0,17.2,1st quarter,5:40.0,Grant Long,MEM,True,2-pointer,19,10-15,'MEM',trails
9,9,9,200203040ATL,25.8,7.8,1st quarter,4:36.0,Pau Gasol,MEM,True,2-pointer,3,12-17,'MEM',trails
10,10,10,200203040ATL,24.0,5.0,1st quarter,3:59.0,Shane Battier,MEM,False,2-pointer,0,12-19,'MEM',trails
11,11,11,200203040ATL,24.0,5.0,1st quarter,3:58.0,Shane Battier,MEM,True,2-pointer,0,14-19,'MEM',trails
12,12,12,200203040ATL,24.0,5.0,1st quarter,3:36.0,Rodney Buford,MEM,False,2-pointer,0,14-21,'MEM',trails
13,13,13,200203040ATL,24.0,5.0,1st quarter,3:35.0,Pau Gasol,MEM,False,2-pointer,0,14-21,'MEM',trails
14,14,14,200203040ATL,31.0,19.4,1st quarter,2:27.0,Shane Battier,MEM,False,2-pointer,16,15-23,'MEM',trails
15,15,15,200203040ATL,31.7,5.4,1st quarter,1:41.0,Stromile Swift,MEM,False,2-pointer,8,15-25,'MEM',trails
16,16,16,200203040ATL,24.0,5.0,1st quarter,1:39.0,Shane Battier,MEM,True,2-pointer,0,17-25,'MEM',trails
17,17,17,200203040ATL,15.8,7.8,1st quarter,1:03.0,Shane Battier,MEM,False,2-pointer,9,18-25,'MEM',trails
18,18,18,200203040ATL,24.0,5.0,2nd quarter,10:54.0,Tony Massenburg,MEM,False,2-pointer,0,18-32,'MEM',trails
19,19,19,200203040ATL,24.0,5.0,2nd quarter,10:52.0,Stromile Swift,MEM,True,2-pointer,0,20-32,'MEM',trails
20,20,20,200203040ATL,28.1,9.5,2nd quarter,9:40.0,Tony Massenburg,MEM,False,2-pointer,6,20-34,'MEM',trails
21,21,21,200203040ATL,23.0,11.1,2nd quarter,9:00.0,Rodney Buford,MEM,False,2-pointer,6,20-34,'MEM',trails
22,22,22,200203040ATL,24.0,5.0,2nd quarter,8:33.0,Isaac Fontaine,MEM,True,2-pointer,0,22-36,'MEM',trails
23,23,23,200203040ATL,1.1,9.9,2nd quarter,7:44.0,Eddie Gill,MEM,False,3-pointer,23,23-36,'MEM',trails
24,24,24,200203040ATL,32.5,6.1,2nd quarter,7:13.0,Lorenzen Wright,MEM,False,2-pointer,9,23-39,'MEM',trails
25,25,25,200203040ATL,24.0,5.0,2nd quarter,7:08.0,Eddie Gill,MEM,False,2-pointer,0,23-39,'MEM',trails
26,26,26,200203040ATL,24.0,5.0,2nd quarter,6:43.0,Eddie Gill,MEM,False,2-pointer,0,23-41,'MEM',trails
27,27,27,200203040ATL,24.0,5.0,2nd quarter,6:15.0,Eddie Gill,MEM,False,2-pointer,0,23-41,'MEM',trails
28,28,28,200203040ATL,21.5,9.9,2nd quarter,5:34.0,Pau Gasol,MEM,True,2-pointer,6,27-41,'MEM',trails
29,29,29,200203040ATL,30.2,24.8,2nd quarter,4:35.0,Grant Long,MEM,False,2-pointer,21,28-43,'MEM',trails
30,30,30,200203040ATL,24.0,5.0,2nd quarter,4:14.0,Lorenzen Wright,MEM,True,2-pointer,0,30-43,'MEM',trails
31,31,31,200203040ATL,24.0,5.0,2nd quarter,3:19.0,Pau Gasol,MEM,True,2-pointer,0,32-45,'MEM',trails
32,32,32,200203040ATL,0.2,4.6,2nd quarter,2:41.0,Eddie Gill,MEM,False,3-pointer,24,32-45,'MEM',trails
33,33,33,200203040ATL,24.0,5.0,2nd quarter,2:18.0,Lorenzen Wright,MEM,True,2-pointer,0,34-46,'MEM',trails
34,34,34,200203040ATL,9.3,5.4,2nd quarter,1:47.0,Grant Long,MEM,False,2-pointer,15,34-46,'MEM',trails
35,35,35,200203040ATL,37.8,6.1,2nd quarter,1:43.0,Eddie Gill,MEM,True,2-pointer,14,36-46,'MEM',trails
36,36,36,200203040ATL,34.8,6.5,2nd quarter,1:11.0,Eddie Gill,MEM,False,2-pointer,11,36-46,'MEM',trails
37,37,37,200203040ATL,2.6,13.9,2nd quarter,0:17.9,Grant Long,MEM,True,2-pointer,23,40-48,'MEM',trails
38,38,38,200203040ATL,47.9,18.7,2nd quarter,0:00.2,Shane Battier,MEM,False,3-pointer,28,40-48,'MEM',trails
39,39,39,200203040ATL,34.8,14.9,3rd quarter,10:24.0,Eddie Gill,MEM,True,2-pointer,15,42-48,'MEM',trails
40,40,40,200203040ATL,42.8,6.1,3rd quarter,9:48.0,Grant Long,MEM,False,2-pointer,19,42-50,'MEM',trails
41,41,41,200203040ATL,20.9,11.1,3rd quarter,9:38.0,Lorenzen Wright,MEM,False,2-pointer,7,42-50,'MEM',trails
42,42,42,200203040ATL,34.0,5.4,3rd quarter,8:56.0,Pau Gasol,MEM,False,2-pointer,10,42-52,'MEM',trails
43,43,43,200203040ATL,47.3,5.0,3rd quarter,7:51.0,Shane Battier,MEM,True,3-pointer,23,45-52,'MEM',trails
44,44,44,200203040ATL,23.9,24.8,3rd quarter,6:33.0,Eddie Gill,MEM,False,2-pointer,20,46-56,'MEM',trails
45,45,45,200203040ATL,18.0,8.4,3rd quarter,4:50.0,Pau Gasol,MEM,True,2-pointer,7,48-58,'MEM',trails
46,46,46,200203040ATL,25.1,12.8,3rd quarter,3:28.0,Pau Gasol,MEM,False,2-pointer,8,49-60,'MEM',trails
47,47,47,200203040ATL,13.5,18.3,3rd quarter,2:25.0,Eddie Gill,MEM,False,2-pointer,17,51-65,'MEM',trails
48,48,48,200203040ATL,12.9,22.1,3rd quarter,1:46.0,Rodney Buford,MEM,False,2-pointer,20,51-68,'MEM',trails
49,49,49,200203040ATL,32.5,17.7,3rd quarter,0:58.4,Shane Battier,MEM,True,2-pointer,15,55-71,'MEM',trails
50,50,50,200203040ATL,42.0,4.2,3rd quarter,0:00.0,Rodney Buford,MEM,False,2-pointer,18,55-73,'MEM',trails
51,51,51,200203040ATL,24.3,9.5,4th quarter,11:44.0,Isaac Fontaine,MEM,False,2-pointer,5,55-73,'MEM',trails
52,52,52,200203040ATL,16.5,15.6,4th quarter,10:57.0,Stromile Swift,MEM,True,2-pointer,13,57-76,'MEM',trails
53,53,53,200203040ATL,24.0,5.0,4th quarter,10:14.0,Rodney Buford,MEM,True,2-pointer,0,59-79,'MEM',trails
54,54,54,200203040ATL,21.5,21.0,4th quarter,9:44.0,Rodney Buford,MEM,False,2-pointer,16,59-81,'MEM',trails
55,55,55,200203040ATL,25.1,9.9,4th quarter,9:17.0,Rodney Buford,MEM,True,2-pointer,5,61-81,'MEM',trails
56,56,56,200203040ATL,24.0,5.0,4th quarter,8:30.0,Rodney Buford,MEM,False,2-pointer,0,61-84,'MEM',trails
57,57,57,200203040ATL,36.3,17.7,4th quarter,8:22.0,Rodney Buford,MEM,True,2-pointer,18,63-84,'MEM',trails
58,58,58,200203040ATL,24.0,5.0,4th quarter,7:43.0,Shane Battier,MEM,True,2-pointer,0,65-84,'MEM',trails
59,59,59,200203040ATL,23.0,32.2,4th quarter,6:08.0,Isaac Fontaine,MEM,True,3-pointer,27,68-86,'MEM',trails
60,60,60,200203040ATL,34.8,15.6,4th quarter,5:34.0,Rodney Buford,MEM,False,2-pointer,15,68-88,'MEM',trails
61,61,61,200203040ATL,27.2,10.5,4th quarter,5:02.0,Shane Battier,MEM,True,2-pointer,6,70-88,'MEM',trails
62,62,62,200203040ATL,31.7,5.4,4th quarter,4:30.0,Stromile Swift,MEM,False,2-pointer,8,70-88,'MEM',trails
63,63,63,200203040ATL,39.0,8.4,4th quarter,3:56.0,Shane Battier,MEM,True,2-pointer,15,72-90,'MEM',trails
64,64,64,200203040ATL,34.0,6.1,4th quarter,2:38.0,Shane Battier,MEM,False,2-pointer,10,72-90,'MEM',trails
65,65,65,200203040ATL,23.9,11.1,4th quarter,1:43.0,Pau Gasol,MEM,False,2-pointer,6,74-90,'MEM',trails
66,66,66,200203040ATL,24.0,5.0,4th quarter,1:13.0,Stromile Swift,MEM,True,2-pointer,0,76-93,'MEM',trails
67,67,67,200203040ATL,12.9,27.8,4th quarter,0:31.1,Shane Battier,MEM,False,3-pointer,25,76-93,'MEM',trails
68,68,68,200203040ATL,24.0,5.0,1st quarter,10:42.0,Ira Newble,ATL,True,2-pointer,0,2-0,'MEM',leads
69,69,69,200203040ATL,9.3,5.4,1st quarter,9:53.0,DerMarr Johnson,ATL,True,2-pointer,15,4-2,'MEM',leads
70,70,70,200203040ATL,28.1,8.8,1st quarter,9:21.0,Shareef Abdur-Rahim,ATL,False,2-pointer,6,4-4,'MEM',tied
71,71,71,200203040ATL,7.8,7.1,1st quarter,8:51.0,Shareef Abdur-Rahim,ATL,True,2-pointer,16,6-6,'MEM',tied
72,72,72,200203040ATL,23.9,19.4,1st quarter,8:22.0,Nazr Mohammed,ATL,True,2-pointer,14,8-6,'MEM',leads
73,73,73,200203040ATL,24.0,5.0,1st quarter,7:48.0,Nazr Mohammed,ATL,True,2-pointer,0,10-6,'MEM',leads
74,74,74,200203040ATL,40.5,24.8,1st quarter,7:13.0,DerMarr Johnson,ATL,True,3-pointer,26,13-6,'MEM',leads
75,75,75,200203040ATL,24.3,16.6,1st quarter,6:41.0,Shareef Abdur-Rahim,ATL,True,2-pointer,12,15-6,'MEM',leads
76,76,76,200203040ATL,24.0,5.0,1st quarter,5:22.0,Shareef Abdur-Rahim,ATL,True,2-pointer,0,17-10,'MEM',leads
77,77,77,200203040ATL,37.8,5.4,1st quarter,4:51.0,Shareef Abdur-Rahim,ATL,False,2-pointer,14,17-10,'MEM',leads
78,78,78,200203040ATL,9.9,8.4,1st quarter,4:21.0,Jason Terry,ATL,True,2-pointer,15,19-12,'MEM',leads
79,79,79,200203040ATL,24.0,5.0,1st quarter,3:11.0,Shareef Abdur-Rahim,ATL,True,2-pointer,0,23-14,'MEM',leads
80,80,80,200203040ATL,1.7,6.1,1st quarter,2:38.0,Jason Terry,ATL,False,3-pointer,22,23-15,'MEM',leads
81,81,81,200203040ATL,15.8,16.2,1st quarter,2:21.0,Jason Terry,ATL,True,2-pointer,14,25-15,'MEM',leads
82,82,82,200203040ATL,7.8,5.4,1st quarter,1:52.0,Jason Terry,ATL,False,2-pointer,16,25-15,'MEM',leads
83,83,83,200203040ATL,19.4,29.9,1st quarter,1:19.0,DerMarr Johnson,ATL,False,3-pointer,25,25-18,'MEM',leads
84,84,84,200203040ATL,4.9,21.5,1st quarter,0:53.9,Jason Terry,ATL,False,3-pointer,25,25-18,'MEM',leads
85,85,85,200203040ATL,24.0,5.0,1st quarter,0:15.8,Ira Newble,ATL,True,2-pointer,0,27-18,'MEM',leads
86,86,86,200203040ATL,24.0,5.0,1st quarter,0:00.1,Shareef Abdur-Rahim,ATL,True,2-pointer,0,29-18,'MEM',leads
87,87,87,200203040ATL,24.0,5.0,2nd quarter,11:42.0,Alan Henderson,ATL,True,2-pointer,0,31-18,'MEM',leads
88,88,88,200203040ATL,23.0,9.5,2nd quarter,11:02.0,Shareef Abdur-Rahim,ATL,False,2-pointer,5,32-18,'MEM',leads
89,89,89,200203040ATL,35.5,11.6,2nd quarter,10:29.0,Jason Terry,ATL,True,2-pointer,13,34-20,'MEM',leads
90,90,90,200203040ATL,33.1,18.7,2nd quarter,9:51.0,Ira Newble,ATL,False,2-pointer,16,34-20,'MEM',leads
91,91,91,200203040ATL,24.0,5.0,2nd quarter,9:50.0,Shareef Abdur-Rahim,ATL,False,2-pointer,0,34-20,'MEM',leads
92,92,92,200203040ATL,34.0,7.1,2nd quarter,9:27.0,Alan Henderson,ATL,False,2-pointer,10,34-20,'MEM',leads
93,93,93,200203040ATL,24.0,5.0,2nd quarter,8:55.0,Shareef Abdur-Rahim,ATL,True,2-pointer,0,36-20,'MEM',leads
94,94,94,200203040ATL,9.3,6.5,2nd quarter,8:09.0,Hanno Möttölä,ATL,False,2-pointer,15,36-23,'MEM',leads
95,95,95,200203040ATL,24.0,5.0,2nd quarter,7:30.0,Toni Kukoč,ATL,True,2-pointer,0,38-23,'MEM',leads
96,96,96,200203040ATL,24.0,5.0,2nd quarter,7:03.0,Alan Henderson,ATL,True,2-pointer,0,41-23,'MEM',leads
97,97,97,200203040ATL,24.0,5.0,2nd quarter,6:30.0,Alan Henderson,ATL,False,2-pointer,0,41-23,'MEM',leads
98,98,98,200203040ATL,25.1,13.2,2nd quarter,5:54.0,DerMarr Johnson,ATL,False,2-pointer,8,41-25,'MEM',leads
99,99,99,200203040ATL,3.4,18.7,2nd quarter,5:19.0,DerMarr Johnson,ATL,False,3-pointer,25,41-27,'MEM',leads
100,100,100,200203040ATL,7.8,6.5,2nd quarter,4:48.0,Jacque Vaughn,ATL,True,2-pointer,16,43-28,'MEM',leads
101,101,101,200203040ATL,21.5,10.5,2nd quarter,3:54.0,Hanno Möttölä,ATL,False,2-pointer,6,43-30,'MEM',leads
102,102,102,200203040ATL,24.3,9.5,2nd quarter,3:36.0,Shareef Abdur-Rahim,ATL,True,2-pointer,5,45-30,'MEM',leads
103,103,103,200203040ATL,24.0,5.0,2nd quarter,3:03.0,DerMarr Johnson,ATL,False,2-pointer,0,45-32,'MEM',leads
104,104,104,200203040ATL,24.0,5.0,2nd quarter,1:23.0,Ira Newble,ATL,False,2-pointer,0,46-36,'MEM',leads
105,105,105,200203040ATL,4.0,20.4,2nd quarter,1:01.0,Jason Terry,ATL,False,3-pointer,25,46-36,'MEM',leads
106,106,106,200203040ATL,20.1,5.4,2nd quarter,0:42.0,Shareef Abdur-Rahim,ATL,True,2-pointer,4,48-38,'MEM',leads
107,107,107,200203040ATL,34.8,5.4,3rd quarter,11:37.0,Nazr Mohammed,ATL,False,2-pointer,11,48-40,'MEM',leads
108,108,108,200203040ATL,21.5,13.2,3rd quarter,11:11.0,Nazr Mohammed,ATL,False,2-pointer,9,48-40,'MEM',leads
109,109,109,200203040ATL,25.1,11.1,3rd quarter,10:32.0,DerMarr Johnson,ATL,False,2-pointer,6,48-40,'MEM',leads
110,110,110,200203040ATL,33.1,17.7,3rd quarter,10:03.0,Ira Newble,ATL,True,2-pointer,16,50-42,'MEM',leads
111,111,111,200203040ATL,18.0,5.4,3rd quarter,9:20.0,Shareef Abdur-Rahim,ATL,True,2-pointer,6,52-42,'MEM',leads
112,112,112,200203040ATL,24.0,5.0,3rd quarter,7:31.0,Toni Kukoč,ATL,True,2-pointer,0,54-45,'MEM',leads
113,113,113,200203040ATL,7.0,7.8,3rd quarter,7:02.0,Jason Terry,ATL,True,2-pointer,17,56-45,'MEM',leads
114,114,114,200203040ATL,12.9,8.4,3rd quarter,6:20.0,Shareef Abdur-Rahim,ATL,False,2-pointer,12,56-46,'MEM',leads
115,115,115,200203040ATL,9.3,5.4,3rd quarter,5:52.0,Toni Kukoč,ATL,False,2-pointer,15,56-46,'MEM',leads
116,116,116,200203040ATL,22.4,9.9,3rd quarter,5:15.0,Shareef Abdur-Rahim,ATL,True,2-pointer,5,58-46,'MEM',leads
117,117,117,200203040ATL,24.0,5.0,3rd quarter,4:30.0,Ira Newble,ATL,True,2-pointer,0,60-48,'MEM',leads
118,118,118,200203040ATL,47.9,4.6,3rd quarter,3:20.0,Jason Terry,ATL,True,3-pointer,24,63-49,'MEM',leads
119,119,119,200203040ATL,24.0,5.0,3rd quarter,2:46.0,Alan Henderson,ATL,True,2-pointer,0,65-51,'MEM',leads
120,120,120,200203040ATL,47.9,6.1,3rd quarter,2:14.0,Toni Kukoč,ATL,True,3-pointer,24,68-51,'MEM',leads
121,121,121,200203040ATL,31.0,29.9,3rd quarter,1:33.0,Shareef Abdur-Rahim,ATL,False,3-pointer,26,68-51,'MEM',leads
122,122,122,200203040ATL,45.8,20.0,3rd quarter,1:17.0,Toni Kukoč,ATL,True,3-pointer,26,71-53,'MEM',leads
123,123,123,200203040ATL,24.0,5.0,4th quarter,11:34.0,Toni Kukoč,ATL,True,2-pointer,0,75-55,'MEM',leads
124,124,124,200203040ATL,23.0,9.9,4th quarter,11:06.0,Alan Henderson,ATL,False,2-pointer,5,76-55,'MEM',leads
125,125,125,200203040ATL,39.0,26.5,4th quarter,10:31.0,Toni Kukoč,ATL,True,3-pointer,26,79-57,'MEM',leads
126,126,126,200203040ATL,10.6,28.8,4th quarter,8:55.0,Toni Kukoč,ATL,True,3-pointer,27,84-61,'MEM',leads
127,127,127,200203040ATL,5.5,9.5,4th quarter,7:24.0,Hanno Möttölä,ATL,False,2-pointer,19,84-65,'MEM',leads
128,128,128,200203040ATL,24.0,5.0,4th quarter,7:05.0,Ira Newble,ATL,True,2-pointer,0,86-65,'MEM',leads
129,129,129,200203040ATL,24.3,13.9,4th quarter,5:45.0,DerMarr Johnson,ATL,True,2-pointer,9,88-68,'MEM',leads
130,130,130,200203040ATL,11.4,7.1,4th quarter,4:17.0,Cal Bowdler,ATL,True,2-pointer,13,90-70,'MEM',leads
131,131,131,200203040ATL,23.0,19.4,4th quarter,3:35.0,DerMarr Johnson,ATL,False,2-pointer,14,90-72,'MEM',leads
132,132,132,200203040ATL,24.0,5.0,4th quarter,3:33.0,Cal Bowdler,ATL,False,2-pointer,0,90-72,'MEM',leads
133,133,133,200203040ATL,28.1,7.8,4th quarter,2:18.0,DerMarr Johnson,ATL,False,2-pointer,5,90-72,'MEM',leads
134,134,134,200203040ATL,24.0,5.0,4th quarter,1:58.0,Cal Bowdler,ATL,False,2-pointer,0,90-74,'MEM',leads
135,135,135,200203040ATL,46.4,6.1,4th quarter,1:25.0,Mark Strickland,ATL,True,3-pointer,22,93-74,'MEM',leads
136,136,136,200203040ATL,33.1,22.7,4th quarter,0:55.0,Cal Bowdler,ATL,False,2-pointer,20,93-76,'MEM',leads
137,137,137,200203040ATL,7.0,24.8,4th quarter,0:08.5,Mark Strickland,ATL,False,3-pointer,26,93-76,'MEM',leads
138,138,138,200203040ATL,18.0,5.4,4th quarter,0:05.3,Cal Bowdler,ATL,True,2-pointer,6,95-76,'MEM',leads
139,139,139,200203040PHI,38.8,14.7,1st quarter,11:23.0,Tony Delk,BOS,False,2-pointer,18,0-2,'BOS',trails
140,140,140,200203040PHI,9.3,6.1,1st quarter,11:06.0,Kenny Anderson,BOS,False,2-pointer,15,0-2,'BOS',trails
141,141,141,200203040PHI,8.7,9.9,1st quarter,10:50.0,Paul Pierce,BOS,False,2-pointer,16,0-2,'BOS',trails
142,142,142,200203040PHI,24.0,5.0,1st quarter,10:30.0,Tony Delk,BOS,True,2-pointer,0,2-2,'BOS',tied
143,143,143,200203040PHI,8.0,28.2,1st quarter,9:57.0,Antoine Walker,BOS,False,3-pointer,28,2-2,'BOS',tied
144,144,144,200203040PHI,11.4,5.0,1st quarter,9:28.0,Vitaly Potapenko,BOS,False,2-pointer,13,2-4,'BOS',trails
145,145,145,200203040PHI,25.4,32.6,1st quarter,9:12.0,Paul Pierce,BOS,False,3-pointer,28,2-4,'BOS',trails
146,146,146,200203040PHI,38.2,6.5,1st quarter,8:47.0,Vitaly Potapenko,BOS,True,2-pointer,14,4-4,'BOS',tied
147,147,147,200203040PHI,24.1,20.0,1st quarter,8:19.0,Antoine Walker,BOS,True,2-pointer,15,6-4,'BOS',leads
148,148,148,200203040PHI,10.8,12.0,1st quarter,7:29.0,Paul Pierce,BOS,True,2-pointer,15,8-4,'BOS',leads
149,149,149,200203040PHI,9.3,13.0,1st quarter,6:57.0,Paul Pierce,BOS,False,2-pointer,17,8-6,'BOS',leads
150,150,150,200203040PHI,5.7,5.0,1st quarter,6:53.0,Paul Pierce,BOS,False,2-pointer,18,8-6,'BOS',leads
151,151,151,200203040PHI,35.5,15.8,1st quarter,6:34.0,Tony Delk,BOS,False,2-pointer,16,8-6,'BOS',leads
152,152,152,200203040PHI,26.2,31.6,1st quarter,6:28.0,Antoine Walker,BOS,False,3-pointer,27,8-6,'BOS',leads
153,153,153,200203040PHI,24.0,5.0,1st quarter,5:49.0,Vitaly Potapenko,BOS,False,2-pointer,0,8-8,'BOS',tied
154,154,154,200203040PHI,36.1,28.2,1st quarter,5:27.0,Antoine Walker,BOS,True,3-pointer,26,11-8,'BOS',leads
155,155,155,200203040PHI,9.3,25.0,1st quarter,4:50.0,Paul Pierce,BOS,False,3-pointer,25,11-10,'BOS',leads
156,156,156,200203040PHI,24.0,5.0,1st quarter,4:36.0,Antoine Walker,BOS,False,2-pointer,0,11-10,'BOS',leads
157,157,157,200203040PHI,24.0,5.0,1st quarter,4:35.0,Tony Delk,BOS,False,2-pointer,0,11-10,'BOS',leads
158,158,158,200203040PHI,24.0,5.0,1st quarter,3:38.0,Kenny Anderson,BOS,True,2-pointer,0,13-11,'BOS',leads
159,159,159,200203040PHI,24.0,5.0,1st quarter,2:44.0,Mark Blount,BOS,True,2-pointer,0,15-11,'BOS',leads
160,160,160,200203040PHI,11.4,15.4,1st quarter,2:00.0,Tony Delk,BOS,True,2-pointer,16,17-12,'BOS',leads
161,161,161,200203040PHI,15.0,9.2,1st quarter,0:05.2,Antoine Walker,BOS,False,2-pointer,10,20-19,'BOS',leads
162,162,162,200203040PHI,24.0,5.0,2nd quarter,11:44.0,Antoine Walker,BOS,True,2-pointer,0,22-19,'BOS',leads
163,163,163,200203040PHI,22.2,10.3,2nd quarter,11:05.0,Antoine Walker,BOS,True,2-pointer,6,24-19,'BOS',leads
164,164,164,200203040PHI,24.0,5.0,2nd quarter,9:23.0,Walter McCarty,BOS,True,2-pointer,0,28-23,'BOS',leads
165,165,165,200203040PHI,17.7,16.4,2nd quarter,8:58.0,Kenny Anderson,BOS,True,2-pointer,13,30-23,'BOS',leads
166,166,166,200203040PHI,12.1,6.5,2nd quarter,8:27.0,Eric Williams,BOS,False,2-pointer,12,30-25,'BOS',leads
167,167,167,200203040PHI,24.0,5.0,2nd quarter,7:43.0,Eric Williams,BOS,True,2-pointer,0,32-26,'BOS',leads
168,168,168,200203040PHI,5.1,26.1,2nd quarter,7:10.0,Antoine Walker,BOS,False,3-pointer,28,32-26,'BOS',leads
169,169,169,200203040PHI,15.0,13.7,2nd quarter,6:46.0,Paul Pierce,BOS,False,2-pointer,13,32-27,'BOS',leads
170,170,170,200203040PHI,42.4,4.6,2nd quarter,6:15.0,Eric Williams,BOS,False,2-pointer,18,32-29,'BOS',leads
171,171,171,200203040PHI,24.7,30.9,2nd quarter,5:03.0,Paul Pierce,BOS,True,3-pointer,26,36-34,'BOS',leads
172,172,172,200203040PHI,24.1,8.8,2nd quarter,4:22.0,Antoine Walker,BOS,True,2-pointer,4,38-35,'BOS',leads
173,173,173,200203040PHI,21.3,19.1,2nd quarter,3:49.0,Paul Pierce,BOS,False,2-pointer,14,38-37,'BOS',leads
174,174,174,200203040PHI,28.1,20.6,2nd quarter,3:11.0,Tony Delk,BOS,False,2-pointer,16,38-37,'BOS',leads
175,175,175,200203040PHI,34.6,29.3,2nd quarter,2:31.0,Rodney Rogers,BOS,True,3-pointer,27,43-37,'BOS',leads
176,176,176,200203040PHI,48.1,11.3,2nd quarter,2:03.0,Paul Pierce,BOS,False,3-pointer,25,43-37,'BOS',leads
177,177,177,200203040PHI,0.7,19.6,2nd quarter,1:59.0,Rodney Rogers,BOS,False,3-pointer,28,43-37,'BOS',leads
178,178,178,200203040PHI,24.0,5.0,2nd quarter,1:56.0,Paul Pierce,BOS,False,2-pointer,0,43-37,'BOS',leads
179,179,179,200203040PHI,24.0,5.0,2nd quarter,1:30.0,Kenny Anderson,BOS,False,2-pointer,0,43-39,'BOS',leads
180,180,180,200203040PHI,24.0,5.0,2nd quarter,1:07.0,Paul Pierce,BOS,True,2-pointer,0,45-39,'BOS',leads
181,181,181,200203040PHI,24.7,16.4,2nd quarter,0:31.2,Rodney Rogers,BOS,False,2-pointer,11,46-41,'BOS',leads
182,182,182,200203040PHI,25.4,18.1,3rd quarter,11:45.0,Paul Pierce,BOS,False,2-pointer,13,48-41,'BOS',leads
183,183,183,200203040PHI,39.5,7.1,3rd quarter,11:02.0,Vitaly Potapenko,BOS,False,2-pointer,16,48-43,'BOS',leads
184,184,184,200203040PHI,12.1,9.2,3rd quarter,10:48.0,Antoine Walker,BOS,False,2-pointer,13,48-43,'BOS',leads
185,185,185,200203040PHI,32.5,17.5,3rd quarter,10:38.0,Kenny Anderson,BOS,True,2-pointer,15,50-43,'BOS',leads
186,186,186,200203040PHI,24.0,5.0,3rd quarter,10:14.0,Vitaly Potapenko,BOS,True,2-pointer,0,52-43,'BOS',leads
187,187,187,200203040PHI,42.4,25.0,3rd quarter,9:39.0,Paul Pierce,BOS,False,3-pointer,27,52-43,'BOS',leads
188,188,188,200203040PHI,36.1,17.5,3rd quarter,9:12.0,Vitaly Potapenko,BOS,False,2-pointer,17,52-45,'BOS',leads
189,189,189,200203040PHI,28.1,22.7,3rd quarter,8:44.0,Antoine Walker,BOS,False,2-pointer,18,52-47,'BOS',leads
190,190,190,200203040PHI,29.8,7.6,3rd quarter,8:07.0,Vitaly Potapenko,BOS,True,2-pointer,6,54-50,'BOS',leads
191,191,191,200203040PHI,23.4,20.6,3rd quarter,7:26.0,Paul Pierce,BOS,False,2-pointer,16,54-50,'BOS',leads
192,192,192,200203040PHI,24.1,8.2,3rd quarter,6:47.0,Kenny Anderson,BOS,False,2-pointer,3,54-53,'BOS',leads
193,193,193,200203040PHI,22.8,24.0,3rd quarter,5:22.0,Kenny Anderson,BOS,False,2-pointer,19,55-59,'BOS',trails
194,194,194,200203040PHI,46.6,3.9,3rd quarter,4:39.0,Erick Strickland,BOS,False,3-pointer,23,55-59,'BOS',trails
195,195,195,200203040PHI,27.5,30.9,3rd quarter,4:03.0,Rodney Rogers,BOS,False,3-pointer,26,56-63,'BOS',trails
196,196,196,200203040PHI,24.0,5.0,3rd quarter,3:15.0,Rodney Rogers,BOS,True,2-pointer,0,58-65,'BOS',trails
197,197,197,200203040PHI,24.0,5.0,3rd quarter,2:16.0,Antoine Walker,BOS,True,2-pointer,0,63-65,'BOS',trails
198,198,198,200203040PHI,24.0,5.0,3rd quarter,0:35.0,Paul Pierce,BOS,True,2-pointer,0,69-68,'BOS',leads
199,199,199,200203040PHI,38.2,4.6,3rd quarter,0:02.1,Walter McCarty,BOS,True,2-pointer,14,72-69,'BOS',leads
200,200,200,200203040PHI,42.4,21.9,4th quarter,11:28.0,Paul Pierce,BOS,True,3-pointer,25,75-71,'BOS',leads
201,201,201,200203040PHI,14.2,28.8,4th quarter,10:50.0,Rodney Rogers,BOS,True,3-pointer,26,78-73,'BOS',leads
202,202,202,200203040PHI,5.1,23.4,4th quarter,10:15.0,Paul Pierce,BOS,False,3-pointer,26,78-73,'BOS',leads
203,203,203,200203040PHI,24.1,11.3,4th quarter,9:48.0,Paul Pierce,BOS,True,2-pointer,6,80-75,'BOS',leads
204,204,204,200203040PHI,25.4,23.4,4th quarter,8:49.0,Kenny Anderson,BOS,False,2-pointer,18,80-78,'BOS',leads
205,205,205,200203040PHI,7.2,26.1,4th quarter,8:45.0,Rodney Rogers,BOS,True,3-pointer,27,83-78,'BOS',leads
206,206,206,200203040PHI,41.8,6.1,4th quarter,7:55.0,Paul Pierce,BOS,True,2-pointer,18,85-78,'BOS',leads
207,207,207,200203040PHI,24.1,17.5,4th quarter,7:11.0,Tony Delk,BOS,True,2-pointer,13,87-80,'BOS',leads
208,208,208,200203040PHI,39.5,10.9,4th quarter,6:40.0,Paul Pierce,BOS,False,2-pointer,17,87-80,'BOS',leads
209,209,209,200203040PHI,36.1,27.8,4th quarter,6:24.0,Antoine Walker,BOS,False,3-pointer,26,87-80,'BOS',leads
210,210,210,200203040PHI,9.9,9.2,4th quarter,5:41.0,Paul Pierce,BOS,False,2-pointer,15,87-82,'BOS',leads
211,211,211,200203040PHI,16.3,14.1,4th quarter,5:23.0,Antoine Walker,BOS,False,2-pointer,12,87-82,'BOS',leads
212,212,212,200203040PHI,40.3,27.2,4th quarter,4:40.0,Rodney Rogers,BOS,False,3-pointer,28,87-84,'BOS',leads
213,213,213,200203040PHI,12.1,12.0,4th quarter,4:15.0,Paul Pierce,BOS,False,2-pointer,14,87-86,'BOS',leads
214,214,214,200203040PHI,13.5,7.6,4th quarter,3:40.0,Antoine Walker,BOS,False,2-pointer,11,87-86,'BOS',leads
215,215,215,200203040PHI,24.0,5.0,4th quarter,3:37.0,Rodney Rogers,BOS,True,2-pointer,0,89-86,'BOS',leads
216,216,216,200203040PHI,47.5,8.8,4th quarter,3:15.0,Walter McCarty,BOS,False,3-pointer,24,90-86,'BOS',leads
217,217,217,200203040PHI,24.0,5.0,4th quarter,2:37.0,Walter McCarty,BOS,True,2-pointer,0,93-89,'BOS',leads
218,218,218,200203040PHI,25.4,14.1,4th quarter,1:54.0,Paul Pierce,BOS,False,2-pointer,9,93-89,'BOS',leads
219,219,219,200203040PHI,24.0,5.0,4th quarter,1:51.0,Walter McCarty,BOS,True,2-pointer,0,95-89,'BOS',leads
220,220,220,200203040PHI,35.5,15.8,4th quarter,0:53.4,Paul Pierce,BOS,False,2-pointer,16,97-91,'BOS',leads
221,221,221,200203040PHI,24.0,5.0,1st quarter,11:37.0,Derrick Coleman,PHI,True,2-pointer,0,2-0,'BOS',leads
222,222,222,200203040PHI,3.6,5.4,1st quarter,11:17.0,Allen Iverson,PHI,False,2-pointer,20,2-0,'BOS',leads
223,223,223,200203040PHI,39.5,25.5,1st quarter,10:37.0,Derrick Coleman,PHI,False,3-pointer,26,2-0,'BOS',leads
224,224,224,200203040PHI,24.1,17.5,1st quarter,10:05.0,Eric Snow,PHI,False,2-pointer,13,2-2,'BOS',tied
225,225,225,200203040PHI,24.0,5.0,1st quarter,9:48.0,Derrick Coleman,PHI,False,2-pointer,0,2-2,'BOS',tied
226,226,226,200203040PHI,24.0,5.0,1st quarter,9:45.0,Derrick Coleman,PHI,True,2-pointer,0,4-2,'BOS',leads
227,227,227,200203040PHI,24.0,5.0,1st quarter,8:59.0,Allen Iverson,PHI,False,2-pointer,0,4-2,'BOS',leads
228,228,228,200203040PHI,27.5,20.6,1st quarter,8:00.0,Allen Iverson,PHI,False,2-pointer,16,4-6,'BOS',trails
229,229,229,200203040PHI,46.0,18.5,1st quarter,7:41.0,Matt Harpring,PHI,False,3-pointer,26,4-6,'BOS',trails
230,230,230,200203040PHI,8.0,4.6,1st quarter,7:12.0,Allen Iverson,PHI,True,2-pointer,16,6-8,'BOS',trails
231,231,231,200203040PHI,26.8,15.8,1st quarter,6:40.0,Allen Iverson,PHI,False,2-pointer,11,6-8,'BOS',trails
232,232,232,200203040PHI,39.5,3.5,1st quarter,6:14.0,Eric Snow,PHI,True,2-pointer,16,8-8,'BOS',tied
233,233,233,200203040PHI,24.0,5.0,1st quarter,5:02.0,Derrick Coleman,PHI,True,2-pointer,0,10-11,'BOS',trails
234,234,234,200203040PHI,8.7,6.1,1st quarter,4:10.0,Matt Harpring,PHI,False,2-pointer,15,10-11,'BOS',trails
235,235,235,200203040PHI,9.3,13.7,1st quarter,4:05.0,Allen Iverson,PHI,False,2-pointer,17,10-11,'BOS',trails
236,236,236,200203040PHI,38.8,6.5,1st quarter,3:15.0,Allen Iverson,PHI,False,2-pointer,15,11-13,'BOS',trails
237,237,237,200203040PHI,10.8,16.4,1st quarter,3:11.0,Matt Harpring,PHI,False,2-pointer,17,11-13,'BOS',trails
238,238,238,200203040PHI,24.0,5.0,1st quarter,3:08.0,Allen Iverson,PHI,False,2-pointer,0,11-13,'BOS',trails
239,239,239,200203040PHI,32.5,16.8,1st quarter,2:52.0,Allen Iverson,PHI,False,2-pointer,15,11-13,'BOS',trails
240,240,240,200203040PHI,2.8,19.1,1st quarter,1:05.0,Allen Iverson,PHI,True,3-pointer,25,19-19,'BOS',tied
241,241,241,200203040PHI,31.9,15.8,2nd quarter,11:27.0,Speedy Claxton,PHI,False,2-pointer,13,19-22,'BOS',trails
242,242,242,200203040PHI,24.0,5.0,2nd quarter,10:42.0,Corie Blount,PHI,True,2-pointer,0,21-24,'BOS',trails
243,243,243,200203040PHI,14.2,13.7,2nd quarter,10:00.0,Derrick McKey,PHI,True,2-pointer,13,23-26,'BOS',trails
244,244,244,200203040PHI,48.1,7.1,2nd quarter,9:34.0,Derrick Coleman,PHI,False,3-pointer,24,23-26,'BOS',trails
245,245,245,200203040PHI,33.4,18.5,2nd quarter,9:08.0,Derrick McKey,PHI,False,2-pointer,16,23-28,'BOS',trails
246,246,246,200203040PHI,15.6,7.1,2nd quarter,8:04.0,Dikembe Mutombo,PHI,False,2-pointer,9,25-30,'BOS',trails
247,247,247,200203040PHI,9.9,2.9,2nd quarter,6:29.0,Speedy Claxton,PHI,True,2-pointer,14,29-32,'BOS',trails
248,248,248,200203040PHI,47.5,6.1,2nd quarter,5:58.0,Derrick McKey,PHI,True,3-pointer,24,32-32,'BOS',tied
249,249,249,200203040PHI,12.9,8.2,2nd quarter,5:23.0,Derrick Coleman,PHI,False,2-pointer,12,32-33,'BOS',trails
250,250,250,200203040PHI,12.9,19.1,2nd quarter,5:17.0,Eric Snow,PHI,True,2-pointer,18,34-33,'BOS',leads
251,251,251,200203040PHI,22.8,16.4,2nd quarter,4:42.0,Allen Iverson,PHI,False,2-pointer,11,34-36,'BOS',trails
252,252,252,200203040PHI,31.9,4.6,2nd quarter,4:08.0,Derrick Coleman,PHI,True,2-pointer,8,37-38,'BOS',trails
253,253,253,200203040PHI,29.8,8.2,2nd quarter,3:35.0,Derrick Coleman,PHI,False,2-pointer,7,37-38,'BOS',trails
254,254,254,200203040PHI,29.8,17.5,2nd quarter,2:58.0,Allen Iverson,PHI,False,2-pointer,14,37-40,'BOS',trails
255,255,255,200203040PHI,14.2,19.6,2nd quarter,2:12.0,Eric Snow,PHI,False,2-pointer,18,37-43,'BOS',trails
256,256,256,200203040PHI,24.0,5.0,2nd quarter,1:46.0,Eric Snow,PHI,False,2-pointer,0,37-43,'BOS',trails
257,257,257,200203040PHI,24.0,5.0,2nd quarter,1:45.0,Dikembe Mutombo,PHI,True,2-pointer,0,39-43,'BOS',trails
258,258,258,200203040PHI,15.6,15.4,2nd quarter,0:46.5,Eric Snow,PHI,True,2-pointer,13,41-46,'BOS',trails
259,259,259,200203040PHI,0.0,10.3,2nd quarter,0:07.3,Matt Harpring,PHI,False,3-pointer,25,41-46,'BOS',trails
260,260,260,200203040PHI,31.9,18.1,3rd quarter,11:24.0,Eric Snow,PHI,True,2-pointer,15,43-48,'BOS',trails
261,261,261,200203040PHI,24.0,5.0,3rd quarter,9:30.0,Allen Iverson,PHI,True,2-pointer,0,45-52,'BOS',trails
262,262,262,200203040PHI,28.9,20.6,3rd quarter,9:02.0,Allen Iverson,PHI,True,2-pointer,16,47-52,'BOS',trails
263,263,263,200203040PHI,4.3,22.3,3rd quarter,8:29.0,Allen Iverson,PHI,True,3-pointer,26,50-52,'BOS',trails
264,264,264,200203040PHI,5.7,24.0,3rd quarter,7:45.0,Allen Iverson,PHI,False,3-pointer,26,50-54,'BOS',trails
265,265,265,200203040PHI,37.4,6.5,3rd quarter,6:35.0,Eric Snow,PHI,True,2-pointer,13,55-54,'BOS',leads
266,266,266,200203040PHI,24.0,5.0,3rd quarter,6:14.0,Matt Harpring,PHI,True,2-pointer,0,57-54,'BOS',leads
267,267,267,200203040PHI,24.0,5.0,3rd quarter,6:02.0,Allen Iverson,PHI,False,2-pointer,0,57-54,'BOS',leads
268,268,268,200203040PHI,23.4,12.0,3rd quarter,5:46.0,Allen Iverson,PHI,False,2-pointer,7,57-54,'BOS',leads
269,269,269,200203040PHI,37.4,29.9,3rd quarter,5:09.0,Derrick Coleman,PHI,False,3-pointer,28,59-55,'BOS',leads
270,270,270,200203040PHI,34.6,18.1,3rd quarter,4:46.0,Allen Iverson,PHI,False,2-pointer,17,59-55,'BOS',leads
271,271,271,200203040PHI,24.0,5.0,3rd quarter,3:33.0,Dikembe Mutombo,PHI,True,2-pointer,0,65-56,'BOS',leads
272,272,272,200203040PHI,20.7,23.4,3rd quarter,2:55.0,Allen Iverson,PHI,False,2-pointer,19,65-59,'BOS',leads
273,273,273,200203040PHI,24.0,5.0,3rd quarter,2:28.0,Eric Snow,PHI,False,2-pointer,0,65-61,'BOS',leads
274,274,274,200203040PHI,36.7,17.5,3rd quarter,2:03.0,Allen Iverson,PHI,False,2-pointer,18,65-63,'BOS',leads
275,275,275,200203040PHI,22.2,19.6,3rd quarter,1:27.0,Allen Iverson,PHI,False,2-pointer,15,66-65,'BOS',leads
276,276,276,200203040PHI,9.3,4.6,3rd quarter,0:47.7,Allen Iverson,PHI,True,2-pointer,15,68-67,'BOS',leads
277,277,277,200203040PHI,24.1,16.4,3rd quarter,0:26.9,Allen Iverson,PHI,False,2-pointer,11,68-70,'BOS',trails
278,278,278,200203040PHI,5.1,13.0,4th quarter,11:45.0,Speedy Claxton,PHI,True,2-pointer,21,71-72,'BOS',trails
279,279,279,200203040PHI,40.9,6.1,4th quarter,11:03.0,Matt Harpring,PHI,False,2-pointer,17,71-75,'BOS',trails
280,280,280,200203040PHI,24.0,5.0,4th quarter,11:02.0,Derrick Coleman,PHI,True,2-pointer,0,73-75,'BOS',trails
281,281,281,200203040PHI,24.0,5.0,4th quarter,9:21.0,Eric Snow,PHI,False,2-pointer,0,75-80,'BOS',trails
282,282,282,200203040PHI,36.7,4.6,4th quarter,9:19.0,Allen Iverson,PHI,False,2-pointer,13,75-80,'BOS',trails
283,283,283,200203040PHI,9.3,20.0,4th quarter,9:09.0,Allen Iverson,PHI,False,2-pointer,21,75-80,'BOS',trails
284,284,284,200203040PHI,4.3,21.3,4th quarter,9:03.0,Allen Iverson,PHI,True,3-pointer,26,78-80,'BOS',trails
285,285,285,200203040PHI,10.8,14.1,4th quarter,8:11.0,Eric Snow,PHI,False,2-pointer,16,78-83,'BOS',trails
286,286,286,200203040PHI,24.0,5.0,4th quarter,7:38.0,Allen Iverson,PHI,True,2-pointer,0,80-85,'BOS',trails
287,287,287,200203040PHI,12.9,18.5,4th quarter,6:13.0,Derrick Coleman,PHI,True,2-pointer,17,82-87,'BOS',trails
288,288,288,200203040PHI,15.6,5.0,4th quarter,5:10.0,Matt Harpring,PHI,True,2-pointer,8,84-87,'BOS',trails
289,289,289,200203040PHI,22.2,12.6,4th quarter,4:34.0,Eric Snow,PHI,True,2-pointer,8,86-87,'BOS',trails
290,290,290,200203040PHI,24.0,5.0,4th quarter,4:01.0,Matt Harpring,PHI,False,2-pointer,0,86-87,'BOS',trails
291,291,291,200203040PHI,35.5,18.5,4th quarter,3:59.0,Matt Harpring,PHI,False,2-pointer,18,86-87,'BOS',trails
292,292,292,200203040PHI,8.0,8.8,4th quarter,3:23.0,Eric Snow,PHI,False,2-pointer,16,86-90,'BOS',trails
293,293,293,200203040PHI,24.1,16.8,4th quarter,2:59.0,Eric Snow,PHI,True,2-pointer,12,88-91,'BOS',trails
294,294,294,200203040PHI,36.1,14.7,4th quarter,2:12.0,Matt Harpring,PHI,False,2-pointer,16,89-93,'BOS',trails
295,295,295,200203040PHI,14.2,3.9,4th quarter,1:45.0,Derrick Coleman,PHI,True,2-pointer,10,91-95,'BOS',trails
296,296,296,200203040PHI,7.2,26.1,4th quarter,1:19.0,Allen Iverson,PHI,False,3-pointer,27,91-97,'BOS',trails
297,297,297,200203040PHI,31.9,13.0,4th quarter,0:38.2,Matt Harpring,PHI,False,2-pointer,11,91-99,'BOS',trails
298,298,298,200203040PHI,40.9,7.6,4th quarter,0:20.4,Corie Blount,PHI,False,2-pointer,17,91-100,'BOS',trails
299,299,299,200203040PHI,2.8,19.6,4th quarter,0:15.0,Raja Bell,PHI,True,3-pointer,26,94-100,'BOS',trails
300,300,300,200203040POR,16.3,23.6,1st quarter,11:46.0,Mike Bibby,SAC,False,2-pointer,20,0-0,'POR',tied
301,301,301,200203040POR,15.8,25.0,1st quarter,11:14.0,Chris Webber,SAC,True,2-pointer,22,2-0,'POR',leads
302,302,302,200203040POR,11.6,27.2,1st quarter,10:30.0,Peja Stojaković,SAC,False,3-pointer,25,2-2,'POR',tied
303,303,303,200203040POR,14.4,21.9,1st quarter,10:05.0,Chris Webber,SAC,False,2-pointer,19,2-2,'POR',tied
304,304,304,200203040POR,24.0,5.0,1st quarter,8:36.0,Chris Webber,SAC,True,2-pointer,0,4-4,'POR',tied
305,305,305,200203040POR,46.8,9.9,1st quarter,8:21.0,Doug Christie,SAC,False,3-pointer,23,4-6,'POR',trails
306,306,306,200203040POR,26.0,29.3,1st quarter,8:14.0,Peja Stojaković,SAC,True,3-pointer,24,7-6,'POR',leads
307,307,307,200203040POR,33.8,9.2,1st quarter,6:43.0,Mike Bibby,SAC,False,2-pointer,11,9-12,'POR',trails
308,308,308,200203040POR,44.7,5.0,1st quarter,6:08.0,Mike Bibby,SAC,False,2-pointer,21,9-14,'POR',trails
309,309,309,200203040POR,41.8,6.1,1st quarter,6:02.0,Vlade Divac,SAC,True,2-pointer,18,11-14,'POR',trails
310,310,310,200203040POR,40.3,19.1,1st quarter,5:19.0,Peja Stojaković,SAC,False,2-pointer,22,11-16,'POR',trails
311,311,311,200203040POR,24.0,5.0,1st quarter,4:48.0,Chris Webber,SAC,False,2-pointer,0,11-18,'POR',trails
312,312,312,200203040POR,8.7,23.4,1st quarter,4:37.0,Hedo Türkoğlu,SAC,True,3-pointer,24,14-18,'POR',trails
313,313,313,200203040POR,24.0,5.0,1st quarter,4:14.0,Peja Stojaković,SAC,False,2-pointer,0,14-20,'POR',trails
314,314,314,200203040POR,26.0,8.8,1st quarter,3:27.0,Chris Webber,SAC,False,2-pointer,4,14-22,'POR',trails
315,315,315,200203040POR,18.0,28.8,1st quarter,2:52.0,Hedo Türkoğlu,SAC,True,3-pointer,25,17-24,'POR',trails
316,316,316,200203040POR,24.0,5.0,1st quarter,2:24.0,Chris Webber,SAC,True,2-pointer,0,19-26,'POR',trails
317,317,317,200203040POR,4.0,4.6,1st quarter,1:06.0,Chris Webber,SAC,False,2-pointer,20,21-29,'POR',trails
318,318,318,200203040POR,39.0,6.1,1st quarter,0:48.5,Chris Webber,SAC,False,2-pointer,15,21-29,'POR',trails
319,319,319,200203040POR,5.5,5.0,1st quarter,0:04.9,Mike Bibby,SAC,False,2-pointer,19,21-31,'POR',trails
320,320,320,200203040POR,25.4,24.6,2nd quarter,11:20.0,Bobby Jackson,SAC,True,2-pointer,20,23-33,'POR',trails
321,321,321,200203040POR,28.9,4.6,2nd quarter,10:48.0,Chris Webber,SAC,False,2-pointer,5,23-33,'POR',trails
322,322,322,200203040POR,28.9,4.6,2nd quarter,10:17.0,Scot Pollard,SAC,False,2-pointer,5,23-33,'POR',trails
323,323,323,200203040POR,24.0,5.0,2nd quarter,9:16.0,Chris Webber,SAC,False,2-pointer,0,23-35,'POR',trails
324,324,324,200203040POR,45.6,16.4,2nd quarter,8:46.0,Hedo Türkoğlu,SAC,False,3-pointer,24,23-35,'POR',trails
325,325,325,200203040POR,24.0,5.0,2nd quarter,8:38.0,Doug Christie,SAC,False,2-pointer,0,23-35,'POR',trails
326,326,326,200203040POR,24.0,5.0,2nd quarter,8:36.0,Chris Webber,SAC,True,2-pointer,0,25-35,'POR',trails
327,327,327,200203040POR,44.7,5.0,2nd quarter,7:53.0,Bobby Jackson,SAC,True,2-pointer,21,27-37,'POR',trails
328,328,328,200203040POR,24.0,5.0,2nd quarter,7:21.0,Bobby Jackson,SAC,True,2-pointer,0,29-40,'POR',trails
329,329,329,200203040POR,35.5,19.6,2nd quarter,6:36.0,Chris Webber,SAC,True,2-pointer,19,32-40,'POR',trails
330,330,330,200203040POR,6.2,21.9,2nd quarter,5:49.0,Peja Stojaković,SAC,True,3-pointer,25,35-40,'POR',trails
331,331,331,200203040POR,24.0,5.0,2nd quarter,5:13.0,Hedo Türkoğlu,SAC,True,2-pointer,0,37-43,'POR',trails
332,332,332,200203040POR,14.2,3.9,2nd quarter,4:47.0,Bobby Jackson,SAC,True,2-pointer,10,39-45,'POR',trails
333,333,333,200203040POR,8.3,4.6,2nd quarter,4:10.0,Peja Stojaković,SAC,False,2-pointer,16,39-45,'POR',trails
334,334,334,200203040POR,39.9,16.4,2nd quarter,3:17.0,Bobby Jackson,SAC,False,2-pointer,20,39-45,'POR',trails
335,335,335,200203040POR,12.7,23.4,2nd quarter,2:42.0,Chris Webber,SAC,True,2-pointer,22,41-47,'POR',trails
336,336,336,200203040POR,24.1,10.3,2nd quarter,1:59.0,Peja Stojaković,SAC,True,2-pointer,5,44-47,'POR',trails
337,337,337,200203040POR,5.5,4.6,2nd quarter,1:06.0,Mike Bibby,SAC,False,2-pointer,19,45-47,'POR',trails
338,338,338,200203040POR,17.7,7.6,2nd quarter,0:44.1,Chris Webber,SAC,False,2-pointer,7,45-49,'POR',trails
339,339,339,200203040POR,34.8,21.3,3rd quarter,11:17.0,Peja Stojaković,SAC,False,2-pointer,20,45-51,'POR',trails
340,340,340,200203040POR,4.0,5.0,3rd quarter,11:11.0,Doug Christie,SAC,True,2-pointer,20,47-51,'POR',trails
341,341,341,200203040POR,24.1,26.1,3rd quarter,10:34.0,Chris Webber,SAC,False,2-pointer,21,47-52,'POR',trails
342,342,342,200203040POR,15.6,3.5,3rd quarter,10:07.0,Vlade Divac,SAC,True,2-pointer,9,49-54,'POR',trails
343,343,343,200203040POR,0.5,3.9,3rd quarter,9:48.0,Peja Stojaković,SAC,True,3-pointer,24,52-54,'POR',trails
344,344,344,200203040POR,24.0,5.0,3rd quarter,9:03.0,Doug Christie,SAC,False,2-pointer,0,52-56,'POR',trails
345,345,345,200203040POR,24.0,5.0,3rd quarter,8:50.0,Peja Stojaković,SAC,False,2-pointer,0,52-56,'POR',trails
346,346,346,200203040POR,24.0,5.0,3rd quarter,8:49.0,Doug Christie,SAC,True,2-pointer,0,54-56,'POR',trails
347,347,347,200203040POR,23.4,24.0,3rd quarter,8:04.0,Chris Webber,SAC,False,2-pointer,19,54-56,'POR',trails
348,348,348,200203040POR,34.8,22.7,3rd quarter,7:59.0,Peja Stojaković,SAC,False,2-pointer,21,54-56,'POR',trails
349,349,349,200203040POR,11.2,18.1,3rd quarter,7:27.0,Mike Bibby,SAC,False,2-pointer,18,54-56,'POR',trails
350,350,350,200203040POR,24.0,5.0,3rd quarter,6:22.0,Peja Stojaković,SAC,True,2-pointer,0,56-61,'POR',trails
351,351,351,200203040POR,16.3,14.1,3rd quarter,5:44.0,Vlade Divac,SAC,True,2-pointer,12,59-64,'POR',trails
352,352,352,200203040POR,7.0,24.0,3rd quarter,5:17.0,Mike Bibby,SAC,True,3-pointer,26,62-66,'POR',trails
353,353,353,200203040POR,5.5,8.2,3rd quarter,4:22.0,Mike Bibby,SAC,False,2-pointer,19,62-66,'POR',trails
354,354,354,200203040POR,24.0,5.0,3rd quarter,3:59.0,Chris Webber,SAC,True,2-pointer,0,64-68,'POR',trails
355,355,355,200203040POR,7.0,22.7,3rd quarter,3:30.0,Peja Stojaković,SAC,False,3-pointer,25,64-70,'POR',trails
356,356,356,200203040POR,29.8,24.0,3rd quarter,2:16.0,Chris Webber,SAC,False,2-pointer,20,64-75,'POR',trails
357,357,357,200203040POR,1.3,4.6,3rd quarter,1:30.0,Bobby Jackson,SAC,True,3-pointer,23,67-77,'POR',trails
358,358,358,200203040POR,24.0,5.0,3rd quarter,0:51.8,Peja Stojaković,SAC,True,2-pointer,0,69-79,'POR',trails
359,359,359,200203040POR,36.9,25.0,3rd quarter,0:19.4,Hedo Türkoğlu,SAC,False,3-pointer,24,69-81,'POR',trails
360,360,360,200203040POR,7.6,4.6,3rd quarter,0:04.0,Bobby Jackson,SAC,False,2-pointer,16,69-83,'POR',trails
361,361,361,200203040POR,24.0,5.0,4th quarter,11:43.0,Chris Webber,SAC,True,2-pointer,0,71-83,'POR',trails
362,362,362,200203040POR,23.4,24.6,4th quarter,10:40.0,Chris Webber,SAC,False,2-pointer,20,73-83,'POR',trails
363,363,363,200203040POR,24.0,5.0,4th quarter,9:14.0,Scot Pollard,SAC,True,2-pointer,0,75-87,'POR',trails
364,364,364,200203040POR,24.0,5.0,4th quarter,8:45.0,Chris Webber,SAC,True,2-pointer,0,78-89,'POR',trails
365,365,365,200203040POR,23.4,25.5,4th quarter,7:25.0,Chris Webber,SAC,True,2-pointer,21,82-93,'POR',trails
366,366,366,200203040POR,11.2,19.1,4th quarter,6:44.0,Bobby Jackson,SAC,False,2-pointer,19,82-93,'POR',trails
367,367,367,200203040POR,2.8,12.6,4th quarter,6:10.0,Peja Stojaković,SAC,True,2-pointer,23,84-93,'POR',trails
368,368,368,200203040POR,32.7,27.8,4th quarter,5:26.0,Peja Stojaković,SAC,True,3-pointer,24,87-95,'POR',trails
369,369,369,200203040POR,24.0,5.0,4th quarter,5:09.0,Peja Stojaković,SAC,True,2-pointer,0,89-95,'POR',trails
370,370,370,200203040POR,9.7,25.5,4th quarter,3:26.0,Bobby Jackson,SAC,False,3-pointer,25,91-98,'POR',trails
371,371,371,200203040POR,24.0,5.0,4th quarter,2:33.0,Hedo Türkoğlu,SAC,False,2-pointer,0,91-103,'POR',trails
372,372,372,200203040POR,24.0,5.0,4th quarter,2:00.0,Bobby Jackson,SAC,True,2-pointer,0,93-103,'POR',trails
373,373,373,200203040POR,24.1,13.0,4th quarter,0:59.5,Bobby Jackson,SAC,True,2-pointer,8,95-107,'POR',trails
374,374,374,200203040POR,46.2,4.6,4th quarter,0:32.3,Bobby Jackson,SAC,False,3-pointer,22,95-107,'POR',trails
375,375,375,200203040POR,2.8,18.5,4th quarter,0:01.8,Hedo Türkoğlu,SAC,False,3-pointer,25,95-107,'POR',trails
376,376,376,200203040POR,0.7,5.4,1st quarter,10:54.0,Rasheed Wallace,POR,False,3-pointer,23,0-2,'POR',trails
377,377,377,200203040POR,15.2,25.0,1st quarter,10:47.0,Damon Stoudamire,POR,True,2-pointer,22,2-2,'POR',tied
378,378,378,200203040POR,24.0,5.0,1st quarter,9:51.0,Dale Davis,POR,True,2-pointer,0,4-2,'POR',leads
379,379,379,200203040POR,24.0,5.0,1st quarter,9:13.0,Bonzi Wells,POR,False,2-pointer,0,4-2,'POR',leads
380,380,380,200203040POR,43.3,7.6,1st quarter,8:50.0,Rasheed Wallace,POR,False,2-pointer,19,4-2,'POR',leads
381,381,381,200203040POR,24.0,5.0,1st quarter,8:31.0,Scottie Pippen,POR,True,2-pointer,0,6-4,'POR',leads
382,382,382,200203040POR,10.8,21.9,1st quarter,8:00.0,Bonzi Wells,POR,True,2-pointer,21,8-7,'POR',leads
383,383,383,200203040POR,24.0,5.0,1st quarter,7:34.0,Damon Stoudamire,POR,True,2-pointer,0,10-7,'POR',leads
384,384,384,200203040POR,40.3,4.6,1st quarter,7:03.0,Dale Davis,POR,False,2-pointer,16,10-9,'POR',leads
385,385,385,200203040POR,22.4,9.9,1st quarter,6:57.0,Damon Stoudamire,POR,True,2-pointer,5,12-9,'POR',leads
386,386,386,200203040POR,24.0,5.0,1st quarter,6:29.0,Bonzi Wells,POR,True,2-pointer,0,14-9,'POR',leads
387,387,387,200203040POR,40.9,9.9,1st quarter,5:37.0,Bonzi Wells,POR,True,2-pointer,18,16-11,'POR',leads
388,388,388,200203040POR,10.2,4.6,1st quarter,5:03.0,Rasheed Wallace,POR,True,2-pointer,14,18-11,'POR',leads
389,389,389,200203040POR,27.2,6.5,1st quarter,3:50.0,Dale Davis,POR,True,2-pointer,4,22-14,'POR',leads
390,390,390,200203040POR,43.3,5.4,1st quarter,3:11.0,Damon Stoudamire,POR,True,2-pointer,19,24-14,'POR',leads
391,391,391,200203040POR,14.2,3.5,1st quarter,2:12.0,Bonzi Wells,POR,False,2-pointer,10,26-19,'POR',leads
392,392,392,200203040POR,24.0,5.0,1st quarter,2:05.0,Dale Davis,POR,False,2-pointer,0,26-19,'POR',leads
393,393,393,200203040POR,0.5,3.9,1st quarter,1:58.0,Scottie Pippen,POR,True,3-pointer,24,29-19,'POR',leads
394,394,394,200203040POR,22.0,19.1,1st quarter,1:26.0,Damon Stoudamire,POR,False,2-pointer,14,29-21,'POR',leads
395,395,395,200203040POR,32.7,27.2,1st quarter,1:16.0,Rasheed Wallace,POR,False,3-pointer,24,29-21,'POR',leads
396,396,396,200203040POR,36.3,3.9,1st quarter,0:55.7,Dale Davis,POR,False,2-pointer,12,29-21,'POR',leads
397,397,397,200203040POR,24.0,5.0,1st quarter,0:30.1,Dale Davis,POR,True,2-pointer,0,31-21,'POR',leads
398,398,398,200203040POR,24.0,5.0,1st quarter,0:00.2,Damon Stoudamire,POR,False,2-pointer,0,31-21,'POR',leads
399,399,399,200203040POR,24.0,5.0,2nd quarter,11:44.0,Ruben Patterson,POR,True,2-pointer,0,33-21,'POR',leads
400,400,400,200203040POR,1.3,14.7,2nd quarter,10:59.0,Rasheed Wallace,POR,False,3-pointer,25,33-23,'POR',leads
401,401,401,200203040POR,24.0,5.0,2nd quarter,10:28.0,Ruben Patterson,POR,False,2-pointer,0,33-23,'POR',leads
402,402,402,200203040POR,22.8,19.6,2nd quarter,9:30.0,Ruben Patterson,POR,False,2-pointer,15,35-23,'POR',leads
403,403,403,200203040POR,46.2,5.0,2nd quarter,9:01.0,Scottie Pippen,POR,False,3-pointer,22,35-23,'POR',leads
404,404,404,200203040POR,28.3,26.1,2nd quarter,8:18.0,Shawn Kemp,POR,False,2-pointer,22,35-25,'POR',leads
405,405,405,200203040POR,24.0,5.0,2nd quarter,8:08.0,Ruben Patterson,POR,True,2-pointer,0,37-25,'POR',leads
406,406,406,200203040POR,2.8,18.1,2nd quarter,7:29.0,Derek Anderson,POR,True,3-pointer,25,40-27,'POR',leads
407,407,407,200203040POR,17.7,9.2,2nd quarter,6:59.0,Chris Dudley,POR,False,2-pointer,8,40-29,'POR',leads
408,408,408,200203040POR,19.8,6.5,2nd quarter,6:22.0,Ruben Patterson,POR,False,2-pointer,4,40-32,'POR',leads
409,409,409,200203040POR,0.5,14.1,2nd quarter,6:04.0,Derek Anderson,POR,False,3-pointer,25,40-32,'POR',leads
410,410,410,200203040POR,24.1,24.0,2nd quarter,5:30.0,Bonzi Wells,POR,False,2-pointer,19,40-35,'POR',leads
411,411,411,200203040POR,23.4,29.3,2nd quarter,5:18.0,Bonzi Wells,POR,True,3-pointer,24,43-35,'POR',leads
412,412,412,200203040POR,27.5,26.7,2nd quarter,4:56.0,Scottie Pippen,POR,True,2-pointer,22,45-37,'POR',leads
413,413,413,200203040POR,8.3,8.8,2nd quarter,4:28.0,Bonzi Wells,POR,False,2-pointer,16,45-39,'POR',leads
414,414,414,200203040POR,32.7,27.8,2nd quarter,3:28.0,Rasheed Wallace,POR,False,3-pointer,24,45-39,'POR',leads
415,415,415,200203040POR,28.3,29.3,2nd quarter,2:51.0,Bonzi Wells,POR,False,3-pointer,25,47-39,'POR',leads
416,416,416,200203040POR,9.1,5.0,2nd quarter,1:13.0,Rasheed Wallace,POR,False,2-pointer,15,47-45,'POR',leads
417,417,417,200203040POR,24.0,5.0,2nd quarter,0:51.9,Derek Anderson,POR,True,2-pointer,0,49-45,'POR',leads
418,418,418,200203040POR,24.0,5.0,2nd quarter,0:35.4,Ruben Patterson,POR,True,2-pointer,0,51-45,'POR',leads
419,419,419,200203040POR,35.5,21.3,2nd quarter,0:00.2,Ruben Patterson,POR,False,2-pointer,20,51-45,'POR',leads
420,420,420,200203040POR,31.9,28.2,3rd quarter,11:36.0,Damon Stoudamire,POR,False,3-pointer,25,51-45,'POR',leads
421,421,421,200203040POR,39.9,3.9,3rd quarter,10:26.0,Dale Davis,POR,True,2-pointer,16,54-47,'POR',leads
422,422,422,200203040POR,23.4,9.2,3rd quarter,9:59.0,Damon Stoudamire,POR,False,2-pointer,4,54-49,'POR',leads
423,423,423,200203040POR,24.7,8.2,3rd quarter,9:29.0,Bonzi Wells,POR,False,2-pointer,3,54-52,'POR',leads
424,424,424,200203040POR,24.0,5.0,3rd quarter,9:23.0,Rasheed Wallace,POR,True,2-pointer,0,56-52,'POR',leads
425,425,425,200203040POR,14.2,14.1,3rd quarter,8:55.0,Scottie Pippen,POR,False,2-pointer,13,56-52,'POR',leads
426,426,426,200203040POR,36.9,25.0,3rd quarter,8:35.0,Damon Stoudamire,POR,False,3-pointer,24,56-54,'POR',leads
427,427,427,200203040POR,9.7,12.6,3rd quarter,7:37.0,Rasheed Wallace,POR,False,2-pointer,16,56-54,'POR',leads
428,428,428,200203040POR,37.8,24.6,3rd quarter,7:18.0,Scottie Pippen,POR,True,3-pointer,24,59-54,'POR',leads
429,429,429,200203040POR,42.0,7.6,3rd quarter,6:31.0,Bonzi Wells,POR,True,2-pointer,18,61-54,'POR',leads
430,430,430,200203040POR,47.1,3.9,3rd quarter,6:03.0,Rasheed Wallace,POR,True,3-pointer,23,64-57,'POR',leads
431,431,431,200203040POR,18.6,28.8,3rd quarter,5:01.0,Rasheed Wallace,POR,False,3-pointer,24,66-62,'POR',leads
432,432,432,200203040POR,24.0,5.0,3rd quarter,4:56.0,Rasheed Wallace,POR,False,2-pointer,0,66-62,'POR',leads
433,433,433,200203040POR,9.1,24.6,3rd quarter,4:37.0,Scottie Pippen,POR,False,3-pointer,25,66-62,'POR',leads
434,434,434,200203040POR,14.2,25.0,3rd quarter,4:15.0,Scottie Pippen,POR,True,2-pointer,22,68-62,'POR',leads
435,435,435,200203040POR,9.7,16.4,3rd quarter,3:09.0,Rasheed Wallace,POR,False,2-pointer,18,70-64,'POR',leads
436,436,436,200203040POR,19.8,6.5,3rd quarter,2:52.0,Damon Stoudamire,POR,True,2-pointer,4,72-64,'POR',leads
437,437,437,200203040POR,0.5,3.5,3rd quarter,2:42.0,Scottie Pippen,POR,True,3-pointer,24,75-64,'POR',leads
438,438,438,200203040POR,24.0,5.0,3rd quarter,1:56.0,Bonzi Wells,POR,True,2-pointer,0,77-64,'POR',leads
439,439,439,200203040POR,39.9,20.6,3rd quarter,1:02.0,Damon Stoudamire,POR,True,2-pointer,22,79-67,'POR',leads
440,440,440,200203040POR,24.0,5.0,3rd quarter,0:30.4,Bonzi Wells,POR,True,2-pointer,0,81-69,'POR',leads
441,441,441,200203040POR,13.3,27.2,4th quarter,11:21.0,Damon Stoudamire,POR,False,3-pointer,25,83-72,'POR',leads
442,442,442,200203040POR,6.2,5.4,4th quarter,10:03.0,Derek Anderson,POR,False,2-pointer,18,83-73,'POR',leads
443,443,443,200203040POR,34.8,4.6,4th quarter,9:58.0,Dale Davis,POR,True,2-pointer,11,85-73,'POR',leads
444,444,444,200203040POR,24.0,5.0,4th quarter,9:01.0,Ruben Patterson,POR,True,2-pointer,0,89-76,'POR',leads
445,445,445,200203040POR,23.4,25.5,4th quarter,8:26.0,Rasheed Wallace,POR,False,2-pointer,21,89-78,'POR',leads
446,446,446,200203040POR,24.0,5.0,4th quarter,8:22.0,Ruben Patterson,POR,True,2-pointer,0,91-78,'POR',leads
447,447,447,200203040POR,7.6,14.1,4th quarter,6:59.0,Damon Stoudamire,POR,False,2-pointer,19,93-82,'POR',leads
448,448,448,200203040POR,40.5,15.4,4th quarter,6:37.0,Shawn Kemp,POR,False,2-pointer,20,93-82,'POR',leads
449,449,449,200203040POR,39.9,14.1,4th quarter,5:43.0,Rasheed Wallace,POR,True,2-pointer,18,95-84,'POR',leads
450,450,450,200203040POR,24.0,5.0,4th quarter,5:14.0,Rasheed Wallace,POR,False,2-pointer,0,95-87,'POR',leads
451,451,451,200203040POR,29.8,25.5,4th quarter,4:55.0,Derek Anderson,POR,False,2-pointer,21,95-89,'POR',leads
452,452,452,200203040POR,17.7,6.1,4th quarter,3:51.0,Rasheed Wallace,POR,True,2-pointer,6,98-91,'POR',leads
453,453,453,200203040POR,24.0,5.0,4th quarter,3:19.0,Dale Davis,POR,True,2-pointer,0,100-91,'POR',leads
454,454,454,200203040POR,24.0,5.0,4th quarter,1:45.0,Dale Davis,POR,False,2-pointer,0,103-93,'POR',leads
455,455,455,200203040POR,14.4,26.3,4th quarter,1:23.0,Rasheed Wallace,POR,True,2-pointer,23,105-93,'POR',leads
456,456,456,200203040POR,9.7,21.3,4th quarter,0:39.9,Damon Stoudamire,POR,False,2-pointer,22,107-95,'POR',leads
457,457,457,200203040UTA,24.0,5.0,1st quarter,11:21.0,Calbert Cheaney,DEN,True,2-pointer,0,2-1,'UTA',leads
458,458,458,200203040UTA,39.5,13.0,1st quarter,10:38.0,Voshon Lenard,DEN,True,2-pointer,17,4-3,'UTA',leads
459,459,459,200203040UTA,22.8,15.4,1st quarter,10:14.0,Antonio McDyess,DEN,True,2-pointer,10,7-3,'UTA',leads
460,460,460,200203040UTA,26.4,16.0,1st quarter,9:13.0,Voshon Lenard,DEN,False,2-pointer,11,7-9,'UTA',trails
461,461,461,200203040UTA,24.0,5.0,1st quarter,8:55.0,Antonio McDyess,DEN,True,2-pointer,0,9-9,'UTA',tied
462,462,462,200203040UTA,43.3,5.0,1st quarter,7:56.0,Voshon Lenard,DEN,False,2-pointer,19,9-9,'UTA',tied
463,463,463,200203040UTA,24.0,5.0,1st quarter,7:39.0,Antonio McDyess,DEN,False,2-pointer,0,9-9,'UTA',tied
464,464,464,200203040UTA,6.4,4.4,1st quarter,6:21.0,Antonio McDyess,DEN,False,2-pointer,18,9-11,'UTA',trails
465,465,465,200203040UTA,22.0,22.9,1st quarter,5:15.0,Antonio McDyess,DEN,True,2-pointer,18,11-13,'UTA',trails
466,466,466,200203040UTA,24.9,15.4,1st quarter,4:44.0,Calbert Cheaney,DEN,False,2-pointer,10,11-15,'UTA',trails
467,467,467,200203040UTA,24.0,5.0,1st quarter,4:12.0,Voshon Lenard,DEN,True,2-pointer,0,13-15,'UTA',trails
468,468,468,200203040UTA,22.8,13.7,1st quarter,3:44.0,Calbert Cheaney,DEN,False,2-pointer,9,13-15,'UTA',trails
469,469,469,200203040UTA,34.0,17.0,1st quarter,3:18.0,Juwan Howard,DEN,False,2-pointer,16,13-17,'UTA',trails
470,470,470,200203040UTA,15.6,13.7,1st quarter,2:28.0,Voshon Lenard,DEN,False,2-pointer,12,13-19,'UTA',trails
471,471,471,200203040UTA,24.0,5.0,1st quarter,2:20.0,Juwan Howard,DEN,False,2-pointer,0,13-19,'UTA',trails
472,472,472,200203040UTA,18.8,8.4,1st quarter,0:41.2,Donnell Harvey,DEN,False,2-pointer,6,13-22,'UTA',trails
473,473,473,200203040UTA,9.5,33.1,1st quarter,0:00.1,George McCloud,DEN,False,3-pointer,32,15-24,'UTA',trails
474,474,474,200203040UTA,12.5,13.7,2nd quarter,11:44.0,Mengke Bateer,DEN,False,2-pointer,14,15-24,'UTA',trails
475,475,475,200203040UTA,20.3,24.2,2nd quarter,11:08.0,Mengke Bateer,DEN,False,2-pointer,20,15-26,'UTA',trails
476,476,476,200203040UTA,24.1,14.7,2nd quarter,10:29.0,Antonio McDyess,DEN,False,2-pointer,10,15-26,'UTA',trails
477,477,477,200203040UTA,24.0,5.0,2nd quarter,10:27.0,Mengke Bateer,DEN,True,2-pointer,0,17-26,'UTA',trails
478,478,478,200203040UTA,24.0,5.0,2nd quarter,10:00.0,Antonio McDyess,DEN,True,2-pointer,0,19-26,'UTA',trails
479,479,479,200203040UTA,44.1,18.3,2nd quarter,8:59.0,James Posey,DEN,False,3-pointer,24,19-28,'UTA',trails
480,480,480,200203040UTA,18.8,28.4,2nd quarter,8:46.0,George McCloud,DEN,False,3-pointer,24,19-28,'UTA',trails
481,481,481,200203040UTA,24.0,5.0,2nd quarter,8:27.0,Antonio McDyess,DEN,True,2-pointer,0,21-28,'UTA',trails
482,482,482,200203040UTA,24.0,5.0,2nd quarter,7:52.0,Calbert Cheaney,DEN,True,2-pointer,0,23-28,'UTA',trails
483,483,483,200203040UTA,40.9,6.1,2nd quarter,6:44.0,George McCloud,DEN,True,2-pointer,17,25-30,'UTA',trails
484,484,484,200203040UTA,24.0,5.0,2nd quarter,6:23.0,James Posey,DEN,False,2-pointer,0,25-30,'UTA',trails
485,485,485,200203040UTA,24.0,5.0,2nd quarter,5:59.0,Juwan Howard,DEN,False,2-pointer,0,25-32,'UTA',trails
486,486,486,200203040UTA,32.5,9.5,2nd quarter,5:38.0,Juwan Howard,DEN,False,2-pointer,10,25-32,'UTA',trails
487,487,487,200203040UTA,31.0,5.4,2nd quarter,5:12.0,Tim Hardaway,DEN,False,2-pointer,7,25-34,'UTA',trails
488,488,488,200203040UTA,20.3,28.4,2nd quarter,4:42.0,Tim Hardaway,DEN,True,3-pointer,24,28-36,'UTA',trails
489,489,489,200203040UTA,36.3,11.8,2nd quarter,4:07.0,Juwan Howard,DEN,False,2-pointer,14,28-36,'UTA',trails
490,490,490,200203040UTA,24.0,5.0,2nd quarter,3:33.0,Voshon Lenard,DEN,True,2-pointer,0,30-36,'UTA',trails
491,491,491,200203040UTA,45.0,16.4,2nd quarter,2:31.0,James Posey,DEN,False,3-pointer,24,31-40,'UTA',trails
492,492,492,200203040UTA,11.8,25.9,2nd quarter,2:24.0,Voshon Lenard,DEN,True,3-pointer,24,34-40,'UTA',trails
493,493,493,200203040UTA,34.0,14.7,2nd quarter,1:25.0,James Posey,DEN,False,2-pointer,14,34-42,'UTA',trails
494,494,494,200203040UTA,22.8,30.1,3rd quarter,10:50.0,Tim Hardaway,DEN,True,3-pointer,25,39-49,'UTA',trails
495,495,495,200203040UTA,24.0,5.0,3rd quarter,9:52.0,Antonio McDyess,DEN,False,2-pointer,0,39-49,'UTA',trails
496,496,496,200203040UTA,11.8,25.9,3rd quarter,9:22.0,Tim Hardaway,DEN,False,3-pointer,24,39-51,'UTA',trails
497,497,497,200203040UTA,31.0,7.1,3rd quarter,9:04.0,Juwan Howard,DEN,False,2-pointer,7,39-51,'UTA',trails
498,498,498,200203040UTA,25.6,7.8,3rd quarter,7:59.0,Juwan Howard,DEN,False,2-pointer,3,39-54,'UTA',trails
499,499,499,200203040UTA,36.3,25.5,3rd quarter,7:43.0,Voshon Lenard,DEN,False,3-pointer,24,39-54,'UTA',trails
500,500,500,200203040UTA,24.0,5.0,3rd quarter,7:41.0,Juwan Howard,DEN,True,2-pointer,0,41-54,'UTA',trails
501,501,501,200203040UTA,24.0,5.0,3rd quarter,7:04.0,Ryan Bowen,DEN,True,2-pointer,0,43-54,'UTA',trails
502,502,502,200203040UTA,24.1,25.5,3rd quarter,5:09.0,Voshon Lenard,DEN,False,2-pointer,21,44-56,'UTA',trails
503,503,503,200203040UTA,24.1,8.4,3rd quarter,4:44.0,George McCloud,DEN,False,2-pointer,3,44-58,'UTA',trails
504,504,504,200203040UTA,1.1,6.1,3rd quarter,4:28.0,George McCloud,DEN,False,3-pointer,23,44-58,'UTA',trails
505,505,505,200203040UTA,5.5,6.1,3rd quarter,4:17.0,Ryan Bowen,DEN,False,2-pointer,19,44-58,'UTA',trails
506,506,506,200203040UTA,24.0,5.0,3rd quarter,4:15.0,Juwan Howard,DEN,True,2-pointer,0,46-58,'UTA',trails
507,507,507,200203040UTA,24.0,5.0,3rd quarter,3:37.0,Ryan Bowen,DEN,False,2-pointer,0,46-60,'UTA',trails
508,508,508,200203040UTA,24.0,5.0,3rd quarter,3:36.0,Mengke Bateer,DEN,True,2-pointer,0,48-60,'UTA',trails
509,509,509,200203040UTA,0.2,4.4,3rd quarter,3:04.0,Voshon Lenard,DEN,False,3-pointer,24,48-62,'UTA',trails
510,510,510,200203040UTA,24.0,5.0,3rd quarter,3:00.0,Juwan Howard,DEN,True,2-pointer,0,50-62,'UTA',trails
511,511,511,200203040UTA,24.0,5.0,3rd quarter,2:03.0,Voshon Lenard,DEN,True,2-pointer,0,53-62,'UTA',trails
512,512,512,200203040UTA,24.0,5.0,3rd quarter,1:34.0,Juwan Howard,DEN,False,2-pointer,0,53-63,'UTA',trails
513,513,513,200203040UTA,24.0,5.0,3rd quarter,0:02.3,James Posey,DEN,False,2-pointer,0,56-68,'UTA',trails
514,514,514,200203040UTA,31.0,6.5,4th quarter,11:23.0,Juwan Howard,DEN,False,2-pointer,7,57-68,'UTA',trails
515,515,515,200203040UTA,4.9,16.0,4th quarter,10:45.0,George McCloud,DEN,False,2-pointer,22,57-72,'UTA',trails
516,516,516,200203040UTA,24.0,5.0,4th quarter,10:40.0,James Posey,DEN,True,2-pointer,0,59-72,'UTA',trails
517,517,517,200203040UTA,47.3,5.0,4th quarter,9:52.0,George McCloud,DEN,False,3-pointer,23,59-74,'UTA',trails
518,518,518,200203040UTA,40.9,21.9,4th quarter,9:34.0,James Posey,DEN,False,3-pointer,24,59-74,'UTA',trails
519,519,519,200203040UTA,24.0,5.0,4th quarter,9:27.0,George McCloud,DEN,False,2-pointer,0,59-74,'UTA',trails
520,520,520,200203040UTA,24.0,5.0,4th quarter,8:56.0,Kenny Satterfield,DEN,False,2-pointer,0,59-76,'UTA',trails
521,521,521,200203040UTA,24.0,5.0,4th quarter,8:53.0,Donnell Harvey,DEN,True,2-pointer,0,61-76,'UTA',trails
522,522,522,200203040UTA,24.0,5.0,4th quarter,8:11.0,Donnell Harvey,DEN,True,2-pointer,0,63-78,'UTA',trails
523,523,523,200203040UTA,13.3,4.4,4th quarter,7:40.0,Voshon Lenard,DEN,True,2-pointer,11,65-80,'UTA',trails
524,524,524,200203040UTA,24.0,5.0,4th quarter,6:40.0,Donnell Harvey,DEN,False,2-pointer,0,68-84,'UTA',trails
525,525,525,200203040UTA,26.4,28.4,4th quarter,6:09.0,Kenny Satterfield,DEN,False,3-pointer,24,68-86,'UTA',trails
526,526,526,200203040UTA,24.0,5.0,4th quarter,5:41.0,Donnell Harvey,DEN,True,2-pointer,0,70-89,'UTA',trails
527,527,527,200203040UTA,35.5,22.9,4th quarter,4:39.0,Voshon Lenard,DEN,False,2-pointer,21,72-91,'UTA',trails
528,528,528,200203040UTA,22.0,8.4,4th quarter,2:10.0,Zendon Hamilton,DEN,True,2-pointer,4,78-97,'UTA',trails
529,529,529,200203040UTA,19.6,7.1,4th quarter,1:01.0,Zendon Hamilton,DEN,False,2-pointer,5,80-97,'UTA',trails
530,530,530,200203040UTA,22.0,16.4,4th quarter,0:12.6,Voshon Lenard,DEN,True,2-pointer,12,82-100,'UTA',trails
531,531,531,200203040UTA,24.0,5.0,1st quarter,11:46.0,Bryon Russell,UTA,False,2-pointer,0,0-0,'UTA',tied
532,532,532,200203040UTA,24.0,5.0,1st quarter,11:00.0,Jarron Collins,UTA,True,2-pointer,0,3-2,'UTA',leads
533,533,533,200203040UTA,24.1,21.9,1st quarter,10:22.0,Karl Malone,UTA,False,2-pointer,17,3-5,'UTA',trails
534,534,534,200203040UTA,27.2,18.7,1st quarter,10:00.0,Jarron Collins,UTA,True,2-pointer,14,5-7,'UTA',trails
535,535,535,200203040UTA,24.0,5.0,1st quarter,9:46.0,Andrei Kirilenko,UTA,True,2-pointer,0,7-7,'UTA',tied
536,536,536,200203040UTA,24.0,5.0,1st quarter,9:31.0,John Stockton,UTA,True,2-pointer,0,9-7,'UTA',leads
537,537,537,200203040UTA,46.4,5.4,1st quarter,9:04.0,Bryon Russell,UTA,False,3-pointer,22,9-7,'UTA',leads
538,538,538,200203040UTA,37.2,22.9,1st quarter,8:30.0,Andrei Kirilenko,UTA,False,2-pointer,22,9-9,'UTA',tied
539,539,539,200203040UTA,45.6,16.0,1st quarter,7:13.0,Andrei Kirilenko,UTA,False,3-pointer,24,9-9,'UTA',tied
540,540,540,200203040UTA,24.0,5.0,1st quarter,6:56.0,Jarron Collins,UTA,True,2-pointer,0,11-9,'UTA',leads
541,541,541,200203040UTA,24.0,5.0,1st quarter,6:00.0,Andrei Kirilenko,UTA,False,2-pointer,0,11-9,'UTA',leads
542,542,542,200203040UTA,24.0,5.0,1st quarter,5:59.0,Greg Ostertag,UTA,False,2-pointer,0,11-9,'UTA',leads
543,543,543,200203040UTA,24.0,5.0,1st quarter,5:34.0,Andrei Kirilenko,UTA,True,2-pointer,0,13-9,'UTA',leads
544,544,544,200203040UTA,18.8,15.4,1st quarter,3:53.0,Bryon Russell,UTA,False,2-pointer,12,15-13,'UTA',leads
545,545,545,200203040UTA,38.6,20.0,1st quarter,2:51.0,John Starks,UTA,True,2-pointer,21,19-13,'UTA',leads
546,546,546,200203040UTA,24.0,5.0,1st quarter,2:14.0,Andrei Kirilenko,UTA,True,2-pointer,0,21-13,'UTA',leads
547,547,547,200203040UTA,37.2,24.8,1st quarter,1:32.0,John Starks,UTA,False,3-pointer,24,21-13,'UTA',leads
548,548,548,200203040UTA,30.2,28.4,1st quarter,0:30.1,Rusty LaRue,UTA,False,3-pointer,24,22-15,'UTA',leads
549,549,549,200203040UTA,24.0,5.0,1st quarter,0:03.9,John Starks,UTA,False,2-pointer,0,22-15,'UTA',leads
550,550,550,200203040UTA,21.1,26.5,2nd quarter,11:28.0,John Starks,UTA,True,2-pointer,22,26-15,'UTA',leads
551,551,551,200203040UTA,24.0,5.0,2nd quarter,9:41.0,Rusty LaRue,UTA,True,2-pointer,0,28-19,'UTA',leads
552,552,552,200203040UTA,10.2,18.3,2nd quarter,8:05.0,Rusty LaRue,UTA,False,2-pointer,19,28-21,'UTA',leads
553,553,553,200203040UTA,24.0,5.0,2nd quarter,7:32.0,John Stockton,UTA,True,2-pointer,0,30-23,'UTA',leads
554,554,554,200203040UTA,39.5,5.0,2nd quarter,6:32.0,Karl Malone,UTA,False,2-pointer,16,30-25,'UTA',leads
555,555,555,200203040UTA,24.0,5.0,2nd quarter,6:18.0,Karl Malone,UTA,True,2-pointer,0,32-25,'UTA',leads
556,556,556,200203040UTA,24.0,5.0,2nd quarter,5:33.0,Karl Malone,UTA,True,2-pointer,0,34-25,'UTA',leads
557,557,557,200203040UTA,24.0,5.0,2nd quarter,5:04.0,Donyell Marshall,UTA,True,2-pointer,0,36-25,'UTA',leads
558,558,558,200203040UTA,38.6,18.7,2nd quarter,4:28.0,Karl Malone,UTA,False,2-pointer,20,36-28,'UTA',leads
559,559,559,200203040UTA,24.0,5.0,2nd quarter,3:15.0,Donyell Marshall,UTA,True,2-pointer,0,38-30,'UTA',leads
560,560,560,200203040UTA,24.0,5.0,2nd quarter,2:55.0,Donyell Marshall,UTA,True,2-pointer,0,40-31,'UTA',leads
561,561,561,200203040UTA,25.6,29.5,2nd quarter,1:58.0,Scott Padgett,UTA,False,3-pointer,25,40-34,'UTA',leads
562,562,562,200203040UTA,18.8,6.5,2nd quarter,1:55.0,Scott Padgett,UTA,False,2-pointer,5,40-34,'UTA',leads
563,563,563,200203040UTA,43.3,2.7,2nd quarter,1:41.0,John Stockton,UTA,True,2-pointer,19,42-34,'UTA',leads
564,564,564,200203040UTA,24.0,5.0,2nd quarter,1:08.0,Donyell Marshall,UTA,True,2-pointer,0,44-34,'UTA',leads
565,565,565,200203040UTA,28.7,28.4,2nd quarter,0:33.5,Donyell Marshall,UTA,False,3-pointer,24,44-34,'UTA',leads
566,566,566,200203040UTA,18.0,6.5,3rd quarter,11:29.0,Bryon Russell,UTA,True,2-pointer,6,47-36,'UTA',leads
567,567,567,200203040UTA,35.5,17.0,3rd quarter,10:33.0,Jarron Collins,UTA,False,2-pointer,17,49-39,'UTA',leads
568,568,568,200203040UTA,24.0,5.0,3rd quarter,7:52.0,Jarron Collins,UTA,False,2-pointer,0,54-39,'UTA',leads
569,569,569,200203040UTA,38.6,18.7,3rd quarter,6:01.0,Bryon Russell,UTA,True,2-pointer,20,56-43,'UTA',leads
570,570,570,200203040UTA,18.8,10.7,3rd quarter,5:25.0,Jarron Collins,UTA,False,2-pointer,8,56-44,'UTA',leads
571,571,571,200203040UTA,24.0,5.0,3rd quarter,5:05.0,Karl Malone,UTA,True,2-pointer,0,58-44,'UTA',leads
572,572,572,200203040UTA,6.4,11.8,3rd quarter,2:09.0,John Starks,UTA,False,2-pointer,19,62-51,'UTA',leads
573,573,573,200203040UTA,39.5,6.1,3rd quarter,1:21.0,Karl Malone,UTA,False,2-pointer,16,63-53,'UTA',leads
574,574,574,200203040UTA,24.0,5.0,3rd quarter,1:05.0,Karl Malone,UTA,True,2-pointer,0,65-55,'UTA',leads
575,575,575,200203040UTA,24.0,5.0,3rd quarter,0:44.8,Karl Malone,UTA,True,2-pointer,0,68-55,'UTA',leads
576,576,576,200203040UTA,18.8,9.5,3rd quarter,0:10.9,Donyell Marshall,UTA,False,2-pointer,7,68-56,'UTA',leads
577,577,577,200203040UTA,24.0,5.0,4th quarter,11:01.0,Karl Malone,UTA,True,2-pointer,0,72-57,'UTA',leads
578,578,578,200203040UTA,24.0,5.0,4th quarter,10:21.0,John Starks,UTA,False,2-pointer,0,72-59,'UTA',leads
579,579,579,200203040UTA,27.2,22.3,4th quarter,10:15.0,Rusty LaRue,UTA,True,2-pointer,18,74-59,'UTA',leads
580,580,580,200203040UTA,24.0,5.0,4th quarter,9:13.0,Donyell Marshall,UTA,True,2-pointer,0,76-59,'UTA',leads
581,581,581,200203040UTA,24.0,5.0,4th quarter,6:29.0,Donyell Marshall,UTA,True,2-pointer,0,86-68,'UTA',leads
582,582,582,200203040UTA,36.3,25.9,4th quarter,6:00.0,Scott Padgett,UTA,True,3-pointer,24,89-68,'UTA',leads
583,583,583,200203040UTA,34.8,2.7,4th quarter,4:59.0,John Stockton,UTA,True,2-pointer,11,91-72,'UTA',leads
584,584,584,200203040UTA,9.5,16.0,4th quarter,4:22.0,John Stockton,UTA,True,2-pointer,18,93-72,'UTA',leads
585,585,585,200203040UTA,24.0,5.0,4th quarter,3:21.0,John Amaechi,UTA,False,2-pointer,0,95-76,'UTA',leads
586,586,586,200203040UTA,24.0,5.0,4th quarter,3:06.0,Donyell Marshall,UTA,True,2-pointer,0,97-76,'UTA',leads
587,587,587,200203040UTA,35.5,25.9,4th quarter,2:27.0,Scott Padgett,UTA,False,3-pointer,24,97-76,'UTA',leads
588,588,588,200203040UTA,26.4,26.5,4th quarter,1:51.0,Donyell Marshall,UTA,False,2-pointer,22,97-78,'UTA',leads
589,589,589,200203040UTA,40.3,23.6,4th quarter,1:23.0,DeShawn Stevenson,UTA,False,3-pointer,25,97-80,'UTA',leads
590,590,590,200203040UTA,24.0,5.0,4th quarter,0:40.3,DeShawn Stevenson,UTA,False,2-pointer,0,97-80,'UTA',leads
591,591,591,200203040UTA,43.3,3.1,4th quarter,0:31.6,DeShawn Stevenson,UTA,False,2-pointer,19,97-80,'UTA',leads
592,592,592,200203040UTA,24.0,5.0,4th quarter,0:30.1,Scott Padgett,UTA,True,2-pointer,0,99-80,'UTA',leads
