,Unnamed: 0.1,Unnamed: 0,match_id,shotX,shotY,quarter,time_remaining,player,team,made,shot_type,distance,score,opp,status
0,0,0,200202040HOU,23.9,10.5,1st quarter,11:30.0,Andrei Kirilenko,UTA,False,2-pointer,6,0-2,HOU,trails
1,1,1,200202040HOU,31.5,22.1,1st quarter,10:59.0,Karl Malone,UTA,False,2-pointer,19,0-3,HOU,trails
2,2,2,200202040HOU,36.3,22.1,1st quarter,10:42.0,Karl Malone,UTA,False,2-pointer,21,0-3,HOU,trails
3,3,3,200202040HOU,39.9,5.0,1st quarter,10:25.0,Bryon Russell,UTA,True,2-pointer,16,2-3,HOU,trails
4,4,4,200202040HOU,38.4,12.6,1st quarter,9:46.0,Karl Malone,UTA,True,2-pointer,16,4-5,HOU,trails
5,5,5,200202040HOU,4.0,5.4,1st quarter,8:44.0,John Stockton,UTA,False,2-pointer,20,4-9,HOU,trails
6,6,6,200202040HOU,24.0,5.0,1st quarter,8:10.0,Andrei Kirilenko,UTA,False,2-pointer,0,5-9,HOU,trails
7,7,7,200202040HOU,9.7,5.9,1st quarter,7:33.0,John Stockton,UTA,True,2-pointer,14,7-11,HOU,trails
8,8,8,200202040HOU,47.5,16.6,1st quarter,6:42.0,Bryon Russell,UTA,False,3-pointer,26,7-14,HOU,trails
9,9,9,200202040HOU,24.0,5.0,1st quarter,6:34.0,Andrei Kirilenko,UTA,True,2-pointer,0,9-14,HOU,trails
10,10,10,200202040HOU,39.9,13.2,1st quarter,5:49.0,John Stockton,UTA,False,2-pointer,18,9-16,HOU,trails
11,11,11,200202040HOU,40.7,11.6,1st quarter,5:20.0,Bryon Russell,UTA,True,2-pointer,18,11-19,HOU,trails
12,12,12,200202040HOU,36.9,17.0,1st quarter,4:40.0,Andrei Kirilenko,UTA,False,2-pointer,18,11-21,HOU,trails
13,13,13,200202040HOU,28.7,11.6,1st quarter,4:30.0,Jarron Collins,UTA,False,2-pointer,8,11-21,HOU,trails
14,14,14,200202040HOU,24.0,5.0,1st quarter,4:27.0,Jarron Collins,UTA,True,2-pointer,0,13-21,HOU,trails
15,15,15,200202040HOU,41.4,12.0,1st quarter,3:43.0,Rusty LaRue,UTA,True,2-pointer,19,15-22,HOU,trails
16,16,16,200202040HOU,24.0,5.0,1st quarter,3:10.0,Andrei Kirilenko,UTA,True,2-pointer,0,17-24,HOU,trails
17,17,17,200202040HOU,31.5,21.7,1st quarter,2:41.0,DeShawn Stevenson,UTA,False,2-pointer,18,17-26,HOU,trails
18,18,18,200202040HOU,24.0,5.0,1st quarter,2:36.0,Jarron Collins,UTA,True,2-pointer,0,19-26,HOU,trails
19,19,19,200202040HOU,11.8,15.6,1st quarter,2:04.0,Rusty LaRue,UTA,False,2-pointer,16,19-26,HOU,trails
20,20,20,200202040HOU,34.2,18.7,1st quarter,1:41.0,DeShawn Stevenson,UTA,True,2-pointer,17,21-26,HOU,trails
21,21,21,200202040HOU,32.1,20.0,1st quarter,1:05.0,Karl Malone,UTA,False,2-pointer,17,21-28,HOU,trails
22,22,22,200202040HOU,13.3,17.7,2nd quarter,11:46.0,Rusty LaRue,UTA,False,2-pointer,17,21-32,HOU,trails
23,23,23,200202040HOU,32.1,15.6,2nd quarter,11:09.0,Bryon Russell,UTA,False,2-pointer,13,21-32,HOU,trails
24,24,24,200202040HOU,24.0,5.0,2nd quarter,10:46.0,Bryon Russell,UTA,False,2-pointer,0,21-34,HOU,trails
25,25,25,200202040HOU,7.0,5.4,2nd quarter,10:42.0,Bryon Russell,UTA,False,2-pointer,17,21-34,HOU,trails
26,26,26,200202040HOU,24.0,5.0,2nd quarter,10:38.0,Greg Ostertag,UTA,True,2-pointer,0,23-34,HOU,trails
27,27,27,200202040HOU,25.1,27.2,2nd quarter,10:03.0,Scott Padgett,UTA,True,2-pointer,22,25-36,HOU,trails
28,28,28,200202040HOU,13.3,20.6,2nd quarter,9:25.0,Scott Padgett,UTA,False,2-pointer,19,25-36,HOU,trails
29,29,29,200202040HOU,24.0,5.0,2nd quarter,9:23.0,DeShawn Stevenson,UTA,False,2-pointer,0,25-36,HOU,trails
30,30,30,200202040HOU,30.0,19.4,2nd quarter,8:34.0,DeShawn Stevenson,UTA,True,2-pointer,16,27-38,HOU,trails
31,31,31,200202040HOU,44.1,5.0,2nd quarter,8:05.0,Rusty LaRue,UTA,True,2-pointer,20,29-38,HOU,trails
32,32,32,200202040HOU,35.7,13.2,2nd quarter,7:16.0,John Stockton,UTA,False,2-pointer,14,29-40,HOU,trails
33,33,33,200202040HOU,23.9,26.1,2nd quarter,6:43.0,DeShawn Stevenson,UTA,False,2-pointer,21,29-42,HOU,trails
34,34,34,200202040HOU,24.0,5.0,2nd quarter,6:38.0,Greg Ostertag,UTA,True,2-pointer,0,31-42,HOU,trails
35,35,35,200202040HOU,24.0,5.0,2nd quarter,5:56.0,Scott Padgett,UTA,True,2-pointer,0,33-42,HOU,trails
36,36,36,200202040HOU,37.8,16.0,2nd quarter,5:41.0,DeShawn Stevenson,UTA,False,2-pointer,18,33-42,HOU,trails
37,37,37,200202040HOU,24.0,5.0,2nd quarter,5:13.0,Scott Padgett,UTA,False,2-pointer,0,33-42,HOU,trails
38,38,38,200202040HOU,34.2,16.6,2nd quarter,4:46.0,Karl Malone,UTA,False,2-pointer,15,33-44,HOU,trails
39,39,39,200202040HOU,24.0,5.0,2nd quarter,4:42.0,Bryon Russell,UTA,True,2-pointer,0,35-44,HOU,trails
40,40,40,200202040HOU,24.0,5.0,2nd quarter,4:15.0,John Stockton,UTA,False,2-pointer,0,35-45,HOU,trails
41,41,41,200202040HOU,24.0,5.0,2nd quarter,3:54.0,Karl Malone,UTA,False,2-pointer,0,35-45,HOU,trails
42,42,42,200202040HOU,24.0,5.0,2nd quarter,3:28.0,Karl Malone,UTA,True,2-pointer,0,37-45,HOU,trails
43,43,43,200202040HOU,24.0,5.0,2nd quarter,3:08.0,Andrei Kirilenko,UTA,False,2-pointer,0,37-45,HOU,trails
44,44,44,200202040HOU,25.8,20.0,2nd quarter,2:53.0,Karl Malone,UTA,True,2-pointer,15,39-47,HOU,trails
45,45,45,200202040HOU,41.4,9.2,2nd quarter,2:29.0,Karl Malone,UTA,True,2-pointer,18,41-47,HOU,trails
46,46,46,200202040HOU,10.6,8.0,2nd quarter,1:44.0,John Stockton,UTA,False,2-pointer,14,41-49,HOU,trails
47,47,47,200202040HOU,24.0,5.0,2nd quarter,1:39.0,John Stockton,UTA,False,2-pointer,0,41-49,HOU,trails
48,48,48,200202040HOU,24.0,5.0,2nd quarter,1:36.0,Greg Ostertag,UTA,True,2-pointer,0,43-49,HOU,trails
49,49,49,200202040HOU,24.0,5.0,2nd quarter,0:51.6,Greg Ostertag,UTA,False,2-pointer,0,43-52,HOU,trails
50,50,50,200202040HOU,24.0,5.0,2nd quarter,0:24.5,Greg Ostertag,UTA,True,2-pointer,0,45-55,HOU,trails
51,51,51,200202040HOU,24.3,27.2,3rd quarter,11:44.0,Bryon Russell,UTA,False,2-pointer,22,45-55,HOU,trails
52,52,52,200202040HOU,24.0,5.0,3rd quarter,11:35.0,Jarron Collins,UTA,False,2-pointer,0,45-55,HOU,trails
53,53,53,200202040HOU,38.4,17.0,3rd quarter,11:03.0,John Stockton,UTA,True,2-pointer,19,47-57,HOU,trails
54,54,54,200202040HOU,24.0,5.0,3rd quarter,9:59.0,Andrei Kirilenko,UTA,True,2-pointer,0,49-58,HOU,trails
55,55,55,200202040HOU,34.8,20.0,3rd quarter,9:19.0,John Stockton,UTA,True,2-pointer,18,51-58,HOU,trails
56,56,56,200202040HOU,8.5,13.7,3rd quarter,8:31.0,John Stockton,UTA,False,2-pointer,18,52-60,HOU,trails
57,57,57,200202040HOU,24.0,5.0,3rd quarter,8:13.0,Bryon Russell,UTA,True,2-pointer,0,54-60,HOU,trails
58,58,58,200202040HOU,24.0,5.0,3rd quarter,7:42.0,John Stockton,UTA,True,2-pointer,0,56-62,HOU,trails
59,59,59,200202040HOU,24.0,5.0,3rd quarter,7:15.0,Bryon Russell,UTA,True,2-pointer,0,58-62,HOU,trails
60,60,60,200202040HOU,28.7,9.2,3rd quarter,6:30.0,Karl Malone,UTA,False,2-pointer,6,58-65,HOU,trails
61,61,61,200202040HOU,24.0,5.0,3rd quarter,6:27.0,Karl Malone,UTA,True,2-pointer,0,60-65,HOU,trails
62,62,62,200202040HOU,39.9,25.7,3rd quarter,5:35.0,Andrei Kirilenko,UTA,False,3-pointer,26,60-68,HOU,trails
63,63,63,200202040HOU,24.0,5.0,3rd quarter,5:11.0,Karl Malone,UTA,True,2-pointer,0,62-68,HOU,trails
64,64,64,200202040HOU,39.3,7.6,3rd quarter,4:29.0,Karl Malone,UTA,True,2-pointer,16,64-69,HOU,trails
65,65,65,200202040HOU,23.9,19.4,3rd quarter,4:06.0,Bryon Russell,UTA,False,2-pointer,14,64-69,HOU,trails
66,66,66,200202040HOU,24.0,5.0,3rd quarter,3:58.0,Karl Malone,UTA,False,2-pointer,0,64-69,HOU,trails
67,67,67,200202040HOU,23.2,11.6,3rd quarter,3:43.0,Karl Malone,UTA,True,2-pointer,7,66-69,HOU,trails
68,68,68,200202040HOU,9.7,11.6,3rd quarter,2:58.0,Rusty LaRue,UTA,False,2-pointer,16,66-71,HOU,trails
69,69,69,200202040HOU,9.7,9.9,3rd quarter,1:54.0,Karl Malone,UTA,False,2-pointer,15,67-73,HOU,trails
70,70,70,200202040HOU,34.2,18.3,3rd quarter,0:28.3,Rusty LaRue,UTA,True,2-pointer,17,73-77,HOU,trails
71,71,71,200202040HOU,15.4,29.1,3rd quarter,0:00.0,Rusty LaRue,UTA,False,3-pointer,26,73-77,HOU,trails
72,72,72,200202040HOU,33.6,4.4,4th quarter,11:28.0,DeShawn Stevenson,UTA,True,2-pointer,10,75-77,HOU,trails
73,73,73,200202040HOU,42.6,5.4,4th quarter,10:43.0,DeShawn Stevenson,UTA,False,2-pointer,19,75-79,HOU,trails
74,74,74,200202040HOU,11.2,9.9,4th quarter,10:33.0,Karl Malone,UTA,False,2-pointer,14,75-79,HOU,trails
75,75,75,200202040HOU,6.4,23.8,4th quarter,9:48.0,Scott Padgett,UTA,False,3-pointer,26,75-81,HOU,trails
76,76,76,200202040HOU,7.0,23.8,4th quarter,9:23.0,Rusty LaRue,UTA,True,3-pointer,25,78-83,HOU,trails
77,77,77,200202040HOU,24.0,5.0,4th quarter,8:24.0,Scott Padgett,UTA,True,2-pointer,0,80-84,HOU,trails
78,78,78,200202040HOU,24.0,5.0,4th quarter,7:24.0,Karl Malone,UTA,True,2-pointer,0,83-86,HOU,trails
79,79,79,200202040HOU,24.0,5.0,4th quarter,6:51.0,Karl Malone,UTA,True,2-pointer,0,85-86,HOU,trails
80,80,80,200202040HOU,24.0,5.0,4th quarter,6:15.0,Karl Malone,UTA,False,2-pointer,0,85-88,HOU,trails
81,81,81,200202040HOU,38.4,17.0,4th quarter,5:50.0,Karl Malone,UTA,False,2-pointer,19,85-88,HOU,trails
82,82,82,200202040HOU,32.9,17.7,4th quarter,5:14.0,John Stockton,UTA,True,2-pointer,16,87-88,HOU,trails
83,83,83,200202040HOU,24.0,5.0,4th quarter,4:36.0,Karl Malone,UTA,True,2-pointer,0,89-89,HOU,tied
84,84,84,200202040HOU,37.8,25.7,4th quarter,3:55.0,Andrei Kirilenko,UTA,False,3-pointer,25,90-91,HOU,trails
85,85,85,200202040HOU,24.0,5.0,4th quarter,3:07.0,Scott Padgett,UTA,False,2-pointer,0,90-93,HOU,trails
86,86,86,200202040HOU,0.7,10.5,4th quarter,3:01.0,DeShawn Stevenson,UTA,False,3-pointer,24,90-93,HOU,trails
87,87,87,200202040HOU,22.4,12.6,4th quarter,2:09.0,Karl Malone,UTA,True,2-pointer,8,92-96,HOU,trails
88,88,88,200202040HOU,11.2,12.6,4th quarter,1:21.0,Karl Malone,UTA,False,2-pointer,15,92-96,HOU,trails
89,89,89,200202040HOU,25.1,31.2,4th quarter,1:09.0,Bryon Russell,UTA,False,3-pointer,26,92-98,HOU,trails
90,90,90,200202040HOU,36.3,14.3,4th quarter,1:00.0,Karl Malone,UTA,False,2-pointer,15,92-98,HOU,trails
91,91,91,200202040HOU,23.9,29.5,4th quarter,0:43.4,Bryon Russell,UTA,False,3-pointer,25,92-100,HOU,trails
92,92,92,200202040HOU,24.0,5.0,4th quarter,0:36.6,Scott Padgett,UTA,False,2-pointer,0,92-102,HOU,trails
93,93,93,200202040HOU,24.0,5.0,4th quarter,0:35.2,Karl Malone,UTA,True,2-pointer,0,94-102,HOU,trails
94,94,94,200202040HOU,24.0,5.0,4th quarter,0:21.6,John Stockton,UTA,True,2-pointer,0,96-103,HOU,trails
95,95,95,200202040HOU,2.8,20.6,4th quarter,0:13.5,Scott Padgett,UTA,False,3-pointer,26,97-104,HOU,trails
96,96,96,200202040HOU,24.0,5.0,1st quarter,11:46.0,Kenny Thomas,HOU,True,2-pointer,0,2-0,HOU,leads
97,97,97,200202040HOU,24.0,5.0,1st quarter,10:32.0,Steve Francis,HOU,False,2-pointer,0,3-0,HOU,leads
98,98,98,200202040HOU,13.9,14.3,1st quarter,10:07.0,Kenny Thomas,HOU,True,2-pointer,14,5-2,HOU,leads
99,99,99,200202040HOU,13.3,6.9,1st quarter,9:30.0,Kenny Thomas,HOU,True,2-pointer,11,7-4,HOU,leads
100,100,100,200202040HOU,24.0,5.0,1st quarter,9:10.0,Cuttino Mobley,HOU,True,2-pointer,0,9-4,HOU,leads
101,101,101,200202040HOU,25.8,24.4,1st quarter,7:54.0,Cuttino Mobley,HOU,True,2-pointer,19,11-5,HOU,leads
102,102,102,200202040HOU,39.9,25.0,1st quarter,7:06.0,Cuttino Mobley,HOU,True,3-pointer,26,14-7,HOU,leads
103,103,103,200202040HOU,24.3,26.7,1st quarter,6:08.0,Cuttino Mobley,HOU,True,2-pointer,22,16-9,HOU,leads
104,104,104,200202040HOU,33.6,29.1,1st quarter,5:37.0,Eddie Griffin,HOU,True,3-pointer,26,19-9,HOU,leads
105,105,105,200202040HOU,31.5,21.7,1st quarter,5:06.0,Steve Francis,HOU,True,2-pointer,18,21-11,HOU,leads
106,106,106,200202040HOU,42.0,6.9,1st quarter,3:27.0,Eddie Griffin,HOU,False,2-pointer,18,22-15,HOU,leads
107,107,107,200202040HOU,24.0,5.0,1st quarter,3:24.0,Terence Morris,HOU,True,2-pointer,0,24-15,HOU,leads
108,108,108,200202040HOU,15.4,10.5,1st quarter,2:16.0,Eddie Griffin,HOU,False,2-pointer,10,26-19,HOU,leads
109,109,109,200202040HOU,11.8,9.9,1st quarter,1:21.0,Kenny Thomas,HOU,True,2-pointer,13,28-21,HOU,leads
110,110,110,200202040HOU,24.0,5.0,1st quarter,0:32.6,Cuttino Mobley,HOU,True,2-pointer,0,30-21,HOU,leads
111,111,111,200202040HOU,7.0,18.3,2nd quarter,11:29.0,Moochie Norris,HOU,False,2-pointer,22,32-21,HOU,leads
112,112,112,200202040HOU,13.9,17.0,2nd quarter,10:22.0,Eddie Griffin,HOU,True,2-pointer,16,36-23,HOU,leads
113,113,113,200202040HOU,32.1,21.0,2nd quarter,9:41.0,Eddie Griffin,HOU,False,2-pointer,18,36-25,HOU,leads
114,114,114,200202040HOU,11.2,6.5,2nd quarter,8:51.0,Cuttino Mobley,HOU,True,2-pointer,13,38-25,HOU,leads
115,115,115,200202040HOU,12.7,23.4,2nd quarter,7:43.0,Cuttino Mobley,HOU,True,2-pointer,22,40-29,HOU,leads
116,116,116,200202040HOU,36.9,19.4,2nd quarter,7:08.0,Moochie Norris,HOU,True,2-pointer,19,42-29,HOU,leads
117,117,117,200202040HOU,8.5,3.7,2nd quarter,6:19.0,Jason Collier,HOU,False,2-pointer,16,42-31,HOU,leads
118,118,118,200202040HOU,24.0,5.0,2nd quarter,2:38.0,Steve Francis,HOU,False,2-pointer,0,47-39,HOU,leads
119,119,119,200202040HOU,23.9,24.4,2nd quarter,2:10.0,Cuttino Mobley,HOU,True,2-pointer,19,49-41,HOU,leads
120,120,120,200202040HOU,36.3,26.7,2nd quarter,1:18.0,Eddie Griffin,HOU,True,3-pointer,25,52-43,HOU,leads
121,121,121,200202040HOU,31.5,28.4,2nd quarter,0:35.7,Cuttino Mobley,HOU,True,3-pointer,25,55-43,HOU,leads
122,122,122,200202040HOU,24.0,5.0,2nd quarter,0:04.7,Steve Francis,HOU,False,2-pointer,0,55-45,HOU,leads
123,123,123,200202040HOU,33.6,22.1,3rd quarter,11:17.0,Steve Francis,HOU,True,2-pointer,20,57-45,HOU,leads
124,124,124,200202040HOU,24.0,5.0,3rd quarter,10:46.0,Steve Francis,HOU,False,2-pointer,0,57-47,HOU,leads
125,125,125,200202040HOU,4.9,25.7,3rd quarter,10:40.0,Eddie Griffin,HOU,False,3-pointer,28,57-47,HOU,leads
126,126,126,200202040HOU,24.0,5.0,3rd quarter,10:33.0,Cuttino Mobley,HOU,False,3-pointer,0,57-47,HOU,leads
127,127,127,200202040HOU,23.2,23.4,3rd quarter,10:08.0,Cuttino Mobley,HOU,False,2-pointer,18,58-47,HOU,leads
128,128,128,200202040HOU,21.1,20.6,3rd quarter,9:39.0,Steve Francis,HOU,False,2-pointer,16,58-49,HOU,leads
129,129,129,200202040HOU,13.3,20.6,3rd quarter,7:18.0,Steve Francis,HOU,False,2-pointer,19,62-56,HOU,leads
130,130,130,200202040HOU,38.4,25.7,3rd quarter,6:54.0,Cuttino Mobley,HOU,True,3-pointer,25,65-58,HOU,leads
131,131,131,200202040HOU,9.7,25.7,3rd quarter,5:59.0,Steve Francis,HOU,True,3-pointer,25,68-60,HOU,leads
132,132,132,200202040HOU,24.0,5.0,3rd quarter,3:21.0,Kenny Thomas,HOU,True,2-pointer,0,71-66,HOU,leads
133,133,133,200202040HOU,24.0,5.0,3rd quarter,2:52.0,Terence Morris,HOU,True,2-pointer,0,73-66,HOU,leads
134,134,134,200202040HOU,6.4,8.0,3rd quarter,2:14.0,Cuttino Mobley,HOU,False,2-pointer,18,73-67,HOU,leads
135,135,135,200202040HOU,24.0,5.0,3rd quarter,1:44.0,Steve Francis,HOU,False,2-pointer,0,73-67,HOU,leads
136,136,136,200202040HOU,24.0,5.0,3rd quarter,0:36.2,Steve Francis,HOU,True,2-pointer,0,77-71,HOU,leads
137,137,137,200202040HOU,25.8,30.7,3rd quarter,0:06.3,Óscar Torres,HOU,False,3-pointer,26,77-73,HOU,leads
138,138,138,200202040HOU,24.0,5.0,4th quarter,11:07.0,Steve Francis,HOU,True,2-pointer,0,79-75,HOU,leads
139,139,139,200202040HOU,42.6,3.7,4th quarter,10:05.0,Dan Langhi,HOU,True,2-pointer,19,81-75,HOU,leads
140,140,140,200202040HOU,24.0,5.0,4th quarter,9:41.0,Steve Francis,HOU,True,2-pointer,0,83-75,HOU,leads
141,141,141,200202040HOU,41.4,24.4,4th quarter,9:08.0,Cuttino Mobley,HOU,False,3-pointer,26,83-78,HOU,leads
142,142,142,200202040HOU,24.0,5.0,4th quarter,8:04.0,Dan Langhi,HOU,True,2-pointer,0,86-80,HOU,leads
143,143,143,200202040HOU,12.7,5.9,4th quarter,7:02.0,Eddie Griffin,HOU,False,2-pointer,11,86-83,HOU,leads
144,144,144,200202040HOU,36.9,12.0,4th quarter,6:36.0,Cuttino Mobley,HOU,True,2-pointer,15,88-85,HOU,leads
145,145,145,200202040HOU,35.7,18.7,4th quarter,5:22.0,Cuttino Mobley,HOU,False,2-pointer,18,88-85,HOU,leads
146,146,146,200202040HOU,16.9,21.7,4th quarter,4:14.0,Moochie Norris,HOU,True,2-pointer,18,91-90,HOU,leads
147,147,147,200202040HOU,11.8,14.9,4th quarter,3:30.0,Steve Francis,HOU,True,2-pointer,16,93-90,HOU,leads
148,148,148,200202040HOU,3.4,20.6,4th quarter,2:39.0,Moochie Norris,HOU,True,3-pointer,26,96-90,HOU,leads
149,149,149,200202040NJN,17.3,14.5,1st quarter,11:15.0,Doug Christie,SAC,False,2-pointer,12,0-2,NJN,trails
150,150,150,200202040NJN,24.0,5.0,1st quarter,9:34.0,Vlade Divac,SAC,True,2-pointer,0,3-6,NJN,trails
151,151,151,200202040NJN,24.0,5.0,1st quarter,9:06.0,Mike Bibby,SAC,True,2-pointer,0,5-6,NJN,trails
152,152,152,200202040NJN,45.6,18.7,1st quarter,8:10.0,Peja Stojaković,SAC,True,3-pointer,26,8-10,NJN,trails
153,153,153,200202040NJN,24.0,5.0,1st quarter,7:11.0,Chris Webber,SAC,True,2-pointer,0,12-12,NJN,tied
154,154,154,200202040NJN,24.0,5.0,1st quarter,6:52.0,Peja Stojaković,SAC,True,2-pointer,0,14-12,NJN,leads
155,155,155,200202040NJN,12.3,20.0,1st quarter,6:17.0,Chris Webber,SAC,True,2-pointer,19,16-14,NJN,leads
156,156,156,200202040NJN,39.0,6.3,1st quarter,5:51.0,Chris Webber,SAC,False,2-pointer,15,16-14,NJN,leads
157,157,157,200202040NJN,17.3,22.7,1st quarter,5:00.0,Mike Bibby,SAC,True,2-pointer,19,18-19,NJN,trails
158,158,158,200202040NJN,31.0,12.6,1st quarter,4:39.0,Peja Stojaković,SAC,False,2-pointer,10,18-19,NJN,trails
159,159,159,200202040NJN,34.2,13.9,1st quarter,4:34.0,Peja Stojaković,SAC,False,2-pointer,14,18-19,NJN,trails
160,160,160,200202040NJN,24.3,13.2,1st quarter,4:03.0,Hedo Türkoğlu,SAC,False,2-pointer,8,18-21,NJN,trails
161,161,161,200202040NJN,44.7,3.7,1st quarter,3:31.0,Hedo Türkoğlu,SAC,True,2-pointer,21,20-23,NJN,trails
162,162,162,200202040NJN,24.0,5.0,1st quarter,3:01.0,Peja Stojaković,SAC,True,2-pointer,0,22-23,NJN,trails
163,163,163,200202040NJN,39.9,5.0,1st quarter,2:11.0,Mike Bibby,SAC,False,2-pointer,16,22-23,NJN,trails
164,164,164,200202040NJN,24.0,5.0,1st quarter,1:56.0,Mike Bibby,SAC,False,2-pointer,0,22-23,NJN,trails
165,165,165,200202040NJN,24.0,5.0,1st quarter,1:28.0,Mike Bibby,SAC,True,2-pointer,0,24-23,NJN,leads
166,166,166,200202040NJN,13.1,17.2,1st quarter,1:01.0,Mike Bibby,SAC,False,2-pointer,16,24-23,NJN,leads
167,167,167,200202040NJN,24.0,5.0,1st quarter,0:39.8,Doug Christie,SAC,True,2-pointer,0,26-25,NJN,leads
168,168,168,200202040NJN,38.4,25.7,1st quarter,0:00.9,Peja Stojaković,SAC,False,3-pointer,25,26-26,NJN,tied
169,169,169,200202040NJN,24.0,5.0,2nd quarter,11:49.0,Hedo Türkoğlu,SAC,False,2-pointer,0,26-26,NJN,tied
170,170,170,200202040NJN,34.2,29.1,2nd quarter,11:25.0,Hedo Türkoğlu,SAC,True,3-pointer,26,31-26,NJN,leads
171,171,171,200202040NJN,15.6,11.8,2nd quarter,11:01.0,Bobby Jackson,SAC,False,2-pointer,11,31-29,NJN,leads
172,172,172,200202040NJN,15.8,8.2,2nd quarter,10:34.0,Chris Webber,SAC,False,2-pointer,9,31-31,NJN,tied
173,173,173,200202040NJN,24.0,5.0,2nd quarter,10:31.0,Chris Webber,SAC,False,2-pointer,0,31-31,NJN,tied
174,174,174,200202040NJN,16.5,6.3,2nd quarter,9:15.0,Chris Webber,SAC,False,2-pointer,8,31-33,NJN,trails
175,175,175,200202040NJN,24.0,5.0,2nd quarter,9:11.0,Chris Webber,SAC,False,2-pointer,0,31-33,NJN,trails
176,176,176,200202040NJN,16.5,17.9,2nd quarter,8:37.0,Chris Webber,SAC,True,2-pointer,15,33-35,NJN,trails
177,177,177,200202040NJN,15.6,5.7,2nd quarter,7:57.0,Scot Pollard,SAC,False,2-pointer,8,33-35,NJN,trails
178,178,178,200202040NJN,9.9,5.0,2nd quarter,7:33.0,Hedo Türkoğlu,SAC,False,2-pointer,14,33-35,NJN,trails
179,179,179,200202040NJN,24.0,5.0,2nd quarter,7:30.0,Scot Pollard,SAC,True,2-pointer,0,35-35,NJN,tied
180,180,180,200202040NJN,14.8,17.9,2nd quarter,7:02.0,Chris Webber,SAC,False,2-pointer,16,35-35,NJN,tied
181,181,181,200202040NJN,9.9,13.9,2nd quarter,6:59.0,Bobby Jackson,SAC,True,2-pointer,17,37-35,NJN,leads
182,182,182,200202040NJN,24.0,5.0,2nd quarter,5:25.0,Chris Webber,SAC,False,2-pointer,0,39-39,NJN,tied
183,183,183,200202040NJN,39.0,7.8,2nd quarter,4:26.0,Chris Webber,SAC,True,2-pointer,15,43-46,NJN,trails
184,184,184,200202040NJN,24.0,5.0,2nd quarter,4:06.0,Bobby Jackson,SAC,True,2-pointer,0,45-46,NJN,trails
185,185,185,200202040NJN,34.2,26.9,2nd quarter,3:19.0,Chris Webber,SAC,False,3-pointer,24,45-46,NJN,trails
186,186,186,200202040NJN,24.0,5.0,2nd quarter,2:54.0,Chris Webber,SAC,True,2-pointer,0,47-46,NJN,leads
187,187,187,200202040NJN,38.4,16.6,2nd quarter,2:11.0,Peja Stojaković,SAC,False,2-pointer,18,49-47,NJN,leads
188,188,188,200202040NJN,9.9,20.8,2nd quarter,1:52.0,Mike Bibby,SAC,False,2-pointer,21,49-47,NJN,leads
189,189,189,200202040NJN,7.4,6.3,2nd quarter,1:34.0,Peja Stojaković,SAC,True,2-pointer,17,51-49,NJN,leads
190,190,190,200202040NJN,23.6,10.5,2nd quarter,0:40.7,Vlade Divac,SAC,True,2-pointer,6,54-54,NJN,tied
191,191,191,200202040NJN,11.6,26.9,2nd quarter,0:02.4,Vlade Divac,SAC,False,3-pointer,25,54-57,NJN,trails
192,192,192,200202040NJN,38.4,6.9,3rd quarter,11:43.0,Chris Webber,SAC,False,2-pointer,15,54-57,NJN,trails
193,193,193,200202040NJN,26.0,15.1,3rd quarter,11:13.0,Peja Stojaković,SAC,False,2-pointer,10,54-57,NJN,trails
194,194,194,200202040NJN,35.9,24.2,3rd quarter,10:41.0,Doug Christie,SAC,False,2-pointer,23,54-59,NJN,trails
195,195,195,200202040NJN,33.4,21.5,3rd quarter,10:03.0,Chris Webber,SAC,False,2-pointer,19,54-61,NJN,trails
196,196,196,200202040NJN,38.4,10.5,3rd quarter,10:00.0,Peja Stojaković,SAC,False,2-pointer,15,54-61,NJN,trails
197,197,197,200202040NJN,24.0,5.0,3rd quarter,9:00.0,Mike Bibby,SAC,True,2-pointer,0,56-63,NJN,trails
198,198,198,200202040NJN,22.2,12.6,3rd quarter,8:27.0,Mike Bibby,SAC,False,2-pointer,8,56-65,NJN,trails
199,199,199,200202040NJN,23.6,11.1,3rd quarter,8:08.0,Chris Webber,SAC,True,2-pointer,6,58-67,NJN,trails
200,200,200,200202040NJN,14.8,9.0,3rd quarter,7:43.0,Chris Webber,SAC,True,2-pointer,10,60-67,NJN,trails
201,201,201,200202040NJN,40.7,9.0,3rd quarter,7:07.0,Chris Webber,SAC,False,2-pointer,17,60-70,NJN,trails
202,202,202,200202040NJN,8.3,7.8,3rd quarter,6:49.0,Mike Bibby,SAC,False,2-pointer,16,60-73,NJN,trails
203,203,203,200202040NJN,39.9,6.3,3rd quarter,6:08.0,Chris Webber,SAC,False,2-pointer,16,60-75,NJN,trails
204,204,204,200202040NJN,39.0,17.2,3rd quarter,5:41.0,Peja Stojaković,SAC,True,2-pointer,19,62-75,NJN,trails
205,205,205,200202040NJN,27.7,24.2,3rd quarter,4:15.0,Chris Webber,SAC,True,2-pointer,20,64-82,NJN,trails
206,206,206,200202040NJN,13.1,16.6,3rd quarter,2:45.0,Mike Bibby,SAC,False,2-pointer,16,66-84,NJN,trails
207,207,207,200202040NJN,27.7,22.7,3rd quarter,2:28.0,Chris Webber,SAC,False,2-pointer,18,66-84,NJN,trails
208,208,208,200202040NJN,24.0,5.0,3rd quarter,1:50.0,Chris Webber,SAC,True,2-pointer,0,68-84,NJN,trails
209,209,209,200202040NJN,24.0,5.0,3rd quarter,1:14.0,Scot Pollard,SAC,True,2-pointer,0,70-86,NJN,trails
210,210,210,200202040NJN,24.0,5.0,3rd quarter,0:31.1,Mike Bibby,SAC,False,2-pointer,0,70-86,NJN,trails
211,211,211,200202040NJN,25.1,28.4,4th quarter,10:49.0,Hedo Türkoğlu,SAC,False,2-pointer,23,72-89,NJN,trails
212,212,212,200202040NJN,46.4,10.5,4th quarter,10:18.0,Bobby Jackson,SAC,False,3-pointer,23,72-89,NJN,trails
213,213,213,200202040NJN,36.7,13.9,4th quarter,9:39.0,Peja Stojaković,SAC,False,2-pointer,16,72-91,NJN,trails
214,214,214,200202040NJN,15.6,13.9,4th quarter,9:18.0,Hedo Türkoğlu,SAC,False,2-pointer,12,72-91,NJN,trails
215,215,215,200202040NJN,28.5,29.1,4th quarter,8:45.0,Peja Stojaković,SAC,False,3-pointer,25,72-91,NJN,trails
216,216,216,200202040NJN,4.0,18.7,4th quarter,7:46.0,Mike Bibby,SAC,False,3-pointer,24,72-95,NJN,trails
217,217,217,200202040NJN,42.2,5.0,4th quarter,7:11.0,Bobby Jackson,SAC,False,2-pointer,18,72-95,NJN,trails
218,218,218,200202040NJN,10.8,16.6,4th quarter,7:05.0,Hedo Türkoğlu,SAC,False,2-pointer,18,72-95,NJN,trails
219,219,219,200202040NJN,24.0,5.0,4th quarter,6:57.0,Bobby Jackson,SAC,True,2-pointer,0,74-95,NJN,trails
220,220,220,200202040NJN,1.1,9.7,4th quarter,6:28.0,Hedo Türkoğlu,SAC,False,3-pointer,23,74-95,NJN,trails
221,221,221,200202040NJN,37.6,16.0,4th quarter,6:19.0,Bobby Jackson,SAC,False,2-pointer,17,74-95,NJN,trails
222,222,222,200202040NJN,12.3,16.0,4th quarter,5:52.0,Peja Stojaković,SAC,False,2-pointer,16,74-97,NJN,trails
223,223,223,200202040NJN,24.0,5.0,4th quarter,5:21.0,Gerald Wallace,SAC,True,2-pointer,0,78-99,NJN,trails
224,224,224,200202040NJN,39.0,5.7,4th quarter,4:52.0,Lawrence Funderburke,SAC,False,2-pointer,15,78-100,NJN,trails
225,225,225,200202040NJN,4.9,3.1,4th quarter,4:11.0,Gerald Wallace,SAC,False,2-pointer,19,78-103,NJN,trails
226,226,226,200202040NJN,38.4,16.0,4th quarter,3:43.0,Gerald Wallace,SAC,False,2-pointer,18,78-103,NJN,trails
227,227,227,200202040NJN,15.6,15.1,4th quarter,3:06.0,Mateen Cleaves,SAC,False,2-pointer,13,78-105,NJN,trails
228,228,228,200202040NJN,24.0,5.0,4th quarter,2:57.0,Mateen Cleaves,SAC,False,2-pointer,0,78-105,NJN,trails
229,229,229,200202040NJN,33.4,22.1,4th quarter,2:15.0,Mateen Cleaves,SAC,False,2-pointer,20,78-107,NJN,trails
230,230,230,200202040NJN,24.0,5.0,4th quarter,1:33.0,Hedo Türkoğlu,SAC,False,2-pointer,0,79-110,NJN,trails
231,231,231,200202040NJN,13.1,16.6,4th quarter,0:37.8,Lawrence Funderburke,SAC,False,2-pointer,16,81-115,NJN,trails
232,232,232,200202040NJN,35.9,21.5,4th quarter,0:23.4,Gerald Wallace,SAC,False,2-pointer,20,81-117,NJN,trails
233,233,233,200202040NJN,24.0,5.0,4th quarter,0:09.3,Mateen Cleaves,SAC,True,2-pointer,0,83-117,NJN,trails
234,234,234,200202040NJN,24.0,5.0,1st quarter,11:52.0,Keith Van,NJN,False,2-pointer,0,0-0,NJN,tied
235,235,235,200202040NJN,32.5,20.0,1st quarter,11:40.0,Kenyon Martin,NJN,False,2-pointer,17,0-0,NJN,tied
236,236,236,200202040NJN,24.3,19.4,1st quarter,11:27.0,Jason Kidd,NJN,True,2-pointer,14,2-0,NJN,leads
237,237,237,200202040NJN,16.5,12.6,1st quarter,10:57.0,Kenyon Martin,NJN,False,2-pointer,11,2-0,NJN,leads
238,238,238,200202040NJN,24.0,5.0,1st quarter,10:55.0,Keith Van,NJN,True,2-pointer,0,4-0,NJN,leads
239,239,239,200202040NJN,33.4,21.5,1st quarter,10:20.0,Keith Van,NJN,False,2-pointer,19,4-0,NJN,leads
240,240,240,200202040NJN,18.2,9.7,1st quarter,9:54.0,Todd MacCulloch,NJN,True,2-pointer,7,6-1,NJN,leads
241,241,241,200202040NJN,14.8,26.9,1st quarter,9:12.0,Kenyon Martin,NJN,False,3-pointer,24,6-3,NJN,leads
242,242,242,200202040NJN,31.0,6.3,1st quarter,8:44.0,Kenyon Martin,NJN,True,2-pointer,7,8-5,NJN,leads
243,243,243,200202040NJN,24.0,5.0,1st quarter,8:32.0,Kenyon Martin,NJN,False,2-pointer,0,8-5,NJN,leads
244,244,244,200202040NJN,24.0,5.0,1st quarter,8:28.0,Keith Van,NJN,True,2-pointer,0,10-5,NJN,leads
245,245,245,200202040NJN,24.0,5.0,1st quarter,7:58.0,Kerry Kittles,NJN,False,2-pointer,0,10-8,NJN,leads
246,246,246,200202040NJN,24.0,5.0,1st quarter,7:55.0,Todd MacCulloch,NJN,True,2-pointer,0,12-8,NJN,leads
247,247,247,200202040NJN,15.6,5.7,1st quarter,7:26.0,Todd MacCulloch,NJN,False,2-pointer,8,12-10,NJN,leads
248,248,248,200202040NJN,24.0,5.0,1st quarter,7:24.0,Todd MacCulloch,NJN,False,2-pointer,0,12-10,NJN,leads
249,249,249,200202040NJN,24.3,20.8,1st quarter,6:35.0,Keith Van,NJN,True,2-pointer,16,14-14,NJN,tied
250,250,250,200202040NJN,24.0,5.0,1st quarter,5:58.0,Kerry Kittles,NJN,False,2-pointer,0,14-16,NJN,trails
251,251,251,200202040NJN,4.9,20.0,1st quarter,5:44.0,Jason Kidd,NJN,True,3-pointer,24,17-16,NJN,leads
252,252,252,200202040NJN,33.4,20.8,1st quarter,5:17.0,Kerry Kittles,NJN,True,2-pointer,18,19-16,NJN,leads
253,253,253,200202040NJN,29.4,6.9,1st quarter,4:51.0,Todd MacCulloch,NJN,False,2-pointer,6,19-18,NJN,leads
254,254,254,200202040NJN,31.0,8.4,1st quarter,4:20.0,Todd MacCulloch,NJN,True,2-pointer,8,21-18,NJN,leads
255,255,255,200202040NJN,24.0,5.0,1st quarter,3:55.0,Richard Jefferson,NJN,True,2-pointer,0,23-18,NJN,leads
256,256,256,200202040NJN,13.9,16.6,1st quarter,2:28.0,Kerry Kittles,NJN,False,2-pointer,15,23-22,NJN,leads
257,257,257,200202040NJN,24.3,19.4,1st quarter,1:41.0,Aaron Williams,NJN,False,2-pointer,14,23-22,NJN,leads
258,258,258,200202040NJN,24.0,5.0,1st quarter,0:47.9,Lucious Harris,NJN,True,2-pointer,0,25-24,NJN,leads
259,259,259,200202040NJN,39.0,6.9,1st quarter,0:16.1,Lucious Harris,NJN,False,2-pointer,15,26-26,NJN,tied
260,260,260,200202040NJN,11.6,11.1,2nd quarter,11:35.0,Kerry Kittles,NJN,False,2-pointer,14,26-28,NJN,trails
261,261,261,200202040NJN,29.4,30.5,2nd quarter,11:11.0,Brian Scalabrine,NJN,True,3-pointer,26,29-31,NJN,trails
262,262,262,200202040NJN,16.5,4.4,2nd quarter,10:49.0,Aaron Williams,NJN,False,2-pointer,8,29-31,NJN,trails
263,263,263,200202040NJN,24.0,5.0,2nd quarter,10:46.0,Lucious Harris,NJN,True,2-pointer,0,31-31,NJN,tied
264,264,264,200202040NJN,32.5,18.7,2nd quarter,9:55.0,Jason Kidd,NJN,False,2-pointer,16,33-31,NJN,leads
265,265,265,200202040NJN,31.7,9.7,2nd quarter,9:34.0,Aaron Williams,NJN,False,2-pointer,9,33-31,NJN,leads
266,266,266,200202040NJN,24.0,5.0,2nd quarter,8:50.0,Richard Jefferson,NJN,True,2-pointer,0,35-31,NJN,leads
267,267,267,200202040NJN,37.6,26.3,2nd quarter,7:17.0,Lucious Harris,NJN,False,3-pointer,25,35-35,NJN,tied
268,268,268,200202040NJN,7.4,7.8,2nd quarter,6:40.0,Richard Jefferson,NJN,True,2-pointer,17,37-37,NJN,tied
269,269,269,200202040NJN,22.8,19.4,2nd quarter,6:14.0,Jason Kidd,NJN,False,2-pointer,14,37-37,NJN,tied
270,270,270,200202040NJN,24.0,5.0,2nd quarter,5:47.0,Kenyon Martin,NJN,True,2-pointer,0,39-39,NJN,tied
271,271,271,200202040NJN,7.4,6.9,2nd quarter,5:05.0,Kenyon Martin,NJN,True,2-pointer,17,41-41,NJN,tied
272,272,272,200202040NJN,24.0,5.0,2nd quarter,4:38.0,Keith Van,NJN,True,2-pointer,0,45-41,NJN,leads
273,273,273,200202040NJN,24.0,5.0,2nd quarter,4:12.0,Jason Kidd,NJN,False,2-pointer,0,46-43,NJN,leads
274,274,274,200202040NJN,42.2,14.5,2nd quarter,3:40.0,Kenyon Martin,NJN,False,2-pointer,21,46-45,NJN,leads
275,275,275,200202040NJN,36.7,9.7,2nd quarter,3:04.0,Kenyon Martin,NJN,False,2-pointer,14,46-45,NJN,leads
276,276,276,200202040NJN,32.5,7.8,2nd quarter,2:40.0,Kerry Kittles,NJN,False,2-pointer,9,46-47,NJN,trails
277,277,277,200202040NJN,24.0,5.0,2nd quarter,2:02.0,Keith Van,NJN,False,2-pointer,0,47-49,NJN,trails
278,278,278,200202040NJN,13.1,18.7,2nd quarter,0:52.5,Jason Kidd,NJN,True,2-pointer,18,54-52,NJN,leads
279,279,279,200202040NJN,1.1,5.0,2nd quarter,0:20.7,Keith Van,NJN,True,3-pointer,23,57-54,NJN,leads
280,280,280,200202040NJN,39.9,13.9,3rd quarter,11:30.0,Kenyon Martin,NJN,False,2-pointer,18,57-54,NJN,leads
281,281,281,200202040NJN,30.2,6.9,3rd quarter,10:58.0,Jason Kidd,NJN,False,2-pointer,6,57-54,NJN,leads
282,282,282,200202040NJN,24.0,5.0,3rd quarter,10:56.0,Todd MacCulloch,NJN,True,2-pointer,0,59-54,NJN,leads
283,283,283,200202040NJN,16.5,13.9,3rd quarter,10:17.0,Kerry Kittles,NJN,True,2-pointer,12,61-54,NJN,leads
284,284,284,200202040NJN,24.0,5.0,3rd quarter,9:45.0,Jason Kidd,NJN,False,2-pointer,0,61-54,NJN,leads
285,285,285,200202040NJN,24.0,5.0,3rd quarter,8:41.0,Todd MacCulloch,NJN,True,2-pointer,0,65-56,NJN,leads
286,286,286,200202040NJN,24.0,5.0,3rd quarter,8:22.0,Kerry Kittles,NJN,True,2-pointer,0,67-56,NJN,leads
287,287,287,200202040NJN,45.6,18.7,3rd quarter,7:34.0,Keith Van,NJN,True,3-pointer,26,70-60,NJN,leads
288,288,288,200202040NJN,24.0,5.0,3rd quarter,6:59.0,Kenyon Martin,NJN,True,2-pointer,0,72-60,NJN,leads
289,289,289,200202040NJN,34.2,6.3,3rd quarter,5:50.0,Kerry Kittles,NJN,False,2-pointer,10,75-60,NJN,leads
290,290,290,200202040NJN,24.0,5.0,3rd quarter,5:08.0,Keith Van,NJN,True,2-pointer,0,77-62,NJN,leads
291,291,291,200202040NJN,9.1,25.7,3rd quarter,4:59.0,Kerry Kittles,NJN,True,3-pointer,26,80-62,NJN,leads
292,292,292,200202040NJN,24.0,5.0,3rd quarter,4:33.0,Kerry Kittles,NJN,False,2-pointer,0,80-62,NJN,leads
293,293,293,200202040NJN,24.0,5.0,3rd quarter,4:31.0,Keith Van,NJN,True,2-pointer,0,82-62,NJN,leads
294,294,294,200202040NJN,35.9,18.7,3rd quarter,3:27.0,Keith Van,NJN,True,2-pointer,18,84-64,NJN,leads
295,295,295,200202040NJN,36.7,6.3,3rd quarter,2:37.0,Keith Van,NJN,False,2-pointer,13,84-66,NJN,leads
296,296,296,200202040NJN,43.1,19.4,3rd quarter,2:13.0,Kerry Kittles,NJN,False,3-pointer,24,84-66,NJN,leads
297,297,297,200202040NJN,27.7,9.7,3rd quarter,1:29.0,Richard Jefferson,NJN,False,2-pointer,6,84-68,NJN,leads
298,298,298,200202040NJN,24.0,5.0,3rd quarter,1:26.0,Keith Van,NJN,True,2-pointer,0,86-68,NJN,leads
299,299,299,200202040NJN,31.7,18.7,3rd quarter,0:47.7,Keith Van,NJN,False,2-pointer,16,86-70,NJN,leads
300,300,300,200202040NJN,24.0,5.0,3rd quarter,0:42.3,Kerry Kittles,NJN,False,2-pointer,0,86-70,NJN,leads
301,301,301,200202040NJN,13.9,18.7,4th quarter,11:36.0,Kerry Kittles,NJN,True,2-pointer,17,89-70,NJN,leads
302,302,302,200202040NJN,22.2,13.2,4th quarter,11:05.0,Lucious Harris,NJN,False,2-pointer,8,89-72,NJN,leads
303,303,303,200202040NJN,24.0,5.0,4th quarter,11:02.0,Jason Collins,NJN,False,2-pointer,0,89-72,NJN,leads
304,304,304,200202040NJN,36.7,10.5,4th quarter,10:28.0,Richard Jefferson,NJN,False,2-pointer,14,89-72,NJN,leads
305,305,305,200202040NJN,26.0,9.7,4th quarter,10:00.0,Jason Collins,NJN,True,2-pointer,5,91-72,NJN,leads
306,306,306,200202040NJN,24.0,5.0,4th quarter,9:33.0,Richard Jefferson,NJN,False,2-pointer,0,91-72,NJN,leads
307,307,307,200202040NJN,26.8,21.5,4th quarter,9:27.0,Richard Jefferson,NJN,False,2-pointer,17,91-72,NJN,leads
308,308,308,200202040NJN,7.4,19.4,4th quarter,9:00.0,Lucious Harris,NJN,False,2-pointer,22,91-72,NJN,leads
309,309,309,200202040NJN,11.6,13.2,4th quarter,7:27.0,Jason Collins,NJN,False,2-pointer,15,95-72,NJN,leads
310,310,310,200202040NJN,18.2,16.6,4th quarter,6:04.0,Lucious Harris,NJN,True,2-pointer,13,97-74,NJN,leads
311,311,311,200202040NJN,24.0,5.0,4th quarter,5:36.0,Jason Collins,NJN,True,2-pointer,0,99-76,NJN,leads
312,312,312,200202040NJN,26.0,30.5,4th quarter,4:33.0,Kenyon Martin,NJN,True,3-pointer,26,103-78,NJN,leads
313,313,313,200202040NJN,34.2,18.7,4th quarter,3:25.0,Brian Scalabrine,NJN,True,2-pointer,17,105-78,NJN,leads
314,314,314,200202040NJN,24.0,5.0,4th quarter,2:52.0,Donny Marshall,NJN,True,2-pointer,0,107-78,NJN,leads
315,315,315,200202040NJN,9.1,16.6,4th quarter,2:32.0,Anthony Johnson,NJN,False,2-pointer,19,107-78,NJN,leads
316,316,316,200202040NJN,8.3,6.9,4th quarter,1:55.0,Jason Collins,NJN,False,2-pointer,16,107-79,NJN,leads
317,317,317,200202040NJN,8.3,24.8,4th quarter,1:50.0,Lucious Harris,NJN,True,3-pointer,25,110-79,NJN,leads
318,318,318,200202040NJN,40.7,9.7,4th quarter,1:26.0,Anthony Johnson,NJN,False,2-pointer,17,110-79,NJN,leads
319,319,319,200202040NJN,5.7,21.5,4th quarter,1:10.0,Lucious Harris,NJN,True,3-pointer,25,113-81,NJN,leads
320,320,320,200202040NJN,24.0,5.0,4th quarter,0:32.7,Lucious Harris,NJN,True,2-pointer,0,117-81,NJN,leads
321,321,321,200202040PHI,47.5,3.5,1st quarter,11:41.0,Tracy Murray,TOR,True,3-pointer,24,3-0,TOR,leads
322,322,322,200202040PHI,43.3,10.3,1st quarter,11:12.0,Vince Carter,TOR,False,2-pointer,20,3-2,TOR,leads
323,323,323,200202040PHI,36.7,27.8,1st quarter,10:32.0,Alvin Williams,TOR,True,3-pointer,26,6-4,TOR,leads
324,324,324,200202040PHI,48.1,6.1,1st quarter,10:01.0,Tracy Murray,TOR,True,3-pointer,24,9-6,TOR,leads
325,325,325,200202040PHI,26.2,25.0,1st quarter,9:23.0,Vince Carter,TOR,False,2-pointer,20,9-8,TOR,leads
326,326,326,200202040PHI,24.0,5.0,1st quarter,8:34.0,Eric Montross,TOR,False,2-pointer,0,9-10,TOR,trails
327,327,327,200202040PHI,38.8,9.2,1st quarter,7:18.0,Alvin Williams,TOR,True,2-pointer,15,11-12,TOR,trails
328,328,328,200202040PHI,41.8,2.7,1st quarter,6:32.0,Keon Clark,TOR,False,2-pointer,18,11-14,TOR,trails
329,329,329,200202040PHI,24.0,5.0,1st quarter,5:48.0,Keon Clark,TOR,True,2-pointer,0,13-16,TOR,trails
330,330,330,200202040PHI,36.7,7.6,1st quarter,5:14.0,Keon Clark,TOR,True,2-pointer,13,15-19,TOR,trails
331,331,331,200202040PHI,9.3,5.4,1st quarter,4:34.0,Antonio Davis,TOR,True,2-pointer,15,17-21,TOR,trails
332,332,332,200202040PHI,24.0,5.0,1st quarter,4:07.0,Keon Clark,TOR,True,2-pointer,0,19-21,TOR,trails
333,333,333,200202040PHI,24.0,5.0,1st quarter,2:50.0,Vince Carter,TOR,True,2-pointer,0,26-25,TOR,leads
334,334,334,200202040PHI,37.4,16.8,1st quarter,2:28.0,Keon Clark,TOR,False,2-pointer,18,26-27,TOR,trails
335,335,335,200202040PHI,23.4,18.1,1st quarter,2:21.0,Vince Carter,TOR,True,2-pointer,13,28-27,TOR,leads
336,336,336,200202040PHI,18.6,8.8,1st quarter,1:40.0,Keon Clark,TOR,False,2-pointer,7,28-29,TOR,trails
337,337,337,200202040PHI,0.0,3.9,1st quarter,1:13.0,Tracy Murray,TOR,True,3-pointer,24,31-29,TOR,leads
338,338,338,200202040PHI,24.0,5.0,1st quarter,0:00.0,Tracy Murray,TOR,False,2-pointer,0,33-33,TOR,tied
339,339,339,200202040PHI,12.9,18.1,2nd quarter,11:28.0,Vince Carter,TOR,True,2-pointer,17,35-33,TOR,leads
340,340,340,200202040PHI,8.7,3.9,2nd quarter,10:54.0,Alvin Williams,TOR,True,2-pointer,15,37-35,TOR,leads
341,341,341,200202040PHI,10.8,13.7,2nd quarter,10:17.0,Vince Carter,TOR,False,2-pointer,16,37-35,TOR,leads
342,342,342,200202040PHI,24.0,5.0,2nd quarter,10:02.0,Keon Clark,TOR,False,2-pointer,0,37-35,TOR,leads
343,343,343,200202040PHI,24.0,5.0,2nd quarter,9:44.0,Chris Childs,TOR,True,2-pointer,0,39-35,TOR,leads
344,344,344,200202040PHI,24.1,13.0,2nd quarter,8:34.0,Vince Carter,TOR,False,2-pointer,8,39-35,TOR,leads
345,345,345,200202040PHI,20.1,10.9,2nd quarter,8:00.0,Antonio Davis,TOR,False,2-pointer,7,39-37,TOR,leads
346,346,346,200202040PHI,24.0,5.0,2nd quarter,6:31.0,Keon Clark,TOR,True,2-pointer,0,41-41,TOR,tied
347,347,347,200202040PHI,29.8,12.6,2nd quarter,5:56.0,Vince Carter,TOR,True,2-pointer,10,43-43,TOR,tied
348,348,348,200202040PHI,5.1,10.9,2nd quarter,5:30.0,Vince Carter,TOR,False,2-pointer,20,43-43,TOR,tied
349,349,349,200202040PHI,11.4,8.2,2nd quarter,3:22.0,Vince Carter,TOR,False,2-pointer,13,45-47,TOR,trails
350,350,350,200202040PHI,18.6,30.9,2nd quarter,3:18.0,Chris Childs,TOR,False,3-pointer,26,45-47,TOR,trails
351,351,351,200202040PHI,7.2,26.7,2nd quarter,2:14.0,Dell Curry,TOR,False,3-pointer,27,45-47,TOR,trails
352,352,352,200202040PHI,24.0,5.0,2nd quarter,1:37.0,Chris Childs,TOR,True,2-pointer,0,47-48,TOR,trails
353,353,353,200202040PHI,7.2,23.4,2nd quarter,0:55.2,Chris Childs,TOR,True,3-pointer,25,50-48,TOR,leads
354,354,354,200202040PHI,15.6,6.5,2nd quarter,0:22.6,Keon Clark,TOR,True,2-pointer,9,52-48,TOR,leads
355,355,355,200202040PHI,18.6,7.6,3rd quarter,11:38.0,Alvin Williams,TOR,True,2-pointer,6,54-48,TOR,leads
356,356,356,200202040PHI,12.9,8.8,3rd quarter,11:03.0,Antonio Davis,TOR,False,2-pointer,12,54-50,TOR,leads
357,357,357,200202040PHI,24.0,5.0,3rd quarter,10:23.0,Vince Carter,TOR,True,2-pointer,0,56-50,TOR,leads
358,358,358,200202040PHI,24.0,5.0,3rd quarter,9:48.0,Vince Carter,TOR,True,2-pointer,0,58-50,TOR,leads
359,359,359,200202040PHI,43.3,23.4,3rd quarter,9:10.0,Vince Carter,TOR,False,3-pointer,27,59-50,TOR,leads
360,360,360,200202040PHI,14.2,6.1,3rd quarter,8:49.0,Vince Carter,TOR,False,2-pointer,10,59-52,TOR,leads
361,361,361,200202040PHI,9.3,14.1,3rd quarter,7:41.0,Vince Carter,TOR,False,2-pointer,17,61-54,TOR,leads
362,362,362,200202040PHI,22.2,18.1,3rd quarter,7:11.0,Eric Montross,TOR,True,2-pointer,13,63-54,TOR,leads
363,363,363,200202040PHI,25.4,33.3,3rd quarter,6:33.0,Vince Carter,TOR,False,3-pointer,28,63-56,TOR,leads
364,364,364,200202040PHI,43.9,23.4,3rd quarter,6:22.0,Alvin Williams,TOR,True,3-pointer,27,66-56,TOR,leads
365,365,365,200202040PHI,24.0,5.0,3rd quarter,5:58.0,Vince Carter,TOR,True,2-pointer,0,68-56,TOR,leads
366,366,366,200202040PHI,24.0,5.0,3rd quarter,5:41.0,Vince Carter,TOR,False,2-pointer,0,68-56,TOR,leads
367,367,367,200202040PHI,24.0,5.0,3rd quarter,4:41.0,Eric Montross,TOR,True,2-pointer,0,70-60,TOR,leads
368,368,368,200202040PHI,23.4,12.0,3rd quarter,4:07.0,Vince Carter,TOR,True,2-pointer,7,72-60,TOR,leads
369,369,369,200202040PHI,36.1,8.8,3rd quarter,3:22.0,Vince Carter,TOR,False,2-pointer,13,72-60,TOR,leads
370,370,370,200202040PHI,24.0,5.0,3rd quarter,3:07.0,Alvin Williams,TOR,True,2-pointer,0,74-60,TOR,leads
371,371,371,200202040PHI,41.8,25.0,3rd quarter,2:23.0,Dell Curry,TOR,True,3-pointer,27,78-64,TOR,leads
372,372,372,200202040PHI,10.8,6.5,3rd quarter,1:37.0,Keon Clark,TOR,True,2-pointer,13,80-66,TOR,leads
373,373,373,200202040PHI,35.5,3.5,3rd quarter,0:48.1,Keon Clark,TOR,True,2-pointer,12,84-69,TOR,leads
374,374,374,200202040PHI,42.4,24.0,4th quarter,10:36.0,Chris Childs,TOR,False,3-pointer,26,84-71,TOR,leads
375,375,375,200202040PHI,24.0,5.0,4th quarter,9:34.0,Chris Childs,TOR,True,2-pointer,0,86-75,TOR,leads
376,376,376,200202040PHI,38.8,28.2,4th quarter,5:50.0,Alvin Williams,TOR,False,3-pointer,28,89-82,TOR,leads
377,377,377,200202040PHI,26.2,20.0,4th quarter,5:27.0,Dell Curry,TOR,False,2-pointer,15,89-84,TOR,leads
378,378,378,200202040PHI,40.9,6.5,4th quarter,4:50.0,Antonio Davis,TOR,False,2-pointer,17,89-84,TOR,leads
379,379,379,200202040PHI,36.7,6.1,4th quarter,3:22.0,Antonio Davis,TOR,False,2-pointer,13,91-87,TOR,leads
380,380,380,200202040PHI,27.5,7.1,4th quarter,2:14.0,Vince Carter,TOR,False,2-pointer,4,92-89,TOR,leads
381,381,381,200202040PHI,4.3,25.0,4th quarter,2:09.0,Dell Curry,TOR,True,3-pointer,28,95-89,TOR,leads
382,382,382,200202040PHI,19.2,19.6,4th quarter,1:31.0,Chris Childs,TOR,True,2-pointer,15,97-91,TOR,leads
383,383,383,200202040PHI,24.7,18.1,4th quarter,0:54.9,Vince Carter,TOR,False,2-pointer,13,97-93,TOR,leads
384,384,384,200202040PHI,24.0,5.0,1st quarter,11:27.0,Eric Snow,PHI,True,2-pointer,0,2-3,TOR,trails
385,385,385,200202040PHI,6.6,3.9,1st quarter,10:54.0,Matt Harpring,PHI,True,2-pointer,17,4-3,TOR,leads
386,386,386,200202040PHI,37.4,11.3,1st quarter,10:17.0,Matt Harpring,PHI,False,2-pointer,15,4-6,TOR,trails
387,387,387,200202040PHI,24.0,5.0,1st quarter,10:14.0,Dikembe Mutombo,PHI,True,2-pointer,0,6-6,TOR,tied
388,388,388,200202040PHI,24.0,5.0,1st quarter,9:44.0,Allen Iverson,PHI,True,2-pointer,0,8-9,TOR,trails
389,389,389,200202040PHI,17.1,14.7,1st quarter,9:09.0,Dikembe Mutombo,PHI,False,2-pointer,12,8-9,TOR,trails
390,390,390,200202040PHI,18.6,14.1,1st quarter,8:47.0,Dikembe Mutombo,PHI,True,2-pointer,11,10-9,TOR,leads
391,391,391,200202040PHI,11.4,18.5,1st quarter,8:10.0,Allen Iverson,PHI,False,2-pointer,18,10-9,TOR,leads
392,392,392,200202040PHI,24.0,5.0,1st quarter,7:52.0,Allen Iverson,PHI,True,2-pointer,0,12-9,TOR,leads
393,393,393,200202040PHI,24.0,5.0,1st quarter,7:27.0,Allen Iverson,PHI,False,2-pointer,0,12-9,TOR,leads
394,394,394,200202040PHI,40.9,6.5,1st quarter,6:53.0,Matt Harpring,PHI,True,2-pointer,17,14-11,TOR,leads
395,395,395,200202040PHI,40.9,8.8,1st quarter,6:14.0,Derrick Coleman,PHI,True,2-pointer,17,16-11,TOR,leads
396,396,396,200202040PHI,0.7,6.1,1st quarter,5:29.0,Allen Iverson,PHI,True,3-pointer,23,19-13,TOR,leads
397,397,397,200202040PHI,15.6,10.3,1st quarter,4:55.0,Allen Iverson,PHI,True,2-pointer,10,21-15,TOR,leads
398,398,398,200202040PHI,24.0,5.0,1st quarter,3:51.0,Derrick Coleman,PHI,False,2-pointer,0,21-19,TOR,leads
399,399,399,200202040PHI,24.0,5.0,1st quarter,3:49.0,Dikembe Mutombo,PHI,True,2-pointer,0,23-19,TOR,leads
400,400,400,200202040PHI,23.4,9.9,1st quarter,3:04.0,Dikembe Mutombo,PHI,True,2-pointer,5,25-21,TOR,leads
401,401,401,200202040PHI,24.0,5.0,1st quarter,2:41.0,Dikembe Mutombo,PHI,True,2-pointer,0,27-26,TOR,leads
402,402,402,200202040PHI,8.0,14.1,1st quarter,2:00.0,Allen Iverson,PHI,True,2-pointer,18,29-28,TOR,leads
403,403,403,200202040PHI,33.4,5.0,1st quarter,1:20.0,Derrick Coleman,PHI,False,2-pointer,9,29-28,TOR,leads
404,404,404,200202040PHI,38.2,2.9,1st quarter,0:57.4,Matt Harpring,PHI,True,2-pointer,14,31-31,TOR,tied
405,405,405,200202040PHI,20.7,15.4,1st quarter,0:26.9,Allen Iverson,PHI,False,2-pointer,11,31-33,TOR,trails
406,406,406,200202040PHI,34.0,4.6,2nd quarter,11:06.0,Corie Blount,PHI,True,2-pointer,10,35-35,TOR,tied
407,407,407,200202040PHI,36.7,19.1,2nd quarter,10:37.0,Allen Iverson,PHI,False,2-pointer,19,35-37,TOR,trails
408,408,408,200202040PHI,24.0,5.0,2nd quarter,10:10.0,Allen Iverson,PHI,False,2-pointer,0,35-37,TOR,trails
409,409,409,200202040PHI,16.3,15.8,2nd quarter,8:58.0,Speedy Claxton,PHI,False,2-pointer,13,35-39,TOR,trails
410,410,410,200202040PHI,34.6,2.5,2nd quarter,8:24.0,Corie Blount,PHI,True,2-pointer,11,37-39,TOR,trails
411,411,411,200202040PHI,24.0,5.0,2nd quarter,7:48.0,Speedy Claxton,PHI,True,2-pointer,0,39-39,TOR,tied
412,412,412,200202040PHI,24.0,5.0,2nd quarter,6:51.0,Allen Iverson,PHI,True,2-pointer,0,41-39,TOR,leads
413,413,413,200202040PHI,9.3,5.0,2nd quarter,6:12.0,Allen Iverson,PHI,True,2-pointer,15,43-41,TOR,leads
414,414,414,200202040PHI,28.1,5.0,2nd quarter,5:42.0,Speedy Claxton,PHI,False,2-pointer,4,43-43,TOR,tied
415,415,415,200202040PHI,24.0,5.0,2nd quarter,5:37.0,Allen Iverson,PHI,False,2-pointer,0,43-43,TOR,tied
416,416,416,200202040PHI,24.0,5.0,2nd quarter,5:23.0,Allen Iverson,PHI,True,2-pointer,0,45-43,TOR,leads
417,417,417,200202040PHI,24.0,5.0,2nd quarter,5:00.0,Speedy Claxton,PHI,False,2-pointer,0,45-43,TOR,leads
418,418,418,200202040PHI,24.1,15.4,2nd quarter,4:48.0,Dikembe Mutombo,PHI,False,2-pointer,10,45-43,TOR,leads
419,419,419,200202040PHI,40.3,5.0,2nd quarter,4:03.0,Derrick McKey,PHI,False,2-pointer,16,45-43,TOR,leads
420,420,420,200202040PHI,15.6,6.1,2nd quarter,3:36.0,Dikembe Mutombo,PHI,True,2-pointer,8,47-45,TOR,leads
421,421,421,200202040PHI,26.8,17.5,2nd quarter,3:04.0,Allen Iverson,PHI,False,2-pointer,13,47-45,TOR,leads
422,422,422,200202040PHI,15.0,19.6,2nd quarter,0:03.1,Allen Iverson,PHI,False,2-pointer,17,48-52,TOR,trails
423,423,423,200202040PHI,12.1,6.5,3rd quarter,11:19.0,Derrick Coleman,PHI,True,2-pointer,12,50-54,TOR,trails
424,424,424,200202040PHI,3.6,22.3,3rd quarter,10:56.0,Allen Iverson,PHI,False,3-pointer,27,50-54,TOR,trails
425,425,425,200202040PHI,10.8,6.5,3rd quarter,10:35.0,Matt Harpring,PHI,False,2-pointer,13,50-54,TOR,trails
426,426,426,200202040PHI,7.2,10.9,3rd quarter,9:57.0,Allen Iverson,PHI,False,2-pointer,18,50-56,TOR,trails
427,427,427,200202040PHI,22.2,20.0,3rd quarter,9:29.0,Allen Iverson,PHI,False,2-pointer,15,50-59,TOR,trails
428,428,428,200202040PHI,24.0,5.0,3rd quarter,9:06.0,Matt Harpring,PHI,True,2-pointer,0,52-59,TOR,trails
429,429,429,200202040PHI,9.9,7.6,3rd quarter,8:03.0,Matt Harpring,PHI,False,2-pointer,14,54-61,TOR,trails
430,430,430,200202040PHI,24.0,5.0,3rd quarter,7:22.0,Matt Harpring,PHI,False,2-pointer,0,54-61,TOR,trails
431,431,431,200202040PHI,12.9,30.9,3rd quarter,6:07.0,Allen Iverson,PHI,False,3-pointer,28,56-66,TOR,trails
432,432,432,200202040PHI,24.0,5.0,3rd quarter,6:01.0,Derrick Coleman,PHI,False,2-pointer,0,56-66,TOR,trails
433,433,433,200202040PHI,33.4,15.4,3rd quarter,5:33.0,Allen Iverson,PHI,True,2-pointer,14,58-68,TOR,trails
434,434,434,200202040PHI,24.0,5.0,3rd quarter,4:59.0,Derrick Coleman,PHI,True,2-pointer,0,60-68,TOR,trails
435,435,435,200202040PHI,15.0,13.0,3rd quarter,4:22.0,Eric Snow,PHI,False,2-pointer,12,60-70,TOR,trails
436,436,436,200202040PHI,13.5,7.1,3rd quarter,4:19.0,Derrick Coleman,PHI,False,2-pointer,11,60-70,TOR,trails
437,437,437,200202040PHI,12.9,12.0,3rd quarter,3:38.0,Eric Snow,PHI,False,2-pointer,13,60-72,TOR,trails
438,438,438,200202040PHI,24.0,5.0,3rd quarter,3:12.0,Allen Iverson,PHI,False,2-pointer,0,60-72,TOR,trails
439,439,439,200202040PHI,23.4,15.4,3rd quarter,2:49.0,Eric Snow,PHI,True,2-pointer,10,62-75,TOR,trails
440,440,440,200202040PHI,42.4,5.4,3rd quarter,1:59.0,Speedy Claxton,PHI,True,2-pointer,18,66-78,TOR,trails
441,441,441,200202040PHI,13.5,6.1,3rd quarter,1:21.0,Allen Iverson,PHI,True,2-pointer,11,68-80,TOR,trails
442,442,442,200202040PHI,9.9,7.6,3rd quarter,0:36.2,Allen Iverson,PHI,False,2-pointer,14,69-84,TOR,trails
443,443,443,200202040PHI,24.0,5.0,3rd quarter,0:34.0,Derrick Coleman,PHI,True,2-pointer,0,71-84,TOR,trails
444,444,444,200202040PHI,7.2,25.5,3rd quarter,0:04.8,Allen Iverson,PHI,False,3-pointer,27,71-84,TOR,trails
445,445,445,200202040PHI,24.0,5.0,3rd quarter,0:02.5,Derrick Coleman,PHI,False,2-pointer,0,71-84,TOR,trails
446,446,446,200202040PHI,6.6,4.6,4th quarter,11:30.0,Speedy Claxton,PHI,False,2-pointer,17,71-84,TOR,trails
447,447,447,200202040PHI,24.0,5.0,4th quarter,11:07.0,Corie Blount,PHI,False,2-pointer,0,71-84,TOR,trails
448,448,448,200202040PHI,24.0,5.0,4th quarter,8:04.0,Allen Iverson,PHI,True,2-pointer,0,78-87,TOR,trails
449,449,449,200202040PHI,9.9,15.4,4th quarter,7:13.0,Speedy Claxton,PHI,False,2-pointer,18,80-87,TOR,trails
450,450,450,200202040PHI,41.8,8.8,4th quarter,6:24.0,Allen Iverson,PHI,False,2-pointer,18,80-89,TOR,trails
451,451,451,200202040PHI,20.7,6.5,4th quarter,6:16.0,Matt Harpring,PHI,False,2-pointer,4,80-89,TOR,trails
452,452,452,200202040PHI,24.0,5.0,4th quarter,6:13.0,Derrick Coleman,PHI,True,2-pointer,0,82-89,TOR,trails
453,453,453,200202040PHI,42.4,7.1,4th quarter,5:11.0,Derrick Coleman,PHI,False,2-pointer,19,84-89,TOR,trails
454,454,454,200202040PHI,24.0,5.0,4th quarter,4:42.0,Derrick Coleman,PHI,True,2-pointer,0,86-89,TOR,trails
455,455,455,200202040PHI,5.7,28.2,4th quarter,2:31.0,Eric Snow,PHI,False,3-pointer,30,89-92,TOR,trails
456,456,456,200202040PHI,8.0,4.6,4th quarter,1:50.0,Speedy Claxton,PHI,True,2-pointer,16,91-95,TOR,trails
457,457,457,200202040PHI,42.4,23.4,4th quarter,1:23.0,Speedy Claxton,PHI,False,3-pointer,26,91-97,TOR,trails
458,458,458,200202040PHI,36.1,27.8,4th quarter,0:46.3,Derrick Coleman,PHI,False,3-pointer,26,93-97,TOR,trails
459,459,459,200202040PHI,38.2,30.5,4th quarter,0:13.5,Derrick Coleman,PHI,False,3-pointer,29,93-97,TOR,trails
460,460,460,200202040SAS,36.1,17.5,1st quarter,10:33.0,Wally Szczerbiak,MIN,False,2-pointer,17,0-4,SAS,trails
461,461,461,200202040SAS,11.6,10.3,1st quarter,10:06.0,Joe Smith,MIN,True,2-pointer,13,2-4,SAS,trails
462,462,462,200202040SAS,36.1,15.8,1st quarter,9:35.0,Terrell Brandon,MIN,False,2-pointer,16,2-6,SAS,trails
463,463,463,200202040SAS,23.9,5.4,1st quarter,9:18.0,Terrell Brandon,MIN,True,2-pointer,0,4-6,SAS,trails
464,464,464,200202040SAS,25.8,8.0,1st quarter,8:56.0,Rasho Nesterović,MIN,True,2-pointer,4,6-8,SAS,trails
465,465,465,200202040SAS,36.1,5.4,1st quarter,8:18.0,Kevin Garnett,MIN,True,2-pointer,12,8-8,SAS,tied
466,466,466,200202040SAS,24.3,5.9,1st quarter,7:11.0,Joe Smith,MIN,False,2-pointer,1,8-8,SAS,tied
467,467,467,200202040SAS,17.3,20.2,1st quarter,6:46.0,Joe Smith,MIN,True,2-pointer,17,10-10,SAS,tied
468,468,468,200202040SAS,23.9,6.5,1st quarter,6:18.0,Wally Szczerbiak,MIN,True,2-pointer,2,12-12,SAS,tied
469,469,469,200202040SAS,23.0,8.0,1st quarter,5:36.0,Rasho Nesterović,MIN,True,2-pointer,3,14-12,SAS,leads
470,470,470,200202040SAS,39.7,15.1,1st quarter,5:04.0,Wally Szczerbiak,MIN,False,2-pointer,19,14-12,SAS,leads
471,471,471,200202040SAS,23.9,8.0,1st quarter,4:32.0,Kevin Garnett,MIN,False,2-pointer,3,14-14,SAS,tied
472,472,472,200202040SAS,38.8,14.7,1st quarter,4:07.0,Rasho Nesterović,MIN,False,2-pointer,18,14-15,SAS,trails
473,473,473,200202040SAS,17.3,10.7,1st quarter,3:26.0,Wally Szczerbiak,MIN,False,2-pointer,9,14-18,SAS,trails
474,474,474,200202040SAS,38.2,17.9,1st quarter,2:57.0,Kevin Garnett,MIN,False,2-pointer,19,14-18,SAS,trails
475,475,475,200202040SAS,23.9,5.9,1st quarter,2:53.0,Wally Szczerbiak,MIN,True,2-pointer,1,16-18,SAS,trails
476,476,476,200202040SAS,40.9,12.0,1st quarter,2:19.0,Anthony Peeler,MIN,False,2-pointer,18,16-18,SAS,trails
477,477,477,200202040SAS,22.4,6.5,1st quarter,2:16.0,Wally Szczerbiak,MIN,False,2-pointer,2,16-18,SAS,trails
478,478,478,200202040SAS,13.7,5.9,1st quarter,1:45.0,Kevin Garnett,MIN,False,2-pointer,10,16-20,SAS,trails
479,479,479,200202040SAS,26.4,5.0,1st quarter,1:02.0,Gary Trent,MIN,False,2-pointer,2,16-20,SAS,trails
480,480,480,200202040SAS,36.1,6.9,1st quarter,0:15.6,Wally Szczerbiak,MIN,False,2-pointer,12,18-24,SAS,trails
481,481,481,200202040SAS,24.3,5.9,1st quarter,0:00.0,Felipe López,MIN,False,2-pointer,1,18-27,SAS,trails
482,482,482,200202040SAS,18.8,19.8,2nd quarter,11:48.0,Kevin Garnett,MIN,False,2-pointer,16,18-27,SAS,trails
483,483,483,200202040SAS,40.3,10.7,2nd quarter,11:38.0,Chauncey Billups,MIN,False,2-pointer,17,18-27,SAS,trails
484,484,484,200202040SAS,25.1,6.9,2nd quarter,10:57.0,Rasho Nesterović,MIN,True,2-pointer,2,20-29,SAS,trails
485,485,485,200202040SAS,40.3,18.5,2nd quarter,10:22.0,Chauncey Billups,MIN,False,2-pointer,21,20-32,SAS,trails
486,486,486,200202040SAS,7.2,5.9,2nd quarter,9:57.0,Wally Szczerbiak,MIN,False,2-pointer,17,20-33,SAS,trails
487,487,487,200202040SAS,32.5,24.6,2nd quarter,9:49.0,Anthony Peeler,MIN,False,2-pointer,21,20-33,SAS,trails
488,488,488,200202040SAS,35.3,22.9,2nd quarter,8:47.0,Anthony Peeler,MIN,False,2-pointer,21,20-37,SAS,trails
489,489,489,200202040SAS,18.2,6.5,2nd quarter,8:05.0,Rasho Nesterović,MIN,False,2-pointer,6,20-39,SAS,trails
490,490,490,200202040SAS,31.7,22.3,2nd quarter,6:42.0,Sam Mitchell,MIN,False,2-pointer,19,20-42,SAS,trails
491,491,491,200202040SAS,37.4,12.0,2nd quarter,6:12.0,Kevin Garnett,MIN,False,2-pointer,15,20-42,SAS,trails
492,492,492,200202040SAS,27.9,6.5,2nd quarter,6:07.0,Felipe López,MIN,False,2-pointer,4,20-42,SAS,trails
493,493,493,200202040SAS,23.9,5.0,2nd quarter,5:41.0,Terrell Brandon,MIN,True,2-pointer,0,22-42,SAS,trails
494,494,494,200202040SAS,18.2,8.6,2nd quarter,5:14.0,Felipe López,MIN,False,2-pointer,7,22-44,SAS,trails
495,495,495,200202040SAS,29.6,5.9,2nd quarter,4:22.0,Wally Szczerbiak,MIN,False,2-pointer,6,23-46,SAS,trails
496,496,496,200202040SAS,13.7,22.3,2nd quarter,3:44.0,Kevin Garnett,MIN,True,2-pointer,20,25-48,SAS,trails
497,497,497,200202040SAS,13.7,9.7,2nd quarter,3:05.0,Kevin Garnett,MIN,True,2-pointer,11,27-50,SAS,trails
498,498,498,200202040SAS,29.6,16.4,2nd quarter,2:35.0,Gary Trent,MIN,False,2-pointer,13,27-50,SAS,trails
499,499,499,200202040SAS,25.8,5.9,2nd quarter,2:02.0,Kevin Garnett,MIN,True,2-pointer,2,29-50,SAS,trails
500,500,500,200202040SAS,25.1,5.9,2nd quarter,1:08.0,Wally Szczerbiak,MIN,False,2-pointer,1,29-52,SAS,trails
501,501,501,200202040SAS,24.3,18.5,2nd quarter,0:00.3,Felipe López,MIN,False,2-pointer,14,29-56,SAS,trails
502,502,502,200202040SAS,23.9,5.4,2nd quarter,0:00.0,Wally Szczerbiak,MIN,False,2-pointer,0,29-56,SAS,trails
503,503,503,200202040SAS,30.2,10.7,3rd quarter,11:16.0,Rasho Nesterović,MIN,False,2-pointer,8,29-58,SAS,trails
504,504,504,200202040SAS,35.3,17.5,3rd quarter,11:03.0,Joe Smith,MIN,True,2-pointer,17,31-58,SAS,trails
505,505,505,200202040SAS,35.3,12.0,3rd quarter,10:29.0,Joe Smith,MIN,True,2-pointer,13,33-60,SAS,trails
506,506,506,200202040SAS,12.3,6.9,3rd quarter,9:54.0,Chauncey Billups,MIN,False,2-pointer,12,33-60,SAS,trails
507,507,507,200202040SAS,36.7,17.9,3rd quarter,9:10.0,Anthony Peeler,MIN,True,2-pointer,18,37-61,SAS,trails
508,508,508,200202040SAS,43.3,19.8,3rd quarter,8:47.0,Chauncey Billups,MIN,True,3-pointer,24,40-61,SAS,trails
509,509,509,200202040SAS,23.9,5.9,3rd quarter,8:14.0,Wally Szczerbiak,MIN,False,2-pointer,1,40-61,SAS,trails
510,510,510,200202040SAS,8.7,6.5,3rd quarter,7:52.0,Rasho Nesterović,MIN,False,2-pointer,15,40-63,SAS,trails
511,511,511,200202040SAS,30.2,28.4,3rd quarter,7:03.0,Chauncey Billups,MIN,False,3-pointer,24,42-63,SAS,trails
512,512,512,200202040SAS,25.1,12.6,3rd quarter,6:58.0,Anthony Peeler,MIN,False,2-pointer,8,42-63,SAS,trails
513,513,513,200202040SAS,0.7,10.7,3rd quarter,6:39.0,Anthony Peeler,MIN,True,3-pointer,24,45-63,SAS,trails
514,514,514,200202040SAS,15.2,27.4,3rd quarter,5:51.0,Anthony Peeler,MIN,False,3-pointer,24,45-63,SAS,trails
515,515,515,200202040SAS,23.0,6.5,3rd quarter,5:27.0,Wally Szczerbiak,MIN,False,2-pointer,2,45-65,SAS,trails
516,516,516,200202040SAS,8.7,6.9,3rd quarter,4:50.0,Wally Szczerbiak,MIN,False,2-pointer,15,45-67,SAS,trails
517,517,517,200202040SAS,12.3,6.9,3rd quarter,4:26.0,Gary Trent,MIN,False,2-pointer,12,45-67,SAS,trails
518,518,518,200202040SAS,35.3,15.1,3rd quarter,3:59.0,Loren Woods,MIN,False,2-pointer,15,45-68,SAS,trails
519,519,519,200202040SAS,5.7,3.7,3rd quarter,3:31.0,Anthony Peeler,MIN,False,2-pointer,18,45-68,SAS,trails
520,520,520,200202040SAS,20.9,5.0,3rd quarter,3:28.0,Loren Woods,MIN,False,2-pointer,3,45-68,SAS,trails
521,521,521,200202040SAS,25.1,5.4,3rd quarter,2:59.0,Gary Trent,MIN,True,2-pointer,1,47-68,SAS,trails
522,522,522,200202040SAS,23.9,10.3,3rd quarter,2:24.0,Gary Trent,MIN,True,2-pointer,5,49-71,SAS,trails
523,523,523,200202040SAS,25.8,10.3,3rd quarter,1:56.0,Gary Trent,MIN,True,2-pointer,6,51-73,SAS,trails
524,524,524,200202040SAS,13.7,12.6,3rd quarter,1:18.0,Anthony Peeler,MIN,False,2-pointer,13,51-75,SAS,trails
525,525,525,200202040SAS,24.3,5.4,3rd quarter,0:49.2,Gary Trent,MIN,True,2-pointer,1,53-77,SAS,trails
526,526,526,200202040SAS,23.9,5.4,3rd quarter,0:00.2,Felipe López,MIN,True,2-pointer,0,57-77,SAS,trails
527,527,527,200202040SAS,16.7,15.8,4th quarter,11:01.0,Sam Mitchell,MIN,True,2-pointer,13,62-80,SAS,trails
528,528,528,200202040SAS,23.0,5.9,4th quarter,10:29.0,Felipe López,MIN,False,2-pointer,1,62-80,SAS,trails
529,529,529,200202040SAS,22.4,5.4,4th quarter,10:27.0,Rasho Nesterović,MIN,False,2-pointer,2,62-80,SAS,trails
530,530,530,200202040SAS,23.9,10.7,4th quarter,9:48.0,Gary Trent,MIN,True,2-pointer,6,64-83,SAS,trails
531,531,531,200202040SAS,30.2,5.4,4th quarter,8:37.0,Gary Trent,MIN,True,2-pointer,6,66-87,SAS,trails
532,532,532,200202040SAS,8.7,24.6,4th quarter,7:28.0,Chauncey Billups,MIN,True,3-pointer,25,69-91,SAS,trails
533,533,533,200202040SAS,40.9,24.0,4th quarter,7:10.0,Chauncey Billups,MIN,False,3-pointer,25,69-92,SAS,trails
534,534,534,200202040SAS,42.4,5.9,4th quarter,6:49.0,Sam Mitchell,MIN,False,2-pointer,18,69-92,SAS,trails
535,535,535,200202040SAS,18.8,10.3,4th quarter,6:24.0,Gary Trent,MIN,False,2-pointer,7,69-94,SAS,trails
536,536,536,200202040SAS,23.0,5.4,4th quarter,5:27.0,Wally Szczerbiak,MIN,True,2-pointer,1,71-98,SAS,trails
537,537,537,200202040SAS,25.1,6.5,4th quarter,4:54.0,Wally Szczerbiak,MIN,True,2-pointer,2,73-101,SAS,trails
538,538,538,200202040SAS,23.0,5.4,4th quarter,4:15.0,Chauncey Billups,MIN,True,2-pointer,1,75-101,SAS,trails
539,539,539,200202040SAS,46.8,3.3,4th quarter,3:50.0,Anthony Peeler,MIN,False,3-pointer,23,75-101,SAS,trails
540,540,540,200202040SAS,39.7,15.8,4th quarter,2:55.0,Felipe López,MIN,True,2-pointer,19,77-103,SAS,trails
541,541,541,200202040SAS,23.9,5.9,4th quarter,2:32.0,Felipe López,MIN,False,2-pointer,1,77-103,SAS,trails
542,542,542,200202040SAS,25.1,6.5,4th quarter,2:29.0,Felipe López,MIN,False,2-pointer,2,77-103,SAS,trails
543,543,543,200202040SAS,46.8,5.9,4th quarter,2:01.0,Felipe López,MIN,False,3-pointer,23,77-104,SAS,trails
544,544,544,200202040SAS,23.9,5.9,4th quarter,1:06.0,Gary Trent,MIN,True,2-pointer,1,81-109,SAS,trails
545,545,545,200202040SAS,24.3,5.4,4th quarter,0:43.6,Felipe López,MIN,True,2-pointer,1,83-109,SAS,trails
546,546,546,200202040SAS,36.1,14.7,1st quarter,11:40.0,Tony Parker,SAS,False,2-pointer,16,0-0,SAS,tied
547,547,547,200202040SAS,10.8,18.5,1st quarter,11:27.0,Tim Duncan,SAS,False,2-pointer,19,0-0,SAS,tied
548,548,548,200202040SAS,36.1,22.3,1st quarter,11:08.0,Steve Smith,SAS,True,2-pointer,21,2-0,SAS,leads
549,549,549,200202040SAS,22.4,6.5,1st quarter,10:49.0,Tony Parker,SAS,True,2-pointer,2,4-0,SAS,leads
550,550,550,200202040SAS,25.1,5.4,1st quarter,9:55.0,David Robinson,SAS,True,2-pointer,1,6-2,SAS,leads
551,551,551,200202040SAS,27.9,15.8,1st quarter,9:06.0,Charles Smith,SAS,True,2-pointer,11,8-4,SAS,leads
552,552,552,200202040SAS,11.6,10.3,1st quarter,8:37.0,Steve Smith,SAS,False,2-pointer,13,8-6,SAS,leads
553,553,553,200202040SAS,27.9,20.2,1st quarter,7:46.0,Charles Smith,SAS,False,2-pointer,16,8-8,SAS,tied
554,554,554,200202040SAS,23.9,10.7,1st quarter,7:31.0,Tony Parker,SAS,False,2-pointer,6,8-8,SAS,tied
555,555,555,200202040SAS,23.0,6.5,1st quarter,7:05.0,David Robinson,SAS,True,2-pointer,2,10-8,SAS,leads
556,556,556,200202040SAS,23.9,9.7,1st quarter,6:31.0,Charles Smith,SAS,True,2-pointer,5,12-10,SAS,leads
557,557,557,200202040SAS,10.2,25.7,1st quarter,5:18.0,Charles Smith,SAS,False,3-pointer,25,12-14,SAS,trails
558,558,558,200202040SAS,27.2,19.8,1st quarter,4:50.0,David Robinson,SAS,True,2-pointer,15,14-14,SAS,tied
559,559,559,200202040SAS,3.6,20.2,1st quarter,3:44.0,Tony Parker,SAS,True,3-pointer,25,18-14,SAS,leads
560,560,560,200202040SAS,23.0,8.0,1st quarter,3:10.0,David Robinson,SAS,False,2-pointer,3,18-14,SAS,leads
561,561,561,200202040SAS,22.4,9.7,1st quarter,2:36.0,Charles Smith,SAS,False,2-pointer,5,18-16,SAS,leads
562,562,562,200202040SAS,7.2,5.9,1st quarter,2:08.0,Tony Parker,SAS,True,2-pointer,17,20-16,SAS,leads
563,563,563,200202040SAS,23.9,22.9,1st quarter,1:22.0,Tony Parker,SAS,False,2-pointer,18,20-16,SAS,leads
564,564,564,200202040SAS,25.1,5.4,1st quarter,0:54.4,Malik Rose,SAS,True,2-pointer,1,22-16,SAS,leads
565,565,565,200202040SAS,23.9,5.9,1st quarter,0:32.4,Tim Duncan,SAS,True,2-pointer,1,24-18,SAS,leads
566,566,566,200202040SAS,24.0,5.0,1st quarter,0:04.5,Antonio Daniels,SAS,True,2-pointer,0,26-18,SAS,leads
567,567,567,200202040SAS,35.3,7.6,2nd quarter,11:25.0,Malik Rose,SAS,False,2-pointer,12,27-18,SAS,leads
568,568,568,200202040SAS,30.2,20.2,2nd quarter,11:11.0,Malik Rose,SAS,True,2-pointer,16,29-18,SAS,leads
569,569,569,200202040SAS,24.3,5.9,2nd quarter,9:44.0,Antonio Daniels,SAS,True,2-pointer,1,35-20,SAS,leads
570,570,570,200202040SAS,21.7,5.4,2nd quarter,9:07.0,Steve Smith,SAS,True,2-pointer,2,37-20,SAS,leads
571,571,571,200202040SAS,36.1,19.8,2nd quarter,8:26.0,Antonio Daniels,SAS,True,2-pointer,19,39-20,SAS,leads
572,572,572,200202040SAS,16.7,14.7,2nd quarter,7:37.0,David Robinson,SAS,False,2-pointer,12,39-20,SAS,leads
573,573,573,200202040SAS,33.1,5.9,2nd quarter,6:59.0,Tim Duncan,SAS,True,2-pointer,9,42-20,SAS,leads
574,574,574,200202040SAS,23.0,10.3,2nd quarter,5:49.0,Steve Smith,SAS,False,2-pointer,5,42-20,SAS,leads
575,575,575,200202040SAS,25.1,6.5,2nd quarter,5:25.0,Terry Porter,SAS,True,2-pointer,2,44-22,SAS,leads
576,576,576,200202040SAS,6.4,22.3,2nd quarter,4:55.0,Antonio Daniels,SAS,False,3-pointer,25,44-23,SAS,leads
577,577,577,200202040SAS,23.9,4.4,2nd quarter,4:39.0,Tim Duncan,SAS,True,2-pointer,1,46-23,SAS,leads
578,578,578,200202040SAS,32.5,10.3,2nd quarter,4:08.0,Tim Duncan,SAS,True,2-pointer,10,48-23,SAS,leads
579,579,579,200202040SAS,24.3,5.9,2nd quarter,3:24.0,Tim Duncan,SAS,True,2-pointer,1,50-25,SAS,leads
580,580,580,200202040SAS,23.0,6.9,2nd quarter,1:36.0,Tony Parker,SAS,True,2-pointer,2,52-29,SAS,leads
581,581,581,200202040SAS,36.1,17.9,2nd quarter,1:01.0,Antonio Daniels,SAS,False,2-pointer,18,52-29,SAS,leads
582,582,582,200202040SAS,13.1,19.8,2nd quarter,0:11.6,Tony Parker,SAS,True,2-pointer,18,56-29,SAS,leads
583,583,583,200202040SAS,10.8,5.0,3rd quarter,11:29.0,Tim Duncan,SAS,True,2-pointer,13,58-29,SAS,leads
584,584,584,200202040SAS,25.1,5.9,3rd quarter,10:48.0,Charles Smith,SAS,True,2-pointer,1,60-31,SAS,leads
585,585,585,200202040SAS,42.4,21.3,3rd quarter,10:12.0,Steve Smith,SAS,False,3-pointer,25,60-33,SAS,leads
586,586,586,200202040SAS,12.3,6.5,3rd quarter,8:54.0,Malik Rose,SAS,False,2-pointer,12,61-37,SAS,leads
587,587,587,200202040SAS,27.9,8.0,3rd quarter,8:21.0,David Robinson,SAS,False,2-pointer,5,61-40,SAS,leads
588,588,588,200202040SAS,15.8,19.8,3rd quarter,7:42.0,David Robinson,SAS,False,2-pointer,17,63-40,SAS,leads
589,589,589,200202040SAS,34.6,16.4,3rd quarter,7:11.0,Steve Smith,SAS,False,2-pointer,16,63-42,SAS,leads
590,590,590,200202040SAS,25.1,8.0,3rd quarter,6:46.0,David Robinson,SAS,False,2-pointer,3,63-42,SAS,leads
591,591,591,200202040SAS,24.0,5.0,3rd quarter,6:14.0,Tony Parker,SAS,False,2-pointer,0,63-45,SAS,leads
592,592,592,200202040SAS,25.8,5.4,3rd quarter,6:06.0,Charles Smith,SAS,False,2-pointer,2,63-45,SAS,leads
593,593,593,200202040SAS,21.7,5.9,3rd quarter,5:45.0,Charles Smith,SAS,False,2-pointer,2,63-45,SAS,leads
594,594,594,200202040SAS,24.0,5.0,3rd quarter,5:43.0,Malik Rose,SAS,False,2-pointer,0,63-45,SAS,leads
595,595,595,200202040SAS,24.3,5.4,3rd quarter,5:40.0,Charles Smith,SAS,False,2-pointer,1,63-45,SAS,leads
596,596,596,200202040SAS,24.3,5.9,3rd quarter,3:46.0,David Robinson,SAS,False,2-pointer,1,68-45,SAS,leads
597,597,597,200202040SAS,10.8,6.5,3rd quarter,3:07.0,Malik Rose,SAS,False,2-pointer,13,68-45,SAS,leads
598,598,598,200202040SAS,0.0,10.3,3rd quarter,2:40.0,Charles Smith,SAS,True,3-pointer,25,71-47,SAS,leads
599,599,599,200202040SAS,36.1,13.0,3rd quarter,1:30.0,Malik Rose,SAS,True,2-pointer,15,75-51,SAS,leads
600,600,600,200202040SAS,23.0,5.9,3rd quarter,0:58.4,Antonio Daniels,SAS,False,2-pointer,1,75-51,SAS,leads
601,601,601,200202040SAS,23.9,6.5,3rd quarter,0:58.4,Charles Smith,SAS,True,2-pointer,2,77-51,SAS,leads
602,602,602,200202040SAS,44.5,17.9,3rd quarter,0:26.7,Charles Smith,SAS,False,3-pointer,24,77-53,SAS,leads
603,603,603,200202040SAS,29.6,16.4,3rd quarter,0:05.6,Cherokee Parks,SAS,False,2-pointer,13,77-55,SAS,leads
604,604,604,200202040SAS,24.3,6.5,4th quarter,11:46.0,Charles Smith,SAS,False,2-pointer,2,77-58,SAS,leads
605,605,605,200202040SAS,46.8,5.0,4th quarter,11:23.0,Terry Porter,SAS,True,3-pointer,23,80-60,SAS,leads
606,606,606,200202040SAS,35.3,26.9,4th quarter,10:11.0,Terry Porter,SAS,True,3-pointer,25,83-62,SAS,leads
607,607,607,200202040SAS,13.1,8.0,4th quarter,9:28.0,David Robinson,SAS,True,2-pointer,11,85-64,SAS,leads
608,608,608,200202040SAS,24.3,5.9,4th quarter,9:11.0,Antonio Daniels,SAS,True,2-pointer,1,87-64,SAS,leads
609,609,609,200202040SAS,23.0,6.5,4th quarter,8:16.0,David Robinson,SAS,True,2-pointer,2,89-66,SAS,leads
610,610,610,200202040SAS,27.2,9.7,4th quarter,7:49.0,Antonio Daniels,SAS,True,2-pointer,6,91-66,SAS,leads
611,611,611,200202040SAS,23.0,5.4,4th quarter,6:18.0,Stephen Jackson,SAS,True,2-pointer,1,96-69,SAS,leads
612,612,612,200202040SAS,24.3,5.9,4th quarter,5:53.0,Stephen Jackson,SAS,False,2-pointer,1,96-69,SAS,leads
613,613,613,200202040SAS,40.9,18.5,4th quarter,5:50.0,Antonio Daniels,SAS,True,2-pointer,22,98-69,SAS,leads
614,614,614,200202040SAS,11.6,26.9,4th quarter,5:06.0,Stephen Jackson,SAS,True,3-pointer,25,101-71,SAS,leads
615,615,615,200202040SAS,26.4,7.6,4th quarter,4:39.0,Amal McCaskill,SAS,False,2-pointer,4,101-73,SAS,leads
616,616,616,200202040SAS,20.9,8.0,4th quarter,4:21.0,Cherokee Parks,SAS,False,2-pointer,4,101-73,SAS,leads
617,617,617,200202040SAS,36.1,8.6,4th quarter,3:58.0,Amal McCaskill,SAS,False,2-pointer,13,101-75,SAS,leads
618,618,618,200202040SAS,13.1,4.4,4th quarter,3:34.0,Stephen Jackson,SAS,False,2-pointer,11,101-75,SAS,leads
619,619,619,200202040SAS,24.3,5.4,4th quarter,3:30.0,Amal McCaskill,SAS,False,2-pointer,1,101-75,SAS,leads
620,620,620,200202040SAS,40.9,10.3,4th quarter,3:14.0,Cherokee Parks,SAS,True,2-pointer,18,103-75,SAS,leads
621,621,621,200202040SAS,17.3,8.0,4th quarter,2:39.0,Amal McCaskill,SAS,False,2-pointer,7,103-77,SAS,leads
622,622,622,200202040SAS,22.4,5.9,4th quarter,1:37.0,Amal McCaskill,SAS,True,2-pointer,2,106-79,SAS,leads
623,623,623,200202040SAS,27.9,5.4,4th quarter,1:16.0,Amal McCaskill,SAS,True,2-pointer,4,108-79,SAS,leads
624,624,624,200202040SAS,38.2,9.7,4th quarter,0:52.9,Cherokee Parks,SAS,False,2-pointer,15,109-81,SAS,leads
625,625,625,200202040SAS,24.3,5.9,4th quarter,0:21.2,Cherokee Parks,SAS,True,2-pointer,1,112-83,SAS,leads
