,Unnamed: 0.1,Unnamed: 0,match_id,shotX,shotY,quarter,time_remaining,player,team,made,shot_type,distance,score,opp,status
0,0,0,200211180ATL,24.0,5.0,1st quarter,11:37.0,Morris Peterson,TOR,True,2-pointer,0,2-0,'TOR',leads
1,1,1,200211180ATL,24.0,5.0,1st quarter,10:55.0,Antonio Davis,TOR,False,2-pointer,0,2-2,'TOR',tied
2,2,2,200211180ATL,24.0,5.0,1st quarter,10:52.0,Jerome Williams,TOR,True,2-pointer,0,4-2,'TOR',leads
3,3,3,200211180ATL,44.5,8.1,1st quarter,10:34.0,Morris Peterson,TOR,False,2-pointer,21,4-2,'TOR',leads
4,4,4,200211180ATL,24.0,5.0,1st quarter,9:38.0,Jelani McCoy,TOR,False,2-pointer,0,6-6,'TOR',tied
5,5,5,200211180ATL,24.0,5.0,1st quarter,9:37.0,Jerome Williams,TOR,True,2-pointer,0,8-6,'TOR',leads
6,6,6,200211180ATL,32.0,24.7,1st quarter,9:17.0,Alvin Williams,TOR,True,2-pointer,21,10-6,'TOR',leads
7,7,7,200211180ATL,19.4,24.4,1st quarter,7:58.0,Alvin Williams,TOR,True,2-pointer,20,12-10,'TOR',leads
8,8,8,200211180ATL,37.6,4.4,1st quarter,6:33.0,Antonio Davis,TOR,False,2-pointer,14,13-14,'TOR',trails
9,9,9,200211180ATL,33.0,17.5,1st quarter,6:01.0,Jerome Williams,TOR,False,2-pointer,15,13-17,'TOR',trails
10,10,10,200211180ATL,2.6,20.3,1st quarter,5:13.0,Alvin Williams,TOR,False,3-pointer,26,13-19,'TOR',trails
11,11,11,200211180ATL,19.9,12.9,1st quarter,4:29.0,Morris Peterson,TOR,False,2-pointer,9,13-19,'TOR',trails
12,12,12,200211180ATL,3.0,18.8,1st quarter,4:25.0,Morris Peterson,TOR,True,3-pointer,25,16-19,'TOR',trails
13,13,13,200211180ATL,44.0,5.0,1st quarter,3:55.0,Greg Foster,TOR,True,2-pointer,20,18-19,'TOR',trails
14,14,14,200211180ATL,36.0,5.5,1st quarter,2:49.0,Greg Foster,TOR,True,2-pointer,12,20-21,'TOR',trails
15,15,15,200211180ATL,41.9,5.0,1st quarter,2:27.0,Greg Foster,TOR,False,2-pointer,18,20-21,'TOR',trails
16,16,16,200211180ATL,39.8,8.1,1st quarter,1:04.0,Morris Peterson,TOR,False,2-pointer,16,22-25,'TOR',trails
17,17,17,200211180ATL,41.1,7.0,1st quarter,0:40.5,Voshon Lenard,TOR,False,2-pointer,17,22-27,'TOR',trails
18,18,18,200211180ATL,17.8,8.8,2nd quarter,11:42.0,Greg Foster,TOR,True,2-pointer,7,24-33,'TOR',trails
19,19,19,200211180ATL,40.9,7.2,2nd quarter,11:21.0,Alvin Williams,TOR,True,2-pointer,17,26-33,'TOR',trails
20,20,20,200211180ATL,3.6,4.7,2nd quarter,10:52.0,Morris Peterson,TOR,True,2-pointer,20,28-33,'TOR',trails
21,21,21,200211180ATL,24.0,5.0,2nd quarter,6:47.0,Michael Bradley,TOR,False,2-pointer,0,31-46,'TOR',trails
22,22,22,200211180ATL,11.5,6.7,2nd quarter,6:00.0,Antonio Davis,TOR,True,2-pointer,13,33-48,'TOR',trails
23,23,23,200211180ATL,43.4,7.2,2nd quarter,4:58.0,Morris Peterson,TOR,False,2-pointer,20,33-50,'TOR',trails
24,24,24,200211180ATL,39.1,7.5,2nd quarter,4:23.0,Voshon Lenard,TOR,False,2-pointer,15,33-50,'TOR',trails
25,25,25,200211180ATL,24.0,5.0,2nd quarter,3:25.0,Alvin Williams,TOR,False,2-pointer,0,33-55,'TOR',trails
26,26,26,200211180ATL,3.5,5.0,2nd quarter,2:20.0,Voshon Lenard,TOR,True,2-pointer,21,35-60,'TOR',trails
27,27,27,200211180ATL,42.9,17.7,2nd quarter,1:22.0,Alvin Williams,TOR,False,2-pointer,23,37-64,'TOR',trails
28,28,28,200211180ATL,22.7,30.5,2nd quarter,0:46.5,Voshon Lenard,TOR,False,3-pointer,26,37-66,'TOR',trails
29,29,29,200211180ATL,32.2,19.3,3rd quarter,11:36.0,Antonio Davis,TOR,True,2-pointer,16,39-66,'TOR',trails
30,30,30,200211180ATL,23.8,21.4,3rd quarter,9:53.0,Alvin Williams,TOR,True,2-pointer,16,41-70,'TOR',trails
31,31,31,200211180ATL,24.0,5.0,3rd quarter,9:21.0,Alvin Williams,TOR,True,2-pointer,0,43-72,'TOR',trails
32,32,32,200211180ATL,24.0,5.0,3rd quarter,8:33.0,Alvin Williams,TOR,False,2-pointer,0,43-73,'TOR',trails
33,33,33,200211180ATL,27.4,6.2,3rd quarter,8:19.0,Morris Peterson,TOR,True,2-pointer,4,45-73,'TOR',trails
34,34,34,200211180ATL,11.0,10.6,3rd quarter,7:07.0,Alvin Williams,TOR,True,2-pointer,14,49-75,'TOR',trails
35,35,35,200211180ATL,7.2,22.9,3rd quarter,6:37.0,Morris Peterson,TOR,True,3-pointer,25,52-77,'TOR',trails
36,36,36,200211180ATL,40.4,26.0,3rd quarter,6:10.0,Alvin Williams,TOR,False,3-pointer,27,52-77,'TOR',trails
37,37,37,200211180ATL,24.0,5.0,3rd quarter,5:32.0,Jerome Williams,TOR,True,2-pointer,0,54-79,'TOR',trails
38,38,38,200211180ATL,37.5,5.0,3rd quarter,5:14.0,Antonio Davis,TOR,False,2-pointer,14,54-79,'TOR',trails
39,39,39,200211180ATL,10.2,11.1,3rd quarter,4:55.0,Morris Peterson,TOR,False,2-pointer,15,54-79,'TOR',trails
40,40,40,200211180ATL,43.2,22.6,3rd quarter,4:26.0,Morris Peterson,TOR,False,3-pointer,26,54-79,'TOR',trails
41,41,41,200211180ATL,24.0,5.0,3rd quarter,3:47.0,Morris Peterson,TOR,True,2-pointer,0,56-81,'TOR',trails
42,42,42,200211180ATL,24.0,5.0,3rd quarter,3:01.0,Jelani McCoy,TOR,False,2-pointer,0,56-83,'TOR',trails
43,43,43,200211180ATL,24.0,5.0,3rd quarter,2:58.0,Jelani McCoy,TOR,False,2-pointer,0,56-83,'TOR',trails
44,44,44,200211180ATL,24.0,5.0,3rd quarter,2:53.0,Jelani McCoy,TOR,False,2-pointer,0,56-83,'TOR',trails
45,45,45,200211180ATL,24.0,5.0,3rd quarter,2:29.0,Jelani McCoy,TOR,True,2-pointer,0,58-85,'TOR',trails
46,46,46,200211180ATL,19.2,7.0,3rd quarter,0:58.6,Antonio Davis,TOR,False,2-pointer,5,58-89,'TOR',trails
47,47,47,200211180ATL,24.0,5.0,3rd quarter,0:54.6,Antonio Davis,TOR,False,2-pointer,0,58-89,'TOR',trails
48,48,48,200211180ATL,33.7,28.8,3rd quarter,0:26.8,Alvin Williams,TOR,True,3-pointer,26,61-91,'TOR',trails
49,49,49,200211180ATL,45.0,19.0,3rd quarter,0:00.2,Greg Foster,TOR,True,3-pointer,25,64-93,'TOR',trails
50,50,50,200211180ATL,22.5,24.9,4th quarter,11:21.0,Alvin Williams,TOR,True,2-pointer,20,66-95,'TOR',trails
51,51,51,200211180ATL,32.9,18.5,4th quarter,10:42.0,Alvin Williams,TOR,False,2-pointer,16,66-97,'TOR',trails
52,52,52,200211180ATL,44.4,6.0,4th quarter,10:17.0,Greg Foster,TOR,False,2-pointer,20,66-97,'TOR',trails
53,53,53,200211180ATL,24.0,5.0,4th quarter,9:38.0,Michael Bradley,TOR,False,2-pointer,0,68-97,'TOR',trails
54,54,54,200211180ATL,11.7,6.3,4th quarter,9:11.0,Morris Peterson,TOR,True,2-pointer,12,70-99,'TOR',trails
55,55,55,200211180ATL,17.4,21.9,4th quarter,8:44.0,Chris Jefferies,TOR,False,2-pointer,18,70-99,'TOR',trails
56,56,56,200211180ATL,11.8,27.0,4th quarter,7:36.0,Voshon Lenard,TOR,False,3-pointer,25,70-99,'TOR',trails
57,57,57,200211180ATL,24.0,5.0,4th quarter,7:04.0,Chris Jefferies,TOR,False,2-pointer,0,70-101,'TOR',trails
58,58,58,200211180ATL,24.0,5.0,4th quarter,6:20.0,Michael Bradley,TOR,False,2-pointer,0,71-101,'TOR',trails
59,59,59,200211180ATL,2.6,18.7,4th quarter,5:58.0,Morris Peterson,TOR,False,3-pointer,25,71-101,'TOR',trails
60,60,60,200211180ATL,24.0,5.0,4th quarter,5:50.0,Michael Bradley,TOR,True,2-pointer,0,73-101,'TOR',trails
61,61,61,200211180ATL,23.8,9.0,4th quarter,2:57.0,Jelani McCoy,TOR,True,2-pointer,4,79-107,'TOR',trails
62,62,62,200211180ATL,1.7,4.7,4th quarter,2:18.0,Voshon Lenard,TOR,True,3-pointer,22,82-107,'TOR',trails
63,63,63,200211180ATL,5.4,4.5,4th quarter,1:31.0,Chris Jefferies,TOR,False,2-pointer,19,84-109,'TOR',trails
64,64,64,200211180ATL,24.0,5.0,4th quarter,1:13.0,Jelani McCoy,TOR,True,2-pointer,0,86-109,'TOR',trails
65,65,65,200211180ATL,46.7,6.8,4th quarter,0:46.5,Voshon Lenard,TOR,True,3-pointer,23,89-111,'TOR',trails
66,66,66,200211180ATL,23.8,30.7,4th quarter,0:24.7,Voshon Lenard,TOR,True,3-pointer,26,92-114,'TOR',trails
67,67,67,200211180ATL,18.1,7.0,1st quarter,11:17.0,Theo Ratliff,ATL,True,2-pointer,6,2-2,'TOR',tied
68,68,68,200211180ATL,24.0,5.0,1st quarter,10:21.0,Shareef Abdur-Rahim,ATL,True,2-pointer,0,4-4,'TOR',tied
69,69,69,200211180ATL,41.6,12.2,1st quarter,9:58.0,Jason Terry,ATL,True,2-pointer,19,6-6,'TOR',tied
70,70,70,200211180ATL,39.8,17.0,1st quarter,9:26.0,Shareef Abdur-Rahim,ATL,False,2-pointer,20,6-8,'TOR',trails
71,71,71,200211180ATL,24.0,5.0,1st quarter,8:57.0,Shareef Abdur-Rahim,ATL,True,2-pointer,0,8-10,'TOR',trails
72,72,72,200211180ATL,24.0,5.0,1st quarter,8:10.0,Theo Ratliff,ATL,True,2-pointer,0,10-10,'TOR',tied
73,73,73,200211180ATL,24.0,5.0,1st quarter,7:41.0,Theo Ratliff,ATL,True,2-pointer,0,12-12,'TOR',tied
74,74,74,200211180ATL,40.1,13.1,1st quarter,7:11.0,Jason Terry,ATL,False,2-pointer,18,12-13,'TOR',trails
75,75,75,200211180ATL,37.3,18.0,1st quarter,7:00.0,Alan Henderson,ATL,True,2-pointer,19,14-13,'TOR',leads
76,76,76,200211180ATL,36.8,9.8,1st quarter,6:26.0,Shareef Abdur-Rahim,ATL,True,2-pointer,14,16-13,'TOR',leads
77,77,77,200211180ATL,39.1,10.1,1st quarter,5:52.0,Glenn Robinson,ATL,False,2-pointer,16,17-13,'TOR',leads
78,78,78,200211180ATL,24.0,5.0,1st quarter,5:38.0,Jason Terry,ATL,True,2-pointer,0,19-13,'TOR',leads
79,79,79,200211180ATL,33.0,11.9,1st quarter,4:44.0,Glenn Robinson,ATL,False,2-pointer,11,19-13,'TOR',leads
80,80,80,200211180ATL,31.5,18.0,1st quarter,4:07.0,Glenn Robinson,ATL,False,2-pointer,15,19-16,'TOR',leads
81,81,81,200211180ATL,43.7,4.7,1st quarter,3:35.0,Ira Newble,ATL,False,2-pointer,20,19-18,'TOR',leads
82,82,82,200211180ATL,24.0,5.0,1st quarter,3:18.0,Shareef Abdur-Rahim,ATL,True,2-pointer,0,21-18,'TOR',leads
83,83,83,200211180ATL,19.2,6.0,1st quarter,2:05.0,Shareef Abdur-Rahim,ATL,True,2-pointer,5,23-20,'TOR',leads
84,84,84,200211180ATL,34.7,20.1,1st quarter,1:31.0,Jason Terry,ATL,True,2-pointer,19,25-22,'TOR',leads
85,85,85,200211180ATL,8.2,4.9,1st quarter,0:55.5,Dion Glover,ATL,True,2-pointer,16,27-22,'TOR',leads
86,86,86,200211180ATL,30.2,23.4,1st quarter,0:27.6,Shareef Abdur-Rahim,ATL,True,2-pointer,19,29-22,'TOR',leads
87,87,87,200211180ATL,24.0,5.0,1st quarter,0:05.9,Shareef Abdur-Rahim,ATL,True,2-pointer,0,31-22,'TOR',leads
88,88,88,200211180ATL,26.6,9.9,2nd quarter,10:35.0,Alan Henderson,ATL,True,2-pointer,6,35-28,'TOR',leads
89,89,89,200211180ATL,24.0,5.0,2nd quarter,9:59.0,Darvin Ham,ATL,True,2-pointer,0,37-28,'TOR',leads
90,90,90,200211180ATL,24.0,5.0,2nd quarter,9:30.0,Theo Ratliff,ATL,True,2-pointer,0,40-28,'TOR',leads
91,91,91,200211180ATL,32.9,17.5,2nd quarter,8:36.0,Emanual Davis,ATL,True,2-pointer,15,42-30,'TOR',leads
92,92,92,200211180ATL,18.1,17.0,2nd quarter,8:08.0,Dion Glover,ATL,False,2-pointer,13,42-31,'TOR',leads
93,93,93,200211180ATL,24.0,5.0,2nd quarter,7:53.0,Amal McCaskill,ATL,True,2-pointer,0,44-31,'TOR',leads
94,94,94,200211180ATL,24.0,5.0,2nd quarter,7:35.0,Shareef Abdur-Rahim,ATL,True,2-pointer,0,46-31,'TOR',leads
95,95,95,200211180ATL,41.2,24.1,2nd quarter,7:03.0,Dion Glover,ATL,False,3-pointer,26,46-31,'TOR',leads
96,96,96,200211180ATL,24.0,5.0,2nd quarter,6:25.0,Dion Glover,ATL,False,2-pointer,0,46-31,'TOR',leads
97,97,97,200211180ATL,24.0,5.0,2nd quarter,6:23.0,Amal McCaskill,ATL,False,2-pointer,0,46-31,'TOR',leads
98,98,98,200211180ATL,24.0,5.0,2nd quarter,6:22.0,Amal McCaskill,ATL,True,2-pointer,0,48-31,'TOR',leads
99,99,99,200211180ATL,24.0,5.0,2nd quarter,5:38.0,Dion Glover,ATL,False,2-pointer,0,48-33,'TOR',leads
100,100,100,200211180ATL,11.0,5.2,2nd quarter,5:14.0,Glenn Robinson,ATL,True,2-pointer,13,50-33,'TOR',leads
101,101,101,200211180ATL,24.0,5.0,2nd quarter,4:15.0,Dion Glover,ATL,True,2-pointer,0,52-33,'TOR',leads
102,102,102,200211180ATL,24.0,5.0,2nd quarter,3:37.0,Glenn Robinson,ATL,True,2-pointer,0,55-33,'TOR',leads
103,103,103,200211180ATL,6.1,24.2,2nd quarter,3:02.0,Dion Glover,ATL,True,3-pointer,26,58-33,'TOR',leads
104,104,104,200211180ATL,34.3,18.8,2nd quarter,2:35.0,Glenn Robinson,ATL,True,2-pointer,17,60-33,'TOR',leads
105,105,105,200211180ATL,24.0,5.0,2nd quarter,2:07.0,Dion Glover,ATL,True,2-pointer,0,62-35,'TOR',leads
106,106,106,200211180ATL,24.0,5.0,2nd quarter,1:37.0,Emanual Davis,ATL,False,2-pointer,0,62-37,'TOR',leads
107,107,107,200211180ATL,24.0,5.0,2nd quarter,1:36.0,Alan Henderson,ATL,True,2-pointer,0,64-37,'TOR',leads
108,108,108,200211180ATL,19.2,30.2,2nd quarter,1:13.0,Glenn Robinson,ATL,False,3-pointer,26,64-37,'TOR',leads
109,109,109,200211180ATL,24.0,5.0,2nd quarter,1:00.0,Alan Henderson,ATL,False,2-pointer,0,64-37,'TOR',leads
110,110,110,200211180ATL,14.6,12.2,2nd quarter,0:24.8,Darvin Ham,ATL,False,2-pointer,12,66-37,'TOR',leads
111,111,111,200211180ATL,24.0,5.0,2nd quarter,0:04.1,Glenn Robinson,ATL,False,2-pointer,0,66-37,'TOR',leads
112,112,112,200211180ATL,15.1,5.8,3rd quarter,11:21.0,Theo Ratliff,ATL,False,2-pointer,9,66-39,'TOR',leads
113,113,113,200211180ATL,24.0,5.0,3rd quarter,11:19.0,Shareef Abdur-Rahim,ATL,True,2-pointer,0,68-39,'TOR',leads
114,114,114,200211180ATL,9.9,9.5,3rd quarter,10:45.0,Theo Ratliff,ATL,True,2-pointer,15,70-39,'TOR',leads
115,115,115,200211180ATL,29.1,5.0,3rd quarter,10:12.0,Shareef Abdur-Rahim,ATL,False,2-pointer,5,70-39,'TOR',leads
116,116,116,200211180ATL,23.8,9.9,3rd quarter,10:02.0,Glenn Robinson,ATL,False,2-pointer,5,70-39,'TOR',leads
117,117,117,200211180ATL,29.7,21.6,3rd quarter,9:36.0,Glenn Robinson,ATL,True,2-pointer,18,72-41,'TOR',leads
118,118,118,200211180ATL,33.8,22.4,3rd quarter,8:58.0,Shareef Abdur-Rahim,ATL,False,2-pointer,20,73-43,'TOR',leads
119,119,119,200211180ATL,8.9,9.8,3rd quarter,8:45.0,Ira Newble,ATL,False,2-pointer,16,73-43,'TOR',leads
120,120,120,200211180ATL,24.1,22.9,3rd quarter,7:54.0,Theo Ratliff,ATL,False,2-pointer,18,73-45,'TOR',leads
121,121,121,200211180ATL,33.0,10.4,3rd quarter,7:28.0,Ira Newble,ATL,True,2-pointer,11,75-47,'TOR',leads
122,122,122,200211180ATL,8.9,16.0,3rd quarter,6:51.0,Jason Terry,ATL,True,2-pointer,19,77-49,'TOR',leads
123,123,123,200211180ATL,24.0,20.8,3rd quarter,6:18.0,Glenn Robinson,ATL,False,2-pointer,16,77-52,'TOR',leads
124,124,124,200211180ATL,17.4,6.8,3rd quarter,5:51.0,Shareef Abdur-Rahim,ATL,True,2-pointer,7,79-52,'TOR',leads
125,125,125,200211180ATL,47.5,4.7,3rd quarter,5:04.0,Jason Terry,ATL,False,3-pointer,24,79-54,'TOR',leads
126,126,126,200211180ATL,31.7,29.8,3rd quarter,4:38.0,Jason Terry,ATL,False,3-pointer,26,79-54,'TOR',leads
127,127,127,200211180ATL,41.6,4.5,3rd quarter,4:08.0,Ira Newble,ATL,True,2-pointer,18,81-54,'TOR',leads
128,128,128,200211180ATL,27.3,11.8,3rd quarter,3:27.0,Glenn Robinson,ATL,False,2-pointer,8,81-56,'TOR',leads
129,129,129,200211180ATL,24.0,5.0,3rd quarter,2:47.0,Shareef Abdur-Rahim,ATL,True,2-pointer,0,85-56,'TOR',leads
130,130,130,200211180ATL,17.3,8.8,3rd quarter,1:38.0,Ira Newble,ATL,True,2-pointer,8,89-58,'TOR',leads
131,131,131,200211180ATL,24.0,5.0,3rd quarter,0:46.8,Alan Henderson,ATL,True,2-pointer,0,91-58,'TOR',leads
132,132,132,200211180ATL,13.3,10.4,3rd quarter,0:03.8,Shareef Abdur-Rahim,ATL,True,2-pointer,12,93-61,'TOR',leads
133,133,133,200211180ATL,12.5,17.3,4th quarter,11:41.0,Emanual Davis,ATL,True,2-pointer,17,95-64,'TOR',leads
134,134,134,200211180ATL,10.7,17.0,4th quarter,10:55.0,Dion Glover,ATL,False,2-pointer,18,95-66,'TOR',leads
135,135,135,200211180ATL,24.0,5.0,4th quarter,10:53.0,Alan Henderson,ATL,True,2-pointer,0,97-66,'TOR',leads
136,136,136,200211180ATL,24.0,5.0,4th quarter,9:32.0,Emanual Davis,ATL,True,2-pointer,0,99-68,'TOR',leads
137,137,137,200211180ATL,10.9,5.3,4th quarter,8:21.0,Chris Crawford,ATL,False,2-pointer,13,99-70,'TOR',leads
138,138,138,200211180ATL,24.0,5.0,4th quarter,7:21.0,Alan Henderson,ATL,True,2-pointer,0,101-70,'TOR',leads
139,139,139,200211180ATL,37.8,12.6,4th quarter,6:57.0,Dan Dickau,ATL,False,2-pointer,16,101-70,'TOR',leads
140,140,140,200211180ATL,24.0,5.0,4th quarter,6:06.0,Dion Glover,ATL,False,2-pointer,0,101-71,'TOR',leads
141,141,141,200211180ATL,8.7,4.7,4th quarter,5:17.0,Dan Dickau,ATL,False,2-pointer,15,101-73,'TOR',leads
142,142,142,200211180ATL,2.8,19.0,4th quarter,4:49.0,Dan Dickau,ATL,True,3-pointer,25,104-75,'TOR',leads
143,143,143,200211180ATL,25.3,10.3,4th quarter,3:59.0,Amal McCaskill,ATL,False,2-pointer,5,105-75,'TOR',leads
144,144,144,200211180ATL,10.7,6.3,4th quarter,3:43.0,Chris Crawford,ATL,True,2-pointer,13,107-77,'TOR',leads
145,145,145,200211180ATL,0.2,3.9,4th quarter,3:16.0,Dan Dickau,ATL,False,3-pointer,24,107-77,'TOR',leads
146,146,146,200211180ATL,24.0,5.0,4th quarter,2:48.0,Amal McCaskill,ATL,False,2-pointer,0,107-79,'TOR',leads
147,147,147,200211180ATL,24.0,5.0,4th quarter,2:03.0,Dion Glover,ATL,False,2-pointer,0,107-84,'TOR',leads
148,148,148,200211180ATL,24.0,5.0,4th quarter,1:59.0,Amal McCaskill,ATL,False,2-pointer,0,107-84,'TOR',leads
149,149,149,200211180ATL,0.8,5.0,4th quarter,1:23.0,Emanual Davis,ATL,False,3-pointer,23,109-84,'TOR',leads
150,150,150,200211180ATL,24.0,5.0,4th quarter,1:02.0,Amal McCaskill,ATL,True,2-pointer,0,111-86,'TOR',leads
151,151,151,200211180ATL,9.1,25.1,4th quarter,0:32.0,Dan Dickau,ATL,True,3-pointer,25,114-89,'TOR',leads
152,152,152,200211180ATL,5.3,23.3,4th quarter,0:00.8,Dion Glover,ATL,True,3-pointer,26,117-92,'TOR',leads
153,153,153,200211180GSW,30.9,12.9,1st quarter,11:10.0,Michael Olowokandi,LAC,False,2-pointer,10,0-2,'GSW',trails
154,154,154,200211180GSW,37.0,21.1,1st quarter,10:44.0,Corey Maggette,LAC,False,2-pointer,21,0-4,'GSW',trails
155,155,155,200211180GSW,11.2,20.8,1st quarter,10:11.0,Eric Piatkowski,LAC,False,2-pointer,20,1-6,'GSW',trails
156,156,156,200211180GSW,21.7,11.3,1st quarter,9:27.0,Michael Olowokandi,LAC,False,2-pointer,7,3-6,'GSW',trails
157,157,157,200211180GSW,38.3,9.6,1st quarter,9:17.0,Elton Brand,LAC,False,2-pointer,15,3-6,'GSW',trails
158,158,158,200211180GSW,24.0,5.0,1st quarter,9:02.0,Andre Miller,LAC,True,2-pointer,0,5-6,'GSW',trails
159,159,159,200211180GSW,11.4,22.3,1st quarter,8:26.0,Corey Maggette,LAC,True,2-pointer,21,7-6,'GSW',leads
160,160,160,200211180GSW,39.6,19.5,1st quarter,8:05.0,Corey Maggette,LAC,False,2-pointer,21,7-6,'GSW',leads
161,161,161,200211180GSW,32.4,11.4,1st quarter,7:30.0,Elton Brand,LAC,False,2-pointer,11,7-8,'GSW',trails
162,162,162,200211180GSW,9.2,25.4,1st quarter,7:12.0,Eric Piatkowski,LAC,True,3-pointer,25,10-8,'GSW',leads
163,163,163,200211180GSW,24.0,5.0,1st quarter,6:44.0,Eric Piatkowski,LAC,True,2-pointer,0,12-8,'GSW',leads
164,164,164,200211180GSW,25.8,14.4,1st quarter,6:01.0,Michael Olowokandi,LAC,False,2-pointer,10,12-10,'GSW',leads
165,165,165,200211180GSW,5.1,7.6,1st quarter,5:33.0,Corey Maggette,LAC,True,2-pointer,19,14-10,'GSW',leads
166,166,166,200211180GSW,29.1,13.6,1st quarter,4:56.0,Eric Piatkowski,LAC,False,2-pointer,10,14-12,'GSW',leads
167,167,167,200211180GSW,40.6,22.8,1st quarter,4:29.0,Corey Maggette,LAC,True,3-pointer,24,17-14,'GSW',leads
168,168,168,200211180GSW,24.0,5.0,1st quarter,4:04.0,Elton Brand,LAC,True,2-pointer,0,19-14,'GSW',leads
169,169,169,200211180GSW,15.8,28.8,1st quarter,3:48.0,Eric Piatkowski,LAC,False,3-pointer,25,19-15,'GSW',leads
170,170,170,200211180GSW,24.0,5.0,1st quarter,3:30.0,Elton Brand,LAC,True,2-pointer,0,21-15,'GSW',leads
171,171,171,200211180GSW,25.5,9.3,1st quarter,2:56.0,Michael Olowokandi,LAC,True,2-pointer,5,23-15,'GSW',leads
172,172,172,200211180GSW,24.0,5.0,1st quarter,2:32.0,Andre Miller,LAC,True,2-pointer,0,25-15,'GSW',leads
173,173,173,200211180GSW,24.0,5.0,1st quarter,2:05.0,Eric Piatkowski,LAC,True,2-pointer,0,27-15,'GSW',leads
174,174,174,200211180GSW,14.0,6.3,1st quarter,1:25.0,Michael Olowokandi,LAC,False,2-pointer,10,27-15,'GSW',leads
175,175,175,200211180GSW,41.2,24.4,1st quarter,0:00.9,Eric Piatkowski,LAC,False,3-pointer,26,27-17,'GSW',leads
176,176,176,200211180GSW,43.2,3.1,2nd quarter,11:34.0,Tremaine Fowlkes,LAC,True,2-pointer,19,30-17,'GSW',leads
177,177,177,200211180GSW,20.4,8.1,2nd quarter,10:39.0,Elton Brand,LAC,True,2-pointer,5,32-20,'GSW',leads
178,178,178,200211180GSW,7.4,5.7,2nd quarter,10:01.0,Andre Miller,LAC,False,2-pointer,17,32-22,'GSW',leads
179,179,179,200211180GSW,26.0,10.6,2nd quarter,9:23.0,Sean Rooks,LAC,True,2-pointer,6,34-24,'GSW',leads
180,180,180,200211180GSW,27.9,13.6,2nd quarter,8:45.0,Michael Olowokandi,LAC,False,2-pointer,9,34-26,'GSW',leads
181,181,181,200211180GSW,34.0,18.5,2nd quarter,8:24.0,Andre Miller,LAC,False,2-pointer,17,34-26,'GSW',leads
182,182,182,200211180GSW,11.2,4.5,2nd quarter,8:02.0,Andre Miller,LAC,False,2-pointer,13,34-26,'GSW',leads
183,183,183,200211180GSW,39.8,11.4,2nd quarter,6:46.0,Keyon Dooling,LAC,True,2-pointer,17,36-26,'GSW',leads
184,184,184,200211180GSW,11.4,5.3,2nd quarter,6:00.0,Marko Jarić,LAC,False,2-pointer,13,36-28,'GSW',leads
185,185,185,200211180GSW,41.6,4.7,2nd quarter,5:50.0,Corey Maggette,LAC,True,2-pointer,18,38-28,'GSW',leads
186,186,186,200211180GSW,38.8,17.8,2nd quarter,5:01.0,Marko Jarić,LAC,True,2-pointer,20,40-29,'GSW',leads
187,187,187,200211180GSW,24.0,5.0,2nd quarter,3:42.0,Keyon Dooling,LAC,False,2-pointer,0,42-31,'GSW',leads
188,188,188,200211180GSW,20.6,8.1,2nd quarter,3:22.0,Keyon Dooling,LAC,False,2-pointer,5,42-33,'GSW',leads
189,189,189,200211180GSW,24.0,5.0,2nd quarter,3:17.0,Michael Olowokandi,LAC,True,2-pointer,0,44-33,'GSW',leads
190,190,190,200211180GSW,24.0,5.0,2nd quarter,2:53.0,Marko Jarić,LAC,True,2-pointer,0,46-35,'GSW',leads
191,191,191,200211180GSW,24.0,5.0,2nd quarter,2:24.0,Eric Piatkowski,LAC,True,2-pointer,0,48-36,'GSW',leads
192,192,192,200211180GSW,9.9,17.7,2nd quarter,1:51.0,Tremaine Fowlkes,LAC,True,2-pointer,19,50-36,'GSW',leads
193,193,193,200211180GSW,44.4,4.5,2nd quarter,1:20.0,Eric Piatkowski,LAC,False,2-pointer,20,50-37,'GSW',leads
194,194,194,200211180GSW,24.3,10.1,2nd quarter,1:12.0,Marko Jarić,LAC,False,2-pointer,5,50-37,'GSW',leads
195,195,195,200211180GSW,32.7,17.7,2nd quarter,0:53.0,Keyon Dooling,LAC,True,2-pointer,15,52-37,'GSW',leads
196,196,196,200211180GSW,11.8,21.0,2nd quarter,0:26.9,Keyon Dooling,LAC,False,2-pointer,20,52-38,'GSW',leads
197,197,197,200211180GSW,16.6,6.5,3rd quarter,11:45.0,Elton Brand,LAC,False,2-pointer,8,52-38,'GSW',leads
198,198,198,200211180GSW,9.1,5.0,3rd quarter,11:43.0,Elton Brand,LAC,False,2-pointer,15,52-38,'GSW',leads
199,199,199,200211180GSW,26.9,10.1,3rd quarter,11:14.0,Michael Olowokandi,LAC,True,2-pointer,6,54-40,'GSW',leads
200,200,200,200211180GSW,20.4,10.1,3rd quarter,10:34.0,Michael Olowokandi,LAC,True,2-pointer,6,56-40,'GSW',leads
201,201,201,200211180GSW,14.0,11.6,3rd quarter,8:40.0,Eric Piatkowski,LAC,True,2-pointer,12,58-40,'GSW',leads
202,202,202,200211180GSW,11.2,6.0,3rd quarter,8:18.0,Andre Miller,LAC,False,2-pointer,13,58-40,'GSW',leads
203,203,203,200211180GSW,29.9,8.5,3rd quarter,7:38.0,Eric Piatkowski,LAC,False,2-pointer,7,58-42,'GSW',leads
204,204,204,200211180GSW,21.4,9.5,3rd quarter,7:16.0,Michael Olowokandi,LAC,False,2-pointer,5,58-45,'GSW',leads
205,205,205,200211180GSW,17.9,14.1,3rd quarter,6:39.0,Michael Olowokandi,LAC,False,2-pointer,11,58-47,'GSW',leads
206,206,206,200211180GSW,24.1,9.6,3rd quarter,6:01.0,Corey Maggette,LAC,False,2-pointer,5,58-47,'GSW',leads
207,207,207,200211180GSW,24.0,10.9,3rd quarter,4:47.0,Michael Olowokandi,LAC,True,2-pointer,6,60-52,'GSW',leads
208,208,208,200211180GSW,35.5,4.9,3rd quarter,4:20.0,Michael Olowokandi,LAC,False,2-pointer,12,60-52,'GSW',leads
209,209,209,200211180GSW,29.9,8.5,3rd quarter,2:50.0,Michael Olowokandi,LAC,True,2-pointer,7,64-54,'GSW',leads
210,210,210,200211180GSW,24.0,5.0,3rd quarter,2:30.0,Corey Maggette,LAC,True,2-pointer,0,66-54,'GSW',leads
211,211,211,200211180GSW,24.0,5.0,3rd quarter,2:08.0,Corey Maggette,LAC,True,2-pointer,0,68-54,'GSW',leads
212,212,212,200211180GSW,28.7,8.6,3rd quarter,1:32.0,Michael Olowokandi,LAC,True,2-pointer,6,71-54,'GSW',leads
213,213,213,200211180GSW,7.6,6.5,3rd quarter,0:37.2,Andre Miller,LAC,False,2-pointer,16,73-56,'GSW',leads
214,214,214,200211180GSW,21.4,10.3,3rd quarter,0:02.5,Elton Brand,LAC,False,2-pointer,6,73-58,'GSW',leads
215,215,215,200211180GSW,21.2,8.5,4th quarter,10:45.0,Michael Olowokandi,LAC,True,2-pointer,4,77-62,'GSW',leads
216,216,216,200211180GSW,22.7,30.5,4th quarter,9:56.0,Keyon Dooling,LAC,True,3-pointer,26,80-62,'GSW',leads
217,217,217,200211180GSW,35.7,19.6,4th quarter,7:57.0,Keyon Dooling,LAC,False,2-pointer,19,82-65,'GSW',leads
218,218,218,200211180GSW,24.0,5.0,4th quarter,7:55.0,Michael Olowokandi,LAC,True,2-pointer,0,84-65,'GSW',leads
219,219,219,200211180GSW,24.0,5.0,4th quarter,6:40.0,Michael Olowokandi,LAC,True,2-pointer,0,86-68,'GSW',leads
220,220,220,200211180GSW,43.0,14.1,4th quarter,5:21.0,Corey Maggette,LAC,False,2-pointer,21,89-74,'GSW',leads
221,221,221,200211180GSW,6.8,5.3,4th quarter,4:50.0,Elton Brand,LAC,True,2-pointer,17,91-74,'GSW',leads
222,222,222,200211180GSW,34.8,20.6,4th quarter,4:23.0,Keyon Dooling,LAC,False,2-pointer,19,91-76,'GSW',leads
223,223,223,200211180GSW,24.0,5.0,4th quarter,4:21.0,Elton Brand,LAC,False,2-pointer,0,91-76,'GSW',leads
224,224,224,200211180GSW,20.4,11.8,4th quarter,4:00.0,Michael Olowokandi,LAC,True,2-pointer,8,93-78,'GSW',leads
225,225,225,200211180GSW,7.6,4.5,4th quarter,2:49.0,Elton Brand,LAC,False,2-pointer,16,93-80,'GSW',leads
226,226,226,200211180GSW,24.0,5.0,4th quarter,2:26.0,Corey Maggette,LAC,False,2-pointer,0,95-80,'GSW',leads
227,227,227,200211180GSW,16.6,6.0,4th quarter,2:04.0,Elton Brand,LAC,False,2-pointer,7,95-80,'GSW',leads
228,228,228,200211180GSW,24.0,5.0,4th quarter,1:48.0,Elton Brand,LAC,True,2-pointer,0,97-82,'GSW',leads
229,229,229,200211180GSW,26.9,8.0,4th quarter,1:08.0,Corey Maggette,LAC,False,2-pointer,4,97-82,'GSW',leads
230,230,230,200211180GSW,24.0,5.0,4th quarter,0:34.9,Elton Brand,LAC,True,2-pointer,0,99-85,'GSW',leads
231,231,231,200211180GSW,24.0,5.0,4th quarter,0:24.5,Elton Brand,LAC,False,2-pointer,0,99-87,'GSW',leads
232,232,232,200211180GSW,24.0,5.0,1st quarter,11:37.0,Gilbert Arenas,GSW,False,2-pointer,0,0-0,'GSW',tied
233,233,233,200211180GSW,24.0,5.0,1st quarter,11:36.0,Erick Dampier,GSW,False,2-pointer,0,0-0,'GSW',tied
234,234,234,200211180GSW,24.0,5.0,1st quarter,11:34.0,Erick Dampier,GSW,True,2-pointer,0,2-0,'GSW',leads
235,235,235,200211180GSW,26.9,9.0,1st quarter,11:02.0,Erick Dampier,GSW,True,2-pointer,5,4-0,'GSW',leads
236,236,236,200211180GSW,8.9,8.5,1st quarter,10:29.0,Jason Richardson,GSW,False,2-pointer,16,4-1,'GSW',leads
237,237,237,200211180GSW,24.0,5.0,1st quarter,10:26.0,Troy Murphy,GSW,True,2-pointer,0,6-1,'GSW',leads
238,238,238,200211180GSW,37.1,4.7,1st quarter,9:59.0,Antawn Jamison,GSW,False,2-pointer,13,6-1,'GSW',leads
239,239,239,200211180GSW,24.0,5.0,1st quarter,9:58.0,Erick Dampier,GSW,False,2-pointer,0,6-1,'GSW',leads
240,240,240,200211180GSW,25.0,17.0,1st quarter,9:46.0,Troy Murphy,GSW,False,2-pointer,12,6-3,'GSW',leads
241,241,241,200211180GSW,21.2,8.3,1st quarter,9:42.0,Troy Murphy,GSW,False,2-pointer,4,6-3,'GSW',leads
242,242,242,200211180GSW,24.0,5.0,1st quarter,9:40.0,Erick Dampier,GSW,False,2-pointer,0,6-3,'GSW',leads
243,243,243,200211180GSW,11.0,5.0,1st quarter,8:44.0,Antawn Jamison,GSW,False,2-pointer,13,6-5,'GSW',leads
244,244,244,200211180GSW,26.4,9.6,1st quarter,8:15.0,Antawn Jamison,GSW,False,2-pointer,5,6-7,'GSW',trails
245,245,245,200211180GSW,24.0,5.0,1st quarter,8:13.0,Troy Murphy,GSW,False,2-pointer,0,6-7,'GSW',trails
246,246,246,200211180GSW,23.5,10.3,1st quarter,7:45.0,Erick Dampier,GSW,True,2-pointer,5,8-7,'GSW',leads
247,247,247,200211180GSW,41.6,5.5,1st quarter,7:20.0,Gilbert Arenas,GSW,False,2-pointer,18,8-7,'GSW',leads
248,248,248,200211180GSW,23.8,11.9,1st quarter,6:21.0,Troy Murphy,GSW,True,2-pointer,7,10-12,'GSW',trails
249,249,249,200211180GSW,24.0,5.0,1st quarter,5:50.0,Gilbert Arenas,GSW,False,2-pointer,0,10-12,'GSW',trails
250,250,250,200211180GSW,18.3,7.6,1st quarter,5:14.0,Troy Murphy,GSW,True,2-pointer,6,12-14,'GSW',trails
251,251,251,200211180GSW,36.3,19.0,1st quarter,4:50.0,Antawn Jamison,GSW,True,2-pointer,19,14-14,'GSW',tied
252,252,252,200211180GSW,19.6,8.6,1st quarter,4:10.0,Erick Dampier,GSW,False,2-pointer,6,14-17,'GSW',trails
253,253,253,200211180GSW,14.0,8.1,1st quarter,3:38.0,Antawn Jamison,GSW,False,2-pointer,10,15-19,'GSW',trails
254,254,254,200211180GSW,20.1,8.3,1st quarter,3:10.0,Jason Richardson,GSW,False,2-pointer,5,15-21,'GSW',trails
255,255,255,200211180GSW,28.4,13.4,1st quarter,2:36.0,Dean Oliver,GSW,False,2-pointer,9,15-23,'GSW',trails
256,256,256,200211180GSW,22.5,20.5,1st quarter,2:14.0,Antawn Jamison,GSW,False,2-pointer,16,15-25,'GSW',trails
257,257,257,200211180GSW,24.0,5.0,1st quarter,2:13.0,Erick Dampier,GSW,False,2-pointer,0,15-25,'GSW',trails
258,258,258,200211180GSW,21.5,7.8,1st quarter,1:44.0,Erick Dampier,GSW,False,2-pointer,4,15-27,'GSW',trails
259,259,259,200211180GSW,21.7,7.2,1st quarter,0:54.8,Dean Oliver,GSW,False,2-pointer,3,16-27,'GSW',trails
260,260,260,200211180GSW,45.3,17.5,2nd quarter,11:13.0,Mike Dunleavy,GSW,True,3-pointer,25,20-30,'GSW',trails
261,261,261,200211180GSW,1.0,3.1,2nd quarter,10:49.0,Mike Dunleavy,GSW,False,3-pointer,23,20-30,'GSW',trails
262,262,262,200211180GSW,25.8,19.3,2nd quarter,9:46.0,Adonal Foyle,GSW,True,2-pointer,14,24-32,'GSW',trails
263,263,263,200211180GSW,34.3,18.0,2nd quarter,9:02.0,Mike Dunleavy,GSW,True,2-pointer,17,26-34,'GSW',trails
264,264,264,200211180GSW,18.9,24.2,2nd quarter,8:31.0,A.J. Guyton,GSW,False,2-pointer,20,26-34,'GSW',trails
265,265,265,200211180GSW,13.3,20.0,2nd quarter,8:15.0,Troy Murphy,GSW,False,2-pointer,18,26-34,'GSW',trails
266,266,266,200211180GSW,14.6,19.5,2nd quarter,7:47.0,Jason Richardson,GSW,False,2-pointer,17,26-34,'GSW',trails
267,267,267,200211180GSW,24.5,11.4,2nd quarter,7:07.0,Adonal Foyle,GSW,False,2-pointer,6,26-34,'GSW',trails
268,268,268,200211180GSW,32.7,6.0,2nd quarter,6:20.0,Antawn Jamison,GSW,True,2-pointer,9,28-36,'GSW',trails
269,269,269,200211180GSW,18.8,6.7,2nd quarter,5:27.0,Antawn Jamison,GSW,False,2-pointer,5,28-38,'GSW',trails
270,270,270,200211180GSW,44.0,2.2,2nd quarter,4:37.0,A.J. Guyton,GSW,False,2-pointer,20,29-40,'GSW',trails
271,271,271,200211180GSW,24.0,5.0,2nd quarter,4:34.0,Antawn Jamison,GSW,True,2-pointer,0,31-40,'GSW',trails
272,272,272,200211180GSW,28.1,7.3,2nd quarter,3:08.0,Antawn Jamison,GSW,True,2-pointer,5,35-44,'GSW',trails
273,273,273,200211180GSW,46.5,9.5,2nd quarter,0:06.9,Dean Oliver,GSW,False,3-pointer,23,38-52,'GSW',trails
274,274,274,200211180GSW,20.9,30.3,2nd quarter,0:01.9,Mike Dunleavy,GSW,False,3-pointer,25,38-52,'GSW',trails
275,275,275,200211180GSW,24.0,5.0,3rd quarter,11:37.0,Gilbert Arenas,GSW,True,2-pointer,0,40-52,'GSW',trails
276,276,276,200211180GSW,35.7,21.9,3rd quarter,10:50.0,Gilbert Arenas,GSW,False,2-pointer,21,40-54,'GSW',trails
277,277,277,200211180GSW,29.7,9.6,3rd quarter,10:15.0,Jason Richardson,GSW,False,2-pointer,7,40-56,'GSW',trails
278,278,278,200211180GSW,20.9,11.3,3rd quarter,9:56.0,Jason Richardson,GSW,False,2-pointer,7,40-56,'GSW',trails
279,279,279,200211180GSW,26.9,11.8,3rd quarter,9:53.0,Jason Richardson,GSW,False,2-pointer,7,40-56,'GSW',trails
280,280,280,200211180GSW,13.2,11.3,3rd quarter,9:23.0,Antawn Jamison,GSW,False,2-pointer,13,40-56,'GSW',trails
281,281,281,200211180GSW,22.4,7.6,3rd quarter,8:26.0,Óscar Torres,GSW,False,2-pointer,3,40-58,'GSW',trails
282,282,282,200211180GSW,26.4,9.8,3rd quarter,7:59.0,Antawn Jamison,GSW,False,2-pointer,5,40-58,'GSW',trails
283,283,283,200211180GSW,24.0,5.0,3rd quarter,7:56.0,Antawn Jamison,GSW,True,2-pointer,0,42-58,'GSW',trails
284,284,284,200211180GSW,41.1,23.7,3rd quarter,7:30.0,Óscar Torres,GSW,True,3-pointer,25,45-58,'GSW',trails
285,285,285,200211180GSW,33.0,23.9,3rd quarter,7:04.0,Gilbert Arenas,GSW,True,2-pointer,21,47-58,'GSW',trails
286,286,286,200211180GSW,37.5,17.5,3rd quarter,6:19.0,Antawn Jamison,GSW,False,2-pointer,18,47-58,'GSW',trails
287,287,287,200211180GSW,25.6,31.1,3rd quarter,5:51.0,Gilbert Arenas,GSW,True,3-pointer,26,50-58,'GSW',trails
288,288,288,200211180GSW,24.0,5.0,3rd quarter,5:11.0,Gilbert Arenas,GSW,False,2-pointer,0,50-58,'GSW',trails
289,289,289,200211180GSW,24.0,5.0,3rd quarter,5:10.0,Erick Dampier,GSW,True,2-pointer,0,52-58,'GSW',trails
290,290,290,200211180GSW,16.3,7.5,3rd quarter,4:30.0,Antawn Jamison,GSW,False,2-pointer,8,52-60,'GSW',trails
291,291,291,200211180GSW,24.8,9.9,3rd quarter,4:01.0,Erick Dampier,GSW,False,2-pointer,5,52-60,'GSW',trails
292,292,292,200211180GSW,24.8,16.8,3rd quarter,3:38.0,Troy Murphy,GSW,False,2-pointer,12,52-62,'GSW',trails
293,293,293,200211180GSW,7.2,5.2,3rd quarter,3:19.0,Troy Murphy,GSW,False,2-pointer,17,52-62,'GSW',trails
294,294,294,200211180GSW,22.2,7.8,3rd quarter,2:34.0,Gilbert Arenas,GSW,False,2-pointer,3,54-64,'GSW',trails
295,295,295,200211180GSW,37.5,22.9,3rd quarter,1:44.0,Mike Dunleavy,GSW,False,2-pointer,22,54-69,'GSW',trails
296,296,296,200211180GSW,32.2,6.0,3rd quarter,1:17.0,Erick Dampier,GSW,False,2-pointer,8,54-71,'GSW',trails
297,297,297,200211180GSW,24.0,5.0,3rd quarter,1:15.0,Troy Murphy,GSW,False,2-pointer,0,54-71,'GSW',trails
298,298,298,200211180GSW,40.1,5.7,3rd quarter,0:53.3,Antawn Jamison,GSW,True,2-pointer,16,56-73,'GSW',trails
299,299,299,200211180GSW,26.0,20.1,3rd quarter,0:14.3,Gilbert Arenas,GSW,True,2-pointer,15,58-73,'GSW',trails
300,300,300,200211180GSW,35.7,36.4,3rd quarter,0:00.2,Gilbert Arenas,GSW,False,3-pointer,34,58-73,'GSW',trails
301,301,301,200211180GSW,39.3,5.5,4th quarter,11:42.0,Jason Richardson,GSW,True,2-pointer,15,60-73,'GSW',trails
302,302,302,200211180GSW,27.1,9.1,4th quarter,11:02.0,Antawn Jamison,GSW,True,2-pointer,5,62-75,'GSW',trails
303,303,303,200211180GSW,22.7,7.0,4th quarter,10:25.0,Erick Dampier,GSW,False,2-pointer,2,62-77,'GSW',trails
304,304,304,200211180GSW,33.2,25.6,4th quarter,10:19.0,Jason Richardson,GSW,False,2-pointer,23,62-77,'GSW',trails
305,305,305,200211180GSW,28.6,6.7,4th quarter,9:36.0,Antawn Jamison,GSW,False,2-pointer,5,62-80,'GSW',trails
306,306,306,200211180GSW,47.2,11.4,4th quarter,8:18.0,Gilbert Arenas,GSW,True,3-pointer,24,65-82,'GSW',trails
307,307,307,200211180GSW,25.0,16.2,4th quarter,6:52.0,Antawn Jamison,GSW,True,2-pointer,11,67-84,'GSW',trails
308,308,308,200211180GSW,26.8,9.1,4th quarter,6:30.0,Adonal Foyle,GSW,True,2-pointer,5,70-86,'GSW',trails
309,309,309,200211180GSW,24.0,5.0,4th quarter,5:40.0,Adonal Foyle,GSW,True,2-pointer,0,74-89,'GSW',trails
310,310,310,200211180GSW,33.0,7.6,4th quarter,5:12.0,Adonal Foyle,GSW,False,2-pointer,9,74-89,'GSW',trails
311,311,311,200211180GSW,28.4,29.7,4th quarter,3:49.0,Dean Oliver,GSW,False,3-pointer,25,78-93,'GSW',trails
312,312,312,200211180GSW,12.3,5.5,4th quarter,3:34.0,Mike Dunleavy,GSW,True,2-pointer,12,80-93,'GSW',trails
313,313,313,200211180GSW,30.6,23.9,4th quarter,3:12.0,Jiří Welsch,GSW,False,2-pointer,20,80-93,'GSW',trails
314,314,314,200211180GSW,25.3,6.3,4th quarter,2:38.0,Dean Oliver,GSW,False,2-pointer,2,80-95,'GSW',trails
315,315,315,200211180GSW,24.0,5.0,4th quarter,1:57.0,Antawn Jamison,GSW,True,2-pointer,0,82-95,'GSW',trails
316,316,316,200211180GSW,15.3,20.6,4th quarter,1:34.0,Dean Oliver,GSW,False,2-pointer,18,82-97,'GSW',trails
317,317,317,200211180GSW,24.0,5.0,4th quarter,0:22.4,Jiří Welsch,GSW,True,2-pointer,0,89-99,'GSW',trails
318,318,318,200211180GSW,24.6,8.3,4th quarter,0:03.0,Antawn Jamison,GSW,False,2-pointer,3,89-99,'GSW',trails
319,319,319,200211180NJN,4.8,6.7,1st quarter,11:46.0,Chris Whitney,DEN,False,2-pointer,19,0-0,'NJN',tied
320,320,320,200211180NJN,24.0,5.0,1st quarter,11:15.0,Mark Blount,DEN,False,2-pointer,0,0-0,'NJN',tied
321,321,321,200211180NJN,17.4,15.5,1st quarter,10:29.0,Juwan Howard,DEN,True,2-pointer,12,2-3,'NJN',trails
322,322,322,200211180NJN,16.0,6.7,1st quarter,9:29.0,Mark Blount,DEN,True,2-pointer,8,4-10,'NJN',trails
323,323,323,200211180NJN,8.4,24.6,1st quarter,8:18.0,Chris Whitney,DEN,True,3-pointer,25,7-12,'NJN',trails
324,324,324,200211180NJN,6.4,15.0,1st quarter,8:04.0,Mark Blount,DEN,False,2-pointer,20,7-12,'NJN',trails
325,325,325,200211180NJN,17.6,8.1,1st quarter,6:52.0,James Posey,DEN,False,2-pointer,7,7-14,'NJN',trails
326,326,326,200211180NJN,16.0,22.4,1st quarter,6:11.0,Chris Whitney,DEN,False,2-pointer,19,7-16,'NJN',trails
327,327,327,200211180NJN,16.9,6.7,1st quarter,5:16.0,Juwan Howard,DEN,True,2-pointer,7,9-19,'NJN',trails
328,328,328,200211180NJN,13.0,15.5,1st quarter,4:09.0,Juwan Howard,DEN,False,2-pointer,15,9-23,'NJN',trails
329,329,329,200211180NJN,10.9,16.4,1st quarter,4:05.0,Kenny Satterfield,DEN,False,2-pointer,17,9-23,'NJN',trails
330,330,330,200211180NJN,39.6,10.1,1st quarter,3:48.0,Ryan Bowen,DEN,True,2-pointer,16,11-23,'NJN',trails
331,331,331,200211180NJN,24.0,5.0,1st quarter,3:10.0,Juwan Howard,DEN,False,2-pointer,0,11-25,'NJN',trails
332,332,332,200211180NJN,24.0,5.0,1st quarter,3:06.0,Kenny Satterfield,DEN,True,2-pointer,0,13-25,'NJN',trails
333,333,333,200211180NJN,24.0,5.0,1st quarter,2:45.0,Kenny Satterfield,DEN,False,2-pointer,0,13-25,'NJN',trails
334,334,334,200211180NJN,0.3,5.5,1st quarter,2:34.0,Rodney White,DEN,False,3-pointer,24,13-25,'NJN',trails
335,335,335,200211180NJN,17.8,18.7,1st quarter,2:09.0,Rodney White,DEN,False,2-pointer,15,13-25,'NJN',trails
336,336,336,200211180NJN,0.0,4.4,1st quarter,1:33.0,Kenny Satterfield,DEN,False,3-pointer,24,13-27,'NJN',trails
337,337,337,200211180NJN,24.0,5.0,1st quarter,0:37.6,Chris Andersen,DEN,True,2-pointer,0,15-30,'NJN',trails
338,338,338,200211180NJN,46.8,9.1,1st quarter,0:03.3,Ryan Bowen,DEN,False,3-pointer,23,15-30,'NJN',trails
339,339,339,200211180NJN,21.7,29.8,2nd quarter,9:47.0,Kenny Satterfield,DEN,False,3-pointer,25,15-32,'NJN',trails
340,340,340,200211180NJN,16.9,7.0,2nd quarter,8:43.0,Nenê missed,DEN,False,2-pointer,7,15-37,'NJN',trails
341,341,341,200211180NJN,24.0,5.0,2nd quarter,8:19.0,Chris Andersen,DEN,False,2-pointer,0,15-37,'NJN',trails
342,342,342,200211180NJN,24.0,5.0,2nd quarter,8:16.0,Chris Andersen,DEN,True,2-pointer,0,17-37,'NJN',trails
343,343,343,200211180NJN,4.6,20.8,2nd quarter,7:01.0,Chris Whitney,DEN,True,3-pointer,25,20-40,'NJN',trails
344,344,344,200211180NJN,20.4,11.3,2nd quarter,6:27.0,Mark Blount,DEN,True,2-pointer,7,22-40,'NJN',trails
345,345,345,200211180NJN,37.6,25.2,2nd quarter,5:33.0,Chris Whitney,DEN,True,3-pointer,24,25-42,'NJN',trails
346,346,346,200211180NJN,18.3,17.2,2nd quarter,4:08.0,Chris Whitney,DEN,False,2-pointer,13,25-44,'NJN',trails
347,347,347,200211180NJN,22.7,21.9,2nd quarter,3:46.0,Nikoloz Tskitishvili,DEN,True,2-pointer,17,27-45,'NJN',trails
348,348,348,200211180NJN,32.0,8.1,2nd quarter,2:09.0,Mark Blount,DEN,False,2-pointer,9,27-50,'NJN',trails
349,349,349,200211180NJN,32.0,19.6,2nd quarter,1:43.0,Junior Harrington,DEN,True,2-pointer,17,29-50,'NJN',trails
350,350,350,200211180NJN,6.8,5.3,2nd quarter,1:10.0,Juwan Howard,DEN,False,2-pointer,17,29-53,'NJN',trails
351,351,351,200211180NJN,3.8,6.8,2nd quarter,0:51.5,Chris Whitney,DEN,False,2-pointer,20,29-53,'NJN',trails
352,352,352,200211180NJN,39.8,18.0,2nd quarter,0:31.5,Nikoloz Tskitishvili,DEN,False,2-pointer,20,29-55,'NJN',trails
353,353,353,200211180NJN,27.1,21.9,3rd quarter,11:25.0,Juwan Howard,DEN,True,2-pointer,17,31-55,'NJN',trails
354,354,354,200211180NJN,24.0,5.0,3rd quarter,10:48.0,Mark Blount,DEN,False,2-pointer,0,31-55,'NJN',trails
355,355,355,200211180NJN,34.2,16.4,3rd quarter,10:14.0,Juwan Howard,DEN,False,2-pointer,15,31-55,'NJN',trails
356,356,356,200211180NJN,24.0,5.0,3rd quarter,10:09.0,Mark Blount,DEN,False,2-pointer,0,31-55,'NJN',trails
357,357,357,200211180NJN,24.0,5.0,3rd quarter,9:51.0,Mark Blount,DEN,False,2-pointer,0,31-57,'NJN',trails
358,358,358,200211180NJN,24.0,5.0,3rd quarter,9:48.0,James Posey,DEN,False,2-pointer,0,31-57,'NJN',trails
359,359,359,200211180NJN,24.0,5.0,3rd quarter,9:46.0,James Posey,DEN,False,2-pointer,0,31-57,'NJN',trails
360,360,360,200211180NJN,42.4,5.7,3rd quarter,9:20.0,Kenny Satterfield,DEN,True,2-pointer,18,33-59,'NJN',trails
361,361,361,200211180NJN,11.5,15.0,3rd quarter,8:45.0,Kenny Satterfield,DEN,False,2-pointer,16,33-61,'NJN',trails
362,362,362,200211180NJN,24.0,5.0,3rd quarter,8:14.0,Mark Blount,DEN,True,2-pointer,0,35-61,'NJN',trails
363,363,363,200211180NJN,42.1,9.0,3rd quarter,7:23.0,Ryan Bowen,DEN,True,2-pointer,19,37-62,'NJN',trails
364,364,364,200211180NJN,24.0,5.0,3rd quarter,7:02.0,James Posey,DEN,True,2-pointer,0,39-62,'NJN',trails
365,365,365,200211180NJN,24.0,5.0,3rd quarter,6:40.0,James Posey,DEN,False,2-pointer,0,40-62,'NJN',trails
366,366,366,200211180NJN,24.0,5.0,3rd quarter,5:38.0,Ryan Bowen,DEN,False,2-pointer,0,40-65,'NJN',trails
367,367,367,200211180NJN,47.6,8.1,3rd quarter,5:10.0,James Posey,DEN,False,3-pointer,24,40-68,'NJN',trails
368,368,368,200211180NJN,23.8,20.3,3rd quarter,4:43.0,Chris Andersen,DEN,False,2-pointer,15,40-70,'NJN',trails
369,369,369,200211180NJN,38.1,17.8,3rd quarter,4:23.0,Junior Harrington,DEN,True,2-pointer,19,42-70,'NJN',trails
370,370,370,200211180NJN,24.0,5.0,3rd quarter,3:57.0,Ryan Bowen,DEN,True,2-pointer,0,44-70,'NJN',trails
371,371,371,200211180NJN,24.0,5.0,3rd quarter,3:23.0,Nenê missed,DEN,False,2-pointer,0,44-70,'NJN',trails
372,372,372,200211180NJN,34.2,17.3,3rd quarter,3:12.0,Junior Harrington,DEN,True,2-pointer,16,46-70,'NJN',trails
373,373,373,200211180NJN,24.0,5.0,3rd quarter,2:32.0,Chris Andersen,DEN,False,2-pointer,0,46-74,'NJN',trails
374,374,374,200211180NJN,40.4,24.1,3rd quarter,1:06.0,James Posey,DEN,False,3-pointer,25,48-80,'NJN',trails
375,375,375,200211180NJN,30.6,9.6,3rd quarter,0:54.8,Nenê missed,DEN,False,2-pointer,8,48-80,'NJN',trails
376,376,376,200211180NJN,11.5,22.1,3rd quarter,0:01.1,Nikoloz Tskitishvili,DEN,False,2-pointer,21,48-83,'NJN',trails
377,377,377,200211180NJN,10.4,25.2,4th quarter,11:24.0,Nikoloz Tskitishvili,DEN,False,3-pointer,24,48-83,'NJN',trails
378,378,378,200211180NJN,35.7,20.8,4th quarter,11:08.0,Kenny Satterfield,DEN,True,2-pointer,20,50-83,'NJN',trails
379,379,379,200211180NJN,12.0,8.8,4th quarter,10:25.0,Rodney White,DEN,True,2-pointer,13,52-85,'NJN',trails
380,380,380,200211180NJN,24.0,5.0,4th quarter,10:08.0,Kenny Satterfield,DEN,False,2-pointer,0,52-85,'NJN',trails
381,381,381,200211180NJN,24.0,5.0,4th quarter,10:04.0,Nikoloz Tskitishvili,DEN,True,2-pointer,0,54-85,'NJN',trails
382,382,382,200211180NJN,24.0,5.0,4th quarter,9:29.0,Chris Andersen,DEN,False,2-pointer,0,54-87,'NJN',trails
383,383,383,200211180NJN,24.0,5.0,4th quarter,9:25.0,Nenê missed,DEN,False,2-pointer,0,54-87,'NJN',trails
384,384,384,200211180NJN,39.4,7.8,4th quarter,8:52.0,Nenê missed,DEN,False,2-pointer,16,55-89,'NJN',trails
385,385,385,200211180NJN,24.0,5.0,4th quarter,8:11.0,Rodney White,DEN,True,2-pointer,0,57-89,'NJN',trails
386,386,386,200211180NJN,24.0,20.0,4th quarter,7:20.0,Chris Andersen,DEN,True,2-pointer,15,59-91,'NJN',trails
387,387,387,200211180NJN,10.5,19.0,4th quarter,6:41.0,Kenny Satterfield,DEN,True,2-pointer,19,61-91,'NJN',trails
388,388,388,200211180NJN,24.0,5.0,4th quarter,6:23.0,Kenny Satterfield,DEN,True,2-pointer,0,63-91,'NJN',trails
389,389,389,200211180NJN,24.0,5.0,4th quarter,6:02.0,Kenny Satterfield,DEN,True,2-pointer,0,65-91,'NJN',trails
390,390,390,200211180NJN,26.4,10.4,4th quarter,5:34.0,Rodney White,DEN,True,2-pointer,6,67-93,'NJN',trails
391,391,391,200211180NJN,33.0,5.2,4th quarter,5:04.0,Kenny Satterfield,DEN,False,2-pointer,9,67-93,'NJN',trails
392,392,392,200211180NJN,38.8,25.7,4th quarter,4:27.0,Kenny Satterfield,DEN,True,3-pointer,25,70-95,'NJN',trails
393,393,393,200211180NJN,8.2,25.2,4th quarter,3:50.0,Kenny Satterfield,DEN,False,3-pointer,26,70-97,'NJN',trails
394,394,394,200211180NJN,24.0,5.0,4th quarter,2:21.0,Donnell Harvey,DEN,False,2-pointer,0,70-97,'NJN',trails
395,395,395,200211180NJN,9.9,25.7,4th quarter,1:58.0,Nikoloz Tskitishvili,DEN,True,3-pointer,25,73-97,'NJN',trails
396,396,396,200211180NJN,24.0,5.0,4th quarter,1:40.0,Donnell Harvey,DEN,False,2-pointer,0,73-97,'NJN',trails
397,397,397,200211180NJN,24.0,30.8,4th quarter,1:23.0,Rodney White,DEN,False,3-pointer,26,73-97,'NJN',trails
398,398,398,200211180NJN,24.0,5.0,4th quarter,1:19.0,Nenê made,DEN,True,2-pointer,0,75-97,'NJN',trails
399,399,399,200211180NJN,24.0,5.0,4th quarter,1:01.0,Kenny Satterfield,DEN,False,2-pointer,0,75-97,'NJN',trails
400,400,400,200211180NJN,24.0,5.0,4th quarter,0:40.0,Rodney White,DEN,False,2-pointer,0,75-97,'NJN',trails
401,401,401,200211180NJN,23.2,8.0,4th quarter,0:36.3,Rodney White,DEN,True,2-pointer,3,77-97,'NJN',trails
402,402,402,200211180NJN,24.0,5.0,4th quarter,0:16.5,Nenê made,DEN,True,2-pointer,0,79-99,'NJN',trails
403,403,403,200211180NJN,24.0,5.0,1st quarter,11:29.0,Jason Kidd,NJN,False,2-pointer,0,0-0,'NJN',tied
404,404,404,200211180NJN,9.9,25.6,1st quarter,10:53.0,Jason Kidd,NJN,True,3-pointer,25,3-0,'NJN',leads
405,405,405,200211180NJN,39.6,23.3,1st quarter,10:12.0,Jason Kidd,NJN,True,3-pointer,24,6-2,'NJN',leads
406,406,406,200211180NJN,24.0,5.0,1st quarter,10:00.0,Kerry Kittles,NJN,True,2-pointer,0,8-2,'NJN',leads
407,407,407,200211180NJN,12.0,7.5,1st quarter,9:44.0,Kerry Kittles,NJN,True,2-pointer,12,10-2,'NJN',leads
408,408,408,200211180NJN,10.5,19.1,1st quarter,9:18.0,Kenyon Martin,NJN,False,2-pointer,20,10-4,'NJN',leads
409,409,409,200211180NJN,24.0,5.0,1st quarter,8:36.0,Jason Kidd,NJN,True,2-pointer,0,12-4,'NJN',leads
410,410,410,200211180NJN,28.4,6.7,1st quarter,7:53.0,Jason Kidd,NJN,True,2-pointer,5,14-7,'NJN',leads
411,411,411,200211180NJN,43.4,6.3,1st quarter,7:12.0,Richard Jefferson,NJN,False,2-pointer,19,14-7,'NJN',leads
412,412,412,200211180NJN,26.3,26.2,1st quarter,6:34.0,Richard Jefferson,NJN,True,2-pointer,21,16-7,'NJN',leads
413,413,413,200211180NJN,38.4,25.1,1st quarter,5:52.0,Jason Kidd,NJN,True,3-pointer,25,19-7,'NJN',leads
414,414,414,200211180NJN,15.8,6.3,1st quarter,4:54.0,Kenyon Martin,NJN,True,2-pointer,8,21-9,'NJN',leads
415,415,415,200211180NJN,24.0,5.0,1st quarter,4:30.0,Richard Jefferson,NJN,True,2-pointer,0,23-9,'NJN',leads
416,416,416,200211180NJN,13.2,24.6,1st quarter,3:29.0,Kenyon Martin,NJN,True,2-pointer,22,25-11,'NJN',leads
417,417,417,200211180NJN,24.0,5.0,1st quarter,2:27.0,Lucious Harris,NJN,False,2-pointer,0,25-13,'NJN',leads
418,418,418,200211180NJN,24.0,5.0,1st quarter,1:57.0,Aaron Williams,NJN,False,2-pointer,0,25-13,'NJN',leads
419,419,419,200211180NJN,24.0,5.0,1st quarter,1:55.0,Aaron Williams,NJN,True,2-pointer,0,27-13,'NJN',leads
420,420,420,200211180NJN,24.0,30.0,1st quarter,1:20.0,Kenyon Martin,NJN,True,3-pointer,25,30-13,'NJN',leads
421,421,421,200211180NJN,7.9,6.2,1st quarter,0:50.0,Kenyon Martin,NJN,False,2-pointer,16,30-13,'NJN',leads
422,422,422,200211180NJN,24.0,5.0,1st quarter,0:20.6,Aaron Williams,NJN,False,2-pointer,0,30-15,'NJN',leads
423,423,423,200211180NJN,44.2,9.5,2nd quarter,11:41.0,Lucious Harris,NJN,True,2-pointer,21,32-15,'NJN',leads
424,424,424,200211180NJN,17.4,30.0,2nd quarter,10:53.0,Rodney Rogers,NJN,False,3-pointer,26,32-15,'NJN',leads
425,425,425,200211180NJN,24.0,5.0,2nd quarter,10:35.0,Lucious Harris,NJN,False,2-pointer,0,32-15,'NJN',leads
426,426,426,200211180NJN,6.1,7.3,2nd quarter,10:11.0,Aaron Williams,NJN,False,2-pointer,18,32-15,'NJN',leads
427,427,427,200211180NJN,15.1,28.5,2nd quarter,9:36.0,Anthony Johnson,NJN,True,3-pointer,25,35-15,'NJN',leads
428,428,428,200211180NJN,24.0,5.0,2nd quarter,9:05.0,Anthony Johnson,NJN,True,2-pointer,0,37-15,'NJN',leads
429,429,429,200211180NJN,45.2,17.8,2nd quarter,8:35.0,Anthony Johnson,NJN,False,3-pointer,25,37-15,'NJN',leads
430,430,430,200211180NJN,43.0,5.8,2nd quarter,7:54.0,Jason Collins,NJN,True,2-pointer,19,39-17,'NJN',leads
431,431,431,200211180NJN,26.8,8.1,2nd quarter,7:28.0,Rodney Rogers,NJN,False,2-pointer,4,39-17,'NJN',leads
432,432,432,200211180NJN,19.6,16.5,2nd quarter,6:11.0,Jason Collins,NJN,False,2-pointer,12,40-22,'NJN',leads
433,433,433,200211180NJN,38.0,8.0,2nd quarter,6:07.0,Jason Kidd,NJN,False,2-pointer,14,40-22,'NJN',leads
434,434,434,200211180NJN,10.2,21.8,2nd quarter,5:51.0,Kerry Kittles,NJN,True,2-pointer,22,42-22,'NJN',leads
435,435,435,200211180NJN,46.3,7.3,2nd quarter,3:13.0,Kerry Kittles,NJN,True,3-pointer,22,48-27,'NJN',leads
436,436,436,200211180NJN,24.0,5.0,2nd quarter,2:54.0,Jason Kidd,NJN,True,2-pointer,0,50-27,'NJN',leads
437,437,437,200211180NJN,47.0,6.5,2nd quarter,1:52.0,Jason Kidd,NJN,False,3-pointer,23,50-27,'NJN',leads
438,438,438,200211180NJN,43.0,21.1,2nd quarter,1:26.0,Kerry Kittles,NJN,True,3-pointer,25,53-29,'NJN',leads
439,439,439,200211180NJN,29.7,6.3,2nd quarter,1:00.0,Kerry Kittles,NJN,False,2-pointer,6,53-29,'NJN',leads
440,440,440,200211180NJN,24.0,5.0,2nd quarter,0:46.3,Kenyon Martin,NJN,True,2-pointer,0,55-29,'NJN',leads
441,441,441,200211180NJN,24.3,29.7,2nd quarter,0:25.5,Jason Kidd,NJN,False,3-pointer,25,55-29,'NJN',leads
442,442,442,200211180NJN,33.4,23.1,2nd quarter,0:05.5,Kenyon Martin,NJN,False,2-pointer,20,55-29,'NJN',leads
443,443,443,200211180NJN,8.4,18.8,3rd quarter,11:41.0,Richard Jefferson,NJN,False,2-pointer,21,55-29,'NJN',leads
444,444,444,200211180NJN,23.8,19.8,3rd quarter,11:06.0,Jason Kidd,NJN,False,2-pointer,15,55-31,'NJN',leads
445,445,445,200211180NJN,38.3,6.3,3rd quarter,10:33.0,Kerry Kittles,NJN,False,2-pointer,14,55-31,'NJN',leads
446,446,446,200211180NJN,24.0,5.0,3rd quarter,10:02.0,Jason Kidd,NJN,True,2-pointer,0,57-31,'NJN',leads
447,447,447,200211180NJN,24.0,5.0,3rd quarter,9:40.0,Jason Kidd,NJN,True,2-pointer,0,59-31,'NJN',leads
448,448,448,200211180NJN,24.0,14.2,3rd quarter,8:21.0,Richard Jefferson,NJN,False,2-pointer,9,61-33,'NJN',leads
449,449,449,200211180NJN,24.0,5.0,3rd quarter,6:46.0,Dikembe Mutombo,NJN,False,2-pointer,0,62-40,'NJN',leads
450,450,450,200211180NJN,24.0,5.0,3rd quarter,6:27.0,Richard Jefferson,NJN,True,2-pointer,0,64-40,'NJN',leads
451,451,451,200211180NJN,30.4,28.5,3rd quarter,5:31.0,Jason Kidd,NJN,True,3-pointer,24,68-40,'NJN',leads
452,452,452,200211180NJN,24.0,5.0,3rd quarter,5:03.0,Kerry Kittles,NJN,True,2-pointer,0,70-40,'NJN',leads
453,453,453,200211180NJN,38.9,25.2,3rd quarter,4:05.0,Kenyon Martin,NJN,False,3-pointer,25,70-42,'NJN',leads
454,454,454,200211180NJN,24.0,5.0,3rd quarter,2:23.0,Kenyon Martin,NJN,True,2-pointer,0,76-46,'NJN',leads
455,455,455,200211180NJN,24.0,5.0,3rd quarter,2:06.0,Kenyon Martin,NJN,True,2-pointer,0,78-46,'NJN',leads
456,456,456,200211180NJN,24.0,5.0,3rd quarter,1:45.0,Richard Jefferson,NJN,True,2-pointer,0,80-46,'NJN',leads
457,457,457,200211180NJN,34.5,20.0,3rd quarter,0:38.8,Richard Jefferson,NJN,True,2-pointer,18,82-48,'NJN',leads
458,458,458,200211180NJN,24.0,5.0,3rd quarter,0:18.4,Richard Jefferson,NJN,False,2-pointer,0,82-48,'NJN',leads
459,459,459,200211180NJN,24.0,5.0,4th quarter,10:50.0,Aaron Williams,NJN,False,2-pointer,0,83-50,'NJN',leads
460,460,460,200211180NJN,17.9,8.5,4th quarter,10:41.0,Rodney Rogers,NJN,True,2-pointer,7,85-50,'NJN',leads
461,461,461,200211180NJN,8.2,6.0,4th quarter,9:40.0,Rodney Rogers,NJN,True,2-pointer,16,87-54,'NJN',leads
462,462,462,200211180NJN,23.7,13.1,4th quarter,9:07.0,Jason Collins,NJN,True,2-pointer,8,89-55,'NJN',leads
463,463,463,200211180NJN,24.0,5.0,4th quarter,7:39.0,Jason Collins,NJN,True,2-pointer,0,91-57,'NJN',leads
464,464,464,200211180NJN,36.1,20.3,4th quarter,7:06.0,Anthony Johnson,NJN,False,2-pointer,20,91-59,'NJN',leads
465,465,465,200211180NJN,24.0,5.0,4th quarter,6:10.0,Rodney Rogers,NJN,False,2-pointer,0,91-63,'NJN',leads
466,466,466,200211180NJN,15.3,20.6,4th quarter,5:43.0,Brian Scalabrine,NJN,True,2-pointer,18,93-65,'NJN',leads
467,467,467,200211180NJN,37.5,4.7,4th quarter,5:14.0,Brian Scalabrine,NJN,False,2-pointer,14,93-67,'NJN',leads
468,468,468,200211180NJN,24.0,5.0,4th quarter,4:40.0,Anthony Johnson,NJN,True,2-pointer,0,95-67,'NJN',leads
469,469,469,200211180NJN,24.0,5.0,4th quarter,4:15.0,Anthony Johnson,NJN,True,2-pointer,0,97-70,'NJN',leads
470,470,470,200211180NJN,24.0,5.0,4th quarter,3:38.0,Rodney Rogers,NJN,False,2-pointer,0,97-70,'NJN',leads
471,471,471,200211180NJN,16.1,5.2,4th quarter,2:43.0,Jason Collins,NJN,False,2-pointer,8,97-70,'NJN',leads
472,472,472,200211180NJN,24.0,5.0,4th quarter,0:54.5,Anthony Johnson,NJN,False,2-pointer,0,97-75,'NJN',leads
473,473,473,200211180NYK,24.0,5.0,1st quarter,11:19.0,Richard Hamilton,DET,True,2-pointer,0,2-0,'NYK',leads
474,474,474,200211180NYK,24.0,5.0,1st quarter,10:04.0,Richard Hamilton,DET,False,2-pointer,0,2-6,'NYK',trails
475,475,475,200211180NYK,33.4,9.1,1st quarter,9:45.0,Željko Rebrača,DET,False,2-pointer,10,2-6,'NYK',trails
476,476,476,200211180NYK,29.1,11.9,1st quarter,9:17.0,Željko Rebrača,DET,True,2-pointer,9,4-8,'NYK',trails
477,477,477,200211180NYK,11.2,5.3,1st quarter,8:38.0,Richard Hamilton,DET,True,2-pointer,13,6-10,'NYK',trails
478,478,478,200211180NYK,6.9,5.7,1st quarter,7:57.0,Richard Hamilton,DET,False,2-pointer,17,7-12,'NYK',trails
479,479,479,200211180NYK,14.5,4.9,1st quarter,7:32.0,Richard Hamilton,DET,False,2-pointer,10,7-14,'NYK',trails
480,480,480,200211180NYK,33.4,8.1,1st quarter,7:23.0,Željko Rebrača,DET,False,2-pointer,10,7-14,'NYK',trails
481,481,481,200211180NYK,24.6,8.8,1st quarter,6:48.0,Ben Wallace,DET,True,2-pointer,4,9-16,'NYK',trails
482,482,482,200211180NYK,12.5,6.8,1st quarter,5:59.0,Ben Wallace,DET,False,2-pointer,12,9-18,'NYK',trails
483,483,483,200211180NYK,15.1,28.3,1st quarter,4:56.0,Chauncey Billups,DET,False,3-pointer,25,10-20,'NYK',trails
484,484,484,200211180NYK,36.8,20.3,1st quarter,4:22.0,Richard Hamilton,DET,True,2-pointer,20,12-23,'NYK',trails
485,485,485,200211180NYK,24.0,5.0,1st quarter,1:24.0,Corliss Williamson,DET,False,2-pointer,0,18-34,'NYK',trails
486,486,486,200211180NYK,24.0,5.0,1st quarter,0:58.2,Ben Wallace,DET,True,2-pointer,0,20-34,'NYK',trails
487,487,487,200211180NYK,24.1,8.1,1st quarter,0:27.3,Clifford Robinson,DET,False,2-pointer,3,20-36,'NYK',trails
488,488,488,200211180NYK,21.5,9.6,1st quarter,0:00.2,Chucky Atkins,DET,False,2-pointer,5,20-38,'NYK',trails
489,489,489,200211180NYK,24.0,5.0,2nd quarter,11:46.0,Corliss Williamson,DET,False,2-pointer,0,20-38,'NYK',trails
490,490,490,200211180NYK,24.0,5.0,2nd quarter,11:43.0,Corliss Williamson,DET,False,2-pointer,0,20-38,'NYK',trails
491,491,491,200211180NYK,39.4,5.0,2nd quarter,11:18.0,Mehmet Okur,DET,False,2-pointer,15,20-38,'NYK',trails
492,492,492,200211180NYK,24.0,5.0,2nd quarter,11:04.0,Corliss Williamson,DET,True,2-pointer,0,22-38,'NYK',trails
493,493,493,200211180NYK,35.5,5.8,2nd quarter,10:11.0,Mehmet Okur,DET,False,2-pointer,12,22-40,'NYK',trails
494,494,494,200211180NYK,24.0,5.0,2nd quarter,10:10.0,Corliss Williamson,DET,False,2-pointer,0,22-40,'NYK',trails
495,495,495,200211180NYK,10.7,6.0,2nd quarter,9:41.0,Corliss Williamson,DET,False,2-pointer,13,22-40,'NYK',trails
496,496,496,200211180NYK,37.0,20.8,2nd quarter,9:17.0,Chucky Atkins,DET,False,2-pointer,20,22-42,'NYK',trails
497,497,497,200211180NYK,24.0,5.0,2nd quarter,9:06.0,Jon Barry,DET,False,2-pointer,0,22-42,'NYK',trails
498,498,498,200211180NYK,27.9,29.8,2nd quarter,8:28.0,Clifford Robinson,DET,False,3-pointer,25,22-44,'NYK',trails
499,499,499,200211180NYK,37.3,4.9,2nd quarter,7:47.0,Mehmet Okur,DET,False,2-pointer,13,22-46,'NYK',trails
500,500,500,200211180NYK,11.7,19.5,2nd quarter,7:43.0,Jon Barry,DET,False,2-pointer,19,22-46,'NYK',trails
501,501,501,200211180NYK,24.0,5.0,2nd quarter,7:11.0,Chucky Atkins,DET,False,2-pointer,0,22-48,'NYK',trails
502,502,502,200211180NYK,24.0,5.0,2nd quarter,6:55.0,Clifford Robinson,DET,True,2-pointer,0,24-48,'NYK',trails
503,503,503,200211180NYK,11.7,21.9,2nd quarter,6:00.0,Richard Hamilton,DET,False,2-pointer,21,24-50,'NYK',trails
504,504,504,200211180NYK,24.0,5.0,2nd quarter,5:38.0,Richard Hamilton,DET,True,2-pointer,0,26-50,'NYK',trails
505,505,505,200211180NYK,23.7,9.5,2nd quarter,4:47.0,Corliss Williamson,DET,False,2-pointer,5,26-51,'NYK',trails
506,506,506,200211180NYK,37.3,6.3,2nd quarter,4:05.0,Richard Hamilton,DET,False,2-pointer,13,26-53,'NYK',trails
507,507,507,200211180NYK,47.8,4.5,2nd quarter,3:28.0,Tayshaun Prince,DET,False,3-pointer,24,26-55,'NYK',trails
508,508,508,200211180NYK,23.0,10.1,2nd quarter,3:24.0,Chucky Atkins,DET,False,2-pointer,5,26-55,'NYK',trails
509,509,509,200211180NYK,40.3,6.0,2nd quarter,2:32.0,Chucky Atkins,DET,True,2-pointer,16,28-57,'NYK',trails
510,510,510,200211180NYK,16.8,5.8,2nd quarter,1:57.0,Clifford Robinson,DET,True,2-pointer,7,30-59,'NYK',trails
511,511,511,200211180NYK,24.8,9.5,2nd quarter,1:17.0,Clifford Robinson,DET,True,2-pointer,5,32-62,'NYK',trails
512,512,512,200211180NYK,13.8,8.8,2nd quarter,0:38.2,Clifford Robinson,DET,True,2-pointer,11,34-62,'NYK',trails
513,513,513,200211180NYK,13.2,9.6,2nd quarter,0:01.3,Clifford Robinson,DET,False,2-pointer,12,34-64,'NYK',trails
514,514,514,200211180NYK,24.0,5.0,3rd quarter,11:42.0,Željko Rebrača,DET,False,2-pointer,0,34-64,'NYK',trails
515,515,515,200211180NYK,37.8,24.7,3rd quarter,10:47.0,Richard Hamilton,DET,True,3-pointer,24,37-66,'NYK',trails
516,516,516,200211180NYK,24.0,5.0,3rd quarter,10:12.0,Chucky Atkins,DET,True,2-pointer,0,39-66,'NYK',trails
517,517,517,200211180NYK,24.8,9.6,3rd quarter,9:41.0,Željko Rebrača,DET,False,2-pointer,5,39-66,'NYK',trails
518,518,518,200211180NYK,47.0,9.6,3rd quarter,9:05.0,Richard Hamilton,DET,True,3-pointer,23,42-68,'NYK',trails
519,519,519,200211180NYK,39.1,19.3,3rd quarter,8:16.0,Chucky Atkins,DET,True,2-pointer,21,44-68,'NYK',trails
520,520,520,200211180NYK,24.0,5.0,3rd quarter,7:25.0,Chucky Atkins,DET,False,2-pointer,0,44-73,'NYK',trails
521,521,521,200211180NYK,24.0,5.0,3rd quarter,7:24.0,Željko Rebrača,DET,True,2-pointer,0,46-73,'NYK',trails
522,522,522,200211180NYK,4.0,8.8,3rd quarter,6:31.0,Chucky Atkins,DET,True,2-pointer,20,48-73,'NYK',trails
523,523,523,200211180NYK,27.3,7.0,3rd quarter,5:50.0,Željko Rebrača,DET,True,2-pointer,4,50-73,'NYK',trails
524,524,524,200211180NYK,33.5,11.6,3rd quarter,3:38.0,Željko Rebrača,DET,False,2-pointer,12,52-78,'NYK',trails
525,525,525,200211180NYK,24.0,5.0,3rd quarter,3:04.0,Clifford Robinson,DET,True,2-pointer,0,54-80,'NYK',trails
526,526,526,200211180NYK,25.0,13.6,3rd quarter,2:20.0,Clifford Robinson,DET,False,2-pointer,9,54-82,'NYK',trails
527,527,527,200211180NYK,6.8,21.6,3rd quarter,2:15.0,Chucky Atkins,DET,False,3-pointer,24,54-82,'NYK',trails
528,528,528,200211180NYK,24.0,23.7,3rd quarter,1:58.0,Corliss Williamson,DET,False,2-pointer,19,54-82,'NYK',trails
529,529,529,200211180NYK,16.3,8.8,3rd quarter,1:18.0,Corliss Williamson,DET,False,2-pointer,9,54-82,'NYK',trails
530,530,530,200211180NYK,25.5,8.5,3rd quarter,1:15.0,Ben Wallace,DET,False,2-pointer,4,54-82,'NYK',trails
531,531,531,200211180NYK,13.0,7.3,3rd quarter,1:00.0,Richard Hamilton,DET,False,2-pointer,11,54-82,'NYK',trails
532,532,532,200211180NYK,24.0,5.0,3rd quarter,0:59.8,Ben Wallace,DET,True,2-pointer,0,56-82,'NYK',trails
533,533,533,200211180NYK,35.0,8.8,3rd quarter,0:33.2,Richard Hamilton,DET,False,2-pointer,12,56-82,'NYK',trails
534,534,534,200211180NYK,30.2,9.1,3rd quarter,0:29.6,Richard Hamilton,DET,True,2-pointer,7,58-82,'NYK',trails
535,535,535,200211180NYK,30.6,5.8,4th quarter,11:22.0,Clifford Robinson,DET,True,2-pointer,7,62-82,'NYK',trails
536,536,536,200211180NYK,20.9,6.5,4th quarter,10:21.0,Corliss Williamson,DET,False,2-pointer,3,63-82,'NYK',trails
537,537,537,200211180NYK,24.0,5.0,4th quarter,10:19.0,Corliss Williamson,DET,True,2-pointer,0,65-82,'NYK',trails
538,538,538,200211180NYK,36.5,4.4,4th quarter,9:38.0,Corliss Williamson,DET,False,2-pointer,13,65-82,'NYK',trails
539,539,539,200211180NYK,32.9,6.0,4th quarter,8:43.0,Corliss Williamson,DET,False,2-pointer,9,65-84,'NYK',trails
540,540,540,200211180NYK,10.7,25.9,4th quarter,8:38.0,Jon Barry,DET,False,3-pointer,25,65-84,'NYK',trails
541,541,541,200211180NYK,38.8,26.2,4th quarter,8:11.0,Jon Barry,DET,False,3-pointer,26,65-84,'NYK',trails
542,542,542,200211180NYK,28.1,5.8,4th quarter,7:45.0,Chucky Atkins,DET,False,2-pointer,4,65-84,'NYK',trails
543,543,543,200211180NYK,3.5,5.2,4th quarter,7:36.0,Jon Barry,DET,False,2-pointer,21,65-84,'NYK',trails
544,544,544,200211180NYK,24.0,5.0,4th quarter,7:08.0,Jon Barry,DET,True,2-pointer,0,67-84,'NYK',trails
545,545,545,200211180NYK,12.8,20.8,4th quarter,6:39.0,Clifford Robinson,DET,False,2-pointer,19,67-86,'NYK',trails
546,546,546,200211180NYK,31.7,4.9,4th quarter,6:00.0,Clifford Robinson,DET,True,2-pointer,8,71-86,'NYK',trails
547,547,547,200211180NYK,24.0,5.0,4th quarter,5:19.0,Richard Hamilton,DET,True,2-pointer,0,73-86,'NYK',trails
548,548,548,200211180NYK,24.0,5.0,4th quarter,4:27.0,Ben Wallace,DET,True,2-pointer,0,75-89,'NYK',trails
549,549,549,200211180NYK,24.0,5.0,4th quarter,3:46.0,Richard Hamilton,DET,True,2-pointer,0,78-89,'NYK',trails
550,550,550,200211180NYK,24.3,9.0,4th quarter,3:06.0,Clifford Robinson,DET,True,2-pointer,4,80-89,'NYK',trails
551,551,551,200211180NYK,24.0,8.0,4th quarter,2:35.0,Clifford Robinson,DET,False,2-pointer,3,80-90,'NYK',trails
552,552,552,200211180NYK,24.0,5.0,4th quarter,2:10.0,Chucky Atkins,DET,True,2-pointer,0,82-90,'NYK',trails
553,553,553,200211180NYK,24.0,5.0,4th quarter,0:48.3,Chucky Atkins,DET,False,2-pointer,0,85-91,'NYK',trails
554,554,554,200211180NYK,24.0,5.0,4th quarter,0:47.2,Ben Wallace,DET,True,2-pointer,0,87-91,'NYK',trails
555,555,555,200211180NYK,24.0,5.0,4th quarter,0:23.6,Richard Hamilton,DET,True,2-pointer,0,89-91,'NYK',trails
556,556,556,200211180NYK,24.0,5.0,4th quarter,0:09.6,Richard Hamilton,DET,True,2-pointer,0,91-92,'NYK',trails
557,557,557,200211180NYK,24.0,5.0,1st quarter,11:40.0,Clarence Weatherspoon,NYK,False,2-pointer,0,0-0,'NYK',tied
558,558,558,200211180NYK,33.8,4.7,1st quarter,11:06.0,Allan Houston,NYK,True,2-pointer,10,2-2,'NYK',tied
559,559,559,200211180NYK,24.0,5.0,1st quarter,11:04.0,Clarence Weatherspoon,NYK,True,2-pointer,0,4-2,'NYK',leads
560,560,560,200211180NYK,29.1,8.0,1st quarter,10:18.0,Kurt Thomas,NYK,True,2-pointer,6,6-2,'NYK',leads
561,561,561,200211180NYK,32.9,9.1,1st quarter,8:59.0,Kurt Thomas,NYK,False,2-pointer,10,8-4,'NYK',leads
562,562,562,200211180NYK,9.1,14.5,1st quarter,8:56.0,Allan Houston,NYK,True,2-pointer,18,10-4,'NYK',leads
563,563,563,200211180NYK,24.0,5.0,1st quarter,8:18.0,Clarence Weatherspoon,NYK,True,2-pointer,0,12-7,'NYK',leads
564,564,564,200211180NYK,14.5,6.3,1st quarter,7:48.0,Kurt Thomas,NYK,True,2-pointer,10,14-7,'NYK',leads
565,565,565,200211180NYK,11.7,4.9,1st quarter,7:09.0,Kurt Thomas,NYK,True,2-pointer,12,16-7,'NYK',leads
566,566,566,200211180NYK,24.0,5.0,1st quarter,6:29.0,Allan Houston,NYK,False,2-pointer,0,16-9,'NYK',leads
567,567,567,200211180NYK,20.1,5.2,1st quarter,6:25.0,Allan Houston,NYK,True,2-pointer,4,18-9,'NYK',leads
568,568,568,200211180NYK,17.8,6.5,1st quarter,5:41.0,Kurt Thomas,NYK,True,2-pointer,6,20-9,'NYK',leads
569,569,569,200211180NYK,7.2,22.4,1st quarter,4:47.0,Latrell Sprewell,NYK,True,3-pointer,24,23-10,'NYK',leads
570,570,570,200211180NYK,24.0,5.0,1st quarter,4:02.0,Allan Houston,NYK,False,2-pointer,0,23-12,'NYK',leads
571,571,571,200211180NYK,24.0,5.0,1st quarter,3:59.0,Othella Harrington,NYK,True,2-pointer,0,25-12,'NYK',leads
572,572,572,200211180NYK,4.9,6.0,1st quarter,3:24.0,Allan Houston,NYK,True,2-pointer,19,27-13,'NYK',leads
573,573,573,200211180NYK,24.0,5.0,1st quarter,2:20.0,Shandon Anderson,NYK,True,2-pointer,0,31-16,'NYK',leads
574,574,574,200211180NYK,22.9,31.1,1st quarter,1:42.0,Howard Eisley,NYK,True,3-pointer,26,34-18,'NYK',leads
575,575,575,200211180NYK,24.8,8.0,1st quarter,1:14.0,Shandon Anderson,NYK,False,2-pointer,3,34-18,'NYK',leads
576,576,576,200211180NYK,23.8,11.6,1st quarter,0:40.7,Othella Harrington,NYK,True,2-pointer,7,36-20,'NYK',leads
577,577,577,200211180NYK,15.6,19.1,1st quarter,0:05.3,Michael Doleac,NYK,True,2-pointer,16,38-20,'NYK',leads
578,578,578,200211180NYK,24.0,5.0,2nd quarter,11:29.0,Shandon Anderson,NYK,False,2-pointer,0,38-20,'NYK',leads
579,579,579,200211180NYK,13.5,7.2,2nd quarter,11:11.0,Lee Nailon,NYK,False,2-pointer,11,38-20,'NYK',leads
580,580,580,200211180NYK,20.9,10.3,2nd quarter,10:40.0,Lee Nailon,NYK,True,2-pointer,6,40-22,'NYK',leads
581,581,581,200211180NYK,24.6,27.5,2nd quarter,9:33.0,Michael Doleac,NYK,True,2-pointer,23,42-22,'NYK',leads
582,582,582,200211180NYK,15.6,5.5,2nd quarter,8:47.0,Shandon Anderson,NYK,True,2-pointer,8,44-22,'NYK',leads
583,583,583,200211180NYK,11.0,9.9,2nd quarter,8:09.0,Michael Doleac,NYK,True,2-pointer,14,46-22,'NYK',leads
584,584,584,200211180NYK,24.0,5.0,2nd quarter,7:26.0,Shandon Anderson,NYK,True,2-pointer,0,48-22,'NYK',leads
585,585,585,200211180NYK,12.7,10.4,2nd quarter,6:27.0,Latrell Sprewell,NYK,True,2-pointer,13,50-24,'NYK',leads
586,586,586,200211180NYK,18.4,29.8,2nd quarter,5:42.0,Latrell Sprewell,NYK,False,3-pointer,25,50-24,'NYK',leads
587,587,587,200211180NYK,1.5,8.1,2nd quarter,5:15.0,Allan Houston,NYK,False,3-pointer,23,50-26,'NYK',leads
588,588,588,200211180NYK,27.9,9.9,2nd quarter,4:27.0,Latrell Sprewell,NYK,False,2-pointer,6,51-26,'NYK',leads
589,589,589,200211180NYK,24.0,5.0,2nd quarter,4:17.0,Lee Nailon,NYK,True,2-pointer,0,53-26,'NYK',leads
590,590,590,200211180NYK,15.0,6.5,2nd quarter,3:45.0,Allan Houston,NYK,True,2-pointer,9,55-26,'NYK',leads
591,591,591,200211180NYK,10.7,16.8,2nd quarter,3:03.0,Latrell Sprewell,NYK,False,2-pointer,18,55-26,'NYK',leads
592,592,592,200211180NYK,24.0,5.0,2nd quarter,2:39.0,Allan Houston,NYK,False,2-pointer,0,57-26,'NYK',leads
593,593,593,200211180NYK,14.6,6.3,2nd quarter,2:14.0,Allan Houston,NYK,True,2-pointer,9,59-28,'NYK',leads
594,594,594,200211180NYK,28.6,29.5,2nd quarter,1:35.0,Latrell Sprewell,NYK,True,3-pointer,25,62-30,'NYK',leads
595,595,595,200211180NYK,28.1,7.6,2nd quarter,0:57.0,Lee Nailon,NYK,False,2-pointer,5,62-32,'NYK',leads
596,596,596,200211180NYK,28.6,8.3,2nd quarter,0:49.2,Lee Nailon,NYK,False,2-pointer,6,62-32,'NYK',leads
597,597,597,200211180NYK,24.0,5.0,2nd quarter,0:23.6,Lee Nailon,NYK,True,2-pointer,0,64-34,'NYK',leads
598,598,598,200211180NYK,38.9,12.6,3rd quarter,11:34.0,Allan Houston,NYK,False,2-pointer,17,64-34,'NYK',leads
599,599,599,200211180NYK,11.2,16.0,3rd quarter,11:09.0,Latrell Sprewell,NYK,True,2-pointer,17,66-34,'NYK',leads
600,600,600,200211180NYK,9.4,4.1,3rd quarter,10:29.0,Latrell Sprewell,NYK,False,2-pointer,15,66-37,'NYK',leads
601,601,601,200211180NYK,38.3,4.9,3rd quarter,9:54.0,Kurt Thomas,NYK,False,2-pointer,14,66-39,'NYK',leads
602,602,602,200211180NYK,36.0,11.6,3rd quarter,9:31.0,Allan Houston,NYK,True,2-pointer,14,68-39,'NYK',leads
603,603,603,200211180NYK,34.2,7.5,3rd quarter,8:37.0,Allan Houston,NYK,False,2-pointer,11,68-42,'NYK',leads
604,604,604,200211180NYK,0.7,4.2,3rd quarter,8:32.0,Latrell Sprewell,NYK,False,3-pointer,23,68-42,'NYK',leads
605,605,605,200211180NYK,8.7,17.3,3rd quarter,7:57.0,Allan Houston,NYK,True,2-pointer,20,70-44,'NYK',leads
606,606,606,200211180NYK,24.0,5.0,3rd quarter,7:42.0,Latrell Sprewell,NYK,True,2-pointer,0,73-44,'NYK',leads
607,607,607,200211180NYK,24.0,5.0,3rd quarter,7:06.0,Clarence Weatherspoon,NYK,False,2-pointer,0,73-46,'NYK',leads
608,608,608,200211180NYK,27.8,7.2,3rd quarter,6:38.0,Latrell Sprewell,NYK,False,2-pointer,4,73-46,'NYK',leads
609,609,609,200211180NYK,14.0,6.5,3rd quarter,6:02.0,Latrell Sprewell,NYK,False,2-pointer,10,73-48,'NYK',leads
610,610,610,200211180NYK,10.9,9.6,3rd quarter,5:33.0,Kurt Thomas,NYK,False,2-pointer,14,73-50,'NYK',leads
611,611,611,200211180NYK,35.2,18.2,3rd quarter,4:17.0,Latrell Sprewell,NYK,False,2-pointer,17,75-52,'NYK',leads
612,612,612,200211180NYK,47.6,12.2,3rd quarter,4:00.0,Howard Eisley,NYK,True,3-pointer,25,78-52,'NYK',leads
613,613,613,200211180NYK,29.6,6.7,3rd quarter,3:26.0,Kurt Thomas,NYK,True,2-pointer,6,80-52,'NYK',leads
614,614,614,200211180NYK,34.8,8.3,3rd quarter,2:39.0,Latrell Sprewell,NYK,True,2-pointer,11,82-54,'NYK',leads
615,615,615,200211180NYK,24.0,5.0,3rd quarter,1:42.0,Clarence Weatherspoon,NYK,False,2-pointer,0,82-54,'NYK',leads
616,616,616,200211180NYK,19.6,8.0,3rd quarter,0:41.2,Kurt Thomas,NYK,False,2-pointer,5,82-56,'NYK',leads
617,617,617,200211180NYK,35.8,22.8,3rd quarter,0:07.9,Howard Eisley,NYK,False,2-pointer,21,82-58,'NYK',leads
618,618,618,200211180NYK,32.0,29.0,3rd quarter,0:00.7,Latrell Sprewell,NYK,False,3-pointer,25,82-60,'NYK',leads
619,619,619,200211180NYK,14.0,6.0,4th quarter,11:38.0,Shandon Anderson,NYK,False,2-pointer,10,82-60,'NYK',leads
620,620,620,200211180NYK,27.4,30.0,4th quarter,11:03.0,Latrell Sprewell,NYK,False,3-pointer,25,82-62,'NYK',leads
621,621,621,200211180NYK,24.0,5.0,4th quarter,10:32.0,Michael Doleac,NYK,False,2-pointer,0,82-63,'NYK',leads
622,622,622,200211180NYK,24.0,5.0,4th quarter,10:29.0,Shandon Anderson,NYK,False,2-pointer,0,82-63,'NYK',leads
623,623,623,200211180NYK,24.0,20.0,4th quarter,9:59.0,Michael Doleac,NYK,False,2-pointer,15,82-65,'NYK',leads
624,624,624,200211180NYK,24.0,5.0,4th quarter,9:17.0,Michael Doleac,NYK,False,2-pointer,0,82-65,'NYK',leads
625,625,625,200211180NYK,24.0,5.0,4th quarter,9:13.0,Clarence Weatherspoon,NYK,True,2-pointer,0,84-65,'NYK',leads
626,626,626,200211180NYK,14.3,15.9,4th quarter,8:18.0,Allan Houston,NYK,False,2-pointer,15,84-65,'NYK',leads
627,627,627,200211180NYK,25.1,27.9,4th quarter,7:52.0,Latrell Sprewell,NYK,False,2-pointer,23,84-65,'NYK',leads
628,628,628,200211180NYK,7.4,6.8,4th quarter,7:20.0,Kurt Thomas,NYK,False,2-pointer,17,84-65,'NYK',leads
629,629,629,200211180NYK,35.3,28.0,4th quarter,6:12.0,Shandon Anderson,NYK,False,3-pointer,26,86-69,'NYK',leads
630,630,630,200211180NYK,25.1,8.1,4th quarter,5:41.0,Latrell Sprewell,NYK,False,2-pointer,3,86-71,'NYK',leads
631,631,631,200211180NYK,46.8,11.4,4th quarter,4:48.0,Allan Houston,NYK,True,3-pointer,24,89-73,'NYK',leads
632,632,632,200211180NYK,4.8,5.2,4th quarter,3:51.0,Allan Houston,NYK,False,2-pointer,19,89-76,'NYK',leads
633,633,633,200211180NYK,24.8,10.3,4th quarter,3:21.0,Howard Eisley,NYK,False,2-pointer,5,89-78,'NYK',leads
634,634,634,200211180NYK,10.0,16.8,4th quarter,2:19.0,Latrell Sprewell,NYK,False,2-pointer,18,90-80,'NYK',leads
635,635,635,200211180NYK,33.0,8.0,4th quarter,1:20.0,Allan Houston,NYK,False,2-pointer,9,90-84,'NYK',leads
636,636,636,200211180NYK,24.8,13.2,4th quarter,0:28.6,Allan Houston,NYK,False,2-pointer,8,91-87,'NYK',leads
637,637,637,200211180SAS,4.1,7.5,1st quarter,11:43.0,Jumaine Jones,CLE,True,2-pointer,20,2-0,'SAS',leads
638,638,638,200211180SAS,11.4,5.7,1st quarter,11:17.0,Zydrunas Ilgauskas,CLE,True,2-pointer,13,4-2,'SAS',leads
639,639,639,200211180SAS,37.0,7.8,1st quarter,10:47.0,Zydrunas Ilgauskas,CLE,False,2-pointer,13,4-2,'SAS',leads
640,640,640,200211180SAS,35.5,7.3,1st quarter,10:29.0,Ricky Davis,CLE,False,2-pointer,12,4-3,'SAS',leads
641,641,641,200211180SAS,9.7,5.8,1st quarter,10:25.0,Jumaine Jones,CLE,False,2-pointer,14,4-3,'SAS',leads
642,642,642,200211180SAS,42.2,5.3,1st quarter,10:04.0,Ricky Davis,CLE,False,2-pointer,18,4-4,'SAS',tied
643,643,643,200211180SAS,34.3,6.0,1st quarter,8:53.0,Zydrunas Ilgauskas,CLE,False,2-pointer,10,6-6,'SAS',tied
644,644,644,200211180SAS,3.1,16.5,1st quarter,8:26.0,Jumaine Jones,CLE,False,3-pointer,24,6-7,'SAS',trails
645,645,645,200211180SAS,25.3,5.7,1st quarter,8:13.0,Smush Parker,CLE,True,2-pointer,1,8-7,'SAS',leads
646,646,646,200211180SAS,45.3,3.9,1st quarter,7:39.0,Jumaine Jones,CLE,False,2-pointer,21,8-7,'SAS',leads
647,647,647,200211180SAS,10.9,18.3,1st quarter,7:24.0,Bimbo Coles,CLE,True,2-pointer,19,10-7,'SAS',leads
648,648,648,200211180SAS,16.8,21.6,1st quarter,6:41.0,Zydrunas Ilgauskas,CLE,False,2-pointer,18,10-7,'SAS',leads
649,649,649,200211180SAS,12.3,6.7,1st quarter,6:15.0,Zydrunas Ilgauskas,CLE,True,2-pointer,12,12-7,'SAS',leads
650,650,650,200211180SAS,36.1,6.8,1st quarter,5:26.0,Tyrone Hill,CLE,True,2-pointer,12,14-7,'SAS',leads
651,651,651,200211180SAS,22.0,9.1,1st quarter,4:45.0,Bimbo Coles,CLE,False,2-pointer,5,14-9,'SAS',leads
652,652,652,200211180SAS,28.1,6.7,1st quarter,4:15.0,Ricky Davis,CLE,True,2-pointer,4,18-12,'SAS',leads
653,653,653,200211180SAS,12.2,4.7,1st quarter,3:47.0,Bimbo Coles,CLE,True,2-pointer,12,20-14,'SAS',leads
654,654,654,200211180SAS,21.1,9.6,1st quarter,3:11.0,Tyrone Hill,CLE,False,2-pointer,5,20-14,'SAS',leads
655,655,655,200211180SAS,33.5,25.2,1st quarter,1:26.0,Jumaine Jones,CLE,False,2-pointer,22,21-18,'SAS',leads
656,656,656,200211180SAS,9.1,12.9,1st quarter,1:09.0,Ricky Davis,CLE,True,2-pointer,17,23-18,'SAS',leads
657,657,657,200211180SAS,43.2,3.9,1st quarter,0:05.5,DeSagana Diop,CLE,False,2-pointer,19,23-23,'SAS',tied
658,658,658,200211180SAS,8.7,7.6,2nd quarter,10:41.0,Bimbo Coles,CLE,True,2-pointer,16,26-25,'SAS',leads
659,659,659,200211180SAS,18.1,5.3,2nd quarter,9:53.0,Carlos Boozer,CLE,False,2-pointer,6,26-25,'SAS',leads
660,660,660,200211180SAS,33.8,28.2,2nd quarter,9:18.0,Smush Parker,CLE,False,3-pointer,25,26-27,'SAS',trails
661,661,661,200211180SAS,12.0,15.9,2nd quarter,9:13.0,Tyrone Hill,CLE,False,2-pointer,16,26-27,'SAS',trails
662,662,662,200211180SAS,40.6,6.3,2nd quarter,8:44.0,Zydrunas Ilgauskas,CLE,False,2-pointer,17,26-27,'SAS',trails
663,663,663,200211180SAS,20.2,10.1,2nd quarter,7:41.0,Bimbo Coles,CLE,False,2-pointer,6,27-29,'SAS',trails
664,664,664,200211180SAS,34.0,20.0,2nd quarter,6:29.0,Zydrunas Ilgauskas,CLE,False,2-pointer,18,27-34,'SAS',trails
665,665,665,200211180SAS,22.5,6.0,2nd quarter,6:04.0,Ricky Davis,CLE,True,2-pointer,2,29-34,'SAS',trails
666,666,666,200211180SAS,12.2,14.2,2nd quarter,5:26.0,Zydrunas Ilgauskas,CLE,True,2-pointer,15,31-37,'SAS',trails
667,667,667,200211180SAS,19.6,19.0,2nd quarter,4:21.0,Bimbo Coles,CLE,False,2-pointer,15,31-37,'SAS',trails
668,668,668,200211180SAS,18.3,16.7,2nd quarter,3:46.0,Tyrone Hill,CLE,False,2-pointer,13,31-39,'SAS',trails
669,669,669,200211180SAS,8.1,6.2,2nd quarter,1:38.0,Jumaine Jones,CLE,True,2-pointer,16,35-42,'SAS',trails
670,670,670,200211180SAS,13.6,5.6,2nd quarter,1:08.0,Bimbo Coles,CLE,False,2-pointer,10,35-42,'SAS',trails
671,671,671,200211180SAS,14.1,6.2,2nd quarter,0:59.1,Zydrunas Ilgauskas,CLE,True,2-pointer,10,37-42,'SAS',trails
672,672,672,200211180SAS,26.0,11.9,3rd quarter,11:20.0,Ricky Davis,CLE,False,2-pointer,7,37-50,'SAS',trails
673,673,673,200211180SAS,11.2,16.0,3rd quarter,10:48.0,Zydrunas Ilgauskas,CLE,False,2-pointer,17,37-52,'SAS',trails
674,674,674,200211180SAS,24.3,7.3,3rd quarter,9:44.0,Tyrone Hill,CLE,False,2-pointer,2,39-52,'SAS',trails
675,675,675,200211180SAS,28.0,10.2,3rd quarter,9:40.0,Tyrone Hill,CLE,False,2-pointer,7,39-52,'SAS',trails
676,676,676,200211180SAS,29.2,18.7,3rd quarter,9:36.0,Ricky Davis,CLE,False,2-pointer,15,39-52,'SAS',trails
677,677,677,200211180SAS,24.6,13.7,3rd quarter,8:49.0,Zydrunas Ilgauskas,CLE,True,2-pointer,9,43-54,'SAS',trails
678,678,678,200211180SAS,15.8,28.3,3rd quarter,7:45.0,Jumaine Jones,CLE,False,3-pointer,25,43-56,'SAS',trails
679,679,679,200211180SAS,12.2,18.7,3rd quarter,6:21.0,Bimbo Coles,CLE,True,2-pointer,18,45-58,'SAS',trails
680,680,680,200211180SAS,38.0,11.8,3rd quarter,5:39.0,Bimbo Coles,CLE,False,2-pointer,16,45-58,'SAS',trails
681,681,681,200211180SAS,25.0,6.5,3rd quarter,5:33.0,Tyrone Hill,CLE,False,2-pointer,2,45-58,'SAS',trails
682,682,682,200211180SAS,21.2,6.5,3rd quarter,5:03.0,Smush Parker,CLE,False,2-pointer,3,45-60,'SAS',trails
683,683,683,200211180SAS,22.7,6.2,3rd quarter,4:05.0,Smush Parker,CLE,False,2-pointer,2,47-60,'SAS',trails
684,684,684,200211180SAS,19.9,8.8,3rd quarter,3:43.0,Zydrunas Ilgauskas,CLE,True,2-pointer,6,49-63,'SAS',trails
685,685,685,200211180SAS,34.5,5.3,3rd quarter,3:06.0,Zydrunas Ilgauskas,CLE,False,2-pointer,11,49-63,'SAS',trails
686,686,686,200211180SAS,25.0,6.3,3rd quarter,3:04.0,Ricky Davis,CLE,True,2-pointer,2,51-63,'SAS',trails
687,687,687,200211180SAS,15.8,21.1,3rd quarter,2:23.0,Zydrunas Ilgauskas,CLE,True,2-pointer,18,53-63,'SAS',trails
688,688,688,200211180SAS,35.9,15.1,3rd quarter,1:06.0,Ricky Davis,CLE,True,2-pointer,16,56-65,'SAS',trails
689,689,689,200211180SAS,18.1,20.0,3rd quarter,0:16.3,Zydrunas Ilgauskas,CLE,False,2-pointer,16,58-67,'SAS',trails
690,690,690,200211180SAS,37.3,10.8,4th quarter,11:08.0,Smush Parker,CLE,False,2-pointer,15,58-71,'SAS',trails
691,691,691,200211180SAS,34.2,10.9,4th quarter,10:47.0,Ricky Davis,CLE,False,2-pointer,12,58-73,'SAS',trails
692,692,692,200211180SAS,37.6,11.9,4th quarter,10:04.0,Bimbo Coles,CLE,False,2-pointer,15,58-75,'SAS',trails
693,693,693,200211180SAS,23.4,5.8,4th quarter,9:33.0,Ricky Davis,CLE,True,2-pointer,1,60-77,'SAS',trails
694,694,694,200211180SAS,35.7,22.8,4th quarter,8:47.0,Jumaine Jones,CLE,False,2-pointer,21,60-79,'SAS',trails
695,695,695,200211180SAS,22.7,6.2,4th quarter,8:18.0,Bimbo Coles,CLE,True,2-pointer,2,62-79,'SAS',trails
696,696,696,200211180SAS,25.3,6.3,4th quarter,7:25.0,Ricky Davis,CLE,True,2-pointer,2,64-83,'SAS',trails
697,697,697,200211180SAS,38.1,17.5,4th quarter,5:47.0,Ricky Davis,CLE,False,2-pointer,19,68-91,'SAS',trails
698,698,698,200211180SAS,47.3,10.6,4th quarter,4:56.0,Jumaine Jones,CLE,False,3-pointer,24,68-93,'SAS',trails
699,699,699,200211180SAS,24.6,6.3,4th quarter,4:53.0,Ricky Davis,CLE,False,2-pointer,1,68-93,'SAS',trails
700,700,700,200211180SAS,7.9,5.0,4th quarter,4:25.0,Carlos Boozer,CLE,True,2-pointer,16,70-96,'SAS',trails
701,701,701,200211180SAS,11.7,11.9,4th quarter,4:04.0,Jumaine Jones,CLE,True,2-pointer,14,73-98,'SAS',trails
702,702,702,200211180SAS,15.6,8.1,4th quarter,3:35.0,Michael Stewart,CLE,False,2-pointer,9,73-98,'SAS',trails
703,703,703,200211180SAS,25.3,5.0,4th quarter,3:08.0,Jumaine Jones,CLE,False,2-pointer,1,73-98,'SAS',trails
704,704,704,200211180SAS,24.3,6.2,4th quarter,3:00.0,Jumaine Jones,CLE,True,2-pointer,1,75-98,'SAS',trails
705,705,705,200211180SAS,22.2,5.8,4th quarter,2:30.0,Carlos Boozer,CLE,False,2-pointer,2,75-98,'SAS',trails
706,706,706,200211180SAS,22.5,30.3,4th quarter,1:47.0,Smush Parker,CLE,False,3-pointer,25,76-98,'SAS',trails
707,707,707,200211180SAS,11.7,17.5,4th quarter,1:26.0,Smush Parker,CLE,False,2-pointer,18,76-100,'SAS',trails
708,708,708,200211180SAS,13.8,5.2,4th quarter,0:55.3,Michael Stewart,CLE,True,2-pointer,10,78-102,'SAS',trails
709,709,709,200211180SAS,42.4,13.1,1st quarter,11:35.0,Steve Smith,SAS,True,2-pointer,20,2-2,'SAS',tied
710,710,710,200211180SAS,5.6,21.0,1st quarter,11:04.0,Tony Parker,SAS,False,3-pointer,24,2-4,'SAS',trails
711,711,711,200211180SAS,26.7,11.7,1st quarter,9:29.0,Steve Smith,SAS,False,2-pointer,7,4-4,'SAS',tied
712,712,712,200211180SAS,25.7,11.1,1st quarter,9:26.0,Steve Smith,SAS,False,2-pointer,6,4-4,'SAS',tied
713,713,713,200211180SAS,25.5,6.3,1st quarter,9:05.0,Bruce Bowen,SAS,True,2-pointer,2,6-6,'SAS',tied
714,714,714,200211180SAS,36.0,11.8,1st quarter,7:47.0,David Robinson,SAS,False,2-pointer,14,7-8,'SAS',trails
715,715,715,200211180SAS,1.8,6.2,1st quarter,6:30.0,Bruce Bowen,SAS,False,3-pointer,22,7-10,'SAS',trails
716,716,716,200211180SAS,18.9,29.5,1st quarter,5:55.0,Steve Smith,SAS,False,3-pointer,25,7-12,'SAS',trails
717,717,717,200211180SAS,23.4,9.6,1st quarter,5:06.0,Tim Duncan,SAS,True,2-pointer,5,9-14,'SAS',trails
718,718,718,200211180SAS,1.5,5.0,1st quarter,4:30.0,Tony Parker,SAS,True,3-pointer,23,12-16,'SAS',trails
719,719,719,200211180SAS,20.2,24.2,1st quarter,4:05.0,Tim Duncan,SAS,True,2-pointer,20,14-18,'SAS',trails
720,720,720,200211180SAS,13.8,21.3,1st quarter,2:48.0,Malik Rose,SAS,False,2-pointer,19,16-20,'SAS',trails
721,721,721,200211180SAS,42.2,5.8,1st quarter,2:36.0,Stephen Jackson,SAS,False,2-pointer,18,16-20,'SAS',trails
722,722,722,200211180SAS,24.0,9.9,1st quarter,2:07.0,Kevin Willis,SAS,False,2-pointer,5,16-21,'SAS',trails
723,723,723,200211180SAS,2.0,3.4,1st quarter,1:16.0,Stephen Jackson,SAS,False,3-pointer,22,18-21,'SAS',trails
724,724,724,200211180SAS,31.1,29.2,1st quarter,0:49.9,Tony Parker,SAS,True,3-pointer,25,21-23,'SAS',trails
725,725,725,200211180SAS,25.3,6.2,1st quarter,0:29.7,Kevin Willis,SAS,True,2-pointer,2,23-23,'SAS',tied
726,726,726,200211180SAS,18.6,32.8,1st quarter,0:01.0,Tony Parker,SAS,False,3-pointer,28,23-23,'SAS',tied
727,727,727,200211180SAS,8.7,15.5,2nd quarter,11:37.0,Malik Rose,SAS,False,2-pointer,19,23-23,'SAS',tied
728,728,728,200211180SAS,23.5,6.7,2nd quarter,11:03.0,Kevin Willis,SAS,True,2-pointer,2,25-24,'SAS',leads
729,729,729,200211180SAS,22.2,5.7,2nd quarter,9:36.0,Stephen Jackson,SAS,True,2-pointer,2,27-26,'SAS',leads
730,730,730,200211180SAS,25.5,6.3,2nd quarter,8:04.0,Malik Rose,SAS,False,2-pointer,2,27-27,'SAS',tied
731,731,731,200211180SAS,34.3,9.9,2nd quarter,8:01.0,Tim Duncan,SAS,True,2-pointer,11,29-27,'SAS',leads
732,732,732,200211180SAS,8.2,24.4,2nd quarter,7:33.0,Steve Kerr,SAS,True,3-pointer,25,32-27,'SAS',leads
733,733,733,200211180SAS,21.5,9.5,2nd quarter,6:56.0,Tim Duncan,SAS,True,2-pointer,5,34-27,'SAS',leads
734,734,734,200211180SAS,28.1,12.4,2nd quarter,6:11.0,Tim Duncan,SAS,False,2-pointer,8,34-27,'SAS',leads
735,735,735,200211180SAS,47.0,7.8,2nd quarter,5:44.0,Steve Smith,SAS,True,3-pointer,23,37-29,'SAS',leads
736,736,736,200211180SAS,25.1,10.6,2nd quarter,4:39.0,Steve Kerr,SAS,False,2-pointer,6,37-31,'SAS',leads
737,737,737,200211180SAS,24.0,6.5,2nd quarter,4:13.0,Steve Smith,SAS,True,2-pointer,2,39-31,'SAS',leads
738,738,738,200211180SAS,1.2,5.2,2nd quarter,3:33.0,Bruce Bowen,SAS,False,3-pointer,23,39-31,'SAS',leads
739,739,739,200211180SAS,27.4,29.5,2nd quarter,2:09.0,Bruce Bowen,SAS,False,3-pointer,25,39-33,'SAS',leads
740,740,740,200211180SAS,47.0,4.4,2nd quarter,1:59.0,Steve Smith,SAS,True,3-pointer,23,42-33,'SAS',leads
741,741,741,200211180SAS,1.0,9.6,2nd quarter,1:20.0,Tony Parker,SAS,False,3-pointer,23,42-35,'SAS',leads
742,742,742,200211180SAS,22.4,5.0,2nd quarter,0:25.3,Bruce Bowen,SAS,True,2-pointer,2,46-37,'SAS',leads
743,743,743,200211180SAS,2.0,4.2,2nd quarter,0:03.3,Steve Smith,SAS,False,3-pointer,22,46-37,'SAS',leads
744,744,744,200211180SAS,25.4,6.3,2nd quarter,0:02.8,Tim Duncan,SAS,False,2-pointer,2,46-37,'SAS',leads
745,745,745,200211180SAS,22.2,6.8,2nd quarter,0:01.0,Bruce Bowen,SAS,False,2-pointer,3,46-37,'SAS',leads
746,746,746,200211180SAS,23.2,6.5,2nd quarter,0:00.4,Tim Duncan,SAS,True,2-pointer,2,48-37,'SAS',leads
747,747,747,200211180SAS,28.2,10.9,3rd quarter,11:41.0,Tim Duncan,SAS,True,2-pointer,7,50-37,'SAS',leads
748,748,748,200211180SAS,15.3,20.0,3rd quarter,11:10.0,Tim Duncan,SAS,True,2-pointer,17,52-37,'SAS',leads
749,749,749,200211180SAS,23.0,5.8,3rd quarter,10:37.0,David Robinson,SAS,False,2-pointer,1,52-37,'SAS',leads
750,750,750,200211180SAS,12.5,26.2,3rd quarter,10:04.0,Tony Parker,SAS,False,3-pointer,24,52-39,'SAS',leads
751,751,751,200211180SAS,24.3,10.8,3rd quarter,9:22.0,Tony Parker,SAS,True,2-pointer,6,54-39,'SAS',leads
752,752,752,200211180SAS,24.5,11.3,3rd quarter,8:59.0,Tim Duncan,SAS,False,2-pointer,6,54-41,'SAS',leads
753,753,753,200211180SAS,24.3,19.5,3rd quarter,8:30.0,Tim Duncan,SAS,False,2-pointer,15,54-43,'SAS',leads
754,754,754,200211180SAS,24.0,6.7,3rd quarter,8:08.0,Tim Duncan,SAS,True,2-pointer,2,56-43,'SAS',leads
755,755,755,200211180SAS,1.3,4.5,3rd quarter,7:30.0,Steve Smith,SAS,False,3-pointer,23,56-43,'SAS',leads
756,756,756,200211180SAS,24.1,6.2,3rd quarter,6:49.0,David Robinson,SAS,True,2-pointer,1,58-43,'SAS',leads
757,757,757,200211180SAS,18.2,5.4,3rd quarter,5:19.0,Steve Smith,SAS,True,2-pointer,6,60-45,'SAS',leads
758,758,758,200211180SAS,24.0,8.0,3rd quarter,4:38.0,Tim Duncan,SAS,False,2-pointer,3,60-45,'SAS',leads
759,759,759,200211180SAS,9.4,12.7,3rd quarter,4:13.0,Bruce Bowen,SAS,False,2-pointer,17,60-47,'SAS',leads
760,760,760,200211180SAS,21.9,5.2,3rd quarter,3:57.0,Tim Duncan,SAS,True,2-pointer,2,62-47,'SAS',leads
761,761,761,200211180SAS,21.2,6.7,3rd quarter,3:30.0,Tony Parker,SAS,False,2-pointer,3,63-49,'SAS',leads
762,762,762,200211180SAS,25.0,22.4,3rd quarter,3:17.0,Tim Duncan,SAS,False,2-pointer,17,63-49,'SAS',leads
763,763,763,200211180SAS,13.5,17.0,3rd quarter,2:47.0,Steve Kerr,SAS,False,2-pointer,16,63-51,'SAS',leads
764,764,764,200211180SAS,10.2,6.5,3rd quarter,1:28.0,Stephen Jackson,SAS,False,2-pointer,14,65-54,'SAS',leads
765,765,765,200211180SAS,35.7,6.8,3rd quarter,0:46.9,Tim Duncan,SAS,False,2-pointer,12,65-56,'SAS',leads
766,766,766,200211180SAS,12.9,14.7,3rd quarter,0:00.0,Steve Kerr,SAS,True,2-pointer,15,69-58,'SAS',leads
767,767,767,200211180SAS,23.7,5.8,4th quarter,11:33.0,Kevin Willis,SAS,True,2-pointer,1,71-58,'SAS',leads
768,768,768,200211180SAS,23.0,6.2,4th quarter,11:03.0,Stephen Jackson,SAS,True,2-pointer,2,73-58,'SAS',leads
769,769,769,200211180SAS,11.0,5.2,4th quarter,10:29.0,Malik Rose,SAS,True,2-pointer,13,75-58,'SAS',leads
770,770,770,200211180SAS,25.0,6.2,4th quarter,9:57.0,Bruce Bowen,SAS,True,2-pointer,2,77-58,'SAS',leads
771,771,771,200211180SAS,30.4,23.6,4th quarter,8:37.0,Malik Rose,SAS,False,2-pointer,20,79-60,'SAS',leads
772,772,772,200211180SAS,31.2,6.2,4th quarter,8:02.0,Kevin Willis,SAS,True,2-pointer,7,81-62,'SAS',leads
773,773,773,200211180SAS,24.0,5.0,4th quarter,7:44.0,Stephen Jackson,SAS,True,2-pointer,0,83-62,'SAS',leads
774,774,774,200211180SAS,46.8,9.9,4th quarter,7:02.0,Stephen Jackson,SAS,True,3-pointer,23,86-64,'SAS',leads
775,775,775,200211180SAS,22.9,6.7,4th quarter,6:29.0,Malik Rose,SAS,True,2-pointer,2,88-66,'SAS',leads
776,776,776,200211180SAS,46.5,15.5,4th quarter,6:00.0,Stephen Jackson,SAS,True,3-pointer,25,91-68,'SAS',leads
777,777,777,200211180SAS,44.2,13.6,4th quarter,5:34.0,Danny Ferry,SAS,False,2-pointer,22,91-68,'SAS',leads
778,778,778,200211180SAS,24.0,6.5,4th quarter,5:27.0,Devin Brown,SAS,False,2-pointer,2,91-68,'SAS',leads
779,779,779,200211180SAS,24.0,7.8,4th quarter,5:05.0,Malik Rose,SAS,True,2-pointer,3,93-68,'SAS',leads
780,780,780,200211180SAS,19.9,29.7,4th quarter,4:39.0,Danny Ferry,SAS,True,3-pointer,25,96-68,'SAS',leads
781,781,781,200211180SAS,32.0,23.9,4th quarter,3:47.0,Stephen Jackson,SAS,False,2-pointer,21,98-73,'SAS',leads
782,782,782,200211180SAS,4.1,4.1,4th quarter,3:12.0,Danny Ferry,SAS,False,2-pointer,20,98-73,'SAS',leads
783,783,783,200211180SAS,24.0,5.7,4th quarter,2:40.0,Malik Rose,SAS,False,2-pointer,1,98-75,'SAS',leads
784,784,784,200211180SAS,28.6,29.8,4th quarter,2:19.0,Danny Ferry,SAS,False,3-pointer,25,98-75,'SAS',leads
785,785,785,200211180SAS,32.4,13.4,4th quarter,1:08.0,Devin Brown,SAS,True,2-pointer,12,102-76,'SAS',leads
786,786,786,200211180SAS,22.7,6.2,4th quarter,0:36.7,Stephen Jackson,SAS,True,2-pointer,2,104-78,'SAS',leads
