,Unnamed: 0.1,Unnamed: 0,match_id,shotX,shotY,quarter,time_remaining,player,team,made,shot_type,distance,score,opp,status
0,0,0,200204270ORL,32.9,12.8,1st quarter,11:45.0,Elden Campbell,CHH,False,2-pointer,12,0-0,'CHH',tied
1,1,1,200204270ORL,24.0,5.0,1st quarter,11:43.0,P.J. Brown,CHH,False,2-pointer,0,0-0,'CHH',tied
2,2,2,200204270ORL,20.3,24.8,1st quarter,11:01.0,David Wesley,CHH,False,2-pointer,20,0-2,'CHH',trails
3,3,3,200204270ORL,24.0,5.0,1st quarter,10:31.0,Elden Campbell,CHH,True,2-pointer,0,2-5,'CHH',trails
4,4,4,200204270ORL,35.0,20.4,1st quarter,9:55.0,David Wesley,CHH,False,2-pointer,19,2-5,'CHH',trails
5,5,5,200204270ORL,6.2,2.7,1st quarter,9:31.0,George Lynch,CHH,False,2-pointer,18,2-5,'CHH',trails
6,6,6,200204270ORL,5.3,12.8,1st quarter,9:22.0,David Wesley,CHH,False,2-pointer,20,2-5,'CHH',trails
7,7,7,200204270ORL,24.0,5.0,1st quarter,8:55.0,Elden Campbell,CHH,True,2-pointer,0,4-7,'CHH',trails
8,8,8,200204270ORL,24.0,5.0,1st quarter,8:22.0,Baron Davis,CHH,True,2-pointer,0,6-9,'CHH',trails
9,9,9,200204270ORL,24.0,5.0,1st quarter,7:51.0,Baron Davis,CHH,False,2-pointer,0,6-11,'CHH',trails
10,10,10,200204270ORL,24.0,5.0,1st quarter,6:57.0,Baron Davis,CHH,False,2-pointer,0,6-15,'CHH',trails
11,11,11,200204270ORL,28.7,14.9,1st quarter,6:31.0,P.J. Brown,CHH,True,2-pointer,11,8-17,'CHH',trails
12,12,12,200204270ORL,24.0,5.0,1st quarter,5:52.0,Baron Davis,CHH,False,2-pointer,0,8-20,'CHH',trails
13,13,13,200204270ORL,35.9,22.1,1st quarter,5:19.0,Baron Davis,CHH,True,2-pointer,21,10-22,'CHH',trails
14,14,14,200204270ORL,19.0,14.3,1st quarter,4:48.0,Baron Davis,CHH,True,2-pointer,11,12-23,'CHH',trails
15,15,15,200204270ORL,28.7,4.8,1st quarter,4:04.0,Lee Nailon,CHH,False,2-pointer,5,12-23,'CHH',trails
16,16,16,200204270ORL,24.0,5.0,1st quarter,3:44.0,Lee Nailon,CHH,True,2-pointer,0,14-23,'CHH',trails
17,17,17,200204270ORL,35.0,2.7,1st quarter,2:42.0,Stacey Augmon,CHH,False,2-pointer,11,16-25,'CHH',trails
18,18,18,200204270ORL,24.0,5.0,1st quarter,2:39.0,P.J. Brown,CHH,True,2-pointer,0,18-25,'CHH',trails
19,19,19,200204270ORL,12.5,3.7,1st quarter,2:15.0,Lee Nailon,CHH,True,2-pointer,12,20-25,'CHH',trails
20,20,20,200204270ORL,22.4,7.8,1st quarter,1:27.0,Baron Davis,CHH,False,2-pointer,3,20-27,'CHH',trails
21,21,21,200204270ORL,35.0,6.3,1st quarter,0:23.1,P.J. Brown,CHH,False,2-pointer,11,24-27,'CHH',trails
22,22,22,200204270ORL,24.0,5.0,1st quarter,0:01.1,Baron Davis,CHH,True,2-pointer,0,27-27,'CHH',tied
23,23,23,200204270ORL,6.8,3.1,2nd quarter,11:28.0,Robert Traylor,CHH,True,2-pointer,17,29-27,'CHH',leads
24,24,24,200204270ORL,44.5,19.4,2nd quarter,10:41.0,Baron Davis,CHH,True,3-pointer,25,36-27,'CHH',leads
25,25,25,200204270ORL,40.1,2.1,2nd quarter,10:07.0,Baron Davis,CHH,True,2-pointer,16,38-27,'CHH',leads
26,26,26,200204270ORL,24.0,5.0,2nd quarter,9:36.0,Jamaal Magloire,CHH,True,2-pointer,0,40-27,'CHH',leads
27,27,27,200204270ORL,38.6,3.7,2nd quarter,8:52.0,Stacey Augmon,CHH,False,2-pointer,15,40-29,'CHH',leads
28,28,28,200204270ORL,11.0,7.3,2nd quarter,8:05.0,Baron Davis,CHH,False,2-pointer,13,40-31,'CHH',leads
29,29,29,200204270ORL,38.6,4.8,2nd quarter,7:35.0,Robert Traylor,CHH,False,2-pointer,15,40-31,'CHH',leads
30,30,30,200204270ORL,6.2,10.1,2nd quarter,7:08.0,Elden Campbell,CHH,True,2-pointer,19,42-31,'CHH',leads
31,31,31,200204270ORL,24.0,5.0,2nd quarter,6:49.0,Baron Davis,CHH,True,2-pointer,0,44-31,'CHH',leads
32,32,32,200204270ORL,24.0,5.0,2nd quarter,6:30.0,Baron Davis,CHH,False,2-pointer,0,44-31,'CHH',leads
33,33,33,200204270ORL,24.0,5.0,2nd quarter,6:27.0,David Wesley,CHH,False,2-pointer,0,44-31,'CHH',leads
34,34,34,200204270ORL,24.0,5.0,2nd quarter,6:26.0,Baron Davis,CHH,False,2-pointer,0,44-31,'CHH',leads
35,35,35,200204270ORL,24.0,5.0,2nd quarter,5:45.0,Robert Traylor,CHH,False,2-pointer,0,44-33,'CHH',leads
36,36,36,200204270ORL,8.3,4.8,2nd quarter,5:11.0,Elden Campbell,CHH,True,2-pointer,16,46-37,'CHH',leads
37,37,37,200204270ORL,38.0,26.5,2nd quarter,3:38.0,Baron Davis,CHH,False,3-pointer,26,46-40,'CHH',leads
38,38,38,200204270ORL,13.9,18.3,2nd quarter,3:00.0,Elden Campbell,CHH,False,2-pointer,17,46-40,'CHH',leads
39,39,39,200204270ORL,6.2,13.5,2nd quarter,2:26.0,Stacey Augmon,CHH,True,2-pointer,20,48-40,'CHH',leads
40,40,40,200204270ORL,16.9,21.0,2nd quarter,1:51.0,David Wesley,CHH,False,2-pointer,18,48-42,'CHH',leads
41,41,41,200204270ORL,15.4,20.4,2nd quarter,1:24.0,Stacey Augmon,CHH,False,2-pointer,18,48-42,'CHH',leads
42,42,42,200204270ORL,16.9,21.0,2nd quarter,0:34.0,P.J. Brown,CHH,False,2-pointer,18,50-44,'CHH',leads
43,43,43,200204270ORL,24.0,5.0,2nd quarter,0:25.2,Lee Nailon,CHH,False,2-pointer,0,50-44,'CHH',leads
44,44,44,200204270ORL,32.3,7.8,3rd quarter,11:22.0,P.J. Brown,CHH,False,2-pointer,9,50-45,'CHH',leads
45,45,45,200204270ORL,24.0,5.0,3rd quarter,11:18.0,George Lynch,CHH,False,2-pointer,0,50-45,'CHH',leads
46,46,46,200204270ORL,32.3,20.0,3rd quarter,11:01.0,Elden Campbell,CHH,False,2-pointer,17,50-45,'CHH',leads
47,47,47,200204270ORL,40.1,25.5,3rd quarter,9:45.0,Baron Davis,CHH,False,3-pointer,26,50-49,'CHH',leads
48,48,48,200204270ORL,7.4,3.1,3rd quarter,8:35.0,Elden Campbell,CHH,True,2-pointer,17,52-53,'CHH',trails
49,49,49,200204270ORL,24.0,5.0,3rd quarter,8:09.0,Baron Davis,CHH,False,2-pointer,0,52-53,'CHH',trails
50,50,50,200204270ORL,22.4,24.2,3rd quarter,7:44.0,David Wesley,CHH,True,2-pointer,19,54-53,'CHH',leads
51,51,51,200204270ORL,32.9,18.3,3rd quarter,7:04.0,Baron Davis,CHH,False,2-pointer,16,54-55,'CHH',trails
52,52,52,200204270ORL,47.3,9.0,3rd quarter,7:00.0,Baron Davis,CHH,False,3-pointer,24,54-55,'CHH',trails
53,53,53,200204270ORL,18.2,20.0,3rd quarter,6:51.0,David Wesley,CHH,True,2-pointer,16,56-55,'CHH',leads
54,54,54,200204270ORL,43.1,22.1,3rd quarter,6:25.0,Baron Davis,CHH,False,3-pointer,26,56-57,'CHH',trails
55,55,55,200204270ORL,6.8,2.7,3rd quarter,5:56.0,David Wesley,CHH,False,2-pointer,17,56-59,'CHH',trails
56,56,56,200204270ORL,25.8,16.6,3rd quarter,5:14.0,Robert Traylor,CHH,False,2-pointer,12,56-59,'CHH',trails
57,57,57,200204270ORL,32.3,5.7,3rd quarter,4:36.0,Elden Campbell,CHH,False,2-pointer,8,56-61,'CHH',trails
58,58,58,200204270ORL,16.9,9.0,3rd quarter,4:05.0,Baron Davis,CHH,False,2-pointer,8,56-64,'CHH',trails
59,59,59,200204270ORL,24.0,5.0,3rd quarter,4:03.0,George Lynch,CHH,True,2-pointer,0,58-64,'CHH',trails
60,60,60,200204270ORL,30.8,6.3,3rd quarter,3:39.0,Baron Davis,CHH,True,2-pointer,7,60-64,'CHH',trails
61,61,61,200204270ORL,24.0,5.0,3rd quarter,2:36.0,Baron Davis,CHH,False,2-pointer,0,60-65,'CHH',trails
62,62,62,200204270ORL,21.1,5.7,3rd quarter,1:55.0,Jamaal Magloire,CHH,False,2-pointer,3,60-67,'CHH',trails
63,63,63,200204270ORL,35.9,9.7,3rd quarter,1:26.0,Lee Nailon,CHH,True,2-pointer,13,62-69,'CHH',trails
64,64,64,200204270ORL,40.1,11.1,3rd quarter,0:17.3,Lee Nailon,CHH,True,2-pointer,17,66-69,'CHH',trails
65,65,65,200204270ORL,8.3,12.8,4th quarter,11:41.0,Lee Nailon,CHH,False,2-pointer,18,66-69,'CHH',trails
66,66,66,200204270ORL,24.0,5.0,4th quarter,10:38.0,Jamaal Magloire,CHH,True,2-pointer,0,68-71,'CHH',trails
67,67,67,200204270ORL,23.2,9.7,4th quarter,9:37.0,P.J. Brown,CHH,False,2-pointer,5,71-71,'CHH',tied
68,68,68,200204270ORL,24.0,5.0,4th quarter,9:28.0,Jamaal Magloire,CHH,True,2-pointer,0,73-71,'CHH',leads
69,69,69,200204270ORL,6.2,22.7,4th quarter,9:00.0,David Wesley,CHH,True,3-pointer,25,76-73,'CHH',leads
70,70,70,200204270ORL,14.6,8.4,4th quarter,7:55.0,Stacey Augmon,CHH,True,2-pointer,10,79-77,'CHH',leads
71,71,71,200204270ORL,24.0,5.0,4th quarter,7:36.0,Baron Davis,CHH,True,2-pointer,0,81-77,'CHH',leads
72,72,72,200204270ORL,31.7,8.4,4th quarter,6:17.0,Baron Davis,CHH,True,2-pointer,8,83-79,'CHH',leads
73,73,73,200204270ORL,24.0,5.0,4th quarter,5:34.0,P.J. Brown,CHH,True,2-pointer,0,85-80,'CHH',leads
74,74,74,200204270ORL,12.5,3.1,4th quarter,4:04.0,P.J. Brown,CHH,True,2-pointer,12,87-83,'CHH',leads
75,75,75,200204270ORL,29.6,6.7,4th quarter,3:26.0,Jamaal Magloire,CHH,False,2-pointer,6,87-85,'CHH',leads
76,76,76,200204270ORL,24.0,5.0,4th quarter,3:03.0,David Wesley,CHH,True,2-pointer,0,89-85,'CHH',leads
77,77,77,200204270ORL,17.5,4.2,4th quarter,2:22.0,Stacey Augmon,CHH,False,2-pointer,7,89-87,'CHH',leads
78,78,78,200204270ORL,13.1,3.7,4th quarter,1:35.0,Stacey Augmon,CHH,True,2-pointer,11,92-89,'CHH',leads
79,79,79,200204270ORL,13.1,7.3,4th quarter,0:54.9,P.J. Brown,CHH,False,2-pointer,11,92-92,'CHH',tied
80,80,80,200204270ORL,40.1,3.7,4th quarter,0:14.6,P.J. Brown,CHH,False,2-pointer,16,92-92,'CHH',tied
81,81,81,200204270ORL,39.3,3.7,1st overtime,4:45.0,David Wesley,CHH,False,2-pointer,15,93-92,'CHH',leads
82,82,82,200204270ORL,22.4,29.7,1st overtime,4:40.0,Baron Davis,CHH,True,3-pointer,25,96-92,'CHH',leads
83,83,83,200204270ORL,13.9,28.6,1st overtime,3:35.0,Baron Davis,CHH,False,3-pointer,26,97-92,'CHH',leads
84,84,84,200204270ORL,8.3,2.7,1st overtime,2:51.0,P.J. Brown,CHH,True,2-pointer,16,99-95,'CHH',leads
85,85,85,200204270ORL,6.8,4.2,1st overtime,2:08.0,P.J. Brown,CHH,True,2-pointer,17,101-95,'CHH',leads
86,86,86,200204270ORL,24.0,5.0,1st overtime,1:26.0,Jamaal Magloire,CHH,False,2-pointer,0,104-96,'CHH',leads
87,87,87,200204270ORL,19.0,30.3,1st overtime,0:37.2,Baron Davis,CHH,True,3-pointer,26,109-100,'CHH',leads
88,88,88,200204270ORL,24.0,5.0,1st quarter,11:34.0,Tracy McGrady,ORL,False,2-pointer,0,0-0,'CHH',tied
89,89,89,200204270ORL,6.2,2.1,1st quarter,11:25.0,Horace Grant,ORL,True,2-pointer,18,2-0,'CHH',leads
90,90,90,200204270ORL,0.2,1.0,1st quarter,10:51.0,Darrell Armstrong,ORL,True,3-pointer,24,5-0,'CHH',leads
91,91,91,200204270ORL,16.9,25.5,1st quarter,10:15.0,Tracy McGrady,ORL,False,2-pointer,22,5-2,'CHH',leads
92,92,92,200204270ORL,24.0,5.0,1st quarter,9:09.0,Monty Williams,ORL,False,2-pointer,0,5-2,'CHH',leads
93,93,93,200204270ORL,24.0,5.0,1st quarter,9:05.0,Monty Williams,ORL,True,2-pointer,0,7-2,'CHH',leads
94,94,94,200204270ORL,16.1,17.7,1st quarter,8:12.0,Tracy McGrady,ORL,True,2-pointer,15,11-6,'CHH',leads
95,95,95,200204270ORL,21.7,19.4,1st quarter,7:38.0,Pat Garrity,ORL,True,2-pointer,15,13-6,'CHH',leads
96,96,96,200204270ORL,24.0,5.0,1st quarter,7:19.0,Tracy McGrady,ORL,True,2-pointer,0,15-6,'CHH',leads
97,97,97,200204270ORL,42.2,13.5,1st quarter,6:42.0,Tracy McGrady,ORL,True,2-pointer,20,17-6,'CHH',leads
98,98,98,200204270ORL,24.0,5.0,1st quarter,5:47.0,Darrell Armstrong,ORL,True,2-pointer,0,22-8,'CHH',leads
99,99,99,200204270ORL,42.2,22.7,1st quarter,4:35.0,Tracy McGrady,ORL,False,3-pointer,25,23-12,'CHH',leads
100,100,100,200204270ORL,4.7,3.1,1st quarter,2:53.0,Tracy McGrady,ORL,True,2-pointer,19,25-16,'CHH',leads
101,101,101,200204270ORL,32.3,9.7,1st quarter,2:29.0,Troy Hudson,ORL,False,2-pointer,10,25-18,'CHH',leads
102,102,102,200204270ORL,19.0,6.3,1st quarter,1:53.0,Patrick Ewing,ORL,True,2-pointer,5,27-20,'CHH',leads
103,103,103,200204270ORL,3.8,2.1,1st quarter,1:12.0,Troy Hudson,ORL,False,2-pointer,20,27-22,'CHH',leads
104,104,104,200204270ORL,38.6,24.2,1st quarter,0:43.4,Tracy McGrady,ORL,False,3-pointer,24,27-24,'CHH',leads
105,105,105,200204270ORL,7.4,6.3,2nd quarter,11:13.0,Monty Williams,ORL,False,2-pointer,17,27-30,'CHH',trails
106,106,106,200204270ORL,13.9,22.7,2nd quarter,10:57.0,Mike Miller,ORL,False,2-pointer,20,27-32,'CHH',trails
107,107,107,200204270ORL,38.0,21.0,2nd quarter,10:31.0,Mike Miller,ORL,False,2-pointer,21,27-36,'CHH',trails
108,108,108,200204270ORL,24.0,5.0,2nd quarter,9:54.0,Tracy McGrady,ORL,False,2-pointer,0,27-38,'CHH',trails
109,109,109,200204270ORL,24.0,5.0,2nd quarter,9:11.0,Darrell Armstrong,ORL,True,2-pointer,0,29-40,'CHH',trails
110,110,110,200204270ORL,24.0,5.0,2nd quarter,8:37.0,Tracy McGrady,ORL,True,2-pointer,0,31-40,'CHH',trails
111,111,111,200204270ORL,0.2,1.4,2nd quarter,7:47.0,Pat Garrity,ORL,False,3-pointer,24,31-40,'CHH',trails
112,112,112,200204270ORL,26.4,29.3,2nd quarter,7:25.0,Darrell Armstrong,ORL,False,3-pointer,24,31-40,'CHH',trails
113,113,113,200204270ORL,4.7,22.1,2nd quarter,6:37.0,Darrell Armstrong,ORL,False,3-pointer,26,31-44,'CHH',trails
114,114,114,200204270ORL,24.0,5.0,2nd quarter,6:18.0,Troy Hudson,ORL,True,2-pointer,0,33-44,'CHH',trails
115,115,115,200204270ORL,20.3,4.8,2nd quarter,5:28.0,Tracy McGrady,ORL,True,2-pointer,4,36-44,'CHH',trails
116,116,116,200204270ORL,3.8,20.0,2nd quarter,4:57.0,Tracy McGrady,ORL,True,3-pointer,25,40-46,'CHH',trails
117,117,117,200204270ORL,18.2,7.3,2nd quarter,4:21.0,Pat Garrity,ORL,False,2-pointer,6,40-46,'CHH',trails
118,118,118,200204270ORL,36.5,15.6,2nd quarter,4:01.0,Troy Hudson,ORL,False,2-pointer,16,40-46,'CHH',trails
119,119,119,200204270ORL,9.5,11.6,2nd quarter,3:24.0,Tracy McGrady,ORL,False,2-pointer,16,40-46,'CHH',trails
120,120,120,200204270ORL,13.1,27.6,2nd quarter,2:50.0,Darrell Armstrong,ORL,False,3-pointer,25,40-46,'CHH',trails
121,121,121,200204270ORL,40.7,5.7,2nd quarter,2:11.0,Horace Grant,ORL,True,2-pointer,17,42-48,'CHH',trails
122,122,122,200204270ORL,16.9,21.5,2nd quarter,1:41.0,Troy Hudson,ORL,False,2-pointer,18,42-48,'CHH',trails
123,123,123,200204270ORL,6.8,4.2,2nd quarter,0:47.3,Horace Grant,ORL,False,2-pointer,17,44-50,'CHH',trails
124,124,124,200204270ORL,43.7,20.0,2nd quarter,0:18.9,Tracy McGrady,ORL,False,3-pointer,25,44-50,'CHH',trails
125,125,125,200204270ORL,24.0,5.0,3rd quarter,11:44.0,Monty Williams,ORL,False,2-pointer,0,45-50,'CHH',trails
126,126,126,200204270ORL,29.6,17.2,3rd quarter,11:12.0,Tracy McGrady,ORL,False,2-pointer,13,45-50,'CHH',trails
127,127,127,200204270ORL,0.2,3.1,3rd quarter,10:18.0,Darrell Armstrong,ORL,False,3-pointer,24,46-50,'CHH',trails
128,128,128,200204270ORL,37.2,25.5,3rd quarter,10:12.0,Pat Garrity,ORL,True,3-pointer,24,49-50,'CHH',trails
129,129,129,200204270ORL,5.3,3.1,3rd quarter,9:31.0,Horace Grant,ORL,True,2-pointer,19,51-50,'CHH',leads
130,130,130,200204270ORL,24.0,5.0,3rd quarter,9:00.0,Monty Williams,ORL,True,2-pointer,0,53-50,'CHH',leads
131,131,131,200204270ORL,24.0,5.0,3rd quarter,8:22.0,Monty Williams,ORL,False,2-pointer,0,53-52,'CHH',leads
132,132,132,200204270ORL,43.7,18.3,3rd quarter,8:02.0,Darrell Armstrong,ORL,False,3-pointer,24,53-52,'CHH',leads
133,133,133,200204270ORL,24.0,5.0,3rd quarter,7:30.0,Monty Williams,ORL,True,2-pointer,0,55-54,'CHH',leads
134,134,134,200204270ORL,24.0,5.0,3rd quarter,6:42.0,Tracy McGrady,ORL,True,2-pointer,0,57-56,'CHH',leads
135,135,135,200204270ORL,24.0,5.0,3rd quarter,5:41.0,Tracy McGrady,ORL,False,2-pointer,0,59-56,'CHH',leads
136,136,136,200204270ORL,3.2,18.7,3rd quarter,5:06.0,Tracy McGrady,ORL,False,3-pointer,25,59-56,'CHH',leads
137,137,137,200204270ORL,24.0,5.0,3rd quarter,5:02.0,Horace Grant,ORL,False,2-pointer,0,59-56,'CHH',leads
138,138,138,200204270ORL,1.1,16.6,3rd quarter,4:31.0,Darrell Armstrong,ORL,True,3-pointer,26,64-56,'CHH',leads
139,139,139,200204270ORL,31.7,20.0,3rd quarter,3:47.0,Tracy McGrady,ORL,False,2-pointer,17,64-58,'CHH',leads
140,140,140,200204270ORL,24.0,5.0,3rd quarter,2:21.0,Darrell Armstrong,ORL,True,2-pointer,0,67-60,'CHH',leads
141,141,141,200204270ORL,24.0,5.0,3rd quarter,1:49.0,Monty Williams,ORL,True,2-pointer,0,69-60,'CHH',leads
142,142,142,200204270ORL,40.1,9.0,3rd quarter,1:05.0,Tracy McGrady,ORL,False,2-pointer,17,69-62,'CHH',leads
143,143,143,200204270ORL,25.8,12.2,3rd quarter,0:35.7,Patrick Ewing,ORL,False,2-pointer,7,69-64,'CHH',leads
144,144,144,200204270ORL,26.4,30.3,3rd quarter,0:02.6,Pat Garrity,ORL,False,3-pointer,25,69-66,'CHH',leads
145,145,145,200204270ORL,24.0,5.0,4th quarter,11:34.0,Troy Hudson,ORL,True,2-pointer,0,71-66,'CHH',leads
146,146,146,200204270ORL,24.0,5.0,4th quarter,9:59.0,Tracy McGrady,ORL,False,2-pointer,0,71-71,'CHH',tied
147,147,147,200204270ORL,33.8,16.2,4th quarter,9:55.0,Patrick Ewing,ORL,False,2-pointer,15,71-71,'CHH',tied
148,148,148,200204270ORL,42.2,16.6,4th quarter,9:18.0,Troy Hudson,ORL,True,2-pointer,22,73-73,'CHH',tied
149,149,149,200204270ORL,40.7,21.0,4th quarter,8:16.0,Darrell Armstrong,ORL,True,2-pointer,23,77-77,'CHH',tied
150,150,150,200204270ORL,24.0,5.0,4th quarter,7:25.0,Troy Hudson,ORL,False,2-pointer,0,77-81,'CHH',trails
151,151,151,200204270ORL,24.0,5.0,4th quarter,7:18.0,Horace Grant,ORL,True,2-pointer,0,79-81,'CHH',trails
152,152,152,200204270ORL,14.6,19.4,4th quarter,6:40.0,Horace Grant,ORL,False,2-pointer,17,79-81,'CHH',trails
153,153,153,200204270ORL,16.1,28.6,4th quarter,6:02.0,Pat Garrity,ORL,False,3-pointer,25,79-83,'CHH',trails
154,154,154,200204270ORL,40.7,15.6,4th quarter,5:05.0,Troy Hudson,ORL,False,2-pointer,20,80-85,'CHH',trails
155,155,155,200204270ORL,40.7,23.1,4th quarter,4:28.0,Pat Garrity,ORL,True,3-pointer,25,83-85,'CHH',trails
156,156,156,200204270ORL,13.1,7.3,4th quarter,3:44.0,Tracy McGrady,ORL,True,2-pointer,11,85-87,'CHH',trails
157,157,157,200204270ORL,3.2,17.7,4th quarter,3:11.0,Darrell Armstrong,ORL,False,3-pointer,24,85-87,'CHH',trails
158,158,158,200204270ORL,16.1,10.1,4th quarter,2:42.0,Tracy McGrady,ORL,True,2-pointer,9,87-89,'CHH',trails
159,159,159,200204270ORL,6.8,6.7,4th quarter,1:52.0,Troy Hudson,ORL,False,2-pointer,17,87-90,'CHH',trails
160,160,160,200204270ORL,3.2,18.3,4th quarter,1:13.0,Tracy McGrady,ORL,True,3-pointer,25,92-92,'CHH',tied
161,161,161,200204270ORL,24.0,5.0,4th quarter,0:36.2,Tracy McGrady,ORL,False,2-pointer,0,92-92,'CHH',tied
162,162,162,200204270ORL,32.3,9.7,4th quarter,0:02.8,Mike Miller,ORL,False,2-pointer,10,92-92,'CHH',tied
163,163,163,200204270ORL,19.0,6.3,1st overtime,4:16.0,Troy Hudson,ORL,False,2-pointer,5,92-96,'CHH',trails
164,164,164,200204270ORL,40.1,12.2,1st overtime,3:53.0,Horace Grant,ORL,False,2-pointer,18,92-97,'CHH',trails
165,165,165,200204270ORL,1.1,3.1,1st overtime,3:16.0,Pat Garrity,ORL,True,3-pointer,23,95-97,'CHH',trails
166,166,166,200204270ORL,40.7,22.7,1st overtime,2:32.0,Pat Garrity,ORL,False,3-pointer,24,95-99,'CHH',trails
167,167,167,200204270ORL,1.7,4.8,1st overtime,2:27.0,Darrell Armstrong,ORL,False,3-pointer,22,95-99,'CHH',trails
168,168,168,200204270ORL,4.7,25.5,1st overtime,0:32.7,Troy Hudson,ORL,False,3-pointer,28,100-109,'CHH',trails
169,169,169,200204270ORL,24.0,5.0,1st overtime,0:24.8,Troy Hudson,ORL,False,2-pointer,0,100-110,'CHH',trails
170,170,170,200204270SEA,24.0,5.0,1st quarter,11:16.0,Malik Rose,SAS,True,2-pointer,0,2-3,'SAS',trails
171,171,171,200204270SEA,14.2,8.0,1st quarter,10:36.0,Tim Duncan,SAS,False,2-pointer,10,2-5,'SAS',trails
172,172,172,200204270SEA,24.0,5.0,1st quarter,10:31.0,Malik Rose,SAS,False,2-pointer,0,2-5,'SAS',trails
173,173,173,200204270SEA,19.8,6.9,1st quarter,10:05.0,Malik Rose,SAS,False,2-pointer,5,2-7,'SAS',trails
174,174,174,200204270SEA,19.2,21.3,1st quarter,9:05.0,Tony Parker,SAS,False,2-pointer,17,2-7,'SAS',trails
175,175,175,200204270SEA,29.8,8.6,1st quarter,8:33.0,Malik Rose,SAS,False,2-pointer,7,2-9,'SAS',trails
176,176,176,200204270SEA,36.3,8.0,1st quarter,8:29.0,Tim Duncan,SAS,False,2-pointer,13,2-9,'SAS',trails
177,177,177,200204270SEA,24.0,5.0,1st quarter,8:02.0,Tony Parker,SAS,True,2-pointer,0,4-11,'SAS',trails
178,178,178,200204270SEA,12.7,6.9,1st quarter,7:34.0,Tim Duncan,SAS,False,2-pointer,11,4-11,'SAS',trails
179,179,179,200204270SEA,24.0,5.0,1st quarter,6:39.0,Tony Parker,SAS,False,2-pointer,0,4-11,'SAS',trails
180,180,180,200204270SEA,24.0,5.0,1st quarter,5:40.0,Malik Rose,SAS,False,2-pointer,0,6-11,'SAS',trails
181,181,181,200204270SEA,24.0,5.0,1st quarter,5:38.0,Tim Duncan,SAS,True,2-pointer,0,8-11,'SAS',trails
182,182,182,200204270SEA,24.0,5.0,1st quarter,5:10.0,Tony Parker,SAS,True,2-pointer,0,10-11,'SAS',trails
183,183,183,200204270SEA,24.0,5.0,1st quarter,4:44.0,Tony Parker,SAS,True,2-pointer,0,12-11,'SAS',leads
184,184,184,200204270SEA,18.4,13.2,1st quarter,4:01.0,Tim Duncan,SAS,True,2-pointer,10,14-13,'SAS',leads
185,185,185,200204270SEA,1.1,4.8,1st quarter,3:17.0,Bruce Bowen,SAS,False,3-pointer,23,14-15,'SAS',trails
186,186,186,200204270SEA,28.3,25.0,1st quarter,2:24.0,Tony Parker,SAS,True,2-pointer,20,16-15,'SAS',leads
187,187,187,200204270SEA,24.0,5.0,1st quarter,1:36.0,Tony Parker,SAS,True,2-pointer,0,18-17,'SAS',leads
188,188,188,200204270SEA,23.6,29.1,1st quarter,0:59.8,Tony Parker,SAS,True,3-pointer,24,21-19,'SAS',leads
189,189,189,200204270SEA,24.0,5.0,1st quarter,0:37.8,Malik Rose,SAS,True,2-pointer,0,23-19,'SAS',leads
190,190,190,200204270SEA,22.2,20.0,1st quarter,0:01.0,Tony Parker,SAS,False,2-pointer,15,23-21,'SAS',leads
191,191,191,200204270SEA,24.0,5.0,2nd quarter,11:44.0,Tim Duncan,SAS,True,2-pointer,0,25-21,'SAS',leads
192,192,192,200204270SEA,4.0,10.7,2nd quarter,10:59.0,Danny Ferry,SAS,False,2-pointer,21,25-23,'SAS',leads
193,193,193,200204270SEA,24.0,5.0,2nd quarter,10:28.0,Malik Rose,SAS,True,2-pointer,0,27-25,'SAS',leads
194,194,194,200204270SEA,20.7,9.7,2nd quarter,9:51.0,Antonio Daniels,SAS,False,2-pointer,6,29-25,'SAS',leads
195,195,195,200204270SEA,3.4,18.3,2nd quarter,9:28.0,Steve Smith,SAS,False,3-pointer,25,29-25,'SAS',leads
196,196,196,200204270SEA,24.0,5.0,2nd quarter,8:46.0,Steve Smith,SAS,True,2-pointer,0,31-25,'SAS',leads
197,197,197,200204270SEA,24.1,9.2,2nd quarter,8:09.0,Steve Smith,SAS,False,2-pointer,4,31-25,'SAS',leads
198,198,198,200204270SEA,24.0,5.0,2nd quarter,8:01.0,Tim Duncan,SAS,True,2-pointer,0,33-25,'SAS',leads
199,199,199,200204270SEA,24.0,5.0,2nd quarter,7:28.0,Antonio Daniels,SAS,True,2-pointer,0,36-25,'SAS',leads
200,200,200,200204270SEA,47.1,4.8,2nd quarter,6:41.0,Antonio Daniels,SAS,True,3-pointer,23,39-27,'SAS',leads
201,201,201,200204270SEA,35.5,16.0,2nd quarter,6:15.0,Tim Duncan,SAS,False,2-pointer,16,39-27,'SAS',leads
202,202,202,200204270SEA,24.0,5.0,2nd quarter,5:19.0,Antonio Daniels,SAS,False,2-pointer,0,41-27,'SAS',leads
203,203,203,200204270SEA,24.0,5.0,2nd quarter,5:18.0,Malik Rose,SAS,True,2-pointer,0,43-27,'SAS',leads
204,204,204,200204270SEA,35.5,21.7,2nd quarter,4:58.0,Terry Porter,SAS,False,2-pointer,20,43-27,'SAS',leads
205,205,205,200204270SEA,42.8,21.3,2nd quarter,4:19.0,Steve Smith,SAS,True,3-pointer,25,46-29,'SAS',leads
206,206,206,200204270SEA,37.8,17.7,2nd quarter,3:40.0,Antonio Daniels,SAS,False,2-pointer,19,46-29,'SAS',leads
207,207,207,200204270SEA,29.8,6.9,2nd quarter,3:37.0,Tim Duncan,SAS,True,2-pointer,6,48-29,'SAS',leads
208,208,208,200204270SEA,9.9,25.0,2nd quarter,2:43.0,Danny Ferry,SAS,True,3-pointer,24,53-31,'SAS',leads
209,209,209,200204270SEA,34.0,18.7,2nd quarter,1:23.0,Danny Ferry,SAS,True,2-pointer,17,57-34,'SAS',leads
210,210,210,200204270SEA,37.8,5.0,2nd quarter,0:37.6,Tim Duncan,SAS,False,2-pointer,14,57-36,'SAS',leads
211,211,211,200204270SEA,34.8,26.3,2nd quarter,0:05.2,Steve Smith,SAS,False,3-pointer,24,57-39,'SAS',leads
212,212,212,200204270SEA,35.5,6.3,2nd quarter,0:01.0,Malik Rose,SAS,False,2-pointer,12,57-39,'SAS',leads
213,213,213,200204270SEA,23.6,20.6,3rd quarter,11:44.0,Tony Parker,SAS,False,2-pointer,16,57-39,'SAS',leads
214,214,214,200204270SEA,14.2,10.7,3rd quarter,11:14.0,Tim Duncan,SAS,False,2-pointer,11,57-41,'SAS',leads
215,215,215,200204270SEA,19.8,9.7,3rd quarter,10:19.0,Tony Parker,SAS,False,2-pointer,6,58-41,'SAS',leads
216,216,216,200204270SEA,24.0,5.0,3rd quarter,9:36.0,Tim Duncan,SAS,False,2-pointer,0,59-41,'SAS',leads
217,217,217,200204270SEA,14.8,20.0,3rd quarter,8:57.0,Steve Smith,SAS,True,2-pointer,18,61-43,'SAS',leads
218,218,218,200204270SEA,7.8,5.0,3rd quarter,8:27.0,Bruce Bowen,SAS,True,2-pointer,16,63-45,'SAS',leads
219,219,219,200204270SEA,9.1,5.7,3rd quarter,7:45.0,Steve Smith,SAS,False,2-pointer,15,63-45,'SAS',leads
220,220,220,200204270SEA,14.2,6.3,3rd quarter,7:12.0,Malik Rose,SAS,True,2-pointer,10,65-47,'SAS',leads
221,221,221,200204270SEA,27.0,23.4,3rd quarter,6:33.0,Tim Duncan,SAS,False,2-pointer,19,65-47,'SAS',leads
222,222,222,200204270SEA,12.1,8.0,3rd quarter,5:34.0,Tim Duncan,SAS,True,2-pointer,12,67-48,'SAS',leads
223,223,223,200204270SEA,24.0,5.0,3rd quarter,4:44.0,Tony Parker,SAS,True,2-pointer,0,69-50,'SAS',leads
224,224,224,200204270SEA,24.0,5.0,3rd quarter,4:06.0,Tony Parker,SAS,True,2-pointer,0,71-52,'SAS',leads
225,225,225,200204270SEA,1.9,16.6,3rd quarter,3:00.0,Steve Smith,SAS,False,3-pointer,25,71-52,'SAS',leads
226,226,226,200204270SEA,24.0,5.0,3rd quarter,2:30.0,Antonio Daniels,SAS,True,2-pointer,0,73-52,'SAS',leads
227,227,227,200204270SEA,33.4,5.0,3rd quarter,1:37.0,Antonio Daniels,SAS,False,2-pointer,9,73-52,'SAS',leads
228,228,228,200204270SEA,24.0,5.0,3rd quarter,1:22.0,Tony Parker,SAS,True,2-pointer,0,75-52,'SAS',leads
229,229,229,200204270SEA,24.0,5.0,3rd quarter,0:57.2,Tony Parker,SAS,True,2-pointer,0,77-52,'SAS',leads
230,230,230,200204270SEA,24.0,5.0,3rd quarter,0:15.6,Tim Duncan,SAS,True,2-pointer,0,79-54,'SAS',leads
231,231,231,200204270SEA,24.0,5.0,4th quarter,11:06.0,Antonio Daniels,SAS,True,2-pointer,0,81-56,'SAS',leads
232,232,232,200204270SEA,14.8,9.7,4th quarter,10:21.0,Tim Duncan,SAS,True,2-pointer,10,83-58,'SAS',leads
233,233,233,200204270SEA,12.1,25.7,4th quarter,9:51.0,Terry Porter,SAS,True,3-pointer,24,86-58,'SAS',leads
234,234,234,200204270SEA,10.6,4.8,4th quarter,9:02.0,Tim Duncan,SAS,True,2-pointer,13,88-58,'SAS',leads
235,235,235,200204270SEA,22.8,23.4,4th quarter,7:43.0,Malik Rose,SAS,False,2-pointer,18,89-63,'SAS',leads
236,236,236,200204270SEA,0.5,4.2,4th quarter,6:53.0,Terry Porter,SAS,True,3-pointer,24,92-63,'SAS',leads
237,237,237,200204270SEA,24.0,5.0,4th quarter,6:22.0,Antonio Daniels,SAS,True,2-pointer,0,94-65,'SAS',leads
238,238,238,200204270SEA,32.5,7.6,4th quarter,5:02.0,Malik Rose,SAS,True,2-pointer,9,96-67,'SAS',leads
239,239,239,200204270SEA,39.9,16.0,4th quarter,4:14.0,Terry Porter,SAS,False,2-pointer,19,96-67,'SAS',leads
240,240,240,200204270SEA,16.9,7.6,4th quarter,3:38.0,Cherokee Parks,SAS,True,2-pointer,8,98-67,'SAS',leads
241,241,241,200204270SEA,6.4,23.4,4th quarter,3:00.0,Antonio Daniels,SAS,True,3-pointer,25,101-69,'SAS',leads
242,242,242,200204270SEA,39.9,5.0,4th quarter,2:34.0,Cherokee Parks,SAS,False,2-pointer,16,101-71,'SAS',leads
243,243,243,200204270SEA,38.4,4.2,4th quarter,2:08.0,Cherokee Parks,SAS,False,2-pointer,14,101-73,'SAS',leads
244,244,244,200204270SEA,39.3,5.7,4th quarter,1:24.0,Cherokee Parks,SAS,False,2-pointer,15,101-73,'SAS',leads
245,245,245,200204270SEA,39.3,12.0,1st quarter,11:42.0,Vin Baker,SEA,False,2-pointer,17,0-0,'SAS',tied
246,246,246,200204270SEA,27.7,8.6,1st quarter,11:37.0,Brent Barry,SEA,False,2-pointer,5,0-0,'SAS',tied
247,247,247,200204270SEA,1.1,4.2,1st quarter,11:30.0,Desmond Mason,SEA,True,3-pointer,23,3-0,'SAS',leads
248,248,248,200204270SEA,38.4,5.0,1st quarter,11:00.0,Gary Payton,SEA,True,2-pointer,14,5-2,'SAS',leads
249,249,249,200204270SEA,28.3,13.7,1st quarter,10:49.0,Gary Payton,SEA,False,2-pointer,10,5-2,'SAS',leads
250,250,250,200204270SEA,21.3,11.3,1st quarter,10:21.0,Vin Baker,SEA,True,2-pointer,7,7-2,'SAS',leads
251,251,251,200204270SEA,19.8,28.6,1st quarter,9:22.0,Gary Payton,SEA,False,3-pointer,24,7-2,'SAS',leads
252,252,252,200204270SEA,36.9,4.8,1st quarter,9:19.0,Brent Barry,SEA,False,2-pointer,13,7-2,'SAS',leads
253,253,253,200204270SEA,9.1,24.0,1st quarter,8:58.0,Rashard Lewis,SEA,False,3-pointer,24,7-2,'SAS',leads
254,254,254,200204270SEA,16.9,8.6,1st quarter,8:51.0,Gary Payton,SEA,True,2-pointer,8,9-2,'SAS',leads
255,255,255,200204270SEA,9.1,14.9,1st quarter,8:21.0,Vin Baker,SEA,True,2-pointer,18,11-2,'SAS',leads
256,256,256,200204270SEA,15.6,24.4,1st quarter,6:55.0,Desmond Mason,SEA,False,2-pointer,21,11-4,'SAS',leads
257,257,257,200204270SEA,24.0,5.0,1st quarter,6:44.0,Gary Payton,SEA,False,2-pointer,0,11-4,'SAS',leads
258,258,258,200204270SEA,28.3,7.6,1st quarter,6:30.0,Vin Baker,SEA,False,2-pointer,5,11-4,'SAS',leads
259,259,259,200204270SEA,24.0,5.0,1st quarter,5:54.0,Vin Baker,SEA,False,2-pointer,0,11-6,'SAS',leads
260,260,260,200204270SEA,19.8,10.7,1st quarter,5:19.0,Gary Payton,SEA,False,2-pointer,7,11-8,'SAS',leads
261,261,261,200204270SEA,24.0,5.0,1st quarter,4:53.0,Brent Barry,SEA,False,2-pointer,0,11-10,'SAS',leads
262,262,262,200204270SEA,39.9,5.0,1st quarter,4:19.0,Rashard Lewis,SEA,True,2-pointer,16,13-12,'SAS',leads
263,263,263,200204270SEA,17.7,10.3,1st quarter,3:37.0,Vin Baker,SEA,True,2-pointer,8,15-14,'SAS',leads
264,264,264,200204270SEA,4.9,6.9,1st quarter,2:51.0,Vin Baker,SEA,False,2-pointer,19,15-14,'SAS',leads
265,265,265,200204270SEA,41.4,10.3,1st quarter,1:59.0,Rashard Lewis,SEA,True,2-pointer,18,17-16,'SAS',leads
266,266,266,200204270SEA,39.3,10.7,1st quarter,1:14.0,Gary Payton,SEA,True,2-pointer,16,19-18,'SAS',leads
267,267,267,200204270SEA,36.9,25.7,1st quarter,0:50.0,Rashard Lewis,SEA,False,3-pointer,24,19-21,'SAS',trails
268,268,268,200204270SEA,32.5,8.6,2nd quarter,11:20.0,Vladimir Radmanović,SEA,False,2-pointer,9,21-25,'SAS',trails
269,269,269,200204270SEA,14.8,5.0,2nd quarter,11:16.0,Gary Payton,SEA,True,2-pointer,9,23-25,'SAS',trails
270,270,270,200204270SEA,13.5,6.3,2nd quarter,10:42.0,Jerome James,SEA,True,2-pointer,11,25-25,'SAS',tied
271,271,271,200204270SEA,12.7,26.3,2nd quarter,10:14.0,Gary Payton,SEA,False,3-pointer,24,25-28,'SAS',trails
272,272,272,200204270SEA,9.9,7.6,2nd quarter,9:38.0,Randy Livingston,SEA,False,2-pointer,14,25-29,'SAS',trails
273,273,273,200204270SEA,43.5,20.6,2nd quarter,9:08.0,Brent Barry,SEA,False,3-pointer,25,25-29,'SAS',trails
274,274,274,200204270SEA,7.0,5.7,2nd quarter,8:58.0,Rashard Lewis,SEA,False,2-pointer,17,25-29,'SAS',trails
275,275,275,200204270SEA,7.0,10.3,2nd quarter,8:26.0,Rashard Lewis,SEA,False,2-pointer,18,25-31,'SAS',trails
276,276,276,200204270SEA,30.4,20.0,2nd quarter,7:46.0,Gary Payton,SEA,False,2-pointer,16,25-34,'SAS',trails
277,277,277,200204270SEA,2.6,4.8,2nd quarter,7:10.0,Gary Payton,SEA,True,2-pointer,21,27-36,'SAS',trails
278,278,278,200204270SEA,39.3,12.0,2nd quarter,6:27.0,Rashard Lewis,SEA,False,2-pointer,17,27-39,'SAS',trails
279,279,279,200204270SEA,17.7,5.0,2nd quarter,6:00.0,Jerome James,SEA,False,2-pointer,6,27-39,'SAS',trails
280,280,280,200204270SEA,29.1,10.3,2nd quarter,5:42.0,Desmond Mason,SEA,False,2-pointer,7,27-41,'SAS',trails
281,281,281,200204270SEA,24.0,5.0,2nd quarter,5:39.0,Jerome James,SEA,False,2-pointer,0,27-41,'SAS',trails
282,282,282,200204270SEA,24.0,5.0,2nd quarter,5:30.0,Brent Barry,SEA,False,2-pointer,0,27-41,'SAS',trails
283,283,283,200204270SEA,39.9,24.0,2nd quarter,5:08.0,Rashard Lewis,SEA,False,3-pointer,25,27-43,'SAS',trails
284,284,284,200204270SEA,24.0,5.0,2nd quarter,4:42.0,Gary Payton,SEA,True,2-pointer,0,29-43,'SAS',trails
285,285,285,200204270SEA,15.6,19.4,2nd quarter,4:00.0,Gary Payton,SEA,False,2-pointer,17,29-46,'SAS',trails
286,286,286,200204270SEA,16.9,4.8,2nd quarter,3:46.0,Vin Baker,SEA,False,2-pointer,7,29-46,'SAS',trails
287,287,287,200204270SEA,24.1,12.0,2nd quarter,3:16.0,Vin Baker,SEA,False,2-pointer,7,29-48,'SAS',trails
288,288,288,200204270SEA,36.9,5.0,2nd quarter,2:23.0,Brent Barry,SEA,False,2-pointer,13,31-53,'SAS',trails
289,289,289,200204270SEA,38.4,25.0,2nd quarter,1:51.0,Brent Barry,SEA,True,3-pointer,25,34-55,'SAS',trails
290,290,290,200204270SEA,27.7,7.6,2nd quarter,1:03.0,Gary Payton,SEA,True,2-pointer,5,36-57,'SAS',trails
291,291,291,200204270SEA,24.0,5.0,2nd quarter,0:27.2,Vladimir Radmanović,SEA,True,2-pointer,0,38-57,'SAS',trails
292,292,292,200204270SEA,24.0,5.0,3rd quarter,11:32.0,Brent Barry,SEA,True,2-pointer,0,41-57,'SAS',trails
293,293,293,200204270SEA,44.1,17.0,3rd quarter,10:41.0,Brent Barry,SEA,False,2-pointer,23,41-58,'SAS',trails
294,294,294,200204270SEA,24.0,5.0,3rd quarter,9:15.0,Desmond Mason,SEA,False,2-pointer,0,41-59,'SAS',trails
295,295,295,200204270SEA,24.0,5.0,3rd quarter,9:14.0,Vin Baker,SEA,True,2-pointer,0,43-59,'SAS',trails
296,296,296,200204270SEA,24.0,5.0,3rd quarter,8:42.0,Vin Baker,SEA,True,2-pointer,0,45-61,'SAS',trails
297,297,297,200204270SEA,9.1,14.9,3rd quarter,8:01.0,Vin Baker,SEA,False,2-pointer,18,45-63,'SAS',trails
298,298,298,200204270SEA,38.4,18.7,3rd quarter,7:34.0,Predrag Drobnjak,SEA,True,2-pointer,20,47-63,'SAS',trails
299,299,299,200204270SEA,32.5,8.6,3rd quarter,6:49.0,Brent Barry,SEA,False,2-pointer,9,47-65,'SAS',trails
300,300,300,200204270SEA,18.4,7.6,3rd quarter,6:12.0,Predrag Drobnjak,SEA,False,2-pointer,6,47-65,'SAS',trails
301,301,301,200204270SEA,18.4,6.3,3rd quarter,6:04.0,Vin Baker,SEA,False,2-pointer,6,47-65,'SAS',trails
302,302,302,200204270SEA,41.4,4.8,3rd quarter,5:11.0,Brent Barry,SEA,True,2-pointer,17,50-67,'SAS',trails
303,303,303,200204270SEA,24.7,11.3,3rd quarter,4:23.0,Desmond Mason,SEA,True,2-pointer,6,52-69,'SAS',trails
304,304,304,200204270SEA,23.6,29.7,3rd quarter,3:50.0,Brent Barry,SEA,False,3-pointer,25,52-71,'SAS',trails
305,305,305,200204270SEA,39.9,18.7,3rd quarter,3:20.0,Desmond Mason,SEA,False,2-pointer,21,52-71,'SAS',trails
306,306,306,200204270SEA,6.4,4.2,3rd quarter,3:07.0,Predrag Drobnjak,SEA,False,2-pointer,18,52-71,'SAS',trails
307,307,307,200204270SEA,13.5,12.0,3rd quarter,2:38.0,Vin Baker,SEA,False,2-pointer,13,52-71,'SAS',trails
308,308,308,200204270SEA,9.1,4.2,3rd quarter,2:11.0,Gary Payton,SEA,False,2-pointer,15,52-73,'SAS',trails
309,309,309,200204270SEA,22.8,11.3,3rd quarter,1:05.0,Desmond Mason,SEA,False,2-pointer,6,52-75,'SAS',trails
310,310,310,200204270SEA,14.2,5.7,3rd quarter,0:33.5,Shammond Williams,SEA,True,2-pointer,10,54-77,'SAS',trails
311,311,311,200204270SEA,22.2,9.2,3rd quarter,0:02.4,Gary Payton,SEA,False,2-pointer,5,54-79,'SAS',trails
312,312,312,200204270SEA,13.5,18.7,4th quarter,11:38.0,Gary Payton,SEA,True,2-pointer,17,56-79,'SAS',trails
313,313,313,200204270SEA,20.7,22.9,4th quarter,10:45.0,Desmond Mason,SEA,True,2-pointer,18,58-81,'SAS',trails
314,314,314,200204270SEA,8.5,8.0,4th quarter,10:02.0,Gary Payton,SEA,False,2-pointer,16,58-83,'SAS',trails
315,315,315,200204270SEA,12.7,6.9,4th quarter,9:58.0,Gary Payton,SEA,False,2-pointer,11,58-83,'SAS',trails
316,316,316,200204270SEA,11.2,6.3,4th quarter,9:24.0,Jerome James,SEA,False,2-pointer,13,58-86,'SAS',trails
317,317,317,200204270SEA,24.0,5.0,4th quarter,8:38.0,Jerome James,SEA,True,2-pointer,0,60-88,'SAS',trails
318,318,318,200204270SEA,5.5,21.7,4th quarter,8:01.0,Shammond Williams,SEA,True,3-pointer,25,63-89,'SAS',trails
319,319,319,200204270SEA,14.2,3.5,4th quarter,7:18.0,Shammond Williams,SEA,False,2-pointer,10,63-89,'SAS',trails
320,320,320,200204270SEA,10.6,5.0,4th quarter,6:36.0,Gary Payton,SEA,True,2-pointer,13,65-92,'SAS',trails
321,321,321,200204270SEA,12.1,4.8,4th quarter,5:59.0,Gary Payton,SEA,False,2-pointer,12,65-94,'SAS',trails
322,322,322,200204270SEA,35.5,23.4,4th quarter,5:38.0,Desmond Mason,SEA,False,2-pointer,22,65-94,'SAS',trails
323,323,323,200204270SEA,24.0,5.0,4th quarter,5:26.0,Predrag Drobnjak,SEA,True,2-pointer,0,67-94,'SAS',trails
324,324,324,200204270SEA,39.9,19.4,4th quarter,4:36.0,Predrag Drobnjak,SEA,False,2-pointer,21,67-96,'SAS',trails
325,325,325,200204270SEA,36.3,16.6,4th quarter,4:07.0,Shammond Williams,SEA,False,2-pointer,17,67-96,'SAS',trails
326,326,326,200204270SEA,36.3,5.7,4th quarter,3:51.0,Randy Livingston,SEA,False,2-pointer,12,67-96,'SAS',trails
327,327,327,200204270SEA,24.0,5.0,4th quarter,2:47.0,Randy Livingston,SEA,True,2-pointer,0,71-101,'SAS',trails
328,328,328,200204270SEA,17.7,4.2,4th quarter,1:44.0,Shammond Williams,SEA,False,2-pointer,6,73-101,'SAS',trails
329,329,329,200204270SEA,8.5,12.0,4th quarter,0:57.4,Ansu Sesay,SEA,False,2-pointer,17,73-101,'SAS',trails
330,330,330,200204270SEA,24.0,5.0,4th quarter,0:28.3,Olumide Oyedeji,SEA,True,2-pointer,0,75-101,'SAS',trails
331,331,331,200204270TOR,28.7,9.7,1st quarter,11:42.0,Clifford Robinson,DET,False,2-pointer,7,0-0,'TOR',tied
332,332,332,200204270TOR,33.1,6.7,1st quarter,11:11.0,Ben Wallace,DET,True,2-pointer,9,2-0,'TOR',leads
333,333,333,200204270TOR,41.8,9.7,1st quarter,10:34.0,Clifford Robinson,DET,False,2-pointer,18,2-2,'TOR',tied
334,334,334,200204270TOR,38.8,10.1,1st quarter,10:10.0,Jerry Stackhouse,DET,False,2-pointer,16,2-4,'TOR',trails
335,335,335,200204270TOR,35.3,17.7,1st quarter,9:39.0,Chucky Atkins,DET,False,2-pointer,17,2-4,'TOR',trails
336,336,336,200204270TOR,43.9,20.0,1st quarter,8:54.0,Chucky Atkins,DET,True,3-pointer,25,5-6,'TOR',trails
337,337,337,200204270TOR,24.0,5.0,1st quarter,8:18.0,Chucky Atkins,DET,False,2-pointer,0,5-6,'TOR',trails
338,338,338,200204270TOR,16.7,17.2,1st quarter,7:16.0,Jerry Stackhouse,DET,False,2-pointer,14,6-10,'TOR',trails
339,339,339,200204270TOR,1.5,4.2,1st quarter,6:47.0,Jerry Stackhouse,DET,False,3-pointer,23,6-12,'TOR',trails
340,340,340,200204270TOR,24.0,5.0,1st quarter,6:41.0,Ben Wallace,DET,False,2-pointer,0,6-12,'TOR',trails
341,341,341,200204270TOR,13.7,18.7,1st quarter,6:14.0,Clifford Robinson,DET,False,2-pointer,17,6-12,'TOR',trails
342,342,342,200204270TOR,30.2,8.4,1st quarter,6:03.0,Chucky Atkins,DET,True,2-pointer,7,8-12,'TOR',trails
343,343,343,200204270TOR,4.3,20.4,1st quarter,4:45.0,Chucky Atkins,DET,True,3-pointer,25,11-16,'TOR',trails
344,344,344,200204270TOR,36.1,26.5,1st quarter,3:34.0,Chucky Atkins,DET,True,3-pointer,25,14-20,'TOR',trails
345,345,345,200204270TOR,32.5,8.4,1st quarter,3:00.0,Chucky Atkins,DET,True,2-pointer,9,16-20,'TOR',trails
346,346,346,200204270TOR,25.8,12.8,2nd quarter,11:27.0,Željko Rebrača,DET,False,2-pointer,8,17-26,'TOR',trails
347,347,347,200204270TOR,24.3,11.1,2nd quarter,11:05.0,Corliss Williamson,DET,True,2-pointer,6,19-26,'TOR',trails
348,348,348,200204270TOR,10.8,5.7,2nd quarter,9:41.0,Corliss Williamson,DET,False,2-pointer,13,19-28,'TOR',trails
349,349,349,200204270TOR,15.2,12.2,2nd quarter,9:08.0,Željko Rebrača,DET,True,2-pointer,11,21-30,'TOR',trails
350,350,350,200204270TOR,36.7,5.0,2nd quarter,8:28.0,Corliss Williamson,DET,False,2-pointer,13,21-32,'TOR',trails
351,351,351,200204270TOR,24.0,5.0,2nd quarter,8:23.0,Corliss Williamson,DET,True,2-pointer,0,23-32,'TOR',trails
352,352,352,200204270TOR,23.0,11.1,2nd quarter,7:41.0,Corliss Williamson,DET,True,2-pointer,6,25-34,'TOR',trails
353,353,353,200204270TOR,23.0,30.3,2nd quarter,7:02.0,Clifford Robinson,DET,True,3-pointer,25,28-36,'TOR',trails
354,354,354,200204270TOR,41.8,6.3,2nd quarter,6:16.0,Jon Barry,DET,False,2-pointer,18,28-38,'TOR',trails
355,355,355,200204270TOR,24.0,5.0,2nd quarter,6:03.0,Damon Jones,DET,True,2-pointer,0,30-38,'TOR',trails
356,356,356,200204270TOR,45.4,19.4,2nd quarter,5:48.0,Jon Barry,DET,False,3-pointer,26,30-38,'TOR',trails
357,357,357,200204270TOR,23.9,29.7,2nd quarter,5:36.0,Clifford Robinson,DET,False,3-pointer,25,30-38,'TOR',trails
358,358,358,200204270TOR,44.5,21.5,2nd quarter,4:49.0,Jon Barry,DET,True,3-pointer,26,33-40,'TOR',trails
359,359,359,200204270TOR,24.0,5.0,2nd quarter,3:38.0,Ben Wallace,DET,True,2-pointer,0,35-42,'TOR',trails
360,360,360,200204270TOR,30.2,20.4,2nd quarter,1:22.0,Jerry Stackhouse,DET,False,2-pointer,17,36-47,'TOR',trails
361,361,361,200204270TOR,24.0,5.0,2nd quarter,0:43.9,Corliss Williamson,DET,True,2-pointer,0,38-49,'TOR',trails
362,362,362,200204270TOR,3.6,5.0,2nd quarter,0:09.0,Damon Jones,DET,True,2-pointer,20,40-49,'TOR',trails
363,363,363,200204270TOR,31.7,9.0,3rd quarter,11:24.0,Jerry Stackhouse,DET,False,2-pointer,9,40-51,'TOR',trails
364,364,364,200204270TOR,16.7,9.0,3rd quarter,10:43.0,Ben Wallace,DET,False,2-pointer,8,40-53,'TOR',trails
365,365,365,200204270TOR,23.0,29.3,3rd quarter,10:22.0,Clifford Robinson,DET,False,3-pointer,24,40-55,'TOR',trails
366,366,366,200204270TOR,23.0,12.8,3rd quarter,8:26.0,Jerry Stackhouse,DET,False,2-pointer,8,42-62,'TOR',trails
367,367,367,200204270TOR,24.0,5.0,3rd quarter,7:21.0,Ben Wallace,DET,True,2-pointer,0,46-64,'TOR',trails
368,368,368,200204270TOR,24.0,5.0,3rd quarter,6:33.0,Jerry Stackhouse,DET,False,2-pointer,0,46-66,'TOR',trails
369,369,369,200204270TOR,24.0,5.0,3rd quarter,6:28.0,Jerry Stackhouse,DET,True,2-pointer,0,48-66,'TOR',trails
370,370,370,200204270TOR,15.8,7.8,3rd quarter,4:42.0,Corliss Williamson,DET,False,2-pointer,9,52-68,'TOR',trails
371,371,371,200204270TOR,33.1,28.0,3rd quarter,4:35.0,Jerry Stackhouse,DET,True,3-pointer,25,55-68,'TOR',trails
372,372,372,200204270TOR,24.0,5.0,3rd quarter,3:58.0,Chucky Atkins,DET,True,2-pointer,0,57-70,'TOR',trails
373,373,373,200204270TOR,24.0,5.0,3rd quarter,2:46.0,Chucky Atkins,DET,False,2-pointer,0,59-74,'TOR',trails
374,374,374,200204270TOR,17.3,10.5,3rd quarter,1:51.0,Corliss Williamson,DET,True,2-pointer,9,63-78,'TOR',trails
375,375,375,200204270TOR,24.0,5.0,3rd quarter,1:18.0,Clifford Robinson,DET,True,2-pointer,0,65-79,'TOR',trails
376,376,376,200204270TOR,12.3,26.9,3rd quarter,0:39.2,Chucky Atkins,DET,False,3-pointer,25,65-79,'TOR',trails
377,377,377,200204270TOR,23.0,9.7,3rd quarter,0:31.6,Ben Wallace,DET,False,2-pointer,5,65-79,'TOR',trails
378,378,378,200204270TOR,24.0,5.0,3rd quarter,0:29.6,Corliss Williamson,DET,True,2-pointer,0,67-79,'TOR',trails
379,379,379,200204270TOR,1.5,17.7,3rd quarter,0:05.9,Jerry Stackhouse,DET,False,3-pointer,26,67-79,'TOR',trails
380,380,380,200204270TOR,24.0,5.0,4th quarter,10:21.0,Jon Barry,DET,False,2-pointer,0,67-81,'TOR',trails
381,381,381,200204270TOR,38.2,4.2,4th quarter,9:43.0,Corliss Williamson,DET,False,2-pointer,14,67-83,'TOR',trails
382,382,382,200204270TOR,40.3,23.1,4th quarter,9:07.0,Clifford Robinson,DET,True,3-pointer,24,70-83,'TOR',trails
383,383,383,200204270TOR,0.7,4.2,4th quarter,8:12.0,Jon Barry,DET,True,3-pointer,23,73-83,'TOR',trails
384,384,384,200204270TOR,24.0,5.0,4th quarter,7:40.0,Corliss Williamson,DET,False,2-pointer,0,73-83,'TOR',trails
385,385,385,200204270TOR,24.0,5.0,4th quarter,7:22.0,Chucky Atkins,DET,True,2-pointer,0,75-83,'TOR',trails
386,386,386,200204270TOR,24.0,5.0,4th quarter,6:25.0,Jon Barry,DET,True,2-pointer,0,77-83,'TOR',trails
387,387,387,200204270TOR,1.5,4.2,4th quarter,5:44.0,Clifford Robinson,DET,False,3-pointer,23,77-85,'TOR',trails
388,388,388,200204270TOR,47.5,4.2,4th quarter,3:18.0,Damon Jones,DET,True,3-pointer,24,80-89,'TOR',trails
389,389,389,200204270TOR,23.9,30.3,4th quarter,2:39.0,Damon Jones,DET,False,3-pointer,25,80-89,'TOR',trails
390,390,390,200204270TOR,8.7,25.5,4th quarter,1:34.0,Jon Barry,DET,False,3-pointer,26,80-89,'TOR',trails
391,391,391,200204270TOR,23.0,30.3,4th quarter,0:58.6,Clifford Robinson,DET,False,3-pointer,25,82-92,'TOR',trails
392,392,392,200204270TOR,24.0,5.0,4th quarter,0:26.6,Clifford Robinson,DET,True,2-pointer,0,84-94,'TOR',trails
393,393,393,200204270TOR,24.0,5.0,1st quarter,11:30.0,Chris Childs,TOR,False,2-pointer,0,0-0,'TOR',tied
394,394,394,200204270TOR,11.0,5.4,1st quarter,11:26.0,Alvin Williams,TOR,False,2-pointer,13,0-0,'TOR',tied
395,395,395,200204270TOR,31.7,12.2,1st quarter,10:55.0,Morris Peterson,TOR,True,2-pointer,11,2-2,'TOR',tied
396,396,396,200204270TOR,24.0,5.0,1st quarter,10:27.0,Alvin Williams,TOR,True,2-pointer,0,4-2,'TOR',leads
397,397,397,200204270TOR,15.8,18.3,1st quarter,9:55.0,Keon Clark,TOR,False,2-pointer,16,4-2,'TOR',leads
398,398,398,200204270TOR,13.7,6.3,1st quarter,9:16.0,Antonio Davis,TOR,True,2-pointer,10,6-2,'TOR',leads
399,399,399,200204270TOR,36.1,5.7,1st quarter,8:26.0,Antonio Davis,TOR,False,2-pointer,12,6-5,'TOR',leads
400,400,400,200204270TOR,3.6,5.7,1st quarter,8:05.0,Alvin Williams,TOR,True,2-pointer,20,8-5,'TOR',leads
401,401,401,200204270TOR,7.8,4.2,1st quarter,7:30.0,Antonio Davis,TOR,True,2-pointer,16,10-6,'TOR',leads
402,402,402,200204270TOR,24.0,5.0,1st quarter,7:04.0,Chris Childs,TOR,True,2-pointer,0,12-6,'TOR',leads
403,403,403,200204270TOR,15.8,17.2,1st quarter,5:42.0,Alvin Williams,TOR,True,2-pointer,15,14-8,'TOR',leads
404,404,404,200204270TOR,39.7,5.0,1st quarter,5:08.0,Alvin Williams,TOR,True,2-pointer,16,16-8,'TOR',leads
405,405,405,200204270TOR,17.3,9.0,1st quarter,4:22.0,Antonio Davis,TOR,True,2-pointer,8,18-11,'TOR',leads
406,406,406,200204270TOR,24.0,5.0,1st quarter,3:51.0,Keon Clark,TOR,True,2-pointer,0,20-11,'TOR',leads
407,407,407,200204270TOR,2.8,17.7,1st quarter,3:18.0,Chris Childs,TOR,False,3-pointer,25,20-14,'TOR',leads
408,408,408,200204270TOR,13.7,5.7,1st quarter,2:37.0,Jerome Williams,TOR,False,2-pointer,10,20-16,'TOR',leads
409,409,409,200204270TOR,18.8,10.5,1st quarter,2:07.0,Antonio Davis,TOR,True,2-pointer,8,22-17,'TOR',leads
410,410,410,200204270TOR,32.5,16.6,1st quarter,1:30.0,Antonio Davis,TOR,True,2-pointer,14,24-17,'TOR',leads
411,411,411,200204270TOR,24.0,5.0,1st quarter,1:01.0,Hakeem Olajuwon,TOR,False,2-pointer,0,24-17,'TOR',leads
412,412,412,200204270TOR,36.1,12.8,1st quarter,0:54.9,Antonio Davis,TOR,True,2-pointer,14,26-17,'TOR',leads
413,413,413,200204270TOR,39.7,5.0,1st quarter,0:07.8,Chris Childs,TOR,False,2-pointer,16,26-17,'TOR',leads
414,414,414,200204270TOR,13.1,11.1,2nd quarter,11:44.0,Hakeem Olajuwon,TOR,False,2-pointer,12,26-17,'TOR',leads
415,415,415,200204270TOR,12.3,7.3,2nd quarter,11:13.0,Antonio Davis,TOR,False,2-pointer,12,26-17,'TOR',leads
416,416,416,200204270TOR,23.9,12.2,2nd quarter,10:48.0,Morris Peterson,TOR,True,2-pointer,7,28-19,'TOR',leads
417,417,417,200204270TOR,22.4,17.7,2nd quarter,10:12.0,Alvin Williams,TOR,False,2-pointer,13,28-19,'TOR',leads
418,418,418,200204270TOR,24.0,5.0,2nd quarter,9:24.0,Jerome Williams,TOR,True,2-pointer,0,30-19,'TOR',leads
419,419,419,200204270TOR,33.8,5.0,2nd quarter,8:45.0,Keon Clark,TOR,True,2-pointer,10,32-21,'TOR',leads
420,420,420,200204270TOR,11.6,10.1,2nd quarter,8:03.0,Keon Clark,TOR,True,2-pointer,13,34-23,'TOR',leads
421,421,421,200204270TOR,37.4,14.3,2nd quarter,7:19.0,Alvin Williams,TOR,True,2-pointer,16,36-25,'TOR',leads
422,422,422,200204270TOR,14.6,19.4,2nd quarter,6:42.0,Dell Curry,TOR,True,2-pointer,17,38-28,'TOR',leads
423,423,423,200204270TOR,1.5,17.2,2nd quarter,6:09.0,Dell Curry,TOR,False,3-pointer,26,38-28,'TOR',leads
424,424,424,200204270TOR,24.0,5.0,2nd quarter,5:56.0,Alvin Williams,TOR,False,2-pointer,0,38-30,'TOR',leads
425,425,425,200204270TOR,24.0,5.0,2nd quarter,5:53.0,Jerome Williams,TOR,False,2-pointer,0,38-30,'TOR',leads
426,426,426,200204270TOR,11.6,8.4,2nd quarter,5:11.0,Antonio Davis,TOR,True,2-pointer,13,40-30,'TOR',leads
427,427,427,200204270TOR,3.6,18.3,2nd quarter,4:30.0,Alvin Williams,TOR,False,3-pointer,24,40-33,'TOR',leads
428,428,428,200204270TOR,24.0,5.0,2nd quarter,4:14.0,Keon Clark,TOR,False,2-pointer,0,40-33,'TOR',leads
429,429,429,200204270TOR,24.0,5.0,2nd quarter,4:10.0,Antonio Davis,TOR,True,2-pointer,0,42-33,'TOR',leads
430,430,430,200204270TOR,33.8,20.0,2nd quarter,3:25.0,Alvin Williams,TOR,False,2-pointer,18,42-36,'TOR',leads
431,431,431,200204270TOR,38.8,25.9,2nd quarter,2:23.0,Morris Peterson,TOR,False,3-pointer,26,42-36,'TOR',leads
432,432,432,200204270TOR,24.0,5.0,2nd quarter,2:18.0,Keon Clark,TOR,True,2-pointer,0,44-36,'TOR',leads
433,433,433,200204270TOR,38.2,25.5,2nd quarter,1:39.0,Chris Childs,TOR,False,3-pointer,25,47-36,'TOR',leads
434,434,434,200204270TOR,33.1,10.1,2nd quarter,1:01.0,Keon Clark,TOR,True,2-pointer,10,49-36,'TOR',leads
435,435,435,200204270TOR,10.2,5.0,2nd quarter,0:00.1,Antonio Davis,TOR,True,2-pointer,14,51-40,'TOR',leads
436,436,436,200204270TOR,40.3,14.9,3rd quarter,11:42.0,Alvin Williams,TOR,False,2-pointer,19,51-40,'TOR',leads
437,437,437,200204270TOR,24.0,5.0,3rd quarter,10:35.0,Chris Childs,TOR,True,2-pointer,0,55-40,'TOR',leads
438,438,438,200204270TOR,15.8,24.8,3rd quarter,9:32.0,Alvin Williams,TOR,True,2-pointer,21,57-40,'TOR',leads
439,439,439,200204270TOR,11.6,10.1,3rd quarter,8:57.0,Alvin Williams,TOR,True,2-pointer,13,59-42,'TOR',leads
440,440,440,200204270TOR,14.6,28.0,3rd quarter,8:16.0,Chris Childs,TOR,False,3-pointer,25,62-42,'TOR',leads
441,441,441,200204270TOR,15.2,11.6,3rd quarter,8:04.0,Chris Childs,TOR,False,2-pointer,11,62-42,'TOR',leads
442,442,442,200204270TOR,18.2,11.1,3rd quarter,7:39.0,Chris Childs,TOR,False,2-pointer,8,62-44,'TOR',leads
443,443,443,200204270TOR,26.4,17.7,3rd quarter,7:35.0,Antonio Davis,TOR,True,2-pointer,13,64-44,'TOR',leads
444,444,444,200204270TOR,12.3,20.4,3rd quarter,7:02.0,Alvin Williams,TOR,False,2-pointer,19,64-46,'TOR',leads
445,445,445,200204270TOR,26.4,25.9,3rd quarter,6:07.0,Morris Peterson,TOR,False,2-pointer,21,66-48,'TOR',leads
446,446,446,200204270TOR,24.0,5.0,3rd quarter,5:35.0,Keon Clark,TOR,False,2-pointer,0,66-50,'TOR',leads
447,447,447,200204270TOR,24.0,5.0,3rd quarter,5:30.0,Antonio Davis,TOR,False,2-pointer,0,66-50,'TOR',leads
448,448,448,200204270TOR,23.4,7.7,3rd quarter,5:27.0,Antonio Davis,TOR,False,2-pointer,3,66-50,'TOR',leads
449,449,449,200204270TOR,23.0,23.1,3rd quarter,5:11.0,Morris Peterson,TOR,False,2-pointer,18,66-50,'TOR',leads
450,450,450,200204270TOR,31.7,17.2,3rd quarter,4:15.0,Keon Clark,TOR,True,2-pointer,14,70-55,'TOR',leads
451,451,451,200204270TOR,24.3,9.7,3rd quarter,3:38.0,Morris Peterson,TOR,True,2-pointer,5,72-57,'TOR',leads
452,452,452,200204270TOR,24.0,5.0,3rd quarter,3:07.0,Antonio Davis,TOR,True,2-pointer,0,74-59,'TOR',leads
453,453,453,200204270TOR,24.0,5.0,3rd quarter,2:39.0,Keon Clark,TOR,True,2-pointer,0,76-59,'TOR',leads
454,454,454,200204270TOR,24.0,5.0,3rd quarter,2:08.0,Antonio Davis,TOR,True,2-pointer,0,78-61,'TOR',leads
455,455,455,200204270TOR,16.7,21.0,3rd quarter,0:58.6,Morris Peterson,TOR,False,2-pointer,18,79-65,'TOR',leads
456,456,456,200204270TOR,23.0,18.7,3rd quarter,0:00.1,Alvin Williams,TOR,False,2-pointer,14,79-67,'TOR',leads
457,457,457,200204270TOR,16.7,10.1,4th quarter,11:27.0,Antonio Davis,TOR,True,2-pointer,9,81-67,'TOR',leads
458,458,458,200204270TOR,23.9,25.9,4th quarter,11:01.0,Chris Childs,TOR,False,2-pointer,21,81-67,'TOR',leads
459,459,459,200204270TOR,24.0,5.0,4th quarter,10:01.0,Antonio Davis,TOR,True,2-pointer,0,83-67,'TOR',leads
460,460,460,200204270TOR,11.6,23.8,4th quarter,8:40.0,Jerome Williams,TOR,False,2-pointer,23,83-70,'TOR',leads
461,461,461,200204270TOR,24.0,5.0,4th quarter,5:34.0,Morris Peterson,TOR,True,2-pointer,0,87-77,'TOR',leads
462,462,462,200204270TOR,36.1,5.0,4th quarter,4:34.0,Keon Clark,TOR,False,2-pointer,12,89-77,'TOR',leads
463,463,463,200204270TOR,24.0,5.0,4th quarter,4:06.0,Morris Peterson,TOR,False,2-pointer,0,89-77,'TOR',leads
464,464,464,200204270TOR,24.0,5.0,4th quarter,4:03.0,Antonio Davis,TOR,False,2-pointer,0,89-77,'TOR',leads
465,465,465,200204270TOR,24.3,18.3,4th quarter,3:47.0,Alvin Williams,TOR,False,2-pointer,13,89-77,'TOR',leads
466,466,466,200204270TOR,38.2,26.5,4th quarter,1:41.0,Morris Peterson,TOR,False,3-pointer,26,89-80,'TOR',leads
467,467,467,200204270TOR,8.7,23.8,4th quarter,1:08.0,Chris Childs,TOR,True,3-pointer,24,92-82,'TOR',leads
468,468,468,200204270UTA,47.5,6.1,1st quarter,10:59.0,Doug Christie,SAC,False,3-pointer,24,0-5,'SAC',trails
469,469,469,200204270UTA,7.0,3.7,1st quarter,9:59.0,Peja Stojaković,SAC,True,2-pointer,17,4-9,'SAC',trails
470,470,470,200204270UTA,24.0,5.0,1st quarter,9:34.0,Chris Webber,SAC,True,2-pointer,0,6-9,'SAC',trails
471,471,471,200204270UTA,18.0,28.8,1st quarter,8:58.0,Mike Bibby,SAC,False,3-pointer,25,6-9,'SAC',trails
472,472,472,200204270UTA,35.7,23.4,1st quarter,8:19.0,Chris Webber,SAC,False,2-pointer,22,6-9,'SAC',trails
473,473,473,200204270UTA,24.0,5.0,1st quarter,7:56.0,Mike Bibby,SAC,False,2-pointer,0,6-11,'SAC',trails
474,474,474,200204270UTA,24.0,5.0,1st quarter,7:53.0,Vlade Divac,SAC,False,2-pointer,0,6-11,'SAC',trails
475,475,475,200204270UTA,19.4,28.8,1st quarter,7:45.0,Peja Stojaković,SAC,False,3-pointer,24,6-11,'SAC',trails
476,476,476,200204270UTA,24.0,5.0,1st quarter,7:44.0,Chris Webber,SAC,True,2-pointer,0,8-11,'SAC',trails
477,477,477,200204270UTA,24.0,5.0,1st quarter,7:14.0,Peja Stojaković,SAC,True,2-pointer,0,12-11,'SAC',leads
478,478,478,200204270UTA,40.5,17.2,1st quarter,6:30.0,Chris Webber,SAC,True,2-pointer,21,14-11,'SAC',leads
479,479,479,200204270UTA,24.0,5.0,1st quarter,6:06.0,Doug Christie,SAC,True,2-pointer,0,16-11,'SAC',leads
480,480,480,200204270UTA,28.7,6.5,1st quarter,5:41.0,Chris Webber,SAC,True,2-pointer,5,18-11,'SAC',leads
481,481,481,200204270UTA,10.2,19.8,1st quarter,5:08.0,Mike Bibby,SAC,True,2-pointer,20,20-13,'SAC',leads
482,482,482,200204270UTA,46.8,9.7,1st quarter,4:13.0,Doug Christie,SAC,True,3-pointer,23,23-15,'SAC',leads
483,483,483,200204270UTA,24.0,5.0,1st quarter,3:49.0,Peja Stojaković,SAC,False,2-pointer,0,23-15,'SAC',leads
484,484,484,200204270UTA,24.0,5.0,1st quarter,3:47.0,Peja Stojaković,SAC,False,2-pointer,0,23-15,'SAC',leads
485,485,485,200204270UTA,17.1,25.3,1st quarter,3:19.0,Mike Bibby,SAC,False,2-pointer,21,23-15,'SAC',leads
486,486,486,200204270UTA,24.0,5.0,1st quarter,2:14.0,Mike Bibby,SAC,True,2-pointer,0,29-17,'SAC',leads
487,487,487,200204270UTA,36.5,21.7,1st quarter,1:38.0,Chris Webber,SAC,False,2-pointer,21,29-19,'SAC',leads
488,488,488,200204270UTA,42.2,21.0,1st quarter,1:33.0,Mike Bibby,SAC,False,3-pointer,24,29-19,'SAC',leads
489,489,489,200204270UTA,24.0,5.0,1st quarter,1:27.0,Chris Webber,SAC,False,2-pointer,0,29-19,'SAC',leads
490,490,490,200204270UTA,45.4,17.2,1st quarter,1:09.0,Hedo Türkoğlu,SAC,True,3-pointer,25,32-19,'SAC',leads
491,491,491,200204270UTA,18.8,12.6,1st quarter,0:42.0,Doug Christie,SAC,False,2-pointer,9,32-21,'SAC',leads
492,492,492,200204270UTA,46.8,5.4,1st quarter,0:23.8,Hedo Türkoğlu,SAC,False,3-pointer,23,32-21,'SAC',leads
493,493,493,200204270UTA,39.7,19.1,2nd quarter,11:48.0,Hedo Türkoğlu,SAC,False,2-pointer,21,32-21,'SAC',leads
494,494,494,200204270UTA,22.0,28.8,2nd quarter,11:13.0,Doug Christie,SAC,False,3-pointer,24,32-23,'SAC',leads
495,495,495,200204270UTA,18.8,23.4,2nd quarter,9:30.0,Vlade Divac,SAC,False,2-pointer,19,33-23,'SAC',leads
496,496,496,200204270UTA,46.8,7.1,2nd quarter,9:15.0,Doug Christie,SAC,False,3-pointer,23,33-23,'SAC',leads
497,497,497,200204270UTA,23.4,10.1,2nd quarter,8:42.0,Vlade Divac,SAC,False,2-pointer,5,33-23,'SAC',leads
498,498,498,200204270UTA,24.1,22.7,2nd quarter,7:37.0,Peja Stojaković,SAC,False,2-pointer,18,33-25,'SAC',leads
499,499,499,200204270UTA,35.7,22.7,2nd quarter,6:58.0,Chris Webber,SAC,True,2-pointer,21,35-25,'SAC',leads
500,500,500,200204270UTA,36.5,5.0,2nd quarter,6:10.0,Chris Webber,SAC,False,2-pointer,13,35-27,'SAC',leads
501,501,501,200204270UTA,32.5,24.0,2nd quarter,5:32.0,Mike Bibby,SAC,False,2-pointer,21,35-29,'SAC',leads
502,502,502,200204270UTA,24.0,5.0,2nd quarter,5:09.0,Vlade Divac,SAC,False,2-pointer,0,35-31,'SAC',leads
503,503,503,200204270UTA,24.0,5.0,2nd quarter,5:07.0,Chris Webber,SAC,False,2-pointer,0,35-31,'SAC',leads
504,504,504,200204270UTA,24.0,5.0,2nd quarter,4:49.0,Chris Webber,SAC,True,2-pointer,0,38-31,'SAC',leads
505,505,505,200204270UTA,31.0,5.4,2nd quarter,4:01.0,Chris Webber,SAC,False,2-pointer,7,38-33,'SAC',leads
506,506,506,200204270UTA,17.1,25.9,2nd quarter,3:38.0,Mike Bibby,SAC,True,2-pointer,22,40-35,'SAC',leads
507,507,507,200204270UTA,44.5,17.2,2nd quarter,3:17.0,Peja Stojaković,SAC,False,3-pointer,24,40-35,'SAC',leads
508,508,508,200204270UTA,24.0,5.0,2nd quarter,2:50.0,Chris Webber,SAC,False,2-pointer,0,40-35,'SAC',leads
509,509,509,200204270UTA,5.3,3.7,2nd quarter,1:52.0,Peja Stojaković,SAC,False,2-pointer,19,44-37,'SAC',leads
510,510,510,200204270UTA,10.2,3.7,2nd quarter,0:49.4,Mike Bibby,SAC,True,2-pointer,14,46-42,'SAC',leads
511,511,511,200204270UTA,0.7,5.4,3rd quarter,11:15.0,Mike Bibby,SAC,True,3-pointer,23,49-45,'SAC',leads
512,512,512,200204270UTA,17.1,10.1,3rd quarter,10:06.0,Chris Webber,SAC,True,2-pointer,9,51-48,'SAC',leads
513,513,513,200204270UTA,24.0,5.0,3rd quarter,9:29.0,Peja Stojaković,SAC,False,2-pointer,0,51-48,'SAC',leads
514,514,514,200204270UTA,24.0,5.0,3rd quarter,8:44.0,Doug Christie,SAC,False,2-pointer,0,51-48,'SAC',leads
515,515,515,200204270UTA,3.0,13.2,3rd quarter,8:15.0,Peja Stojaković,SAC,False,2-pointer,23,51-49,'SAC',leads
516,516,516,200204270UTA,24.0,5.0,3rd quarter,7:38.0,Peja Stojaković,SAC,False,2-pointer,0,51-51,'SAC',tied
517,517,517,200204270UTA,34.2,5.0,3rd quarter,6:33.0,Mike Bibby,SAC,True,2-pointer,10,55-55,'SAC',tied
518,518,518,200204270UTA,6.2,5.0,3rd quarter,5:55.0,Mike Bibby,SAC,False,2-pointer,18,55-55,'SAC',tied
519,519,519,200204270UTA,41.4,23.4,3rd quarter,5:45.0,Doug Christie,SAC,False,3-pointer,25,55-55,'SAC',tied
520,520,520,200204270UTA,32.5,5.0,3rd quarter,5:37.0,Vlade Divac,SAC,False,2-pointer,9,55-55,'SAC',tied
521,521,521,200204270UTA,42.8,21.0,3rd quarter,4:50.0,Peja Stojaković,SAC,True,3-pointer,25,59-55,'SAC',leads
522,522,522,200204270UTA,35.7,16.2,3rd quarter,4:16.0,Mike Bibby,SAC,True,2-pointer,16,61-55,'SAC',leads
523,523,523,200204270UTA,13.9,19.1,3rd quarter,3:42.0,Mike Bibby,SAC,False,2-pointer,17,61-57,'SAC',leads
524,524,524,200204270UTA,38.8,17.9,3rd quarter,2:39.0,Peja Stojaković,SAC,False,2-pointer,20,63-61,'SAC',leads
525,525,525,200204270UTA,34.2,22.1,3rd quarter,1:01.0,Peja Stojaković,SAC,True,2-pointer,20,67-63,'SAC',leads
526,526,526,200204270UTA,41.4,3.7,3rd quarter,0:12.8,Peja Stojaković,SAC,False,2-pointer,17,67-66,'SAC',leads
527,527,527,200204270UTA,13.1,26.9,3rd quarter,0:08.5,Mike Bibby,SAC,False,3-pointer,24,67-66,'SAC',leads
528,528,528,200204270UTA,31.0,9.0,4th quarter,11:19.0,Peja Stojaković,SAC,False,2-pointer,8,69-66,'SAC',leads
529,529,529,200204270UTA,31.0,26.5,4th quarter,10:30.0,Bobby Jackson,SAC,True,2-pointer,23,72-66,'SAC',leads
530,530,530,200204270UTA,24.0,5.0,4th quarter,9:55.0,Bobby Jackson,SAC,True,2-pointer,0,74-66,'SAC',leads
531,531,531,200204270UTA,37.4,25.3,4th quarter,8:55.0,Peja Stojaković,SAC,True,3-pointer,24,77-68,'SAC',leads
532,532,532,200204270UTA,24.0,5.0,4th quarter,8:26.0,Bobby Jackson,SAC,False,2-pointer,0,77-68,'SAC',leads
533,533,533,200204270UTA,24.0,5.0,4th quarter,8:23.0,Scot Pollard,SAC,True,2-pointer,0,79-68,'SAC',leads
534,534,534,200204270UTA,15.4,7.1,4th quarter,6:49.0,Chris Webber,SAC,False,2-pointer,9,79-74,'SAC',leads
535,535,535,200204270UTA,3.0,5.0,4th quarter,6:20.0,Doug Christie,SAC,False,2-pointer,21,79-74,'SAC',leads
536,536,536,200204270UTA,45.4,17.2,4th quarter,5:31.0,Doug Christie,SAC,False,3-pointer,25,79-74,'SAC',leads
537,537,537,200204270UTA,16.3,7.8,4th quarter,4:26.0,Chris Webber,SAC,False,2-pointer,8,79-76,'SAC',leads
538,538,538,200204270UTA,31.9,22.1,4th quarter,3:46.0,Chris Webber,SAC,False,2-pointer,19,79-78,'SAC',leads
539,539,539,200204270UTA,3.8,11.3,4th quarter,3:06.0,Mike Bibby,SAC,False,2-pointer,21,79-81,'SAC',trails
540,540,540,200204270UTA,24.0,5.0,4th quarter,1:46.0,Mike Bibby,SAC,True,2-pointer,0,82-82,'SAC',tied
541,541,541,200204270UTA,24.0,5.0,1st quarter,11:55.0,Andrei Kirilenko,UTA,True,2-pointer,0,2-0,'SAC',leads
542,542,542,200204270UTA,17.1,28.2,1st quarter,11:18.0,Bryon Russell,UTA,True,3-pointer,24,5-0,'SAC',leads
543,543,543,200204270UTA,35.0,24.0,1st quarter,10:15.0,Karl Malone,UTA,True,2-pointer,22,9-2,'SAC',leads
544,544,544,200204270UTA,40.5,4.4,1st quarter,9:10.0,Andrei Kirilenko,UTA,False,2-pointer,17,9-6,'SAC',leads
545,545,545,200204270UTA,44.5,19.1,1st quarter,8:36.0,Andrei Kirilenko,UTA,False,3-pointer,25,9-6,'SAC',leads
546,546,546,200204270UTA,24.0,5.0,1st quarter,8:08.0,Jarron Collins,UTA,True,2-pointer,0,11-6,'SAC',leads
547,547,547,200204270UTA,23.4,20.4,1st quarter,7:33.0,Jarron Collins,UTA,False,2-pointer,15,11-9,'SAC',leads
548,548,548,200204270UTA,39.7,17.9,1st quarter,6:13.0,Rusty LaRue,UTA,False,2-pointer,20,11-14,'SAC',trails
549,549,549,200204270UTA,24.1,11.3,1st quarter,5:52.0,Rusty LaRue,UTA,False,2-pointer,6,11-16,'SAC',trails
550,550,550,200204270UTA,31.9,25.3,1st quarter,5:23.0,Rusty LaRue,UTA,True,2-pointer,22,13-18,'SAC',trails
551,551,551,200204270UTA,36.5,17.2,1st quarter,4:51.0,Andrei Kirilenko,UTA,False,2-pointer,17,13-20,'SAC',trails
552,552,552,200204270UTA,19.4,7.8,1st quarter,4:32.0,Greg Ostertag,UTA,False,2-pointer,5,13-20,'SAC',trails
553,553,553,200204270UTA,42.2,14.3,1st quarter,3:30.0,Karl Malone,UTA,False,2-pointer,20,15-23,'SAC',trails
554,554,554,200204270UTA,14.8,9.7,1st quarter,2:57.0,Karl Malone,UTA,True,2-pointer,10,17-23,'SAC',trails
555,555,555,200204270UTA,24.0,5.0,1st quarter,2:37.0,Donyell Marshall,UTA,False,2-pointer,0,17-25,'SAC',trails
556,556,556,200204270UTA,24.0,5.0,1st quarter,1:58.0,Donyell Marshall,UTA,True,2-pointer,0,19-29,'SAC',trails
557,557,557,200204270UTA,36.5,20.4,1st quarter,1:20.0,Karl Malone,UTA,False,2-pointer,20,19-29,'SAC',trails
558,558,558,200204270UTA,24.0,5.0,1st quarter,0:49.8,Donyell Marshall,UTA,True,2-pointer,0,21-32,'SAC',trails
559,559,559,200204270UTA,29.6,28.2,1st quarter,0:00.1,Donyell Marshall,UTA,False,3-pointer,24,21-32,'SAC',trails
560,560,560,200204270UTA,27.2,21.7,2nd quarter,11:29.0,Quincy Lewis,UTA,True,2-pointer,17,23-32,'SAC',trails
561,561,561,200204270UTA,27.9,14.9,2nd quarter,10:51.0,Donyell Marshall,UTA,False,2-pointer,11,23-32,'SAC',trails
562,562,562,200204270UTA,40.5,22.7,2nd quarter,10:07.0,Quincy Lewis,UTA,False,3-pointer,24,23-32,'SAC',trails
563,563,563,200204270UTA,24.1,9.7,2nd quarter,9:03.0,John Stockton,UTA,False,2-pointer,5,23-33,'SAC',trails
564,564,564,200204270UTA,29.6,6.5,2nd quarter,8:57.0,Donyell Marshall,UTA,False,2-pointer,6,23-33,'SAC',trails
565,565,565,200204270UTA,38.8,19.8,2nd quarter,8:24.0,John Stockton,UTA,False,2-pointer,21,23-33,'SAC',trails
566,566,566,200204270UTA,12.3,8.4,2nd quarter,7:16.0,Donyell Marshall,UTA,False,2-pointer,12,25-33,'SAC',trails
567,567,567,200204270UTA,24.0,5.0,2nd quarter,6:40.0,Karl Malone,UTA,True,2-pointer,0,27-35,'SAC',trails
568,568,568,200204270UTA,38.8,20.4,2nd quarter,5:52.0,John Stockton,UTA,True,2-pointer,21,29-35,'SAC',trails
569,569,569,200204270UTA,24.0,5.0,2nd quarter,5:27.0,Quincy Lewis,UTA,True,2-pointer,0,31-35,'SAC',trails
570,570,570,200204270UTA,24.0,5.0,2nd quarter,4:25.0,Donyell Marshall,UTA,True,2-pointer,0,33-38,'SAC',trails
571,571,571,200204270UTA,24.0,5.0,2nd quarter,3:52.0,Karl Malone,UTA,True,2-pointer,0,35-38,'SAC',trails
572,572,572,200204270UTA,-0.2,3.7,2nd quarter,2:58.0,Bryon Russell,UTA,False,3-pointer,24,35-40,'SAC',trails
573,573,573,200204270UTA,43.7,3.7,2nd quarter,2:32.0,John Stockton,UTA,True,2-pointer,20,37-42,'SAC',trails
574,574,574,200204270UTA,8.7,8.4,2nd quarter,2:00.0,Karl Malone,UTA,False,2-pointer,16,37-44,'SAC',trails
575,575,575,200204270UTA,46.8,7.8,2nd quarter,1:02.0,Rusty LaRue,UTA,True,3-pointer,23,42-44,'SAC',trails
576,576,576,200204270UTA,35.0,22.1,2nd quarter,0:36.7,Rusty LaRue,UTA,False,2-pointer,20,42-46,'SAC',trails
577,577,577,200204270UTA,1.5,3.1,2nd quarter,0:11.2,Bryon Russell,UTA,True,3-pointer,23,45-46,'SAC',trails
578,578,578,200204270UTA,13.9,12.6,3rd quarter,11:33.0,Bryon Russell,UTA,False,2-pointer,13,45-46,'SAC',trails
579,579,579,200204270UTA,24.9,29.5,3rd quarter,10:21.0,John Stockton,UTA,True,3-pointer,25,48-49,'SAC',trails
580,580,580,200204270UTA,24.0,5.0,3rd quarter,9:50.0,Andrei Kirilenko,UTA,False,2-pointer,0,48-51,'SAC',trails
581,581,581,200204270UTA,41.4,22.7,3rd quarter,9:07.0,Bryon Russell,UTA,False,3-pointer,25,48-51,'SAC',trails
582,582,582,200204270UTA,24.0,5.0,3rd quarter,8:36.0,Karl Malone,UTA,False,2-pointer,0,48-51,'SAC',trails
583,583,583,200204270UTA,26.4,20.4,3rd quarter,7:57.0,John Stockton,UTA,True,2-pointer,16,51-51,'SAC',tied
584,584,584,200204270UTA,24.0,5.0,3rd quarter,7:22.0,Andrei Kirilenko,UTA,True,2-pointer,0,53-53,'SAC',tied
585,585,585,200204270UTA,38.2,17.9,3rd quarter,6:45.0,Karl Malone,UTA,True,2-pointer,19,55-53,'SAC',leads
586,586,586,200204270UTA,38.8,18.5,3rd quarter,6:09.0,Karl Malone,UTA,False,2-pointer,20,55-55,'SAC',tied
587,587,587,200204270UTA,44.5,11.3,3rd quarter,4:29.0,Karl Malone,UTA,False,2-pointer,21,55-59,'SAC',trails
588,588,588,200204270UTA,37.4,19.8,3rd quarter,4:00.0,Karl Malone,UTA,True,2-pointer,20,57-61,'SAC',trails
589,589,589,200204270UTA,18.0,28.8,3rd quarter,3:27.0,Bryon Russell,UTA,False,3-pointer,25,57-61,'SAC',trails
590,590,590,200204270UTA,24.0,5.0,3rd quarter,3:24.0,Greg Ostertag,UTA,True,2-pointer,0,59-61,'SAC',trails
591,591,591,200204270UTA,24.0,5.0,3rd quarter,2:57.0,Greg Ostertag,UTA,True,2-pointer,0,61-63,'SAC',trails
592,592,592,200204270UTA,10.2,8.4,3rd quarter,1:51.0,Karl Malone,UTA,False,2-pointer,14,63-65,'SAC',trails
593,593,593,200204270UTA,46.8,13.2,3rd quarter,1:14.0,Bryon Russell,UTA,False,3-pointer,24,63-65,'SAC',trails
594,594,594,200204270UTA,40.5,19.1,3rd quarter,0:40.0,Rusty LaRue,UTA,False,2-pointer,22,63-67,'SAC',trails
595,595,595,200204270UTA,0.7,4.4,3rd quarter,0:29.7,Donyell Marshall,UTA,True,3-pointer,23,66-67,'SAC',trails
596,596,596,200204270UTA,16.3,6.5,4th quarter,11:37.0,Quincy Lewis,UTA,False,2-pointer,8,66-69,'SAC',trails
597,597,597,200204270UTA,29.6,28.2,4th quarter,11:03.0,Karl Malone,UTA,False,3-pointer,24,66-69,'SAC',trails
598,598,598,200204270UTA,22.6,10.1,4th quarter,9:37.0,Donyell Marshall,UTA,False,2-pointer,5,66-74,'SAC',trails
599,599,599,200204270UTA,24.0,5.0,4th quarter,9:10.0,John Stockton,UTA,True,2-pointer,0,68-74,'SAC',trails
600,600,600,200204270UTA,27.2,28.8,4th quarter,8:33.0,Andrei Kirilenko,UTA,False,3-pointer,24,68-77,'SAC',trails
601,601,601,200204270UTA,24.0,5.0,4th quarter,8:05.0,Karl Malone,UTA,True,2-pointer,0,70-79,'SAC',trails
602,602,602,200204270UTA,33.4,21.7,4th quarter,7:24.0,Donyell Marshall,UTA,True,2-pointer,19,72-79,'SAC',trails
603,603,603,200204270UTA,39.7,23.4,4th quarter,6:30.0,Andrei Kirilenko,UTA,False,3-pointer,24,74-79,'SAC',trails
604,604,604,200204270UTA,30.2,11.3,4th quarter,5:56.0,John Stockton,UTA,False,2-pointer,9,74-79,'SAC',trails
605,605,605,200204270UTA,39.7,14.9,4th quarter,5:10.0,Karl Malone,UTA,False,2-pointer,19,74-79,'SAC',trails
606,606,606,200204270UTA,24.0,5.0,4th quarter,4:44.0,Bryon Russell,UTA,False,2-pointer,0,74-79,'SAC',trails
607,607,607,200204270UTA,41.4,22.7,4th quarter,3:22.0,Donyell Marshall,UTA,True,3-pointer,25,81-79,'SAC',leads
608,608,608,200204270UTA,40.5,23.4,4th quarter,2:33.0,John Stockton,UTA,False,3-pointer,25,81-80,'SAC',leads
609,609,609,200204270UTA,24.0,5.0,4th quarter,1:33.0,Karl Malone,UTA,True,2-pointer,0,84-82,'SAC',leads
610,610,610,200204270UTA,13.1,8.4,4th quarter,0:32.4,Karl Malone,UTA,False,2-pointer,11,85-86,'SAC',trails
611,611,611,200204270UTA,24.0,5.0,4th quarter,0:19.1,Bryon Russell,UTA,False,2-pointer,0,85-88,'SAC',trails
612,612,612,200204270UTA,24.0,5.0,4th quarter,0:10.2,Karl Malone,UTA,True,2-pointer,0,87-89,'SAC',trails
613,613,613,200204270UTA,20.3,28.8,4th quarter,0:04.0,Rusty LaRue,UTA,False,3-pointer,24,87-90,'SAC',trails
614,614,614,200204270UTA,16.3,28.2,4th quarter,0:00.1,Rusty LaRue,UTA,False,3-pointer,24,87-90,'SAC',trails
