,Unnamed: 0.1,Unnamed: 0,match_id,shotX,shotY,quarter,time_remaining,player,team,made,shot_type,distance,score,opp,status
0,0,0,200211170LAC,10.4,14.1,1st quarter,11:32.0,Gary Payton,SEA,True,2-pointer,16,2-0,'SEA',leads
1,1,1,200211170LAC,15.1,19.1,1st quarter,10:50.0,Gary Payton,SEA,True,2-pointer,17,4-0,'SEA',leads
2,2,2,200211170LAC,6.1,24.2,1st quarter,10:08.0,Brent Barry,SEA,False,3-pointer,26,4-2,'SEA',leads
3,3,3,200211170LAC,33.8,11.1,1st quarter,10:04.0,Rashard Lewis,SEA,False,2-pointer,12,4-2,'SEA',leads
4,4,4,200211170LAC,24.8,19.5,1st quarter,9:18.0,Gary Payton,SEA,False,2-pointer,15,4-4,'SEA',tied
5,5,5,200211170LAC,10.4,16.7,1st quarter,8:50.0,Predrag Drobnjak,SEA,True,2-pointer,18,6-4,'SEA',leads
6,6,6,200211170LAC,33.0,22.4,1st quarter,7:41.0,Brent Barry,SEA,True,2-pointer,20,9-9,'SEA',tied
7,7,7,200211170LAC,24.0,5.0,1st quarter,7:03.0,Vladimir Radmanović,SEA,True,2-pointer,0,11-9,'SEA',leads
8,8,8,200211170LAC,17.6,7.6,1st quarter,6:28.0,Predrag Drobnjak,SEA,False,2-pointer,7,11-11,'SEA',tied
9,9,9,200211170LAC,8.1,21.1,1st quarter,5:59.0,Brent Barry,SEA,False,2-pointer,23,11-11,'SEA',tied
10,10,10,200211170LAC,24.0,5.0,1st quarter,5:51.0,Predrag Drobnjak,SEA,False,2-pointer,0,11-11,'SEA',tied
11,11,11,200211170LAC,24.0,5.0,1st quarter,5:48.0,Rashard Lewis,SEA,False,2-pointer,0,11-11,'SEA',tied
12,12,12,200211170LAC,2.5,17.3,1st quarter,5:25.0,Vladimir Radmanović,SEA,False,3-pointer,25,11-14,'SEA',trails
13,13,13,200211170LAC,4.8,5.2,1st quarter,4:39.0,Rashard Lewis,SEA,True,2-pointer,19,13-17,'SEA',trails
14,14,14,200211170LAC,10.7,22.9,1st quarter,4:03.0,Rashard Lewis,SEA,True,2-pointer,22,15-17,'SEA',trails
15,15,15,200211170LAC,25.5,21.3,1st quarter,3:22.0,Desmond Mason,SEA,True,2-pointer,16,17-17,'SEA',tied
16,16,16,200211170LAC,24.0,5.0,1st quarter,2:57.0,Gary Payton,SEA,False,2-pointer,0,17-19,'SEA',trails
17,17,17,200211170LAC,12.0,9.6,1st quarter,2:01.0,Rashard Lewis,SEA,True,2-pointer,13,19-23,'SEA',trails
18,18,18,200211170LAC,10.9,18.3,1st quarter,1:21.0,Desmond Mason,SEA,False,2-pointer,19,19-25,'SEA',trails
19,19,19,200211170LAC,22.7,13.7,1st quarter,0:44.8,Rashard Lewis,SEA,False,2-pointer,9,19-25,'SEA',trails
20,20,20,200211170LAC,9.5,5.2,2nd quarter,11:29.0,Gary Payton,SEA,True,2-pointer,15,21-28,'SEA',trails
21,21,21,200211170LAC,14.3,23.4,2nd quarter,10:44.0,Calvin Booth,SEA,False,2-pointer,21,21-28,'SEA',trails
22,22,22,200211170LAC,38.6,21.1,2nd quarter,10:16.0,Desmond Mason,SEA,False,2-pointer,22,21-30,'SEA',trails
23,23,23,200211170LAC,18.3,12.7,2nd quarter,9:24.0,Ansu Sesay,SEA,False,2-pointer,10,21-30,'SEA',trails
24,24,24,200211170LAC,16.0,24.9,2nd quarter,8:39.0,Brent Barry,SEA,False,2-pointer,21,22-30,'SEA',trails
25,25,25,200211170LAC,16.9,7.8,2nd quarter,8:09.0,Desmond Mason,SEA,True,2-pointer,8,24-32,'SEA',trails
26,26,26,200211170LAC,21.2,10.9,2nd quarter,7:45.0,Calvin Booth,SEA,False,2-pointer,7,24-32,'SEA',trails
27,27,27,200211170LAC,41.7,10.9,2nd quarter,7:08.0,Desmond Mason,SEA,False,2-pointer,19,24-32,'SEA',trails
28,28,28,200211170LAC,31.5,19.3,2nd quarter,6:54.0,Vladimir Radmanović,SEA,False,2-pointer,16,24-32,'SEA',trails
29,29,29,200211170LAC,27.1,10.4,2nd quarter,6:21.0,Vladimir Radmanović,SEA,False,2-pointer,6,24-32,'SEA',trails
30,30,30,200211170LAC,24.0,5.0,2nd quarter,6:17.0,Predrag Drobnjak,SEA,False,2-pointer,0,24-32,'SEA',trails
31,31,31,200211170LAC,10.0,17.0,2nd quarter,5:41.0,Brent Barry,SEA,False,2-pointer,18,24-34,'SEA',trails
32,32,32,200211170LAC,6.4,22.8,2nd quarter,5:06.0,Brent Barry,SEA,False,3-pointer,25,24-34,'SEA',trails
33,33,33,200211170LAC,41.1,19.6,2nd quarter,4:25.0,Desmond Mason,SEA,False,2-pointer,22,25-35,'SEA',trails
34,34,34,200211170LAC,0.7,3.9,2nd quarter,3:41.0,Vladimir Radmanović,SEA,False,3-pointer,23,25-35,'SEA',trails
35,35,35,200211170LAC,32.2,19.0,2nd quarter,3:11.0,Gary Payton,SEA,True,2-pointer,16,27-37,'SEA',trails
36,36,36,200211170LAC,24.0,5.0,2nd quarter,2:24.0,Vladimir Radmanović,SEA,True,2-pointer,0,29-37,'SEA',trails
37,37,37,200211170LAC,23.2,19.0,2nd quarter,1:40.0,Rashard Lewis,SEA,True,2-pointer,14,31-39,'SEA',trails
38,38,38,200211170LAC,24.0,26.5,2nd quarter,0:48.2,Rashard Lewis,SEA,False,2-pointer,22,33-41,'SEA',trails
39,39,39,200211170LAC,24.5,22.6,2nd quarter,0:15.1,Gary Payton,SEA,False,2-pointer,18,33-41,'SEA',trails
40,40,40,200211170LAC,46.8,5.3,2nd quarter,0:00.2,Desmond Mason,SEA,False,3-pointer,23,33-43,'SEA',trails
41,41,41,200211170LAC,24.0,5.0,3rd quarter,11:03.0,Gary Payton,SEA,False,2-pointer,0,33-46,'SEA',trails
42,42,42,200211170LAC,42.6,18.7,3rd quarter,10:17.0,Brent Barry,SEA,False,2-pointer,23,33-46,'SEA',trails
43,43,43,200211170LAC,24.0,5.0,3rd quarter,10:00.0,Gary Payton,SEA,True,2-pointer,0,35-46,'SEA',trails
44,44,44,200211170LAC,38.9,23.9,3rd quarter,9:37.0,Gary Payton,SEA,False,3-pointer,24,35-48,'SEA',trails
45,45,45,200211170LAC,24.0,5.0,3rd quarter,9:12.0,Rashard Lewis,SEA,False,2-pointer,0,35-50,'SEA',trails
46,46,46,200211170LAC,24.0,5.0,3rd quarter,8:34.0,Brent Barry,SEA,True,2-pointer,0,37-50,'SEA',trails
47,47,47,200211170LAC,24.0,29.7,3rd quarter,7:58.0,Brent Barry,SEA,True,3-pointer,25,40-50,'SEA',trails
48,48,48,200211170LAC,7.6,6.2,3rd quarter,6:49.0,Gary Payton,SEA,False,2-pointer,16,42-52,'SEA',trails
49,49,49,200211170LAC,11.8,28.2,3rd quarter,6:34.0,Vladimir Radmanović,SEA,False,3-pointer,26,42-52,'SEA',trails
50,50,50,200211170LAC,11.4,15.0,3rd quarter,6:10.0,Gary Payton,SEA,False,2-pointer,16,42-55,'SEA',trails
51,51,51,200211170LAC,24.0,5.0,3rd quarter,5:59.0,Gary Payton,SEA,False,2-pointer,0,42-55,'SEA',trails
52,52,52,200211170LAC,36.3,7.5,3rd quarter,5:45.0,Gary Payton,SEA,False,2-pointer,13,42-55,'SEA',trails
53,53,53,200211170LAC,0.5,3.9,3rd quarter,5:39.0,Rashard Lewis,SEA,False,3-pointer,24,42-55,'SEA',trails
54,54,54,200211170LAC,24.0,5.0,3rd quarter,4:38.0,Rashard Lewis,SEA,True,2-pointer,0,45-55,'SEA',trails
55,55,55,200211170LAC,24.0,5.0,3rd quarter,2:52.0,Brent Barry,SEA,False,2-pointer,0,47-57,'SEA',trails
56,56,56,200211170LAC,26.1,8.6,3rd quarter,2:48.0,Desmond Mason,SEA,False,2-pointer,4,47-57,'SEA',trails
57,57,57,200211170LAC,24.0,5.0,3rd quarter,2:29.0,Predrag Drobnjak,SEA,True,2-pointer,0,49-59,'SEA',trails
58,58,58,200211170LAC,41.4,4.7,3rd quarter,2:00.0,Desmond Mason,SEA,False,2-pointer,17,49-59,'SEA',trails
59,59,59,200211170LAC,14.5,6.5,3rd quarter,1:30.0,Gary Payton,SEA,False,2-pointer,10,49-61,'SEA',trails
60,60,60,200211170LAC,14.0,19.0,3rd quarter,0:51.6,Desmond Mason,SEA,True,2-pointer,17,51-64,'SEA',trails
61,61,61,200211170LAC,24.0,5.0,3rd quarter,0:24.0,Gary Payton,SEA,False,2-pointer,0,51-64,'SEA',trails
62,62,62,200211170LAC,24.0,5.0,3rd quarter,0:20.4,Ansu Sesay,SEA,True,2-pointer,0,53-64,'SEA',trails
63,63,63,200211170LAC,15.1,13.2,4th quarter,11:02.0,Desmond Mason,SEA,True,2-pointer,12,56-66,'SEA',trails
64,64,64,200211170LAC,11.2,21.4,4th quarter,10:31.0,Gary Payton,SEA,True,2-pointer,21,58-66,'SEA',trails
65,65,65,200211170LAC,0.7,5.3,4th quarter,10:00.0,Gary Payton,SEA,False,3-pointer,23,58-66,'SEA',trails
66,66,66,200211170LAC,32.4,28.5,4th quarter,8:48.0,Gary Payton,SEA,True,3-pointer,25,63-66,'SEA',trails
67,67,67,200211170LAC,22.4,13.6,4th quarter,7:30.0,Desmond Mason,SEA,True,2-pointer,9,65-66,'SEA',trails
68,68,68,200211170LAC,14.8,9.8,4th quarter,6:51.0,Rashard Lewis,SEA,False,2-pointer,10,65-66,'SEA',trails
69,69,69,200211170LAC,17.6,9.3,4th quarter,6:09.0,Gary Payton,SEA,False,2-pointer,8,65-66,'SEA',trails
70,70,70,200211170LAC,7.7,23.9,4th quarter,5:10.0,Vladimir Radmanović,SEA,True,3-pointer,25,68-67,'SEA',leads
71,71,71,200211170LAC,24.0,5.0,4th quarter,4:42.0,Desmond Mason,SEA,True,2-pointer,0,70-67,'SEA',leads
72,72,72,200211170LAC,24.0,20.8,4th quarter,4:07.0,Gary Payton,SEA,False,2-pointer,16,71-69,'SEA',leads
73,73,73,200211170LAC,24.1,10.1,4th quarter,3:46.0,Desmond Mason,SEA,False,2-pointer,5,71-69,'SEA',leads
74,74,74,200211170LAC,23.4,25.4,4th quarter,2:55.0,Desmond Mason,SEA,False,2-pointer,20,72-71,'SEA',leads
75,75,75,200211170LAC,20.1,31.6,4th quarter,2:12.0,Gary Payton,SEA,True,3-pointer,27,75-71,'SEA',leads
76,76,76,200211170LAC,18.6,11.9,4th quarter,1:43.0,Gary Payton,SEA,True,2-pointer,9,77-72,'SEA',leads
77,77,77,200211170LAC,8.2,6.0,4th quarter,1:21.0,Predrag Drobnjak,SEA,False,2-pointer,16,77-73,'SEA',leads
78,78,78,200211170LAC,21.2,12.1,4th quarter,0:54.0,Rashard Lewis,SEA,True,2-pointer,8,79-75,'SEA',leads
79,79,79,200211170LAC,16.1,5.7,4th quarter,0:29.7,Rashard Lewis,SEA,True,2-pointer,8,81-78,'SEA',leads
80,80,80,200211170LAC,40.3,10.6,1st quarter,11:43.0,Corey Maggette,LAC,False,2-pointer,17,0-0,'SEA',tied
81,81,81,200211170LAC,34.5,30.5,1st quarter,11:04.0,Andre Miller,LAC,False,3-pointer,28,0-2,'SEA',trails
82,82,82,200211170LAC,10.0,27.4,1st quarter,10:29.0,Eric Piatkowski,LAC,False,3-pointer,26,0-4,'SEA',trails
83,83,83,200211170LAC,24.0,5.0,1st quarter,10:25.0,Elton Brand,LAC,True,2-pointer,0,2-4,'SEA',trails
84,84,84,200211170LAC,31.9,8.3,1st quarter,9:56.0,Elton Brand,LAC,False,2-pointer,9,2-4,'SEA',trails
85,85,85,200211170LAC,24.0,5.0,1st quarter,9:42.0,Corey Maggette,LAC,True,2-pointer,0,4-4,'SEA',tied
86,86,86,200211170LAC,35.8,5.2,1st quarter,9:06.0,Andre Miller,LAC,False,2-pointer,12,4-4,'SEA',tied
87,87,87,200211170LAC,34.2,27.4,1st quarter,8:31.0,Eric Piatkowski,LAC,True,3-pointer,25,7-6,'SEA',leads
88,88,88,200211170LAC,24.0,5.0,1st quarter,7:58.0,Eric Piatkowski,LAC,True,2-pointer,0,9-7,'SEA',leads
89,89,89,200211170LAC,20.1,7.2,1st quarter,7:21.0,Corey Maggette,LAC,False,2-pointer,4,9-9,'SEA',tied
90,90,90,200211170LAC,24.0,9.5,1st quarter,6:47.0,Elton Brand,LAC,True,2-pointer,5,11-11,'SEA',tied
91,91,91,200211170LAC,1.8,14.9,1st quarter,5:38.0,Eric Piatkowski,LAC,True,3-pointer,24,14-11,'SEA',leads
92,92,92,200211170LAC,24.0,5.0,1st quarter,4:58.0,Corey Maggette,LAC,True,2-pointer,0,17-11,'SEA',leads
93,93,93,200211170LAC,24.0,5.0,1st quarter,3:47.0,Eric Piatkowski,LAC,False,2-pointer,0,17-15,'SEA',leads
94,94,94,200211170LAC,24.0,5.0,1st quarter,3:44.0,Elton Brand,LAC,False,2-pointer,0,17-15,'SEA',leads
95,95,95,200211170LAC,24.0,5.0,1st quarter,3:40.0,Elton Brand,LAC,False,2-pointer,0,17-15,'SEA',leads
96,96,96,200211170LAC,42.9,22.6,1st quarter,3:32.0,Eric Piatkowski,LAC,False,3-pointer,26,17-15,'SEA',leads
97,97,97,200211170LAC,24.0,5.0,1st quarter,3:12.0,Andre Miller,LAC,True,2-pointer,0,19-17,'SEA',leads
98,98,98,200211170LAC,24.0,5.0,1st quarter,2:52.0,Andre Miller,LAC,True,2-pointer,0,21-17,'SEA',leads
99,99,99,200211170LAC,24.0,5.0,1st quarter,2:28.0,Eric Piatkowski,LAC,True,2-pointer,0,23-17,'SEA',leads
100,100,100,200211170LAC,9.2,5.7,1st quarter,1:38.0,Corey Maggette,LAC,True,2-pointer,15,25-19,'SEA',leads
101,101,101,200211170LAC,38.6,20.0,1st quarter,1:00.0,Andre Miller,LAC,False,2-pointer,21,25-19,'SEA',leads
102,102,102,200211170LAC,31.4,10.9,1st quarter,0:33.8,Michael Olowokandi,LAC,True,2-pointer,9,27-19,'SEA',leads
103,103,103,200211170LAC,22.7,26.7,1st quarter,0:00.4,Andre Miller,LAC,False,2-pointer,22,28-19,'SEA',leads
104,104,104,200211170LAC,23.2,21.4,2nd quarter,10:56.0,Eric Piatkowski,LAC,False,2-pointer,16,28-21,'SEA',leads
105,105,105,200211170LAC,29.6,11.9,2nd quarter,10:37.0,Michael Olowokandi,LAC,False,2-pointer,9,28-21,'SEA',leads
106,106,106,200211170LAC,24.5,9.9,2nd quarter,10:31.0,Michael Olowokandi,LAC,True,2-pointer,5,30-21,'SEA',leads
107,107,107,200211170LAC,17.6,14.4,2nd quarter,9:03.0,Andre Miller,LAC,False,2-pointer,11,30-22,'SEA',leads
108,108,108,200211170LAC,24.0,5.0,2nd quarter,8:32.0,Elton Brand,LAC,True,2-pointer,0,32-22,'SEA',leads
109,109,109,200211170LAC,13.7,8.3,2nd quarter,7:51.0,Andre Miller,LAC,False,2-pointer,11,32-24,'SEA',leads
110,110,110,200211170LAC,41.6,22.4,2nd quarter,6:44.0,Keyon Dooling,LAC,False,3-pointer,25,32-24,'SEA',leads
111,111,111,200211170LAC,24.3,24.7,2nd quarter,5:57.0,Sean Rooks,LAC,True,2-pointer,20,34-24,'SEA',leads
112,112,112,200211170LAC,8.4,23.9,2nd quarter,5:14.0,Marko Jarić,LAC,False,3-pointer,25,34-24,'SEA',leads
113,113,113,200211170LAC,12.0,27.4,2nd quarter,4:54.0,Andre Miller,LAC,False,3-pointer,25,34-24,'SEA',leads
114,114,114,200211170LAC,23.7,10.8,2nd quarter,4:13.0,Elton Brand,LAC,False,2-pointer,6,35-25,'SEA',leads
115,115,115,200211170LAC,37.3,21.9,2nd quarter,4:04.0,Keyon Dooling,LAC,False,2-pointer,22,35-25,'SEA',leads
116,116,116,200211170LAC,26.6,26.7,2nd quarter,2:01.0,Andre Miller,LAC,True,2-pointer,22,39-29,'SEA',leads
117,117,117,200211170LAC,24.0,5.0,2nd quarter,1:01.0,Sean Rooks,LAC,True,2-pointer,0,41-33,'SEA',leads
118,118,118,200211170LAC,30.6,9.9,2nd quarter,0:30.1,Chris Wilcox,LAC,False,2-pointer,8,41-33,'SEA',leads
119,119,119,200211170LAC,24.0,5.0,2nd quarter,0:07.1,Marko Jarić,LAC,True,2-pointer,0,43-33,'SEA',leads
120,120,120,200211170LAC,38.6,6.8,3rd quarter,11:22.0,Corey Maggette,LAC,False,2-pointer,15,43-33,'SEA',leads
121,121,121,200211170LAC,5.1,21.4,3rd quarter,11:15.0,Eric Piatkowski,LAC,True,3-pointer,25,46-33,'SEA',leads
122,122,122,200211170LAC,21.7,17.5,3rd quarter,10:57.0,Andre Miller,LAC,False,2-pointer,13,46-33,'SEA',leads
123,123,123,200211170LAC,34.5,23.4,3rd quarter,10:30.0,Corey Maggette,LAC,False,2-pointer,21,46-33,'SEA',leads
124,124,124,200211170LAC,24.0,5.0,3rd quarter,9:53.0,Corey Maggette,LAC,True,2-pointer,0,48-35,'SEA',leads
125,125,125,200211170LAC,24.0,5.0,3rd quarter,9:31.0,Eric Piatkowski,LAC,True,2-pointer,0,50-35,'SEA',leads
126,126,126,200211170LAC,3.3,21.0,3rd quarter,8:14.0,Corey Maggette,LAC,False,3-pointer,26,50-37,'SEA',leads
127,127,127,200211170LAC,24.0,5.0,3rd quarter,7:40.0,Corey Maggette,LAC,True,2-pointer,0,52-40,'SEA',leads
128,128,128,200211170LAC,22.2,12.2,3rd quarter,7:02.0,Elton Brand,LAC,False,2-pointer,7,52-42,'SEA',leads
129,129,129,200211170LAC,24.0,5.0,3rd quarter,6:22.0,Elton Brand,LAC,True,2-pointer,0,54-42,'SEA',leads
130,130,130,200211170LAC,24.0,5.0,3rd quarter,4:48.0,Corey Maggette,LAC,False,2-pointer,0,55-43,'SEA',leads
131,131,131,200211170LAC,24.0,5.0,3rd quarter,3:46.0,Eric Piatkowski,LAC,True,2-pointer,0,57-45,'SEA',leads
132,132,132,200211170LAC,24.0,5.0,3rd quarter,2:08.0,Marko Jarić,LAC,False,2-pointer,0,59-49,'SEA',leads
133,133,133,200211170LAC,24.0,5.0,3rd quarter,1:53.0,Elton Brand,LAC,True,2-pointer,0,61-49,'SEA',leads
134,134,134,200211170LAC,18.9,8.1,3rd quarter,1:14.0,Andre Miller,LAC,False,2-pointer,6,62-49,'SEA',leads
135,135,135,200211170LAC,24.0,5.0,3rd quarter,1:12.0,Elton Brand,LAC,True,2-pointer,0,64-49,'SEA',leads
136,136,136,200211170LAC,11.0,7.2,3rd quarter,0:37.0,Andre Miller,LAC,False,2-pointer,13,64-51,'SEA',leads
137,137,137,200211170LAC,24.0,5.0,3rd quarter,0:03.4,Andre Miller,LAC,False,2-pointer,0,64-54,'SEA',leads
138,138,138,200211170LAC,10.2,15.5,4th quarter,11:38.0,Elton Brand,LAC,False,2-pointer,17,64-54,'SEA',leads
139,139,139,200211170LAC,36.0,17.0,4th quarter,11:18.0,Sean Rooks,LAC,True,2-pointer,17,66-54,'SEA',leads
140,140,140,200211170LAC,6.3,23.9,4th quarter,10:40.0,Marko Jarić,LAC,False,3-pointer,26,66-56,'SEA',leads
141,141,141,200211170LAC,24.0,10.8,4th quarter,10:13.0,Elton Brand,LAC,False,2-pointer,6,66-58,'SEA',leads
142,142,142,200211170LAC,24.0,5.0,4th quarter,9:38.0,Marko Jarić,LAC,False,2-pointer,0,66-58,'SEA',leads
143,143,143,200211170LAC,24.0,5.0,4th quarter,8:31.0,Andre Miller,LAC,False,2-pointer,0,66-63,'SEA',leads
144,144,144,200211170LAC,37.6,10.8,4th quarter,7:50.0,Andre Miller,LAC,False,2-pointer,15,66-63,'SEA',leads
145,145,145,200211170LAC,37.1,15.9,4th quarter,7:14.0,Corey Maggette,LAC,False,2-pointer,17,66-65,'SEA',leads
146,146,146,200211170LAC,24.0,5.0,4th quarter,6:45.0,Keyon Dooling,LAC,False,2-pointer,0,66-65,'SEA',leads
147,147,147,200211170LAC,29.2,10.1,4th quarter,6:19.0,Andre Miller,LAC,False,2-pointer,7,66-65,'SEA',leads
148,148,148,200211170LAC,19.2,10.3,4th quarter,5:50.0,Michael Olowokandi,LAC,False,2-pointer,7,66-65,'SEA',leads
149,149,149,200211170LAC,1.0,6.0,4th quarter,4:48.0,Keyon Dooling,LAC,False,3-pointer,23,67-68,'SEA',trails
150,150,150,200211170LAC,24.0,5.0,4th quarter,4:45.0,Elton Brand,LAC,False,2-pointer,0,67-68,'SEA',trails
151,151,151,200211170LAC,39.9,24.6,4th quarter,4:31.0,Eric Piatkowski,LAC,False,3-pointer,25,67-71,'SEA',trails
152,152,152,200211170LAC,24.0,5.0,4th quarter,4:27.0,Corey Maggette,LAC,True,2-pointer,0,69-71,'SEA',trails
153,153,153,200211170LAC,35.5,16.8,4th quarter,3:32.0,Corey Maggette,LAC,False,2-pointer,16,69-71,'SEA',trails
154,154,154,200211170LAC,24.5,13.7,4th quarter,3:17.0,Michael Olowokandi,LAC,False,2-pointer,9,69-72,'SEA',trails
155,155,155,200211170LAC,24.0,5.0,4th quarter,3:14.0,Elton Brand,LAC,True,2-pointer,0,71-72,'SEA',trails
156,156,156,200211170LAC,24.0,5.0,4th quarter,2:49.0,Corey Maggette,LAC,False,2-pointer,0,71-72,'SEA',trails
157,157,157,200211170LAC,36.8,23.9,4th quarter,2:35.0,Corey Maggette,LAC,False,2-pointer,23,71-72,'SEA',trails
158,158,158,200211170LAC,19.4,29.7,4th quarter,0:49.1,Andre Miller,LAC,True,3-pointer,25,78-79,'SEA',trails
159,159,159,200211170LAC,34.5,27.2,4th quarter,0:21.6,Andre Miller,LAC,False,3-pointer,25,78-81,'SEA',trails
160,160,160,200211170LAC,14.5,10.4,4th quarter,0:11.5,Eric Piatkowski,LAC,False,2-pointer,11,78-83,'SEA',trails
161,161,161,200211170LAC,14.5,13.1,4th quarter,0:01.2,Elton Brand,LAC,False,2-pointer,12,78-84,'SEA',trails
162,162,162,200211170LAL,16.8,18.2,1st quarter,11:24.0,Kenny Thomas,HOU,False,2-pointer,15,0-2,'HOU',trails
163,163,163,200211170LAL,4.3,3.7,1st quarter,10:43.0,Kenny Thomas,HOU,False,2-pointer,20,0-4,'HOU',trails
164,164,164,200211170LAL,11.4,26.7,1st quarter,10:25.0,Cuttino Mobley,HOU,False,3-pointer,25,0-4,'HOU',trails
165,165,165,200211170LAL,37.1,28.3,1st quarter,9:54.0,Eddie Griffin,HOU,True,3-pointer,27,3-4,'HOU',trails
166,166,166,200211170LAL,5.1,5.0,1st quarter,9:03.0,Steve Francis,HOU,True,2-pointer,19,5-6,'HOU',trails
167,167,167,200211170LAL,23.5,17.8,1st quarter,8:28.0,Glen Rice,HOU,False,2-pointer,13,5-8,'HOU',trails
168,168,168,200211170LAL,10.5,28.8,1st quarter,7:56.0,Eddie Griffin,HOU,False,3-pointer,27,5-10,'HOU',trails
169,169,169,200211170LAL,13.2,18.5,1st quarter,7:21.0,Eddie Griffin,HOU,True,2-pointer,17,7-12,'HOU',trails
170,170,170,200211170LAL,24.0,5.0,1st quarter,6:59.0,Steve Francis,HOU,True,2-pointer,0,9-12,'HOU',trails
171,171,171,200211170LAL,43.7,4.9,1st quarter,6:41.0,Glen Rice,HOU,True,2-pointer,20,12-12,'HOU',tied
172,172,172,200211170LAL,32.2,16.0,1st quarter,6:16.0,Steve Francis,HOU,False,2-pointer,14,12-12,'HOU',tied
173,173,173,200211170LAL,24.0,5.0,1st quarter,5:53.0,Cuttino Mobley,HOU,False,2-pointer,0,12-12,'HOU',tied
174,174,174,200211170LAL,24.0,5.0,1st quarter,5:11.0,Kenny Thomas,HOU,True,2-pointer,0,14-12,'HOU',leads
175,175,175,200211170LAL,23.2,17.0,1st quarter,4:30.0,Cuttino Mobley,HOU,True,2-pointer,12,16-12,'HOU',leads
176,176,176,200211170LAL,37.0,5.5,1st quarter,3:23.0,Cuttino Mobley,HOU,False,2-pointer,13,17-12,'HOU',leads
177,177,177,200211170LAL,16.3,24.4,1st quarter,2:48.0,Steve Francis,HOU,False,2-pointer,21,17-12,'HOU',leads
178,178,178,200211170LAL,24.6,13.7,1st quarter,2:21.0,Cuttino Mobley,HOU,True,2-pointer,9,19-13,'HOU',leads
179,179,179,200211170LAL,29.6,11.1,1st quarter,1:59.0,Eddie Griffin,HOU,False,2-pointer,8,19-13,'HOU',leads
180,180,180,200211170LAL,46.7,3.4,1st quarter,0:00.3,Juaquin Hawkins,HOU,False,3-pointer,23,21-19,'HOU',leads
181,181,181,200211170LAL,21.4,12.4,2nd quarter,11:43.0,Maurice Taylor,HOU,False,2-pointer,8,21-19,'HOU',leads
182,182,182,200211170LAL,24.0,5.0,2nd quarter,11:02.0,Yao Ming,HOU,True,2-pointer,0,24-21,'HOU',leads
183,183,183,200211170LAL,41.2,5.5,2nd quarter,10:20.0,Moochie Norris,HOU,False,2-pointer,17,24-23,'HOU',leads
184,184,184,200211170LAL,24.0,5.0,2nd quarter,10:16.0,Yao Ming,HOU,True,2-pointer,0,26-23,'HOU',leads
185,185,185,200211170LAL,25.6,9.6,2nd quarter,9:23.0,Maurice Taylor,HOU,False,2-pointer,5,27-23,'HOU',leads
186,186,186,200211170LAL,24.0,5.0,2nd quarter,9:13.0,Yao Ming,HOU,True,2-pointer,0,29-23,'HOU',leads
187,187,187,200211170LAL,24.0,5.0,2nd quarter,8:51.0,Juaquin Hawkins,HOU,False,2-pointer,0,29-23,'HOU',leads
188,188,188,200211170LAL,14.0,11.8,2nd quarter,8:18.0,Yao Ming,HOU,True,2-pointer,12,31-25,'HOU',leads
189,189,189,200211170LAL,24.0,5.0,2nd quarter,6:53.0,Maurice Taylor,HOU,True,2-pointer,0,33-27,'HOU',leads
190,190,190,200211170LAL,1.0,9.5,2nd quarter,6:13.0,Moochie Norris,HOU,False,3-pointer,23,33-29,'HOU',leads
191,191,191,200211170LAL,24.0,5.0,2nd quarter,5:44.0,Yao Ming,HOU,True,2-pointer,0,35-31,'HOU',leads
192,192,192,200211170LAL,19.7,12.4,2nd quarter,5:08.0,Moochie Norris,HOU,False,2-pointer,9,35-33,'HOU',leads
193,193,193,200211170LAL,34.0,5.2,2nd quarter,4:37.0,Maurice Taylor,HOU,False,2-pointer,10,35-33,'HOU',leads
194,194,194,200211170LAL,25.3,11.9,2nd quarter,3:33.0,Steve Francis,HOU,False,2-pointer,7,35-37,'HOU',trails
195,195,195,200211170LAL,24.0,5.0,2nd quarter,3:29.0,Yao Ming,HOU,True,2-pointer,0,37-37,'HOU',tied
196,196,196,200211170LAL,3.0,10.3,2nd quarter,3:08.0,Glen Rice,HOU,False,2-pointer,22,37-37,'HOU',tied
197,197,197,200211170LAL,33.7,21.6,2nd quarter,2:34.0,Cuttino Mobley,HOU,False,2-pointer,19,37-37,'HOU',tied
198,198,198,200211170LAL,24.0,5.0,2nd quarter,2:10.0,Steve Francis,HOU,False,2-pointer,0,37-39,'HOU',trails
199,199,199,200211170LAL,24.0,12.9,2nd quarter,1:37.0,Glen Rice,HOU,False,2-pointer,8,38-39,'HOU',trails
200,200,200,200211170LAL,24.0,5.0,2nd quarter,1:33.0,Glen Rice,HOU,False,2-pointer,0,38-39,'HOU',trails
201,201,201,200211170LAL,24.0,5.0,2nd quarter,1:14.0,Kenny Thomas,HOU,False,2-pointer,0,38-41,'HOU',trails
202,202,202,200211170LAL,24.0,5.0,2nd quarter,1:10.0,Kenny Thomas,HOU,True,2-pointer,0,40-41,'HOU',trails
203,203,203,200211170LAL,0.8,5.0,3rd quarter,11:41.0,Cuttino Mobley,HOU,False,3-pointer,23,42-43,'HOU',trails
204,204,204,200211170LAL,0.3,4.9,3rd quarter,10:32.0,Glen Rice,HOU,False,3-pointer,24,42-45,'HOU',trails
205,205,205,200211170LAL,28.1,8.6,3rd quarter,10:07.0,Cuttino Mobley,HOU,False,2-pointer,5,42-47,'HOU',trails
206,206,206,200211170LAL,16.0,9.1,3rd quarter,9:39.0,Eddie Griffin,HOU,False,2-pointer,9,42-47,'HOU',trails
207,207,207,200211170LAL,22.5,13.6,3rd quarter,9:03.0,Cuttino Mobley,HOU,False,2-pointer,9,42-49,'HOU',trails
208,208,208,200211170LAL,22.2,31.0,3rd quarter,8:27.0,Eddie Griffin,HOU,True,3-pointer,26,45-50,'HOU',trails
209,209,209,200211170LAL,24.0,5.0,3rd quarter,7:43.0,Cuttino Mobley,HOU,True,2-pointer,0,47-52,'HOU',trails
210,210,210,200211170LAL,2.5,19.3,3rd quarter,7:15.0,Cuttino Mobley,HOU,True,3-pointer,26,50-52,'HOU',trails
211,211,211,200211170LAL,10.7,22.3,3rd quarter,6:35.0,Steve Francis,HOU,False,2-pointer,22,50-54,'HOU',trails
212,212,212,200211170LAL,22.2,31.3,3rd quarter,5:52.0,Eddie Griffin,HOU,False,3-pointer,26,51-54,'HOU',trails
213,213,213,200211170LAL,24.0,5.0,3rd quarter,5:24.0,Cuttino Mobley,HOU,False,2-pointer,0,51-56,'HOU',trails
214,214,214,200211170LAL,18.6,13.1,3rd quarter,4:21.0,Steve Francis,HOU,True,2-pointer,10,55-58,'HOU',trails
215,215,215,200211170LAL,26.1,8.6,3rd quarter,3:35.0,Kenny Thomas,HOU,False,2-pointer,4,55-60,'HOU',trails
216,216,216,200211170LAL,24.8,21.3,3rd quarter,3:16.0,Steve Francis,HOU,False,2-pointer,16,55-60,'HOU',trails
217,217,217,200211170LAL,24.0,5.0,3rd quarter,2:21.0,Kenny Thomas,HOU,True,2-pointer,0,57-60,'HOU',trails
218,218,218,200211170LAL,24.5,11.8,3rd quarter,0:32.3,Steve Francis,HOU,False,2-pointer,7,57-64,'HOU',trails
219,219,219,200211170LAL,24.0,5.0,3rd quarter,0:28.3,Steve Francis,HOU,False,2-pointer,0,57-64,'HOU',trails
220,220,220,200211170LAL,24.0,5.0,3rd quarter,0:27.6,Steve Francis,HOU,True,2-pointer,0,59-64,'HOU',trails
221,221,221,200211170LAL,24.0,5.0,4th quarter,11:23.0,Maurice Taylor,HOU,True,2-pointer,0,61-66,'HOU',trails
222,222,222,200211170LAL,21.2,10.3,4th quarter,10:47.0,Maurice Taylor,HOU,True,2-pointer,6,63-66,'HOU',trails
223,223,223,200211170LAL,24.0,5.0,4th quarter,10:21.0,Steve Francis,HOU,True,2-pointer,0,66-66,'HOU',tied
224,224,224,200211170LAL,24.0,5.0,4th quarter,9:52.0,Yao Ming,HOU,True,2-pointer,0,69-66,'HOU',leads
225,225,225,200211170LAL,13.0,11.8,4th quarter,9:18.0,Maurice Taylor,HOU,True,2-pointer,13,72-68,'HOU',leads
226,226,226,200211170LAL,12.8,14.5,4th quarter,8:23.0,Maurice Taylor,HOU,True,2-pointer,15,74-68,'HOU',leads
227,227,227,200211170LAL,24.0,5.0,4th quarter,8:09.0,Steve Francis,HOU,True,2-pointer,0,76-68,'HOU',leads
228,228,228,200211170LAL,9.1,26.9,4th quarter,7:38.0,Cuttino Mobley,HOU,False,3-pointer,26,76-69,'HOU',leads
229,229,229,200211170LAL,43.2,16.7,4th quarter,6:59.0,Juaquin Hawkins,HOU,True,2-pointer,22,78-71,'HOU',leads
230,230,230,200211170LAL,24.0,5.0,4th quarter,6:13.0,Steve Francis,HOU,False,2-pointer,0,79-73,'HOU',leads
231,231,231,200211170LAL,24.0,5.0,4th quarter,5:28.0,Juaquin Hawkins,HOU,False,2-pointer,0,79-75,'HOU',leads
232,232,232,200211170LAL,24.0,5.0,4th quarter,4:57.0,Steve Francis,HOU,True,2-pointer,0,81-77,'HOU',leads
233,233,233,200211170LAL,33.5,20.8,4th quarter,4:29.0,Steve Francis,HOU,True,2-pointer,18,83-79,'HOU',leads
234,234,234,200211170LAL,28.7,6.3,4th quarter,3:51.0,Yao Ming,HOU,True,2-pointer,5,85-79,'HOU',leads
235,235,235,200211170LAL,10.5,18.8,4th quarter,2:50.0,Steve Francis,HOU,False,2-pointer,19,87-83,'HOU',leads
236,236,236,200211170LAL,21.2,10.3,4th quarter,1:59.0,Steve Francis,HOU,False,2-pointer,6,87-83,'HOU',leads
237,237,237,200211170LAL,3.6,6.7,4th quarter,1:56.0,Maurice Taylor,HOU,False,2-pointer,20,87-83,'HOU',leads
238,238,238,200211170LAL,24.0,5.0,4th quarter,1:28.0,Steve Francis,HOU,False,2-pointer,0,87-86,'HOU',leads
239,239,239,200211170LAL,24.0,5.0,4th quarter,1:00.0,Yao Ming,HOU,True,2-pointer,0,89-86,'HOU',leads
240,240,240,200211170LAL,19.2,13.4,1st quarter,11:45.0,Kobe Bryant,LAL,True,2-pointer,10,2-0,'HOU',leads
241,241,241,200211170LAL,36.8,6.0,1st quarter,11:06.0,Rick Fox,LAL,True,2-pointer,13,4-0,'HOU',leads
242,242,242,200211170LAL,22.8,4.9,1st quarter,9:37.0,Samaki Walker,LAL,False,2-pointer,1,4-3,'HOU',leads
243,243,243,200211170LAL,19.4,16.0,1st quarter,9:19.0,Kobe Bryant,LAL,True,2-pointer,12,6-3,'HOU',leads
244,244,244,200211170LAL,5.3,6.0,1st quarter,8:46.0,Derek Fisher,LAL,True,2-pointer,19,8-5,'HOU',leads
245,245,245,200211170LAL,15.1,17.0,1st quarter,8:20.0,Kobe Bryant,LAL,False,2-pointer,15,8-5,'HOU',leads
246,246,246,200211170LAL,9.1,20.5,1st quarter,8:17.0,Derek Fisher,LAL,True,2-pointer,22,10-5,'HOU',leads
247,247,247,200211170LAL,30.2,21.0,1st quarter,7:41.0,Derek Fisher,LAL,True,2-pointer,17,12-5,'HOU',leads
248,248,248,200211170LAL,35.0,18.5,1st quarter,7:06.0,Kobe Bryant,LAL,False,2-pointer,17,12-7,'HOU',leads
249,249,249,200211170LAL,24.0,12.2,1st quarter,6:25.0,Robert Horry,LAL,False,2-pointer,7,12-12,'HOU',tied
250,250,250,200211170LAL,0.3,4.9,1st quarter,6:02.0,Robert Horry,LAL,False,3-pointer,24,12-12,'HOU',tied
251,251,251,200211170LAL,32.4,17.0,1st quarter,5:29.0,Kobe Bryant,LAL,False,2-pointer,15,12-12,'HOU',tied
252,252,252,200211170LAL,30.9,16.0,1st quarter,4:50.0,Derek Fisher,LAL,False,2-pointer,13,12-14,'HOU',trails
253,253,253,200211170LAL,26.0,17.3,1st quarter,4:14.0,Kobe Bryant,LAL,False,2-pointer,12,12-16,'HOU',trails
254,254,254,200211170LAL,9.1,15.2,1st quarter,3:36.0,Stanislav Medvedenko,LAL,False,2-pointer,18,12-17,'HOU',trails
255,255,255,200211170LAL,17.1,29.8,1st quarter,2:55.0,Derek Fisher,LAL,False,3-pointer,26,12-17,'HOU',trails
256,256,256,200211170LAL,10.9,5.0,1st quarter,2:08.0,Stanislav Medvedenko,LAL,False,2-pointer,13,13-19,'HOU',trails
257,257,257,200211170LAL,12.2,28.0,1st quarter,1:40.0,Rick Fox,LAL,True,3-pointer,26,16-19,'HOU',trails
258,258,258,200211170LAL,22.4,12.9,2nd quarter,10:45.0,Kareem Rush,LAL,False,2-pointer,8,21-24,'HOU',trails
259,259,259,200211170LAL,35.5,21.4,2nd quarter,10:40.0,Kobe Bryant,LAL,True,2-pointer,20,23-24,'HOU',trails
260,260,260,200211170LAL,38.3,27.0,2nd quarter,9:37.0,Kareem Rush,LAL,False,3-pointer,26,23-27,'HOU',trails
261,261,261,200211170LAL,24.0,19.6,2nd quarter,8:42.0,Kobe Bryant,LAL,True,2-pointer,15,25-29,'HOU',trails
262,262,262,200211170LAL,14.5,18.5,2nd quarter,7:58.0,Kobe Bryant,LAL,True,2-pointer,17,27-31,'HOU',trails
263,263,263,200211170LAL,29.1,7.2,2nd quarter,7:25.0,Brian Shaw,LAL,False,2-pointer,6,27-31,'HOU',trails
264,264,264,200211170LAL,41.2,6.3,2nd quarter,7:06.0,Kareem Rush,LAL,False,2-pointer,17,27-31,'HOU',trails
265,265,265,200211170LAL,28.9,17.2,2nd quarter,6:41.0,Kobe Bryant,LAL,True,2-pointer,13,29-33,'HOU',trails
266,266,266,200211170LAL,24.0,5.0,2nd quarter,6:01.0,Samaki Walker,LAL,True,2-pointer,0,31-33,'HOU',trails
267,267,267,200211170LAL,11.7,20.5,2nd quarter,5:26.0,Brian Shaw,LAL,True,2-pointer,20,33-35,'HOU',trails
268,268,268,200211170LAL,22.5,12.2,2nd quarter,4:54.0,Kobe Bryant,LAL,False,2-pointer,7,33-35,'HOU',trails
269,269,269,200211170LAL,47.2,5.5,2nd quarter,4:24.0,Rick Fox,LAL,False,3-pointer,23,33-35,'HOU',trails
270,270,270,200211170LAL,24.0,5.0,2nd quarter,4:13.0,Kobe Bryant,LAL,True,2-pointer,0,35-35,'HOU',tied
271,271,271,200211170LAL,24.0,5.0,2nd quarter,3:50.0,Kobe Bryant,LAL,True,2-pointer,0,37-35,'HOU',leads
272,272,272,200211170LAL,26.0,22.6,2nd quarter,3:15.0,Kobe Bryant,LAL,False,2-pointer,18,37-37,'HOU',tied
273,273,273,200211170LAL,31.2,14.9,2nd quarter,2:47.0,Samaki Walker,LAL,False,2-pointer,12,37-37,'HOU',tied
274,274,274,200211170LAL,35.8,15.0,2nd quarter,2:27.0,Derek Fisher,LAL,True,2-pointer,15,39-37,'HOU',leads
275,275,275,200211170LAL,18.1,31.0,2nd quarter,1:45.0,Brian Shaw,LAL,False,3-pointer,27,39-38,'HOU',leads
276,276,276,200211170LAL,24.0,5.0,2nd quarter,1:30.0,Derek Fisher,LAL,True,2-pointer,0,41-38,'HOU',leads
277,277,277,200211170LAL,22.0,23.4,2nd quarter,0:50.6,Kobe Bryant,LAL,True,2-pointer,19,43-40,'HOU',leads
278,278,278,200211170LAL,24.0,5.0,2nd quarter,0:12.9,Brian Shaw,LAL,False,2-pointer,0,43-40,'HOU',leads
279,279,279,200211170LAL,30.5,5.0,2nd quarter,0:08.8,Brian Shaw,LAL,False,2-pointer,7,43-40,'HOU',leads
280,280,280,200211170LAL,38.1,4.2,2nd quarter,0:00.1,Derek Fisher,LAL,False,2-pointer,14,43-42,'HOU',leads
281,281,281,200211170LAL,47.5,4.1,3rd quarter,11:24.0,Derek Fisher,LAL,False,3-pointer,24,43-42,'HOU',leads
282,282,282,200211170LAL,38.4,8.5,3rd quarter,11:10.0,Rick Fox,LAL,False,2-pointer,15,43-42,'HOU',leads
283,283,283,200211170LAL,24.0,5.0,3rd quarter,11:03.0,Kobe Bryant,LAL,False,2-pointer,0,43-42,'HOU',leads
284,284,284,200211170LAL,30.2,6.2,3rd quarter,10:52.0,Kobe Bryant,LAL,False,2-pointer,6,43-42,'HOU',leads
285,285,285,200211170LAL,22.7,16.8,3rd quarter,10:49.0,Samaki Walker,LAL,True,2-pointer,12,45-42,'HOU',leads
286,286,286,200211170LAL,27.8,12.2,3rd quarter,10:25.0,Kobe Bryant,LAL,True,2-pointer,8,47-42,'HOU',leads
287,287,287,200211170LAL,20.2,20.6,3rd quarter,10:00.0,Kobe Bryant,LAL,False,2-pointer,16,47-42,'HOU',leads
288,288,288,200211170LAL,24.6,5.4,3rd quarter,9:19.0,Rick Fox,LAL,True,2-pointer,1,49-42,'HOU',leads
289,289,289,200211170LAL,40.4,24.2,3rd quarter,8:45.0,Rick Fox,LAL,False,3-pointer,25,50-42,'HOU',leads
290,290,290,200211170LAL,34.3,17.3,3rd quarter,8:06.0,Kobe Bryant,LAL,False,2-pointer,16,50-45,'HOU',leads
291,291,291,200211170LAL,24.0,5.0,3rd quarter,8:02.0,Samaki Walker,LAL,False,2-pointer,0,50-45,'HOU',leads
292,292,292,200211170LAL,23.0,17.0,3rd quarter,7:59.0,Rick Fox,LAL,True,2-pointer,12,52-45,'HOU',leads
293,293,293,200211170LAL,40.3,9.6,3rd quarter,7:27.0,Kobe Bryant,LAL,False,2-pointer,17,52-47,'HOU',leads
294,294,294,200211170LAL,34.0,8.3,3rd quarter,6:57.0,Kobe Bryant,LAL,True,2-pointer,11,54-50,'HOU',leads
295,295,295,200211170LAL,24.0,5.0,3rd quarter,5:42.0,Samaki Walker,LAL,True,2-pointer,0,56-51,'HOU',leads
296,296,296,200211170LAL,36.8,16.0,3rd quarter,4:56.0,Kobe Bryant,LAL,False,2-pointer,17,56-53,'HOU',leads
297,297,297,200211170LAL,24.0,5.0,3rd quarter,4:44.0,Kobe Bryant,LAL,True,2-pointer,0,58-53,'HOU',leads
298,298,298,200211170LAL,23.5,17.7,3rd quarter,4:02.0,Stanislav Medvedenko,LAL,True,2-pointer,13,60-55,'HOU',leads
299,299,299,200211170LAL,4.9,4.9,3rd quarter,3:27.0,Derek Fisher,LAL,False,2-pointer,19,60-55,'HOU',leads
300,300,300,200211170LAL,18.6,20.3,3rd quarter,3:04.0,Kobe Bryant,LAL,False,2-pointer,16,60-55,'HOU',leads
301,301,301,200211170LAL,20.4,14.1,3rd quarter,2:36.0,Stanislav Medvedenko,LAL,False,2-pointer,10,60-55,'HOU',leads
302,302,302,200211170LAL,24.0,5.0,3rd quarter,2:08.0,Derek Fisher,LAL,True,2-pointer,0,62-57,'HOU',leads
303,303,303,200211170LAL,22.7,8.5,3rd quarter,1:22.0,Kobe Bryant,LAL,False,2-pointer,4,62-57,'HOU',leads
304,304,304,200211170LAL,24.0,5.0,3rd quarter,1:20.0,Rick Fox,LAL,False,2-pointer,0,62-57,'HOU',leads
305,305,305,200211170LAL,25.0,25.4,3rd quarter,0:53.6,Robert Horry,LAL,False,2-pointer,20,62-57,'HOU',leads
306,306,306,200211170LAL,25.5,8.5,3rd quarter,0:51.5,Stanislav Medvedenko,LAL,True,2-pointer,4,64-57,'HOU',leads
307,307,307,200211170LAL,6.4,8.3,4th quarter,11:40.0,Derek Fisher,LAL,True,2-pointer,18,66-59,'HOU',leads
308,308,308,200211170LAL,33.8,15.9,4th quarter,11:00.0,Rick Fox,LAL,False,2-pointer,15,66-61,'HOU',leads
309,309,309,200211170LAL,4.3,4.7,4th quarter,10:30.0,Derek Fisher,LAL,False,2-pointer,20,66-64,'HOU',leads
310,310,310,200211170LAL,41.2,5.7,4th quarter,9:07.0,Derek Fisher,LAL,False,2-pointer,17,68-72,'HOU',trails
311,311,311,200211170LAL,10.9,4.9,4th quarter,7:23.0,Kobe Bryant,LAL,True,2-pointer,13,71-76,'HOU',trails
312,312,312,200211170LAL,16.3,12.1,4th quarter,6:44.0,Kobe Bryant,LAL,False,2-pointer,10,71-78,'HOU',trails
313,313,313,200211170LAL,32.5,8.8,4th quarter,6:26.0,Brian Shaw,LAL,True,2-pointer,9,73-79,'HOU',trails
314,314,314,200211170LAL,39.3,3.6,4th quarter,5:48.0,Kobe Bryant,LAL,True,2-pointer,15,75-79,'HOU',trails
315,315,315,200211170LAL,21.1,21.1,4th quarter,5:13.0,Kobe Bryant,LAL,True,2-pointer,16,77-79,'HOU',trails
316,316,316,200211170LAL,3.3,9.5,4th quarter,4:48.0,Kobe Bryant,LAL,True,2-pointer,21,79-81,'HOU',trails
317,317,317,200211170LAL,22.0,15.4,4th quarter,4:12.0,Kobe Bryant,LAL,False,2-pointer,11,79-83,'HOU',trails
318,318,318,200211170LAL,9.7,10.1,4th quarter,3:09.0,Kobe Bryant,LAL,True,2-pointer,15,83-87,'HOU',trails
319,319,319,200211170LAL,32.4,20.1,4th quarter,2:28.0,Kobe Bryant,LAL,False,2-pointer,17,83-87,'HOU',trails
320,320,320,200211170LAL,41.9,25.4,4th quarter,2:22.0,Brian Shaw,LAL,False,3-pointer,27,83-87,'HOU',trails
321,321,321,200211170LAL,24.0,5.0,4th quarter,2:21.0,Samaki Walker,LAL,False,2-pointer,0,83-87,'HOU',trails
322,322,322,200211170LAL,46.8,4.5,4th quarter,1:46.0,Kobe Bryant,LAL,True,3-pointer,23,86-87,'HOU',trails
323,323,323,200211170LAL,36.5,27.7,4th quarter,1:19.0,Brian Shaw,LAL,False,3-pointer,26,86-87,'HOU',trails
324,324,324,200211170LAL,41.4,25.1,4th quarter,0:44.2,Derek Fisher,LAL,True,3-pointer,27,89-90,'HOU',trails
325,325,325,200211170LAL,24.0,5.0,4th quarter,0:08.6,Kobe Bryant,LAL,False,2-pointer,0,89-90,'HOU',trails
326,326,326,200211170LAL,8.9,26.5,4th quarter,0:02.0,Kobe Bryant,LAL,False,3-pointer,26,89-92,'HOU',trails
327,327,327,200211170PHI,35.2,19.6,1st quarter,11:38.0,Jerry Stackhouse,WAS,True,2-pointer,18,2-0,'WAS',leads
328,328,328,200211170PHI,39.6,21.1,1st quarter,11:20.0,Jerry Stackhouse,WAS,False,2-pointer,22,2-0,'WAS',leads
329,329,329,200211170PHI,24.8,19.0,1st quarter,10:45.0,Larry Hughes,WAS,False,2-pointer,14,2-0,'WAS',leads
330,330,330,200211170PHI,24.0,5.0,1st quarter,10:43.0,Brendan Haywood,WAS,False,2-pointer,0,2-0,'WAS',leads
331,331,331,200211170PHI,37.6,26.0,1st quarter,9:04.0,Jerry Stackhouse,WAS,True,3-pointer,25,5-6,'WAS',trails
332,332,332,200211170PHI,11.0,4.4,1st quarter,8:31.0,Jerry Stackhouse,WAS,True,2-pointer,13,7-6,'WAS',leads
333,333,333,200211170PHI,23.0,18.8,1st quarter,7:30.0,Larry Hughes,WAS,False,2-pointer,14,10-9,'WAS',leads
334,334,334,200211170PHI,35.3,12.1,1st quarter,6:48.0,Jerry Stackhouse,WAS,True,2-pointer,13,12-11,'WAS',leads
335,335,335,200211170PHI,6.4,3.2,1st quarter,6:11.0,Jerry Stackhouse,WAS,True,2-pointer,18,14-11,'WAS',leads
336,336,336,200211170PHI,1.3,5.0,1st quarter,5:49.0,Jerry Stackhouse,WAS,False,3-pointer,23,14-11,'WAS',leads
337,337,337,200211170PHI,24.0,5.0,1st quarter,5:46.0,Brendan Haywood,WAS,False,2-pointer,0,14-11,'WAS',leads
338,338,338,200211170PHI,19.1,24.6,1st quarter,4:43.0,Michael Jordan,WAS,True,2-pointer,20,18-13,'WAS',leads
339,339,339,200211170PHI,6.9,3.2,1st quarter,3:19.0,Michael Jordan,WAS,True,2-pointer,17,22-15,'WAS',leads
340,340,340,200211170PHI,25.5,17.7,1st quarter,2:28.0,Michael Jordan,WAS,False,2-pointer,13,22-19,'WAS',leads
341,341,341,200211170PHI,23.5,10.9,1st quarter,1:59.0,Kwame Brown,WAS,True,2-pointer,6,24-22,'WAS',leads
342,342,342,200211170PHI,34.7,17.5,1st quarter,0:44.9,Michael Jordan,WAS,False,2-pointer,16,24-24,'WAS',tied
343,343,343,200211170PHI,5.8,3.2,1st quarter,0:15.8,Michael Jordan,WAS,True,2-pointer,18,26-24,'WAS',leads
344,344,344,200211170PHI,14.5,15.9,2nd quarter,11:00.0,Michael Jordan,WAS,True,2-pointer,14,28-28,'WAS',tied
345,345,345,200211170PHI,19.4,19.8,2nd quarter,10:08.0,Jared Jeffries,WAS,False,2-pointer,16,28-28,'WAS',tied
346,346,346,200211170PHI,24.0,5.0,2nd quarter,10:05.0,Bryon Russell,WAS,False,2-pointer,0,28-28,'WAS',tied
347,347,347,200211170PHI,35.2,8.8,2nd quarter,9:34.0,Michael Jordan,WAS,False,2-pointer,12,28-28,'WAS',tied
348,348,348,200211170PHI,35.0,28.7,2nd quarter,9:12.0,Tyronn Lue,WAS,False,3-pointer,26,28-30,'WAS',trails
349,349,349,200211170PHI,20.9,18.3,2nd quarter,9:06.0,Michael Jordan,WAS,True,2-pointer,14,30-30,'WAS',tied
350,350,350,200211170PHI,29.9,19.3,2nd quarter,8:16.0,Bryon Russell,WAS,False,2-pointer,15,30-32,'WAS',trails
351,351,351,200211170PHI,39.3,10.3,2nd quarter,7:45.0,Michael Jordan,WAS,False,2-pointer,16,30-34,'WAS',trails
352,352,352,200211170PHI,15.5,21.6,2nd quarter,6:34.0,Bryon Russell,WAS,False,2-pointer,19,30-38,'WAS',trails
353,353,353,200211170PHI,24.0,5.0,2nd quarter,5:03.0,Jerry Stackhouse,WAS,True,2-pointer,0,33-43,'WAS',trails
354,354,354,200211170PHI,17.8,19.6,2nd quarter,4:12.0,Christian Laettner,WAS,False,2-pointer,16,33-45,'WAS',trails
355,355,355,200211170PHI,24.0,5.0,2nd quarter,3:32.0,Jerry Stackhouse,WAS,True,2-pointer,0,35-47,'WAS',trails
356,356,356,200211170PHI,24.0,5.0,2nd quarter,3:05.0,Christian Laettner,WAS,True,2-pointer,0,37-49,'WAS',trails
357,357,357,200211170PHI,24.6,12.9,2nd quarter,2:23.0,Brendan Haywood,WAS,True,2-pointer,8,39-50,'WAS',trails
358,358,358,200211170PHI,14.6,9.0,2nd quarter,1:49.0,Larry Hughes,WAS,True,2-pointer,10,41-50,'WAS',trails
359,359,359,200211170PHI,41.6,4.9,3rd quarter,11:38.0,Jerry Stackhouse,WAS,True,2-pointer,18,44-55,'WAS',trails
360,360,360,200211170PHI,40.6,16.0,3rd quarter,11:06.0,Jerry Stackhouse,WAS,False,2-pointer,20,44-57,'WAS',trails
361,361,361,200211170PHI,32.7,3.9,3rd quarter,10:45.0,Larry Hughes,WAS,False,2-pointer,9,44-57,'WAS',trails
362,362,362,200211170PHI,23.0,19.1,3rd quarter,9:59.0,Larry Hughes,WAS,False,2-pointer,14,44-57,'WAS',trails
363,363,363,200211170PHI,12.0,3.1,3rd quarter,9:34.0,Larry Hughes,WAS,False,2-pointer,12,44-59,'WAS',trails
364,364,364,200211170PHI,46.2,5.0,3rd quarter,8:49.0,Bryon Russell,WAS,True,3-pointer,22,48-61,'WAS',trails
365,365,365,200211170PHI,38.1,10.6,3rd quarter,8:13.0,Larry Hughes,WAS,False,2-pointer,15,48-63,'WAS',trails
366,366,366,200211170PHI,37.8,7.6,3rd quarter,8:08.0,Jerry Stackhouse,WAS,False,2-pointer,14,48-63,'WAS',trails
367,367,367,200211170PHI,3.5,19.3,3rd quarter,7:32.0,Jerry Stackhouse,WAS,True,3-pointer,25,51-63,'WAS',trails
368,368,368,200211170PHI,33.2,13.6,3rd quarter,6:49.0,Larry Hughes,WAS,False,2-pointer,13,53-63,'WAS',trails
369,369,369,200211170PHI,21.7,8.3,3rd quarter,6:09.0,Jerry Stackhouse,WAS,False,2-pointer,4,53-63,'WAS',trails
370,370,370,200211170PHI,42.2,23.3,3rd quarter,5:20.0,Tyronn Lue,WAS,False,3-pointer,26,53-66,'WAS',trails
371,371,371,200211170PHI,41.6,4.5,3rd quarter,5:05.0,Michael Jordan,WAS,True,2-pointer,18,55-66,'WAS',trails
372,372,372,200211170PHI,6.6,4.1,3rd quarter,4:16.0,Michael Jordan,WAS,True,2-pointer,17,57-66,'WAS',trails
373,373,373,200211170PHI,42.2,4.9,3rd quarter,3:30.0,Jerry Stackhouse,WAS,True,2-pointer,18,59-68,'WAS',trails
374,374,374,200211170PHI,26.0,31.8,3rd quarter,1:54.0,Tyronn Lue,WAS,True,3-pointer,27,62-71,'WAS',trails
375,375,375,200211170PHI,24.0,5.0,3rd quarter,0:32.8,Brendan Haywood,WAS,True,2-pointer,0,65-73,'WAS',trails
376,376,376,200211170PHI,17.3,32.0,3rd quarter,0:00.0,Michael Jordan,WAS,True,3-pointer,28,68-75,'WAS',trails
377,377,377,200211170PHI,23.4,14.1,4th quarter,11:24.0,Tyronn Lue,WAS,False,2-pointer,9,68-75,'WAS',trails
378,378,378,200211170PHI,24.0,5.0,4th quarter,11:22.0,Jared Jeffries,WAS,False,2-pointer,0,68-75,'WAS',trails
379,379,379,200211170PHI,47.5,5.3,4th quarter,10:59.0,Tyronn Lue,WAS,True,3-pointer,24,71-75,'WAS',trails
380,380,380,200211170PHI,5.4,9.3,4th quarter,9:41.0,Michael Jordan,WAS,True,2-pointer,19,73-77,'WAS',trails
381,381,381,200211170PHI,39.6,25.6,4th quarter,8:24.0,Bryon Russell,WAS,False,3-pointer,26,73-81,'WAS',trails
382,382,382,200211170PHI,24.0,5.0,4th quarter,6:22.0,Jerry Stackhouse,WAS,True,2-pointer,0,78-85,'WAS',trails
383,383,383,200211170PHI,31.9,31.3,4th quarter,5:24.0,Bryon Russell,WAS,False,3-pointer,27,78-88,'WAS',trails
384,384,384,200211170PHI,36.6,10.9,4th quarter,4:18.0,Michael Jordan,WAS,False,2-pointer,14,78-88,'WAS',trails
385,385,385,200211170PHI,22.9,14.5,4th quarter,3:33.0,Michael Jordan,WAS,False,2-pointer,10,78-90,'WAS',trails
386,386,386,200211170PHI,19.2,13.9,4th quarter,3:16.0,Jerry Stackhouse,WAS,False,2-pointer,10,78-92,'WAS',trails
387,387,387,200211170PHI,24.0,5.0,4th quarter,2:47.0,Jerry Stackhouse,WAS,True,2-pointer,0,80-95,'WAS',trails
388,388,388,200211170PHI,10.7,6.5,4th quarter,2:00.0,Kwame Brown,WAS,True,2-pointer,13,82-97,'WAS',trails
389,389,389,200211170PHI,40.4,6.2,4th quarter,0:30.2,Jerry Stackhouse,WAS,False,2-pointer,16,84-100,'WAS',trails
390,390,390,200211170PHI,24.0,5.0,1st quarter,11:28.0,Todd MacCulloch,PHI,False,2-pointer,0,0-2,'WAS',trails
391,391,391,200211170PHI,24.5,9.5,1st quarter,10:26.0,Keith Van,PHI,True,2-pointer,5,2-2,'WAS',tied
392,392,392,200211170PHI,12.3,5.5,1st quarter,9:46.0,Aaron McKie,PHI,False,2-pointer,12,2-2,'WAS',tied
393,393,393,200211170PHI,21.5,7.5,1st quarter,9:43.0,Todd MacCulloch,PHI,True,2-pointer,4,4-2,'WAS',leads
394,394,394,200211170PHI,24.0,5.0,1st quarter,9:29.0,Keith Van,PHI,True,2-pointer,0,6-2,'WAS',leads
395,395,395,200211170PHI,26.9,30.7,1st quarter,8:13.0,Allen Iverson,PHI,True,3-pointer,26,9-8,'WAS',leads
396,396,396,200211170PHI,14.5,15.4,1st quarter,7:41.0,Allen Iverson,PHI,False,2-pointer,14,9-10,'WAS',trails
397,397,397,200211170PHI,24.0,5.0,1st quarter,7:23.0,Allen Iverson,PHI,False,2-pointer,0,9-10,'WAS',trails
398,398,398,200211170PHI,24.0,5.0,1st quarter,7:09.0,Allen Iverson,PHI,True,2-pointer,0,11-10,'WAS',leads
399,399,399,200211170PHI,22.9,17.7,1st quarter,6:31.0,Aaron McKie,PHI,False,2-pointer,13,11-12,'WAS',trails
400,400,400,200211170PHI,21.5,6.7,1st quarter,5:37.0,Keith Van,PHI,True,2-pointer,3,13-14,'WAS',trails
401,401,401,200211170PHI,10.7,27.0,1st quarter,4:59.0,Allen Iverson,PHI,False,3-pointer,26,13-16,'WAS',trails
402,402,402,200211170PHI,39.8,5.3,1st quarter,4:25.0,Todd MacCulloch,PHI,False,2-pointer,16,13-18,'WAS',trails
403,403,403,200211170PHI,8.6,3.4,1st quarter,4:17.0,Eric Snow,PHI,True,2-pointer,15,15-18,'WAS',trails
404,404,404,200211170PHI,24.0,5.0,1st quarter,3:34.0,Allen Iverson,PHI,False,2-pointer,0,15-20,'WAS',trails
405,405,405,200211170PHI,32.9,20.0,1st quarter,3:04.0,Allen Iverson,PHI,True,2-pointer,17,17-22,'WAS',trails
406,406,406,200211170PHI,24.0,5.0,1st quarter,2:55.0,Greg Buckner,PHI,True,2-pointer,0,19-22,'WAS',trails
407,407,407,200211170PHI,24.0,5.0,1st quarter,2:22.0,Allen Iverson,PHI,False,2-pointer,0,19-22,'WAS',trails
408,408,408,200211170PHI,24.3,30.3,1st quarter,2:18.0,Keith Van,PHI,True,3-pointer,25,22-22,'WAS',tied
409,409,409,200211170PHI,33.2,29.7,1st quarter,0:33.9,Allen Iverson,PHI,False,3-pointer,26,24-24,'WAS',tied
410,410,410,200211170PHI,23.2,12.2,1st quarter,0:01.7,Keith Van,PHI,True,2-pointer,7,26-26,'WAS',tied
411,411,411,200211170PHI,13.8,10.4,2nd quarter,11:13.0,Aaron McKie,PHI,False,2-pointer,12,28-26,'WAS',leads
412,412,412,200211170PHI,24.0,5.0,2nd quarter,9:53.0,Allen Iverson,PHI,False,2-pointer,0,28-28,'WAS',tied
413,413,413,200211170PHI,24.0,5.0,2nd quarter,8:44.0,Brian Skinner,PHI,True,2-pointer,0,32-30,'WAS',leads
414,414,414,200211170PHI,24.0,5.0,2nd quarter,8:03.0,Greg Buckner,PHI,True,2-pointer,0,34-30,'WAS',leads
415,415,415,200211170PHI,40.4,5.0,2nd quarter,7:37.0,Aaron McKie,PHI,True,2-pointer,16,36-30,'WAS',leads
416,416,416,200211170PHI,30.4,6.0,2nd quarter,7:01.0,Brian Skinner,PHI,True,2-pointer,6,38-30,'WAS',leads
417,417,417,200211170PHI,12.3,30.0,2nd quarter,6:25.0,Keith Van,PHI,False,3-pointer,28,38-30,'WAS',leads
418,418,418,200211170PHI,24.0,5.0,2nd quarter,5:34.0,Allen Iverson,PHI,True,2-pointer,0,42-31,'WAS',leads
419,419,419,200211170PHI,14.1,16.7,2nd quarter,4:38.0,Eric Snow,PHI,True,2-pointer,15,45-33,'WAS',leads
420,420,420,200211170PHI,1.0,5.3,2nd quarter,4:03.0,Greg Buckner,PHI,False,3-pointer,23,45-33,'WAS',leads
421,421,421,200211170PHI,24.0,5.0,2nd quarter,3:45.0,Keith Van,PHI,True,2-pointer,0,47-33,'WAS',leads
422,422,422,200211170PHI,17.4,18.2,2nd quarter,2:45.0,Allen Iverson,PHI,False,2-pointer,15,49-37,'WAS',leads
423,423,423,200211170PHI,16.1,19.1,2nd quarter,2:04.0,Allen Iverson,PHI,False,2-pointer,16,50-39,'WAS',leads
424,424,424,200211170PHI,6.9,25.2,2nd quarter,1:32.0,Keith Van,PHI,True,3-pointer,26,53-41,'WAS',leads
425,425,425,200211170PHI,17.3,14.9,2nd quarter,0:36.6,Eric Snow,PHI,False,2-pointer,12,53-42,'WAS',leads
426,426,426,200211170PHI,24.0,5.0,2nd quarter,0:36.1,Greg Buckner,PHI,True,2-pointer,0,55-42,'WAS',leads
427,427,427,200211170PHI,9.7,14.5,3rd quarter,11:50.0,Allen Iverson,PHI,False,2-pointer,17,55-42,'WAS',leads
428,428,428,200211170PHI,41.4,5.2,3rd quarter,11:23.0,Keith Van,PHI,True,2-pointer,17,57-44,'WAS',leads
429,429,429,200211170PHI,22.5,7.6,3rd quarter,10:39.0,Aaron McKie,PHI,False,2-pointer,3,57-44,'WAS',leads
430,430,430,200211170PHI,9.2,5.0,3rd quarter,10:16.0,Eric Snow,PHI,False,2-pointer,15,57-44,'WAS',leads
431,431,431,200211170PHI,18.4,22.6,3rd quarter,9:07.0,Eric Snow,PHI,True,2-pointer,18,61-45,'WAS',leads
432,432,432,200211170PHI,24.0,5.0,3rd quarter,8:26.0,Todd MacCulloch,PHI,True,2-pointer,0,63-48,'WAS',leads
433,433,433,200211170PHI,40.6,16.5,3rd quarter,7:50.0,Aaron McKie,PHI,False,2-pointer,20,63-48,'WAS',leads
434,434,434,200211170PHI,28.1,10.4,3rd quarter,6:59.0,Keith Van,PHI,False,2-pointer,7,63-53,'WAS',leads
435,435,435,200211170PHI,20.4,29.2,3rd quarter,6:21.0,Eric Snow,PHI,False,3-pointer,24,63-53,'WAS',leads
436,436,436,200211170PHI,24.0,5.0,3rd quarter,6:04.0,Eric Snow,PHI,True,2-pointer,0,65-53,'WAS',leads
437,437,437,200211170PHI,6.3,6.2,3rd quarter,4:41.0,Allen Iverson,PHI,False,2-pointer,18,66-55,'WAS',leads
438,438,438,200211170PHI,16.9,5.2,3rd quarter,4:27.0,Todd MacCulloch,PHI,False,2-pointer,7,66-55,'WAS',leads
439,439,439,200211170PHI,5.6,10.4,3rd quarter,3:55.0,Allen Iverson,PHI,True,2-pointer,19,68-57,'WAS',leads
440,440,440,200211170PHI,16.5,32.0,3rd quarter,3:09.0,Allen Iverson,PHI,False,3-pointer,28,68-59,'WAS',leads
441,441,441,200211170PHI,20.6,9.3,3rd quarter,2:34.0,Brian Skinner,PHI,False,2-pointer,5,71-59,'WAS',leads
442,442,442,200211170PHI,6.6,10.4,3rd quarter,2:16.0,Allen Iverson,PHI,False,2-pointer,18,71-59,'WAS',leads
443,443,443,200211170PHI,6.3,4.5,3rd quarter,1:33.0,Allen Iverson,PHI,True,2-pointer,18,73-62,'WAS',leads
444,444,444,200211170PHI,22.2,13.1,3rd quarter,0:52.9,Greg Buckner,PHI,False,2-pointer,8,73-63,'WAS',leads
445,445,445,200211170PHI,42.1,5.0,3rd quarter,0:45.9,Keith Van,PHI,False,2-pointer,18,73-63,'WAS',leads
446,446,446,200211170PHI,18.6,7.8,3rd quarter,0:13.0,Allen Iverson,PHI,True,2-pointer,6,75-65,'WAS',leads
447,447,447,200211170PHI,33.7,8.6,4th quarter,11:35.0,Allen Iverson,PHI,False,2-pointer,10,75-68,'WAS',leads
448,448,448,200211170PHI,34.5,9.8,4th quarter,10:40.0,Keith Van,PHI,False,2-pointer,12,75-71,'WAS',leads
449,449,449,200211170PHI,7.4,12.7,4th quarter,10:03.0,Allen Iverson,PHI,True,2-pointer,18,77-71,'WAS',leads
450,450,450,200211170PHI,24.0,5.0,4th quarter,9:17.0,Allen Iverson,PHI,False,2-pointer,0,77-73,'WAS',leads
451,451,451,200211170PHI,24.0,5.0,4th quarter,9:15.0,Greg Buckner,PHI,True,2-pointer,0,79-73,'WAS',leads
452,452,452,200211170PHI,23.5,13.9,4th quarter,7:01.0,Allen Iverson,PHI,True,2-pointer,9,85-74,'WAS',leads
453,453,453,200211170PHI,6.9,7.0,4th quarter,6:07.0,Allen Iverson,PHI,False,2-pointer,17,85-78,'WAS',leads
454,454,454,200211170PHI,24.0,5.0,4th quarter,5:41.0,Keith Van,PHI,True,2-pointer,0,87-78,'WAS',leads
455,455,455,200211170PHI,6.1,5.2,4th quarter,5:02.0,Allen Iverson,PHI,False,2-pointer,18,88-78,'WAS',leads
456,456,456,200211170PHI,36.8,10.4,4th quarter,4:43.0,Aaron McKie,PHI,False,2-pointer,14,88-78,'WAS',leads
457,457,457,200211170PHI,24.0,5.0,4th quarter,3:54.0,Greg Buckner,PHI,True,2-pointer,0,90-78,'WAS',leads
458,458,458,200211170PHI,24.0,5.0,4th quarter,3:01.0,Aaron McKie,PHI,False,2-pointer,0,92-78,'WAS',leads
459,459,459,200211170PHI,24.0,5.0,4th quarter,2:59.0,Aaron McKie,PHI,True,2-pointer,0,94-78,'WAS',leads
460,460,460,200211170PHI,40.9,10.4,4th quarter,2:25.0,Allen Iverson,PHI,True,2-pointer,18,97-80,'WAS',leads
461,461,461,200211170PHI,41.4,25.4,4th quarter,1:37.0,Greg Buckner,PHI,True,3-pointer,27,100-82,'WAS',leads
462,462,462,200211170PHI,24.0,5.0,4th quarter,1:17.0,Efthimios Rentzias,PHI,False,2-pointer,0,100-84,'WAS',leads
463,463,463,200211170PHI,39.1,28.0,4th quarter,1:13.0,John Salmons,PHI,False,3-pointer,28,100-84,'WAS',leads
464,464,464,200211170PHI,39.6,10.8,4th quarter,0:55.2,Efthimios Rentzias,PHI,False,2-pointer,17,100-84,'WAS',leads
465,465,465,200211170PHI,41.1,10.1,4th quarter,0:40.2,Efthimios Rentzias,PHI,False,2-pointer,18,100-84,'WAS',leads
466,466,466,200211170SAC,30.6,25.4,1st quarter,11:41.0,Tracy McGrady,ORL,True,2-pointer,21,2-0,'SAC',leads
467,467,467,200211170SAC,11.0,13.1,1st quarter,10:53.0,Mike Miller,ORL,False,2-pointer,15,2-2,'SAC',tied
468,468,468,200211170SAC,37.3,19.5,1st quarter,10:26.0,Tracy McGrady,ORL,True,2-pointer,20,4-4,'SAC',tied
469,469,469,200211170SAC,28.1,6.2,1st quarter,10:11.0,Shawn Kemp,ORL,True,2-pointer,4,6-4,'SAC',leads
470,470,470,200211170SAC,47.5,7.8,1st quarter,8:57.0,Pat Garrity,ORL,False,3-pointer,24,10-4,'SAC',leads
471,471,471,200211170SAC,32.2,6.7,1st quarter,8:52.0,Shawn Kemp,ORL,False,2-pointer,8,10-4,'SAC',leads
472,472,472,200211170SAC,30.2,7.2,1st quarter,8:31.0,Tracy McGrady,ORL,False,2-pointer,7,10-4,'SAC',leads
473,473,473,200211170SAC,24.0,5.0,1st quarter,8:29.0,Shawn Kemp,ORL,False,2-pointer,0,10-4,'SAC',leads
474,474,474,200211170SAC,24.0,5.0,1st quarter,8:28.0,Shawn Kemp,ORL,False,2-pointer,0,10-4,'SAC',leads
475,475,475,200211170SAC,36.0,22.8,1st quarter,8:02.0,Mike Miller,ORL,False,2-pointer,21,10-6,'SAC',leads
476,476,476,200211170SAC,39.1,10.6,1st quarter,7:44.0,Shawn Kemp,ORL,False,2-pointer,16,10-8,'SAC',leads
477,477,477,200211170SAC,29.6,6.5,1st quarter,7:11.0,Tracy McGrady,ORL,False,2-pointer,6,10-8,'SAC',leads
478,478,478,200211170SAC,9.2,25.9,1st quarter,7:04.0,Pat Garrity,ORL,False,3-pointer,26,10-8,'SAC',leads
479,479,479,200211170SAC,20.7,6.8,1st quarter,7:00.0,Tracy McGrady,ORL,False,2-pointer,4,10-8,'SAC',leads
480,480,480,200211170SAC,24.0,5.0,1st quarter,6:58.0,Tracy McGrady,ORL,False,2-pointer,0,10-8,'SAC',leads
481,481,481,200211170SAC,28.1,8.8,1st quarter,6:55.0,Tracy McGrady,ORL,False,2-pointer,6,10-8,'SAC',leads
482,482,482,200211170SAC,8.1,4.5,1st quarter,6:27.0,Darrell Armstrong,ORL,True,2-pointer,16,12-10,'SAC',leads
483,483,483,200211170SAC,28.1,23.1,1st quarter,5:48.0,Tracy McGrady,ORL,True,2-pointer,19,14-12,'SAC',leads
484,484,484,200211170SAC,39.9,17.8,1st quarter,5:19.0,Pat Garrity,ORL,False,2-pointer,20,14-14,'SAC',tied
485,485,485,200211170SAC,30.4,24.7,1st quarter,4:59.0,Shawn Kemp,ORL,False,2-pointer,21,14-14,'SAC',tied
486,486,486,200211170SAC,21.9,6.2,1st quarter,4:21.0,Shawn Kemp,ORL,False,2-pointer,2,14-14,'SAC',tied
487,487,487,200211170SAC,38.9,19.5,1st quarter,3:59.0,Tracy McGrady,ORL,False,2-pointer,21,14-14,'SAC',tied
488,488,488,200211170SAC,24.0,5.0,1st quarter,3:55.0,Shawn Kemp,ORL,False,2-pointer,0,14-14,'SAC',tied
489,489,489,200211170SAC,3.8,10.8,1st quarter,3:26.0,Pat Garrity,ORL,True,2-pointer,21,16-14,'SAC',leads
490,490,490,200211170SAC,7.9,25.6,1st quarter,2:57.0,Tracy McGrady,ORL,False,3-pointer,26,16-14,'SAC',leads
491,491,491,200211170SAC,24.0,5.0,1st quarter,2:35.0,Mike Miller,ORL,True,2-pointer,0,18-14,'SAC',leads
492,492,492,200211170SAC,40.6,19.1,1st quarter,1:44.0,Mike Miller,ORL,True,2-pointer,22,20-16,'SAC',leads
493,493,493,200211170SAC,24.0,5.0,1st quarter,1:15.0,Tracy McGrady,ORL,True,2-pointer,0,22-16,'SAC',leads
494,494,494,200211170SAC,24.0,5.0,1st quarter,0:12.6,Tracy McGrady,ORL,True,2-pointer,0,24-20,'SAC',leads
495,495,495,200211170SAC,6.8,4.4,2nd quarter,10:56.0,Jacque Vaughn,ORL,False,2-pointer,17,27-22,'SAC',leads
496,496,496,200211170SAC,24.0,5.0,2nd quarter,10:29.0,Andrew DeClercq,ORL,False,2-pointer,0,27-22,'SAC',leads
497,497,497,200211170SAC,23.5,13.6,2nd quarter,10:13.0,Pat Burke,ORL,True,2-pointer,9,29-22,'SAC',leads
498,498,498,200211170SAC,36.0,21.0,2nd quarter,9:29.0,Jacque Vaughn,ORL,False,2-pointer,20,29-22,'SAC',leads
499,499,499,200211170SAC,28.6,5.7,2nd quarter,8:08.0,Mike Miller,ORL,False,2-pointer,5,29-27,'SAC',leads
500,500,500,200211170SAC,18.6,24.4,2nd quarter,7:37.0,Tracy McGrady,ORL,False,2-pointer,20,29-29,'SAC',tied
501,501,501,200211170SAC,24.0,5.0,2nd quarter,7:18.0,Mike Miller,ORL,False,2-pointer,0,29-29,'SAC',tied
502,502,502,200211170SAC,23.8,11.9,2nd quarter,6:43.0,Tracy McGrady,ORL,False,2-pointer,7,29-29,'SAC',tied
503,503,503,200211170SAC,24.0,5.0,2nd quarter,6:41.0,Shawn Kemp,ORL,True,2-pointer,0,31-29,'SAC',leads
504,504,504,200211170SAC,12.5,28.0,2nd quarter,6:09.0,Darrell Armstrong,ORL,False,3-pointer,26,31-29,'SAC',leads
505,505,505,200211170SAC,34.8,24.7,2nd quarter,6:03.0,Darrell Armstrong,ORL,True,2-pointer,22,33-29,'SAC',leads
506,506,506,200211170SAC,34.3,23.4,2nd quarter,5:39.0,Tracy McGrady,ORL,False,2-pointer,21,33-31,'SAC',leads
507,507,507,200211170SAC,24.0,5.0,2nd quarter,4:10.0,Darrell Armstrong,ORL,False,2-pointer,0,33-33,'SAC',tied
508,508,508,200211170SAC,24.0,5.0,2nd quarter,4:08.0,Shawn Kemp,ORL,True,2-pointer,0,35-33,'SAC',leads
509,509,509,200211170SAC,4.5,20.6,2nd quarter,4:01.0,Mike Miller,ORL,True,3-pointer,25,38-33,'SAC',leads
510,510,510,200211170SAC,38.0,24.9,2nd quarter,3:24.0,Darrell Armstrong,ORL,False,3-pointer,24,38-33,'SAC',leads
511,511,511,200211170SAC,31.1,7.2,2nd quarter,3:07.0,Tracy McGrady,ORL,True,2-pointer,7,40-35,'SAC',leads
512,512,512,200211170SAC,0.0,14.5,2nd quarter,2:28.0,Pat Garrity,ORL,False,3-pointer,26,41-37,'SAC',leads
513,513,513,200211170SAC,12.7,14.1,2nd quarter,1:53.0,Darrell Armstrong,ORL,False,2-pointer,15,41-39,'SAC',leads
514,514,514,200211170SAC,40.7,15.9,2nd quarter,1:28.0,Tracy McGrady,ORL,False,2-pointer,20,41-39,'SAC',leads
515,515,515,200211170SAC,20.1,29.8,2nd quarter,1:02.0,Tracy McGrady,ORL,False,3-pointer,25,41-39,'SAC',leads
516,516,516,200211170SAC,9.9,22.8,2nd quarter,0:07.9,Pat Garrity,ORL,True,2-pointer,23,46-41,'SAC',leads
517,517,517,200211170SAC,41.2,8.8,3rd quarter,11:17.0,Tracy McGrady,ORL,False,2-pointer,18,46-44,'SAC',leads
518,518,518,200211170SAC,24.0,5.0,3rd quarter,10:46.0,Darrell Armstrong,ORL,True,2-pointer,0,48-44,'SAC',leads
519,519,519,200211170SAC,3.6,7.3,3rd quarter,10:16.0,Pat Garrity,ORL,False,2-pointer,21,48-46,'SAC',leads
520,520,520,200211170SAC,20.7,29.8,3rd quarter,9:38.0,Mike Miller,ORL,False,3-pointer,25,48-48,'SAC',tied
521,521,521,200211170SAC,19.4,23.4,3rd quarter,7:57.0,Tracy McGrady,ORL,False,2-pointer,19,50-54,'SAC',trails
522,522,522,200211170SAC,44.2,7.5,3rd quarter,7:44.0,Pat Garrity,ORL,True,2-pointer,20,52-54,'SAC',trails
523,523,523,200211170SAC,41.9,6.3,3rd quarter,6:55.0,Pat Garrity,ORL,False,2-pointer,18,52-58,'SAC',trails
524,524,524,200211170SAC,0.8,5.5,3rd quarter,6:25.0,Darrell Armstrong,ORL,True,3-pointer,23,55-58,'SAC',trails
525,525,525,200211170SAC,42.7,12.7,3rd quarter,5:52.0,Pat Burke,ORL,True,2-pointer,20,57-58,'SAC',trails
526,526,526,200211170SAC,38.8,16.4,3rd quarter,4:59.0,Darrell Armstrong,ORL,False,2-pointer,19,59-60,'SAC',trails
527,527,527,200211170SAC,27.1,7.0,3rd quarter,4:36.0,Tracy McGrady,ORL,False,2-pointer,4,59-62,'SAC',trails
528,528,528,200211170SAC,24.0,5.0,3rd quarter,4:32.0,Tracy McGrady,ORL,True,2-pointer,0,61-62,'SAC',trails
529,529,529,200211170SAC,39.1,11.8,3rd quarter,3:59.0,Tracy McGrady,ORL,False,2-pointer,17,61-62,'SAC',trails
530,530,530,200211170SAC,9.1,18.8,3rd quarter,2:52.0,Mike Miller,ORL,False,2-pointer,20,61-66,'SAC',trails
531,531,531,200211170SAC,9.5,21.1,3rd quarter,2:23.0,Tracy McGrady,ORL,False,2-pointer,22,61-66,'SAC',trails
532,532,532,200211170SAC,47.2,10.4,3rd quarter,1:56.0,Pat Burke,ORL,True,3-pointer,24,64-66,'SAC',trails
533,533,533,200211170SAC,24.0,5.0,3rd quarter,1:37.0,Pat Burke,ORL,True,2-pointer,0,66-66,'SAC',tied
534,534,534,200211170SAC,20.7,8.1,3rd quarter,0:56.6,Jacque Vaughn,ORL,True,2-pointer,5,68-68,'SAC',tied
535,535,535,200211170SAC,24.6,30.0,3rd quarter,0:20.2,Tracy McGrady,ORL,True,3-pointer,25,71-70,'SAC',leads
536,536,536,200211170SAC,8.7,17.7,4th quarter,11:47.0,Tracy McGrady,ORL,True,2-pointer,20,73-70,'SAC',leads
537,537,537,200211170SAC,25.1,24.9,4th quarter,11:17.0,Jacque Vaughn,ORL,False,2-pointer,20,73-72,'SAC',leads
538,538,538,200211170SAC,26.6,22.6,4th quarter,10:33.0,Jacque Vaughn,ORL,False,2-pointer,18,73-75,'SAC',trails
539,539,539,200211170SAC,31.5,4.4,4th quarter,10:15.0,Jeryl Sasser,ORL,False,2-pointer,8,73-75,'SAC',trails
540,540,540,200211170SAC,24.0,5.0,4th quarter,9:36.0,Jacque Vaughn,ORL,False,2-pointer,0,73-77,'SAC',trails
541,541,541,200211170SAC,24.0,5.0,4th quarter,8:33.0,Darrell Armstrong,ORL,True,2-pointer,0,75-79,'SAC',trails
542,542,542,200211170SAC,14.3,28.7,4th quarter,8:01.0,Tracy McGrady,ORL,False,3-pointer,26,75-79,'SAC',trails
543,543,543,200211170SAC,47.0,9.1,4th quarter,7:46.0,Darrell Armstrong,ORL,False,3-pointer,23,75-79,'SAC',trails
544,544,544,200211170SAC,44.7,6.0,4th quarter,7:14.0,Pat Garrity,ORL,False,2-pointer,21,75-82,'SAC',trails
545,545,545,200211170SAC,1.7,14.7,4th quarter,6:37.0,Darrell Armstrong,ORL,True,3-pointer,24,79-82,'SAC',trails
546,546,546,200211170SAC,42.6,22.6,4th quarter,6:10.0,Mike Miller,ORL,False,3-pointer,26,79-82,'SAC',trails
547,547,547,200211170SAC,24.0,5.0,4th quarter,5:37.0,Tracy McGrady,ORL,True,2-pointer,0,81-84,'SAC',trails
548,548,548,200211170SAC,44.4,20.6,4th quarter,4:51.0,Darrell Armstrong,ORL,False,3-pointer,26,81-87,'SAC',trails
549,549,549,200211170SAC,43.7,5.2,4th quarter,4:05.0,Shawn Kemp,ORL,False,2-pointer,20,81-90,'SAC',trails
550,550,550,200211170SAC,22.0,22.8,4th quarter,3:06.0,Mike Miller,ORL,False,2-pointer,18,81-90,'SAC',trails
551,551,551,200211170SAC,28.9,6.3,4th quarter,2:40.0,Tracy McGrady,ORL,True,2-pointer,5,83-92,'SAC',trails
552,552,552,200211170SAC,38.1,19.6,4th quarter,2:09.0,Tracy McGrady,ORL,False,2-pointer,20,84-94,'SAC',trails
553,553,553,200211170SAC,5.8,21.3,4th quarter,2:01.0,Darrell Armstrong,ORL,True,3-pointer,24,87-94,'SAC',trails
554,554,554,200211170SAC,10.7,21.1,4th quarter,1:25.0,Tracy McGrady,ORL,False,2-pointer,21,87-94,'SAC',trails
555,555,555,200211170SAC,18.8,29.5,4th quarter,0:58.0,Pat Garrity,ORL,True,3-pointer,25,90-96,'SAC',trails
556,556,556,200211170SAC,19.4,31.0,4th quarter,0:24.1,Tracy McGrady,ORL,True,3-pointer,26,94-98,'SAC',trails
557,557,557,200211170SAC,23.8,26.0,4th quarter,0:13.0,Pat Burke,ORL,False,2-pointer,21,94-99,'SAC',trails
558,558,558,200211170SAC,28.6,31.0,4th quarter,0:08.8,Tracy McGrady,ORL,True,3-pointer,26,97-99,'SAC',trails
559,559,559,200211170SAC,36.8,22.6,4th quarter,0:05.6,Mike Miller,ORL,False,2-pointer,22,97-99,'SAC',trails
560,560,560,200211170SAC,24.0,5.0,4th quarter,0:04.6,Pat Burke,ORL,True,2-pointer,0,99-99,'SAC',tied
561,561,561,200211170SAC,37.8,17.5,1st quarter,11:22.0,Chris Webber,SAC,False,2-pointer,19,0-2,'SAC',trails
562,562,562,200211170SAC,24.0,5.0,1st quarter,11:07.0,Bobby Jackson,SAC,True,2-pointer,0,2-2,'SAC',tied
563,563,563,200211170SAC,13.7,22.8,1st quarter,10:44.0,Chris Webber,SAC,True,2-pointer,21,4-2,'SAC',leads
564,564,564,200211170SAC,20.6,24.7,1st quarter,9:38.0,Doug Christie,SAC,False,2-pointer,20,4-8,'SAC',trails
565,565,565,200211170SAC,11.8,26.4,1st quarter,8:43.0,Peja Stojaković,SAC,False,3-pointer,25,4-10,'SAC',trails
566,566,566,200211170SAC,24.0,5.0,1st quarter,8:19.0,Hedo Türkoğlu,SAC,True,2-pointer,0,6-10,'SAC',trails
567,567,567,200211170SAC,7.9,3.6,1st quarter,7:53.0,Bobby Jackson,SAC,True,2-pointer,16,8-10,'SAC',trails
568,568,568,200211170SAC,28.6,6.0,1st quarter,7:29.0,Vlade Divac,SAC,False,2-pointer,5,8-10,'SAC',trails
569,569,569,200211170SAC,24.0,5.0,1st quarter,7:27.0,Vlade Divac,SAC,False,2-pointer,0,8-10,'SAC',trails
570,570,570,200211170SAC,27.9,7.0,1st quarter,6:42.0,Bobby Jackson,SAC,True,2-pointer,4,10-10,'SAC',tied
571,571,571,200211170SAC,4.3,4.7,1st quarter,6:08.0,Peja Stojaković,SAC,True,2-pointer,20,12-12,'SAC',tied
572,572,572,200211170SAC,11.4,18.8,1st quarter,5:30.0,Bobby Jackson,SAC,True,2-pointer,19,14-14,'SAC',tied
573,573,573,200211170SAC,44.0,18.7,1st quarter,4:09.0,Peja Stojaković,SAC,False,3-pointer,24,14-14,'SAC',tied
574,574,574,200211170SAC,24.8,10.9,1st quarter,3:45.0,Hedo Türkoğlu,SAC,False,2-pointer,6,14-14,'SAC',tied
575,575,575,200211170SAC,27.9,8.8,1st quarter,3:06.0,Chris Webber,SAC,False,2-pointer,5,14-16,'SAC',trails
576,576,576,200211170SAC,22.2,7.0,1st quarter,2:06.0,Chris Webber,SAC,False,2-pointer,3,14-18,'SAC',trails
577,577,577,200211170SAC,13.5,20.8,1st quarter,1:59.0,Chris Webber,SAC,True,2-pointer,19,16-18,'SAC',trails
578,578,578,200211170SAC,16.0,6.8,1st quarter,1:24.0,Peja Stojaković,SAC,False,2-pointer,8,16-20,'SAC',trails
579,579,579,200211170SAC,35.8,19.6,1st quarter,0:55.9,Keon Clark,SAC,False,2-pointer,19,16-22,'SAC',trails
580,580,580,200211170SAC,40.9,9.6,1st quarter,0:34.1,Chris Webber,SAC,True,2-pointer,18,18-22,'SAC',trails
581,581,581,200211170SAC,24.0,5.0,1st quarter,0:17.4,Chris Webber,SAC,True,2-pointer,0,20-22,'SAC',trails
582,582,582,200211170SAC,33.5,20.8,2nd quarter,11:47.0,Peja Stojaković,SAC,False,2-pointer,18,20-25,'SAC',trails
583,583,583,200211170SAC,7.7,3.9,2nd quarter,11:06.0,Bobby Jackson,SAC,True,2-pointer,16,22-27,'SAC',trails
584,584,584,200211170SAC,13.8,21.3,2nd quarter,10:44.0,Chris Webber,SAC,False,2-pointer,19,22-27,'SAC',trails
585,585,585,200211170SAC,30.7,4.9,2nd quarter,9:58.0,Keon Clark,SAC,False,2-pointer,7,22-29,'SAC',trails
586,586,586,200211170SAC,25.5,20.1,2nd quarter,9:35.0,Keon Clark,SAC,False,2-pointer,15,22-29,'SAC',trails
587,587,587,200211170SAC,43.2,19.6,2nd quarter,9:05.0,Hedo Türkoğlu,SAC,True,3-pointer,24,25-29,'SAC',trails
588,588,588,200211170SAC,27.4,6.8,2nd quarter,8:27.0,Keon Clark,SAC,False,2-pointer,4,25-29,'SAC',trails
589,589,589,200211170SAC,24.0,5.0,2nd quarter,8:25.0,Keon Clark,SAC,True,2-pointer,0,27-29,'SAC',trails
590,590,590,200211170SAC,11.0,19.8,2nd quarter,7:24.0,Vlade Divac,SAC,False,2-pointer,20,29-29,'SAC',tied
591,591,591,200211170SAC,36.1,22.1,2nd quarter,7:09.0,Doug Christie,SAC,False,2-pointer,21,29-29,'SAC',tied
592,592,592,200211170SAC,30.4,29.3,2nd quarter,6:21.0,Hedo Türkoğlu,SAC,False,3-pointer,25,29-31,'SAC',trails
593,593,593,200211170SAC,22.4,5.8,2nd quarter,5:51.0,Vlade Divac,SAC,True,2-pointer,2,31-33,'SAC',trails
594,594,594,200211170SAC,23.5,9.8,2nd quarter,5:22.0,Vlade Divac,SAC,False,2-pointer,5,31-33,'SAC',trails
595,595,595,200211170SAC,7.4,5.8,2nd quarter,5:14.0,Vlade Divac,SAC,True,2-pointer,17,33-33,'SAC',tied
596,596,596,200211170SAC,16.3,29.3,2nd quarter,4:53.0,Damon Jones,SAC,False,3-pointer,25,33-33,'SAC',tied
597,597,597,200211170SAC,42.2,14.4,2nd quarter,3:42.0,Peja Stojaković,SAC,False,2-pointer,20,33-38,'SAC',trails
598,598,598,200211170SAC,35.7,10.4,2nd quarter,3:13.0,Bobby Jackson,SAC,True,2-pointer,13,35-38,'SAC',trails
599,599,599,200211170SAC,24.0,5.0,2nd quarter,2:47.0,Chris Webber,SAC,True,2-pointer,0,37-41,'SAC',trails
600,600,600,200211170SAC,41.2,10.6,2nd quarter,1:37.0,Chris Webber,SAC,False,2-pointer,18,39-41,'SAC',trails
601,601,601,200211170SAC,-0.3,5.0,2nd quarter,1:11.0,Bobby Jackson,SAC,False,3-pointer,24,39-41,'SAC',trails
602,602,602,200211170SAC,8.4,7.6,2nd quarter,0:29.3,Chris Webber,SAC,True,2-pointer,16,41-44,'SAC',trails
603,603,603,200211170SAC,26.3,23.4,2nd quarter,0:00.0,Chris Webber,SAC,False,2-pointer,19,41-46,'SAC',trails
604,604,604,200211170SAC,47.3,6.8,3rd quarter,11:36.0,Bobby Jackson,SAC,True,3-pointer,23,44-46,'SAC',trails
605,605,605,200211170SAC,23.5,24.7,3rd quarter,11:05.0,Chris Webber,SAC,False,2-pointer,20,44-46,'SAC',trails
606,606,606,200211170SAC,31.2,26.4,3rd quarter,10:32.0,Peja Stojaković,SAC,True,2-pointer,23,46-48,'SAC',trails
607,607,607,200211170SAC,24.0,5.0,3rd quarter,9:57.0,Peja Stojaković,SAC,True,2-pointer,0,48-48,'SAC',tied
608,608,608,200211170SAC,7.2,13.7,3rd quarter,9:21.0,Vlade Divac,SAC,True,2-pointer,19,50-48,'SAC',leads
609,609,609,200211170SAC,24.0,5.0,3rd quarter,8:58.0,Vlade Divac,SAC,True,2-pointer,0,52-48,'SAC',leads
610,610,610,200211170SAC,21.7,9.1,3rd quarter,8:29.0,Peja Stojaković,SAC,True,2-pointer,5,54-48,'SAC',leads
611,611,611,200211170SAC,24.0,5.0,3rd quarter,7:34.0,Bobby Jackson,SAC,True,2-pointer,0,56-52,'SAC',leads
612,612,612,200211170SAC,24.0,5.0,3rd quarter,7:07.0,Doug Christie,SAC,True,2-pointer,0,58-52,'SAC',leads
613,613,613,200211170SAC,16.8,24.2,3rd quarter,5:33.0,Doug Christie,SAC,True,2-pointer,21,60-57,'SAC',leads
614,614,614,200211170SAC,24.3,25.6,3rd quarter,5:05.0,Chris Webber,SAC,False,2-pointer,21,60-59,'SAC',leads
615,615,615,200211170SAC,38.1,20.6,3rd quarter,4:45.0,Peja Stojaković,SAC,True,2-pointer,21,62-59,'SAC',leads
616,616,616,200211170SAC,8.6,14.9,3rd quarter,4:14.0,Chris Webber,SAC,False,2-pointer,18,62-61,'SAC',leads
617,617,617,200211170SAC,25.5,9.3,3rd quarter,3:36.0,Chris Webber,SAC,False,2-pointer,5,62-61,'SAC',leads
618,618,618,200211170SAC,24.0,5.0,3rd quarter,3:35.0,Chris Webber,SAC,True,2-pointer,0,64-61,'SAC',leads
619,619,619,200211170SAC,24.0,5.0,3rd quarter,3:12.0,Bobby Jackson,SAC,True,2-pointer,0,66-61,'SAC',leads
620,620,620,200211170SAC,25.6,26.4,3rd quarter,2:39.0,Peja Stojaković,SAC,False,2-pointer,21,66-61,'SAC',leads
621,621,621,200211170SAC,19.7,6.7,3rd quarter,1:43.0,Chris Webber,SAC,False,2-pointer,5,66-64,'SAC',leads
622,622,622,200211170SAC,24.1,11.8,3rd quarter,1:15.0,Chris Webber,SAC,True,2-pointer,7,68-66,'SAC',leads
623,623,623,200211170SAC,9.4,6.2,3rd quarter,0:51.4,Peja Stojaković,SAC,True,2-pointer,15,70-68,'SAC',leads
624,624,624,200211170SAC,38.4,4.9,3rd quarter,0:00.0,Chris Webber,SAC,False,2-pointer,14,70-71,'SAC',trails
625,625,625,200211170SAC,1.2,8.1,4th quarter,10:59.0,Damon Jones,SAC,True,3-pointer,23,75-73,'SAC',leads
626,626,626,200211170SAC,19.4,9.0,4th quarter,9:58.0,Keon Clark,SAC,False,2-pointer,6,75-73,'SAC',leads
627,627,627,200211170SAC,24.0,5.0,4th quarter,9:52.0,Doug Christie,SAC,True,2-pointer,0,77-73,'SAC',leads
628,628,628,200211170SAC,24.0,5.0,4th quarter,9:21.0,Chris Webber,SAC,False,2-pointer,0,77-73,'SAC',leads
629,629,629,200211170SAC,24.0,5.0,4th quarter,8:39.0,Hedo Türkoğlu,SAC,False,2-pointer,0,79-73,'SAC',leads
630,630,630,200211170SAC,7.9,13.9,4th quarter,8:14.0,Chris Webber,SAC,False,2-pointer,18,79-75,'SAC',leads
631,631,631,200211170SAC,24.0,5.0,4th quarter,7:26.0,Keon Clark,SAC,True,2-pointer,0,81-75,'SAC',leads
632,632,632,200211170SAC,25.1,30.0,4th quarter,6:55.0,Damon Jones,SAC,False,3-pointer,25,82-75,'SAC',leads
633,633,633,200211170SAC,8.4,16.7,4th quarter,6:22.0,Chris Webber,SAC,False,2-pointer,20,82-79,'SAC',leads
634,634,634,200211170SAC,28.3,23.1,4th quarter,5:53.0,Chris Webber,SAC,True,2-pointer,19,84-79,'SAC',leads
635,635,635,200211170SAC,47.3,9.1,4th quarter,5:21.0,Bobby Jackson,SAC,True,3-pointer,24,87-81,'SAC',leads
636,636,636,200211170SAC,39.8,13.2,4th quarter,4:36.0,Chris Webber,SAC,False,2-pointer,18,87-81,'SAC',leads
637,637,637,200211170SAC,21.9,29.8,4th quarter,4:31.0,Doug Christie,SAC,True,3-pointer,25,90-81,'SAC',leads
638,638,638,200211170SAC,24.0,13.4,4th quarter,2:25.0,Peja Stojaković,SAC,True,2-pointer,8,94-84,'SAC',leads
639,639,639,200211170SAC,30.6,6.7,4th quarter,1:05.0,Chris Webber,SAC,True,2-pointer,7,96-87,'SAC',leads
640,640,640,200211170SAC,28.4,5.0,4th quarter,0:43.9,Peja Stojaković,SAC,False,2-pointer,4,96-90,'SAC',leads
641,641,641,200211170SAC,12.8,22.3,4th quarter,0:01.5,Chris Webber,SAC,True,2-pointer,21,101-99,'SAC',leads
642,642,642,200211170TOR,41.9,22.1,1st quarter,11:29.0,Matt Harpring,UTA,False,3-pointer,25,0-0,'TOR',tied
643,643,643,200211170TOR,24.0,5.0,1st quarter,11:08.0,Matt Harpring,UTA,False,2-pointer,0,0-0,'TOR',tied
644,644,644,200211170TOR,24.0,5.0,1st quarter,10:40.0,John Stockton,UTA,True,2-pointer,0,2-2,'TOR',tied
645,645,645,200211170TOR,37.8,6.2,1st quarter,10:04.0,Karl Malone,UTA,False,2-pointer,14,2-4,'TOR',trails
646,646,646,200211170TOR,24.0,5.0,1st quarter,9:48.0,John Stockton,UTA,False,2-pointer,0,2-4,'TOR',trails
647,647,647,200211170TOR,31.7,18.3,1st quarter,9:39.0,Karl Malone,UTA,False,2-pointer,15,2-4,'TOR',trails
648,648,648,200211170TOR,30.1,24.2,1st quarter,9:05.0,Calbert Cheaney,UTA,True,2-pointer,20,4-4,'TOR',tied
649,649,649,200211170TOR,24.0,5.0,1st quarter,8:31.0,Jarron Collins,UTA,False,2-pointer,0,4-4,'TOR',tied
650,650,650,200211170TOR,23.7,25.1,1st quarter,8:06.0,John Stockton,UTA,False,2-pointer,20,4-6,'TOR',trails
651,651,651,200211170TOR,3.3,4.9,1st quarter,7:01.0,Calbert Cheaney,UTA,False,2-pointer,21,4-8,'TOR',trails
652,652,652,200211170TOR,38.6,5.2,1st quarter,6:27.0,Karl Malone,UTA,False,2-pointer,15,4-10,'TOR',trails
653,653,653,200211170TOR,34.8,5.8,1st quarter,5:11.0,Jarron Collins,UTA,False,2-pointer,11,4-10,'TOR',trails
654,654,654,200211170TOR,24.0,5.0,1st quarter,5:07.0,Matt Harpring,UTA,False,2-pointer,0,4-10,'TOR',trails
655,655,655,200211170TOR,13.7,15.2,1st quarter,4:48.0,Jarron Collins,UTA,False,2-pointer,15,4-10,'TOR',trails
656,656,656,200211170TOR,12.0,16.5,1st quarter,4:06.0,Karl Malone,UTA,True,2-pointer,17,6-10,'TOR',trails
657,657,657,200211170TOR,19.9,23.9,1st quarter,3:16.0,Karl Malone,UTA,False,2-pointer,19,6-11,'TOR',trails
658,658,658,200211170TOR,24.0,5.0,1st quarter,3:13.0,Calbert Cheaney,UTA,False,2-pointer,0,6-11,'TOR',trails
659,659,659,200211170TOR,34.0,7.2,1st quarter,2:47.0,Mark Jackson,UTA,True,2-pointer,10,8-11,'TOR',trails
660,660,660,200211170TOR,15.5,8.5,1st quarter,2:15.0,Matt Harpring,UTA,False,2-pointer,9,8-11,'TOR',trails
661,661,661,200211170TOR,37.0,6.3,1st quarter,1:42.0,Karl Malone,UTA,False,2-pointer,13,8-14,'TOR',trails
662,662,662,200211170TOR,27.9,9.3,1st quarter,1:12.0,Carlos Arroyo,UTA,True,2-pointer,6,10-14,'TOR',trails
663,663,663,200211170TOR,24.0,5.0,1st quarter,0:49.8,Calbert Cheaney,UTA,False,2-pointer,0,10-14,'TOR',trails
664,664,664,200211170TOR,23.8,21.3,1st quarter,0:43.8,Karl Malone,UTA,False,2-pointer,16,10-14,'TOR',trails
665,665,665,200211170TOR,13.3,9.5,1st quarter,0:10.7,Greg Ostertag,UTA,False,2-pointer,12,10-14,'TOR',trails
666,666,666,200211170TOR,17.3,15.0,2nd quarter,11:42.0,Calbert Cheaney,UTA,False,2-pointer,12,10-16,'TOR',trails
667,667,667,200211170TOR,24.0,5.0,2nd quarter,11:40.0,Scott Padgett,UTA,False,2-pointer,0,10-16,'TOR',trails
668,668,668,200211170TOR,23.4,7.6,2nd quarter,11:37.0,Greg Ostertag,UTA,False,2-pointer,3,10-16,'TOR',trails
669,669,669,200211170TOR,29.9,25.2,2nd quarter,11:14.0,Carlos Arroyo,UTA,False,2-pointer,21,10-16,'TOR',trails
670,670,670,200211170TOR,24.0,5.0,2nd quarter,10:26.0,Greg Ostertag,UTA,True,2-pointer,0,12-16,'TOR',trails
671,671,671,200211170TOR,24.0,5.0,2nd quarter,10:09.0,Carlos Arroyo,UTA,True,2-pointer,0,14-16,'TOR',trails
672,672,672,200211170TOR,9.9,13.6,2nd quarter,9:44.0,Mark Jackson,UTA,False,2-pointer,17,14-16,'TOR',trails
673,673,673,200211170TOR,38.1,6.5,2nd quarter,8:53.0,Carlos Arroyo,UTA,True,2-pointer,14,16-16,'TOR',tied
674,674,674,200211170TOR,33.0,12.2,2nd quarter,8:15.0,Greg Ostertag,UTA,True,2-pointer,12,18-16,'TOR',leads
675,675,675,200211170TOR,38.3,6.2,2nd quarter,7:40.0,Matt Harpring,UTA,True,2-pointer,14,20-16,'TOR',leads
676,676,676,200211170TOR,-0.1,10.0,2nd quarter,6:58.0,Scott Padgett,UTA,False,3-pointer,25,20-18,'TOR',leads
677,677,677,200211170TOR,24.0,30.3,2nd quarter,6:25.0,Scott Padgett,UTA,False,3-pointer,25,20-20,'TOR',tied
678,678,678,200211170TOR,4.5,9.9,2nd quarter,6:17.0,Carlos Arroyo,UTA,False,2-pointer,20,20-20,'TOR',tied
679,679,679,200211170TOR,24.0,5.0,2nd quarter,6:01.0,Matt Harpring,UTA,True,2-pointer,0,22-20,'TOR',leads
680,680,680,200211170TOR,22.2,9.9,2nd quarter,5:30.0,Matt Harpring,UTA,True,2-pointer,5,24-21,'TOR',leads
681,681,681,200211170TOR,24.0,5.0,2nd quarter,5:00.0,Matt Harpring,UTA,True,2-pointer,0,26-21,'TOR',leads
682,682,682,200211170TOR,36.8,5.7,2nd quarter,4:35.0,Carlos Arroyo,UTA,True,2-pointer,13,28-21,'TOR',leads
683,683,683,200211170TOR,34.3,6.5,2nd quarter,3:25.0,Matt Harpring,UTA,False,2-pointer,10,28-21,'TOR',leads
684,684,684,200211170TOR,24.0,5.0,2nd quarter,3:01.0,Matt Harpring,UTA,True,2-pointer,0,30-21,'TOR',leads
685,685,685,200211170TOR,24.0,5.0,2nd quarter,2:21.0,Matt Harpring,UTA,True,2-pointer,0,32-24,'TOR',leads
686,686,686,200211170TOR,24.0,5.0,2nd quarter,1:52.0,John Stockton,UTA,True,2-pointer,0,34-24,'TOR',leads
687,687,687,200211170TOR,32.5,18.5,2nd quarter,0:29.5,Karl Malone,UTA,False,2-pointer,16,36-28,'TOR',leads
688,688,688,200211170TOR,24.0,5.0,2nd quarter,0:05.5,Karl Malone,UTA,False,2-pointer,0,36-28,'TOR',leads
689,689,689,200211170TOR,24.0,5.0,2nd quarter,0:02.5,Calbert Cheaney,UTA,False,2-pointer,0,36-28,'TOR',leads
690,690,690,200211170TOR,14.8,8.5,3rd quarter,11:43.0,Karl Malone,UTA,False,2-pointer,10,36-28,'TOR',leads
691,691,691,200211170TOR,24.0,5.0,3rd quarter,11:38.0,Greg Ostertag,UTA,True,2-pointer,0,38-28,'TOR',leads
692,692,692,200211170TOR,24.0,5.0,3rd quarter,11:09.0,Matt Harpring,UTA,True,2-pointer,0,40-30,'TOR',leads
693,693,693,200211170TOR,12.8,25.1,3rd quarter,10:35.0,Calbert Cheaney,UTA,True,2-pointer,23,43-30,'TOR',leads
694,694,694,200211170TOR,24.0,5.0,3rd quarter,10:01.0,Karl Malone,UTA,True,2-pointer,0,45-30,'TOR',leads
695,695,695,200211170TOR,24.0,5.0,3rd quarter,9:03.0,Matt Harpring,UTA,True,2-pointer,0,47-32,'TOR',leads
696,696,696,200211170TOR,24.0,5.0,3rd quarter,8:15.0,Matt Harpring,UTA,True,2-pointer,0,49-34,'TOR',leads
697,697,697,200211170TOR,36.3,6.5,3rd quarter,7:47.0,Matt Harpring,UTA,False,2-pointer,12,49-36,'TOR',leads
698,698,698,200211170TOR,42.1,8.5,3rd quarter,7:20.0,John Stockton,UTA,True,2-pointer,18,51-38,'TOR',leads
699,699,699,200211170TOR,24.0,5.0,3rd quarter,6:51.0,John Stockton,UTA,True,2-pointer,0,53-38,'TOR',leads
700,700,700,200211170TOR,24.0,5.0,3rd quarter,5:57.0,John Stockton,UTA,False,2-pointer,0,53-40,'TOR',leads
701,701,701,200211170TOR,16.3,24.1,3rd quarter,4:51.0,Calbert Cheaney,UTA,True,2-pointer,21,55-42,'TOR',leads
702,702,702,200211170TOR,33.8,12.1,3rd quarter,4:08.0,Mark Jackson,UTA,False,2-pointer,12,55-44,'TOR',leads
703,703,703,200211170TOR,34.0,8.6,3rd quarter,3:42.0,Karl Malone,UTA,False,2-pointer,11,55-46,'TOR',leads
704,704,704,200211170TOR,13.8,8.0,3rd quarter,2:56.0,Karl Malone,UTA,False,2-pointer,11,56-49,'TOR',leads
705,705,705,200211170TOR,31.2,18.8,3rd quarter,1:34.0,Karl Malone,UTA,False,2-pointer,16,56-51,'TOR',leads
706,706,706,200211170TOR,37.1,6.3,3rd quarter,1:09.0,Scott Padgett,UTA,False,2-pointer,13,56-53,'TOR',leads
707,707,707,200211170TOR,17.4,17.3,3rd quarter,0:24.2,Scott Padgett,UTA,False,2-pointer,14,56-55,'TOR',leads
708,708,708,200211170TOR,24.0,5.0,3rd quarter,0:21.5,Greg Ostertag,UTA,False,2-pointer,0,56-55,'TOR',leads
709,709,709,200211170TOR,24.0,5.0,3rd quarter,0:21.0,Greg Ostertag,UTA,True,2-pointer,0,58-55,'TOR',leads
710,710,710,200211170TOR,24.0,5.0,4th quarter,11:35.0,Karl Malone,UTA,False,2-pointer,0,58-55,'TOR',leads
711,711,711,200211170TOR,20.2,18.7,4th quarter,9:41.0,Matt Harpring,UTA,True,2-pointer,14,61-63,'TOR',trails
712,712,712,200211170TOR,23.8,22.6,4th quarter,9:07.0,Calbert Cheaney,UTA,False,2-pointer,18,61-63,'TOR',trails
713,713,713,200211170TOR,17.1,19.0,4th quarter,9:02.0,John Stockton,UTA,True,2-pointer,16,63-63,'TOR',tied
714,714,714,200211170TOR,25.0,11.8,4th quarter,8:20.0,Karl Malone,UTA,False,2-pointer,7,63-63,'TOR',tied
715,715,715,200211170TOR,24.0,5.0,4th quarter,7:50.0,Karl Malone,UTA,True,2-pointer,0,65-63,'TOR',leads
716,716,716,200211170TOR,18.8,21.6,4th quarter,7:25.0,John Stockton,UTA,True,2-pointer,17,68-65,'TOR',leads
717,717,717,200211170TOR,37.3,7.6,4th quarter,7:03.0,Karl Malone,UTA,True,2-pointer,14,70-67,'TOR',leads
718,718,718,200211170TOR,24.0,5.0,4th quarter,6:19.0,Greg Ostertag,UTA,True,2-pointer,0,72-69,'TOR',leads
719,719,719,200211170TOR,16.9,18.0,4th quarter,4:28.0,Matt Harpring,UTA,False,2-pointer,15,72-69,'TOR',leads
720,720,720,200211170TOR,24.0,5.0,4th quarter,3:44.0,John Stockton,UTA,True,2-pointer,0,74-69,'TOR',leads
721,721,721,200211170TOR,15.6,20.8,4th quarter,3:14.0,Karl Malone,UTA,True,2-pointer,18,76-71,'TOR',leads
722,722,722,200211170TOR,21.2,22.3,4th quarter,1:38.0,John Stockton,UTA,False,2-pointer,18,78-76,'TOR',leads
723,723,723,200211170TOR,25.1,10.4,4th quarter,1:36.0,Karl Malone,UTA,True,2-pointer,6,80-76,'TOR',leads
724,724,724,200211170TOR,37.3,20.0,1st quarter,11:15.0,Voshon Lenard,TOR,False,2-pointer,20,0-0,'TOR',tied
725,725,725,200211170TOR,16.5,18.8,1st quarter,11:00.0,Morris Peterson,TOR,True,2-pointer,16,2-0,'TOR',leads
726,726,726,200211170TOR,35.0,8.5,1st quarter,9:54.0,Antonio Davis,TOR,False,2-pointer,12,4-2,'TOR',leads
727,727,727,200211170TOR,24.0,5.0,1st quarter,9:23.0,Morris Peterson,TOR,False,2-pointer,0,4-2,'TOR',leads
728,728,728,200211170TOR,32.9,8.5,1st quarter,8:42.0,Voshon Lenard,TOR,False,2-pointer,10,4-4,'TOR',tied
729,729,729,200211170TOR,24.0,5.0,1st quarter,8:38.0,Jelani McCoy,TOR,False,2-pointer,0,4-4,'TOR',tied
730,730,730,200211170TOR,24.0,5.0,1st quarter,8:25.0,Morris Peterson,TOR,True,2-pointer,0,6-4,'TOR',leads
731,731,731,200211170TOR,43.4,6.2,1st quarter,7:18.0,Alvin Williams,TOR,True,2-pointer,19,8-4,'TOR',leads
732,732,732,200211170TOR,41.7,6.8,1st quarter,6:47.0,Alvin Williams,TOR,True,2-pointer,18,10-4,'TOR',leads
733,733,733,200211170TOR,16.9,28.8,1st quarter,6:13.0,Morris Peterson,TOR,False,3-pointer,25,10-4,'TOR',leads
734,734,734,200211170TOR,24.0,5.0,1st quarter,5:40.0,Antonio Davis,TOR,False,2-pointer,0,10-4,'TOR',leads
735,735,735,200211170TOR,14.8,10.8,1st quarter,4:57.0,Jelani McCoy,TOR,False,2-pointer,11,10-4,'TOR',leads
736,736,736,200211170TOR,34.0,18.8,1st quarter,4:28.0,Voshon Lenard,TOR,False,2-pointer,17,10-4,'TOR',leads
737,737,737,200211170TOR,44.0,5.7,1st quarter,3:33.0,Alvin Williams,TOR,False,2-pointer,20,11-6,'TOR',leads
738,738,738,200211170TOR,24.0,29.8,1st quarter,2:32.0,Alvin Williams,TOR,False,3-pointer,25,11-8,'TOR',leads
739,739,739,200211170TOR,7.9,23.4,1st quarter,2:03.0,Voshon Lenard,TOR,True,3-pointer,24,14-8,'TOR',leads
740,740,740,200211170TOR,47.0,15.2,1st quarter,1:22.0,Voshon Lenard,TOR,False,3-pointer,25,14-8,'TOR',leads
741,741,741,200211170TOR,8.4,7.8,1st quarter,0:56.8,Lindsey Hunter,TOR,False,2-pointer,16,14-10,'TOR',leads
742,742,742,200211170TOR,16.3,22.8,1st quarter,0:00.2,Voshon Lenard,TOR,True,2-pointer,19,16-10,'TOR',leads
743,743,743,200211170TOR,24.0,5.0,2nd quarter,11:31.0,Jerome Williams,TOR,False,2-pointer,0,16-10,'TOR',leads
744,744,744,200211170TOR,1.0,5.3,2nd quarter,10:47.0,Chris Jefferies,TOR,False,3-pointer,23,16-10,'TOR',leads
745,745,745,200211170TOR,31.2,21.3,2nd quarter,10:13.0,Lindsey Hunter,TOR,False,2-pointer,18,16-12,'TOR',leads
746,746,746,200211170TOR,13.0,18.2,2nd quarter,9:24.0,Lindsey Hunter,TOR,False,2-pointer,17,16-14,'TOR',leads
747,747,747,200211170TOR,37.0,12.1,2nd quarter,7:51.0,Morris Peterson,TOR,False,2-pointer,15,16-18,'TOR',trails
748,748,748,200211170TOR,28.4,23.4,2nd quarter,7:17.0,Greg Foster,TOR,True,2-pointer,19,18-20,'TOR',trails
749,749,749,200211170TOR,31.7,9.8,2nd quarter,6:49.0,Jerome Williams,TOR,True,2-pointer,9,20-20,'TOR',tied
750,750,750,200211170TOR,24.0,5.0,2nd quarter,6:08.0,Chris Jefferies,TOR,False,2-pointer,0,20-20,'TOR',tied
751,751,751,200211170TOR,47.2,6.3,2nd quarter,5:07.0,Chris Jefferies,TOR,False,3-pointer,23,21-24,'TOR',trails
752,752,752,200211170TOR,8.2,6.8,2nd quarter,4:42.0,Antonio Davis,TOR,False,2-pointer,16,21-26,'TOR',trails
753,753,753,200211170TOR,32.7,13.9,2nd quarter,4:14.0,Jerome Williams,TOR,False,2-pointer,12,21-28,'TOR',trails
754,754,754,200211170TOR,14.0,9.8,2nd quarter,3:54.0,Voshon Lenard,TOR,False,2-pointer,11,21-28,'TOR',trails
755,755,755,200211170TOR,24.0,5.0,2nd quarter,3:10.0,Morris Peterson,TOR,False,2-pointer,0,21-28,'TOR',trails
756,756,756,200211170TOR,23.2,29.8,2nd quarter,2:38.0,Morris Peterson,TOR,True,3-pointer,25,24-30,'TOR',trails
757,757,757,200211170TOR,38.8,7.8,2nd quarter,1:37.0,Antonio Davis,TOR,True,2-pointer,15,26-34,'TOR',trails
758,758,758,200211170TOR,16.5,10.1,2nd quarter,0:58.8,Michael Bradley,TOR,True,2-pointer,9,28-36,'TOR',trails
759,759,759,200211170TOR,8.9,10.3,3rd quarter,11:24.0,Antonio Davis,TOR,True,2-pointer,16,30-38,'TOR',trails
760,760,760,200211170TOR,39.4,6.3,3rd quarter,10:51.0,Antonio Davis,TOR,False,2-pointer,15,30-41,'TOR',trails
761,761,761,200211170TOR,35.5,17.3,3rd quarter,9:49.0,Jerome Williams,TOR,False,2-pointer,17,30-45,'TOR',trails
762,762,762,200211170TOR,40.6,15.2,3rd quarter,9:27.0,Alvin Williams,TOR,True,2-pointer,19,32-45,'TOR',trails
763,763,763,200211170TOR,32.5,18.5,3rd quarter,7:39.0,Alvin Williams,TOR,True,2-pointer,16,38-49,'TOR',trails
764,764,764,200211170TOR,30.6,24.9,3rd quarter,6:34.0,Alvin Williams,TOR,False,2-pointer,21,38-53,'TOR',trails
765,765,765,200211170TOR,24.0,5.0,3rd quarter,6:16.0,Alvin Williams,TOR,True,2-pointer,0,40-53,'TOR',trails
766,766,766,200211170TOR,39.3,8.6,3rd quarter,5:34.0,Alvin Williams,TOR,False,2-pointer,16,40-53,'TOR',trails
767,767,767,200211170TOR,24.0,5.0,3rd quarter,5:15.0,Jerome Williams,TOR,True,2-pointer,0,42-53,'TOR',trails
768,768,768,200211170TOR,17.8,13.6,3rd quarter,4:33.0,Antonio Davis,TOR,False,2-pointer,11,42-55,'TOR',trails
769,769,769,200211170TOR,24.0,5.0,3rd quarter,4:29.0,Jelani McCoy,TOR,True,2-pointer,0,44-55,'TOR',trails
770,770,770,200211170TOR,24.0,5.0,3rd quarter,4:01.0,Alvin Williams,TOR,True,2-pointer,0,46-55,'TOR',trails
771,771,771,200211170TOR,17.8,8.6,3rd quarter,3:24.0,Jerome Williams,TOR,True,2-pointer,7,48-56,'TOR',trails
772,772,772,200211170TOR,18.3,26.2,3rd quarter,2:32.0,Alvin Williams,TOR,False,2-pointer,22,49-56,'TOR',trails
773,773,773,200211170TOR,34.2,7.3,3rd quarter,1:56.0,Antonio Davis,TOR,True,2-pointer,10,51-56,'TOR',trails
774,774,774,200211170TOR,24.0,5.0,3rd quarter,1:02.0,Alvin Williams,TOR,True,2-pointer,0,55-56,'TOR',trails
775,775,775,200211170TOR,23.4,21.0,3rd quarter,0:36.2,Antonio Davis,TOR,False,2-pointer,16,55-56,'TOR',trails
776,776,776,200211170TOR,40.3,6.3,3rd quarter,0:02.0,Jerome Williams,TOR,False,2-pointer,16,55-58,'TOR',trails
777,777,777,200211170TOR,24.0,5.0,4th quarter,11:43.0,Jerome Williams,TOR,False,2-pointer,0,55-58,'TOR',trails
778,778,778,200211170TOR,11.2,12.1,4th quarter,11:28.0,Antonio Davis,TOR,False,2-pointer,15,55-58,'TOR',trails
779,779,779,200211170TOR,24.0,5.0,4th quarter,11:26.0,Jerome Williams,TOR,True,2-pointer,0,57-58,'TOR',trails
780,780,780,200211170TOR,43.5,21.0,4th quarter,10:57.0,Voshon Lenard,TOR,False,3-pointer,25,57-59,'TOR',trails
781,781,781,200211170TOR,15.1,7.8,4th quarter,10:22.0,Michael Bradley,TOR,True,2-pointer,9,59-59,'TOR',tied
782,782,782,200211170TOR,10.0,10.1,4th quarter,9:57.0,Greg Foster,TOR,True,2-pointer,15,63-59,'TOR',leads
783,783,783,200211170TOR,8.6,10.8,4th quarter,9:22.0,Greg Foster,TOR,False,2-pointer,16,63-61,'TOR',leads
784,784,784,200211170TOR,24.0,5.0,4th quarter,8:34.0,Greg Foster,TOR,False,2-pointer,0,63-63,'TOR',tied
785,785,785,200211170TOR,1.3,4.9,4th quarter,8:06.0,Voshon Lenard,TOR,False,3-pointer,23,63-63,'TOR',tied
786,786,786,200211170TOR,24.0,5.0,4th quarter,7:39.0,Alvin Williams,TOR,False,2-pointer,0,63-66,'TOR',trails
787,787,787,200211170TOR,37.8,17.3,4th quarter,7:12.0,Morris Peterson,TOR,True,2-pointer,18,67-68,'TOR',trails
788,788,788,200211170TOR,35.8,26.5,4th quarter,6:47.0,Alvin Williams,TOR,False,3-pointer,25,67-70,'TOR',trails
789,789,789,200211170TOR,7.9,6.3,4th quarter,5:53.0,Antonio Davis,TOR,False,2-pointer,16,69-72,'TOR',trails
790,790,790,200211170TOR,35.8,6.8,4th quarter,5:20.0,Alvin Williams,TOR,False,2-pointer,12,69-72,'TOR',trails
791,791,791,200211170TOR,2.0,18.2,4th quarter,5:05.0,Voshon Lenard,TOR,False,3-pointer,26,69-72,'TOR',trails
792,792,792,200211170TOR,15.5,19.5,4th quarter,4:08.0,Antonio Davis,TOR,False,2-pointer,17,69-72,'TOR',trails
793,793,793,200211170TOR,3.1,5.8,4th quarter,4:04.0,Morris Peterson,TOR,False,2-pointer,21,69-72,'TOR',trails
794,794,794,200211170TOR,14.8,7.8,4th quarter,2:55.0,Antonio Davis,TOR,True,2-pointer,10,73-76,'TOR',trails
795,795,795,200211170TOR,15.5,10.1,4th quarter,2:18.0,Alvin Williams,TOR,True,2-pointer,10,75-77,'TOR',trails
796,796,796,200211170TOR,4.3,20.8,4th quarter,1:27.0,Alvin Williams,TOR,False,3-pointer,25,76-80,'TOR',trails
797,797,797,200211170TOR,3.6,20.6,4th quarter,1:09.0,Morris Peterson,TOR,False,3-pointer,26,76-81,'TOR',trails
798,798,798,200211170TOR,24.0,5.0,4th quarter,1:06.0,Morris Peterson,TOR,True,2-pointer,0,78-81,'TOR',trails
799,799,799,200211170TOR,37.0,6.3,4th quarter,0:14.9,Antonio Davis,TOR,False,2-pointer,13,78-82,'TOR',trails
800,800,800,200211170TOR,40.1,24.4,4th quarter,0:04.5,Voshon Lenard,TOR,False,3-pointer,25,78-82,'TOR',trails
801,801,801,200211170TOR,41.7,22.6,4th quarter,0:00.2,Morris Peterson,TOR,False,3-pointer,25,78-82,'TOR',trails
