,Unnamed: 0.1,Unnamed: 0,match_id,shotX,shotY,quarter,time_remaining,player,team,made,shot_type,distance,score,opp,status
0,0,0,200211110BOS,7.6,11.4,1st quarter,11:29.0,Andrei Kirilenko,UTA,False,2-pointer,18,0-2,'UTA',trails
1,1,1,200211110BOS,31.5,20.0,1st quarter,11:02.0,Karl Malone,UTA,False,2-pointer,17,0-4,'UTA',trails
2,2,2,200211110BOS,38.3,5.7,1st quarter,10:28.0,Jarron Collins,UTA,False,2-pointer,14,0-4,'UTA',trails
3,3,3,200211110BOS,34.5,20.8,1st quarter,9:23.0,Andrei Kirilenko,UTA,False,2-pointer,19,0-6,'UTA',trails
4,4,4,200211110BOS,31.2,23.3,1st quarter,8:53.0,Karl Malone,UTA,True,2-pointer,20,3-8,'UTA',trails
5,5,5,200211110BOS,38.3,5.5,1st quarter,6:25.0,Karl Malone,UTA,True,2-pointer,14,6-14,'UTA',trails
6,6,6,200211110BOS,25.5,6.3,1st quarter,5:33.0,Jarron Collins,UTA,False,2-pointer,2,7-14,'UTA',trails
7,7,7,200211110BOS,39.1,8.0,1st quarter,5:13.0,Karl Malone,UTA,False,2-pointer,15,7-16,'UTA',trails
8,8,8,200211110BOS,8.9,13.4,1st quarter,5:09.0,DeShawn Stevenson,UTA,True,2-pointer,17,9-16,'UTA',trails
9,9,9,200211110BOS,22.5,24.6,1st quarter,3:55.0,Matt Harpring,UTA,False,2-pointer,20,9-18,'UTA',trails
10,10,10,200211110BOS,26.3,7.3,1st quarter,3:14.0,Matt Harpring,UTA,False,2-pointer,3,9-21,'UTA',trails
11,11,11,200211110BOS,23.8,9.9,1st quarter,2:39.0,Karl Malone,UTA,False,2-pointer,5,9-21,'UTA',trails
12,12,12,200211110BOS,26.9,5.0,1st quarter,0:22.5,Matt Harpring,UTA,True,2-pointer,3,14-29,'UTA',trails
13,13,13,200211110BOS,35.2,11.9,2nd quarter,11:09.0,Scott Padgett,UTA,True,2-pointer,13,16-29,'UTA',trails
14,14,14,200211110BOS,24.0,29.7,2nd quarter,10:30.0,Scott Padgett,UTA,False,3-pointer,25,16-29,'UTA',trails
15,15,15,200211110BOS,25.1,7.5,2nd quarter,9:57.0,Scott Padgett,UTA,True,2-pointer,3,18-31,'UTA',trails
16,16,16,200211110BOS,11.5,13.4,2nd quarter,9:25.0,Scott Padgett,UTA,True,2-pointer,15,20-31,'UTA',trails
17,17,17,200211110BOS,22.5,6.8,2nd quarter,8:41.0,Matt Harpring,UTA,False,2-pointer,2,20-31,'UTA',trails
18,18,18,200211110BOS,22.9,6.0,2nd quarter,7:45.0,Matt Harpring,UTA,True,2-pointer,1,22-31,'UTA',trails
19,19,19,200211110BOS,11.4,5.2,2nd quarter,7:13.0,Matt Harpring,UTA,True,2-pointer,13,24-31,'UTA',trails
20,20,20,200211110BOS,11.8,14.5,2nd quarter,6:42.0,Matt Harpring,UTA,False,2-pointer,15,24-31,'UTA',trails
21,21,21,200211110BOS,23.7,29.8,2nd quarter,6:28.0,Scott Padgett,UTA,False,3-pointer,25,24-31,'UTA',trails
22,22,22,200211110BOS,6.1,7.2,2nd quarter,5:58.0,Calbert Cheaney,UTA,True,2-pointer,18,26-31,'UTA',trails
23,23,23,200211110BOS,46.8,6.2,2nd quarter,5:25.0,Matt Harpring,UTA,True,3-pointer,23,29-31,'UTA',trails
24,24,24,200211110BOS,1.0,5.3,2nd quarter,4:36.0,Calbert Cheaney,UTA,True,3-pointer,23,32-31,'UTA',leads
25,25,25,200211110BOS,27.9,8.6,2nd quarter,3:58.0,Greg Ostertag,UTA,False,2-pointer,5,32-33,'UTA',trails
26,26,26,200211110BOS,25.5,5.0,2nd quarter,3:46.0,Scott Padgett,UTA,True,2-pointer,2,34-33,'UTA',leads
27,27,27,200211110BOS,25.1,26.2,2nd quarter,2:56.0,Scott Padgett,UTA,False,2-pointer,21,34-35,'UTA',trails
28,28,28,200211110BOS,23.4,6.3,2nd quarter,2:25.0,Calbert Cheaney,UTA,True,2-pointer,1,37-35,'UTA',leads
29,29,29,200211110BOS,7.7,23.1,2nd quarter,1:35.0,Scott Padgett,UTA,True,3-pointer,24,40-37,'UTA',leads
30,30,30,200211110BOS,22.5,6.3,2nd quarter,0:46.8,Calbert Cheaney,UTA,True,2-pointer,2,42-39,'UTA',leads
31,31,31,200211110BOS,39.4,24.4,2nd quarter,0:03.3,Matt Harpring,UTA,True,3-pointer,25,45-41,'UTA',leads
32,32,32,200211110BOS,28.9,6.2,3rd quarter,11:41.0,Calbert Cheaney,UTA,False,2-pointer,5,45-41,'UTA',leads
33,33,33,200211110BOS,21.4,5.0,3rd quarter,11:37.0,Karl Malone,UTA,True,2-pointer,3,47-41,'UTA',leads
34,34,34,200211110BOS,25.1,23.7,3rd quarter,8:43.0,Karl Malone,UTA,True,2-pointer,19,54-47,'UTA',leads
35,35,35,200211110BOS,23.2,6.2,3rd quarter,8:04.0,John Stockton,UTA,False,2-pointer,1,54-49,'UTA',leads
36,36,36,200211110BOS,21.9,5.8,3rd quarter,7:16.0,John Stockton,UTA,True,2-pointer,2,58-52,'UTA',leads
37,37,37,200211110BOS,24.6,7.6,3rd quarter,5:03.0,Matt Harpring,UTA,False,2-pointer,3,58-63,'UTA',trails
38,38,38,200211110BOS,21.2,7.0,3rd quarter,4:47.0,Calbert Cheaney,UTA,False,2-pointer,3,58-63,'UTA',trails
39,39,39,200211110BOS,11.8,12.6,3rd quarter,4:43.0,Calbert Cheaney,UTA,True,2-pointer,14,60-63,'UTA',trails
40,40,40,200211110BOS,25.0,29.3,3rd quarter,3:54.0,Mark Jackson,UTA,False,3-pointer,24,60-65,'UTA',trails
41,41,41,200211110BOS,10.4,6.3,3rd quarter,3:28.0,Calbert Cheaney,UTA,False,2-pointer,14,61-65,'UTA',trails
42,42,42,200211110BOS,23.7,20.0,3rd quarter,2:11.0,Scott Padgett,UTA,True,2-pointer,15,63-71,'UTA',trails
43,43,43,200211110BOS,26.3,29.5,3rd quarter,0:35.4,Mark Jackson,UTA,True,3-pointer,25,71-82,'UTA',trails
44,44,44,200211110BOS,24.0,23.7,3rd quarter,0:02.8,Scott Padgett,UTA,False,2-pointer,19,71-82,'UTA',trails
45,45,45,200211110BOS,24.1,5.1,3rd quarter,0:02.8,Greg Ostertag,UTA,True,2-pointer,0,73-82,'UTA',trails
46,46,46,200211110BOS,22.9,6.7,4th quarter,11:25.0,Karl Malone,UTA,True,2-pointer,2,75-84,'UTA',trails
47,47,47,200211110BOS,38.8,23.6,4th quarter,10:50.0,Matt Harpring,UTA,False,3-pointer,24,75-87,'UTA',trails
48,48,48,200211110BOS,35.0,22.3,4th quarter,10:42.0,DeShawn Stevenson,UTA,True,2-pointer,21,77-87,'UTA',trails
49,49,49,200211110BOS,8.6,24.6,4th quarter,10:06.0,Scott Padgett,UTA,False,3-pointer,25,77-87,'UTA',trails
50,50,50,200211110BOS,39.1,17.7,4th quarter,9:53.0,DeShawn Stevenson,UTA,False,2-pointer,20,77-87,'UTA',trails
51,51,51,200211110BOS,25.0,6.0,4th quarter,9:32.0,Karl Malone,UTA,True,2-pointer,1,79-87,'UTA',trails
52,52,52,200211110BOS,6.6,6.2,4th quarter,8:53.0,Matt Harpring,UTA,False,2-pointer,17,80-89,'UTA',trails
53,53,53,200211110BOS,23.0,24.6,4th quarter,8:00.0,Andrei Kirilenko,UTA,True,2-pointer,20,82-95,'UTA',trails
54,54,54,200211110BOS,7.1,22.6,4th quarter,7:02.0,Andrei Kirilenko,UTA,False,3-pointer,24,82-97,'UTA',trails
55,55,55,200211110BOS,35.8,26.4,4th quarter,5:21.0,Matt Harpring,UTA,False,3-pointer,24,85-102,'UTA',trails
56,56,56,200211110BOS,39.1,24.4,4th quarter,4:58.0,John Stockton,UTA,True,3-pointer,25,88-102,'UTA',trails
57,57,57,200211110BOS,38.1,5.8,4th quarter,4:25.0,Karl Malone,UTA,False,2-pointer,14,88-102,'UTA',trails
58,58,58,200211110BOS,22.2,6.2,4th quarter,3:40.0,Calbert Cheaney,UTA,False,2-pointer,2,89-104,'UTA',trails
59,59,59,200211110BOS,6.8,9.8,4th quarter,2:57.0,Scott Padgett,UTA,False,2-pointer,18,89-108,'UTA',trails
60,60,60,200211110BOS,24.1,5.7,4th quarter,1:38.0,Scott Padgett,UTA,True,2-pointer,1,91-110,'UTA',trails
61,61,61,200211110BOS,42.1,6.2,4th quarter,1:01.0,Andrei Kirilenko,UTA,True,2-pointer,18,93-110,'UTA',trails
62,62,62,200211110BOS,42.9,6.7,4th quarter,0:26.1,DeShawn Stevenson,UTA,True,2-pointer,19,95-112,'UTA',trails
63,63,63,200211110BOS,11.0,6.3,1st quarter,11:46.0,Paul Pierce,BOS,True,2-pointer,13,2-0,'UTA',leads
64,64,64,200211110BOS,21.2,5.3,1st quarter,11:19.0,Tony Battie,BOS,True,2-pointer,3,4-0,'UTA',leads
65,65,65,200211110BOS,41.2,18.8,1st quarter,10:51.0,Paul Pierce,BOS,False,2-pointer,22,4-0,'UTA',leads
66,66,66,200211110BOS,12.3,27.9,1st quarter,10:19.0,Antoine Walker,BOS,False,3-pointer,26,4-0,'UTA',leads
67,67,67,200211110BOS,23.4,7.2,1st quarter,9:53.0,Eric Williams,BOS,False,2-pointer,2,4-0,'UTA',leads
68,68,68,200211110BOS,19.1,29.3,1st quarter,9:47.0,Tony Delk,BOS,False,3-pointer,25,4-0,'UTA',leads
69,69,69,200211110BOS,26.0,5.3,1st quarter,9:42.0,Eric Williams,BOS,True,2-pointer,2,6-0,'UTA',leads
70,70,70,200211110BOS,26.1,6.0,1st quarter,9:06.0,Antoine Walker,BOS,True,2-pointer,2,8-1,'UTA',leads
71,71,71,200211110BOS,1.0,7.6,1st quarter,8:35.0,Antoine Walker,BOS,False,3-pointer,23,8-3,'UTA',leads
72,72,72,200211110BOS,28.6,24.2,1st quarter,8:04.0,Eric Williams,BOS,True,2-pointer,20,10-3,'UTA',leads
73,73,73,200211110BOS,22.0,10.9,1st quarter,7:34.0,Antoine Walker,BOS,True,2-pointer,6,12-4,'UTA',leads
74,74,74,200211110BOS,47.5,6.8,1st quarter,6:36.0,Tony Delk,BOS,False,3-pointer,24,14-4,'UTA',leads
75,75,75,200211110BOS,10.9,6.3,1st quarter,6:06.0,Antoine Walker,BOS,False,2-pointer,13,14-6,'UTA',leads
76,76,76,200211110BOS,25.3,7.0,1st quarter,5:42.0,Vin Baker,BOS,False,2-pointer,2,14-7,'UTA',leads
77,77,77,200211110BOS,21.5,5.8,1st quarter,4:54.0,Eric Williams,BOS,False,2-pointer,3,16-9,'UTA',leads
78,78,78,200211110BOS,9.5,16.2,1st quarter,4:20.0,Paul Pierce,BOS,False,2-pointer,18,16-9,'UTA',leads
79,79,79,200211110BOS,25.8,30.2,1st quarter,3:46.0,Antoine Walker,BOS,True,3-pointer,25,21-9,'UTA',leads
80,80,80,200211110BOS,24.6,8.0,1st quarter,3:02.0,Antoine Walker,BOS,False,2-pointer,3,21-9,'UTA',leads
81,81,81,200211110BOS,25.6,5.3,1st quarter,1:33.0,Walter McCarty,BOS,True,2-pointer,2,25-11,'UTA',leads
82,82,82,200211110BOS,25.3,6.3,1st quarter,1:00.0,Vin Baker,BOS,True,2-pointer,2,27-11,'UTA',leads
83,83,83,200211110BOS,7.1,19.5,1st quarter,0:32.5,Shammond Williams,BOS,True,2-pointer,22,29-12,'UTA',leads
84,84,84,200211110BOS,8.4,24.1,1st quarter,0:03.5,Walter McCarty,BOS,False,3-pointer,25,29-14,'UTA',leads
85,85,85,200211110BOS,11.8,5.3,2nd quarter,11:18.0,Antoine Walker,BOS,False,2-pointer,12,29-14,'UTA',leads
86,86,86,200211110BOS,24.0,6.5,2nd quarter,10:47.0,Vin Baker,BOS,False,2-pointer,2,29-16,'UTA',leads
87,87,87,200211110BOS,24.1,24.6,2nd quarter,10:21.0,Tony Delk,BOS,True,2-pointer,20,31-16,'UTA',leads
88,88,88,200211110BOS,22.5,6.3,2nd quarter,9:34.0,Antoine Walker,BOS,False,2-pointer,2,31-18,'UTA',leads
89,89,89,200211110BOS,35.3,8.1,2nd quarter,8:18.0,Walter McCarty,BOS,False,2-pointer,12,31-20,'UTA',leads
90,90,90,200211110BOS,18.4,18.0,2nd quarter,7:22.0,Tony Delk,BOS,False,2-pointer,14,31-22,'UTA',leads
91,91,91,200211110BOS,9.9,25.6,2nd quarter,6:15.0,Tony Delk,BOS,False,3-pointer,25,31-24,'UTA',leads
92,92,92,200211110BOS,14.8,27.7,2nd quarter,5:38.0,Bruno Šundov,BOS,False,3-pointer,24,31-26,'UTA',leads
93,93,93,200211110BOS,23.0,7.5,2nd quarter,5:09.0,Paul Pierce,BOS,False,2-pointer,3,31-29,'UTA',leads
94,94,94,200211110BOS,29.4,28.8,2nd quarter,5:02.0,Antoine Walker,BOS,False,3-pointer,24,31-29,'UTA',leads
95,95,95,200211110BOS,21.4,11.3,2nd quarter,4:51.0,Antoine Walker,BOS,False,2-pointer,7,31-29,'UTA',leads
96,96,96,200211110BOS,7.7,9.6,2nd quarter,4:18.0,Paul Pierce,BOS,True,2-pointer,17,33-32,'UTA',leads
97,97,97,200211110BOS,21.5,8.3,2nd quarter,3:25.0,Tony Delk,BOS,False,2-pointer,4,33-34,'UTA',trails
98,98,98,200211110BOS,8.7,5.6,2nd quarter,3:20.0,Eric Williams,BOS,False,2-pointer,15,33-34,'UTA',trails
99,99,99,200211110BOS,35.0,5.7,2nd quarter,3:12.0,Tony Delk,BOS,False,2-pointer,11,33-34,'UTA',trails
100,100,100,200211110BOS,24.5,6.7,2nd quarter,3:09.0,Tony Battie,BOS,True,2-pointer,2,35-34,'UTA',leads
101,101,101,200211110BOS,16.1,28.5,2nd quarter,2:43.0,Paul Pierce,BOS,False,3-pointer,25,35-35,'UTA',tied
102,102,102,200211110BOS,42.6,6.3,2nd quarter,1:57.0,Tony Delk,BOS,True,2-pointer,19,37-37,'UTA',tied
103,103,103,200211110BOS,32.5,23.4,2nd quarter,1:12.0,Vin Baker,BOS,True,2-pointer,20,39-40,'UTA',trails
104,104,104,200211110BOS,26.4,7.3,2nd quarter,0:56.4,Antoine Walker,BOS,False,2-pointer,3,39-40,'UTA',trails
105,105,105,200211110BOS,37.1,5.2,2nd quarter,0:32.4,Antoine Walker,BOS,True,2-pointer,13,41-42,'UTA',trails
106,106,106,200211110BOS,8.7,24.4,2nd quarter,0:20.8,Antoine Walker,BOS,False,3-pointer,25,41-42,'UTA',trails
107,107,107,200211110BOS,41.7,26.0,2nd quarter,0:00.3,Shammond Williams,BOS,False,3-pointer,27,41-45,'UTA',trails
108,108,108,200211110BOS,47.3,6.7,3rd quarter,11:19.0,Paul Pierce,BOS,False,3-pointer,23,41-47,'UTA',trails
109,109,109,200211110BOS,21.2,7.6,3rd quarter,10:27.0,Paul Pierce,BOS,False,2-pointer,4,41-49,'UTA',trails
110,110,110,200211110BOS,22.7,7.2,3rd quarter,9:57.0,Antoine Walker,BOS,True,2-pointer,3,43-49,'UTA',trails
111,111,111,200211110BOS,23.7,6.5,3rd quarter,8:58.0,Antoine Walker,BOS,True,2-pointer,2,47-52,'UTA',trails
112,112,112,200211110BOS,10.5,8.1,3rd quarter,8:20.0,Antoine Walker,BOS,True,2-pointer,14,49-54,'UTA',trails
113,113,113,200211110BOS,9.1,11.4,3rd quarter,6:59.0,Paul Pierce,BOS,True,2-pointer,16,54-58,'UTA',trails
114,114,114,200211110BOS,23.2,29.5,3rd quarter,6:38.0,Paul Pierce,BOS,False,3-pointer,25,54-58,'UTA',trails
115,115,115,200211110BOS,4.9,21.0,3rd quarter,6:17.0,Tony Delk,BOS,True,3-pointer,25,57-58,'UTA',trails
116,116,116,200211110BOS,40.1,23.1,3rd quarter,6:04.0,Tony Delk,BOS,True,3-pointer,24,60-58,'UTA',leads
117,117,117,200211110BOS,23.0,8.1,3rd quarter,5:24.0,Paul Pierce,BOS,False,2-pointer,3,60-58,'UTA',leads
118,118,118,200211110BOS,22.4,4.9,3rd quarter,5:23.0,Vin Baker,BOS,True,2-pointer,2,62-58,'UTA',leads
119,119,119,200211110BOS,11.8,25.7,3rd quarter,4:53.0,Antoine Walker,BOS,False,3-pointer,24,63-58,'UTA',leads
120,120,120,200211110BOS,24.6,7.3,3rd quarter,4:22.0,Vin Baker,BOS,True,2-pointer,2,65-60,'UTA',leads
121,121,121,200211110BOS,17.6,16.2,3rd quarter,2:33.0,Paul Pierce,BOS,True,2-pointer,13,71-61,'UTA',leads
122,122,122,200211110BOS,27.8,22.8,3rd quarter,1:57.0,Paul Pierce,BOS,True,2-pointer,18,73-63,'UTA',leads
123,123,123,200211110BOS,38.0,24.4,3rd quarter,1:36.0,Paul Pierce,BOS,True,3-pointer,24,76-65,'UTA',leads
124,124,124,200211110BOS,36.6,26.0,3rd quarter,1:13.0,Tony Delk,BOS,True,3-pointer,24,79-65,'UTA',leads
125,125,125,200211110BOS,36.8,25.9,3rd quarter,0:45.3,Shammond Williams,BOS,True,3-pointer,25,82-67,'UTA',leads
126,126,126,200211110BOS,3.0,17.5,3rd quarter,0:18.7,Paul Pierce,BOS,False,3-pointer,24,82-71,'UTA',leads
127,127,127,200211110BOS,25.1,6.7,4th quarter,11:46.0,Paul Pierce,BOS,False,2-pointer,2,82-73,'UTA',leads
128,128,128,200211110BOS,24.3,5.3,4th quarter,11:42.0,Paul Pierce,BOS,True,2-pointer,0,84-73,'UTA',leads
129,129,129,200211110BOS,23.0,6.2,4th quarter,11:08.0,Paul Pierce,BOS,True,2-pointer,2,86-75,'UTA',leads
130,130,130,200211110BOS,47.2,6.7,4th quarter,10:18.0,Shammond Williams,BOS,False,3-pointer,23,87-77,'UTA',leads
131,131,131,200211110BOS,46.8,6.3,4th quarter,9:39.0,Walter McCarty,BOS,False,3-pointer,23,87-77,'UTA',leads
132,132,132,200211110BOS,7.1,8.5,4th quarter,9:15.0,Paul Pierce,BOS,True,2-pointer,17,89-80,'UTA',leads
133,133,133,200211110BOS,5.8,22.9,4th quarter,8:45.0,Antoine Walker,BOS,True,3-pointer,26,92-80,'UTA',leads
134,134,134,200211110BOS,37.0,25.6,4th quarter,8:16.0,Antoine Walker,BOS,True,3-pointer,24,95-80,'UTA',leads
135,135,135,200211110BOS,25.0,6.5,4th quarter,7:17.0,Paul Pierce,BOS,True,2-pointer,2,97-82,'UTA',leads
136,136,136,200211110BOS,5.8,9.8,4th quarter,6:47.0,Paul Pierce,BOS,False,2-pointer,19,97-82,'UTA',leads
137,137,137,200211110BOS,39.9,6.3,4th quarter,6:32.0,Shammond Williams,BOS,False,2-pointer,16,97-82,'UTA',leads
138,138,138,200211110BOS,40.7,23.4,4th quarter,6:14.0,Shammond Williams,BOS,True,3-pointer,25,100-84,'UTA',leads
139,139,139,200211110BOS,9.1,5.8,4th quarter,5:41.0,Tony Battie,BOS,True,2-pointer,15,102-85,'UTA',leads
140,140,140,200211110BOS,5.6,21.3,4th quarter,5:07.0,Tony Delk,BOS,False,3-pointer,25,102-85,'UTA',leads
141,141,141,200211110BOS,13.3,8.0,4th quarter,4:34.0,Antoine Walker,BOS,False,2-pointer,11,102-88,'UTA',leads
142,142,142,200211110BOS,23.0,5.0,4th quarter,3:50.0,Paul Pierce,BOS,True,2-pointer,1,104-89,'UTA',leads
143,143,143,200211110BOS,11.0,26.0,4th quarter,3:14.0,Shammond Williams,BOS,True,3-pointer,25,108-89,'UTA',leads
144,144,144,200211110BOS,21.9,5.2,4th quarter,2:49.0,Antoine Walker,BOS,True,2-pointer,2,110-89,'UTA',leads
145,145,145,200211110BOS,38.6,24.6,4th quarter,1:21.0,Bruno Šundov,BOS,False,3-pointer,24,110-91,'UTA',leads
146,146,146,200211110BOS,25.1,5.3,4th quarter,0:49.6,Rubén Wolkowyski,BOS,True,2-pointer,1,112-93,'UTA',leads
147,147,147,200211110BOS,9.4,11.4,4th quarter,0:07.2,Bruno Šundov,BOS,False,2-pointer,16,112-95,'UTA',leads
148,148,148,200211110DAL,24.6,10.4,1st quarter,11:20.0,Dale Davis,POR,False,2-pointer,5,0-0,'POR',tied
149,149,149,200211110DAL,24.0,5.0,1st quarter,11:17.0,Rasheed Wallace,POR,False,2-pointer,0,0-0,'POR',tied
150,150,150,200211110DAL,24.0,5.0,1st quarter,11:03.0,Ruben Patterson,POR,False,2-pointer,0,0-0,'POR',tied
151,151,151,200211110DAL,9.5,5.2,1st quarter,10:28.0,Rasheed Wallace,POR,False,2-pointer,15,0-2,'POR',trails
152,152,152,200211110DAL,17.6,7.6,1st quarter,10:02.0,Rasheed Wallace,POR,False,2-pointer,7,0-4,'POR',trails
153,153,153,200211110DAL,10.7,9.1,1st quarter,8:45.0,Ruben Patterson,POR,False,2-pointer,14,0-4,'POR',trails
154,154,154,200211110DAL,16.1,9.0,1st quarter,8:30.0,Damon Stoudamire,POR,False,2-pointer,9,0-4,'POR',trails
155,155,155,200211110DAL,27.4,19.0,1st quarter,8:25.0,Damon Stoudamire,POR,True,2-pointer,14,2-4,'POR',trails
156,156,156,200211110DAL,24.0,5.0,1st quarter,8:03.0,Ruben Patterson,POR,True,2-pointer,0,4-4,'POR',tied
157,157,157,200211110DAL,27.9,8.0,1st quarter,7:24.0,Rasheed Wallace,POR,False,2-pointer,5,4-6,'POR',trails
158,158,158,200211110DAL,24.0,5.0,1st quarter,7:19.0,Dale Davis,POR,True,2-pointer,0,6-6,'POR',tied
159,159,159,200211110DAL,10.9,7.0,1st quarter,6:47.0,Rasheed Wallace,POR,True,2-pointer,13,8-8,'POR',tied
160,160,160,200211110DAL,9.5,10.3,1st quarter,6:02.0,Scottie Pippen,POR,True,2-pointer,15,10-8,'POR',leads
161,161,161,200211110DAL,24.0,5.0,1st quarter,5:47.0,Ruben Patterson,POR,True,2-pointer,0,12-8,'POR',leads
162,162,162,200211110DAL,36.1,11.8,1st quarter,5:06.0,Rasheed Wallace,POR,False,2-pointer,14,12-8,'POR',leads
163,163,163,200211110DAL,24.0,5.0,1st quarter,5:01.0,Dale Davis,POR,True,2-pointer,0,14-8,'POR',leads
164,164,164,200211110DAL,46.3,16.2,1st quarter,4:11.0,Rasheed Wallace,POR,False,3-pointer,25,14-10,'POR',leads
165,165,165,200211110DAL,41.1,5.0,1st quarter,3:06.0,Dale Davis,POR,False,2-pointer,17,14-10,'POR',leads
166,166,166,200211110DAL,24.0,5.0,1st quarter,2:25.0,Arvydas Sabonis,POR,True,2-pointer,0,16-10,'POR',leads
167,167,167,200211110DAL,16.0,6.7,1st quarter,1:58.0,Rasheed Wallace,POR,False,2-pointer,8,16-10,'POR',leads
168,168,168,200211110DAL,10.2,7.3,1st quarter,1:38.0,Antonio Daniels,POR,False,2-pointer,14,16-12,'POR',leads
169,169,169,200211110DAL,24.0,5.0,1st quarter,0:42.3,Arvydas Sabonis,POR,False,2-pointer,0,16-16,'POR',tied
170,170,170,200211110DAL,25.6,15.2,1st quarter,0:07.4,Rasheed Wallace,POR,True,2-pointer,10,20-16,'POR',leads
171,171,171,200211110DAL,13.7,12.4,2nd quarter,11:37.0,Qyntel Woods,POR,False,2-pointer,13,20-16,'POR',leads
172,172,172,200211110DAL,27.3,22.6,2nd quarter,9:58.0,Zach Randolph,POR,True,2-pointer,18,23-16,'POR',leads
173,173,173,200211110DAL,24.0,5.0,2nd quarter,9:30.0,Antonio Daniels,POR,False,2-pointer,0,23-18,'POR',leads
174,174,174,200211110DAL,32.7,10.8,2nd quarter,9:22.0,Jeff McInnis,POR,True,2-pointer,10,25-18,'POR',leads
175,175,175,200211110DAL,29.9,5.3,2nd quarter,8:43.0,Zach Randolph,POR,True,2-pointer,6,27-18,'POR',leads
176,176,176,200211110DAL,11.7,5.5,2nd quarter,8:05.0,Jeff McInnis,POR,True,2-pointer,12,29-18,'POR',leads
177,177,177,200211110DAL,13.8,27.0,2nd quarter,7:31.0,Rasheed Wallace,POR,True,3-pointer,24,32-20,'POR',leads
178,178,178,200211110DAL,26.8,18.5,2nd quarter,6:05.0,Rasheed Wallace,POR,False,2-pointer,14,32-22,'POR',leads
179,179,179,200211110DAL,47.6,5.8,2nd quarter,5:49.0,Antonio Daniels,POR,True,3-pointer,24,35-22,'POR',leads
180,180,180,200211110DAL,33.0,23.1,2nd quarter,5:13.0,Jeff McInnis,POR,False,2-pointer,20,35-22,'POR',leads
181,181,181,200211110DAL,27.6,18.7,2nd quarter,4:34.0,Rasheed Wallace,POR,False,2-pointer,14,35-25,'POR',leads
182,182,182,200211110DAL,24.0,5.0,2nd quarter,4:31.0,Ruben Patterson,POR,False,2-pointer,0,35-25,'POR',leads
183,183,183,200211110DAL,45.2,17.7,2nd quarter,3:53.0,Antonio Daniels,POR,False,3-pointer,25,35-28,'POR',leads
184,184,184,200211110DAL,24.0,5.0,2nd quarter,3:39.0,Ruben Patterson,POR,False,2-pointer,0,35-28,'POR',leads
185,185,185,200211110DAL,24.0,5.0,2nd quarter,3:11.0,Antonio Daniels,POR,False,2-pointer,0,35-30,'POR',leads
186,186,186,200211110DAL,32.0,17.5,2nd quarter,2:47.0,Dale Davis,POR,False,2-pointer,15,35-30,'POR',leads
187,187,187,200211110DAL,33.4,24.2,2nd quarter,1:42.0,Scottie Pippen,POR,False,2-pointer,21,35-30,'POR',leads
188,188,188,200211110DAL,25.8,10.6,3rd quarter,11:45.0,Rasheed Wallace,POR,False,2-pointer,6,38-34,'POR',leads
189,189,189,200211110DAL,31.1,28.5,3rd quarter,10:18.0,Scottie Pippen,POR,False,3-pointer,25,38-38,'POR',tied
190,190,190,200211110DAL,14.3,27.2,3rd quarter,9:45.0,Damon Stoudamire,POR,False,3-pointer,24,38-40,'POR',trails
191,191,191,200211110DAL,47.6,3.4,3rd quarter,9:18.0,Rasheed Wallace,POR,False,3-pointer,24,38-40,'POR',trails
192,192,192,200211110DAL,47.3,5.0,3rd quarter,9:11.0,Damon Stoudamire,POR,False,3-pointer,23,38-40,'POR',trails
193,193,193,200211110DAL,8.1,9.9,3rd quarter,8:39.0,Ruben Patterson,POR,False,2-pointer,17,38-43,'POR',trails
194,194,194,200211110DAL,3.3,6.0,3rd quarter,8:02.0,Damon Stoudamire,POR,False,2-pointer,21,38-43,'POR',trails
195,195,195,200211110DAL,45.7,16.5,3rd quarter,7:28.0,Scottie Pippen,POR,True,3-pointer,25,42-43,'POR',trails
196,196,196,200211110DAL,47.5,7.2,3rd quarter,6:50.0,Scottie Pippen,POR,False,3-pointer,24,42-46,'POR',trails
197,197,197,200211110DAL,24.0,5.0,3rd quarter,6:47.0,Rasheed Wallace,POR,False,2-pointer,0,42-46,'POR',trails
198,198,198,200211110DAL,40.4,15.9,3rd quarter,5:30.0,Antonio Daniels,POR,False,2-pointer,20,42-48,'POR',trails
199,199,199,200211110DAL,1.8,10.3,3rd quarter,5:09.0,Scottie Pippen,POR,False,3-pointer,23,42-50,'POR',trails
200,200,200,200211110DAL,24.0,5.0,3rd quarter,4:50.0,Jeff McInnis,POR,True,2-pointer,0,44-50,'POR',trails
201,201,201,200211110DAL,39.6,13.2,3rd quarter,4:05.0,Rasheed Wallace,POR,False,2-pointer,18,44-53,'POR',trails
202,202,202,200211110DAL,24.6,30.3,3rd quarter,3:20.0,Rasheed Wallace,POR,False,3-pointer,25,44-53,'POR',trails
203,203,203,200211110DAL,31.7,25.6,3rd quarter,2:52.0,Jeff McInnis,POR,False,2-pointer,22,46-54,'POR',trails
204,204,204,200211110DAL,18.8,13.2,3rd quarter,2:05.0,Arvydas Sabonis,POR,True,2-pointer,10,48-57,'POR',trails
205,205,205,200211110DAL,44.5,5.0,3rd quarter,1:35.0,Qyntel Woods,POR,True,2-pointer,21,50-58,'POR',trails
206,206,206,200211110DAL,45.3,2.6,3rd quarter,1:00.0,Qyntel Woods,POR,False,2-pointer,21,50-60,'POR',trails
207,207,207,200211110DAL,24.0,5.0,3rd quarter,0:36.2,Zach Randolph,POR,False,2-pointer,0,50-60,'POR',trails
208,208,208,200211110DAL,13.0,5.2,3rd quarter,0:10.3,Zach Randolph,POR,False,2-pointer,11,50-60,'POR',trails
209,209,209,200211110DAL,37.5,15.9,4th quarter,10:48.0,Scottie Pippen,POR,False,2-pointer,17,51-66,'POR',trails
210,210,210,200211110DAL,24.0,5.0,4th quarter,10:00.0,Zach Randolph,POR,True,2-pointer,0,53-66,'POR',trails
211,211,211,200211110DAL,34.5,12.1,4th quarter,9:30.0,Damon Stoudamire,POR,True,2-pointer,13,55-66,'POR',trails
212,212,212,200211110DAL,20.1,14.4,4th quarter,8:53.0,Damon Stoudamire,POR,True,2-pointer,10,57-69,'POR',trails
213,213,213,200211110DAL,3.0,3.1,4th quarter,8:20.0,Rasheed Wallace,POR,False,2-pointer,21,57-71,'POR',trails
214,214,214,200211110DAL,24.0,5.0,4th quarter,8:13.0,Arvydas Sabonis,POR,True,2-pointer,0,59-71,'POR',trails
215,215,215,200211110DAL,24.0,5.0,4th quarter,6:53.0,Rasheed Wallace,POR,True,2-pointer,0,62-71,'POR',trails
216,216,216,200211110DAL,8.2,23.7,4th quarter,6:19.0,Damon Stoudamire,POR,True,3-pointer,24,65-73,'POR',trails
217,217,217,200211110DAL,1.8,5.8,4th quarter,4:48.0,Rasheed Wallace,POR,True,3-pointer,22,68-75,'POR',trails
218,218,218,200211110DAL,24.0,5.0,4th quarter,4:25.0,Zach Randolph,POR,False,2-pointer,0,68-75,'POR',trails
219,219,219,200211110DAL,43.5,21.1,4th quarter,3:46.0,Rasheed Wallace,POR,False,3-pointer,25,68-77,'POR',trails
220,220,220,200211110DAL,1.3,9.5,4th quarter,2:34.0,Damon Stoudamire,POR,False,3-pointer,23,68-79,'POR',trails
221,221,221,200211110DAL,20.9,18.7,4th quarter,2:22.0,Arvydas Sabonis,POR,False,2-pointer,14,68-79,'POR',trails
222,222,222,200211110DAL,24.0,5.0,4th quarter,1:49.0,Arvydas Sabonis,POR,False,2-pointer,0,68-82,'POR',trails
223,223,223,200211110DAL,32.2,11.8,4th quarter,1:39.0,Zach Randolph,POR,False,2-pointer,11,68-82,'POR',trails
224,224,224,200211110DAL,24.0,5.0,4th quarter,0:44.0,Antonio Daniels,POR,True,2-pointer,0,70-82,'POR',trails
225,225,225,200211110DAL,1.3,7.2,4th quarter,0:28.6,Damon Stoudamire,POR,True,3-pointer,23,73-82,'POR',trails
226,226,226,200211110DAL,32.9,9.8,4th quarter,0:00.4,Jeff McInnis,POR,False,2-pointer,10,73-82,'POR',trails
227,227,227,200211110DAL,31.9,10.9,1st quarter,10:55.0,Michael Finley,DAL,True,2-pointer,10,2-0,'POR',leads
228,228,228,200211110DAL,38.8,10.4,1st quarter,10:22.0,Dirk Nowitzki,DAL,True,2-pointer,16,4-0,'POR',leads
229,229,229,200211110DAL,1.8,10.4,1st quarter,9:30.0,Michael Finley,DAL,False,3-pointer,23,4-0,'POR',leads
230,230,230,200211110DAL,24.0,5.0,1st quarter,9:05.0,Michael Finley,DAL,False,2-pointer,0,4-0,'POR',leads
231,231,231,200211110DAL,33.0,27.5,1st quarter,9:01.0,Dirk Nowitzki,DAL,False,3-pointer,24,4-0,'POR',leads
232,232,232,200211110DAL,24.0,5.0,1st quarter,7:37.0,Michael Finley,DAL,True,2-pointer,0,6-4,'POR',leads
233,233,233,200211110DAL,24.6,14.2,1st quarter,7:07.0,Michael Finley,DAL,True,2-pointer,9,8-6,'POR',leads
234,234,234,200211110DAL,16.6,10.4,1st quarter,6:24.0,Adrian Griffin,DAL,False,2-pointer,9,8-8,'POR',tied
235,235,235,200211110DAL,47.5,3.7,1st quarter,5:29.0,Raja Bell,DAL,False,3-pointer,24,8-12,'POR',trails
236,236,236,200211110DAL,24.0,5.0,1st quarter,4:41.0,Shawn Bradley,DAL,True,2-pointer,0,10-14,'POR',trails
237,237,237,200211110DAL,21.1,28.8,1st quarter,3:50.0,Steve Nash,DAL,False,3-pointer,24,10-14,'POR',trails
238,238,238,200211110DAL,10.2,10.4,1st quarter,3:25.0,Dirk Nowitzki,DAL,False,2-pointer,15,10-14,'POR',trails
239,239,239,200211110DAL,7.9,4.4,1st quarter,3:20.0,Eduardo Nájera,DAL,False,2-pointer,16,10-14,'POR',trails
240,240,240,200211110DAL,3.7,14.0,1st quarter,2:14.0,Michael Finley,DAL,False,2-pointer,22,10-16,'POR',trails
241,241,241,200211110DAL,36.6,5.0,1st quarter,1:49.0,Dirk Nowitzki,DAL,False,2-pointer,13,10-16,'POR',trails
242,242,242,200211110DAL,24.0,5.0,1st quarter,1:46.0,Eduardo Nájera,DAL,True,2-pointer,0,12-16,'POR',trails
243,243,243,200211110DAL,24.0,5.0,1st quarter,1:27.0,Dirk Nowitzki,DAL,True,2-pointer,0,14-16,'POR',trails
244,244,244,200211110DAL,47.3,5.2,1st quarter,0:29.2,Walt Williams,DAL,False,3-pointer,23,16-18,'POR',trails
245,245,245,200211110DAL,7.1,7.0,1st quarter,0:00.3,Michael Finley,DAL,False,2-pointer,17,16-20,'POR',trails
246,246,246,200211110DAL,7.2,22.1,2nd quarter,11:03.0,Walt Williams,DAL,False,3-pointer,24,16-20,'POR',trails
247,247,247,200211110DAL,24.0,9.6,2nd quarter,10:29.0,Michael Finley,DAL,False,2-pointer,5,16-21,'POR',trails
248,248,248,200211110DAL,47.3,6.5,2nd quarter,10:22.0,Walt Williams,DAL,False,3-pointer,23,16-21,'POR',trails
249,249,249,200211110DAL,33.7,21.4,2nd quarter,9:49.0,Steve Nash,DAL,False,2-pointer,19,16-23,'POR',trails
250,250,250,200211110DAL,24.0,5.0,2nd quarter,9:45.0,Walt Williams,DAL,True,2-pointer,0,18-23,'POR',trails
251,251,251,200211110DAL,37.6,26.0,2nd quarter,9:04.0,Dirk Nowitzki,DAL,False,3-pointer,25,18-25,'POR',trails
252,252,252,200211110DAL,24.0,5.0,2nd quarter,9:02.0,Walt Williams,DAL,False,2-pointer,0,18-25,'POR',trails
253,253,253,200211110DAL,38.4,10.4,2nd quarter,7:50.0,Dirk Nowitzki,DAL,True,2-pointer,15,20-29,'POR',trails
254,254,254,200211110DAL,19.9,26.5,2nd quarter,7:10.0,Walt Williams,DAL,False,2-pointer,22,20-32,'POR',trails
255,255,255,200211110DAL,1.3,2.9,2nd quarter,7:01.0,Michael Finley,DAL,False,3-pointer,23,20-32,'POR',trails
256,256,256,200211110DAL,24.0,5.0,2nd quarter,6:26.0,Shawn Bradley,DAL,True,2-pointer,0,22-32,'POR',trails
257,257,257,200211110DAL,24.0,5.0,2nd quarter,5:57.0,Dirk Nowitzki,DAL,False,2-pointer,0,22-32,'POR',trails
258,258,258,200211110DAL,47.5,9.0,2nd quarter,4:55.0,Dirk Nowitzki,DAL,True,3-pointer,24,25-35,'POR',trails
259,259,259,200211110DAL,47.5,1.8,2nd quarter,4:17.0,Dirk Nowitzki,DAL,True,3-pointer,24,28-35,'POR',trails
260,260,260,200211110DAL,24.0,5.0,2nd quarter,3:31.0,Shawn Bradley,DAL,True,2-pointer,0,30-35,'POR',trails
261,261,261,200211110DAL,31.9,19.5,2nd quarter,3:01.0,Michael Finley,DAL,False,2-pointer,17,30-35,'POR',trails
262,262,262,200211110DAL,31.9,12.6,2nd quarter,2:38.0,Steve Nash,DAL,False,2-pointer,11,30-35,'POR',trails
263,263,263,200211110DAL,40.1,7.0,2nd quarter,2:07.0,Steve Nash,DAL,False,2-pointer,16,30-35,'POR',trails
264,264,264,200211110DAL,24.0,5.0,2nd quarter,1:36.0,Michael Finley,DAL,True,2-pointer,0,32-35,'POR',trails
265,265,265,200211110DAL,46.0,18.0,2nd quarter,1:11.0,Steve Nash,DAL,False,3-pointer,26,32-35,'POR',trails
266,266,266,200211110DAL,34.8,20.6,2nd quarter,0:35.3,Michael Finley,DAL,True,2-pointer,19,34-36,'POR',trails
267,267,267,200211110DAL,3.8,3.9,2nd quarter,0:00.4,Dirk Nowitzki,DAL,False,2-pointer,20,34-38,'POR',trails
268,268,268,200211110DAL,13.7,5.7,3rd quarter,11:26.0,Dirk Nowitzki,DAL,False,2-pointer,10,34-38,'POR',trails
269,269,269,200211110DAL,39.6,19.8,3rd quarter,11:05.0,Adrian Griffin,DAL,True,2-pointer,22,36-38,'POR',trails
270,270,270,200211110DAL,24.0,5.0,3rd quarter,10:40.0,Michael Finley,DAL,True,2-pointer,0,38-38,'POR',tied
271,271,271,200211110DAL,40.9,23.6,3rd quarter,9:03.0,Michael Finley,DAL,True,3-pointer,25,43-38,'POR',leads
272,272,272,200211110DAL,15.6,21.6,3rd quarter,8:23.0,Dirk Nowitzki,DAL,False,2-pointer,19,43-38,'POR',leads
273,273,273,200211110DAL,45.0,6.8,3rd quarter,7:44.0,Adrian Griffin,DAL,False,2-pointer,21,43-39,'POR',leads
274,274,274,200211110DAL,47.6,3.7,3rd quarter,7:04.0,Dirk Nowitzki,DAL,True,3-pointer,24,46-42,'POR',leads
275,275,275,200211110DAL,9.7,24.4,3rd quarter,6:40.0,Michael Finley,DAL,False,3-pointer,24,46-42,'POR',leads
276,276,276,200211110DAL,28.3,6.0,3rd quarter,5:19.0,Dirk Nowitzki,DAL,True,2-pointer,4,50-42,'POR',leads
277,277,277,200211110DAL,42.9,16.2,3rd quarter,4:34.0,Adrian Griffin,DAL,False,2-pointer,22,50-44,'POR',leads
278,278,278,200211110DAL,28.3,6.5,3rd quarter,4:22.0,Steve Nash,DAL,True,2-pointer,5,52-44,'POR',leads
279,279,279,200211110DAL,6.8,3.7,3rd quarter,3:48.0,Michael Finley,DAL,False,2-pointer,17,53-44,'POR',leads
280,280,280,200211110DAL,1.3,3.4,3rd quarter,3:38.0,Michael Finley,DAL,False,3-pointer,23,53-44,'POR',leads
281,281,281,200211110DAL,7.9,5.0,3rd quarter,3:05.0,Dirk Nowitzki,DAL,False,2-pointer,16,53-46,'POR',leads
282,282,282,200211110DAL,1.0,6.2,3rd quarter,2:39.0,Walt Williams,DAL,True,3-pointer,23,57-46,'POR',leads
283,283,283,200211110DAL,27.8,14.2,3rd quarter,1:17.0,Michael Finley,DAL,True,2-pointer,10,60-50,'POR',leads
284,284,284,200211110DAL,25.1,14.9,3rd quarter,0:01.3,Michael Finley,DAL,False,2-pointer,10,60-50,'POR',leads
285,285,285,200211110DAL,25.1,13.9,3rd quarter,0:00.2,Michael Finley,DAL,True,2-pointer,9,62-50,'POR',leads
286,286,286,200211110DAL,5.8,12.7,4th quarter,11:07.0,Steve Nash,DAL,True,2-pointer,20,66-51,'POR',leads
287,287,287,200211110DAL,11.7,25.7,4th quarter,10:16.0,Walt Williams,DAL,False,3-pointer,24,66-51,'POR',leads
288,288,288,200211110DAL,31.1,16.4,4th quarter,9:41.0,Michael Finley,DAL,False,2-pointer,13,66-53,'POR',leads
289,289,289,200211110DAL,20.7,28.8,4th quarter,9:15.0,Dirk Nowitzki,DAL,True,3-pointer,24,69-55,'POR',leads
290,290,290,200211110DAL,39.6,3.4,4th quarter,8:35.0,Dirk Nowitzki,DAL,True,2-pointer,16,71-57,'POR',leads
291,291,291,200211110DAL,2.8,16.4,4th quarter,7:54.0,Michael Finley,DAL,False,3-pointer,24,71-60,'POR',leads
292,292,292,200211110DAL,45.2,16.8,4th quarter,7:46.0,Dirk Nowitzki,DAL,False,3-pointer,24,71-60,'POR',leads
293,293,293,200211110DAL,32.4,8.5,4th quarter,7:05.0,Dirk Nowitzki,DAL,False,2-pointer,9,71-60,'POR',leads
294,294,294,200211110DAL,24.0,5.0,4th quarter,6:35.0,Michael Finley,DAL,True,2-pointer,0,73-62,'POR',leads
295,295,295,200211110DAL,43.5,13.9,4th quarter,5:58.0,Steve Nash,DAL,True,2-pointer,21,75-65,'POR',leads
296,296,296,200211110DAL,28.1,11.4,4th quarter,5:13.0,Steve Nash,DAL,False,2-pointer,8,75-65,'POR',leads
297,297,297,200211110DAL,16.1,29.3,4th quarter,4:08.0,Walt Williams,DAL,False,3-pointer,26,75-68,'POR',leads
298,298,298,200211110DAL,24.0,5.0,4th quarter,4:04.0,Dirk Nowitzki,DAL,False,2-pointer,0,75-68,'POR',leads
299,299,299,200211110DAL,24.0,5.0,4th quarter,4:03.0,Shawn Bradley,DAL,True,2-pointer,0,77-68,'POR',leads
300,300,300,200211110DAL,41.7,22.3,4th quarter,3:21.0,Dirk Nowitzki,DAL,False,3-pointer,25,77-68,'POR',leads
301,301,301,200211110DAL,18.9,28.2,4th quarter,1:59.0,Steve Nash,DAL,True,3-pointer,24,82-68,'POR',leads
302,302,302,200211110DAL,36.3,27.4,4th quarter,0:53.6,Michael Finley,DAL,False,3-pointer,26,82-68,'POR',leads
303,303,303,200211110DAL,24.0,5.0,4th quarter,0:34.4,Adam Harrington,DAL,False,2-pointer,0,82-70,'POR',leads
304,304,304,200211110DAL,34.3,11.4,4th quarter,0:07.7,Raja Bell,DAL,False,2-pointer,12,82-73,'POR',leads
305,305,305,200211110MEM,8.4,20.5,1st quarter,11:15.0,Troy Murphy,GSW,False,2-pointer,22,0-2,'MEM',trails
306,306,306,200211110MEM,1.7,6.0,1st quarter,10:34.0,Antawn Jamison,GSW,False,3-pointer,22,0-2,'MEM',trails
307,307,307,200211110MEM,25.5,14.4,1st quarter,9:41.0,Antawn Jamison,GSW,False,2-pointer,10,0-4,'MEM',trails
308,308,308,200211110MEM,24.0,5.0,1st quarter,9:38.0,Jason Richardson,GSW,False,2-pointer,0,0-4,'MEM',trails
309,309,309,200211110MEM,7.7,7.5,1st quarter,9:23.0,Gilbert Arenas,GSW,False,2-pointer,16,0-4,'MEM',trails
310,310,310,200211110MEM,24.3,11.1,1st quarter,9:13.0,Erick Dampier,GSW,False,2-pointer,6,0-4,'MEM',trails
311,311,311,200211110MEM,25.1,11.1,1st quarter,8:50.0,Erick Dampier,GSW,False,2-pointer,6,0-6,'MEM',trails
312,312,312,200211110MEM,22.5,21.1,1st quarter,7:55.0,Troy Murphy,GSW,True,2-pointer,16,2-6,'MEM',trails
313,313,313,200211110MEM,25.6,10.9,1st quarter,7:24.0,Erick Dampier,GSW,True,2-pointer,6,4-8,'MEM',trails
314,314,314,200211110MEM,12.0,26.0,1st quarter,6:49.0,Jason Richardson,GSW,True,3-pointer,24,7-10,'MEM',trails
315,315,315,200211110MEM,24.0,5.0,1st quarter,6:19.0,Troy Murphy,GSW,True,2-pointer,0,9-10,'MEM',trails
316,316,316,200211110MEM,19.7,12.4,1st quarter,5:46.0,Antawn Jamison,GSW,False,2-pointer,9,9-10,'MEM',trails
317,317,317,200211110MEM,38.9,19.0,1st quarter,5:08.0,Jason Richardson,GSW,False,2-pointer,20,10-10,'MEM',tied
318,318,318,200211110MEM,39.8,10.1,1st quarter,4:45.0,Gilbert Arenas,GSW,False,2-pointer,17,10-12,'MEM',trails
319,319,319,200211110MEM,24.0,5.0,1st quarter,4:41.0,Erick Dampier,GSW,True,2-pointer,0,12-12,'MEM',tied
320,320,320,200211110MEM,19.1,8.8,1st quarter,4:09.0,Antawn Jamison,GSW,True,2-pointer,6,14-14,'MEM',tied
321,321,321,200211110MEM,44.4,7.3,1st quarter,3:37.0,Antawn Jamison,GSW,True,2-pointer,21,16-14,'MEM',leads
322,322,322,200211110MEM,43.0,21.3,1st quarter,2:57.0,Jason Richardson,GSW,False,3-pointer,25,16-16,'MEM',tied
323,323,323,200211110MEM,28.6,12.7,1st quarter,2:54.0,Antawn Jamison,GSW,False,2-pointer,9,16-16,'MEM',tied
324,324,324,200211110MEM,24.0,5.0,1st quarter,2:47.0,Erick Dampier,GSW,True,2-pointer,0,18-16,'MEM',leads
325,325,325,200211110MEM,30.4,8.3,1st quarter,2:23.0,Antawn Jamison,GSW,True,2-pointer,7,20-16,'MEM',leads
326,326,326,200211110MEM,13.3,7.6,1st quarter,2:03.0,Jiří Welsch,GSW,False,2-pointer,11,21-16,'MEM',leads
327,327,327,200211110MEM,24.0,5.0,1st quarter,2:00.0,Antawn Jamison,GSW,False,2-pointer,0,21-16,'MEM',leads
328,328,328,200211110MEM,18.1,8.1,1st quarter,1:44.0,Antawn Jamison,GSW,False,2-pointer,7,21-16,'MEM',leads
329,329,329,200211110MEM,24.0,5.0,1st quarter,1:40.0,Erick Dampier,GSW,True,2-pointer,0,23-16,'MEM',leads
330,330,330,200211110MEM,9.7,18.7,1st quarter,0:12.5,Danny Fortson,GSW,False,2-pointer,20,25-21,'MEM',leads
331,331,331,200211110MEM,24.0,5.0,1st quarter,0:09.5,Antawn Jamison,GSW,False,2-pointer,0,25-21,'MEM',leads
332,332,332,200211110MEM,20.9,10.8,1st quarter,0:07.4,Antawn Jamison,GSW,False,2-pointer,7,25-21,'MEM',leads
333,333,333,200211110MEM,24.0,5.0,2nd quarter,11:25.0,Jason Richardson,GSW,False,2-pointer,0,25-21,'MEM',leads
334,334,334,200211110MEM,29.6,10.3,2nd quarter,10:47.0,Erick Dampier,GSW,True,2-pointer,8,27-21,'MEM',leads
335,335,335,200211110MEM,32.7,28.8,2nd quarter,10:15.0,Jiří Welsch,GSW,False,3-pointer,25,27-23,'MEM',leads
336,336,336,200211110MEM,34.5,5.3,2nd quarter,9:49.0,Antawn Jamison,GSW,True,2-pointer,11,29-23,'MEM',leads
337,337,337,200211110MEM,14.0,9.8,2nd quarter,9:15.0,Danny Fortson,GSW,False,2-pointer,11,29-25,'MEM',leads
338,338,338,200211110MEM,24.0,5.0,2nd quarter,8:26.0,Danny Fortson,GSW,False,2-pointer,0,29-27,'MEM',leads
339,339,339,200211110MEM,30.4,25.9,2nd quarter,7:33.0,Gilbert Arenas,GSW,False,2-pointer,22,29-27,'MEM',leads
340,340,340,200211110MEM,26.9,10.4,2nd quarter,7:07.0,Mike Dunleavy,GSW,False,2-pointer,6,29-28,'MEM',leads
341,341,341,200211110MEM,45.5,17.2,2nd quarter,6:31.0,Mike Dunleavy,GSW,True,3-pointer,25,32-30,'MEM',leads
342,342,342,200211110MEM,40.1,18.7,2nd quarter,4:35.0,Antawn Jamison,GSW,True,2-pointer,21,37-33,'MEM',leads
343,343,343,200211110MEM,17.9,9.0,2nd quarter,4:01.0,Erick Dampier,GSW,False,2-pointer,7,37-36,'MEM',leads
344,344,344,200211110MEM,24.0,11.8,2nd quarter,3:36.0,Antawn Jamison,GSW,True,2-pointer,7,39-36,'MEM',leads
345,345,345,200211110MEM,21.7,29.7,2nd quarter,2:57.0,Antawn Jamison,GSW,False,3-pointer,25,39-38,'MEM',leads
346,346,346,200211110MEM,42.2,16.2,2nd quarter,2:30.0,Gilbert Arenas,GSW,True,2-pointer,21,41-38,'MEM',leads
347,347,347,200211110MEM,7.9,20.3,2nd quarter,2:09.0,Gilbert Arenas,GSW,False,2-pointer,22,41-38,'MEM',leads
348,348,348,200211110MEM,25.1,12.4,2nd quarter,1:45.0,Antawn Jamison,GSW,True,2-pointer,7,43-38,'MEM',leads
349,349,349,200211110MEM,19.4,8.3,2nd quarter,1:15.0,Antawn Jamison,GSW,False,2-pointer,6,44-40,'MEM',leads
350,350,350,200211110MEM,24.0,12.1,2nd quarter,0:39.6,Adonal Foyle,GSW,True,2-pointer,7,46-43,'MEM',leads
351,351,351,200211110MEM,13.7,27.4,3rd quarter,11:20.0,Antawn Jamison,GSW,False,3-pointer,25,48-45,'MEM',leads
352,352,352,200211110MEM,33.0,22.3,3rd quarter,10:39.0,Jason Richardson,GSW,True,2-pointer,20,50-45,'MEM',leads
353,353,353,200211110MEM,24.0,5.0,3rd quarter,10:01.0,Erick Dampier,GSW,False,2-pointer,0,50-45,'MEM',leads
354,354,354,200211110MEM,14.1,21.1,3rd quarter,9:58.0,Troy Murphy,GSW,False,2-pointer,19,50-45,'MEM',leads
355,355,355,200211110MEM,10.9,8.0,3rd quarter,9:19.0,Jason Richardson,GSW,False,2-pointer,13,50-47,'MEM',leads
356,356,356,200211110MEM,1.3,12.6,3rd quarter,8:52.0,Jason Richardson,GSW,True,3-pointer,24,53-47,'MEM',leads
357,357,357,200211110MEM,27.6,9.9,3rd quarter,8:00.0,Antawn Jamison,GSW,True,2-pointer,6,55-49,'MEM',leads
358,358,358,200211110MEM,9.4,16.7,3rd quarter,7:26.0,Jason Richardson,GSW,False,2-pointer,19,55-49,'MEM',leads
359,359,359,200211110MEM,24.0,5.0,3rd quarter,7:15.0,Erick Dampier,GSW,True,2-pointer,0,57-49,'MEM',leads
360,360,360,200211110MEM,24.0,5.0,3rd quarter,6:29.0,Troy Murphy,GSW,True,2-pointer,0,59-49,'MEM',leads
361,361,361,200211110MEM,4.0,4.2,3rd quarter,6:03.0,Troy Murphy,GSW,True,2-pointer,20,61-52,'MEM',leads
362,362,362,200211110MEM,22.9,16.5,3rd quarter,5:26.0,Troy Murphy,GSW,True,2-pointer,12,63-55,'MEM',leads
363,363,363,200211110MEM,19.4,16.8,3rd quarter,4:57.0,Troy Murphy,GSW,True,2-pointer,13,65-55,'MEM',leads
364,364,364,200211110MEM,24.0,5.0,3rd quarter,4:26.0,Erick Dampier,GSW,True,2-pointer,0,67-57,'MEM',leads
365,365,365,200211110MEM,4.8,6.3,3rd quarter,3:46.0,Jiří Welsch,GSW,False,2-pointer,19,67-59,'MEM',leads
366,366,366,200211110MEM,24.0,5.0,3rd quarter,3:22.0,Antawn Jamison,GSW,True,2-pointer,0,71-59,'MEM',leads
367,367,367,200211110MEM,4.5,4.9,3rd quarter,2:13.0,Jiří Welsch,GSW,True,2-pointer,20,74-61,'MEM',leads
368,368,368,200211110MEM,24.0,5.0,3rd quarter,1:32.0,Jiří Welsch,GSW,False,2-pointer,0,74-63,'MEM',leads
369,369,369,200211110MEM,1.5,7.6,3rd quarter,1:12.0,Jiří Welsch,GSW,True,3-pointer,23,77-65,'MEM',leads
370,370,370,200211110MEM,28.1,27.2,3rd quarter,0:43.1,Antawn Jamison,GSW,True,2-pointer,23,79-67,'MEM',leads
371,371,371,200211110MEM,26.1,11.6,3rd quarter,0:15.4,Erick Dampier,GSW,True,2-pointer,7,81-69,'MEM',leads
372,372,372,200211110MEM,23.7,27.7,4th quarter,11:29.0,Antawn Jamison,GSW,False,2-pointer,23,81-69,'MEM',leads
373,373,373,200211110MEM,21.7,13.4,4th quarter,10:59.0,Antawn Jamison,GSW,True,2-pointer,9,83-69,'MEM',leads
374,374,374,200211110MEM,26.0,12.6,4th quarter,10:18.0,Antawn Jamison,GSW,True,2-pointer,8,85-69,'MEM',leads
375,375,375,200211110MEM,24.0,5.0,4th quarter,9:51.0,Adonal Foyle,GSW,False,2-pointer,0,86-69,'MEM',leads
376,376,376,200211110MEM,24.0,5.0,4th quarter,9:48.0,Adonal Foyle,GSW,False,2-pointer,0,86-69,'MEM',leads
377,377,377,200211110MEM,24.1,10.9,4th quarter,9:43.0,Adonal Foyle,GSW,True,2-pointer,6,88-69,'MEM',leads
378,378,378,200211110MEM,24.0,5.0,4th quarter,9:05.0,Gilbert Arenas,GSW,False,2-pointer,0,88-69,'MEM',leads
379,379,379,200211110MEM,24.0,5.0,4th quarter,9:01.0,Antawn Jamison,GSW,True,2-pointer,0,90-69,'MEM',leads
380,380,380,200211110MEM,30.2,22.8,4th quarter,8:21.0,Jiří Welsch,GSW,True,2-pointer,19,92-69,'MEM',leads
381,381,381,200211110MEM,13.0,21.9,4th quarter,7:50.0,Antawn Jamison,GSW,True,2-pointer,20,94-69,'MEM',leads
382,382,382,200211110MEM,33.7,10.9,4th quarter,7:14.0,Adonal Foyle,GSW,True,2-pointer,11,96-72,'MEM',leads
383,383,383,200211110MEM,43.7,4.7,4th quarter,5:40.0,Troy Murphy,GSW,True,2-pointer,20,98-78,'MEM',leads
384,384,384,200211110MEM,24.0,5.0,4th quarter,5:06.0,Gilbert Arenas,GSW,False,2-pointer,0,98-80,'MEM',leads
385,385,385,200211110MEM,4.8,4.9,4th quarter,4:33.0,Gilbert Arenas,GSW,False,2-pointer,19,98-81,'MEM',leads
386,386,386,200211110MEM,37.0,16.5,4th quarter,3:25.0,Gilbert Arenas,GSW,True,2-pointer,17,100-82,'MEM',leads
387,387,387,200211110MEM,14.1,8.1,4th quarter,2:41.0,Erick Dampier,GSW,False,2-pointer,10,100-84,'MEM',leads
388,388,388,200211110MEM,10.0,7.6,4th quarter,2:03.0,Troy Murphy,GSW,False,2-pointer,14,100-86,'MEM',leads
389,389,389,200211110MEM,8.2,19.3,4th quarter,1:40.0,Troy Murphy,GSW,False,2-pointer,21,100-88,'MEM',leads
390,390,390,200211110MEM,9.4,6.3,4th quarter,1:11.0,Troy Murphy,GSW,False,2-pointer,15,100-90,'MEM',leads
391,391,391,200211110MEM,3.8,5.5,4th quarter,0:52.0,Dean Oliver,GSW,False,2-pointer,20,100-93,'MEM',leads
392,392,392,200211110MEM,8.2,18.8,1st quarter,11:32.0,Gordan Giriček,MEM,True,2-pointer,21,2-0,'MEM',leads
393,393,393,200211110MEM,34.3,11.3,1st quarter,10:59.0,Lorenzen Wright,MEM,False,2-pointer,12,2-0,'MEM',leads
394,394,394,200211110MEM,5.3,8.3,1st quarter,9:52.0,Pau Gasol,MEM,False,2-pointer,19,4-0,'MEM',leads
395,395,395,200211110MEM,24.0,5.0,1st quarter,9:07.0,Lorenzen Wright,MEM,True,2-pointer,0,6-0,'MEM',leads
396,396,396,200211110MEM,24.0,5.0,1st quarter,8:38.0,Gordan Giriček,MEM,False,2-pointer,0,6-0,'MEM',leads
397,397,397,200211110MEM,25.0,13.2,1st quarter,8:16.0,Pau Gasol,MEM,False,2-pointer,8,6-0,'MEM',leads
398,398,398,200211110MEM,24.0,5.0,1st quarter,7:43.0,Lorenzen Wright,MEM,True,2-pointer,0,8-2,'MEM',leads
399,399,399,200211110MEM,30.4,18.0,1st quarter,7:12.0,Shane Battier,MEM,True,2-pointer,14,10-4,'MEM',leads
400,400,400,200211110MEM,24.0,19.8,1st quarter,6:04.0,Lorenzen Wright,MEM,False,2-pointer,15,10-9,'MEM',leads
401,401,401,200211110MEM,24.0,5.0,1st quarter,5:26.0,Shane Battier,MEM,False,2-pointer,0,10-9,'MEM',leads
402,402,402,200211110MEM,24.0,5.0,1st quarter,5:02.0,Gordan Giriček,MEM,True,2-pointer,0,12-10,'MEM',leads
403,403,403,200211110MEM,24.0,5.0,1st quarter,4:30.0,Pau Gasol,MEM,True,2-pointer,0,14-12,'MEM',leads
404,404,404,200211110MEM,28.4,22.4,1st quarter,3:53.0,Pau Gasol,MEM,False,2-pointer,18,14-14,'MEM',tied
405,405,405,200211110MEM,29.6,15.5,1st quarter,3:20.0,Gordan Giriček,MEM,True,2-pointer,12,16-16,'MEM',tied
406,406,406,200211110MEM,33.4,9.9,1st quarter,2:10.0,Gordan Giriček,MEM,False,2-pointer,11,16-21,'MEM',trails
407,407,407,200211110MEM,7.9,25.6,1st quarter,1:24.0,Wesley Person,MEM,False,3-pointer,26,16-23,'MEM',trails
408,408,408,200211110MEM,30.6,8.8,1st quarter,1:20.0,Lorenzen Wright,MEM,False,2-pointer,8,16-23,'MEM',trails
409,409,409,200211110MEM,1.3,5.5,1st quarter,0:57.4,Mike Batiste,MEM,True,3-pointer,23,19-25,'MEM',trails
410,410,410,200211110MEM,24.0,5.0,1st quarter,0:32.2,Wesley Person,MEM,True,2-pointer,0,21-25,'MEM',trails
411,411,411,200211110MEM,35.7,11.3,1st quarter,0:00.5,Lorenzen Wright,MEM,False,2-pointer,13,21-25,'MEM',trails
412,412,412,200211110MEM,19.1,20.1,2nd quarter,11:42.0,Mike Batiste,MEM,False,2-pointer,16,21-25,'MEM',trails
413,413,413,200211110MEM,22.0,9.1,2nd quarter,11:38.0,Drew Gooden,MEM,False,2-pointer,5,21-25,'MEM',trails
414,414,414,200211110MEM,29.1,9.9,2nd quarter,11:08.0,Drew Gooden,MEM,False,2-pointer,7,21-25,'MEM',trails
415,415,415,200211110MEM,23.7,11.3,2nd quarter,10:00.0,Earl Watson,MEM,False,2-pointer,6,23-27,'MEM',trails
416,416,416,200211110MEM,24.3,12.2,2nd quarter,9:01.0,Pau Gasol,MEM,False,2-pointer,7,25-29,'MEM',trails
417,417,417,200211110MEM,24.0,5.0,2nd quarter,8:58.0,Drew Gooden,MEM,False,2-pointer,0,25-29,'MEM',trails
418,418,418,200211110MEM,24.0,5.0,2nd quarter,8:56.0,Pau Gasol,MEM,False,2-pointer,0,25-29,'MEM',trails
419,419,419,200211110MEM,8.2,5.8,2nd quarter,7:41.0,Drew Gooden,MEM,False,2-pointer,16,27-29,'MEM',trails
420,420,420,200211110MEM,24.0,5.0,2nd quarter,6:58.0,Mike Batiste,MEM,False,2-pointer,0,28-29,'MEM',trails
421,421,421,200211110MEM,24.0,5.0,2nd quarter,6:56.0,Pau Gasol,MEM,True,2-pointer,0,30-29,'MEM',leads
422,422,422,200211110MEM,2.6,17.7,2nd quarter,6:11.0,Wesley Person,MEM,False,3-pointer,25,30-32,'MEM',trails
423,423,423,200211110MEM,27.1,11.8,2nd quarter,4:58.0,Pau Gasol,MEM,False,2-pointer,7,31-35,'MEM',trails
424,424,424,200211110MEM,24.0,5.0,2nd quarter,4:56.0,Mike Batiste,MEM,True,2-pointer,0,33-35,'MEM',trails
425,425,425,200211110MEM,11.5,26.9,2nd quarter,4:25.0,Gordan Giriček,MEM,True,3-pointer,25,36-37,'MEM',trails
426,426,426,200211110MEM,24.5,31.1,2nd quarter,3:54.0,Jason Williams,MEM,False,3-pointer,26,36-37,'MEM',trails
427,427,427,200211110MEM,28.4,12.4,2nd quarter,3:18.0,Drew Gooden,MEM,True,2-pointer,9,38-39,'MEM',trails
428,428,428,200211110MEM,24.0,5.0,2nd quarter,2:49.0,Pau Gasol,MEM,False,2-pointer,0,38-39,'MEM',trails
429,429,429,200211110MEM,5.1,15.5,2nd quarter,2:17.0,Gordan Giriček,MEM,False,2-pointer,22,38-41,'MEM',trails
430,430,430,200211110MEM,24.0,5.0,2nd quarter,2:03.0,Gordan Giriček,MEM,False,2-pointer,0,38-41,'MEM',trails
431,431,431,200211110MEM,17.9,21.9,2nd quarter,1:32.0,Jason Williams,MEM,True,2-pointer,18,40-44,'MEM',trails
432,432,432,200211110MEM,21.4,9.1,2nd quarter,1:04.0,Lorenzen Wright,MEM,False,2-pointer,5,40-44,'MEM',trails
433,433,433,200211110MEM,24.0,5.0,2nd quarter,0:56.3,Pau Gasol,MEM,True,2-pointer,0,42-44,'MEM',trails
434,434,434,200211110MEM,37.5,20.0,2nd quarter,0:28.1,Jason Williams,MEM,False,2-pointer,20,43-46,'MEM',trails
435,435,435,200211110MEM,24.0,5.0,2nd quarter,0:24.7,Lorenzen Wright,MEM,False,2-pointer,0,43-46,'MEM',trails
436,436,436,200211110MEM,18.6,7.8,2nd quarter,0:01.0,Gordan Giriček,MEM,True,2-pointer,6,45-48,'MEM',trails
437,437,437,200211110MEM,11.7,22.9,3rd quarter,11:44.0,Jason Williams,MEM,False,2-pointer,22,45-48,'MEM',trails
438,438,438,200211110MEM,32.0,7.6,3rd quarter,10:58.0,Lorenzen Wright,MEM,False,2-pointer,8,45-48,'MEM',trails
439,439,439,200211110MEM,24.0,5.0,3rd quarter,10:56.0,Shane Battier,MEM,False,2-pointer,0,45-48,'MEM',trails
440,440,440,200211110MEM,35.5,4.7,3rd quarter,9:46.0,Pau Gasol,MEM,True,2-pointer,12,47-50,'MEM',trails
441,441,441,200211110MEM,7.6,18.5,3rd quarter,9:08.0,Pau Gasol,MEM,False,2-pointer,21,47-50,'MEM',trails
442,442,442,200211110MEM,43.4,3.9,3rd quarter,8:37.0,Lorenzen Wright,MEM,True,2-pointer,19,49-53,'MEM',trails
443,443,443,200211110MEM,1.2,5.3,3rd quarter,7:40.0,Shane Battier,MEM,False,3-pointer,23,49-55,'MEM',trails
444,444,444,200211110MEM,37.1,21.1,3rd quarter,6:55.0,Gordan Giriček,MEM,False,2-pointer,21,49-57,'MEM',trails
445,445,445,200211110MEM,10.0,25.9,3rd quarter,6:51.0,Jason Williams,MEM,False,3-pointer,25,49-57,'MEM',trails
446,446,446,200211110MEM,24.0,5.0,3rd quarter,6:32.0,Pau Gasol,MEM,False,2-pointer,0,49-57,'MEM',trails
447,447,447,200211110MEM,25.1,12.2,3rd quarter,6:21.0,Jason Williams,MEM,True,2-pointer,7,51-59,'MEM',trails
448,448,448,200211110MEM,15.3,18.7,3rd quarter,5:46.0,Gordan Giriček,MEM,True,2-pointer,16,54-61,'MEM',trails
449,449,449,200211110MEM,13.7,23.4,3rd quarter,5:12.0,Jason Williams,MEM,False,2-pointer,21,55-63,'MEM',trails
450,450,450,200211110MEM,28.7,9.6,3rd quarter,4:43.0,Drew Gooden,MEM,True,2-pointer,7,57-65,'MEM',trails
451,451,451,200211110MEM,11.2,19.3,3rd quarter,4:09.0,Pau Gasol,MEM,False,2-pointer,19,57-67,'MEM',trails
452,452,452,200211110MEM,29.7,9.9,3rd quarter,4:05.0,Drew Gooden,MEM,True,2-pointer,8,59-67,'MEM',trails
453,453,453,200211110MEM,32.7,18.5,3rd quarter,3:11.0,Jason Williams,MEM,False,2-pointer,16,59-71,'MEM',trails
454,454,454,200211110MEM,30.7,6.5,3rd quarter,2:40.0,Pau Gasol,MEM,True,2-pointer,7,61-72,'MEM',trails
455,455,455,200211110MEM,43.9,4.7,3rd quarter,0:56.2,Lorenzen Wright,MEM,True,2-pointer,20,67-77,'MEM',trails
456,456,456,200211110MEM,35.0,4.7,3rd quarter,0:32.6,Drew Gooden,MEM,True,2-pointer,11,69-79,'MEM',trails
457,457,457,200211110MEM,37.0,10.6,3rd quarter,0:02.8,Gordan Giriček,MEM,False,2-pointer,14,69-81,'MEM',trails
458,458,458,200211110MEM,33.8,19.3,4th quarter,11:14.0,Drew Gooden,MEM,False,2-pointer,17,69-81,'MEM',trails
459,459,459,200211110MEM,24.0,5.0,4th quarter,10:39.0,Drew Gooden,MEM,False,2-pointer,0,69-83,'MEM',trails
460,460,460,200211110MEM,25.6,11.6,4th quarter,10:32.0,Lorenzen Wright,MEM,False,2-pointer,7,69-83,'MEM',trails
461,461,461,200211110MEM,1.5,5.0,4th quarter,10:07.0,Mike Batiste,MEM,False,3-pointer,23,69-86,'MEM',trails
462,462,462,200211110MEM,4.8,15.4,4th quarter,9:25.0,Wesley Person,MEM,False,2-pointer,22,69-88,'MEM',trails
463,463,463,200211110MEM,24.0,5.0,4th quarter,8:43.0,Pau Gasol,MEM,False,2-pointer,0,69-90,'MEM',trails
464,464,464,200211110MEM,24.1,27.0,4th quarter,8:10.0,Jason Williams,MEM,False,2-pointer,22,69-92,'MEM',trails
465,465,465,200211110MEM,21.4,9.3,4th quarter,7:28.0,Lorenzen Wright,MEM,True,2-pointer,5,71-94,'MEM',trails
466,466,466,200211110MEM,17.1,7.6,4th quarter,6:53.0,Pau Gasol,MEM,True,2-pointer,7,74-96,'MEM',trails
467,467,467,200211110MEM,24.0,5.0,4th quarter,6:36.0,Lorenzen Wright,MEM,True,2-pointer,0,76-96,'MEM',trails
468,468,468,200211110MEM,8.2,7.0,4th quarter,6:06.0,Pau Gasol,MEM,True,2-pointer,16,78-96,'MEM',trails
469,469,469,200211110MEM,23.7,20.3,4th quarter,5:29.0,Lorenzen Wright,MEM,False,2-pointer,15,78-98,'MEM',trails
470,470,470,200211110MEM,24.3,10.6,4th quarter,5:25.0,Drew Gooden,MEM,True,2-pointer,6,80-98,'MEM',trails
471,471,471,200211110MEM,41.2,24.4,4th quarter,4:53.0,Jason Williams,MEM,False,3-pointer,26,81-98,'MEM',trails
472,472,472,200211110MEM,20.6,10.4,4th quarter,3:51.0,Pau Gasol,MEM,False,2-pointer,6,82-98,'MEM',trails
473,473,473,200211110MEM,21.4,11.9,4th quarter,3:08.0,Lorenzen Wright,MEM,True,2-pointer,7,84-100,'MEM',trails
474,474,474,200211110MEM,24.0,5.0,4th quarter,2:35.0,Drew Gooden,MEM,True,2-pointer,0,86-100,'MEM',trails
475,475,475,200211110MEM,24.0,5.0,4th quarter,1:31.0,Earl Watson,MEM,True,2-pointer,0,90-100,'MEM',trails
476,476,476,200211110MEM,7.6,24.2,4th quarter,1:04.0,Gordan Giriček,MEM,True,3-pointer,25,93-100,'MEM',trails
477,477,477,200211110MEM,24.0,5.0,4th quarter,0:38.8,Drew Gooden,MEM,False,2-pointer,0,94-102,'MEM',trails
478,478,478,200211110MEM,35.2,28.3,4th quarter,0:35.8,Pau Gasol,MEM,True,3-pointer,26,97-102,'MEM',trails
479,479,479,200211110MEM,24.0,5.0,4th quarter,0:28.0,Gordan Giriček,MEM,True,2-pointer,0,99-103,'MEM',trails
480,480,480,200211110MEM,24.0,5.0,4th quarter,0:21.3,Jason Williams,MEM,True,2-pointer,0,101-104,'MEM',trails
481,481,481,200211110MEM,47.5,5.7,4th quarter,0:10.1,Jason Williams,MEM,False,3-pointer,24,101-106,'MEM',trails
482,482,482,200211110SAS,24.0,4.7,1st quarter,11:23.0,Troy Hudson,MIN,True,2-pointer,0,2-2,'SAS',tied
483,483,483,200211110SAS,41.2,7.8,1st quarter,10:52.0,Troy Hudson,MIN,False,2-pointer,17,2-5,'SAS',trails
484,484,484,200211110SAS,10.7,6.7,1st quarter,10:25.0,Loren Woods,MIN,False,2-pointer,13,2-7,'SAS',trails
485,485,485,200211110SAS,30.7,19.0,1st quarter,9:57.0,Rasho Nesterović,MIN,True,2-pointer,16,4-9,'SAS',trails
486,486,486,200211110SAS,14.0,5.8,1st quarter,9:18.0,Rasho Nesterović,MIN,True,2-pointer,10,6-9,'SAS',trails
487,487,487,200211110SAS,9.2,11.8,1st quarter,8:43.0,Kevin Garnett,MIN,True,2-pointer,16,8-11,'SAS',trails
488,488,488,200211110SAS,37.5,26.2,1st quarter,7:52.0,Kevin Garnett,MIN,False,3-pointer,25,8-11,'SAS',trails
489,489,489,200211110SAS,40.3,6.3,1st quarter,7:41.0,Rasho Nesterović,MIN,False,2-pointer,16,8-11,'SAS',trails
490,490,490,200211110SAS,7.2,15.0,1st quarter,7:16.0,Kevin Garnett,MIN,False,2-pointer,20,8-11,'SAS',trails
491,491,491,200211110SAS,29.2,6.3,1st quarter,6:43.0,Rasho Nesterović,MIN,True,2-pointer,5,10-13,'SAS',trails
492,492,492,200211110SAS,27.6,12.2,1st quarter,6:12.0,Kevin Garnett,MIN,False,2-pointer,8,10-13,'SAS',trails
493,493,493,200211110SAS,12.0,19.8,1st quarter,4:57.0,Rasho Nesterović,MIN,False,2-pointer,19,12-17,'SAS',trails
494,494,494,200211110SAS,24.3,6.2,1st quarter,4:50.0,Rasho Nesterović,MIN,True,2-pointer,1,14-17,'SAS',trails
495,495,495,200211110SAS,39.9,3.7,1st quarter,4:04.0,Anthony Peeler,MIN,False,2-pointer,16,14-19,'SAS',trails
496,496,496,200211110SAS,24.8,5.7,1st quarter,3:37.0,Troy Hudson,MIN,False,2-pointer,1,14-21,'SAS',trails
497,497,497,200211110SAS,39.9,9.6,1st quarter,3:03.0,Gary Trent,MIN,False,2-pointer,17,14-23,'SAS',trails
498,498,498,200211110SAS,13.5,27.7,1st quarter,2:43.0,Kendall Gill,MIN,False,3-pointer,25,14-23,'SAS',trails
499,499,499,200211110SAS,28.7,13.2,1st quarter,1:57.0,Kevin Garnett,MIN,False,2-pointer,9,16-26,'SAS',trails
500,500,500,200211110SAS,43.0,5.3,1st quarter,1:01.0,Kendall Gill,MIN,False,2-pointer,19,16-26,'SAS',trails
501,501,501,200211110SAS,38.6,15.2,1st quarter,0:01.7,Rod Strickland,MIN,False,2-pointer,18,18-26,'SAS',trails
502,502,502,200211110SAS,10.4,9.6,2nd quarter,11:45.0,Kevin Garnett,MIN,False,2-pointer,14,18-26,'SAS',trails
503,503,503,200211110SAS,26.0,5.2,2nd quarter,9:45.0,Gary Trent,MIN,True,2-pointer,2,21-30,'SAS',trails
504,504,504,200211110SAS,8.7,5.5,2nd quarter,9:20.0,Gary Trent,MIN,False,2-pointer,15,21-31,'SAS',trails
505,505,505,200211110SAS,25.3,5.5,2nd quarter,9:03.0,Gary Trent,MIN,False,2-pointer,1,21-33,'SAS',trails
506,506,506,200211110SAS,24.3,11.1,2nd quarter,8:19.0,Rasho Nesterović,MIN,False,2-pointer,6,21-36,'SAS',trails
507,507,507,200211110SAS,24.0,6.5,2nd quarter,7:56.0,Marc Jackson,MIN,False,2-pointer,2,21-36,'SAS',trails
508,508,508,200211110SAS,37.6,18.0,2nd quarter,7:31.0,Anthony Peeler,MIN,True,2-pointer,19,23-36,'SAS',trails
509,509,509,200211110SAS,40.1,23.7,2nd quarter,7:01.0,Anthony Peeler,MIN,False,3-pointer,25,23-38,'SAS',trails
510,510,510,200211110SAS,28.9,11.3,2nd quarter,6:26.0,Troy Hudson,MIN,False,2-pointer,8,25-40,'SAS',trails
511,511,511,200211110SAS,36.5,4.9,2nd quarter,5:57.0,Kevin Garnett,MIN,False,2-pointer,13,25-42,'SAS',trails
512,512,512,200211110SAS,24.8,21.1,2nd quarter,5:27.0,Anthony Peeler,MIN,False,2-pointer,16,25-42,'SAS',trails
513,513,513,200211110SAS,24.0,6.2,2nd quarter,4:44.0,Kevin Garnett,MIN,False,2-pointer,1,25-42,'SAS',trails
514,514,514,200211110SAS,42.6,8.8,2nd quarter,4:19.0,Troy Hudson,MIN,False,2-pointer,19,25-42,'SAS',trails
515,515,515,200211110SAS,36.3,26.7,2nd quarter,3:55.0,Anthony Peeler,MIN,False,3-pointer,25,25-42,'SAS',trails
516,516,516,200211110SAS,7.1,16.7,2nd quarter,3:12.0,Kendall Gill,MIN,True,2-pointer,21,27-44,'SAS',trails
517,517,517,200211110SAS,23.5,5.2,2nd quarter,2:15.0,Kevin Garnett,MIN,False,2-pointer,1,27-48,'SAS',trails
518,518,518,200211110SAS,35.3,6.0,2nd quarter,1:26.0,Rasho Nesterović,MIN,False,2-pointer,11,27-50,'SAS',trails
519,519,519,200211110SAS,25.6,5.0,2nd quarter,0:55.2,Marc Jackson,MIN,True,2-pointer,2,29-50,'SAS',trails
520,520,520,200211110SAS,44.4,9.6,2nd quarter,0:30.8,Troy Hudson,MIN,True,2-pointer,21,31-52,'SAS',trails
521,521,521,200211110SAS,13.7,7.0,3rd quarter,11:39.0,Kevin Garnett,MIN,True,2-pointer,10,33-52,'SAS',trails
522,522,522,200211110SAS,6.3,21.9,3rd quarter,11:18.0,Troy Hudson,MIN,False,3-pointer,24,33-52,'SAS',trails
523,523,523,200211110SAS,31.4,7.5,3rd quarter,10:37.0,Loren Woods,MIN,True,2-pointer,8,35-53,'SAS',trails
524,524,524,200211110SAS,36.6,6.2,3rd quarter,10:14.0,Kevin Garnett,MIN,True,2-pointer,13,37-53,'SAS',trails
525,525,525,200211110SAS,14.5,17.5,3rd quarter,9:37.0,Troy Hudson,MIN,True,2-pointer,16,39-53,'SAS',trails
526,526,526,200211110SAS,19.9,26.9,3rd quarter,9:10.0,Troy Hudson,MIN,False,2-pointer,22,39-55,'SAS',trails
527,527,527,200211110SAS,12.5,7.2,3rd quarter,9:02.0,Loren Woods,MIN,False,2-pointer,12,39-55,'SAS',trails
528,528,528,200211110SAS,42.4,8.6,3rd quarter,8:42.0,Anthony Peeler,MIN,False,2-pointer,19,39-55,'SAS',trails
529,529,529,200211110SAS,9.7,6.2,3rd quarter,8:07.0,Kevin Garnett,MIN,False,2-pointer,14,39-55,'SAS',trails
530,530,530,200211110SAS,23.5,25.9,3rd quarter,7:33.0,Anthony Peeler,MIN,True,2-pointer,21,41-57,'SAS',trails
531,531,531,200211110SAS,26.4,9.6,3rd quarter,6:27.0,Kevin Garnett,MIN,True,2-pointer,5,43-61,'SAS',trails
532,532,532,200211110SAS,25.5,5.3,3rd quarter,5:40.0,Troy Hudson,MIN,False,2-pointer,2,43-61,'SAS',trails
533,533,533,200211110SAS,28.7,10.6,3rd quarter,5:33.0,Rasho Nesterović,MIN,False,2-pointer,7,43-61,'SAS',trails
534,534,534,200211110SAS,18.4,8.8,3rd quarter,4:37.0,Rasho Nesterović,MIN,False,2-pointer,7,44-61,'SAS',trails
535,535,535,200211110SAS,36.0,19.8,3rd quarter,3:54.0,Anthony Peeler,MIN,False,2-pointer,19,44-63,'SAS',trails
536,536,536,200211110SAS,39.9,5.0,3rd quarter,3:41.0,Rod Strickland,MIN,False,2-pointer,16,44-63,'SAS',trails
537,537,537,200211110SAS,11.4,5.2,3rd quarter,3:02.0,Rasho Nesterović,MIN,True,2-pointer,13,46-65,'SAS',trails
538,538,538,200211110SAS,10.9,7.2,3rd quarter,2:22.0,Rasho Nesterović,MIN,False,2-pointer,13,46-65,'SAS',trails
539,539,539,200211110SAS,19.2,8.6,3rd quarter,1:48.0,Kevin Garnett,MIN,False,2-pointer,6,46-68,'SAS',trails
540,540,540,200211110SAS,25.1,19.3,3rd quarter,1:43.0,Rasho Nesterović,MIN,True,2-pointer,14,48-68,'SAS',trails
541,541,541,200211110SAS,25.0,6.0,3rd quarter,1:23.0,Kevin Garnett,MIN,True,2-pointer,1,50-68,'SAS',trails
542,542,542,200211110SAS,21.7,20.6,3rd quarter,0:54.9,Kendall Gill,MIN,True,2-pointer,16,52-70,'SAS',trails
543,543,543,200211110SAS,10.0,17.5,3rd quarter,0:30.8,Kendall Gill,MIN,False,2-pointer,19,52-70,'SAS',trails
544,544,544,200211110SAS,23.8,6.3,3rd quarter,0:02.6,Rod Strickland,MIN,False,2-pointer,1,54-70,'SAS',trails
545,545,545,200211110SAS,23.5,5.7,3rd quarter,0:00.0,Marc Jackson,MIN,False,2-pointer,1,54-70,'SAS',trails
546,546,546,200211110SAS,45.0,4.9,4th quarter,11:24.0,Kendall Gill,MIN,True,2-pointer,21,56-72,'SAS',trails
547,547,547,200211110SAS,24.6,5.0,4th quarter,10:43.0,Kendall Gill,MIN,True,2-pointer,1,58-72,'SAS',trails
548,548,548,200211110SAS,34.0,6.2,4th quarter,10:16.0,Rod Strickland,MIN,False,2-pointer,10,58-75,'SAS',trails
549,549,549,200211110SAS,25.3,6.0,4th quarter,9:59.0,Kendall Gill,MIN,False,2-pointer,2,58-75,'SAS',trails
550,550,550,200211110SAS,24.6,8.1,4th quarter,9:36.0,Reggie Slater,MIN,False,2-pointer,3,58-77,'SAS',trails
551,551,551,200211110SAS,29.6,9.1,4th quarter,8:52.0,Rod Strickland,MIN,False,2-pointer,7,59-77,'SAS',trails
552,552,552,200211110SAS,23.0,5.2,4th quarter,8:48.0,Kevin Garnett,MIN,False,2-pointer,1,59-77,'SAS',trails
553,553,553,200211110SAS,6.9,8.3,4th quarter,7:30.0,Troy Hudson,MIN,True,2-pointer,17,61-80,'SAS',trails
554,554,554,200211110SAS,20.9,21.3,4th quarter,7:01.0,Rasho Nesterović,MIN,False,2-pointer,17,61-80,'SAS',trails
555,555,555,200211110SAS,23.0,6.5,4th quarter,6:59.0,Troy Hudson,MIN,True,2-pointer,2,63-80,'SAS',trails
556,556,556,200211110SAS,33.7,6.5,4th quarter,4:17.0,Rasho Nesterović,MIN,True,2-pointer,10,65-80,'SAS',trails
557,557,557,200211110SAS,21.4,21.9,4th quarter,3:55.0,Rasho Nesterović,MIN,True,2-pointer,17,67-80,'SAS',trails
558,558,558,200211110SAS,10.0,7.6,4th quarter,3:12.0,Kevin Garnett,MIN,False,2-pointer,14,67-82,'SAS',trails
559,559,559,200211110SAS,8.1,10.4,4th quarter,2:33.0,Rasho Nesterović,MIN,False,2-pointer,17,67-85,'SAS',trails
560,560,560,200211110SAS,38.1,8.5,4th quarter,1:49.0,Marc Jackson,MIN,False,2-pointer,15,67-88,'SAS',trails
561,561,561,200211110SAS,39.4,6.3,4th quarter,1:30.0,Gary Trent,MIN,False,2-pointer,15,67-88,'SAS',trails
562,562,562,200211110SAS,25.5,5.0,4th quarter,1:10.0,Rod Strickland,MIN,True,2-pointer,2,69-88,'SAS',trails
563,563,563,200211110SAS,24.5,4.9,4th quarter,0:54.7,Reggie Slater,MIN,True,2-pointer,1,71-88,'SAS',trails
564,564,564,200211110SAS,31.2,10.1,4th quarter,0:31.9,Gary Trent,MIN,True,2-pointer,9,73-91,'SAS',trails
565,565,565,200211110SAS,36.5,11.9,1st quarter,11:41.0,David Robinson,SAS,True,2-pointer,14,2-0,'SAS',leads
566,566,566,200211110SAS,18.1,28.8,1st quarter,11:05.0,Danny Ferry,SAS,True,3-pointer,25,5-2,'SAS',leads
567,567,567,200211110SAS,33.8,10.3,1st quarter,10:45.0,Tony Parker,SAS,True,2-pointer,11,7-2,'SAS',leads
568,568,568,200211110SAS,23.8,4.5,1st quarter,10:17.0,Tony Parker,SAS,True,2-pointer,1,9-2,'SAS',leads
569,569,569,200211110SAS,12.3,5.0,1st quarter,9:33.0,Tim Duncan,SAS,False,2-pointer,12,9-4,'SAS',leads
570,570,570,200211110SAS,16.9,11.3,1st quarter,8:58.0,Tim Duncan,SAS,True,2-pointer,9,11-6,'SAS',leads
571,571,571,200211110SAS,12.8,19.5,1st quarter,8:26.0,Tony Parker,SAS,False,2-pointer,18,11-8,'SAS',leads
572,572,572,200211110SAS,40.6,4.5,1st quarter,7:32.0,Danny Ferry,SAS,False,2-pointer,17,11-8,'SAS',leads
573,573,573,200211110SAS,23.8,5.3,1st quarter,7:02.0,David Robinson,SAS,True,2-pointer,0,13-8,'SAS',leads
574,574,574,200211110SAS,23.7,5.5,1st quarter,6:21.0,Bruce Bowen,SAS,False,2-pointer,1,13-10,'SAS',leads
575,575,575,200211110SAS,16.8,19.5,1st quarter,5:40.0,Tim Duncan,SAS,False,2-pointer,16,15-10,'SAS',leads
576,576,576,200211110SAS,16.6,29.0,1st quarter,5:16.0,Danny Ferry,SAS,False,3-pointer,25,15-12,'SAS',leads
577,577,577,200211110SAS,22.4,6.5,1st quarter,5:12.0,Tim Duncan,SAS,True,2-pointer,2,17-12,'SAS',leads
578,578,578,200211110SAS,13.8,27.4,1st quarter,4:32.0,Bruce Bowen,SAS,False,3-pointer,25,17-14,'SAS',leads
579,579,579,200211110SAS,24.0,5.8,1st quarter,4:21.0,David Robinson,SAS,True,2-pointer,1,19-14,'SAS',leads
580,580,580,200211110SAS,31.1,18.7,1st quarter,3:54.0,David Robinson,SAS,True,2-pointer,15,21-14,'SAS',leads
581,581,581,200211110SAS,24.8,5.0,1st quarter,3:32.0,Tony Parker,SAS,True,2-pointer,1,23-14,'SAS',leads
582,582,582,200211110SAS,21.2,30.5,1st quarter,2:18.0,Stephen Jackson,SAS,True,3-pointer,26,26-16,'SAS',leads
583,583,583,200211110SAS,36.3,13.1,1st quarter,1:38.0,Tim Duncan,SAS,False,2-pointer,15,26-16,'SAS',leads
584,584,584,200211110SAS,19.6,9.1,1st quarter,1:19.0,Tim Duncan,SAS,False,2-pointer,6,26-16,'SAS',leads
585,585,585,200211110SAS,38.1,11.6,1st quarter,0:50.7,Malik Rose,SAS,False,2-pointer,16,26-16,'SAS',leads
586,586,586,200211110SAS,26.0,5.8,1st quarter,0:22.7,Stephen Jackson,SAS,False,2-pointer,2,26-18,'SAS',leads
587,587,587,200211110SAS,23.4,5.5,2nd quarter,11:28.0,Manu Ginóbili,SAS,True,2-pointer,1,28-18,'SAS',leads
588,588,588,200211110SAS,37.3,7.5,2nd quarter,11:05.0,Steve Kerr,SAS,True,2-pointer,14,30-18,'SAS',leads
589,589,589,200211110SAS,9.9,24.2,2nd quarter,10:35.0,Manu Ginóbili,SAS,False,3-pointer,24,30-18,'SAS',leads
590,590,590,200211110SAS,23.0,5.3,2nd quarter,10:07.0,Manu Ginóbili,SAS,False,2-pointer,1,30-19,'SAS',leads
591,591,591,200211110SAS,0.0,5.0,2nd quarter,8:50.0,Stephen Jackson,SAS,False,3-pointer,24,33-21,'SAS',leads
592,592,592,200211110SAS,37.5,26.4,2nd quarter,8:43.0,Steve Kerr,SAS,True,3-pointer,25,36-21,'SAS',leads
593,593,593,200211110SAS,25.0,5.2,2nd quarter,8:02.0,Malik Rose,SAS,False,2-pointer,1,36-21,'SAS',leads
594,594,594,200211110SAS,25.0,6.8,2nd quarter,6:53.0,Stephen Jackson,SAS,True,2-pointer,2,40-23,'SAS',leads
595,595,595,200211110SAS,25.5,10.3,2nd quarter,6:33.0,Steve Kerr,SAS,False,2-pointer,6,40-25,'SAS',leads
596,596,596,200211110SAS,33.5,6.5,2nd quarter,6:18.0,Tim Duncan,SAS,True,2-pointer,10,42-25,'SAS',leads
597,597,597,200211110SAS,24.6,5.5,2nd quarter,5:39.0,Stephen Jackson,SAS,False,2-pointer,1,42-25,'SAS',leads
598,598,598,200211110SAS,24.6,5.2,2nd quarter,5:19.0,Stephen Jackson,SAS,False,2-pointer,1,42-25,'SAS',leads
599,599,599,200211110SAS,30.2,8.5,2nd quarter,4:58.0,Tim Duncan,SAS,False,2-pointer,7,42-25,'SAS',leads
600,600,600,200211110SAS,13.2,13.4,2nd quarter,4:28.0,Tim Duncan,SAS,False,2-pointer,14,42-25,'SAS',leads
601,601,601,200211110SAS,24.1,5.1,2nd quarter,4:05.0,David Robinson,SAS,False,2-pointer,0,42-25,'SAS',leads
602,602,602,200211110SAS,23.0,5.2,2nd quarter,4:01.0,David Robinson,SAS,False,2-pointer,1,42-25,'SAS',leads
603,603,603,200211110SAS,24.5,5.0,2nd quarter,3:35.0,David Robinson,SAS,True,2-pointer,1,44-25,'SAS',leads
604,604,604,200211110SAS,0.7,5.0,2nd quarter,2:52.0,Bruce Bowen,SAS,True,3-pointer,23,47-27,'SAS',leads
605,605,605,200211110SAS,9.7,6.5,2nd quarter,2:00.0,David Robinson,SAS,False,2-pointer,14,48-27,'SAS',leads
606,606,606,200211110SAS,38.6,12.6,2nd quarter,1:43.0,Manu Ginóbili,SAS,True,2-pointer,16,50-27,'SAS',leads
607,607,607,200211110SAS,27.3,22.6,2nd quarter,1:09.0,Tim Duncan,SAS,False,2-pointer,18,50-27,'SAS',leads
608,608,608,200211110SAS,18.1,24.2,2nd quarter,0:46.4,Tony Parker,SAS,True,2-pointer,20,52-29,'SAS',leads
609,609,609,200211110SAS,35.0,10.1,2nd quarter,0:17.7,Tim Duncan,SAS,False,2-pointer,12,52-31,'SAS',leads
610,610,610,200211110SAS,31.9,22.8,2nd quarter,0:05.5,Tony Parker,SAS,False,2-pointer,19,52-31,'SAS',leads
611,611,611,200211110SAS,1.8,8.1,2nd quarter,0:00.0,Tony Parker,SAS,False,3-pointer,22,52-31,'SAS',leads
612,612,612,200211110SAS,24.0,5.2,3rd quarter,11:25.0,Tim Duncan,SAS,False,2-pointer,0,52-33,'SAS',leads
613,613,613,200211110SAS,40.7,23.3,3rd quarter,10:29.0,Tony Parker,SAS,False,3-pointer,25,53-35,'SAS',leads
614,614,614,200211110SAS,30.2,22.4,3rd quarter,9:51.0,Tim Duncan,SAS,False,2-pointer,18,53-37,'SAS',leads
615,615,615,200211110SAS,6.6,4.5,3rd quarter,9:20.0,Danny Ferry,SAS,True,2-pointer,17,55-39,'SAS',leads
616,616,616,200211110SAS,31.5,20.8,3rd quarter,8:49.0,David Robinson,SAS,False,2-pointer,17,55-39,'SAS',leads
617,617,617,200211110SAS,11.4,10.4,3rd quarter,8:16.0,Bruce Bowen,SAS,False,2-pointer,14,55-39,'SAS',leads
618,618,618,200211110SAS,23.7,5.0,3rd quarter,7:50.0,Tim Duncan,SAS,True,2-pointer,0,57-39,'SAS',leads
619,619,619,200211110SAS,24.5,5.2,3rd quarter,7:13.0,Tim Duncan,SAS,True,2-pointer,1,59-41,'SAS',leads
620,620,620,200211110SAS,17.6,21.1,3rd quarter,6:44.0,Tim Duncan,SAS,True,2-pointer,17,61-41,'SAS',leads
621,621,621,200211110SAS,41.4,24.2,3rd quarter,6:11.0,Danny Ferry,SAS,False,3-pointer,26,61-43,'SAS',leads
622,622,622,200211110SAS,23.5,5.3,3rd quarter,5:51.0,Tony Parker,SAS,False,2-pointer,1,61-43,'SAS',leads
623,623,623,200211110SAS,22.9,5.5,3rd quarter,5:15.0,Tony Parker,SAS,False,2-pointer,1,61-43,'SAS',leads
624,624,624,200211110SAS,34.8,28.0,3rd quarter,4:44.0,Steve Kerr,SAS,False,3-pointer,25,61-44,'SAS',leads
625,625,625,200211110SAS,18.8,23.3,3rd quarter,4:08.0,Tim Duncan,SAS,True,2-pointer,19,63-44,'SAS',leads
626,626,626,200211110SAS,38.9,5.3,3rd quarter,3:21.0,Tim Duncan,SAS,True,2-pointer,15,65-44,'SAS',leads
627,627,627,200211110SAS,43.5,19.1,3rd quarter,2:11.0,Steve Kerr,SAS,True,3-pointer,24,68-46,'SAS',leads
628,628,628,200211110SAS,39.8,5.2,3rd quarter,1:30.0,Stephen Jackson,SAS,False,2-pointer,16,68-48,'SAS',leads
629,629,629,200211110SAS,34.7,5.2,3rd quarter,1:08.0,Tim Duncan,SAS,True,2-pointer,11,70-50,'SAS',leads
630,630,630,200211110SAS,25.0,6.0,3rd quarter,0:44.3,Stephen Jackson,SAS,False,2-pointer,1,70-52,'SAS',leads
631,631,631,200211110SAS,24.6,7.2,3rd quarter,0:21.3,Manu Ginóbili,SAS,False,2-pointer,2,70-52,'SAS',leads
632,632,632,200211110SAS,47.6,4.4,4th quarter,11:03.0,Stephen Jackson,SAS,False,3-pointer,24,72-56,'SAS',leads
633,633,633,200211110SAS,24.3,5.0,4th quarter,10:25.0,Malik Rose,SAS,True,2-pointer,0,74-58,'SAS',leads
634,634,634,200211110SAS,6.3,22.6,4th quarter,10:07.0,Steve Kerr,SAS,False,3-pointer,25,75-58,'SAS',leads
635,635,635,200211110SAS,24.0,5.3,4th quarter,9:54.0,David Robinson,SAS,True,2-pointer,0,77-58,'SAS',leads
636,636,636,200211110SAS,1.0,8.0,4th quarter,9:15.0,Manu Ginóbili,SAS,False,3-pointer,23,77-58,'SAS',leads
637,637,637,200211110SAS,34.3,27.9,4th quarter,9:00.0,Tony Parker,SAS,False,3-pointer,25,77-59,'SAS',leads
638,638,638,200211110SAS,37.1,18.7,4th quarter,8:29.0,Tony Parker,SAS,False,2-pointer,19,77-59,'SAS',leads
639,639,639,200211110SAS,19.6,28.7,4th quarter,7:51.0,Steve Kerr,SAS,True,3-pointer,24,80-59,'SAS',leads
640,640,640,200211110SAS,10.0,25.6,4th quarter,7:14.0,Danny Ferry,SAS,False,3-pointer,25,80-61,'SAS',leads
641,641,641,200211110SAS,36.5,27.2,4th quarter,6:09.0,Steve Kerr,SAS,False,3-pointer,25,80-63,'SAS',leads
642,642,642,200211110SAS,22.9,5.0,4th quarter,5:48.0,Tim Duncan,SAS,False,2-pointer,1,80-63,'SAS',leads
643,643,643,200211110SAS,23.8,9.1,4th quarter,5:28.0,Tony Parker,SAS,False,2-pointer,4,80-63,'SAS',leads
644,644,644,200211110SAS,47.6,4.7,4th quarter,5:08.0,Tony Parker,SAS,False,3-pointer,24,80-63,'SAS',leads
645,645,645,200211110SAS,1.5,5.0,4th quarter,4:59.0,Danny Ferry,SAS,False,3-pointer,23,80-63,'SAS',leads
646,646,646,200211110SAS,40.1,5.3,4th quarter,4:47.0,Tim Duncan,SAS,False,2-pointer,16,80-63,'SAS',leads
647,647,647,200211110SAS,47.2,5.0,4th quarter,4:05.0,Danny Ferry,SAS,False,3-pointer,23,80-65,'SAS',leads
648,648,648,200211110SAS,24.3,7.8,4th quarter,3:39.0,Tim Duncan,SAS,False,2-pointer,3,80-67,'SAS',leads
649,649,649,200211110SAS,24.0,5.5,4th quarter,3:31.0,Tony Parker,SAS,True,2-pointer,1,82-67,'SAS',leads
650,650,650,200211110SAS,24.0,29.8,4th quarter,2:48.0,Steve Kerr,SAS,True,3-pointer,25,85-67,'SAS',leads
651,651,651,200211110SAS,13.8,27.9,4th quarter,2:09.0,Steve Kerr,SAS,True,3-pointer,25,88-67,'SAS',leads
652,652,652,200211110SAS,46.7,16.0,4th quarter,0:43.7,Stephen Jackson,SAS,True,3-pointer,25,91-71,'SAS',leads
653,653,653,200211110SAS,7.1,22.9,4th quarter,0:22.1,Stephen Jackson,SAS,False,3-pointer,25,91-73,'SAS',leads
