,Unnamed: 0.1,Unnamed: 0,match_id,shotX,shotY,quarter,time_remaining,player,team,made,shot_type,distance,score,opp,status
0,0,0,200201270PHI,12.1,8.2,1st quarter,11:31.0,Samaki Walker,LAL,False,2-pointer,12,0-0,'LAL',tied
1,1,1,200201270PHI,24.0,5.0,1st quarter,10:55.0,Shaquille O'Neal,LAL,False,2-pointer,0,0-2,'LAL',trails
2,2,2,200201270PHI,13.5,7.1,1st quarter,10:30.0,Lindsey Hunter,LAL,False,2-pointer,11,0-4,'LAL',trails
3,3,3,200201270PHI,5.7,3.5,1st quarter,10:05.0,Rick Fox,LAL,True,2-pointer,18,2-7,'LAL',trails
4,4,4,200201270PHI,24.1,7.6,1st quarter,9:32.0,Samaki Walker,LAL,True,2-pointer,3,4-10,'LAL',trails
5,5,5,200201270PHI,38.2,15.8,1st quarter,9:00.0,Lindsey Hunter,LAL,True,2-pointer,18,6-12,'LAL',trails
6,6,6,200201270PHI,26.2,9.9,1st quarter,8:21.0,Shaquille O'Neal,LAL,True,2-pointer,5,8-14,'LAL',trails
7,7,7,200201270PHI,35.5,16.8,1st quarter,7:46.0,Lindsey Hunter,LAL,False,2-pointer,16,8-14,'LAL',trails
8,8,8,200201270PHI,14.2,7.1,1st quarter,7:17.0,Shaquille O'Neal,LAL,True,2-pointer,10,10-14,'LAL',trails
9,9,9,200201270PHI,13.5,5.0,1st quarter,6:40.0,Shaquille O'Neal,LAL,False,2-pointer,11,10-14,'LAL',trails
10,10,10,200201270PHI,24.0,5.0,1st quarter,6:28.0,Lindsey Hunter,LAL,False,2-pointer,0,10-14,'LAL',trails
11,11,11,200201270PHI,24.0,5.0,1st quarter,6:27.0,Kobe Bryant,LAL,True,2-pointer,0,12-14,'LAL',trails
12,12,12,200201270PHI,24.0,5.0,1st quarter,5:56.0,Shaquille O'Neal,LAL,False,2-pointer,0,12-14,'LAL',trails
13,13,13,200201270PHI,12.9,18.5,1st quarter,4:37.0,Rick Fox,LAL,True,2-pointer,17,15-18,'LAL',trails
14,14,14,200201270PHI,22.2,12.0,1st quarter,4:04.0,Samaki Walker,LAL,False,2-pointer,7,15-20,'LAL',trails
15,15,15,200201270PHI,12.1,14.1,1st quarter,3:40.0,Kobe Bryant,LAL,False,2-pointer,15,15-22,'LAL',trails
16,16,16,200201270PHI,24.0,5.0,1st quarter,3:10.0,Robert Horry,LAL,True,2-pointer,0,17-22,'LAL',trails
17,17,17,200201270PHI,18.6,6.1,1st quarter,2:17.0,Shaquille O'Neal,LAL,False,2-pointer,6,17-22,'LAL',trails
18,18,18,200201270PHI,40.3,26.1,1st quarter,1:55.0,Derek Fisher,LAL,False,3-pointer,27,17-22,'LAL',trails
19,19,19,200201270PHI,31.3,7.6,1st quarter,1:29.0,Rick Fox,LAL,False,2-pointer,8,17-22,'LAL',trails
20,20,20,200201270PHI,24.0,5.0,1st quarter,1:06.0,Kobe Bryant,LAL,False,2-pointer,0,17-22,'LAL',trails
21,21,21,200201270PHI,26.2,18.5,1st quarter,0:31.6,Robert Horry,LAL,True,2-pointer,14,19-24,'LAL',trails
22,22,22,200201270PHI,24.0,5.0,1st quarter,0:02.9,Kobe Bryant,LAL,True,2-pointer,0,21-24,'LAL',trails
23,23,23,200201270PHI,20.1,24.6,2nd quarter,11:41.0,Robert Horry,LAL,True,2-pointer,20,24-24,'LAL',tied
24,24,24,200201270PHI,37.4,4.6,2nd quarter,11:06.0,Kobe Bryant,LAL,True,2-pointer,13,26-24,'LAL',leads
25,25,25,200201270PHI,36.1,28.2,2nd quarter,10:07.0,Robert Horry,LAL,True,3-pointer,26,29-24,'LAL',leads
26,26,26,200201270PHI,0.0,9.2,2nd quarter,8:56.0,Robert Horry,LAL,False,3-pointer,24,29-26,'LAL',leads
27,27,27,200201270PHI,24.1,10.3,2nd quarter,8:52.0,Samaki Walker,LAL,True,2-pointer,5,31-26,'LAL',leads
28,28,28,200201270PHI,24.0,5.0,2nd quarter,8:16.0,Devean George,LAL,True,2-pointer,0,33-26,'LAL',leads
29,29,29,200201270PHI,24.0,5.0,2nd quarter,7:43.0,Shaquille O'Neal,LAL,True,2-pointer,0,35-26,'LAL',leads
30,30,30,200201270PHI,24.7,9.9,2nd quarter,6:55.0,Shaquille O'Neal,LAL,False,2-pointer,5,35-28,'LAL',leads
31,31,31,200201270PHI,37.4,20.6,2nd quarter,6:03.0,Kobe Bryant,LAL,False,2-pointer,21,35-30,'LAL',leads
32,32,32,200201270PHI,24.1,30.5,2nd quarter,4:32.0,Rick Fox,LAL,False,3-pointer,26,37-34,'LAL',leads
33,33,33,200201270PHI,24.7,13.0,2nd quarter,4:01.0,Rick Fox,LAL,True,2-pointer,8,39-34,'LAL',leads
34,34,34,200201270PHI,31.9,8.2,2nd quarter,3:33.0,Shaquille O'Neal,LAL,False,2-pointer,9,39-34,'LAL',leads
35,35,35,200201270PHI,17.1,5.0,2nd quarter,3:05.0,Derek Fisher,LAL,False,2-pointer,7,39-36,'LAL',leads
36,36,36,200201270PHI,24.0,5.0,2nd quarter,2:59.0,Shaquille O'Neal,LAL,True,2-pointer,0,41-36,'LAL',leads
37,37,37,200201270PHI,24.0,5.0,2nd quarter,2:19.0,Shaquille O'Neal,LAL,True,2-pointer,0,43-36,'LAL',leads
38,38,38,200201270PHI,24.0,5.0,2nd quarter,1:55.0,Robert Horry,LAL,False,2-pointer,0,43-38,'LAL',leads
39,39,39,200201270PHI,23.4,17.5,2nd quarter,1:41.0,Lindsey Hunter,LAL,False,2-pointer,13,43-39,'LAL',leads
40,40,40,200201270PHI,23.4,13.7,2nd quarter,1:17.0,Shaquille O'Neal,LAL,False,2-pointer,9,43-39,'LAL',leads
41,41,41,200201270PHI,23.4,31.6,2nd quarter,0:45.7,Brian Shaw,LAL,False,3-pointer,27,43-41,'LAL',leads
42,42,42,200201270PHI,41.8,25.5,2nd quarter,0:05.3,Lindsey Hunter,LAL,False,3-pointer,27,43-42,'LAL',leads
43,43,43,200201270PHI,36.1,7.1,2nd quarter,0:00.2,Shaquille O'Neal,LAL,False,2-pointer,12,43-42,'LAL',leads
44,44,44,200201270PHI,18.6,8.2,2nd quarter,0:00.2,Devean George,LAL,True,2-pointer,6,45-42,'LAL',leads
45,45,45,200201270PHI,38.8,5.4,3rd quarter,11:38.0,Kobe Bryant,LAL,True,2-pointer,15,47-42,'LAL',leads
46,46,46,200201270PHI,38.2,18.1,3rd quarter,10:56.0,Kobe Bryant,LAL,False,2-pointer,19,47-42,'LAL',leads
47,47,47,200201270PHI,28.9,18.5,3rd quarter,10:42.0,Kobe Bryant,LAL,False,2-pointer,14,47-42,'LAL',leads
48,48,48,200201270PHI,40.3,22.7,3rd quarter,10:10.0,Lindsey Hunter,LAL,True,3-pointer,24,50-43,'LAL',leads
49,49,49,200201270PHI,46.6,6.1,3rd quarter,9:38.0,Lindsey Hunter,LAL,False,3-pointer,23,50-43,'LAL',leads
50,50,50,200201270PHI,25.4,19.6,3rd quarter,9:04.0,Kobe Bryant,LAL,False,2-pointer,15,50-45,'LAL',leads
51,51,51,200201270PHI,21.3,7.6,3rd quarter,8:37.0,Shaquille O'Neal,LAL,False,2-pointer,4,50-47,'LAL',leads
52,52,52,200201270PHI,10.8,6.5,3rd quarter,8:05.0,Kobe Bryant,LAL,False,2-pointer,13,50-47,'LAL',leads
53,53,53,200201270PHI,23.4,21.3,3rd quarter,7:48.0,Rick Fox,LAL,False,2-pointer,16,50-49,'LAL',leads
54,54,54,200201270PHI,22.2,15.8,3rd quarter,7:12.0,Shaquille O'Neal,LAL,False,2-pointer,11,50-51,'LAL',trails
55,55,55,200201270PHI,9.3,6.1,3rd quarter,6:46.0,Lindsey Hunter,LAL,False,2-pointer,15,50-53,'LAL',trails
56,56,56,200201270PHI,24.1,12.0,3rd quarter,6:31.0,Shaquille O'Neal,LAL,True,2-pointer,7,52-53,'LAL',trails
57,57,57,200201270PHI,18.6,12.0,3rd quarter,5:57.0,Kobe Bryant,LAL,True,2-pointer,9,54-53,'LAL',leads
58,58,58,200201270PHI,38.8,4.6,3rd quarter,5:14.0,Rick Fox,LAL,True,2-pointer,15,56-53,'LAL',leads
59,59,59,200201270PHI,25.4,19.6,3rd quarter,4:42.0,Rick Fox,LAL,False,2-pointer,15,56-55,'LAL',leads
60,60,60,200201270PHI,23.4,8.8,3rd quarter,4:19.0,Kobe Bryant,LAL,True,2-pointer,4,58-55,'LAL',leads
61,61,61,200201270PHI,24.0,5.0,3rd quarter,3:56.0,Kobe Bryant,LAL,True,2-pointer,0,60-55,'LAL',leads
62,62,62,200201270PHI,26.8,9.2,3rd quarter,3:16.0,Samaki Walker,LAL,False,2-pointer,5,60-57,'LAL',leads
63,63,63,200201270PHI,24.0,5.0,3rd quarter,3:14.0,Shaquille O'Neal,LAL,True,2-pointer,0,62-57,'LAL',leads
64,64,64,200201270PHI,24.0,5.0,3rd quarter,2:38.0,Shaquille O'Neal,LAL,True,2-pointer,0,65-59,'LAL',leads
65,65,65,200201270PHI,24.0,5.0,3rd quarter,2:02.0,Rick Fox,LAL,False,2-pointer,0,65-61,'LAL',leads
66,66,66,200201270PHI,24.1,10.9,3rd quarter,0:58.6,Shaquille O'Neal,LAL,True,2-pointer,6,67-61,'LAL',leads
67,67,67,200201270PHI,46.6,5.0,3rd quarter,0:31.2,Derek Fisher,LAL,False,3-pointer,23,67-61,'LAL',leads
68,68,68,200201270PHI,37.4,27.8,3rd quarter,0:00.5,Robert Horry,LAL,False,3-pointer,26,67-63,'LAL',leads
69,69,69,200201270PHI,23.4,10.3,4th quarter,10:37.0,Kobe Bryant,LAL,False,2-pointer,5,69-67,'LAL',leads
70,70,70,200201270PHI,26.2,29.9,4th quarter,9:12.0,Derek Fisher,LAL,True,3-pointer,25,72-73,'LAL',trails
71,71,71,200201270PHI,33.4,5.4,4th quarter,8:24.0,Shaquille O'Neal,LAL,False,2-pointer,9,72-75,'LAL',trails
72,72,72,200201270PHI,12.9,7.6,4th quarter,7:18.0,Derek Fisher,LAL,True,2-pointer,11,75-77,'LAL',trails
73,73,73,200201270PHI,7.2,27.8,4th quarter,6:40.0,Derek Fisher,LAL,False,3-pointer,28,75-79,'LAL',trails
74,74,74,200201270PHI,10.8,28.2,4th quarter,6:09.0,Devean George,LAL,False,3-pointer,27,75-79,'LAL',trails
75,75,75,200201270PHI,40.3,26.7,4th quarter,5:31.0,Derek Fisher,LAL,False,3-pointer,27,75-81,'LAL',trails
76,76,76,200201270PHI,15.6,8.2,4th quarter,4:59.0,Rick Fox,LAL,True,2-pointer,9,77-81,'LAL',trails
77,77,77,200201270PHI,24.0,5.0,4th quarter,4:18.0,Shaquille O'Neal,LAL,True,2-pointer,0,79-81,'LAL',trails
78,78,78,200201270PHI,22.8,21.9,4th quarter,3:04.0,Kobe Bryant,LAL,False,2-pointer,17,79-83,'LAL',trails
79,79,79,200201270PHI,36.7,29.3,4th quarter,2:10.0,Derek Fisher,LAL,False,3-pointer,27,79-83,'LAL',trails
80,80,80,200201270PHI,24.1,13.0,4th quarter,0:56.0,Kobe Bryant,LAL,True,2-pointer,8,84-85,'LAL',trails
81,81,81,200201270PHI,24.0,5.0,4th quarter,0:35.8,Derek Fisher,LAL,False,2-pointer,0,84-87,'LAL',trails
82,82,82,200201270PHI,39.5,28.2,4th quarter,0:08.1,Rick Fox,LAL,False,3-pointer,28,84-91,'LAL',trails
83,83,83,200201270PHI,24.0,5.0,4th quarter,0:06.4,Shaquille O'Neal,LAL,True,2-pointer,0,86-91,'LAL',trails
84,84,84,200201270PHI,37.4,32.0,4th quarter,0:01.2,Derek Fisher,LAL,False,3-pointer,30,87-93,'LAL',trails
85,85,85,200201270PHI,31.3,18.1,1st quarter,11:48.0,Derrick Coleman,PHI,False,2-pointer,15,0-0,'LAL',tied
86,86,86,200201270PHI,5.1,3.5,1st quarter,11:15.0,Matt Harpring,PHI,True,2-pointer,19,2-0,'LAL',leads
87,87,87,200201270PHI,22.2,6.1,1st quarter,10:41.0,Dikembe Mutombo,PHI,True,2-pointer,2,4-0,'LAL',leads
88,88,88,200201270PHI,0.0,8.8,1st quarter,10:21.0,Allen Iverson,PHI,True,3-pointer,24,7-0,'LAL',leads
89,89,89,200201270PHI,24.0,5.0,1st quarter,9:50.0,Matt Harpring,PHI,True,2-pointer,0,9-2,'LAL',leads
90,90,90,200201270PHI,25.4,15.8,1st quarter,9:15.0,Eric Snow,PHI,True,2-pointer,11,12-4,'LAL',leads
91,91,91,200201270PHI,37.4,12.6,1st quarter,8:41.0,Allen Iverson,PHI,False,2-pointer,15,12-6,'LAL',leads
92,92,92,200201270PHI,39.5,4.6,1st quarter,8:37.0,Matt Harpring,PHI,True,2-pointer,16,14-6,'LAL',leads
93,93,93,200201270PHI,37.4,7.6,1st quarter,7:52.0,Allen Iverson,PHI,False,2-pointer,14,14-8,'LAL',leads
94,94,94,200201270PHI,40.3,9.9,1st quarter,7:37.0,Eric Snow,PHI,False,2-pointer,17,14-8,'LAL',leads
95,95,95,200201270PHI,17.7,11.3,1st quarter,6:59.0,Derrick Coleman,PHI,False,2-pointer,9,14-10,'LAL',leads
96,96,96,200201270PHI,9.9,16.4,1st quarter,6:10.0,Allen Iverson,PHI,False,2-pointer,18,14-12,'LAL',leads
97,97,97,200201270PHI,24.0,5.0,1st quarter,5:49.0,Allen Iverson,PHI,True,2-pointer,0,16-12,'LAL',leads
98,98,98,200201270PHI,42.4,4.6,1st quarter,5:11.0,Derrick Coleman,PHI,False,2-pointer,18,16-12,'LAL',leads
99,99,99,200201270PHI,24.0,5.0,1st quarter,4:45.0,Matt Harpring,PHI,True,2-pointer,0,18-13,'LAL',leads
100,100,100,200201270PHI,39.5,5.0,1st quarter,4:23.0,Allen Iverson,PHI,True,2-pointer,16,20-15,'LAL',leads
101,101,101,200201270PHI,24.0,5.0,1st quarter,3:58.0,Allen Iverson,PHI,True,2-pointer,0,22-15,'LAL',leads
102,102,102,200201270PHI,36.1,20.0,1st quarter,3:28.0,Allen Iverson,PHI,False,2-pointer,19,22-15,'LAL',leads
103,103,103,200201270PHI,10.8,13.7,1st quarter,2:40.0,Raja Bell,PHI,False,2-pointer,16,22-17,'LAL',leads
104,104,104,200201270PHI,24.0,5.0,1st quarter,2:03.0,Allen Iverson,PHI,False,2-pointer,0,22-17,'LAL',leads
105,105,105,200201270PHI,34.0,4.6,1st quarter,1:41.0,Derrick McKey,PHI,False,2-pointer,10,22-17,'LAL',leads
106,106,106,200201270PHI,17.7,9.9,1st quarter,1:21.0,Allen Iverson,PHI,False,2-pointer,8,22-17,'LAL',leads
107,107,107,200201270PHI,10.8,5.4,1st quarter,0:48.4,Allen Iverson,PHI,False,2-pointer,13,22-17,'LAL',leads
108,108,108,200201270PHI,24.0,5.0,1st quarter,0:45.2,Derrick Coleman,PHI,True,2-pointer,0,24-17,'LAL',leads
109,109,109,200201270PHI,8.7,29.9,1st quarter,0:00.1,Allen Iverson,PHI,False,3-pointer,29,24-22,'LAL',leads
110,110,110,200201270PHI,25.4,14.1,2nd quarter,11:28.0,Speedy Claxton,PHI,False,2-pointer,9,24-24,'LAL',tied
111,111,111,200201270PHI,19.2,6.1,2nd quarter,11:23.0,Derrick McKey,PHI,False,2-pointer,5,24-24,'LAL',tied
112,112,112,200201270PHI,8.7,4.6,2nd quarter,10:48.0,Matt Harpring,PHI,False,2-pointer,15,24-26,'LAL',trails
113,113,113,200201270PHI,24.0,5.0,2nd quarter,10:25.0,Speedy Claxton,PHI,False,2-pointer,0,24-26,'LAL',trails
114,114,114,200201270PHI,31.9,14.7,2nd quarter,10:18.0,Allen Iverson,PHI,False,2-pointer,13,24-26,'LAL',trails
115,115,115,200201270PHI,24.7,11.3,2nd quarter,9:18.0,Derrick Coleman,PHI,True,2-pointer,6,26-29,'LAL',trails
116,116,116,200201270PHI,8.7,5.0,2nd quarter,8:29.0,Derrick Coleman,PHI,False,2-pointer,15,26-31,'LAL',trails
117,117,117,200201270PHI,18.6,3.9,2nd quarter,7:20.0,Derrick Coleman,PHI,False,2-pointer,6,26-35,'LAL',trails
118,118,118,200201270PHI,24.0,5.0,2nd quarter,7:18.0,Dikembe Mutombo,PHI,True,2-pointer,0,28-35,'LAL',trails
119,119,119,200201270PHI,40.3,27.2,2nd quarter,6:33.0,Derrick Coleman,PHI,False,3-pointer,28,28-35,'LAL',trails
120,120,120,200201270PHI,24.0,5.0,2nd quarter,6:27.0,Speedy Claxton,PHI,True,2-pointer,0,30-35,'LAL',trails
121,121,121,200201270PHI,36.1,3.5,2nd quarter,5:44.0,Dikembe Mutombo,PHI,True,2-pointer,12,32-35,'LAL',trails
122,122,122,200201270PHI,12.1,12.6,2nd quarter,5:17.0,Eric Snow,PHI,False,2-pointer,14,32-35,'LAL',trails
123,123,123,200201270PHI,31.3,11.3,2nd quarter,4:50.0,Allen Iverson,PHI,True,2-pointer,10,34-37,'LAL',trails
124,124,124,200201270PHI,8.0,4.6,2nd quarter,3:46.0,Matt Harpring,PHI,False,2-pointer,16,34-39,'LAL',trails
125,125,125,200201270PHI,24.0,5.0,2nd quarter,3:26.0,Matt Harpring,PHI,True,2-pointer,0,36-39,'LAL',trails
126,126,126,200201270PHI,13.5,9.9,2nd quarter,2:39.0,Allen Iverson,PHI,False,2-pointer,12,36-41,'LAL',trails
127,127,127,200201270PHI,24.0,5.0,2nd quarter,2:26.0,Allen Iverson,PHI,False,2-pointer,0,36-41,'LAL',trails
128,128,128,200201270PHI,24.0,5.0,2nd quarter,1:34.0,Speedy Claxton,PHI,False,2-pointer,0,39-43,'LAL',trails
129,129,129,200201270PHI,46.6,7.6,2nd quarter,0:29.0,Raja Bell,PHI,False,3-pointer,23,41-43,'LAL',trails
130,130,130,200201270PHI,16.3,20.0,3rd quarter,11:20.0,Eric Snow,PHI,False,2-pointer,17,42-47,'LAL',trails
131,131,131,200201270PHI,29.8,13.7,3rd quarter,9:50.0,Derrick Coleman,PHI,False,2-pointer,10,43-50,'LAL',trails
132,132,132,200201270PHI,4.3,21.3,3rd quarter,9:29.0,Allen Iverson,PHI,False,3-pointer,26,43-50,'LAL',trails
133,133,133,200201270PHI,40.9,8.8,3rd quarter,9:25.0,Matt Harpring,PHI,True,2-pointer,17,45-50,'LAL',trails
134,134,134,200201270PHI,24.0,5.0,3rd quarter,8:56.0,Derrick Coleman,PHI,True,2-pointer,0,47-50,'LAL',trails
135,135,135,200201270PHI,5.7,22.7,3rd quarter,7:35.0,Derrick Coleman,PHI,False,3-pointer,25,49-50,'LAL',trails
136,136,136,200201270PHI,24.0,5.0,3rd quarter,7:30.0,Derrick Coleman,PHI,True,2-pointer,0,51-50,'LAL',leads
137,137,137,200201270PHI,14.2,5.0,3rd quarter,7:03.0,Allen Iverson,PHI,True,2-pointer,10,53-50,'LAL',leads
138,138,138,200201270PHI,22.8,14.7,3rd quarter,6:14.0,Dikembe Mutombo,PHI,False,2-pointer,10,53-52,'LAL',leads
139,139,139,200201270PHI,21.3,12.0,3rd quarter,5:30.0,Eric Snow,PHI,False,2-pointer,8,53-54,'LAL',trails
140,140,140,200201270PHI,24.7,13.0,3rd quarter,4:32.0,Allen Iverson,PHI,False,2-pointer,8,55-56,'LAL',trails
141,141,141,200201270PHI,12.9,10.3,3rd quarter,3:59.0,Allen Iverson,PHI,False,2-pointer,12,55-58,'LAL',trails
142,142,142,200201270PHI,17.1,9.9,3rd quarter,3:38.0,Eric Snow,PHI,True,2-pointer,8,57-60,'LAL',trails
143,143,143,200201270PHI,15.0,8.2,3rd quarter,2:59.0,Dikembe Mutombo,PHI,True,2-pointer,10,59-63,'LAL',trails
144,144,144,200201270PHI,24.0,5.0,3rd quarter,2:25.0,Allen Iverson,PHI,True,2-pointer,0,61-65,'LAL',trails
145,145,145,200201270PHI,6.6,24.0,3rd quarter,1:50.0,Allen Iverson,PHI,False,3-pointer,26,61-65,'LAL',trails
146,146,146,200201270PHI,8.7,11.3,3rd quarter,0:41.8,Allen Iverson,PHI,False,2-pointer,17,61-67,'LAL',trails
147,147,147,200201270PHI,24.0,5.0,3rd quarter,0:15.2,Speedy Claxton,PHI,True,2-pointer,0,63-67,'LAL',trails
148,148,148,200201270PHI,8.7,5.0,4th quarter,11:40.0,Raja Bell,PHI,True,2-pointer,15,65-67,'LAL',trails
149,149,149,200201270PHI,34.0,9.2,4th quarter,10:58.0,Derrick Coleman,PHI,True,2-pointer,11,67-69,'LAL',trails
150,150,150,200201270PHI,24.0,5.0,4th quarter,10:24.0,Speedy Claxton,PHI,False,2-pointer,0,67-69,'LAL',trails
151,151,151,200201270PHI,24.0,5.0,4th quarter,10:23.0,Corie Blount,PHI,False,2-pointer,0,67-69,'LAL',trails
152,152,152,200201270PHI,24.0,5.0,4th quarter,10:20.0,Derrick Coleman,PHI,True,2-pointer,0,69-69,'LAL',tied
153,153,153,200201270PHI,38.2,8.2,4th quarter,9:58.0,Allen Iverson,PHI,True,2-pointer,15,71-69,'LAL',leads
154,154,154,200201270PHI,31.3,8.8,4th quarter,8:52.0,Derrick Coleman,PHI,True,2-pointer,8,75-72,'LAL',leads
155,155,155,200201270PHI,24.1,12.0,4th quarter,7:34.0,Dikembe Mutombo,PHI,False,2-pointer,7,77-73,'LAL',leads
156,156,156,200201270PHI,20.7,21.9,4th quarter,7:00.0,Allen Iverson,PHI,True,2-pointer,17,79-75,'LAL',leads
157,157,157,200201270PHI,41.8,3.5,4th quarter,6:31.0,Allen Iverson,PHI,False,2-pointer,18,79-75,'LAL',leads
158,158,158,200201270PHI,38.2,15.4,4th quarter,5:14.0,Allen Iverson,PHI,False,2-pointer,18,81-75,'LAL',leads
159,159,159,200201270PHI,17.1,9.9,4th quarter,4:36.0,Derrick Coleman,PHI,False,2-pointer,8,81-77,'LAL',leads
160,160,160,200201270PHI,12.1,14.7,4th quarter,3:30.0,Eric Snow,PHI,False,2-pointer,15,81-79,'LAL',leads
161,161,161,200201270PHI,15.0,6.1,4th quarter,3:23.0,Dikembe Mutombo,PHI,True,2-pointer,9,83-79,'LAL',leads
162,162,162,200201270PHI,9.3,8.2,4th quarter,2:41.0,Derrick Coleman,PHI,False,2-pointer,15,83-79,'LAL',leads
163,163,163,200201270PHI,21.3,21.9,4th quarter,2:27.0,Allen Iverson,PHI,False,2-pointer,17,83-79,'LAL',leads
164,164,164,200201270PHI,39.5,5.4,4th quarter,1:48.0,Allen Iverson,PHI,True,2-pointer,16,85-79,'LAL',leads
165,165,165,200201270PHI,36.7,8.2,4th quarter,1:26.0,Eric Snow,PHI,False,2-pointer,13,85-80,'LAL',leads
166,166,166,200201270PHI,35.5,12.0,4th quarter,0:15.1,Dikembe Mutombo,PHI,True,2-pointer,13,89-84,'LAL',leads
167,167,167,200201270TOR,9.3,10.5,1st quarter,11:20.0,Horace Grant,ORL,True,2-pointer,16,2-2,'TOR',tied
168,168,168,200201270TOR,43.9,5.4,1st quarter,10:39.0,Pat Garrity,ORL,False,2-pointer,20,2-4,'TOR',trails
169,169,169,200201270TOR,23.0,20.6,1st quarter,10:16.0,Mike Miller,ORL,True,2-pointer,16,4-6,'TOR',trails
170,170,170,200201270TOR,4.3,10.9,1st quarter,9:48.0,Tracy McGrady,ORL,True,2-pointer,21,6-9,'TOR',trails
171,171,171,200201270TOR,10.8,16.6,1st quarter,9:20.0,Tracy McGrady,ORL,False,2-pointer,18,6-11,'TOR',trails
172,172,172,200201270TOR,24.0,5.0,1st quarter,8:43.0,Mike Miller,ORL,False,2-pointer,0,6-13,'TOR',trails
173,173,173,200201270TOR,10.2,25.0,1st quarter,8:20.0,Tracy McGrady,ORL,False,3-pointer,24,6-13,'TOR',trails
174,174,174,200201270TOR,7.2,5.9,1st quarter,7:08.0,Horace Grant,ORL,True,2-pointer,17,8-17,'TOR',trails
175,175,175,200201270TOR,7.2,5.0,1st quarter,6:37.0,Tracy McGrady,ORL,False,2-pointer,17,8-19,'TOR',trails
176,176,176,200201270TOR,43.9,18.7,1st quarter,6:08.0,Mike Miller,ORL,False,3-pointer,24,8-19,'TOR',trails
177,177,177,200201270TOR,36.7,5.0,1st quarter,4:59.0,Horace Grant,ORL,False,2-pointer,13,8-23,'TOR',trails
178,178,178,200201270TOR,24.0,5.0,1st quarter,3:57.0,Darrell Armstrong,ORL,False,2-pointer,0,8-25,'TOR',trails
179,179,179,200201270TOR,24.0,5.0,1st quarter,3:51.0,Don Reid,ORL,True,2-pointer,0,10-25,'TOR',trails
180,180,180,200201270TOR,10.2,19.4,1st quarter,2:50.0,Horace Grant,ORL,True,2-pointer,20,12-25,'TOR',trails
181,181,181,200201270TOR,26.4,10.5,1st quarter,2:11.0,Monty Williams,ORL,False,2-pointer,6,12-27,'TOR',trails
182,182,182,200201270TOR,30.2,7.6,1st quarter,1:41.0,Monty Williams,ORL,False,2-pointer,7,12-30,'TOR',trails
183,183,183,200201270TOR,24.0,5.0,1st quarter,1:39.0,Don Reid,ORL,True,2-pointer,0,14-30,'TOR',trails
184,184,184,200201270TOR,24.0,5.0,1st quarter,0:58.1,Monty Williams,ORL,False,2-pointer,0,14-32,'TOR',trails
185,185,185,200201270TOR,24.0,5.0,1st quarter,0:44.2,Troy Hudson,ORL,False,2-pointer,0,14-32,'TOR',trails
186,186,186,200201270TOR,24.0,5.0,1st quarter,0:43.0,Monty Williams,ORL,True,2-pointer,0,16-32,'TOR',trails
187,187,187,200201270TOR,23.9,10.9,1st quarter,0:09.5,Don Reid,ORL,False,2-pointer,6,16-34,'TOR',trails
188,188,188,200201270TOR,43.9,3.1,2nd quarter,10:27.0,Pat Garrity,ORL,False,2-pointer,20,18-36,'TOR',trails
189,189,189,200201270TOR,24.0,5.0,2nd quarter,9:33.0,Don Reid,ORL,True,2-pointer,0,20-38,'TOR',trails
190,190,190,200201270TOR,24.0,5.0,2nd quarter,8:51.0,Tracy McGrady,ORL,True,2-pointer,0,22-41,'TOR',trails
191,191,191,200201270TOR,31.0,20.1,2nd quarter,8:29.0,Troy Hudson,ORL,False,2-pointer,17,22-41,'TOR',trails
192,192,192,200201270TOR,40.9,3.1,2nd quarter,7:54.0,Horace Grant,ORL,False,2-pointer,17,22-41,'TOR',trails
193,193,193,200201270TOR,12.3,8.0,2nd quarter,7:11.0,Horace Grant,ORL,False,2-pointer,12,22-43,'TOR',trails
194,194,194,200201270TOR,20.3,8.0,2nd quarter,7:06.0,Darrell Armstrong,ORL,False,2-pointer,5,22-43,'TOR',trails
195,195,195,200201270TOR,47.5,5.0,2nd quarter,6:28.0,Darrell Armstrong,ORL,True,3-pointer,24,25-46,'TOR',trails
196,196,196,200201270TOR,23.0,12.6,2nd quarter,5:41.0,Tracy McGrady,ORL,False,2-pointer,8,27-46,'TOR',trails
197,197,197,200201270TOR,24.0,5.0,2nd quarter,4:40.0,Troy Hudson,ORL,True,2-pointer,0,32-48,'TOR',trails
198,198,198,200201270TOR,24.0,5.0,2nd quarter,3:53.0,Troy Hudson,ORL,True,2-pointer,0,34-51,'TOR',trails
199,199,199,200201270TOR,20.3,30.7,2nd quarter,3:22.0,Tracy McGrady,ORL,True,3-pointer,26,37-51,'TOR',trails
200,200,200,200201270TOR,23.9,22.1,2nd quarter,2:43.0,Horace Grant,ORL,False,2-pointer,17,37-53,'TOR',trails
201,201,201,200201270TOR,24.0,5.0,2nd quarter,2:13.0,Tracy McGrady,ORL,True,2-pointer,0,40-55,'TOR',trails
202,202,202,200201270TOR,40.9,23.8,2nd quarter,0:59.2,Tracy McGrady,ORL,False,3-pointer,25,42-55,'TOR',trails
203,203,203,200201270TOR,24.0,5.0,2nd quarter,0:57.1,Horace Grant,ORL,True,2-pointer,0,44-55,'TOR',trails
204,204,204,200201270TOR,24.0,5.0,2nd quarter,0:28.1,Tracy McGrady,ORL,True,2-pointer,0,46-57,'TOR',trails
205,205,205,200201270TOR,5.1,5.0,3rd quarter,11:20.0,Tracy McGrady,ORL,False,2-pointer,19,46-61,'TOR',trails
206,206,206,200201270TOR,46.8,5.0,3rd quarter,10:22.0,Pat Garrity,ORL,False,3-pointer,23,48-63,'TOR',trails
207,207,207,200201270TOR,5.1,22.1,3rd quarter,10:06.0,Pat Garrity,ORL,True,3-pointer,25,51-63,'TOR',trails
208,208,208,200201270TOR,15.2,20.6,3rd quarter,9:23.0,Darrell Armstrong,ORL,False,2-pointer,18,51-65,'TOR',trails
209,209,209,200201270TOR,12.3,22.7,3rd quarter,8:49.0,Pat Garrity,ORL,False,2-pointer,21,51-65,'TOR',trails
210,210,210,200201270TOR,41.8,22.1,3rd quarter,8:23.0,Tracy McGrady,ORL,True,3-pointer,25,54-65,'TOR',trails
211,211,211,200201270TOR,31.0,19.4,3rd quarter,7:26.0,Tracy McGrady,ORL,False,2-pointer,16,54-67,'TOR',trails
212,212,212,200201270TOR,38.8,10.5,3rd quarter,6:48.0,Horace Grant,ORL,True,2-pointer,16,56-69,'TOR',trails
213,213,213,200201270TOR,5.1,5.9,3rd quarter,5:48.0,Mike Miller,ORL,False,2-pointer,19,56-69,'TOR',trails
214,214,214,200201270TOR,7.8,24.4,3rd quarter,5:24.0,Mike Miller,ORL,False,3-pointer,25,56-69,'TOR',trails
215,215,215,200201270TOR,24.0,5.0,3rd quarter,4:58.0,Tracy McGrady,ORL,True,2-pointer,0,58-69,'TOR',trails
216,216,216,200201270TOR,5.7,6.9,3rd quarter,3:32.0,Pat Garrity,ORL,False,2-pointer,18,60-71,'TOR',trails
217,217,217,200201270TOR,24.0,5.0,3rd quarter,2:52.0,Darrell Armstrong,ORL,False,2-pointer,0,60-73,'TOR',trails
218,218,218,200201270TOR,18.8,22.1,3rd quarter,2:21.0,Horace Grant,ORL,True,2-pointer,18,63-75,'TOR',trails
219,219,219,200201270TOR,7.3,13.3,3rd quarter,1:09.0,Troy Hudson,ORL,False,2-pointer,19,65-77,'TOR',trails
220,220,220,200201270TOR,23.9,20.6,4th quarter,10:46.0,Tracy McGrady,ORL,True,2-pointer,16,69-83,'TOR',trails
221,221,221,200201270TOR,24.0,5.0,4th quarter,9:27.0,Darrell Armstrong,ORL,True,2-pointer,0,74-85,'TOR',trails
222,222,222,200201270TOR,24.0,5.0,4th quarter,8:48.0,Tracy McGrady,ORL,False,2-pointer,0,74-88,'TOR',trails
223,223,223,200201270TOR,0.7,3.1,4th quarter,8:01.0,Darrell Armstrong,ORL,False,3-pointer,23,74-90,'TOR',trails
224,224,224,200201270TOR,24.0,5.0,4th quarter,7:45.0,Darrell Armstrong,ORL,True,2-pointer,0,76-90,'TOR',trails
225,225,225,200201270TOR,14.6,21.0,4th quarter,7:16.0,Horace Grant,ORL,False,2-pointer,19,77-90,'TOR',trails
226,226,226,200201270TOR,20.3,29.5,4th quarter,6:41.0,Troy Hudson,ORL,True,3-pointer,25,80-92,'TOR',trails
227,227,227,200201270TOR,21.7,29.5,4th quarter,5:51.0,Troy Hudson,ORL,False,3-pointer,25,80-94,'TOR',trails
228,228,228,200201270TOR,13.1,27.8,4th quarter,5:46.0,Tracy McGrady,ORL,False,3-pointer,25,80-94,'TOR',trails
229,229,229,200201270TOR,1.5,14.9,4th quarter,5:04.0,Troy Hudson,ORL,False,3-pointer,25,80-96,'TOR',trails
230,230,230,200201270TOR,37.4,8.6,4th quarter,3:47.0,Darrell Armstrong,ORL,True,2-pointer,14,83-98,'TOR',trails
231,231,231,200201270TOR,24.0,5.0,4th quarter,3:31.0,Darrell Armstrong,ORL,True,2-pointer,0,85-98,'TOR',trails
232,232,232,200201270TOR,46.8,4.4,4th quarter,2:46.0,Darrell Armstrong,ORL,True,3-pointer,23,88-98,'TOR',trails
233,233,233,200201270TOR,15.2,25.0,4th quarter,2:07.0,Pat Garrity,ORL,False,2-pointer,22,88-100,'TOR',trails
234,234,234,200201270TOR,24.0,5.0,4th quarter,2:05.0,Horace Grant,ORL,True,2-pointer,0,90-100,'TOR',trails
235,235,235,200201270TOR,0.7,5.0,4th quarter,1:35.0,Darrell Armstrong,ORL,False,3-pointer,23,91-102,'TOR',trails
236,236,236,200201270TOR,2.1,16.6,4th quarter,1:14.0,Tracy McGrady,ORL,False,3-pointer,25,91-102,'TOR',trails
237,237,237,200201270TOR,4.3,18.7,4th quarter,0:49.0,Mike Miller,ORL,True,3-pointer,24,94-104,'TOR',trails
238,238,238,200201270TOR,42.4,21.0,4th quarter,0:18.6,Mike Miller,ORL,True,3-pointer,24,97-106,'TOR',trails
239,239,239,200201270TOR,38.8,6.9,1st quarter,11:43.0,Hakeem Olajuwon,TOR,False,2-pointer,15,0-0,'TOR',tied
240,240,240,200201270TOR,38.8,4.4,1st quarter,11:39.0,Vince Carter,TOR,True,2-pointer,15,2-0,'TOR',leads
241,241,241,200201270TOR,24.0,5.0,1st quarter,10:58.0,Jerome Williams,TOR,True,2-pointer,0,4-2,'TOR',leads
242,242,242,200201270TOR,24.0,5.0,1st quarter,10:29.0,Vince Carter,TOR,True,2-pointer,0,6-2,'TOR',leads
243,243,243,200201270TOR,23.9,29.5,1st quarter,10:04.0,Alvin Williams,TOR,True,3-pointer,25,9-4,'TOR',leads
244,244,244,200201270TOR,24.0,5.0,1st quarter,9:36.0,Hakeem Olajuwon,TOR,True,2-pointer,0,11-6,'TOR',leads
245,245,245,200201270TOR,6.4,12.0,1st quarter,9:02.0,Vince Carter,TOR,True,2-pointer,19,13-6,'TOR',leads
246,246,246,200201270TOR,24.0,5.0,1st quarter,8:03.0,Antonio Davis,TOR,False,2-pointer,0,13-6,'TOR',leads
247,247,247,200201270TOR,24.0,5.0,1st quarter,8:00.0,Hakeem Olajuwon,TOR,True,2-pointer,0,15-6,'TOR',leads
248,248,248,200201270TOR,38.8,15.6,1st quarter,7:26.0,Vince Carter,TOR,True,2-pointer,18,17-6,'TOR',leads
249,249,249,200201270TOR,40.3,12.6,1st quarter,6:51.0,Hakeem Olajuwon,TOR,True,2-pointer,18,19-8,'TOR',leads
250,250,250,200201270TOR,5.7,5.4,1st quarter,5:53.0,Vince Carter,TOR,True,2-pointer,18,21-8,'TOR',leads
251,251,251,200201270TOR,11.6,9.2,1st quarter,5:27.0,Vince Carter,TOR,True,2-pointer,13,23-8,'TOR',leads
252,252,252,200201270TOR,24.0,5.0,1st quarter,4:54.0,Jerome Williams,TOR,True,2-pointer,0,25-8,'TOR',leads
253,253,253,200201270TOR,10.8,14.9,1st quarter,4:07.0,Antonio Davis,TOR,False,2-pointer,17,25-8,'TOR',leads
254,254,254,200201270TOR,24.0,5.0,1st quarter,3:36.0,Vince Carter,TOR,False,2-pointer,0,25-10,'TOR',leads
255,255,255,200201270TOR,7.2,8.0,1st quarter,3:28.0,Vince Carter,TOR,False,2-pointer,17,25-10,'TOR',leads
256,256,256,200201270TOR,7.8,5.4,1st quarter,1:54.0,Keon Clark,TOR,True,2-pointer,16,30-12,'TOR',leads
257,257,257,200201270TOR,24.0,5.0,1st quarter,1:14.0,Keon Clark,TOR,True,2-pointer,0,32-14,'TOR',leads
258,258,258,200201270TOR,24.0,5.0,1st quarter,0:51.7,Jerome Williams,TOR,False,2-pointer,0,32-14,'TOR',leads
259,259,259,200201270TOR,15.2,9.9,1st quarter,0:24.6,Antonio Davis,TOR,True,2-pointer,10,34-16,'TOR',leads
260,260,260,200201270TOR,4.3,20.0,1st quarter,0:00.1,Keon Clark,TOR,False,3-pointer,25,34-16,'TOR',leads
261,261,261,200201270TOR,13.7,4.4,2nd quarter,11:15.0,Hakeem Olajuwon,TOR,False,2-pointer,10,34-17,'TOR',leads
262,262,262,200201270TOR,32.5,18.7,2nd quarter,10:46.0,Keon Clark,TOR,True,2-pointer,16,36-18,'TOR',leads
263,263,263,200201270TOR,11.6,20.6,2nd quarter,10:18.0,Dell Curry,TOR,True,2-pointer,20,38-18,'TOR',leads
264,264,264,200201270TOR,24.0,5.0,2nd quarter,9:47.0,Hakeem Olajuwon,TOR,False,2-pointer,0,38-18,'TOR',leads
265,265,265,200201270TOR,1.5,5.0,2nd quarter,9:12.0,Dell Curry,TOR,True,3-pointer,23,41-20,'TOR',leads
266,266,266,200201270TOR,24.0,5.0,2nd quarter,8:08.0,Jerome Williams,TOR,False,2-pointer,0,41-22,'TOR',leads
267,267,267,200201270TOR,31.7,5.4,2nd quarter,8:05.0,Jerome Williams,TOR,False,2-pointer,8,41-22,'TOR',leads
268,268,268,200201270TOR,13.1,7.6,2nd quarter,7:37.0,Hakeem Olajuwon,TOR,True,2-pointer,11,43-22,'TOR',leads
269,269,269,200201270TOR,24.0,5.0,2nd quarter,7:02.0,Chris Childs,TOR,True,2-pointer,0,45-22,'TOR',leads
270,270,270,200201270TOR,34.6,7.6,2nd quarter,6:36.0,Keon Clark,TOR,False,2-pointer,11,46-22,'TOR',leads
271,271,271,200201270TOR,33.8,4.4,2nd quarter,5:26.0,Keon Clark,TOR,False,2-pointer,10,46-27,'TOR',leads
272,272,272,200201270TOR,34.6,19.4,2nd quarter,4:53.0,Chris Childs,TOR,True,2-pointer,18,48-30,'TOR',leads
273,273,273,200201270TOR,39.7,17.7,2nd quarter,4:24.0,Alvin Williams,TOR,False,2-pointer,20,48-32,'TOR',leads
274,274,274,200201270TOR,1.5,15.6,2nd quarter,4:10.0,Vince Carter,TOR,True,3-pointer,25,51-32,'TOR',leads
275,275,275,200201270TOR,40.9,6.9,2nd quarter,3:30.0,Vince Carter,TOR,False,2-pointer,17,51-34,'TOR',leads
276,276,276,200201270TOR,38.8,5.4,2nd quarter,2:57.0,Alvin Williams,TOR,True,2-pointer,15,53-37,'TOR',leads
277,277,277,200201270TOR,25.1,10.5,2nd quarter,1:47.0,Jerome Williams,TOR,False,2-pointer,6,55-40,'TOR',leads
278,278,278,200201270TOR,8.7,9.2,2nd quarter,1:09.0,Antonio Davis,TOR,False,2-pointer,16,55-42,'TOR',leads
279,279,279,200201270TOR,40.3,13.7,2nd quarter,0:42.9,Alvin Williams,TOR,False,2-pointer,18,55-44,'TOR',leads
280,280,280,200201270TOR,24.0,5.0,2nd quarter,0:41.2,Dell Curry,TOR,True,2-pointer,0,57-44,'TOR',leads
281,281,281,200201270TOR,12.3,6.9,2nd quarter,0:08.1,Vince Carter,TOR,True,2-pointer,12,59-46,'TOR',leads
282,282,282,200201270TOR,24.0,5.0,2nd quarter,0:00.2,Alvin Williams,TOR,True,2-pointer,0,61-46,'TOR',leads
283,283,283,200201270TOR,12.3,26.7,3rd quarter,11:30.0,Vince Carter,TOR,False,3-pointer,25,61-46,'TOR',leads
284,284,284,200201270TOR,25.8,10.9,3rd quarter,10:50.0,Keon Clark,TOR,True,2-pointer,6,63-48,'TOR',leads
285,285,285,200201270TOR,25.8,10.5,3rd quarter,9:44.0,Antonio Davis,TOR,True,2-pointer,6,65-51,'TOR',leads
286,286,286,200201270TOR,21.7,12.6,3rd quarter,9:02.0,Vince Carter,TOR,False,2-pointer,8,65-51,'TOR',leads
287,287,287,200201270TOR,39.7,5.0,3rd quarter,8:39.0,Keon Clark,TOR,False,2-pointer,16,65-51,'TOR',leads
288,288,288,200201270TOR,28.7,5.4,3rd quarter,7:54.0,Vince Carter,TOR,False,2-pointer,5,65-54,'TOR',leads
289,289,289,200201270TOR,24.3,21.7,3rd quarter,7:11.0,Alvin Williams,TOR,True,2-pointer,17,69-54,'TOR',leads
290,290,290,200201270TOR,43.9,5.9,3rd quarter,6:22.0,Alvin Williams,TOR,False,2-pointer,20,69-56,'TOR',leads
291,291,291,200201270TOR,16.7,16.6,3rd quarter,5:31.0,Vince Carter,TOR,False,2-pointer,14,69-56,'TOR',leads
292,292,292,200201270TOR,25.8,10.5,3rd quarter,5:05.0,Jerome Williams,TOR,False,2-pointer,6,69-56,'TOR',leads
293,293,293,200201270TOR,24.0,5.0,3rd quarter,4:34.0,Jerome Williams,TOR,False,2-pointer,0,69-58,'TOR',leads
294,294,294,200201270TOR,24.0,5.0,3rd quarter,3:51.0,Vince Carter,TOR,False,2-pointer,0,69-60,'TOR',leads
295,295,295,200201270TOR,24.0,5.0,3rd quarter,3:48.0,Vince Carter,TOR,True,2-pointer,0,71-60,'TOR',leads
296,296,296,200201270TOR,24.0,5.0,3rd quarter,3:20.0,Keon Clark,TOR,False,2-pointer,0,71-60,'TOR',leads
297,297,297,200201270TOR,24.0,5.0,3rd quarter,3:15.0,Antonio Davis,TOR,True,2-pointer,0,73-60,'TOR',leads
298,298,298,200201270TOR,24.0,5.0,3rd quarter,2:40.0,Jerome Williams,TOR,True,2-pointer,0,75-60,'TOR',leads
299,299,299,200201270TOR,24.0,5.0,3rd quarter,1:57.0,Keon Clark,TOR,True,2-pointer,0,77-63,'TOR',leads
300,300,300,200201270TOR,32.5,21.0,4th quarter,11:47.0,Dell Curry,TOR,False,2-pointer,18,81-67,'TOR',leads
301,301,301,200201270TOR,38.8,6.5,4th quarter,11:17.0,Antonio Davis,TOR,False,2-pointer,15,81-67,'TOR',leads
302,302,302,200201270TOR,24.0,5.0,4th quarter,11:05.0,Chris Childs,TOR,True,2-pointer,0,83-67,'TOR',leads
303,303,303,200201270TOR,9.3,5.9,4th quarter,10:04.0,Vince Carter,TOR,False,2-pointer,15,83-69,'TOR',leads
304,304,304,200201270TOR,24.0,5.0,4th quarter,9:59.0,Keon Clark,TOR,True,2-pointer,0,85-69,'TOR',leads
305,305,305,200201270TOR,25.8,20.0,4th quarter,9:32.0,Chris Childs,TOR,False,2-pointer,15,85-72,'TOR',leads
306,306,306,200201270TOR,4.3,20.0,4th quarter,9:07.0,Vince Carter,TOR,True,3-pointer,25,88-74,'TOR',leads
307,307,307,200201270TOR,48.3,3.1,4th quarter,8:26.0,Dell Curry,TOR,False,3-pointer,24,88-74,'TOR',leads
308,308,308,200201270TOR,37.8,4.1,4th quarter,8:21.0,Dell Curry,TOR,False,2-pointer,14,88-74,'TOR',leads
309,309,309,200201270TOR,24.0,5.0,4th quarter,8:16.0,Vince Carter,TOR,True,2-pointer,0,90-74,'TOR',leads
310,310,310,200201270TOR,29.6,9.2,4th quarter,7:28.0,Antonio Davis,TOR,False,2-pointer,7,90-77,'TOR',leads
311,311,311,200201270TOR,24.0,5.0,4th quarter,7:04.0,Antonio Davis,TOR,True,2-pointer,0,92-77,'TOR',leads
312,312,312,200201270TOR,24.0,5.0,4th quarter,6:21.0,Vince Carter,TOR,False,2-pointer,0,92-80,'TOR',leads
313,313,313,200201270TOR,14.6,11.6,4th quarter,6:12.0,Keon Clark,TOR,True,2-pointer,11,94-80,'TOR',leads
314,314,314,200201270TOR,24.0,5.0,4th quarter,5:29.0,Antonio Davis,TOR,True,2-pointer,0,96-80,'TOR',leads
315,315,315,200201270TOR,35.3,17.0,4th quarter,4:47.0,Dell Curry,TOR,False,2-pointer,16,96-80,'TOR',leads
316,316,316,200201270TOR,8.7,6.5,4th quarter,4:07.0,Vince Carter,TOR,True,2-pointer,15,98-81,'TOR',leads
317,317,317,200201270TOR,14.6,14.9,4th quarter,3:08.0,Dell Curry,TOR,False,2-pointer,14,98-85,'TOR',leads
318,318,318,200201270TOR,24.0,5.0,4th quarter,2:21.0,Keon Clark,TOR,True,2-pointer,0,100-88,'TOR',leads
319,319,319,200201270TOR,24.3,9.9,4th quarter,1:46.0,Vince Carter,TOR,True,2-pointer,5,102-91,'TOR',leads
320,320,320,200201270TOR,38.8,8.0,4th quarter,1:20.0,Keon Clark,TOR,False,2-pointer,15,102-91,'TOR',leads
321,321,321,200201270TOR,24.0,5.0,4th quarter,0:59.1,Keon Clark,TOR,True,2-pointer,0,104-91,'TOR',leads
322,322,322,200201270TOR,44.5,3.1,4th quarter,0:24.4,Keon Clark,TOR,True,2-pointer,21,106-94,'TOR',leads
